institute_id,institute_name,address,district,institution_type,women_only,minority,parent_id,method,year,program,level,institutiontype,Women,Minority,state,course
1-8924443701,HINDUSTASN COLLEGE OF SCIENCE & TECHNOLOGY,"NH#2, AGRA DELHI HIGHWAY,  
FARAH, MATHURA",MATHURA,Private-Self Financing,N,N,1-9291946,fetchdata,2020-2021,Engineering and Technology,1,1,1,1,Uttar Pradesh,1
1-7492795101,"GOVERNMENT POLYTECHNIC, PURANPUR (PILIBHIT)","GOVERNMENT POLYTECHNIC,VILL-TANDA GULABRAI, MADHOTANDA ROAD, PURANPUR DISTT-PILIBHIT (U.P.)",PILIBHIT,Government,N,N,1-2848956891,fetchdata,2020-2021,Engineering and Technology,1,1,1,1,Uttar Pradesh,1
1-7494419863,JYOTIRADITAYA INSTITUTE OF TECHNOLOGY MANAGEMENT AND RESEARCH,"VILLEGE DHARAULI MADHUPUR
KOHANDAUR TEHSIL PATTI DISTRICT PRATAPGARH UP PIN 230401",PRATAPGARH,Private-Self Financing,N,N,1-4290323357,fetchdata,2020-2021,Engineering and Technology,1,1,1,1,Uttar Pradesh,1
1-7013354766,ITM COLLEGE OF POLYTECHNIC,"VILL-JUNGAL DUDHAI URF CHEHRI TAPPA KATHRA, POST- CHEHRI, TEHSIL- PHARENDA",MAHARAJGANJ,Private-Self Financing,N,N,1-2883509771,fetchdata,2020-2021,Engineering and Technology,1,1,1,1,Uttar Pradesh,1
1-7013356061,MAHAMAYA IT POLYTECHNIC MAHARAJGANJ,DHANEVA DHANEYEE MAHARAJGANJ,MAHARAJGANJ,Government,N,N,1-2879995474,fetchdata,2020-2021,Engineering and Technology,1,1,1,1,Uttar Pradesh,1
1-7013376183,LDC INSTITUTE OF TECNICAL STUDIES,"ALLAHABAD PRATAPGARH ROAD 
VILL: ABDALPUR
TEH: SORAON",ALLAHABAD,Private-Self Financing,N,N,1-3810251,fetchdata,2020-2021,Engineering and Technology,1,1,1,1,Uttar Pradesh,1
1-7013378237,JAWAHAR LAL NEHRU POLYTECHNIC,LAKHPERABAG,SITAPUR,Govt aided,N,N,1-492934391,fetchdata,2020-2021,Engineering and Technology,1,1,1,1,Uttar Pradesh,1
1-7013407250,GOVERNMENT POLYTECHNIC HAMIRPUR,"SUMERPUR,HAMIRPUR",HAMIRPUR,Government,N,N,1-498871051,fetchdata,2020-2021,Engineering and Technology,1,1,1,1,Uttar Pradesh,1
1-7013407481,"GOVERNMENT POLYTECHNIC, MANKEDA, AGRA","MANKEDA
AGRA",AGRA,Government,N,N,1-1603766537,fetchdata,2020-2021,Engineering and Technology,1,1,1,1,Uttar Pradesh,1
1-7013408665,DEV TECHNICAL CAMPUS,"AGRA-FIROZABAD NATIONAL HIGHWAY NO.-2, NEAR KUBERPUR, REHANKHURD, AGRA",AGRA,Private-Self Financing,N,N,1-478643081,fetchdata,2020-2021,Engineering and Technology,1,1,1,1,Uttar Pradesh,1
1-7013434984,GOVERNMENT POLYTECHNIC ETAWAH,AGRA BY PASS ROAD NH-2 ETAWAH,ETAWAH,Government,N,N,1-500940531,fetchdata,2020-2021,Engineering and Technology,1,1,1,1,Uttar Pradesh,1
1-7013435421,VINDHYA POLYTECHNIC COLLEGE OF ENGINEERING & TECHNOLOGY,"VILL- DEVARI KALA, POST- MARIHAN, DIST- MIRZAPUR, STATE- UTTER PRADESH, PIN CO- 231310",MIRZAPUR,Private-Self Financing,N,N,1-2495503371,fetchdata,2020-2021,Engineering and Technology,1,1,1,1,Uttar Pradesh,1
1-7013458523,GOVERNMENT POLYTECHNIC JEGIRSAND,"GOVERNMENT POLYTECHNIC JEGIRSAND, SIKANDERPUR,BALLIA",BALLIA,Government,N,N,1-2101200721,fetchdata,2020-2021,Engineering and Technology,1,1,1,1,Uttar Pradesh,1
1-7013459822,"M. M. I. T., AURAIYA","SEHUD, AURAIYA",AURAIYA,Government,N,N,1-2855559131,fetchdata,2020-2021,Engineering and Technology,1,1,1,1,Uttar Pradesh,1
1-7013520936,"MAHALWAR INSTITUTE OF TECHNOLOGY,","VILL. JAKHAIRA, STATION ROAD, ATRAULI",ALIGARH,Private-Self Financing,N,N,1-500888221,fetchdata,2020-2021,Engineering and Technology,1,1,1,1,Uttar Pradesh,1
1-7013551490,MAHAMAYA IT POLYTECHNIC KANNAUJ,"MMIT ANAUGI, KANNAUJ",KANNAUJ,Government,N,N,1-2848003131,fetchdata,2020-2021,Engineering and Technology,1,1,1,1,Uttar Pradesh,1
1-7013551592,GOVERNMENT POLYTECHNIC KIRTHAL CHAPRAULI BAGPHAT,"GOVERNMENT POLYTECHNIC,KIRTHAL,CHAPRAULI,TEHSIL- BARAUT, DISTRICT-BAGHPAT UP 250617",BAGPAT,Government,N,N,1-2842045301,fetchdata,2020-2021,Engineering and Technology,1,1,1,1,Uttar Pradesh,1
1-7013609119,SHRI RAM POLYTECHNIC,"4TH KM. MILE STONE, ROORKEE ROAD, MUZAFFARNAGAR-251001 (U.P.)",MUZAFFARNAGAR,Private-Self Financing,N,N,1-514002281,fetchdata,2020-2021,Engineering and Technology,1,1,1,1,Uttar Pradesh,1
1-7013356491,GOVERNMENT POLYTECHNIC DEEH,"DEEH, SADAR UNNAO",UNNAO,Government,N,N,1-2100812461,fetchdata,2020-2021,Engineering and Technology,1,1,1,1,Uttar Pradesh,1
1-7013356619,SAI MEER COLLEGE OF POLYTECHNIC,"FARRUKHABAD ROAD, CHHIBRAMAU, DISTT.- KANNAUJ (U.P.)",KANNAUJ,Private-Self Financing,N,N,1-2495846061,fetchdata,2020-2021,Engineering and Technology,1,1,1,1,Uttar Pradesh,1
1-7013435642,RADHA GOVIND POLYTECHNIC COLLEGE,"7TH KM. MORADABAD ROAD, NEAR AKROLI CHORAHA, CHANDAUSI, DISTT. MORADABAD (UP)",MORADABAD,Private-Self Financing,N,N,1-433679961,fetchdata,2020-2021,Engineering and Technology,1,1,1,1,Uttar Pradesh,1
1-7013436033,DEV BHOOMI INSTITUTE OF POLYTECHNIC,"VILL. JAMAPUR BERI,NEAR BALIA KHERI RAILWAY STATION,DABKI ROAD,",SAHARANPUR,Private-Self Financing,N,N,1-452087811,fetchdata,2020-2021,Engineering and Technology,1,1,1,1,Uttar Pradesh,1
1-7013436450,GOVERNMENT POLYTECHNIC PUWAYAN,NEAR GANNA KISAAN DEGREE COLLEGE JEWA ROAD,SHAHJAHANPUR,Government,N,N,1-2102055171,fetchdata,2020-2021,Engineering and Technology,1,1,1,1,Uttar Pradesh,1
1-7013459946,GOVERNMENT POLYTECHNIC HINDALPUR,"GOVERNMENT POLYTECHNIC, HINDALPUR, DHOLANA, (HAPUR)",GHAZIABAD,Government,N,N,1-3375683031,fetchdata,2020-2021,Engineering and Technology,1,1,1,1,Uttar Pradesh,1
1-7013460073,IIMT COLLEGE OF ENGINEERING,"PLOT NO A-20, KP-III, GREATER NOIDA",GAUTAM BUDDHA NAGAR,Private-Self Financing,N,N,1-7435011,fetchdata,2020-2021,Engineering and Technology,1,1,1,1,Uttar Pradesh,1
1-7013491410,VEER KUNWAR INSTITUTE OF TECHNOLOGY BIJNOR,V.K. PURAM NAGINA ROAD BIJNOR (U.P.) 246701,BIJNOR,Private-Self Financing,N,N,1-6161461,fetchdata,2020-2021,Engineering and Technology,1,1,1,1,Uttar Pradesh,1
1-7013523298,INSTITUTE OF TECHNOLOGY & MANAGEMENT,"12TH KM  STONE , MEERUT-BAGHPAT ROAD ,PANCHLI KHURD",MEERUT,Private-Self Financing,N,N,1-5320601,fetchdata,2020-2021,Engineering and Technology,1,1,1,1,Uttar Pradesh,1
1-7013611440,PANCHWATI INSTITUTE OF POLYTECHNIC,"NH-58, GHAT INSTITUTIONAL AREA, DELHI-HARIDWAR BY-PASS ROAD, MEERUT",MEERUT,Private-Self Financing,N,N,1-447854701,fetchdata,2020-2021,Engineering and Technology,1,1,1,1,Uttar Pradesh,1
1-7013611776,BABA SAHEB AMBEDKAR POLYTECHNIC,VILL- NAGLA JHINGA POST- MAGORRA MATHURA,MATHURA,Private-Self Financing,N,N,1-2872710151,fetchdata,2020-2021,Engineering and Technology,1,1,1,1,Uttar Pradesh,1
1-7013379293,EMERALD-9 INSTITUTE OF MANAGEMENT AND TECHNOLOGY,"11TH KM STONE, LUCKNOW-DEVA ROAD",BARABANKI,Private-Self Financing,N,N,1-477119421,fetchdata,2020-2021,Engineering and Technology,1,1,1,1,Uttar Pradesh,1
1-7013409931,MAHAMAYA IT POLYTECHNIC KUSHINAGAR,KHESIA MANSA CHHAPAR PADRAUNA,KUSHINAGAR,Government,N,N,1-2879655341,fetchdata,2020-2021,Engineering and Technology,1,1,1,1,Uttar Pradesh,1
1-7013493737,SVS POLYTECHNIC,"HASTINAPUR ROAD,",MEERUT,Private-Self Financing,N,N,1-458571121,fetchdata,2020-2021,Engineering and Technology,1,1,1,1,Uttar Pradesh,1
1-7013524185,MAHAMAYA POLYTECHNIC OF INFORMATION  TECHNOLOGY,"KATHARA 
CHAIL 
KAUSHAMBI",KAUSHAMBI,Government,N,N,1-2869437751,fetchdata,2020-2021,Engineering and Technology,1,1,1,1,Uttar Pradesh,1
1-7013524286,"MAHAMAYA POLYTECHNIC OF INFORMATION TECHNOLOGY,  LENGADI GOOLAR, SRAVASTI","VILL  LENGADI GOOLAR 
POST VIJAYPUR SISAWAAN
TESHIL IKAUNA
DISTT SHRAVASTI
STATE UTTAR PRADESH
PIN 271835",SHRAVASTI,Government,N,N,1-2871779871,fetchdata,2020-2021,Engineering and Technology,1,1,1,1,Uttar Pradesh,1
1-7013613032,"GOVERNMENT POLYTECHNIC,KURSI ROAD,BARABANKI","KURSI ROAD
FATEHPUR
BARABANKI",BARABANKI,Government,N,N,1-1555647901,fetchdata,2020-2021,Engineering and Technology,1,1,1,1,Uttar Pradesh,1
1-7013614194,GOVT. POLYTECHNIC CHANGIPUR (CHANDPUR) BIJNOR,"VILL. CHANGIPUR
NOORPUR -MORADABAD ROAD, NEAR GOHAVAR, TEHSIL- CHANDPUR DIST. BIJNOR (UP)",BIJNOR,Government,N,N,1-1555320081,fetchdata,2020-2021,Engineering and Technology,1,1,1,1,Uttar Pradesh,1
1-7013615466,"GOVT GIRLS POLYTECHNIC, GORAKHPUR","ASURAN CHOWK, MEDICAL ROAD",GORAKHPUR,Government,Y,N,1-475533653,fetchdata,2020-2021,Engineering and Technology,1,1,1,1,Uttar Pradesh,1
1-7013358805,"INSTITUTE OF ENGINEERING & TECHNOLOGY,AGRA","KHANDARI CAMPUS 
AGRA",AGRA,State Government University,N,N,1-2880994101,fetchdata,2020-2021,Engineering and Technology,1,1,1,1,Uttar Pradesh,1
1-7013381430,SCHOOL OF MANAGEMENT SCIENCES,"KASIMPUR BIRUHA,
POST - KASIMPUR,
GOSAINGANJ, LUCKNOW SULTANPUR ROAD,
TEHSIL - MOHANLAL GANJ, LUCKNOW 227125",LUCKNOW,Private-Self Financing,N,N,1-6147591,fetchdata,2020-2021,Engineering and Technology,1,1,1,1,Uttar Pradesh,1
1-7013467382,"MMIT, KANPUR DEHAT","MATI,
AKBARPUR",RAMABAI NAGAR (KANPUR DEHAT),Government,N,N,1-2856836681,fetchdata,2020-2021,Engineering and Technology,1,1,1,1,Uttar Pradesh,1
1-7013494341,ITM POLYTECHNIC,"AL-1, SECTOR-7, GIDA, GORAKHPUR,",GORAKHPUR,Private-Self Financing,N,N,1-2846165611,fetchdata,2020-2021,Engineering and Technology,1,1,1,1,Uttar Pradesh,1
1-7013525734,UNIVERSITY POLYTECHNIC,"ZAKAULLAH ROAD 
ALIGARH MUSLIM UNIVERSITY
ALIGARH",ALIGARH,Central University,N,N,1-2860691731,fetchdata,2020-2021,Engineering and Technology,1,1,1,1,Uttar Pradesh,1
1-7013526216,"MAHAMAYA GOVERNMENT POLYTECHNIC OF INFORMATION TECHNOLOGY,  GORAKHPUR","HARIHARPUR,
TAHSEEL- KHAJANI,
DISTT.- GORAKHPUR
U.P.",GORAKHPUR,Government,N,N,1-492711691,fetchdata,2020-2021,Engineering and Technology,1,1,1,1,Uttar Pradesh,1
1-7013616991,GOVERNMENT POLYTECHNIC SENDURIA  SONEBHADRA (CENTRAL GOVERNMENT),SENDURIA CHOPAN SONEBHADRA,SONBHADRA,Government,N,N,1-2880028531,fetchdata,2020-2021,Engineering and Technology,1,1,1,1,Uttar Pradesh,1
1-7013617241,RAJKIYA ENGINEERING COLLEGE,"JALILPUR BLOCK ROAD NEAR IDGAH
CHANDPUR BIJNOR",BIJNOR,Govt aided,N,N,1-2878935254,fetchdata,2020-2021,Engineering and Technology,1,1,1,1,Uttar Pradesh,1
1-7013359452,"GOVERNMENT POLYTECHNIC, CHARIYAON BUJURG,DEORIA","CHARIYAON BUJURG,GAURIBAZAR,DEORIA-274202 (U.P.)",DEORIA,Government,N,N,1-2862853561,fetchdata,2020-2021,Engineering and Technology,1,1,1,1,Uttar Pradesh,1
1-7013383485,B.N. COLLEGE OF ENGINEERING & TECHNOLOGY(BNCET),"N.H. - 24
SITAPUR ROAD, BAKSHI KA TALAAB
LUCKNOW
226021",LUCKNOW,Private-Self Financing,N,N,1-6174053,fetchdata,2020-2021,Engineering and Technology,1,1,1,1,Uttar Pradesh,1
1-7013413550,GOVERNMENT POLYTECHNIC MIRZAPUR,"REEWA ROAD
BATHUA
MIRZAPUR",MIRZAPUR,Government,N,N,1-495532861,fetchdata,2020-2021,Engineering and Technology,1,1,1,1,Uttar Pradesh,1
1-7013440641,SANT RAVIDAS GOVT POLYTECHNIC CHAKIYA CHANDAULI,RAMPUR DHUNNOO KERAM GARAUR,CHANDAULI,Government,N,N,1-3373244321,fetchdata,2020-2021,Engineering and Technology,1,1,1,1,Uttar Pradesh,1
1-7013440734,"GOVERNMENT GIRLS POLYTECHNIC, RISIA, NANPARA, BAHRAICH","GOVERNMENT GIRLS POLYTECHNIC, RISIA, NANPARA, BAHRAICH",BAHRAICH,Government,Y,N,1-3382118561,fetchdata,2020-2021,Engineering and Technology,1,1,1,1,Uttar Pradesh,1
1-7013496202,MAHA MANAV GAUTAM BUDDHA POLYTECHNIC," BANKATI KHURD, AHIRAULI",GORAKHPUR,Private-Self Financing,N,N,1-492831601,fetchdata,2020-2021,Engineering and Technology,1,1,1,1,Uttar Pradesh,1
1-7013526447,GOVERNMENT POLYTECHNIC DEBAI BULANDSHAHR,DORAYA CHORAYA BEHIND DEBAI TEHSIL DEBAI,BULANDSHAHAR,Government,N,N,1-2852110421,fetchdata,2020-2021,Engineering and Technology,1,1,1,1,Uttar Pradesh,1
1-7013526550,"GOVERNMENT POLYTECHNIC , MAINPURI",AGRA ROAD MAINPURI,MAINPURI,Government,N,N,1-518660891,fetchdata,2020-2021,Engineering and Technology,1,1,1,1,Uttar Pradesh,1
1-7013621778,KIPM-COLLEGE OF ENGINEERING & TECHNOLOGY,"PLOT NO. BL-1 & 2, 
SECTOR-9, GIDA",GORAKHPUR,Private-Self Financing,N,N,1-782665331,fetchdata,2020-2021,Engineering and Technology,1,1,1,1,Uttar Pradesh,1
1-7013361082,KUNAL PROFESSIONAL EDUCATION ACADEMY,"TEHRA,GWALIOR ROAD,TEHSIL KHERAGARH AGRA",AGRA,Private-Self Financing,N,N,1-496788751,fetchdata,2020-2021,Engineering and Technology,1,1,1,1,Uttar Pradesh,1
1-7013386247,"COLLEGE OF ENGINEERING & TECHNOLOGY, IILM ACADEMY OF HIGHER LEARNING","PLOT NO. 17-18, KNOWLEDGE PARK-II
GREATER NOIDA-201306",GAUTAM BUDDHA NAGAR,Private-Self Financing,N,N,1-6545116,fetchdata,2020-2021,Engineering and Technology,1,1,1,1,Uttar Pradesh,1
1-7013414432," GOVERNMENT POLYTECHNIC SHAHBAD, RAMPUR","NEAR DEPTY COLLECTOR BUNGLOW, SHAHBAD, RAMPUR, DISTRICT-RAMPUR, U.P.",RAMPUR,Government,N,N,1-1576339441,fetchdata,2020-2021,Engineering and Technology,1,1,1,1,Uttar Pradesh,1
1-7013414560,LITTLE FLOWER POLYTECHNIC,"POST BAG NO. 1
M M M ENGINEERING COLLEGE P.O.
GORAKHPUR",GORAKHPUR,Private-Self Financing,N,Y,1-485055081,fetchdata,2020-2021,Engineering and Technology,1,1,1,1,Uttar Pradesh,1
1-7013442539,GOVT. POLYTECHNIC CHHABILHAKHOR SADAR BASTI,GOVT. POLYTECHNIC CHHABILHAKHOR BASTI,BASTI,Government,N,N,1-2102064451,fetchdata,2020-2021,Engineering and Technology,1,1,1,1,Uttar Pradesh,1
1-7013469035,RADHA VALLABH INSTITUTE OF TECHNOLOGY,EMAMPUR KUTHAN,JAUNPUR,Private-Self Financing,N,N,1-3400443061,fetchdata,2020-2021,Engineering and Technology,1,1,1,1,Uttar Pradesh,1
1-7013498305,P.C.P.S. COLLEGE OF TECHNOLOGY & MANAGEMENT,"P.C.P.S. COLLEGE OF TECHNOLOGY & MANAGEMENT
VILL+POST:- USPHAR SONKH ROAD,
MATHURA.",MATHURA,Private-Self Financing,N,N,1-416775421,fetchdata,2020-2021,Engineering and Technology,1,1,1,1,Uttar Pradesh,1
1-7013561070,MAHARANA PRATAP ENGINEERING COLLEGE,"430, INDRAPURI, SHARDA NAGAR, KANPUR U.P.",KANPUR NAGAR,Private-Self Financing,N,N,1-21127301,fetchdata,2020-2021,Engineering and Technology,1,1,1,1,Uttar Pradesh,1
1-7013623826,"NATIONAL INSTITUTE OF ELECTRONICS AND INFORMATION TECHNOLOGY, GORAKHPUR CENTRE","M.M.M. ENGINEERING COLLEGE CAMPUS,
GORAKHPUR - 273010",GORAKHPUR,Government,N,N,1-27916062,fetchdata,2020-2021,Engineering and Technology,1,1,1,1,Uttar Pradesh,1
1-7013624045,CENTRAL INSTITUTE OF PLASTICS ENGINEERING & TECHNOLOGY LUCKNOW,"B-27 AMAUSI INDUSTRIAL AREA, NADARGANJ, LUCKNOW",LUCKNOW,Government,N,N,1-15843806,fetchdata,2020-2021,Engineering and Technology,1,1,1,1,Uttar Pradesh,1
1-7013361393,S.V.M. TECHNICAL INSTITUTE,"LALGANJ, PRATAPGARH",PRATAPGARH,Private-Self Financing,N,N,1-2507214871,fetchdata,2020-2021,Engineering and Technology,1,1,1,1,Uttar Pradesh,1
1-7013389173,TATHAGAT GAUTAM BUDH GOVERNMENT POLYTECHNIC SHRAVASTI,"SIRSIA, SHRAVASTI",SHRAVASTI,Government,N,N,1-507648541,fetchdata,2020-2021,Engineering and Technology,1,1,1,1,Uttar Pradesh,1
1-7013415943,MAHAMAYA POLYTECHNIC OF INFORMATION TECHNOLOGY,"PILIBHIT BHARATPUR ROAD,15 KM FROM SIKNDRA RAO TO HATHRAS",MAHAMAYA NAGAR,Government,N,N,1-495770371,fetchdata,2020-2021,Engineering and Technology,1,1,1,1,Uttar Pradesh,1
1-7013416938,"GOVERNEMENT POLYTECHNIC, MANIKPUR",MANIKPUR,CHITRAKOOT,Government,N,N,1-493511761,fetchdata,2020-2021,Engineering and Technology,1,1,1,1,Uttar Pradesh,1
1-7013471546,"SHANTI POLYTECHNIC [CE, CE(E&PC), ME(A), ME(P), EE","KURALI BAGHPAT ROAD,MEERUT",MEERUT,Private-Self Financing,N,N,1-455197861,fetchdata,2020-2021,Engineering and Technology,1,1,1,1,Uttar Pradesh,1
1-7013529078,RAJSHREE INSTITUTE OF MANAGEMENT & TECHNOLOGY,"VILLAGE-LABHERA TEHSIL-NAWABGANJ,BAREILLY",BAREILLY,Private-Self Financing,N,N,1-21575861,fetchdata,2020-2021,Engineering and Technology,1,1,1,1,Uttar Pradesh,1
1-7013531731,"GOVERNMENT POLYTECHNIC, GONDA","UTRAULA ROAD, BABHANI KANOONGO, GONDA",GONDA,Government,N,N,1-460503211,fetchdata,2020-2021,Engineering and Technology,1,1,1,1,Uttar Pradesh,1
1-7013565507,MAHARANA INSTITUTE OF PROFESSIONAL STUDIES,"KALYANPUR- BITHOOR ROAD, BAIKUNTHPUR, KANPUR",KANPUR NAGAR,Private-Self Financing,N,N,1-7203021,fetchdata,2020-2021,Engineering and Technology,1,1,1,1,Uttar Pradesh,1
1-7013625814,GOVERNMENT POLYTECHNIC KANPUR,"GT ROAD, VIKAS NAGAR, NEAR GURUDEV PALACE",KANPUR NAGAR,Government,N,N,1-499378841,fetchdata,2020-2021,Engineering and Technology,1,1,1,1,Uttar Pradesh,1
1-7013341401,SHRI RAMDEVI RAMDAYAL TRIPATHI MAHILAPOLYTECHNIC SAKET NAGAR KANPUR,781 W-1 SAKET NAGAR,KANPUR NAGAR,Govt aided,Y,N,1-513224101,fetchdata,2020-2021,Engineering and Technology,1,1,1,1,Uttar Pradesh,1
1-7013362155,"GOVERNMENT POLYTECHNIC, ALIYA, SITAPUR","VILL- SARAIJEET, PARGANA AND TAHSIL- SITAPUR",SITAPUR,Government,N,N,1-2875892471,fetchdata,2020-2021,Engineering and Technology,1,1,1,1,Uttar Pradesh,1
1-7013364160,BABU SANT BUX SHIVMURTI SINGH ENGINEERING AND MEDICO INSTITUTE,"VILL. SANDAWA DUBAN
POST. SAHABGANJ
DISTT. PRATAPGARH
U.P.
230137
PIN 230137",PRATAPGARH,Private-Self Financing,N,N,1-455224771,fetchdata,2020-2021,Engineering and Technology,1,1,1,1,Uttar Pradesh,1
1-7013417394,DELHI INSTITUTE OF ENGINEERING & TECHNOLOGY,"5TH KM, STONE, PARTAPUR BY PASS ROAD, GHAT INSTITUTIONAL AREA, NH-58, MEERUT, (U.P.)",MEERUT,Private-Self Financing,N,N,1-4267091,fetchdata,2020-2021,Engineering and Technology,1,1,1,1,Uttar Pradesh,1
1-7013419381,MAA BHAGWATI EDUCATIONAL INSTITUTE,"SATRIKH ROAD, NEAR INDIRA CANAL,
VILLAGE -JUGGAUR,
CHINHAT,
LUCKNOW.",LUCKNOW,Private-Self Financing,N,N,1-451018511,fetchdata,2020-2021,Engineering and Technology,1,1,1,1,Uttar Pradesh,1
1-7013445421,DR. M.C. SAXENA COLLEGE OF ENGINEERING & TECHNOLOGY,"171, BARAWANKALA, MALL ROAD,
IIM-DUBAGGA BYPASS, LUCKNOW",LUCKNOW,Private-Self Financing,N,N,1-39287261,fetchdata,2020-2021,Engineering and Technology,1,1,1,1,Uttar Pradesh,1
1-7013566033,SKYLINE INSTITUTE OF ENGINEERING & TECHNOLOGY,"PLOT NO-3, 
KNOWLEDGE PARK-II, 
GREATER NOIDA, 
DIST. GAUTAM BUDH NAGAR, 
U.P. 201306",GAUTAM BUDDHA NAGAR,Private-Self Financing,N,N,1-7212911,fetchdata,2020-2021,Engineering and Technology,1,1,1,1,Uttar Pradesh,1
1-7013568802,"DR. AMBEDKAR INSTITUTE OF TECHNOLOGY FOR HANDICAPPED, U.P.","AWADHPURI, KANPUR",KANPUR NAGAR,Govt aided,N,N,1-11565519,fetchdata,2020-2021,Engineering and Technology,1,1,1,1,Uttar Pradesh,1
1-7013588540,GOVERNMENT POLYTECHNIC  BHAURAHI CHUNAR MIRZAPUR,"VILLAGE: BHAURAHI
TEHSIL: CHUNAR
DIST: MIRZAPUR
PIN: 231304",MIRZAPUR,Government,N,N,1-2863306591,fetchdata,2020-2021,Engineering and Technology,1,1,1,1,Uttar Pradesh,1
1-7013590980,"INSTITUTE OF TOOL ROOM TRAINING U.P.,LUCKNOW","A/1 AMAUSI INDUSTRIAL AREA,NADARGANJ,KANPUR ROAD,LUCKNOW-226008",LUCKNOW,Govt aided,N,N,1-510006321,fetchdata,2020-2021,Engineering and Technology,1,1,1,1,Uttar Pradesh,1
1-7013341719,DIGAMBER JAIN POLYTECHNIC BARAUT,"BARKA ROAD,  BARAUT
BAGHPAT",BAGPAT,Govt aided,N,N,1-512597581,fetchdata,2020-2021,Engineering and Technology,1,1,1,1,Uttar Pradesh,1
1-7013420055,GOVERNMENT LEATHER INSTITUTE KANPUR,"11/208 A SOUTERGANJ PARWATI BAGLA ROAD,
KANPUR 208001",KANPUR NAGAR,Government,N,N,1-474135851,fetchdata,2020-2021,Engineering and Technology,1,1,1,1,Uttar Pradesh,1
1-7013533492,"GOVERNMENT POLYTECHNIC,ORAI(JALAUN)","PRINCIPAL GOVERNMENT POLYTECHNIC,ORAI (JALAUN)",JALAUN,Government,N,N,1-512077921,fetchdata,2020-2021,Engineering and Technology,1,1,1,1,Uttar Pradesh,1
1-7013569590,MAA VAISHNO MAA SHARDA POLYTECHNIC,"VILLAGE- KHORRAMPUR, POST- BELAOUN, TAHSIL- NIGAMABAD",AZAMGARH,Private-Self Financing,N,N,1-481762581,fetchdata,2020-2021,Engineering and Technology,1,1,1,1,Uttar Pradesh,1
1-7013591286,SHAHEED VIRENDRA SINGH SIROHI INSTITUTE OF TECHNOLOGY,"VILLAGE-SUJGAWAN,
POST-RURGAON,",RAMABAI NAGAR (KANPUR DEHAT),Private-Self Financing,N,N,1-509207631,fetchdata,2020-2021,Engineering and Technology,1,1,1,1,Uttar Pradesh,1
1-7013592525,GOVERNMENT POLYTECHNIC AURAI (SANT RAVIDAS NAGAR BHADOHI),KATEHARA,SANT RAVIDAS NAGAR,Government,N,N,1-513988191,fetchdata,2020-2021,Engineering and Technology,1,1,1,1,Uttar Pradesh,1
1-7013592758,R R POLYTECHNIC,VILL-HINDUWARI,SONBHADRA,Private-Self Financing,N,N,1-2852831361,fetchdata,2020-2021,Engineering and Technology,1,1,1,1,Uttar Pradesh,1
1-7013153465,GREATER NOIDA COLLEGE,"PLOT NO. 6-B, KNOWLEDGE PARK - II,",GAUTAM BUDDHA NAGAR,Private-Self Financing,N,N,1-3401431571,fetchdata,2020-2021,Engineering and Technology,1,1,1,1,Uttar Pradesh,1
1-7013178977,IIMT COLLEGE OF POLYTECHNIC,"PLOT NO- A-20, KNOWLEDGE PARK-III, GREATER NOIDA",GAUTHAM BUDDHA NAGAR,Private-Self Financing,N,N,1-773602371,fetchdata,2020-2021,Engineering and Technology,1,1,1,1,Uttar Pradesh,1
1-7013207067,FEROZE GANDHI INSTITUTE OF ENGG. & TECHNOLOGY,"RATAPUR CHURAHA,
RAEBARELI",RAE BARELI,Govt aided,N,N,1-12748731,fetchdata,2020-2021,Engineering and Technology,1,1,1,1,Uttar Pradesh,1
1-7013344663,PT. RAM ADHAR J. TIWARI COLLEGE OF POLYTECHNIC,"MAHUAR KALAN, NEAR BALUWA GHAT CHANDAULI, U.P.",CHANDAULI,Private-Self Financing,N,N,1-493189491,fetchdata,2020-2021,Engineering and Technology,1,1,1,1,Uttar Pradesh,1
1-7013394936,MAHAVEER INSTITUTE OF  TECHNOLOGY,"VILL-POHALLI,POST-DABATHUWA,TEHSIL-SARDHANA",MEERUT,Private-Self Financing,N,N,1-449917701,fetchdata,2020-2021,Engineering and Technology,1,1,1,1,Uttar Pradesh,1
1-7013395354,R. R. INSTITUTE OF MODERN TECHNOLOGY,"VILL.- BHAISAMAU, NH-24, BAKSHI KA TALAB,
SITAPUR ROAD, LUCKNOW-227202",LUCKNOW,Private-Self Financing,N,N,1-5511961,fetchdata,2020-2021,Engineering and Technology,1,1,1,1,Uttar Pradesh,1
1-7013477319,DEV INSTITUTE OF TECHNICAL EDUCATION,"BARHAN ETMADPUR
AGRA",AGRA,Private-Self Financing,N,N,1-475295651,fetchdata,2020-2021,Engineering and Technology,1,1,1,1,Uttar Pradesh,1
1-7013479147,UNNATI MANAGEMENT COLLEGE AND TECHNOLOGY,"DEEN DAYAL DHAM ROAD, DAULATPUR FARAH, MATHURA",MATHURA,Private-Self Financing,N,N,1-2091200011,fetchdata,2020-2021,Engineering and Technology,1,1,1,1,Uttar Pradesh,1
1-7013503573,NORTH INDIA INSTITUTE OF TECHNOLOGY,"7 KM BUNDKI ROAD, VILLAGE NEKPUR, NAJIBABAD-246763, DISTT. BIJNOR, UTTAR PRADESH.",BIJNOR,Private-Self Financing,N,N,1-6150741,fetchdata,2020-2021,Engineering and Technology,1,1,1,1,Uttar Pradesh,1
1-7013504168,SHRI SIDDHI VINAYAK  POLYTECHNIC,"10 K.M STONE OPP. RELIANCE PETROL PUMP ,  NAINITAL ROAD , BAREILLY",BAREILLY,Private-Self Financing,N,N,1-501848271,fetchdata,2020-2021,Engineering and Technology,1,1,1,1,Uttar Pradesh,1
1-7013504674,IIMT ENGINEERING COLLEGE,"""O"", POCKET, GANGA NAGAR, MAWANA ROAD, MEERUT",MEERUT,Private-Self Financing,N,N,1-5316519,fetchdata,2020-2021,Engineering and Technology,1,1,1,1,Uttar Pradesh,1
1-7013535590,INSTITUTE OF ENGINEERING AND TECHNOLOGY,"SITAPUR ROAD,
LUCKNOW",LUCKNOW,Govt aided,N,N,1-505421321,fetchdata,2020-2021,Engineering and Technology,1,1,1,1,Uttar Pradesh,1
1-7013592978,R B GAUTAM POLYTECHNIC,"HATHRAS AGRA ROAD, SADABAD",HATHRAS,Private-Self Financing,N,N,1-2846327701,fetchdata,2020-2021,Engineering and Technology,1,1,1,1,Uttar Pradesh,1
1-7013593155,IMS POLYTECHNIC,"NH-24,KAKATHER CROSSING,NEAR BRAJGHAT,GAJRAULA, J.P. NAGAR",J P NAGAR,Private-Self Financing,N,N,1-510108341,fetchdata,2020-2021,Engineering and Technology,1,1,1,1,Uttar Pradesh,1
1-7013595286,MARATHWADA INSTITUTE OF TECHNOLOGY (MIT),"VILLAGE: DHAMERA-CHOLA
TALUKA: SIKANDARABAD
DISTRICT: BULANDSHAHR
UTTAR PRADESH
PIN:203001",BULANDSHAHAR,Private-Self Financing,N,N,1-16692924,fetchdata,2020-2021,Engineering and Technology,1,1,1,1,Uttar Pradesh,1
1-7013180596,"MAHAMAYA POLYTECHNIC OF INFORMATION TECHNOLOGY, SHAMLI","MAHAMAYA POLYTECHNIC OF INFORMATION TECHNOLOGY, SHAMLI
GRAM FAZAILPUR, JASALA, BLOCK - KANDHLA, TEHSIL SHAMLI, DISTRICT SHAMLI, UTTAR PRADESH
PIN CODE 247775",SHAMLI,Government,N,N,1-3352807771,fetchdata,2020-2021,Engineering and Technology,1,1,1,1,Uttar Pradesh,1
1-7013346393,NARAINA POLYTECHNIC INSTITUTE,"GANGAGANJ, PANKI, KANPUR",KANPUR NAGAR,Private-Self Financing,N,N,1-3376392381,fetchdata,2020-2021,Engineering and Technology,1,1,1,1,Uttar Pradesh,1
1-7013367659,"GOVERNMENT POLYTECHNIC, KURU, PINDRA, VARANASI","KURU, PINDRA, VARANASI",VARANASI,Government,N,N,1-2100025201,fetchdata,2020-2021,Engineering and Technology,1,1,1,1,Uttar Pradesh,1
1-7013397649,"GOVERNMENT POLYTECHNIC, BHILIHILI, AZAMGARH(CENTRALLY ASSISTED)","VILL- BHILIHILI, P.O.- TARWA",AZAMGARH,Government,N,N,1-515044431,fetchdata,2020-2021,Engineering and Technology,1,1,1,1,Uttar Pradesh,1
1-7013479325,"ARYIKA GYANMATI GOVERNMENT GIRLS POLYTECHNIC, FAIZABAD","BANBEERPUR ROAD, POST - MUMTAZNAGAR,
DISTT.- FAIZABAD",FAIZABAD,Government,Y,N,1-485792811,fetchdata,2020-2021,Engineering and Technology,1,1,1,1,Uttar Pradesh,1
1-7013506803,GOVERNMENT POLYTECHNIC UNNAO,DAHI CHOWKI,UNNAO,Government,N,N,1-518179761,fetchdata,2020-2021,Engineering and Technology,1,1,1,1,Uttar Pradesh,1
1-7013506974,PANCHWATI INSTITUTE OF ENGINEERING & TECHNOLOGY,"N. H. -58, GHAT INSTITUTIONAL AREA, DELHI- HARIDWAR BY PASS ROAD, MEERUT, PIN 250103",MEERUT,Private-Self Financing,N,N,1-10107051,fetchdata,2020-2021,Engineering and Technology,1,1,1,1,Uttar Pradesh,1
1-7013507435,KAMAL INSTITUTE OF TECHNOLOGY,"PITAMPUR DERAPUR,NH-2 KANPUR DEHAT",RAMABAI NAGAR (KANPUR DEHAT),Private-Self Financing,N,N,1-463478151,fetchdata,2020-2021,Engineering and Technology,1,1,1,1,Uttar Pradesh,1
1-7013507730,KET POLYTECHNIC INSTITUTE,"NH-2,FARAH, MATHURA.",MATHURA,Private-Self Financing,N,N,1-480049681,fetchdata,2020-2021,Engineering and Technology,1,1,1,1,Uttar Pradesh,1
1-7013539171,"HARCOURT BUTLER TECHNICAL UNIVERSITY, KANPUR",NAWABGANJ,KANPUR NAGAR,Govt aided,N,N,1-38136961,fetchdata,2020-2021,Engineering and Technology,1,1,1,1,Uttar Pradesh,1
1-7013572276,BHABHA INSTITUTEOFTECHNOLOGY,"AUNAHAN ,NEAR SHEOLI,RASOOLABADROAD,RAMABAI NAGAR (KANPUR DEHAT)",RAMABAI NAGAR (KANPUR DEHAT),Private-Self Financing,N,N,1-415278771,fetchdata,2020-2021,Engineering and Technology,1,1,1,1,Uttar Pradesh,1
1-7013211389,"GOVERNMENT POLYTECHNIC,MUJAHANA,HATA,KUSHINAGAR","MUJAHANA,HATA
KUSHINAGAR-274203",KUSHINAGAR,Government,N,N,1-3355729851,fetchdata,2020-2021,Engineering and Technology,1,1,1,1,Uttar Pradesh,1
1-7013346705,AXIS INSTITUTE OF TECHNOLOGY AND MANAGEMENT,"VILL-HATHIPUR,
KANPUR SADAR",KANPUR NAGAR,Private-Self Financing,N,N,1-5977441,fetchdata,2020-2021,Engineering and Technology,1,1,1,1,Uttar Pradesh,1
1-7013424725,K L S INSTITUTE OF ENGINEERING & TECHNOLOGY,20TH MILESTONE BIJNOR- HARIDWAR ROAD VILL - KUDAHERI NEAR CHANDOK DISTT. BIJNOR (U.P),BIJNOR,Private-Self Financing,N,N,1-5523291,fetchdata,2020-2021,Engineering and Technology,1,1,1,1,Uttar Pradesh,1
1-7013481791,GOVERNMENT POLYTECHNIC SORON,"KASGANJ - BAREILY ROAD, SORON",KANSHI RAM NAGAR,Government,N,N,1-506738931,fetchdata,2020-2021,Engineering and Technology,1,1,1,1,Uttar Pradesh,1
1-7013509078,SUYASH INSTITUTE OF INFORMATION TECHNOLOGY,"HAKKABAD, GORAKHPUR",GORAKHPUR,Private-Self Financing,N,N,1-18724756,fetchdata,2020-2021,Engineering and Technology,1,1,1,1,Uttar Pradesh,1
1-7013541925,"FACULTY OF ENGINEERING & TECHNOLOGY,AGRA COLLEGE,AGRA","FET,AGRA COLLEGE,AGRA
MOTI KATRA ROAD,
M.G ROAD AGRA.",AGRA,Private-Self Financing,N,N,1-2647213,fetchdata,2020-2021,Engineering and Technology,1,1,1,1,Uttar Pradesh,1
1-7013542410,"ARYAN INSTITUTE OF TECHNOLOGY, GHAZIABAD","13 KM STONE, NH-24, JINDAL NAGAR, GHAZIABAD",GHAZIABAD,Private-Self Financing,N,N,1-20121091,fetchdata,2020-2021,Engineering and Technology,1,1,1,1,Uttar Pradesh,1
1-7013575122,DR. B.R. AMBEDKAR POLYTECHNIC,"PREMBAGH, SHYAMLAL KI BAGIYA, GWALIOR ROAD",AGRA,Private-Self Financing,N,N,1-475734621,fetchdata,2020-2021,Engineering and Technology,1,1,1,1,Uttar Pradesh,1
1-7013575408,R K POLYTECHNIC,"GARH ROAD,
KITHORE,
DISTT-MEERUT",MEERUT,Private-Self Financing,N,Y,1-512619431,fetchdata,2020-2021,Engineering and Technology,1,1,1,1,Uttar Pradesh,1
1-7013576772,GOVT POLYTECHNIC  TUNDLA,"PAHARIPUR BHONDELA,TUNDLA",FIROZABAD,Government,N,N,1-1605311911,fetchdata,2020-2021,Engineering and Technology,1,1,1,1,Uttar Pradesh,1
1-7013597844,"RAJKIYA ENGINEERING COLLEGE, AMBEDKAR NAGAR","KATARIYA YAKOOBPUR
NEAR HAWAI PATTI
AKBARPUR,
DIST. - AMBEDKAR NAGAR
(U.P.) - 224122",AMBEDKAR NAGAR,Govt aided,N,N,1-2850886071,fetchdata,2020-2021,Engineering and Technology,1,1,1,1,Uttar Pradesh,1
1-7013598202,"RAJKIYA ENGINEERING COLLEGE, BANDA","RAJKIYA ENGINEERING COLLEGE, ATARRA,BANDA 210201",BANDA,Government,N,N,1-2881079901,fetchdata,2020-2021,Engineering and Technology,1,1,1,1,Uttar Pradesh,1
1-7013426689,SEVDIE INSTITUTE OF MANAGEMENT & TECHNOLOGY,"CHINHAT-DEVA ROAD, NEAR TELCO INDUSTRIAL AREA, LUCKNOW",LUCKNOW,Private-Self Financing,N,N,1-476291461,fetchdata,2020-2021,Engineering and Technology,1,1,1,1,Uttar Pradesh,1
1-7013483419,SAVITA DEVI INSTITUTE OF TECHNOLOGY,"DELHI MEERUT ROAD, MOHIUDDINPUR",MEERUT,Private-Self Financing,N,N,1-494458211,fetchdata,2020-2021,Engineering and Technology,1,1,1,1,Uttar Pradesh,1
1-7013544377,ESHAN COLLEGE OF ENGINEERING,"SAHZADPUR PAURI, NH-2, AGRA-MATHURA HIGHWAY, MATHURA (U.P.)",MATHURA,Private-Self Financing,N,N,1-5354601,fetchdata,2020-2021,Engineering and Technology,1,1,1,1,Uttar Pradesh,1
1-7013577501,"GOVERNMENT POLYTECHNIC ,NARAINI (BANDA) U.P.",BADOKHAR,BANDA,Government,N,N,1-481883371,fetchdata,2020-2021,Engineering and Technology,1,1,1,1,Uttar Pradesh,1
1-7013599701,"GOVERNMENT POLYTECHNIC , KOTVAN , MATHURA","KOTVAN , KOSI , MATHURA",MATHURA,Government,N,N,1-2852857111,fetchdata,2020-2021,Engineering and Technology,1,1,1,1,Uttar Pradesh,1
1-7013349376,SHREE SAI COLLEGE OF EDUCATION OF TECHNOLOGY,VILLAGE & POST-JANGETHI (NEAR P.H.C. GHASOLI) SARDHANA ROAD,MEERUT,Private-Self Financing,N,N,1-833085941,fetchdata,2020-2021,Engineering and Technology,1,1,1,1,Uttar Pradesh,1
1-7013453181,INDO-UNIVERSAL COLLEGE OF MANAGEMENT & TECHNOLOGY,INDO-UNIVERSAL COLLEGE OF MANAGEMENT & TECHNOLOGY,BAGPAT,Private-Self Financing,N,N,1-511915001,fetchdata,2020-2021,Engineering and Technology,1,1,1,1,Uttar Pradesh,1
1-7013453974,BHAAVYA TECHNICAL INSTITUTE,"KHASRA NO.829, VILL.-TEHRA, TEHSIL-KHERAGARH, DISTT.-AGRA",AGRA,Private-Self Financing,N,N,1-2064658621,fetchdata,2020-2021,Engineering and Technology,1,1,1,1,Uttar Pradesh,1
1-7013483813,IVS POLYTECHNIC,"123 MILESTONE, MATHURA-DELHI HIGHWAY (NH-2) AKBARPUR, MATHURA - 281406",MATHURA,Private-Self Financing,N,N,1-773259041,fetchdata,2020-2021,Engineering and Technology,1,1,1,1,Uttar Pradesh,1
1-7013512934,GOVERNMENT POLYTECHNIC SONEBHADRA,ROBERTSGANJ,SONBHADRA,Government,N,N,1-513990011,fetchdata,2020-2021,Engineering and Technology,1,1,1,1,Uttar Pradesh,1
1-7013513061,GOVT. POLYTECHNIC  SANTKABIR NAGAR (CENTRAL AIDED),"GOVT. POLYTECHNIC SIRSI, DHANGHATA    SANT KABIR NAGAR",SANT KABIR NAGAR,Government,N,N,1-2863779331,fetchdata,2020-2021,Engineering and Technology,1,1,1,1,Uttar Pradesh,1
1-7013513256,MMIT SIDDHARATHNAGAR,MMIT BANSI SIDDHARATHNAGAR,SIDDHARTHNAGAR,Government,N,N,1-2861912261,fetchdata,2020-2021,Engineering and Technology,1,1,1,1,Uttar Pradesh,1
1-7013547039,BABA SAHEB  DR. BHIMRAO AMBEDKAR GOVERNMENT POLYTECHNIC HAIDARPUR AURAIYA,HAIDARPUR AURAIYA,AURAIYA,Government,N,N,1-506782631,fetchdata,2020-2021,Engineering and Technology,1,1,1,1,Uttar Pradesh,1
1-7013372826,URMILA COLLEGE OF TECHNOLOGY @ MANAGEMENT,"VILLAGE- POST- KOTSARAI, TAHSIL- SOHAWAL, FAIZABAD",FAIZABAD,Private-Self Financing,N,N,1-463799471,fetchdata,2020-2021,Engineering and Technology,1,1,1,1,Uttar Pradesh,1
1-7013455709,CH.CHARAN SINGH COLLEGE OF ENGINEERING,"JAUNCHANA,POT-MAHAMADPUR JADON,TEHSIL-JEWAR,DISTT-GAUTAM BUDDH NAGAR",GAUTAM BUDDHA NAGAR,Private-Self Financing,N,N,1-2499864601,fetchdata,2020-2021,Engineering and Technology,1,1,1,1,Uttar Pradesh,1
1-7013455915,"RAJA BALWANT SINGH POLYTECHNIC, BICHPURI, AGRA","BICHPURI, AGRA",AGRA,Govt aided,N,N,1-492742791,fetchdata,2020-2021,Engineering and Technology,1,1,1,1,Uttar Pradesh,1
1-7013484554,MGA INSTITUTE OF POLYTECHNIC,"ARAZI NO- 945
PURWAMEER,
BLOCK SARSAUL,
KANPUR-209402",KANPUR NAGAR,Private-Self Financing,N,N,1-2849220101,fetchdata,2020-2021,Engineering and Technology,1,1,1,1,Uttar Pradesh,1
1-7013485888,R. R. INSTITUTE OF MODERN POLYTECHNIC,"VILL-BHAISAMAU, NH-24, BAKSHI KA TALAB, SITAPUR ROAD, LUCKNOW-226201",LUCKNOW,Private-Self Financing,N,N,1-2849240381,fetchdata,2020-2021,Engineering and Technology,1,1,1,1,Uttar Pradesh,1
1-7013600610,GOVERNMENT POLYTECHNIC BAHRAICH,"ASSAM CHAURAHA,
BHINGA ROAD,
KALPIPARA",BAHRAICH,Government,N,N,1-486305231,fetchdata,2020-2021,Engineering and Technology,1,1,1,1,Uttar Pradesh,1
1-7013375623,KOTHIWAL INSTITUTE OF TECHNOLOGY & PROFESSIONAL STUDIES,"PACHOKRA, HARIDWAR ROAD, MORADABAD 
UTTAR PRADESH",MORADABAD,Private-Self Financing,N,N,1-5353321,fetchdata,2020-2021,Engineering and Technology,1,1,1,1,Uttar Pradesh,1
1-7013407101,"GOVERNMENT POLYTECHNIC, BINDKI, FATEHPUR","52 IMLI, NANDAPUR, BINDKI",FATEHPUR,Government,N,N,1-2873426841,fetchdata,2020-2021,Engineering and Technology,1,1,1,1,Uttar Pradesh,1
1-7013430106,R D ENGINEERING COLLEGE,"9TH KM MILE STONE ON NH-58 
DELHI MEERUT ROAD
DUHAI, GHAZIABAD",GHAZIABAD,Private-Self Financing,N,N,1-3548321,fetchdata,2020-2021,Engineering and Technology,1,1,1,1,Uttar Pradesh,1
1-7013431792,PRASAD POLYTECHNIC,"SARAI SAHJADI 
KANPUR ROAD
BANTHRA
LUCKNOW",LUCKNOW,Private-Self Financing,N,N,1-479769481,fetchdata,2020-2021,Engineering and Technology,1,1,1,1,Uttar Pradesh,1
1-7013432344,INTERNATIONAL MARITIME INSTITUTE,"13, KNOWLEDGE PARK 1, SURAJPUR KASNA ROAD,",GAUTAM BUDDHA NAGAR,Private-Self Financing,N,N,1-6072006,fetchdata,2020-2021,Engineering and Technology,1,1,1,1,Uttar Pradesh,1
1-7013432582,JSS ACADEMY OF TECHNICAL EDUCATION,"C 20/1, SECTOR 62, NOIDA-201301",GAUTAM BUDDHA NAGAR,Private-Self Financing,N,N,1-3675821,fetchdata,2020-2021,Engineering and Technology,1,1,1,1,Uttar Pradesh,1
1-7013456417,SHRI MOTI SMRITI INSTITUTE OF TECHNOLOGY,"KHASRA / GATA NO. 4/2, 17, 18, 23, 55, 56, AND 57 AT VILLAGE ADALPUR TAJ, KAILSA ROAD, AMROHA",J P NAGAR,Private-Self Financing,N,N,1-2519447601,fetchdata,2020-2021,Engineering and Technology,1,1,1,1,Uttar Pradesh,1
1-7013457616,EDIFY INSTITUTE OF POLYTECHNIC,"VILLAGE- SHAHZADPUR PAURI, FARAH",MATHURA,Private-Self Financing,N,N,1-455563181,fetchdata,2020-2021,Engineering and Technology,1,1,1,1,Uttar Pradesh,1
1-7013488133,AMBITION INSTITUTE OF TECHNOLOGY,"G.T. ROAD, PARAO,NEAR PUNEET AUTOMOBILES",VARANASI,Private-Self Financing,N,N,1-450289281,fetchdata,2020-2021,Engineering and Technology,1,1,1,1,Uttar Pradesh,1
1-7013549355,KESHAV POLYTECHNIC,"NH-58, VILL. TEJALHERA BARLA-BASERA ROAD, MUZAFFRANAGAR",MUZAFFARNAGAR,Private-Self Financing,N,N,1-493088031,fetchdata,2020-2021,Engineering and Technology,1,1,1,1,Uttar Pradesh,1
1-7013585474,MUKDAM BIHARI LAL COLLEGE OF TECHNOLOGY AND MANAGEMENT,"NH-2,
MAHUAN,
FARAH,
MATHURA,",MATHURA,Private-Self Financing,N,N,1-442049281,fetchdata,2020-2021,Engineering and Technology,1,1,1,1,Uttar Pradesh,1
1-7013604600,"S.D.COLLEGE OF ENGG. & TECH.,","JANSATH ROAD,",MUZAFFARNAGAR,Private-Self Financing,N,N,1-5880891,fetchdata,2020-2021,Engineering and Technology,1,1,1,1,Uttar Pradesh,1
1-7154974760,ABES ENGINEERING COLLEGE,"CAMPUS -1,             19TH KM STONE DELHI HAPUR BY PASS ROAD
N.H.-24                 VIJAY NAGAR",GHAZIABAD,Private-Self Financing,N,N,1-6248771,fetchdata,2020-2021,Engineering and Technology,1,1,1,1,Uttar Pradesh,1
1-7162090789,NC POLYTECHNIC,VILL BAGHWAR LATGHAT RAUNAPAR ROAD AZAMGARH,AZAMGARH,Private-Self Financing,N,N,,fetchdata,2020-2021,Engineering and Technology,1,1,1,1,Uttar Pradesh,1
1-7185041810,BABA KADHERA SINGH COLLEGE OF ENGINEERING & TECHNOLOGY,"NAGLA AKKHA, PO- SONKH, SONKH-GOVERDHAN MARG, DIST- MATHURA,(U.P). PIN- 281123",MATHURA,Private-Self Financing,N,N,1-31811151,fetchdata,2020-2021,Engineering and Technology,1,1,1,1,Uttar Pradesh,1
1-7185141158,"J.S. UNIVERSITY, SHIKOHABAD","5 KM, MAINPURI ROAD, SHIKOHABAD, DISTT.- FIROZABAD, UP",FIROZABAD,State Private University,N,N,1-4429201,fetchdata,2020-2021,Engineering and Technology,1,1,1,1,Uttar Pradesh,1
1-7015837580,KHWAJA MOINUDDIN CHISHTI URDU ARABI FARSI UNIVERSITY,"SITAPUR-HARDOI BYPASS ROAD , LUCKNOW ? 226013",LUCKNOW,Government,N,N,1-4296400611,fetchdata,2020-2021,Engineering and Technology,1,1,1,1,Uttar Pradesh,1
1-7015923124,FACULTY OF ENGINEERING AND TECHNOLOGY,"G.T. ROAD, MANDHANA,KANPUR",KANPUR NAGAR,Private-Self Financing,N,N,1-20654821,fetchdata,2020-2021,Engineering and Technology,1,1,1,1,Uttar Pradesh,1
1-7101796651,HANDIA POLYTECHNIC HANDIA ALLAHABAD," HANDIA
ALLAHABAD
221504",ALLAHABAD,Govt aided,N,N,1-510782393,fetchdata,2020-2021,Engineering and Technology,1,1,1,1,Uttar Pradesh,1
1-7015838704,RAJIV GANDHI POLYTECHNIC,MUSAFIRKHANA DISTRICT AMETHI UP PIN 227813,AMETHI,Private-Self Financing,N,N,1-4398987541,fetchdata,2020-2021,Engineering and Technology,1,1,1,1,Uttar Pradesh,1
1-7015834335,RAJKIYA ENGINEERING COLLEGE MAINPURI,"NH 84 ROAD NAUNER, BHONGOAN ? MAINPURI ? SHIKOHABAD RD, NOUNER, UTTAR PRADESH",MAINPURI,Government,N,N,1-4505040621,fetchdata,2020-2021,Engineering and Technology,1,1,1,1,Uttar Pradesh,1
1-7015906218,DNM INSTITUTE OF ENGINEERING & TECHNOLOGY," VILLAGE-  SARAI SHEHZADI,
PARGANA- BIJNAUR,
P.O. BANTHARA
LUCKNOW
PIN- 227101",LUCKNOW,Private-Self Financing,N,N,1-474054481,fetchdata,2020-2021,Engineering and Technology,1,1,1,1,Uttar Pradesh,1
1-7101815849,INGRAHAM POLYTECHNIC,HAPUR ROAD,GHAZIABAD,Private-Self Financing,N,Y,1-495353761,fetchdata,2020-2021,Engineering and Technology,1,1,1,1,Uttar Pradesh,1
1-7022096442,UNIVERSITY INSTITUTE OF ENGINEERING AND TECHNOLOGY,"CSJM UNIVERSITY
KALYANPUR
KANPUR",KANPUR NAGAR,State Government University,N,N,1-34374804,fetchdata,2020-2021,Engineering and Technology,1,1,1,1,Uttar Pradesh,1
1-7022096747,GOVERNMENT POLYTECHNIC SARSAI RATH HAMIRPUR,GOVERNMENT POLYTECHNIC SARSAI RATH HAMIRPUR,HAMIRPUR,Government,N,N,1-2103006811,fetchdata,2020-2021,Engineering and Technology,1,1,1,1,Uttar Pradesh,1
1-7022261280,SUBHARTI INSTITUTE OF TECHNOLOGY AND ENGINEERING,"NH-58
SUBHARTIPURAM 
DELHI-MEERUT-HARDIWAR BY PASS ROAD",MEERUT,Private-Self Financing,N,N,1-458360541,fetchdata,2020-2021,Engineering and Technology,1,1,1,1,Uttar Pradesh,1
1-7022096819,RISHI INSTITUTE OF ENGINNERING AND TECHNOLOGY,"DELHI-DEHRADUN BYPASS ROAD, PARTAPUR, MEERUT-250103",MEERUT,Private-Self Financing,N,N,1-9408471,fetchdata,2020-2021,Engineering and Technology,1,1,1,1,Uttar Pradesh,1
1-7022243138,CHANDAULI POLYTECHNIC CHANDAULI,CHANDAULI POLYTECHNIC CHANDAULI,CHANDAULI,Govt aided,N,N,1-489218631,fetchdata,2020-2021,Engineering and Technology,1,1,1,1,Uttar Pradesh,1
1-7022243287,SITAPUR SHIKSHA SANSTHAN GROUP OF INSTITUTIONS,"RESORA ,SITAPUR",SITAPUR,Private-Self Financing,N,N,1-11478661,fetchdata,2020-2021,Engineering and Technology,1,1,1,1,Uttar Pradesh,1
1-7022129043,"GOVERNMENT POLYTECHNIC KENAURA, SULTANPUR, UTTAR PRADESH","KENAURA,
LAMBHUA
SULTANPUR
UTTAR PRADESH",SULTANPUR,Government,N,N,1-2858236601,fetchdata,2020-2021,Engineering and Technology,1,1,1,1,Uttar Pradesh,1
1-7022129176,GOVERNMENT POLYTECHNIC NIKARIKA RAJGARH MIRZAPUR,"VILLAGE: NIKARIKA,POST:RAJGARH,TEHSIL:MADIHAN, MIRZAPUR",MIRZAPUR,Government,N,N,1-2853619771,fetchdata,2020-2021,Engineering and Technology,1,1,1,1,Uttar Pradesh,1
1-7022109861,BHARAT INSTITUTE OF TECHNOLOGY (SCHOOL OF ENGINEERING),"BY PASS ROAD, PARTAPUR, MEERUT",MEERUT,Private-Self Financing,N,N,1-6050863,fetchdata,2020-2021,Engineering and Technology,1,1,1,1,Uttar Pradesh,1
1-7022110355,DEV RISHI INSTITUTE OF POLYTECHNIC & TECHNOLOGY,"# 223,KHAND 2, VILLAGE-SALHAPUR, NAKUR",SAHARANPUR,Private-Self Financing,N,N,1-809075111,fetchdata,2020-2021,Engineering and Technology,1,1,1,1,Uttar Pradesh,1
1-7022130780,GOVT.POLYTECHNIC GHATAMPUR,"RAMSARI ROAD
GHATAMPUR
KANPUR",KANPUR NAGAR,Government,N,N,1-506477541,fetchdata,2020-2021,Engineering and Technology,1,1,1,1,Uttar Pradesh,1
1-7022111874,KUNWAR SATYAVIRA COLLEGE OF ENGINEERING AND MANAGEMENT,"VIRA COLLEGE OF ENGINEERING
BARRAGE ROAD
OPP. NEW TELEPHONE EXCHANGE
BIJNOR-246701",BIJNOR,Private-Self Financing,N,N,1-9757731,fetchdata,2020-2021,Engineering and Technology,1,1,1,1,Uttar Pradesh,1
1-7022131060,INSTITUTE OF ENGG. & RURAL TECHNOLOGY,"26, CHATHAM LINE",ALLAHABAD,Govt aided,N,N,1-495597721,fetchdata,2020-2021,Engineering and Technology,1,1,1,1,Uttar Pradesh,1
1-7022133163,"GOVT.GIRLS POLYTECHNIC,MORADABAD","KANTH ROAD
NEAR HARTHALA
MORADABD",MORADABAD,Government,Y,N,1-511310971,fetchdata,2020-2021,Engineering and Technology,1,1,1,1,Uttar Pradesh,1
1-7022133285,CENTRAL INSTITUTE OF PLASTICS ENGINEERING & TECHNOLOGY,"B-27 AMAUSI INDUSTRIAL AREA, NADARGANJ, LUCKNOW",LUCKNOW,Government,N,N,1-492922931,fetchdata,2020-2021,Engineering and Technology,1,1,1,1,Uttar Pradesh,1
1-7022133465,"GOVERNMENT POLYTECHNIC BAIJPUR BHITI,AMBEDKARNAGAR","BAIJPUR NEAR SHRVAN CHHETRA,BHITI,AMBEDKARNAGAR",AMBEDKAR NAGAR,Government,N,N,1-2487426341,fetchdata,2020-2021,Engineering and Technology,1,1,1,1,Uttar Pradesh,1
1-7022114557,DR. DASHRATH CHAUDHARY INSTITUTE OF TECHNOLOGY,BANSI (SIDDHARTH NAGAR),SIDDHARTHNAGAR,Private-Self Financing,N,N,1-479595311,fetchdata,2020-2021,Engineering and Technology,1,1,1,1,Uttar Pradesh,1
1-7022134716,RAM-EESH INSTITUTE OF ENGINEERING AND TECHNOLOGY,"PLOT NO.3,KNOWLEDGE PARK-I,KASNA ROAD,GREATER NOIDA (U.P-201310)",GAUTHAM BUDDHA NAGAR,Private-Self Financing,N,N,1-3931981,fetchdata,2020-2021,Engineering and Technology,1,1,1,1,Uttar Pradesh,1
1-7022116209,APOORVA INSTITUTE OF TECHNOLOGY,"VILLAGE AND POST MIRZAPUR POLE,THASIL BEHAT",SAHARANPUR,Private-Self Financing,N,N,1-485089711,fetchdata,2020-2021,Engineering and Technology,1,1,1,1,Uttar Pradesh,1
1-7022258966,MAHAMAYA POLYTECHNIC OF INFORMATION TECHNOLOGY,"DHANAPUR CHANDAULI
(PRESENTLY RUNNING AT GOVT. POLYTECHNIC, JAUNPUR)",CHANDAULI,Government,N,N,1-499373221,fetchdata,2020-2021,Engineering and Technology,1,1,1,1,Uttar Pradesh,1
1-7022217902,"GOVERNMENT POLYTECHNIC, GORAKHPUR","OPPOSITE- N.E.RAILWAY MECHANICAL WORKSHOP, NEAR- ASURAN CHOWK, GORAKHPUR",GORAKHPUR,Government,N,N,1-496078411,fetchdata,2020-2021,Engineering and Technology,1,1,1,1,Uttar Pradesh,1
1-7022259511,TIRUPATI COLLEGE OF ENGINEERING,"VILLAGE-BENDOWA BLOCK MOHANLALGANJ, RAEBARELI RAOD, LUCKNOW",LUCKNOW,Private-Self Financing,N,N,1-798862511,fetchdata,2020-2021,Engineering and Technology,1,1,1,1,Uttar Pradesh,1
1-7011211639,GAJRAJ SINGH POLYTECHNIC,"AHARPUR, JAMUNIYA, JAUNPUR",JAUNPUR,Private-Self Financing,N,N,1-3703150251,fetchdata,2020-2021,Engineering and Technology,1,1,1,1,Uttar Pradesh,1
1-7011550218,MAA SHARDA INSTITUTE OF TECHNOLOGY,"VILLAGE & POST- GAHAZI, TEHSIL- BURHANPUR",AZAMGARH,Private-Self Financing,N,N,1-3716062721,fetchdata,2020-2021,Engineering and Technology,1,1,1,1,Uttar Pradesh,1
1-7010850510,RAJKIYA ENGINEERING COLLEGE KANNAUJ,"TIRWA, KANNAUJ",KANNAUJ,Government,N,N,1-3725944831,fetchdata,2020-2021,Engineering and Technology,1,1,1,1,Uttar Pradesh,1
1-7010965738,GOVERNMENT GIRLS POLYTECHNIC. ARNIA,"THHENGORA MADKAULA, 
TAH. KHURJA
",BULANDSHAHAR,Government,N,N,1-3726732291,fetchdata,2020-2021,Engineering and Technology,1,1,1,1,Uttar Pradesh,1
1-7011388613,R. K. POLYTECHNIC COLLEGE,"VILL - SARAI LANGER (SAKURABAD) POST - JAHANABAD, TEHSIL - BINDKI, DISTT - FATEHPUR",FATEHPUR,Private-Self Financing,N,N,1-3737349121,fetchdata,2020-2021,Engineering and Technology,1,1,1,1,Uttar Pradesh,1
1-7011501125,GOVERNMENT POLYTECHNIC,"VILLAGE- JATWADA, THESIL JANSATH",MUZAFFARNAGAR,Government,N,N,1-3738849861,fetchdata,2020-2021,Engineering and Technology,1,1,1,1,Uttar Pradesh,1
1-7010865718,RUDRA POLYTECHNIC,"VILLAGE & POST- GAURA, TEHSIL- MEHNAGAR",AZAMGARH,Private-Self Financing,N,N,1-3755231331,fetchdata,2020-2021,Engineering and Technology,1,1,1,1,Uttar Pradesh,1
1-7011126421,DR. M.C. SAXEAN INSTITUTE OF ENGINEERING & MANAGEMENT,"171, BARAWANKALA MALL ROAD, IIM DUBGGA BY-PASS LUCKNOW",LUCKNOW,Private-Self Financing,N,N,1-38372931,fetchdata,2020-2021,Engineering and Technology,1,1,1,1,Uttar Pradesh,1
1-7010766709,BUNDELKHAND INSTITUTE OF ENGINEERING & TECHNOLOGY JHANSI,KANPUR ROAD JHANSI,JHANSI,Government,N,N,1-449514562,fetchdata,2020-2021,Engineering and Technology,1,1,1,1,Uttar Pradesh,1
1-7443888601,FACULTY OF ENGINEERING,"DELHI ROAD NH-24
MORADABAD PIN NO-
244001",MORADABAD,State Private University,N,Y,1-2867621131,fetchdata,2020-2021,Engineering and Technology,1,1,1,1,Uttar Pradesh,1
1-7011183857,GOVERNMENT POLYTECHNIC ROORKEE BAHERI  BAREILLY,GOVT.POLY.ROORKEE BAHERI BAREILLY,BAREILLY,Government,N,N,1-3670730311,fetchdata,2020-2021,Engineering and Technology,1,1,1,1,Uttar Pradesh,1
1-7010816874,SRM INSTITUTE OF MANAGEMENT AND TECHNOLOGY,"VILLAGE SIKRI KALAN, DELHI MEERUT ROAD, MODINAGAR, GHAZIABAD",GHAZIABAD,Deemed to be University(Pvt),N,Y,1-3669181121,fetchdata,2020-2021,Engineering and Technology,1,1,1,1,Uttar Pradesh,1
1-7011456180,TRINITY INSTITUTE OF INNOVATIONS IN PROFESSIONAL STUDIES,"2B/1 
KNOWLEDGE PARK-III",GAUTAM BUDDHA NAGAR,Private-Self Financing,N,N,1-3684585544,fetchdata,2020-2021,Engineering and Technology,1,1,1,1,Uttar Pradesh,1
1-7013734128,JIMS ENGINEERING MANAGEMENT TECHNICAL CAMPUS,"48/4,KNOWLEDGE PARK-III,
GREATER NOIDA
PIN-201306",GAUTAM BUDDHA NAGAR,Private-Self Financing,N,N,1-6898451,fetchdata,2020-2021,Engineering and Technology,1,1,1,1,Uttar Pradesh,1
1-7014015858,JAHANGIRABAD EDUCATIONAL TRUST GROUP OF INSTITUTIONS,"JAHANGIRABAD FORT, JAHANGIRABAD,BARABANKI,UP-225203",BARABANKI,Private-Self Financing,N,Y,1-8718336,fetchdata,2020-2021,Engineering and Technology,1,1,1,1,Uttar Pradesh,1
1-7014075799,"M.G.POLYTECHNIC, HATHRAS",AGRA ALIGARH ROAD HATHRAS,MAHAMAYA NAGAR,Govt aided,N,N,1-522663081,fetchdata,2020-2021,Engineering and Technology,1,1,1,1,Uttar Pradesh,1
1-7014076013,INSTITUTE OF ENGINEERING & TECHNOLOGY,"DR. RAM MANOHAR LOHIA AVADH UNIVERSITY,
FAIZABAD
UTTAR PRADESH 224001",FAIZABAD,State Government University,N,N,1-35241531,fetchdata,2020-2021,Engineering and Technology,1,1,1,1,Uttar Pradesh,1
1-7014076302,GOVERNMENT POLYTECHNIC BIJNOR UP,"GOVERNMENT POLYTECHNIC
MEERUT ROAD, BIJNOR, UP",BIJNOR,Government,N,N,1-457237741,fetchdata,2020-2021,Engineering and Technology,1,1,1,1,Uttar Pradesh,1
1-7014112044,"R.S.S.COLLEGE OF TECH.& MGMT. BALDEO ,MATHURA","BALDEO, MATHURA",MATHURA,Private-Self Financing,N,N,1-500246291,fetchdata,2020-2021,Engineering and Technology,1,1,1,1,Uttar Pradesh,1
1-7013645754,LAKHMIRI INSTITUTE OF ENGINEERING & TECHNOLOGY,"GOPI NAGAR, AHERA POST - BAGHPAT, DISTT. - BAGHPAT (U.P) 250609",BAGPAT,Private-Self Financing,N,N,1-2878170781,fetchdata,2020-2021,Engineering and Technology,1,1,1,1,Uttar Pradesh,1
1-7013704670,GOVERNMENT POLYTECHNIC BARABANKI,"JAHANGIRABAD RD.
SOMMIYANAGAR
BARABANKI",BARABANKI,Government,N,N,1-474661871,fetchdata,2020-2021,Engineering and Technology,1,1,1,1,Uttar Pradesh,1
1-7013704852,GAYATRI COLLEGE OF ENGG.&TECHNOLOGY,MURHI JAHANGIRPUR,AGRA,Private-Self Financing,N,N,1-476366521,fetchdata,2020-2021,Engineering and Technology,1,1,1,1,Uttar Pradesh,1
1-7013736504,VISION INSTITUTE OF TECHNOLOGY,"HATHIPUR, MAHRAJPUR
NH-2
KNAPUR",KANPUR NAGAR,Private-Self Financing,N,N,1-7309818,fetchdata,2020-2021,Engineering and Technology,1,1,1,1,Uttar Pradesh,1
1-7013737084,"GOVERNMENT POLYTECHNIC, MAU","VILLAGE- KANDHERI  NEAR DOORDASHERSN KENDRA , MAU",MAU,Government,N,N,1-482121751,fetchdata,2020-2021,Engineering and Technology,1,1,1,1,Uttar Pradesh,1
1-7013949402,"GOVERNEMT POLYTECHNIC, FATEHPUR","NAUWA BAGH, G.T. ROAD",FATEHPUR,Government,N,N,1-462557131,fetchdata,2020-2021,Engineering and Technology,1,1,1,1,Uttar Pradesh,1
1-7014049386,JP INSTITUTE OF HOTEL MANAGEMENT & CATERING TECHNOLOGY,"POST - RAJPURA, MAWANA ROAD",MEERUT,Private-Self Financing,N,N,1-455818941,fetchdata,2020-2021,Engineering and Technology,1,1,1,1,Uttar Pradesh,1
1-7014076508,KASHI NATH INSTITUTE OF TECHNOLOGY,"VILLAGE- SANAND NAGAR, POST- BANKI KHURD, GHAZIPUR",GHAZIPUR,Private-Self Financing,N,N,1-450196631,fetchdata,2020-2021,Engineering and Technology,1,1,1,1,Uttar Pradesh,1
1-7014078207,"GOVT. POLYTECHNIC TALBEHAT ,LALITPUR",GOVT. POLYTECHNIC TALBEHAT LALITPUR,LALITPUR,Government,N,N,1-1537520451,fetchdata,2020-2021,Engineering and Technology,1,1,1,1,Uttar Pradesh,1
1-7013647296,GOVERNMENT POLYTECHNIC,MAANPUR BLOCK BEEGHAUR,UNNAO,Government,N,N,1-2878183051,fetchdata,2020-2021,Engineering and Technology,1,1,1,1,Uttar Pradesh,1
1-7013678339,"REMOTE SENSING APPLICATIONS CENTRE ,U.P.","SECTOR-G ,JANKIPURAM, KURSI ROAD ,LUCKNOW",LUCKNOW,Government,N,N,1-515102021,fetchdata,2020-2021,Engineering and Technology,1,1,1,1,Uttar Pradesh,1
1-7013678734,ALLAHABAD COLLEGE OF ENGINEERING AND MANAGEMENT,G.T ROAD (123 K.M FROM KANPUR/77 K.M FROM ALLAHABAD) PURIEN MOD. KHAGA,FATEHPUR,Private-Self Financing,N,N,1-493887551,fetchdata,2020-2021,Engineering and Technology,1,1,1,1,Uttar Pradesh,1
1-7013705210,KANCHAN POLYTECHNIC,"VILLAGE- MANHERU, POST- BELA KHARA, RAE BARELI",RAE BARELI,Private-Self Financing,N,N,1-462629961,fetchdata,2020-2021,Engineering and Technology,1,1,1,1,Uttar Pradesh,1
1-7013706517,PRASAD POLYTECHNIC,"PUNCH-HATTIA 
SADAR",JAUNPUR,Private-Self Financing,N,N,1-479655381,fetchdata,2020-2021,Engineering and Technology,1,1,1,1,Uttar Pradesh,1
1-7013738477,"FACULTY OF ENGINEERING & TECHNOLOGY, R.B.S.COLLEGE, BICHPURI CAMPUS, AGRA.","BICHPURI CAMPUS, BICHPURI, AGRA.",AGRA,Private-Self Financing,N,N,1-5933071,fetchdata,2020-2021,Engineering and Technology,1,1,1,1,Uttar Pradesh,1
1-7013950731,RAM SINGH COLLEGE OF ENGG.&TECHNOLOGY,"NAGLA SIKANDAR
TUNDLA,ETAH ROAD 
FIROZABAD",FIROZABAD,Private-Self Financing,N,N,1-476171123,fetchdata,2020-2021,Engineering and Technology,1,1,1,1,Uttar Pradesh,1
1-7013951066,GYAN BHARTI INSTITUTE OF TECHNOLOGY,"GYAN NAGAR,
OPP. ANSAL SUSHANT CITY,
NH-58, PARTAPUR BY-PASS ROAD,
MEERUT-250002",MEERUT,Private-Self Financing,N,N,1-2893381,fetchdata,2020-2021,Engineering and Technology,1,1,1,1,Uttar Pradesh,1
1-7013986058,DEVO MAHESH COLLEGE OF ENGINEERING & TECHNOLOGY,"SUKRIT (VARANASI TO SHAKTINAGAR G.T. ROAD) ROBARTSGANJ, SONBHADRA, UTTAR PRADESH (INDIA)",SONBHADRA,Private-Self Financing,N,N,1-2071025701,fetchdata,2020-2021,Engineering and Technology,1,1,1,1,Uttar Pradesh,1
1-7014051705,ACADEMY OF TECHNOLOGY MANAGEMENT AND SCIENCE,"ACCHEJA, NH-24, 49TH MILESTONE, HAPUR BYPASS,",GHAZIABAD,Private-Self Financing,N,N,1-1561390821,fetchdata,2020-2021,Engineering and Technology,1,1,1,1,Uttar Pradesh,1
1-7014079126,INDIAN INSTITUTE OF CARPET TECHNOLOGY,CHAURI ROAD BHADOHI,SANT RAVIDAS NAGAR,Govt aided,N,N,1-462578871,fetchdata,2020-2021,Engineering and Technology,1,1,1,1,Uttar Pradesh,1
1-7013680485,ACCURATE INSTITUTE OF POLYTECHNIC,"PLOT NO 49
KNOWLEDGE PARK-III
GREATER NOIDA",GAUTAM BUDDHA NAGAR,Private-Self Financing,N,N,1-2888693061,fetchdata,2020-2021,Engineering and Technology,1,1,1,1,Uttar Pradesh,1
1-7013707357,K.S. INSTITUTE OF MANAGEMENT & TECHNOLOGY,KARODI ROAD,MUZAFFARNAGAR,Private-Self Financing,N,N,1-747960624,fetchdata,2020-2021,Engineering and Technology,1,1,1,1,Uttar Pradesh,1
1-7013924637,SKY INSTITUTE OF MANAGEMENT AND TECHNOLOGY,"LADAMDA, BICHPURI, AGRA",MATHURA,Private-Self Financing,N,N,1-2055162081,fetchdata,2020-2021,Engineering and Technology,1,1,1,1,Uttar Pradesh,1
1-7013924862,M.S.D.POLYTECHNIC COLLEGE,"BALPUR, KHARAILA, SARAIPALTU",AZAMGARH,Private-Self Financing,N,N,1-513542071,fetchdata,2020-2021,Engineering and Technology,1,1,1,1,Uttar Pradesh,1
1-7013952257,HMFA MEMORIAL INSTITUTE OF ENGG & TECH.,"KARARI BHADAILY, HANDIA, ALLAHABAD",ALLAHABAD,Private-Self Financing,N,N,1-5325021,fetchdata,2020-2021,Engineering and Technology,1,1,1,1,Uttar Pradesh,1
1-7013987705,BHASHKAR POLYTECHNIC COLLEGE,"SHAMLI ROAD

KAIRANA

(SHAMLI)",MUZAFFARNAGAR,Private-Self Financing,N,N,1-1465664891,fetchdata,2020-2021,Engineering and Technology,1,1,1,1,Uttar Pradesh,1
1-7013988151,GOVERNMENT POLYTECHNIC BANDA,"CHILLA ROAD 
 NEAR KATAI MILL",BANDA,Government,N,N,1-524341001,fetchdata,2020-2021,Engineering and Technology,1,1,1,1,Uttar Pradesh,1
1-7014118489,VISHVESHWARYA INSTITUTE OF POLYTECHNIC,"VILLAGE BEEL AKBARPUR, & TEHSIL DADRI, DISTT. GAUTAM BUDH NAGAR",GAUTAM BUDDHA NAGAR,Private-Self Financing,N,N,1-2857413111,fetchdata,2020-2021,Engineering and Technology,1,1,1,1,Uttar Pradesh,1
1-7014119631,KRISHNA INSTITUTE OF TECHNOLOGY 351,"GRAM AMILIHA,POST TATIYAGANJ",KANPUR NAGAR,Private-Self Financing,N,N,1-23064741,fetchdata,2020-2021,Engineering and Technology,1,1,1,1,Uttar Pradesh,1
1-7013649768,"LUCKNOW INSTITUTE OF TECHNOLOGY, LUCKNOW","AZADPURAM, ADJACENT CRPF GROUP CENTRE, POST- CHANDRAWAL, BIJNOUR-BANTHARA ROAD",LUCKNOW,Private-Self Financing,N,Y,1-3992601,fetchdata,2020-2021,Engineering and Technology,1,1,1,1,Uttar Pradesh,1
1-7013681113,B R GAUTAM POLYTECHNIC INSTITUTE,RAJAPUR,JAUNPUR,Private-Self Financing,N,N,1-3512284844,fetchdata,2020-2021,Engineering and Technology,1,1,1,1,Uttar Pradesh,1
1-7013710200,IMS ENGINEERING COLLEGE,"NH-24, ADHYATMIK NAGAR, 
GHAZIABAD, UTTAR PRADESH
PIN CODE 201009",GHAZIABAD,Private-Self Financing,N,N,1-4903321,fetchdata,2020-2021,Engineering and Technology,1,1,1,1,Uttar Pradesh,1
1-7013742869,GCRG MEMORIAL TRUST'S GROUP OF INSTITUTIONS,"VILLAGE-PARVATPUR,
CHANDRIKA DEVI ROAD,
POST-KATHWARA
BAKSHI KA TALAB
DISTT.-LUCKNOW
UTTAR PRADESH",LUCKNOW,Private-Self Financing,N,N,1-10294391,fetchdata,2020-2021,Engineering and Technology,1,1,1,1,Uttar Pradesh,1
1-7013895419,"CHHATRAPATI SAHUJI MAHARAJ GOVERNMENT POYTECHNIC, BALRAMPUR (RUNNING AT GOVT POLT. GONDA)","CHHATRAPATI SAHUJI MAHARAJ GOVERNMENT POLYTECHNIC, SURAHIYA DEWER POST - MAHUWA DHANI BALRAMPUR",BALRAMPUR,Government,N,N,1-486282911,fetchdata,2020-2021,Engineering and Technology,1,1,1,1,Uttar Pradesh,1
1-7013895564,MAHAVEER INSTITUTE OF TECHNOLOGY,"VILL. SARFUDDEENPUR ABUSA, POST SARAY INYAYAT, TEHSIL FULPUR",ALLAHABAD,Private-Self Financing,N,N,1-518894391,fetchdata,2020-2021,Engineering and Technology,1,1,1,1,Uttar Pradesh,1
1-7013925512,GOVERNMENT GIRLS POLYTECHNIC BALLIA,TIKHAMPUR BALLIA,BALLIA,Government,Y,N,1-493882871,fetchdata,2020-2021,Engineering and Technology,1,1,1,1,Uttar Pradesh,1
1-7013988273,GOVERNMENT GIRLS  POLYTECHNIC MEJA,"MEJA KHAS,
ALLAHABAD",ALLAHABAD,Government,Y,N,1-511759291,fetchdata,2020-2021,Engineering and Technology,1,1,1,1,Uttar Pradesh,1
1-7013990408,AERONAUTICAL TRAINING INSTITUTE UP,LUCKNOW AIRPORT LUCKNOW,LUCKNOW,Government,N,N,1-496132791,fetchdata,2020-2021,Engineering and Technology,1,1,1,1,Uttar Pradesh,1
1-7014081967,GOVERNMENT GIRLS POLYTECHNIC CHARKHARI MAHOBA,"GOVERNMENT GIRLS POLYTECHNIC , STATION ROAD CHARKHARI MAHOBA",MAHOBA,Government,Y,N,1-530749861,fetchdata,2020-2021,Engineering and Technology,1,1,1,1,Uttar Pradesh,1
1-7014082144,GOVERNMENT POLYTECHNIC CHOPAN SONEBHADRA,SENDURIA CHOPAN SONEBHADRA,SONBHADRA,Government,N,N,1-2861233511,fetchdata,2020-2021,Engineering and Technology,1,1,1,1,Uttar Pradesh,1
1-7014120959,"GOVERNMENT POLYTECHNIC, FIROZABAD","NEAR STADIUM, JALESAR ROAD , FIROZABAD",FIROZABAD,Government,N,N,1-492934291,fetchdata,2020-2021,Engineering and Technology,1,1,1,1,Uttar Pradesh,1
1-7013651172,SAROJ COLLEGE OF ENGINEERING AND POLYTECHNIC,"CHAND SARAI, 
NEAR
GOSAINGANJ
SULTANPUR ROAD
LUCKNOW",LUCKNOW,Private-Self Financing,N,N,1-2105664791,fetchdata,2020-2021,Engineering and Technology,1,1,1,1,Uttar Pradesh,1
1-7013652395,P.K.POLYTECHNIC,"HATHRAS ROAD, MISHRI, SONAI , MATHURA",MATHURA,Private-Self Financing,N,N,1-404574931,fetchdata,2020-2021,Engineering and Technology,1,1,1,1,Uttar Pradesh,1
1-7013652901,HASTINAPUR INSTITUTE OF TECHNOLOGY & MANAGEMENT,"HASTINAPUR ROAD 

VILAGE GANESHPUR
TEHSIL MAWANA",MEERUT,Private-Self Financing,N,N,1-831614121,fetchdata,2020-2021,Engineering and Technology,1,1,1,1,Uttar Pradesh,1
1-7013682410,A.D.R.S. INSTITUTE OF TECHNOLOGY & MANAGEMENT,"G.T. ROAD, TEH.-GABHANA,
ALIGARH",ALIGARH,Private-Self Financing,N,N,1-506058351,fetchdata,2020-2021,Engineering and Technology,1,1,1,1,Uttar Pradesh,1
1-7013745042,GOVERNMENT POLYTECHNIC MADHOGARH,PRINCIPAL GOVERNMENT POLYTECHNIC MADHOGARH (JALAUN)UP,JALAUN,Government,N,N,1-514159911,fetchdata,2020-2021,Engineering and Technology,1,1,1,1,Uttar Pradesh,1
1-7013802517,SHRI TRIDANDIDEO HANUMAT TECHNICAL COLLEGE,"BISUPUR, KHANDWARI, CHANDAULI",CHANDAULI,Private-Self Financing,N,N,1-2196718161,fetchdata,2020-2021,Engineering and Technology,1,1,1,1,Uttar Pradesh,1
1-7013802743,GOVT. GIRLS POLYTECHNIC BAREILLY,"C.B. GANJ, RAMPUR ROAD, N.H. 24, BAREILLY U.P.",BAREILLY,Government,Y,N,1-465665481,fetchdata,2020-2021,Engineering and Technology,1,1,1,1,Uttar Pradesh,1
1-7013863556,"P.M.V. POLYTECHNIC, MATHURA","MATHURA-VRINDAVAN ROAD, NEAR BIRLA TEMPLE, MATHURA",MATHURA,Govt aided,N,N,1-536946181,fetchdata,2020-2021,Engineering and Technology,1,1,1,1,Uttar Pradesh,1
1-7013865044,MEERUT INSTITUTE OF TECHNOLOGY,"NH-58, BARAL PARTAPUR, BYPASS ROAD, MEERUT-250103 (U.P.)",MEERUT,Private-Self Financing,N,N,1-6588351,fetchdata,2020-2021,Engineering and Technology,1,1,1,1,Uttar Pradesh,1
1-7013897088,VIKAS INSTITUTE OF ENGINEERING AND TECHNOLOGY,"VIL-JUNGLE EKLA NO-2
HATHWA TOLA
PO- GULARIHA",GORAKHPUR,Private-Self Financing,N,N,1-728926571,fetchdata,2020-2021,Engineering and Technology,1,1,1,1,Uttar Pradesh,1
1-7013897353,SHRI JEET RAM SMARAK INSTITUTE OF POLYTECHNIC,"VILLAGE KHATA, P.O BHANDSAR,",BAREILLY,Private-Self Financing,N,N,1-720645801,fetchdata,2020-2021,Engineering and Technology,1,1,1,1,Uttar Pradesh,1
1-7013897532,"CENTRE FOR DEVELOPMENT OF ADVANCED COMPUTING, NOIDA","ANUSANDHAN BHAWAN, C-56/1 & B-30, INSTITUTIONAL AREA, SECTOR-62, NOIDA",GAUTAM BUDDHA NAGAR,Government,N,N,1-21699611,fetchdata,2020-2021,Engineering and Technology,1,1,1,1,Uttar Pradesh,1
1-7013926706,SHRI SAHDEV PAUDHARIYA POLYTECHNIC COLLEGE,"VILLAGE MANDA BAHAR KHADSARA, POST- RASRA, TEHSIL- RASRA",BALLIA,Private-Self Financing,N,N,1-2074028681,fetchdata,2020-2021,Engineering and Technology,1,1,1,1,Uttar Pradesh,1
1-7013926899,VISION INSTITUTE OF TECHNOLOGY,"SHAHPUR, MADROK
ALIGARH-AGRA HIGHWAY
ALIGARH",ALIGARH,Private-Self Financing,N,N,1-2123071,fetchdata,2020-2021,Engineering and Technology,1,1,1,1,Uttar Pradesh,1
1-7013927424,MORADABAD POLYTECHNIC INSTITUTE,SAMBHAL ROAD          RUSTAM SARAI,MORADABAD,Private-Self Financing,N,Y,1-479191791,fetchdata,2020-2021,Engineering and Technology,1,1,1,1,Uttar Pradesh,1
1-7013927658,GOVERNMENT POLYTECHNIC SHAHJAHANPUR,"VILL-LALPUR
BLOCK-DADROUL
JALALABAD ROAD",SHAHJAHANPUR,Government,N,N,1-475129943,fetchdata,2020-2021,Engineering and Technology,1,1,1,1,Uttar Pradesh,1
1-7014057566,GOVERNMENT POLYTECHNIC,"G. T. ROAD, CHHACHHA,
BHOGAON
DISTT-MAINPURI",MAINPURI,Government,N,N,1-1504882511,fetchdata,2020-2021,Engineering and Technology,1,1,1,1,Uttar Pradesh,1
1-7014057686,"GOVT. POLYTECHNIC SIKANDRA,KANPUR DEHAT","VILLAGE- SIKANDRA, KANPUR DEHAT",RAMABAI NAGAR (KANPUR DEHAT),Government,N,N,1-1532423211,fetchdata,2020-2021,Engineering and Technology,1,1,1,1,Uttar Pradesh,1
1-7014084788,R V INSTITUTE OF TECHNOLOGY,"VILLAGE ALHEDADPUR, 9TH KM MILESTONE, BIJNOR MORADABAD ROAD, BIJNOR, UTTAR PRADESH-246701",BIJNOR,Private-Self Financing,N,N,1-11338124,fetchdata,2020-2021,Engineering and Technology,1,1,1,1,Uttar Pradesh,1
1-7013653199,KASHINATH INSTITUTE OF POLYTECHNIC,"VILLAGE- NARAYANPUR KAKARAHI, POST- DAULATPUR, GHAZIPUR",GHAZIPUR,Private-Self Financing,N,N,1-3400514101,fetchdata,2020-2021,Engineering and Technology,1,1,1,1,Uttar Pradesh,1
1-7013715713,"CHAUDHARY BEERI SINGH COLLEGE OF ENGINEERING & MANAGEMENT, AGRA","CH. BEERI SINGH COLLEGE OF ENGINEERING & MANAGEMENT,
POIYA, NEAR 400 KV SUB STATION, PILI POKHAR, ALIGARH ROAD, AGRA-282006",AGRA,Private-Self Financing,N,N,1-3476931,fetchdata,2020-2021,Engineering and Technology,1,1,1,1,Uttar Pradesh,1
1-7013774142,JANTA COLLEGE OF POLYTECHNIC,"NOORPUR, POST KHAS, TEHSIL- CHANDPUR, DISTT- BIJNOR",BIJNOR,Private-Self Financing,N,Y,1-2882331831,fetchdata,2020-2021,Engineering and Technology,1,1,1,1,Uttar Pradesh,1
1-7013774310,VIVEKANANDA COLLEGE OF POLYTECHNIC,MATHURA BYPASS NEAR KHAIR ROAD 500 MTRS FROM NADA PUL,ALIGARH,Private-Self Financing,N,N,1-3371050371,fetchdata,2020-2021,Engineering and Technology,1,1,1,1,Uttar Pradesh,1
1-7013802910,JASWANT SINGH BHADAURIA INSTITUTE OF TECHNOLOGY,VILL + POST KOSI KHURD BHARATPUR ROAD MATHURA,MATHURA,Private-Self Financing,N,N,1-458433155,fetchdata,2020-2021,Engineering and Technology,1,1,1,1,Uttar Pradesh,1
1-7013803700,DEVENDER SINGH INSTITUTE OF TECHNOLOGY AND MANAGEMENT,"05 KM STONE, NH-58 OPP. ITC, DELHI-MEERUT ROAD, GHAZIABAD",GHAZIABAD,Private-Self Financing,N,N,1-8172099,fetchdata,2020-2021,Engineering and Technology,1,1,1,1,Uttar Pradesh,1
1-7013834877,MAHATMA JYOTIBA PHULE GOVERNMENT POLYTECHNIC KAUSHAMBI,"VILL-TEWAN
MANJHANPUR",KAUSHAMBI,Government,N,N,1-513929261,fetchdata,2020-2021,Engineering and Technology,1,1,1,1,Uttar Pradesh,1
1-7013835019,JP INSTITUTE OF ENGINEERING & TECHNILOGY,"SALARPUR, JALALPUR
MAWANA ROAD, MEERUT
PIN-250001",MEERUT,Private-Self Financing,N,N,1-4824676,fetchdata,2020-2021,Engineering and Technology,1,1,1,1,Uttar Pradesh,1
1-7013866514,BANSAL INSTITUTE OF ENGINEERING AND TECNOLOGY,"NH-24, BEHIND SEWA HOSPITAL,
SITAPUR ROAD,
LUCKNOW",LUCKNOW,Private-Self Financing,N,N,1-6848541,fetchdata,2020-2021,Engineering and Technology,1,1,1,1,Uttar Pradesh,1
1-7013898035,DAYALBAGH EDUCATIONAL INSTITUTE,"DAYALBAGH, AGRA - 282110, UTTAR PRADESH, INDIA.",AGRA,Govt aided,N,N,1-482451854,fetchdata,2020-2021,Engineering and Technology,1,1,1,1,Uttar Pradesh,1
1-7013929105,GOVT. POLYTECHNIC BASTI,BANSI ROAD HATHIAGARH BASTI,BASTI,Government,N,N,1-480562801,fetchdata,2020-2021,Engineering and Technology,1,1,1,1,Uttar Pradesh,1
1-7013929324,FEROZE GANDHI POLYTECHNIC,RATAPUR,RAE BARELI,Govt aided,N,N,1-513090141,fetchdata,2020-2021,Engineering and Technology,1,1,1,1,Uttar Pradesh,1
1-7014058460,HERITAGE TECHNICAL COLLEGE,"13,KM. MILE STONE HERITAGE KNOWLEDGE CITY,FATEHABAD ROAD BAMRAULI KATARA, AGRA",AGRA,Private-Self Financing,N,N,1-2187948381,fetchdata,2020-2021,Engineering and Technology,1,1,1,1,Uttar Pradesh,1
1-7013653532,SANJAY GANDHI POLYTECHNIC,"ROAD NO.- 4
INDUSTRIAL AREA JAGDISHPUR",AMETHI,Government,N,N,1-475212911,fetchdata,2020-2021,Engineering and Technology,1,1,1,1,Uttar Pradesh,1
1-7013655476,SAROJ INSTITUTE OF MANAGEMENT AND TECHNOLOGY,"CHAND SARAI, NEAR GOSAIGANJ,
SULTANPUR RAOD,
LUCKNOW",LUCKNOW,Private-Self Financing,N,N,1-5295661,fetchdata,2020-2021,Engineering and Technology,1,1,1,1,Uttar Pradesh,1
1-7013718231,BHAGWANT INSTITUTE OF TECHNOLOGY,"BHAGWANTPURAM, 17TH MILE STONE
BIJNOR-DELHI HIGHWAY
DISTT.- MUZAFFARNAGAR 
(U.P.)-251315",MUZAFFARNAGAR,Private-Self Financing,N,N,1-16872534,fetchdata,2020-2021,Engineering and Technology,1,1,1,1,Uttar Pradesh,1
1-7013776355,SHIVALIK INSTITUTE OF MANAGEMENT AND TECHNOLOGY,"VILL-SARAGTHAL MUSTAKAM, P.O- SADHOLI HARIYA,",SAHARANPUR,Private-Self Financing,N,N,1-2046377471,fetchdata,2020-2021,Engineering and Technology,1,1,1,1,Uttar Pradesh,1
1-7013805522,LUCKNOW POLYTECHNIC LUCKNOW," KANPUR ROAD,KRISHNA NAGAR",LUCKNOW,Govt aided,N,N,1-478354121,fetchdata,2020-2021,Engineering and Technology,1,1,1,1,Uttar Pradesh,1
1-7013837330,SMT.RAM DULARI COLLEGE OF TECHNOLOGY & MANAGEMENT,"7,N.R.GARDEN ,OLE,MATHURA",MATHURA,Private-Self Financing,N,N,1-502651481,fetchdata,2020-2021,Engineering and Technology,1,1,1,1,Uttar Pradesh,1
1-7013837480,"INSTITUTE OF TECHNOLOGY &MANAGEMENT,LUCKNOW","N.H.-24,MAMPUR BANA,BAKSHI KA TALAB,SITAPUR ROAD,LUCKNOW",LUCKNOW,Private-Self Financing,N,N,1-4199791,fetchdata,2020-2021,Engineering and Technology,1,1,1,1,Uttar Pradesh,1
1-7013869476,ALLENHOUSE INSTITUTE OF TECHNOLOGY,"PLOT  NO. 176, ROOMA,
KULGAON ROAD,
KANPUR",KANPUR NAGAR,Private-Self Financing,N,N,1-6262181,fetchdata,2020-2021,Engineering and Technology,1,1,1,1,Uttar Pradesh,1
1-7013997849,GOVERNMENT GIRL'S POLYTECHNIC SHAMLI,G.G.P SHAMLI MUNDATE ROAD SHAMLI,SHAMLI,Government,Y,N,1-475207671,fetchdata,2020-2021,Engineering and Technology,1,1,1,1,Uttar Pradesh,1
1-7014027933,GCRG COLLEGE OF  POLYTECHNIC,"PARVATPUR, CHANDRIKA DEVI ROAD, BAKSHI KA TALAB, LUCKNOW",LUCKNOW,Private-Self Financing,N,N,1-739347891,fetchdata,2020-2021,Engineering and Technology,1,1,1,1,Uttar Pradesh,1
1-7014060661,"AZAD POLYTECHNIC, BHARTHIPUR","BHARTHIPUR, PALHNA, LALGANJ, AZAMGARH",AZAMGARH,Private-Self Financing,N,N,1-461664851,fetchdata,2020-2021,Engineering and Technology,1,1,1,1,Uttar Pradesh,1
1-7014114388,B. S. M. COLLEGE OF TECHNOLOGY AND MANAGEMENT,"VILL-BHADAR
POST-SON
DISTT-MATHURA",MATHURA,Private-Self Financing,N,N,1-478117321,fetchdata,2020-2021,Engineering and Technology,1,1,1,1,Uttar Pradesh,1
1-7013689059,DR VIJAY INSTITUTE OF EDUCATION AND TECHNOLOGY,"VILLAGE- BHANDAHA KALA, POST- KAITHI, NH-29, VARANASI",VARANASI,Private-Self Financing,N,Y,1-2510067141,fetchdata,2020-2021,Engineering and Technology,1,1,1,1,Uttar Pradesh,1
1-7013719173,LUCKNOW MODEL INSTITUTE OF TECHNOLOGY & MANAGEMENT,"LUCKNOW MODEL INSTITUTE OF TECHNOLOGY & MANAGEMENT
4.0 K.M. STONE MOHANLALGANJ - KANPUR ROAD BYPASS
VILLAGE: BHASANDA, PARGANA - NIGOHA
TEHSIL: MOHANLALGANJ
JANPAD LUCKNOW, U.P.",LUCKNOW,Private-Self Financing,N,N,1-8909931,fetchdata,2020-2021,Engineering and Technology,1,1,1,1,Uttar Pradesh,1
1-7013750144,"GOVT. POLYTECHNIC,PILIBHIT(U.P)","GOVT. POLYTECHNIC,BILGAUN ROAD",PILIBHIT,Government,N,N,1-486883911,fetchdata,2020-2021,Engineering and Technology,1,1,1,1,Uttar Pradesh,1
1-7013776559,SMT.FULEHRA SMARAK COLLEGE OF POLYTECHNIC,"KAMTAILLA, RASRA, BALLIA (U.P.)",BALLIA,Private-Self Financing,N,N,1-2201117141,fetchdata,2020-2021,Engineering and Technology,1,1,1,1,Uttar Pradesh,1
1-7013777844,K.L. POLYTECHNIC,"BHARAURA
MALHANI
PO:MALHANI BAZAR",JAUNPUR,Private-Self Financing,N,N,1-498207103,fetchdata,2020-2021,Engineering and Technology,1,1,1,1,Uttar Pradesh,1
1-7013806052,MAHAKRNIK TATHAGAT GAUTAM BUDHA GOVT. POLYTECHNIC SIDDHARTH NAGAR,"VASA CHAK, DUMARIYAGANJ SIDDHATHNAGAR",SIDDHARTHNAGAR,Government,N,N,1-486681621,fetchdata,2020-2021,Engineering and Technology,1,1,1,1,Uttar Pradesh,1
1-7013807186,"CHHATRAPATI SAHUJI MAHARAJ GOVERNMENT POLYTECHNIC,AMBEDKARNAGAR","FAIZABAD ROAD
SHIVBABA,AKBARPUR,AMBEDKARNAGAR",AMBEDKAR NAGAR,Government,N,N,1-480133081,fetchdata,2020-2021,Engineering and Technology,1,1,1,1,Uttar Pradesh,1
1-7013838204,GOVERNMENT POLYTECHNIC MORADABAD,"KANTH ROAD, OPPOSITE VIVEKANAND HOSPITAL , MORADABAD",MORADABAD,Government,N,N,1-479242731,fetchdata,2020-2021,Engineering and Technology,1,1,1,1,Uttar Pradesh,1
1-7013839596,SHREE BHAGWAT INSTITUTE OF TECHNOLOGY,"N.H.-2 (MOHANSARAI BYPASS ROAD), 
VILL.-DELHNA, POST-KASHIPUR,            VARANASI (U.P.)-221011",VARANASI,Private-Self Financing,N,N,1-2068837731,fetchdata,2020-2021,Engineering and Technology,1,1,1,1,Uttar Pradesh,1
1-7013902491,IMS COLLEGE OF POLYTECHNIC,"97 MILE STONE, NH-24,KAKATHER CROSSING, KHUNGAWALI, GAJRAULA, J.P. NAGAR",J P NAGAR,Private-Self Financing,N,N,1-524513341,fetchdata,2020-2021,Engineering and Technology,1,1,1,1,Uttar Pradesh,1
1-7014031682,"GOVERNMENT POLYTECHNIC, AADAMPUR, TARABGANJ, GONDA","GOVERNMENT POLYTECHNIC, AADAMPUR,BLOCK- BELSAR, TEHSIL- TARABGANJ, GONDA",GONDA,Government,N,N,1-1552167861,fetchdata,2020-2021,Engineering and Technology,1,1,1,1,Uttar Pradesh,1
1-7014063896,NATIONAL SUGAR INSTITUTE,KALYANPUR,KANPUR NAGAR,Government,N,N,1-2480100091,fetchdata,2020-2021,Engineering and Technology,1,1,1,1,Uttar Pradesh,1
1-7013629061,"GOVT. GIRLAS POLYTECHNIC, AMETHI",DHMAUR ROAD,AMETHI,Government,Y,N,1-505375991,fetchdata,2020-2021,Engineering and Technology,1,1,1,1,Uttar Pradesh,1
1-7013659055,"SAROJ INSTITUTE OF TECHNOLOGY & MANAGEMENT, LUCKNOW","AHIMAMAU, 
P.O. ARJUNGANJ,
SULTANPUR RAOD,
LUCKNOW.",LUCKNOW,Private-Self Financing,N,N,1-7995104,fetchdata,2020-2021,Engineering and Technology,1,1,1,1,Uttar Pradesh,1
1-7013722080,SWAMI KALYAN DEV POLYTECHNIC INSTITUITE,VILL-BEHRA SADAT.POST-KAKRAULI.,MUZAFFARNAGAR,Private-Self Financing,N,N,1-503599301,fetchdata,2020-2021,Engineering and Technology,1,1,1,1,Uttar Pradesh,1
1-7013840406,RAJARSHI RANANJAY SINH INSTITUTE OF MANAGEMENT & TECHNOLOGY,"RAJARSHI NAGAR,
MUNSHIGANJ",SULTANPUR,Private-Self Financing,N,N,1-7612991,fetchdata,2020-2021,Engineering and Technology,1,1,1,1,Uttar Pradesh,1
1-7013965749,BABU SUNDER SINGH INSTITUTE OF TECHNOLOGY & MANAGEMENT,"VILL. SHERPUR LAWAL 
NH-24B,RAEBARELLY ROAD,
NIGOHAN
LUCKNOW",LUCKNOW,Private-Self Financing,N,N,1-8093711,fetchdata,2020-2021,Engineering and Technology,1,1,1,1,Uttar Pradesh,1
1-7013631719,JANTA POLYTECHNIC JAHANGIRABAD,"JAHANGIRABAD, BHAIPUR (BULANDSHAHR) U.P. - 202391",BULANDSHAHAR,Govt aided,N,N,1-465940751,fetchdata,2020-2021,Engineering and Technology,1,1,1,1,Uttar Pradesh,1
1-7013663881,ANAND ENGINEERING COLLEGE,"N. H. 2, AGRA - MATHURA HIGHWAY, KEETHAM",AGRA,Private-Self Financing,N,N,1-9292671,fetchdata,2020-2021,Engineering and Technology,1,1,1,1,Uttar Pradesh,1
1-7013843882,DR. K.N. MODI INSTITUTE OF ENGINEERING AND TECHNOLOGY,"DELHI - MEERUT ROAD, OPPOSITE SBI MAIN BRANCH
MODINAGAR, DISTRICT - GHAZIABAD
PIN - 201201",GHAZIABAD,Private-Self Financing,N,N,1-12314001,fetchdata,2020-2021,Engineering and Technology,1,1,1,1,Uttar Pradesh,1
1-7013906569,"MANYAVAR KASHI RAM GOVERNMENT POLYTECHNIC, KANNAUJ","DURGA NAGAR, TIRWA KAHS, KANNAUJ",KANNAUJ,Government,N,N,1-479023391,fetchdata,2020-2021,Engineering and Technology,1,1,1,1,Uttar Pradesh,1
1-7013935972,ACE COLLEGE OF ENGINEERING AND MANAGEMENT,"17 KM MILE STONE, AGRA KANPUR ROAD, NH-2, PLOT NO-455, 456, 457
VILLEGE-SUREHRA,",AGRA,Private-Self Financing,N,N,1-424583401,fetchdata,2020-2021,Engineering and Technology,1,1,1,1,Uttar Pradesh,1
1-7013937311,VIIT POLYTECHNIC COLLEGE,"VIIT CAMPUS, G.T. ROAD, SUNHERA, BULANDSHAHR U.P.",BULANDSHAHAR,Private-Self Financing,N,N,1-510933341,fetchdata,2020-2021,Engineering and Technology,1,1,1,1,Uttar Pradesh,1
1-7013937540,DR. VIRENDRA SWARUP MEMORIAL TRUST GROUP OF INSTITUTION,"RAGENDRA SWARUP KNOWLEDGE CITY, LUCKNOW KANPUR NATIONAL HIGHWAY 25, POLE NO. 70-71, KADER PATARI, UNNAO",UNNAO,Private-Self Financing,N,N,1-11878126,fetchdata,2020-2021,Engineering and Technology,1,1,1,1,Uttar Pradesh,1
1-7013968693,MANGALMAY INSTITUTE OF ENGINEERING & TECHNOLOGY,"PLOT NO. 8, KNOWLEDGE PARK-II",GAUTAM BUDDHA NAGAR,Private-Self Financing,N,N,1-413241491,fetchdata,2020-2021,Engineering and Technology,1,1,1,1,Uttar Pradesh,1
1-7013694177,NIRMALA DEVI POLYTECHNIC COLLEGE,NAYANSAND NEAR GAURABASHAHAPUR THANA,JAUNPUR,Private-Self Financing,N,N,1-3384352531,fetchdata,2020-2021,Engineering and Technology,1,1,1,1,Uttar Pradesh,1
1-7013694404,MADHU VACHASPATI INSTITUTE OF ENGIENEERING & TECHNOLOGY,"VILL: RASOOLABAD, KOILAHA, G.T.ROAD,
KAUSHAMBI",KAUSHAMBI,Private-Self Financing,N,N,1-8469061,fetchdata,2020-2021,Engineering and Technology,1,1,1,1,Uttar Pradesh,1
1-7013727216,AMARDEEP POLYTECHNIC COLLEGE,"VILL-KAKRAU, JALESAR ROAD, POST- FIROZABAD",FIROZABAD,Private-Self Financing,N,N,1-2883352741,fetchdata,2020-2021,Engineering and Technology,1,1,1,1,Uttar Pradesh,1
1-7013755139,"SHRI RAM MURTI SMARAK COLLEGE OF ENGINEERING & TECHNOLOGY, BAREILLY","RAM MURTI PURAM
VILL: GHANGHORA GHANGHORI
13 KM, BAREILLY-NAINITAL ROAD
BAREILLY (U.P.)",BAREILLY,Private-Self Financing,N,N,1-4412641,fetchdata,2020-2021,Engineering and Technology,1,1,1,1,Uttar Pradesh,1
1-7013783126,LANDMARK TECHNICAL CAMPUS,VILLAGE DIDAULI DELHI MORADABAD ROAD,JYOTIBA PHULE NAGAR,Private-Self Financing,N,Y,1-414245441,fetchdata,2020-2021,Engineering and Technology,1,1,1,1,Uttar Pradesh,1
1-7013846325,GOVERNMENT POLYTECHNIC MAHOBA,GOVT. POLY. STATION ROAD MAHOBA,MAHOBA,Government,N,N,1-530694751,fetchdata,2020-2021,Engineering and Technology,1,1,1,1,Uttar Pradesh,1
1-7013877863,INSTITUTE OF TECHNOLOGY AND MANAGEMENT,"AL-1 SECTOR-7,  GIDA
GORAKHPUR",GORAKHPUR,Private-Self Financing,N,N,1-4056851,fetchdata,2020-2021,Engineering and Technology,1,1,1,1,Uttar Pradesh,1
1-7013909216,INSTITUTE OF ENGINEERING AND RURAL TECHNOLOGY,"26- CHATHAM LINES 
(NEAR PRAYAG RAILWAY STATION)",ALLAHABAD,Private-Self Financing,N,N,1-4432041,fetchdata,2020-2021,Engineering and Technology,1,1,1,1,Uttar Pradesh,1
1-7013911202,SSLD VARSHNEY ENGINEERING COLLEGE ALIGARH,13 K.M STONE ON ALIGARH-KANPUR GT ROAD NH 91,ALIGARH,Private-Self Financing,N,N,1-40578521,fetchdata,2020-2021,Engineering and Technology,1,1,1,1,Uttar Pradesh,1
1-7013694795,AMANI GROUP OF INSTITUTIONS,BIJNOR ROAD AMROHA,J P NAGAR,Private-Self Financing,N,N,1-1451378891,fetchdata,2020-2021,Engineering and Technology,1,1,1,1,Uttar Pradesh,1
1-7013696661,PRINCE INSTITUTE OF INNOVATIVE TECHNOLOGY GR. NOIDA,"PLOT NO.- 9, KNOWLEDGE PARK-III, GREATER NOIDA",GAUTAM BUDDHA NAGAR,Private-Self Financing,N,N,1-15151891,fetchdata,2020-2021,Engineering and Technology,1,1,1,1,Uttar Pradesh,1
1-7013727532,AMBALIKA INSTITUTE OF PROFESSIONAL STUDIES,"GRAM TIKRA, MAURAWAN ROAD, MOHANLALGANJ,LUCKNOW",LUCKNOW,Private-Self Financing,N,N,1-2883472321,fetchdata,2020-2021,Engineering and Technology,1,1,1,1,Uttar Pradesh,1
1-7013729103,MMIT SANT KABIR NAGAR,"MMIT BALUSHASHAN 
SANT KABIR NAGAR",SANT KABIR NAGAR,Government,N,N,1-2863269691,fetchdata,2020-2021,Engineering and Technology,1,1,1,1,Uttar Pradesh,1
1-7013783597,FUTURE INSTITUTE OF ENGINEEING & TECHNOLOGY,"NH-24, BAREILLY LUCKNOW ROAD,  NEAR FARIDPUR, BAREILLY",BAREILLY,Private-Self Financing,N,N,1-8841171,fetchdata,2020-2021,Engineering and Technology,1,1,1,1,Uttar Pradesh,1
1-7013784418,SURYA POLITECHNIC FOR ENGINEERING & TECHNOLOGY,VILL. DHARMPUR 5 BISWA (BHATIYANA) PO. BHATIYANA,GHAZIABAD,Private-Self Financing,N,N,1-722650141,fetchdata,2020-2021,Engineering and Technology,1,1,1,1,Uttar Pradesh,1
1-7013883084,"VIVEKANANDA COLLEGE OF TECHNOLOGY & MANAGEMENT, ALIGARH","MATHURA BYE PASS, NEAR KHAIR ROAD, 500 MTRS FROM NADA PUL, ALIGARH",ALIGARH,Private-Self Financing,N,N,1-5884509,fetchdata,2020-2021,Engineering and Technology,1,1,1,1,Uttar Pradesh,1
1-7013636615,SHIVDAN SINGH INSTITUTE OF TECHNOLOGY & MANAGEMENT,"10TH KM STONE ALIGARH MATHURA ROAD, ALIGARH",ALIGARH,Private-Self Financing,N,N,1-5368091,fetchdata,2020-2021,Engineering and Technology,1,1,1,1,Uttar Pradesh,1
1-7013669337,KM. MAYAWATI GOVERMENT GIRLS POLYTECHNIC,SADOPUR KI JHAL BADALPUR,GAUTAM BUDDHA NAGAR,Government,Y,N,1-460908921,fetchdata,2020-2021,Engineering and Technology,1,1,1,1,Uttar Pradesh,1
1-7013697122,MAA BHAGAUTA KUNWAR INSTITUTE OF POLYTECHNIC,"VILL- BASTI, TEHSIL- MOHAMMADABAD GOHNA, POST- KHIRIYAN, DISTT- MAU",MAU,Private-Self Financing,N,N,1-2882361701,fetchdata,2020-2021,Engineering and Technology,1,1,1,1,Uttar Pradesh,1
1-7013697265,BAIJNATH RAMNARESH COLLEGE OF TECHNOLOGY,"VILL- TELHUA CHAKWALLI KAZIPUR, POST- CHIRRIAYAKOT",AZAMGARH,Private-Self Financing,N,N,1-2879705251,fetchdata,2020-2021,Engineering and Technology,1,1,1,1,Uttar Pradesh,1
1-7013758709,"GOVERNMENT POLYTECHNIC,HARDOI(U.P.)","GOVERNMENT POLYTECHNIC, BAWAN ROAD, HARDOI(U.P.)",HARDOI,Government,N,N,1-477946931,fetchdata,2020-2021,Engineering and Technology,1,1,1,1,Uttar Pradesh,1
1-7013787805,VIJAY PRATAP INSTITUTE OF TECHNOLOGY,NEAR ZAFRABAD POLICE STATION VARANASI ROAD JAUNPUR-222180,JAUNPUR,Private-Self Financing,N,N,1-2195402841,fetchdata,2020-2021,Engineering and Technology,1,1,1,1,Uttar Pradesh,1
1-7013814681,PRABHAT ENGINEERING COLLEGE,"NATIONAL HIGHWAY-II,
RANIA,BARA,
KANPUR DEHAT-209304",RAMABAI NAGAR (KANPUR DEHAT),Private-Self Financing,N,N,1-8098211,fetchdata,2020-2021,Engineering and Technology,1,1,1,1,Uttar Pradesh,1
1-7013849083,MAA BUDDHA NATIONAL INSTITUTE OF ENGG. & TECHNOLOGY,MAA BUDDHA NATIONAL INSTITUTE OF ENGG. & TECHNOLOGY,AZAMGARH,Private-Self Financing,N,N,1-511605991,fetchdata,2020-2021,Engineering and Technology,1,1,1,1,Uttar Pradesh,1
1-7014105546,"GOVERNMENT POLYTECHNIC, FARRUKHABAD","BEWAR ROAD, BHOLEPUR",FARRUKHABAD,Government,N,N,1-478892761,fetchdata,2020-2021,Engineering and Technology,1,1,1,1,Uttar Pradesh,1
1-7013639292,MAHAMAYA POLYTECHNIC FOR INFORMATION TECHNOLOGY,ALIGARH,ALIGARH,Government,N,N,1-2872744181,fetchdata,2020-2021,Engineering and Technology,1,1,1,1,Uttar Pradesh,1
1-7013702036,MANYAWAR KANSHIRAM DASAIRAM POLYTECHNIC MAHUAT BARONDHA MIRZAPUR,"MAHUAT
BARONDHA",MIRZAPUR,Private-Self Financing,N,N,1-518253041,fetchdata,2020-2021,Engineering and Technology,1,1,1,1,Uttar Pradesh,1
1-7013731021,GOVERNMENT POLYTECHNIC CHANDAUSI,"ITI CAMPUS, CHANDAUSI",BHIMNAGAR (SAMBHAL),Government,N,N,1-2479451651,fetchdata,2020-2021,Engineering and Technology,1,1,1,1,Uttar Pradesh,1
1-7013760117,SP MEMORIAL INSTITUTE TECHNOLOGY,"G.T.KANPUR ROAD, KAUSHAMBI, ALLAHABAD",ALLAHABAD,Private-Self Financing,N,N,1-12974226,fetchdata,2020-2021,Engineering and Technology,1,1,1,1,Uttar Pradesh,1
1-7013790024,SVS GROUP OF INSTITIONS,"SVS EDUCATIONAL VILLAGE,GANGA NAHAR",MEERUT,Private-Self Financing,N,N,1-8549271,fetchdata,2020-2021,Engineering and Technology,1,1,1,1,Uttar Pradesh,1
1-7014073631,GOVERNMENT POLYTECHNIC BUDAUN,BISAULI ROAD,BUDAUN,Government,N,N,1-475420653,fetchdata,2020-2021,Engineering and Technology,1,1,1,1,Uttar Pradesh,1
1-7014105700,D.E.I. TECHNICAL COLLEGE,"DAYALBAGH EDUCATIONAL INSTITUTE (DEEMED) UNIVERSITY, DAYALBAGH, AGRA 282005",AGRA,Govt aided,N,N,1-496299171,fetchdata,2020-2021,Engineering and Technology,1,1,1,1,Uttar Pradesh,1
1-7013673869,DR. RAJENDRA PRASAD POLYTECHNIC,"V.P.O.- SUNDERPUR 
TEHSIL - BEHAT
DISTT- SAHARANPUR",SAHARANPUR,Private-Self Financing,N,N,1-465872931,fetchdata,2020-2021,Engineering and Technology,1,1,1,1,Uttar Pradesh,1
1-7013702690,"GOVERNMENT POLYTECHNIC MAWANA KHURD ,MEERUT","BAHSUMA ROAD , NEAR DIET CAMPUS, 
MAWANA KHURD , MAWANA MEERUT",MEERUT,Government,N,N,1-2859350991,fetchdata,2020-2021,Engineering and Technology,1,1,1,1,Uttar Pradesh,1
1-7013731239,"INSTITUTE OF ENGINEERING & TECHNOLOGY, MJP ROHILKHAND UNIVERSITY",PILIBHIT BY PASS ROAD,BAREILLY,State Government University,N,N,1-18440821,fetchdata,2020-2021,Engineering and Technology,1,1,1,1,Uttar Pradesh,1
1-7014046428,VIVEKANAND INSTITUTE OF TECHNOLOGY & SCIENCE,"33-34 KM. MILE STONE, N.H. - 24, DELHI - HAPUR BY PASS, JINDAL NAGAR, GHAZIABAD",GHAZIABAD,Private-Self Financing,N,N,1-15868911,fetchdata,2020-2021,Engineering and Technology,1,1,1,1,Uttar Pradesh,1
1-7014047027,SIR CHHOTU RAM INSTITUTE OF ENGINEERING & TECHNOLOGY CCS UNIVERSITY MEERUT,CCS UNIVERSITY CAMPUS MEERUT,MEERUT,Government,N,N,1-479808442,fetchdata,2020-2021,Engineering and Technology,1,1,1,1,Uttar Pradesh,1
1-7014073854,SARDAR VALLABH BHAI PATEL COLLEGE OF POLYTECHNIC,"233 PAPARANANAKAR PIPARA NANAKAR , BAHERI BAREILLY - 243205 UP",BAREILLY,Private-Self Financing,N,N,1-478241871,fetchdata,2020-2021,Engineering and Technology,1,1,1,1,Uttar Pradesh,1
1-7014074329,SWAMI SAHAJANAND POLYTECHNIC,"VILLAGE & POST - PATWADH KAUTUK, BLOCK BILARIYAGANJ, TEHSIL SAGRI, AZAMGARH",AZAMGARH,Private-Self Financing,N,N,1-450312581,fetchdata,2020-2021,Engineering and Technology,1,1,1,1,Uttar Pradesh,1
1-7014108538,G.L. BAJAJ INSTITUTE OF TECHNOLOGY AND MANAGEMENT,"PLOT NO :2,KNOWLEDGE PARK - III",GAUTAM BUDDHA NAGAR,Private-Self Financing,N,N,1-4863336,fetchdata,2020-2021,Engineering and Technology,1,1,1,1,Uttar Pradesh,1
1-7014111528,SHIVAJI INSTITUTE OF TECHNOLOGY AND MANAGEMENT,ALLAHABAD - MIRZAPUR ROAD BENDO KARCHHANA,ALLAHABAD,Private-Self Financing,N,N,1-466597743,fetchdata,2020-2021,Engineering and Technology,1,1,1,1,Uttar Pradesh,1
1-7013702843,B K POLYTECHNIC,"NEEMGAON ROAD, BADHON RAYA, MATHURA",MATHURA,Private-Self Financing,N,N,1-2879941501,fetchdata,2020-2021,Engineering and Technology,1,1,1,1,Uttar Pradesh,1
1-7013733805,"DR. AMBEDKAR INSTITUTE OF TECHNOLOGY FOR HANDICAPPED, U.P., KANPUR",AWADHPURI KANPUR,KANPUR NAGAR,Govt aided,N,N,1-488288631,fetchdata,2020-2021,Engineering and Technology,1,1,1,1,Uttar Pradesh,1
1-7014229051,G L BAJAJ GROUP OF INSTITUTIONS,"23 KM MILESTONE, NATIONAL HIGHWAY # 2",MATHURA,Private-Self Financing,N,N,1-3925751,fetchdata,2020-2021,Engineering and Technology,1,1,1,1,Uttar Pradesh,1
1-7014172442,M.I.M.T POLYTECHNIC,"CHHUTMALPUR,
TEHSIL-BEHAT",SAHARANPUR,Private-Self Financing,N,N,1-503506511,fetchdata,2020-2021,Engineering and Technology,1,1,1,1,Uttar Pradesh,1
1-7014202040,MGM'S COLLEGE OF ENGINEERING AND TECHNOLOGY,"A-9, SECTOR-62, NOIDA",GAUTAM BUDDHA NAGAR,Private-Self Financing,N,N,1-5693791,fetchdata,2020-2021,Engineering and Technology,1,1,1,1,Uttar Pradesh,1
1-7014174920,"GOVERNMENT LEATHER INSTITUTE, AGRA","INDUSTRIAL ESTATE, NUNHAI AGRA-06",AGRA,Government,N,N,1-475498331,fetchdata,2020-2021,Engineering and Technology,1,1,1,1,Uttar Pradesh,1
1-7014205154,"GOVERNMENT POLYTECHNIC,LALITPUR","MEHRONI ROAD,
LALITPUR",LALITPUR,Government,N,N,1-497355503,fetchdata,2020-2021,Engineering and Technology,1,1,1,1,Uttar Pradesh,1
1-7014205332,K L S POLYTECHNIC COLLEGE,"20TH MILESTONE BIJNOR-HARIDWAR ROAD, NEAR CHANDOK , VILL-KHUDAHERI",BIJNOR,Private-Self Financing,N,N,1-484950331,fetchdata,2020-2021,Engineering and Technology,1,1,1,1,Uttar Pradesh,1
1-7014180629,GOVT.POLYTECHNIC ETAH,"SIKANDRARAO-ETAH ROAD,NAGARIA ETAH",ETAH,Government,N,N,1-1561615141,fetchdata,2020-2021,Engineering and Technology,1,1,1,1,Uttar Pradesh,1
1-7014154655,BABA VISHWANATH INSTITUTE OF TECHNOLOGY,"AMNAVE, POST- MAHUJA, BLOCK MARTIN GANJ, TEHSIL- PHOOLPUR,",AZAMGARH,Private-Self Financing,N,N,1-455978431,fetchdata,2020-2021,Engineering and Technology,1,1,1,1,Uttar Pradesh,1
1-7014193697,GOVT. GIRLS POLYTECHNIC,LUCKNOW,LUCKNOW,Government,Y,N,1-480272543,fetchdata,2020-2021,Engineering and Technology,1,1,1,1,Uttar Pradesh,1
1-7014221207,GOVENMENT POLYTECHNIC GHAZIPUR,MAU ROAD,GHAZIPUR,Government,N,N,1-475289081,fetchdata,2020-2021,Engineering and Technology,1,1,1,1,Uttar Pradesh,1
1-7014167553,SURESH DEEP POLYTECHNIC,"NH-24 DELHI- HAPUR ROAD, GHAZIABAD",GHAZIABAD,Private-Self Financing,N,N,1-2081614431,fetchdata,2020-2021,Engineering and Technology,1,1,1,1,Uttar Pradesh,1
1-7014167823,RADHA KRISHAN POLYTECHNIC COLLEGE,"SHUKLA KI PULIYA, HARIDWAR ROAD, DIST-MORADABAD",MORADABAD,Private-Self Financing,N,N,1-2194221261,fetchdata,2020-2021,Engineering and Technology,1,1,1,1,Uttar Pradesh,1
1-7014194740,"SHRIRAM INSTITUTE OF TECHNOLOGY , MEERUT","NH-58 ,DELHI-ROORKEE BY PASS ROAD 
NEAR SARDHANA CROSSING,JATTOLI,MEERUT- 250001",MEERUT,Private-Self Financing,N,N,1-6564101,fetchdata,2020-2021,Engineering and Technology,1,1,1,1,Uttar Pradesh,1
1-7014196266,APOLLO INSTITUTE OF TECHNOLOGY,"VILL. SUNDHELA, BLOCK SARSAUL, KANPUR",KANPUR NAGAR,Private-Self Financing,N,N,1-8889121,fetchdata,2020-2021,Engineering and Technology,1,1,1,1,Uttar Pradesh,1
1-7014197059,INDRAPRASTHA INSTITUTE OF MANAGEMENT & TECHNOLOGY,"VILL: UMAHI (KOTA),SAHARANPUR MUZZAFAR NAGAR STATE HIGHWAY,SAHARANPUR",SAHARANPUR,Private-Self Financing,N,N,1-18909921,fetchdata,2020-2021,Engineering and Technology,1,1,1,1,Uttar Pradesh,1
1-7014140692,GOEL INSTITUTE OF TECHNOLOGY & MANAGEMENT,"NEAR INDIRA CANAL, FAIZABAD ROAD, LUCKNOW-227105",LUCKNOW,Private-Self Financing,N,N,1-5729824,fetchdata,2020-2021,Engineering and Technology,1,1,1,1,Uttar Pradesh,1
1-7014142673,SETH GANGA SAGAR JATIA POLYTECHNIC,G.T.ROAD,BULANDSHAHAR,Government,N,N,1-495959991,fetchdata,2020-2021,Engineering and Technology,1,1,1,1,Uttar Pradesh,1
1-7014169160,GOVT. GOVIND BALLABH PANT POLYTECHNIC,"MOHAN ROAD, LUCKNOW",LUCKNOW,Government,N,N,1-718745651,fetchdata,2020-2021,Engineering and Technology,1,1,1,1,Uttar Pradesh,1
1-7014226549,MAHAMAYA POLYTECHNIC OF INFORMATION TECHNOLOGY,"BACHRAUN, J.P.NAGAR",J P NAGAR,Government,N,N,1-508444131,fetchdata,2020-2021,Engineering and Technology,1,1,1,1,Uttar Pradesh,1
1-7014170116,GOVT.GIRLS POLYTECHNIC JHANSI,GWALIOR ROAD JHANSI,JHANSI,Government,Y,N,1-479831861,fetchdata,2020-2021,Engineering and Technology,1,1,1,1,Uttar Pradesh,1
1-7012851083,J.P. INSTITUTE OF TECHNOLOGY & MANAGEMENT,"4.0 K.M. STONE MOHANLALGANJ KANPUR BYPASS ROAD, VILLAGE- BHASANDA PARGANA- NIGOHA TEHSIL - MOHANLALGANJ, LUCKNOW",LUCKNOW,Private-Self Financing,N,N,1-3348013468,fetchdata,2020-2021,Engineering and Technology,1,1,1,1,Uttar Pradesh,1
1-7012882055,ACHARY BALDEV POLYTECHNIC COLLEGE,"VILLAGE- KOPA, POST- PATARAHI, GHAZIPUR",JAUNPUR,Private-Self Financing,N,N,1-3357858051,fetchdata,2020-2021,Engineering and Technology,1,1,1,1,Uttar Pradesh,1
1-7012944684,GOVERNMENT GIRLS POLYTECHNIC,"VILL. JAHANPUR, TEHSIL- TILHAR, POST- NIGOHI",SHAHJAHANPUR,Government,Y,N,1-3356005921,fetchdata,2020-2021,Engineering and Technology,1,1,1,1,Uttar Pradesh,1
1-7012944773,"GOVERNMENT POLYTECHNIC, PURAINA SADAR, MAHARAJGANJ","VILL+PO- PURAINA KHANDI,
TEHSIL- SADAR,  MAHARAJGANJ, U.P. 273302",MAHARAJGANJ,Government,N,N,1-3359245281,fetchdata,2020-2021,Engineering and Technology,1,1,1,1,Uttar Pradesh,1
1-7013085934,GOVERNMENT POLYTECHNIC MOHAMMADI KHERI,GOLA ROAD MOHAMMADI KHERI,LAKHIMPUR-KHERI,Government,N,N,1-3381212461,fetchdata,2020-2021,Engineering and Technology,1,1,1,1,Uttar Pradesh,1
1-7013086014,"RAJKIYA ENGINEERING COLLEGE,AZAMGARH (FORMERLY MANYAWAR KANSHIRAM ENGINEERING COLLEGE OF INFORMATION TECHNOLOGY,AZAMGARH)","RAJKIYA ENGINEERING COLLEGE, AZAMGARH",AZAMGARH,Government,N,N,1-3349902361,fetchdata,2020-2021,Engineering and Technology,1,1,1,1,Uttar Pradesh,1
1-7012996277,GOVT POLYTECHNIC GHAZIABAD,"D BLOCK
SHASTRI NAGAR
HAPUR ROAD",GHAZIABAD,Government,N,N,1-508787873,fetchdata,2020-2021,Engineering and Technology,1,1,1,1,Uttar Pradesh,1
1-7013030134,MAHAMAYA POLYTECHNIC FOR INFORMATION TECHNOLOGY,KASGANJ,KASHIRAMNAGAR (KASHGANJ),Government,N,N,1-3348019071,fetchdata,2020-2021,Engineering and Technology,1,1,1,1,Uttar Pradesh,1
1-7013059340,INDRA MOHAN CHAUHAN MEMORIAL POLYTECHNIC,"VILLAGE- TADWA CHAUBEPUR
POST- KARHA
THANA/TEHSIL- MOHAMMADABAD GOHANA",MAU,Private-Self Financing,N,N,1-3348012821,fetchdata,2020-2021,Engineering and Technology,1,1,1,1,Uttar Pradesh,1
1-7012937989,SATYADEV INSTITUTE OF TECHNOLOGY,"GADHIPURAM (BORSIYA), POST- FADANPUR, GHAZIPUR UP",GHAZIPUR,Private-Self Financing,N,N,1-450160753,fetchdata,2020-2021,Engineering and Technology,1,1,1,1,Uttar Pradesh,1
1-7012938471,SHRI RAM GROUP OF COLLEGES,"OPP. ALMASPUR TELEPHONE EXCHANGE, PARIKRAMA MARG, MUZAFFARNAGAR",MUZAFFARNAGAR,Private-Self Financing,N,N,1-1237131,fetchdata,2020-2021,Engineering and Technology,1,1,1,1,Uttar Pradesh,1
1-7013000664,KRISHNA INSTITUTE OF POLYTECHNIC,"6 MILESTONE, BIJNOR NOORPUR ROAD, BIJNOR",BIJNOR,Private-Self Financing,N,N,1-3372287821,fetchdata,2020-2021,Engineering and Technology,1,1,1,1,Uttar Pradesh,1
1-7013000837,A.S.M.POLYTECHNIC,"BSA ENGINEERING COLLEGE ROAD
MATHURA (UP)",MATHURA,Private-Self Financing,N,N,1-3348018558,fetchdata,2020-2021,Engineering and Technology,1,1,1,1,Uttar Pradesh,1
1-7012973552,JAHANGIRABAD INSTITUTE OF TECHNOLOGY FOR  POLYTECHNIC,"JAHANGIRABAD FORT,JAHANGIRABARABANKI",BARABANKI,Private-Self Financing,N,Y,1-3379553261,fetchdata,2020-2021,Engineering and Technology,1,1,1,1,Uttar Pradesh,1
1-7013003569,AZAD LUCKNOW POLYTECHNIC,"AZADPURAM, ADJACENT CRPF CAMP, PO: CHANDRAWAL, BIJNOUR, LUCKNOW",LUCKNOW,Private-Self Financing,N,N,1-3365419001,fetchdata,2020-2021,Engineering and Technology,1,1,1,1,Uttar Pradesh,1
1-7012879404,GREATER NOIDA INSTITUTE OF TECHNOLOGY,"PLOT NO. 6-C, KNOWLEDGE PARK - II,",GAUTAM BUDDHA NAGAR,Private-Self Financing,N,N,1-3348014011,fetchdata,2020-2021,Engineering and Technology,1,1,1,1,Uttar Pradesh,1
1-7012913550,LALSA INSTITUTE OF ENGINEERING & RURAL TECHNOLOGY,"VILLAGE & POST- RAIPUR, TEHSIL- JAKHANIYA, GHAZIPUR(UP)",GHAZIPUR,Private-Self Financing,N,N,1-3348014191,fetchdata,2020-2021,Engineering and Technology,1,1,1,1,Uttar Pradesh,1
1-7012973856,GOVERNMENT POLYTECHNIC JAMUNIA DEEH HARAKH (BARABANKI),GOVERNMENT POLYTECHNIC JAMUNIA DEEH HARAKH BARABANKI,BARABANKI,Government,N,N,1-3381574901,fetchdata,2020-2021,Engineering and Technology,1,1,1,1,Uttar Pradesh,1
1-7486077501,GOVERNMENT POLYTECHNIC KATAI JOYA,"GOVERNMENT POLYTECHNIC KATAI, JOYA, J.P NAGAR",J P NAGAR,Government,N,N,1-4812366031,fetchdata,2020-2021,Engineering and Technology,1,1,1,1,Uttar Pradesh,1
1-7007849746,ZAKIR HUSAIN COLLEGE OF ENGINEERING & TECHNOLOGY,ZAKIR HUSAIN COLLEGE OF ENGINEERIING & TECHNOLOGY ALIGARH MUSLIM UNIVERSITY ALIGARH - 202002,ALIGARH,Central University,N,N,1-2519321631,fetchdata,2020-2021,Engineering and Technology,1,1,1,1,Uttar Pradesh,1
1-7007712124,"INDIAN INSTITUTE OF HANDLOOM TECHNOLOGY, VARANASI","CHOWKAGHAT 
VARANASI - 221002
(UP)",VARANASI,Government,N,N,1-581901631,fetchdata,2020-2021,Engineering and Technology,1,1,1,1,Uttar Pradesh,1
1-7007713376,MADAN MOHAN MALAVIYA UNIVERSITY OF TECHNOLOGY,"MADAN MOHAN MALAVIYA ENGINEERING COLLEGE
DEORIA ROAD 
GORAKHPUR-273010",GORAKHPUR,Govt aided,N,N,1-5435425,fetchdata,2020-2021,Engineering and Technology,1,1,1,1,Uttar Pradesh,1
1-7004703226,SR GROUP OF INSTITUTIONS," 16 KM. GWALIOR ROAD, AMBABAI, JHANSI",JHANSI,Private-Self Financing,N,N,1-9870715,fetchdata,2020-2021,Engineering and Technology,1,1,1,1,Uttar Pradesh,1
1-7004732878,RAJKIYA ENGINEERING COLLEGE SONBHADRA,RAJKIYA ENGINEERING COLLEGE SONBHADRA,SONBHADRA,Government,N,N,1-4362684082,fetchdata,2020-2021,Engineering and Technology,1,1,1,1,Uttar Pradesh,1
1-7004803006,ISHWARCHAND VIDYA SAGAR INSTITUTE OF TECHNOLOGY,NH-2 DELHI MATHURA HIGHWAY AKBARPUR MATHURA-281405 UP,MATHURA,Private-Self Financing,N,N,1-21298561,fetchdata,2020-2021,Engineering and Technology,1,1,1,1,Uttar Pradesh,1
1-7004679737,GOVERNMENT POLYTECHNIC SHAMSHABAD AGRA,VILAAGE KOLARA KALAN POST DAUKI  FATEHABAD ROAD AGRA  283111,AGRA,Government,N,N,1-4572030711,fetchdata,2020-2021,Engineering and Technology,1,1,1,1,Uttar Pradesh,1
1-7004740241,SHOBHIT INSTITUTE OF ENGINEERING AND  TECHNOLOGY,"VILLAGE DULHERA, NH 58, MODIPURAM, ROORKEE ROAD, MEERUT",MEERUT,Deemed to be University(Pvt),N,N,1-4613554531,fetchdata,2020-2021,Engineering and Technology,1,1,1,1,Uttar Pradesh,1
1-7004659182,MAHARANA INSTITUTE OF TECHNOLOGY & SCIENCES,"GRAM-GAURA, MOHANLAL GANJ",LUCKNOW,Private-Self Financing,N,N,1-10487461,fetchdata,2020-2021,Engineering and Technology,1,1,1,1,Uttar Pradesh,1
1-7004713922,AMBEKESHWAR INSTITUTE OF TECHNOLOGY AND MANAGEMENT,"VILL-KATHWARA, POST-BAKSHI KA TALAB, DISTT.-LUCKNOW",LUCKNOW,Private-Self Financing,N,N,1-4414398091,fetchdata,2020-2021,Engineering and Technology,1,1,1,1,Uttar Pradesh,1
1-7004715023,BABU SUSHIL SINGH INSTITUTE OF POLYTECHNIC,"NIBI BELISA, POST- SADAR",AZAMGARH,Private-Self Financing,N,N,1-4773899801,fetchdata,2020-2021,Engineering and Technology,1,1,1,1,Uttar Pradesh,1
1-7004684338,ASIAN INSTITUTE OF RURAL TECHNOLOGY,"VILLAGE-SEKHUPUR,POST-BAGHPUR,KANPUR DEHAT",RAMABAI NAGAR (KANPUR DEHAT),Private-Self Financing,N,N,1-2845390761,fetchdata,2020-2021,Engineering and Technology,1,1,1,1,Uttar Pradesh,1
1-7004718444,KCMT CAMPUS 2 PREM PRAKASH GUPTA INSTITUTE OF ENGINEERING,"16.1 KM.STONE, BAREILLY LUCKNOW ROAD",BAREILLY,Private-Self Financing,N,N,1-7689101,fetchdata,2020-2021,Engineering and Technology,1,1,1,1,Uttar Pradesh,1
1-7004745023,MODINAGAR INSTITUTE OF TECHNOLOGY,"3RD KM. MILESTONE, NIWARI ROAD, MODINAGAR
GHAZIABAD",GHAZIABAD,Private-Self Financing,N,N,1-21349201,fetchdata,2020-2021,Engineering and Technology,1,1,1,1,Uttar Pradesh,1
1-7004788127,GOVERNMENT POLYTECHNIC CHAMRAUA RAMPUR,"GOVERNMENT POLYTECHNIC, VILL-NAUGAWAN, BLOCK-CHAMRAUA, DISTT-RAMPUR (U. P.)",RAMPUR,Government,N,N,1-4796027881,fetchdata,2020-2021,Engineering and Technology,1,1,1,1,Uttar Pradesh,1
1-7004790754,UNIVERSITY POLYTECHNIC DIPLOMA,"RAMA CITY, NEAR MANDHANA RAILWAY STATION, G.T.ROAD, KANPUR",KANPUR NAGAR,Private-Self Financing,N,N,1-4290330307,fetchdata,2020-2021,Engineering and Technology,1,1,1,1,Uttar Pradesh,1
1-7004668575,MASS COLLEGE OF ENGINEERING & MANAGEMENT,"VILLAGE & POST SUSYANT KALA, ALIGARH-AGRA ROAD,
NEAR MANGALATAYAN, SASNI, HATHRAS",HATHRAS,Private-Self Financing,N,N,1-7852236,fetchdata,2020-2021,Engineering and Technology,1,1,1,1,Uttar Pradesh,1
1-7004726149,S. S. BAPU INSTITUTE OF POLYTECHNIC,"VILL - AKHOP, POST AKHOP, TEHSIL - BELTHARA ROAD, DISTT - BALLIA",BALLIA,Private-Self Financing,N,N,1-4682701881,fetchdata,2020-2021,Engineering and Technology,1,1,1,1,Uttar Pradesh,1
1-7004728720,BABA BINDESHWARI SINGH INSTITUTE OF TECHNOLOGY AND MANAGEMENT,"MURDAHA, SINDHORA ROAD",VARANASI,Private-Self Financing,N,N,1-450600351,fetchdata,2020-2021,Engineering and Technology,1,1,1,1,Uttar Pradesh,1
1-7009735761,RAJ POLYTECHNIC,"SISWA, BABATPUR, BARAGAON, VARANASI",VARANASI,Private-Self Financing,N,N,1-3686504211,fetchdata,2020-2021,Engineering and Technology,1,1,1,1,Uttar Pradesh,1
1-7010325633,SHRI VISHWANATH COLLEGE OF POLYTECHNIC,"VILL & POST- KALAN
TEHSIL-KADIPUR, DIST-SULTANPUR, UP",SULTANPUR,Private-Self Financing,N,N,1-3677646331,fetchdata,2020-2021,Engineering and Technology,1,1,1,1,Uttar Pradesh,1
1-7010449854,BABA RAMDAL SURAJDEV POLYTECHNIC COLLEGE,"VILL - PATNA,  POST - KANSO, TEHSIL - RASRA, DISTT - BALLIA",BALLIA,Private-Self Financing,N,N,1-3699404521,fetchdata,2020-2021,Engineering and Technology,1,1,1,1,Uttar Pradesh,1
1-7010450973,GANDHI INSTITUTE OF ENGINEERING AND TECHNOLOGY,HASTINAPUR POST AMBABAY,JHANSI,Private-Self Financing,N,N,1-3699404651,fetchdata,2020-2021,Engineering and Technology,1,1,1,1,Uttar Pradesh,1
1-7009980890,CENTRE FOR ADVANCED STUDIES,"DR APJ ABDUL KALAM TECHNICAL UNIVERSITY UTTAR PRADESH, SECTOR-11, JANKIPURAM EXTENSION ,LUCKNOW",LUCKNOW,State Government University,N,N,1-3687166601,fetchdata,2020-2021,Engineering and Technology,1,1,1,1,Uttar Pradesh,1
1-7010456681,J. D. INSTITUTE OF ENGINEERING AND TECHNOLOGY,"VILL -  SADIPUR, POST - SADIPUR, TEHSIL - MUSAFIRKHANA",AMETHI,Private-Self Financing,N,N,1-3708459701,fetchdata,2020-2021,Engineering and Technology,1,1,1,1,Uttar Pradesh,1
1-7009753495,R. N. POLYTECHNIC COLLEGE,"VILLAGE- MAJHAULI, POST- JHAROKALAN,  (RENUKOOT DUDDHI ROAD), TEHSIL-DUDDHI, SONBHADRA",SONBHADRA,Private-Self Financing,N,N,1-3705091321,fetchdata,2020-2021,Engineering and Technology,1,1,1,1,Uttar Pradesh,1
1-7010358967,GOVERNMENT POLYTECHNIC KUTANA BARAUT,"GOVERNMENT POLYTECHNIC KUTANA, BARAUT- BAGPAT",BAGPAT,Government,N,N,1-3732225511,fetchdata,2020-2021,Engineering and Technology,1,1,1,1,Uttar Pradesh,1
1-7009767497,JAYPEE INSTITUTE OF INFORMATION TECHNOLOGY,"A-10, SECTOR-62 AND SECTOR 128, NOIDA",GAUTAM BUDDHA NAGAR,Deemed to be University(Pvt),N,N,1-3763789271,fetchdata,2020-2021,Engineering and Technology,1,1,1,1,Uttar Pradesh,1
1-7009902102,MODERN COLLEGE,"VILLAGE-KOCHHABHANWAR, POST-KOCHHABHANWAR, JHANSI",JHANSI,Private-Self Financing,N,Y,1-3766935741,fetchdata,2020-2021,Engineering and Technology,1,1,1,1,Uttar Pradesh,1
1-7010118683,AXIS INSTITUTE OF DIPLOMA ENGINEERING,"VILL-SALEMPUR
POS-MAHARAJPUR
TEHSIL-NARWAL
DIST-KANPUR",KANPUR NAGAR,Private-Self Financing,N,N,1-3745358721,fetchdata,2020-2021,Engineering and Technology,1,1,1,1,Uttar Pradesh,1
1-7010408501,MAHARANA PRATAAP COLLEGE OF ENGINEERING,"KALYANPUR-BITHOOR ROAD, BAIKUNTHPUR, KANPUR",KANPUR NAGAR,Private-Self Financing,N,N,1-8860461,fetchdata,2020-2021,Engineering and Technology,1,1,1,1,Uttar Pradesh,1
1-7010412084,GOVERNMENT POLYTECHNIC SAHASWAN BUDAUN,"VILL- SAMDA, KACHHLA ROAD, SAHASWAN, BUDAUN",BUDAUN,Government,N,N,1-3626474381,fetchdata,2020-2021,Engineering and Technology,1,1,1,1,Uttar Pradesh,1
1-7010574489,"GOVERNMENT POLYTECHNIC MOHAMMAD PUR (GITI CAMPUS), BAHRAICH","GOVERNMENT POLYTECHNIC MOHAMMAD PUR (GITI CAMPUS), NANPARA ROAD, 
BAHRAICH",BAHRAICH,Government,N,N,1-1573026321,fetchdata,2020-2021,Engineering and Technology,1,1,1,1,Uttar Pradesh,1
1-7010181760,MAHARAJA AGRASEN POLYTECHNIC COLLEGE,VILLAGE & POST : DAYANATPUR DISTRICT : GAUTAM BUDH NAGAR (U.P.),G B NAGAR,Private-Self Financing,N,N,1-482629801,fetchdata,2020-2021,Engineering and Technology,1,1,1,1,Uttar Pradesh,1
1-7010184041,JHUNJHUNWALA P.G. COLLEGE FACULTY OF ENGINEERING AND TECHNOLOGY,"HANSAPUR,DWARIKA PURI, DABHA SEMAR , FAIZABAD",FAIZABAD,Private-Self Financing,N,N,1-1540123764,fetchdata,2020-2021,Engineering and Technology,1,1,1,1,Uttar Pradesh,1
1-7010575575,"BAHAB DR. BHIM RAM AMBEDKAR COLLEGE OF AGRIL. ENGG. & TECHNOLOGY, ETAWAH (CSAUA&T, KANPUR)",BABA SAHAB DR. BHIM RAO AMBEDKAR COLLEGE OF AGRIL. ENGG. & TECHNOLOGY ETAWAH  NEAR GOVT. HOSPITAL AGRA ROAD ETAWAH,ETAWAH,Government,N,N,1-482001351,fetchdata,2020-2021,Engineering and Technology,1,1,1,1,Uttar Pradesh,1
1-7003618575,MEERUT INTERNATIONAL INSTITUTE OF TECHNOLOGY,"GHAT ROAD
NEAR SUBHARTI MEDICAL COLLEGE
N.H. 58 (PARTAPUR BYE PASS)",MEERUT,Private-Self Financing,N,N,1-9017377,fetchdata,2020-2021,Engineering and Technology,1,1,1,1,Uttar Pradesh,1
1-7003745016,GREATER NOIDA COLLEGE OF TECHNOLOGY,"PLOT NO. 6-B, KNOWLEDGE PARK - II,",GAUTHAM BUDDHA NAGAR,Private-Self Financing,N,N,1-819657251,fetchdata,2020-2021,Engineering and Technology,1,1,1,1,Uttar Pradesh,1
1-7003774073,GALGOTIAS COLLEGE OF ENGINEERING & TECHNOLOGY,"PLOT NO 1, KNOWLEDGE PARK, PHASE II, INSTITUTIONAL AREA,
GREATER NOIDA, UP.",GAUTAM BUDDHA NAGAR,Private-Self Financing,N,N,1-21805422,fetchdata,2020-2021,Engineering and Technology,1,1,1,1,Uttar Pradesh,1
1-7003794802,BABU BANARASI DAS ENGINEERING COLLEGE,"SECTOR-I, DR. AKHILESH DAS NAGAR, FAIZABAD ROAD",LUCKNOW,Private-Self Financing,N,N,1-14932291,fetchdata,2020-2021,Engineering and Technology,1,1,1,1,Uttar Pradesh,1
1-7003909820,NEW ERA COLLEGE OF SC. & TECH. GHAZIABAD,"616,BHIKANPUR,
MEERUT ROAD, GHAZIABAD",GHAZIABAD,Private-Self Financing,N,N,1-419864321,fetchdata,2020-2021,Engineering and Technology,1,1,1,1,Uttar Pradesh,1
1-7003936355,INDU PRAKASH POLYTECHNIC COLLEGE,"VILL+POST-HALDHARPUR, DISTT- MAU",MAU,Private-Self Financing,N,N,1-2890153004,fetchdata,2020-2021,Engineering and Technology,1,1,1,1,Uttar Pradesh,1
1-7003980462,INSTITUTE OF TECHNOLOGY & MANAGEMENT(341),"ALIGARH PALAWAL DELHI ROAD 
KARSUA ALIGARH",ALIGARH,Private-Self Financing,N,N,1-5715647,fetchdata,2020-2021,Engineering and Technology,1,1,1,1,Uttar Pradesh,1
1-7003981500,D.N.S. COLLEGE OF ENGINEERING & TECHNOLOGY,"NH-24
DIDAULI,
AMROHA",J P NAGAR,Private-Self Financing,N,N,1-7750107,fetchdata,2020-2021,Engineering and Technology,1,1,1,1,Uttar Pradesh,1
1-7006008751,INSTITUTE OF TECHNOLOGY AND MANAGEMENT,"VILL CHEHARI
MAHARJGANJ",MAHARAJGANJ,Private-Self Financing,N,N,1-10176721,fetchdata,2020-2021,Engineering and Technology,1,1,1,1,Uttar Pradesh,1
1-7006291404,"SHANTI INSTITUTE OF TECHNOLOGY (B.TECH,CS, IT, EC, ME, CE, EE) & MBA","SHANTI PURAM, KURALI BAGHPAT ROAD, MEERUT- 250501",MEERUT,Private-Self Financing,N,N,1-5285551,fetchdata,2020-2021,Engineering and Technology,1,1,1,1,Uttar Pradesh,1
1-7004028739,BABU BANARASI DAS NORTHERN INDIA INSTITUTE OF TECHNOLOGY,"SECTOR-II, DR. AKHILESH DAS NAGAR, FAIZABAD ROAD,CHINHAT",LUCKNOW,Private-Self Financing,N,N,1-12993504,fetchdata,2020-2021,Engineering and Technology,1,1,1,1,Uttar Pradesh,1
1-7006012184,ANJANA INSTITUTE OF TECHNICAL EDUCATION,"VILL-SANKROULI,
MADUPUR POST-AJGARA,PRATAPGARH",PRATAPGARH,Private-Self Financing,N,N,1-493198401,fetchdata,2020-2021,Engineering and Technology,1,1,1,1,Uttar Pradesh,1
1-7006014537,ALIGARH COLLEGE OF ENGINEERING AND TECHNOLOGY,"3 KM FROM SASNI GATE,
AT ALIGARH-MATHURA ROAD,
ALIGARH.",ALIGARH,Private-Self Financing,N,N,1-9275577,fetchdata,2020-2021,Engineering and Technology,1,1,1,1,Uttar Pradesh,1
1-7006295820,DREAMS COLLEGE OF POLYTECHNIQUE,5TH KM MILESTONE JANTA ROAD SAHARANPUR,SAHARANPUR,Private-Self Financing,N,N,1-784811821,fetchdata,2020-2021,Engineering and Technology,1,1,1,1,Uttar Pradesh,1
1-7006298006,ASHOKA INSTITUTE OF TECHNOLOGY AND MANAGEMENT,"AKTHA,SARNATH,VARANASI.",VARANASI,Private-Self Financing,N,N,1-5716861,fetchdata,2020-2021,Engineering and Technology,1,1,1,1,Uttar Pradesh,1
1-7005869489,APEX INSTITUTE OF TECHNOLOGY,"VILL. & PO KAUSHALGANJ, DISTT.- RAMPUR (U.P.),6 KM AWAY FROM RUDRAPUR, PIN CODE -244923",RAMPUR,Private-Self Financing,N,N,1-10083071,fetchdata,2020-2021,Engineering and Technology,1,1,1,1,Uttar Pradesh,1
1-7005874113,BUDDHA INSTITUTE OF TECHNOLOGY,"CL-1, SECTOR-7
VILL-BADGAHAN
GIDA
GORAKHPUR
PIN-273209",GORAKHPUR,Private-Self Financing,N,N,1-11680601,fetchdata,2020-2021,Engineering and Technology,1,1,1,1,Uttar Pradesh,1
1-7006142577,SHANTI INSTITUTE OF TECHNOLOGY (DIPLOMA IN ENGINEERING),"VILL+POST- KURALI, BAGHPAT ROAD, MEERUT",MEERUT,Private-Self Financing,N,N,1-460238021,fetchdata,2020-2021,Engineering and Technology,1,1,1,1,Uttar Pradesh,1
1-7006144930,CBS COLLEGE OF POLYTECHNIC,"C.B.S COLLEGE OF POLYTECHIC, VILLEGE-POIYA,PILI POKHAR, ALIGARH ROAD, AGRA-282006",AGRA,Private-Self Financing,N,N,1-751030791,fetchdata,2020-2021,Engineering and Technology,1,1,1,1,Uttar Pradesh,1
1-7003592214,BHAGWATI INSTITUTE OF TECHNOLOGY & SCIENCE,"BHAGWATI KNOWLEDGE PARK, NH 24, DELHI-HAPUR ROAD, NEAR MASAURI CANAL, MASAURI, GHAZIABAD",GHAZIABAD,Private-Self Financing,N,N,1-2889771,fetchdata,2020-2021,Engineering and Technology,1,1,1,1,Uttar Pradesh,1
1-7003776626,NEELAM COLLEGE OF ENGINEERING & TECHNOLOGY,"NEELAM COLLEGE OF ENGINEERING & TECHNOLOG,AGRA ,VILL. KORAI,TEHSI L KIROALI,AGRA-JAIPUR NH-11 ,AGRA (U.P)",AGRA,Private-Self Financing,N,N,1-6844921,fetchdata,2020-2021,Engineering and Technology,1,1,1,1,Uttar Pradesh,1
1-7003797567,SARASWATI HIGHER EDUCATION AND TECHNICAL COLLEGE OF ENGINEERING,"NH-56 AIRPORT ROAD NR GAS PLANT 
BABATPUR VARANASI",VARANASI,Private-Self Financing,N,N,1-14863571,fetchdata,2020-2021,Engineering and Technology,1,1,1,1,Uttar Pradesh,1
1-7003798271,KIET GROUP OF INSTITUTIONS,"13 KM STONE GHAZIABAD- MEERUT ROAD,",GHAZIABAD,Private-Self Financing,N,N,1-13439501,fetchdata,2020-2021,Engineering and Technology,1,1,1,1,Uttar Pradesh,1
1-7003866518,SUNRISE INSTITUTE OF ENGINEERING TECHNOLOGY & MANAGEMENT,"KORARI KALA, ACHALGANJ-ROAD, UNNAO",UNNAO,Private-Self Financing,N,N,1-22939033,fetchdata,2020-2021,Engineering and Technology,1,1,1,1,Uttar Pradesh,1
1-7003887718,TRANSLAM INSTITUTE OF TECHNOLOGY AND MANAGEMENT,"TRANSLAM INSTITUTE OF TECHNOLOGY AND MANAGEMENT , MAWANA ROAD, RAJPURA, MEERUT (U.P.)",MEERUT,Private-Self Financing,N,Y,1-6020926,fetchdata,2020-2021,Engineering and Technology,1,1,1,1,Uttar Pradesh,1
1-7003827761,SHIVAM INSTITUTE OF SCIENCE AND TECHNOLOGY,"MAHAWAN ROAD 
MATHURA(NEAR GOPALPUR)",MATHURA,Private-Self Financing,N,N,1-429435541,fetchdata,2020-2021,Engineering and Technology,1,1,1,1,Uttar Pradesh,1
1-7003828157,SETH VISHAMBHAR NATH INSTITUTE OF ENGINEERING & TECHNOLOGY,"19TH KM MILE STONE
DANIYAL PUR, SAFEDABAD.
BARABANKI-225003",BARABANKI,Private-Self Financing,N,N,1-13965411,fetchdata,2020-2021,Engineering and Technology,1,1,1,1,Uttar Pradesh,1
1-7003847459,"GOVT. POLYTECHNIC, JAUNPUR","JAGDISHPUR
VARANASI ROAD",JAUNPUR,Government,N,N,1-486143161,fetchdata,2020-2021,Engineering and Technology,1,1,1,1,Uttar Pradesh,1
1-7003867432,MORADABAD INSTITUTE OF TECHNOLOGY,"RAM GANGA VIHAR PHASE - 2
MORADABAD",MORADABAD,Private-Self Financing,N,N,1-6029336,fetchdata,2020-2021,Engineering and Technology,1,1,1,1,Uttar Pradesh,1
1-7003888873,GREATER NOIDA INSTITUTE OF TECHNOLOGY (ENGINEERING INSTITUTE),"7, KNOWLEDGE PARK - II,",GAUTAM BUDDHA NAGAR,Private-Self Financing,N,N,1-10626904,fetchdata,2020-2021,Engineering and Technology,1,1,1,1,Uttar Pradesh,1
1-7003688101,SHRI RAMSWAROOOP MEMORIAL GROUP OF PROFESSIONAL COLLEGES,"VILLAGE - UTTARDHAUNA, PARGANA & TEHSIL - LUCKNOW",LUCKNOW,Private-Self Financing,N,N,1-6383651,fetchdata,2020-2021,Engineering and Technology,1,1,1,1,Uttar Pradesh,1
1-7003954481,"CHHATRAPATI SHAHUJI MAHARAJ COLLEGE OF ENGINEERING & TECHNOLOGY,","8TH MILE STONE, REWA ROAD
IRADATGANJ, GHOORPUR
ALLAHABAD",ALLAHABAD,Private-Self Financing,N,N,1-8693693,fetchdata,2020-2021,Engineering and Technology,1,1,1,1,Uttar Pradesh,1
1-7003721220,AMBALIKA INSTITUTE OF MANAGEMENT AND TECHNOLOGY,"GRAM TIKRA, MAURAWAN ROAD,MOHANLALGANJ . LUCKNOW",LUCKNOW,Private-Self Financing,N,N,1-5498631,fetchdata,2020-2021,Engineering and Technology,1,1,1,1,Uttar Pradesh,1
1-7003741434,ARYAVART INSTITUTE OF TECHNOLOGY & MANAGEMENT,"ARYAVART INSTITUTE OF TECHNOLOGY & MANAGEMENT, OPPOSITE-AMBEDKAR UNIVERSITY, SHAHEED PATH, RAEBARELI ROAD, LUCKNOW",LUCKNOW,Private-Self Financing,N,N,1-13456471,fetchdata,2020-2021,Engineering and Technology,1,1,1,1,Uttar Pradesh,1
1-7003792217,COLLEGE OF ENGINEERING SCIENCE & TECHNOLOGY,"GAURA, MOHANLALGANJ, LUCKNOW",LUCKNOW,Private-Self Financing,N,N,1-8005616,fetchdata,2020-2021,Engineering and Technology,1,1,1,1,Uttar Pradesh,1
1-7001632096,LUTAWAN INSTITUTE OF TECHNOLOGY AND MANAGEMENT,"SAKARA, JAITPURA, GHAZIPUR",GHAZIPUR,Private-Self Financing,N,N,1-4665304771,fetchdata,2020-2021,Engineering and Technology,1,1,1,1,Uttar Pradesh,1
1-7001632182,SHARDA NAND ANCHAL TECHNICAL INSTITUTE,"CHAK MEHRALLI, (MAURAHA), POST - KARSI, DISTT - BALLIA",BALLIA,Private-Self Financing,N,N,1-5097276561,fetchdata,2020-2021,Engineering and Technology,1,1,1,1,Uttar Pradesh,1
1-7001584659,SARVODAYA POLYTECHNIC COLLEGE,MOH.- HARBANSHPUR POST- SADAR DISTT-AZAMGARH,AZAMGARH,Private-Self Financing,N,N,1-5038991641,fetchdata,2020-2021,Engineering and Technology,1,1,1,1,Uttar Pradesh,1
1-7001586110,DR. SHAKUNTALA MISRA NATIONAL REHABILITATION UNIVERSITY,"MOHAAN ROAD, LUCKNOW - 226017",LUCKNOW,Government,N,N,1-5083176221,fetchdata,2020-2021,Engineering and Technology,1,1,1,1,Uttar Pradesh,1
1-7001624282,GOVERNMENT POLYTECHNIC BACHHRAWAN,GOVINDPUR  OSAH  BACHHRAWAN    MAHARAJGAN,RAE BARELI,Government,N,N,1-4831423261,fetchdata,2020-2021,Engineering and Technology,1,1,1,1,Uttar Pradesh,1
1-7001598418,BUDDHA POLYTECHNIC COLLEGE,"CL-1, SECTOR-7, GIDA, GORAKHPUR",GORAKHPUR,Private-Self Financing,N,N,1-4641854271,fetchdata,2020-2021,Engineering and Technology,1,1,1,1,Uttar Pradesh,1
1-7001588304,HITECH INSTITUTE,"DASNA, NH-24, GHAZIABAD",GHAZIABAD,Private-Self Financing,N,N,1-4569296851,fetchdata,2020-2021,Engineering and Technology,1,1,1,1,Uttar Pradesh,1
1-7001628337,GOVERNMENT POLYTECHNIC KISHNI MAINPURI,"GRAM- SONASI, KISHNI MAINPURI",MAINPURI,Government,N,N,1-4783024811,fetchdata,2020-2021,Engineering and Technology,1,1,1,1,Uttar Pradesh,1
1-7001639936,HIMALAYAN POLYTECHNIC INSTITUTE,"BANKE NAGAR CHAUARAHA,BAKSHI KA TALAB,SITAPUR ROAD ,LUCKNOW",LUCKNOW,Private-Self Financing,N,N,1-5049639901,fetchdata,2020-2021,Engineering and Technology,1,1,1,1,Uttar Pradesh,1
1-7001844457,BABU BANARSI DAS INSTITUTE OF ENGINEERING TECHNOLOGY & RESEARCH CENTRE,"25TH KM, ON BULANDSHAHR ANOOPSHAHR ROAD, NEAR JAHANGIRABAD, BULANDSHAHR, (NATIONAL CAPITAL REGION) 202391",BULANDSHAHAR,Private-Self Financing,N,N,1-8654601,fetchdata,2020-2021,Engineering and Technology,1,1,1,1,Uttar Pradesh,1
1-7001847262,DEWAN V.S. INSTITUTE OF ENGINEERING & TECHNOLOGY,"BY- PASS ROAD, PARTAPUR",MEERUT,Private-Self Financing,N,N,1-7459631,fetchdata,2020-2021,Engineering and Technology,1,1,1,1,Uttar Pradesh,1
1-7001901229,MAHARANA PRATAP POLYTECHNIC GORAKHPUR,SUNAULI ROAD GORAKHNATH,GORAKHPUR,Govt aided,N,N,1-487322491,fetchdata,2020-2021,Engineering and Technology,1,1,1,1,Uttar Pradesh,1
1-7001902661,"COLLEGE OF ENGG. & RURAL TECHNOLOGY ,MEERUT","BY PASS ROAD, PARTAPUR, MEERUT",MEERUT,Private-Self Financing,N,N,1-2891634,fetchdata,2020-2021,Engineering and Technology,1,1,1,1,Uttar Pradesh,1
1-7001993151,RAJ KUMAR GOEL INSTITUTE OF TECHNOLOGY & MANAGEMENT,"5 KM STONE, DELHI-MEERUT ROAD, NH-58, GHAZIABAD",GHAZIABAD,Private-Self Financing,N,N,1-7317231,fetchdata,2020-2021,Engineering and Technology,1,1,1,1,Uttar Pradesh,1
1-7002040492,"GOVERNMENT POLYTECHNIC, ALAPUR, BUDAUN","VILL- NANDU PATTI, ALAPUR, TEHSIL - DATAGANJ, FARRUKHABAD ROAD, BUDAUN",BUDAUN,Government,N,N,1-2097242801,fetchdata,2020-2021,Engineering and Technology,1,1,1,1,Uttar Pradesh,1
1-7002042101,A.N.A COLLEGE OF ENGINEERING AND MANAGEMENT STUDIES,"VILLAGE KURTARA , AGRAS ROAD, BEHIND RUBBER FACTORY
P.O. BHITAURA BAREILLY - 243501
U.P.",BAREILLY,Private-Self Financing,N,N,1-7162981,fetchdata,2020-2021,Engineering and Technology,1,1,1,1,Uttar Pradesh,1
1-7002360516,RAJ KUMAR GOEL INSTITUE OF TECHNOLOGY,"5 KM. STONE DELHI-MEERUT ROAD, GHAZIABAD (U.P.)",GHAZIABAD,Private-Self Financing,N,N,1-24371465,fetchdata,2020-2021,Engineering and Technology,1,1,1,1,Uttar Pradesh,1
1-7002362932,KRISHNA ENGINEERING COLLEGE,"95, LONI ROAD NEAR HINDON AIR FORCE STATION, MOHAN NAGAR",GHAZIABAD,Private-Self Financing,N,N,1-2825941,fetchdata,2020-2021,Engineering and Technology,1,1,1,1,Uttar Pradesh,1
1-7001732832,GOVERNMENT GIRLS POLYTECHNIC PRAYAGRAJ,"RASOOLABAD ROAD,
TELIYARGANJ, ALLAHABAD - 211004",ALLAHABAD,Government,Y,N,1-475922551,fetchdata,2020-2021,Engineering and Technology,1,1,1,1,Uttar Pradesh,1
1-7001733043,GOVT. GIRLS POLYTECHNIC VARANASI,"SUNDERPUR, VARANASI",VARANASI,Government,Y,N,1-487990271,fetchdata,2020-2021,Engineering and Technology,1,1,1,1,Uttar Pradesh,1
1-7001757373,"SRI ANAR DEVI KHANDELWAL MAHILA POLYTECHNIC, MATHURA","VRINDAVAN ROAD, MATHURA (U.P.)",MATHURA,Govt aided,Y,N,1-497484511,fetchdata,2020-2021,Engineering and Technology,1,1,1,1,Uttar Pradesh,1
1-7001758416,NEELKANTH INSTITUTE OF ENGINEERING & TECHNOLOGY,"NH-58, NEAR SVBP AGRICULTURE UNIVERSITY, MODIPURAM, MEERUT",MEERUT,Private-Self Financing,N,N,1-462354711,fetchdata,2020-2021,Engineering and Technology,1,1,1,1,Uttar Pradesh,1
1-7001860535,NEELKANTH COLLEGE OF ENGINEERING,"NH-58, NEAR SVBP AGRICULTURE UNIVERSITY, MODIPURAM, MEERUT",MEERUT,Private-Self Financing,N,N,1-462197695,fetchdata,2020-2021,Engineering and Technology,1,1,1,1,Uttar Pradesh,1
1-7002402176,"RAKSHPAL BAHADUR COLLEGE OF ENGINEERING & TECHNOLOGY, BAREILLY","NEAR ITBP, BUKHARA TURN, BADAUN ROAD, BAREILLY - 243001 (U.P.)",BAREILLY,Private-Self Financing,N,N,1-5115146,fetchdata,2020-2021,Engineering and Technology,1,1,1,1,Uttar Pradesh,1
1-7001733820,"BIRLA INSTITUTE OF TECHNOLOGY, MESRA, EXTENSION CENTER NOIDA","A-7, SECTOR-1",GAUTHAM BUDDHA NAGAR,State Private University,N,N,1-757981154,fetchdata,2020-2021,Engineering and Technology,1,1,1,1,Uttar Pradesh,1
1-7001860846,SAGAR INSTITUTE OF TECHNOLOGY & MANAGEMENT,"6TH KM STONE, FAIZABAD ROAD, BARABANKI.",BARABANKI,Private-Self Financing,N,N,1-6264633,fetchdata,2020-2021,Engineering and Technology,1,1,1,1,Uttar Pradesh,1
1-7001862850,GOVERNMENT POLYTECHNIC RAMPUR,"NEAR GOVT. PRESS  DISTT. RAMPUR  (U.P.)
244901",RAMPUR,Government,N,N,1-497457901,fetchdata,2020-2021,Engineering and Technology,1,1,1,1,Uttar Pradesh,1
1-7001863033,I.T.S ENGINEERING COLLEGE,"PLOT NO 46, KNOWLEDGE PARK-III,",GAUTHAM BUDDHA NAGAR,Private-Self Financing,N,N,1-3548911,fetchdata,2020-2021,Engineering and Technology,1,1,1,1,Uttar Pradesh,1
1-7002404516,SAVITRI BAI PHULE GOVERMENT GIRLS POLYTECHNIC,DEHRADUN ROAD KHUMARHERA SAHARANPUR,SAHARANPUR,Government,Y,N,1-486488521,fetchdata,2020-2021,Engineering and Technology,1,1,1,1,Uttar Pradesh,1
1-7002435280,VISHVESHWARYA GROUP OF INSTITUTIONS,20KMS. FROM GHAZIABAD ON GHAZIABAD - BULANDSHAHR MAIN G.T.ROAD,GAUTAM BUDDHA NAGAR,Private-Self Financing,N,N,1-5978601,fetchdata,2020-2021,Engineering and Technology,1,1,1,1,Uttar Pradesh,1
1-7001735676,ABSS INSTITUTE OF TECHNOLOGY,"SALARPUR, MAWANA ROAD, MEERUT,U.P",MEERUT,Private-Self Financing,N,N,1-5924881,fetchdata,2020-2021,Engineering and Technology,1,1,1,1,Uttar Pradesh,1
1-7001762361,GOVERNMENT POLYTECHNIC LAKHIMPUR-KHERI,AIRA ROAD,LAKHIMPUR-KHERI,Government,N,N,1-514006201,fetchdata,2020-2021,Engineering and Technology,1,1,1,1,Uttar Pradesh,1
1-7001909036,INDUS INSTITUTE OF TECHNOLOGY & MANAGEMENT,"KAKWAN ROAD, VILL : BARAULI, TEHSIL : BILHAUR
DISTT: KANPUR NAGAR (U.P.)",KANPUR NAGAR,Private-Self Financing,N,N,1-3954924,fetchdata,2020-2021,Engineering and Technology,1,1,1,1,Uttar Pradesh,1
1-7001910857,GOVERNMENT POLYTECHNIC LUCKNOW,FAIZABAD ROAD,LUCKNOW,Government,N,N,1-473905341,fetchdata,2020-2021,Engineering and Technology,1,1,1,1,Uttar Pradesh,1
1-7002398694,LAL BAHADUR SHASTRI POLYTECHNIC,"VILLAGE MANDA
MAUJA GIRDHARPUR
DISTRICT ALLAHABAD",ALLAHABAD,Govt aided,N,N,1-2056843331,fetchdata,2020-2021,Engineering and Technology,1,1,1,1,Uttar Pradesh,1
1-7001762559,ACN COLLEGE OF POLYTECHNIC,"ACN CITY, CHHERAT,  KASIMPUR POWER HOUSE ROAD, ALIGARH",ALIGARH,Private-Self Financing,N,Y,1-728998271,fetchdata,2020-2021,Engineering and Technology,1,1,1,1,Uttar Pradesh,1
1-7002398902,PRASAD INSTITUTE OF TECHNOLOGY,"VILLAGE: PUNCH-HATIA
TALUK: SADAR
DISTRICT:JAUNPUR
STATE: UTTER-PRADESH",JAUNPUR,Private-Self Financing,N,N,1-16962461,fetchdata,2020-2021,Engineering and Technology,1,1,1,1,Uttar Pradesh,1
1-7002399539,SHRI SIDDHI VINAYAK INSTITUTE OF TECHNOLOGY,DOHNA PITAMRAI NEAR DHONA RAILWAY STATION  P.O BHOJIPURA DISTT BAREILLY 243002,BAREILLY,Private-Self Financing,N,N,1-8021301,fetchdata,2020-2021,Engineering and Technology,1,1,1,1,Uttar Pradesh,1
1-7002604004,H.R.C.T. GROUP OF INSTITUTIONS,"7TH KM STONE, DELHI-MEERUT ROAD, MORTA, GHAZIABAD",GHAZIABAD,Private-Self Financing,N,N,1-460901471,fetchdata,2020-2021,Engineering and Technology,1,1,1,1,Uttar Pradesh,1
1-7002549202,IEC GROUP OF INSTITUTIONS,"PLOT NO.-4&11, K.P.-1&3, GREATER NOIDA",GAUTHAM BUDDHA NAGAR,Private-Self Financing,N,N,1-6641291,fetchdata,2020-2021,Engineering and Technology,1,1,1,1,Uttar Pradesh,1
1-7002436559,M.G. INSTITUTE OF MANAGEMENT & TECHNOLOGY,GRAM KHANDEDEV,LUCKNOW,Private-Self Financing,N,N,1-3105801,fetchdata,2020-2021,Engineering and Technology,1,1,1,1,Uttar Pradesh,1
1-7002438373,"KAMLA NEHRU INSTITUTE OF PHYSICAL & SOCIAL SCIENCES,FARIDIPUR CAMPUS SULTANPUR","KAMLA NEHRU INSTITUTE OF PHYSICAL & SOCIAL SCIENCES,FARIDIPUR CAMPUS SULTANPUR",SULTANPUR,Private-Self Financing,N,N,1-13734711,fetchdata,2020-2021,Engineering and Technology,1,1,1,1,Uttar Pradesh,1
1-7001775287,"SHRI RAM MURTI SMARAK COLLEGE OF ENGINEERING, TECHNOLOGY & RESEARCH","RAM MURTI PURAM, 
PRAHLADPUR,
13KM. BAREILLY NAINITAL ROAD,
BAREILLY- 243202",BAREILLY,Private-Self Financing,N,N,1-4410773,fetchdata,2020-2021,Engineering and Technology,1,1,1,1,Uttar Pradesh,1
1-7001778271,BABU BANRASI DAS INSTITUTE OF TECHNOLOGY AND MANAGEMENT(ENGG. AND TECH.),"SECTOR-I, DR. AKHILESH DAS NAGAR, FAIZABAD ROAD, LUCKNOW",LUCKNOW,Private-Self Financing,N,N,1-412781281,fetchdata,2020-2021,Engineering and Technology,1,1,1,1,Uttar Pradesh,1
1-7001868549,IDEAL INSTITUTE OF MANAGEMENT AND TECHNOLOGY,"IDEAL NAGAR SECTOR-II,DASNA",GHAZIABAD,Private-Self Financing,N,N,1-4470141,fetchdata,2020-2021,Engineering and Technology,1,1,1,1,Uttar Pradesh,1
1-7001870430,GOVERNMENT POLYTECHNIC FAIZABAD,"LUCKNOW ROAD
MUMTAJ NAGAR",FAIZABAD,Government,N,N,1-511484751,fetchdata,2020-2021,Engineering and Technology,1,1,1,1,Uttar Pradesh,1
1-7002552591,BSA COLLEGE OF ENGINEERING & TECHNOLOGY,"NEAR NEW BUS STAND
BHUTESHWAR ROAD
MATHURA (UP)",MATHURA,Private-Self Financing,N,N,1-6777301,fetchdata,2020-2021,Engineering and Technology,1,1,1,1,Uttar Pradesh,1
1-7002563769,INDERPRASTHA ENGINEERING COLLEGE,"63, SITE-4,SURYA NAGAR, FLYOVER ROAD, SAHIBABAD GHAZIABAD",GHAZIABAD,Private-Self Financing,N,N,1-5276325,fetchdata,2020-2021,Engineering and Technology,1,1,1,1,Uttar Pradesh,1
1-7002438722,ACN COLLEGE OF ENGG. & MANAGMENT STUDIES,"CHHERUT
KASHIMPUR ROAD",ALIGARH,Private-Self Financing,N,Y,1-24885461,fetchdata,2020-2021,Engineering and Technology,1,1,1,1,Uttar Pradesh,1
1-7002439307,SHRINATHJI INSTITUTE FOR TECHNICAL EDUCATION,"GHAT ROAD,DELHI-ROORKEE BYPASS NH-58
MEERUT UP 250103",MEERUT,Private-Self Financing,N,N,1-5150926,fetchdata,2020-2021,Engineering and Technology,1,1,1,1,Uttar Pradesh,1
1-8002245261,SNSK INSTITUTE OF TECHNOLOGY,BHAWARAHA PANDEYPUR RADHE,GHAZIPUR,Private-Self Financing,N,N,,fetchdata,2020-2021,Engineering and Technology,1,1,1,1,Uttar Pradesh,1
1-7002441274,GOVERNMENT POLYTECHNIC PRATAPGARH,SULTANPUR ROAD,PRATAPGARH,Government,N,N,1-501163661,fetchdata,2020-2021,Engineering and Technology,1,1,1,1,Uttar Pradesh,1
1-7002441525,K.P. ENGINEERING COLLEGE,"ETMADPUR
NH-2, AGRA - FIROZABAD ROAD
AGRA -283202",AGRA,Private-Self Financing,N,N,1-4518381,fetchdata,2020-2021,Engineering and Technology,1,1,1,1,Uttar Pradesh,1
1-7001786775,GOVERNMENT POLYTECHNIC PRATAPGARH CENTRAL ASSISTANCE,"PREMDHAR PATTI
RANIGANJ
PRATAPGARH",PRATAPGARH,Government,N,N,1-2102786821,fetchdata,2020-2021,Engineering and Technology,1,1,1,1,Uttar Pradesh,1
1-7001786906,GOVERNMENT POLYTECHNIC,VILL SUTAVALI TEH- HASANPUR DIST J P NAGAR,J P NAGAR,Government,N,N,1-1513701431,fetchdata,2020-2021,Engineering and Technology,1,1,1,1,Uttar Pradesh,1
1-7001872880,C M S GOVERNMENT GIRLS POLYTECHNIC,SARADHANA ROAD,MEERUT,Government,Y,N,1-499735681,fetchdata,2020-2021,Engineering and Technology,1,1,1,1,Uttar Pradesh,1
1-7002450652,GOVERNMENT POLYTECHNIC  KALCHINHA CHITRAKOOT,GOVERNMENT POLYTECHNIC KALCHINHA     VIL - KALCHINHA  POST BARGARH DIST - CHITRAKOOT,CHITRAKOOT,Government,N,N,1-1538603311,fetchdata,2020-2021,Engineering and Technology,1,1,1,1,Uttar Pradesh,1
1-7002512676,MEERUT INSTITUTE OF ENGINEERING & TECHNOLOGY,"NH-58, BYPASS ROAD,BAGHPAT CROSSING,MEERUT",MEERUT,Private-Self Financing,N,N,1-3962501,fetchdata,2020-2021,Engineering and Technology,1,1,1,1,Uttar Pradesh,1
1-7001920427,FIT ENGINEERING COLLEGE,"KASERU BUXAR, GREEN PARK, MAWANA ROAD, MEERUT",MEERUT,Private-Self Financing,N,N,1-16992934,fetchdata,2020-2021,Engineering and Technology,1,1,1,1,Uttar Pradesh,1
1-7002478224,ACCURATE INSTITUTE OF MANAGEMENT & TECHNOLOGY,"PLOT NO. 49, KNOWLEDGE PARK-III",GAUTAM BUDDHA NAGAR,Private-Self Financing,N,N,1-6060126,fetchdata,2020-2021,Engineering and Technology,1,1,1,1,Uttar Pradesh,1
1-7002496345,INSTITUTE OF ENGINEERING & TECHNOLOGY,"BUNDELKHAND UNIVERSITY CAMPUS, KANPUR ROAD, JHANSI",JHANSI,Government,N,N,1-491997703,fetchdata,2020-2021,Engineering and Technology,1,1,1,1,Uttar Pradesh,1
1-7002365913,D.N.POLYTECHNIC MEERUT,"PARTAPUR
DELHI ROAD",MEERUT,Govt aided,N,N,1-514619561,fetchdata,2020-2021,Engineering and Technology,1,1,1,1,Uttar Pradesh,1
1-7001976616,SARASWATI INSTITUTE OF ENGINEERING & TECHNOLOGY,"NH_24,PAWLA,PILAKHUWA,GHAZIABAD,U.P-245304",GHAZIABAD,Private-Self Financing,N,N,1-7856143,fetchdata,2020-2021,Engineering and Technology,1,1,1,1,Uttar Pradesh,1
1-7001977241,R D ENGINEERING COLLEGE & RESEARCH CENTRE,"9 TH KM MILE STONE ON NH 58 DELHI MEERUT ROAD, DUHAI GHAZIABAD",GHAZIABAD,Private-Self Financing,N,N,1-421190141,fetchdata,2020-2021,Engineering and Technology,1,1,1,1,Uttar Pradesh,1
1-7002026399,NORTHERN REGIONAL INSTITUTE OF PRINTING TECHNOLOGY,TELIARGANJ,ALLAHABAD,Government,N,N,1-510129781,fetchdata,2020-2021,Engineering and Technology,1,1,1,1,Uttar Pradesh,1
1-7002028497,KALI CHARAN NIGAM INSTITUTE OF TECHNOLOGY,"NARAINI ROAD, BANDA",BANDA,Private-Self Financing,N,N,1-20221111,fetchdata,2020-2021,Engineering and Technology,1,1,1,1,Uttar Pradesh,1
1-7002366513,GOVERNMENT POLYTECHNIC BAREILLY,C. B. GANJ,BAREILLY,Government,N,N,1-494408131,fetchdata,2020-2021,Engineering and Technology,1,1,1,1,Uttar Pradesh,1
1-7002366815,GOKARAN NARVADESHWAR INSTITUTE OF TECHNOLOGY AND MANAGEMENT,"VILLAGE-TINDOLA
12 KM STONE,LUCKNOW-DEWA ROAD
BARABANKI",BARABANKI,Private-Self Financing,N,N,1-21643361,fetchdata,2020-2021,Engineering and Technology,1,1,1,1,Uttar Pradesh,1
1-7002368275,NITRA TECHNICAL CAMPUS,"SECTOR-23
RAJ NAGAR",GHAZIABAD,Govt aided,N,N,1-760017261,fetchdata,2020-2021,Engineering and Technology,1,1,1,1,Uttar Pradesh,1
1-7001934383,VIDYA COLLEGE OF ENGINEERING,"VIDYA COLLEGE OF ENGINEERING 
VIDYA KNOWLEDGE PARK
BAGHPAT ROAD , MEERUT 
UTTAR PRADESH-250002",MEERUT,Private-Self Financing,N,Y,1-18873461,fetchdata,2020-2021,Engineering and Technology,1,1,1,1,Uttar Pradesh,1
1-7002286995,MAHARAJA AGRASEN COLLEGE OF ENGG. &  TECHNOLOGY,"10 TH KM. BAGARPUR MAFEE,
 GAJRAULA, DHANAURA,
J.P NAGAR-244236 (UP)",JYOTIBA PHULE NAGAR,Private-Self Financing,N,N,1-6084002,fetchdata,2020-2021,Engineering and Technology,1,1,1,1,Uttar Pradesh,1
1-7002368649,HI-TECH INSTITUTE OF ENGINEERING & TECHNOLOGY,"766, 26TH KM, DELHI-HAPUR BYPASS, NH-24",GHAZIABAD,Private-Self Financing,N,N,1-4167997,fetchdata,2020-2021,Engineering and Technology,1,1,1,1,Uttar Pradesh,1
1-7001935573,GOVERNMENT POLYTECHNIC SAHARANPUR,"CHUNETI GADA
DELHI ROAD
SAHARANPUR",SAHARANPUR,Government,N,N,1-492104721,fetchdata,2020-2021,Engineering and Technology,1,1,1,1,Uttar Pradesh,1
1-7001935782,H R INSTITUTE OF ENGINEERING AND TECHNOLOGY,"7TH KM STONE, MEERUT ROAD, MORTA",GHAZIABAD,Private-Self Financing,N,N,1-455715581,fetchdata,2020-2021,Engineering and Technology,1,1,1,1,Uttar Pradesh,1
1-7001723746,HEWETT POLYTECHNIC,MAHANAGAR,LUCKNOW,Govt aided,N,N,1-475501231,fetchdata,2020-2021,Engineering and Technology,1,1,1,1,Uttar Pradesh,1
1-7001724008,SANSKAR COLLEGE OF ENGINEERING AND TECHNOLOGY,"SHREE GANPATI KNOWLEDGE PARK, OPP. JINDAL PIPES LTD., NH-24, JINDAL NAGAR, GHAZIABAD",GHAZIABAD,Private-Self Financing,N,N,1-10573051,fetchdata,2020-2021,Engineering and Technology,1,1,1,1,Uttar Pradesh,1
1-7001940756,JMS GROUP OF INSTITUTIONS,"HANS KNOWLEDGE PARK,34 MILES FROM DELHI, DELHI - HAPUR ROAD, GHAZIABAD",GHAZIABAD,Private-Self Financing,N,N,1-3143011,fetchdata,2020-2021,Engineering and Technology,1,1,1,1,Uttar Pradesh,1
1-7001988858,"TOWN POLYTECHNIC,BALLIA","TIKHAM PUR
BALLIA",BALLIA,Govt aided,N,N,1-492974821,fetchdata,2020-2021,Engineering and Technology,1,1,1,1,Uttar Pradesh,1
1-7002314278,SHANTI NIKETAN GROUP OF INSTITUTIONS,"VILLAGE-IKLA, GOON-GEJHA ROAD, MOHIUDDINPUR-250 205, MEERUT (U.P.)",MEERUT,Private-Self Financing,N,N,1-4866573,fetchdata,2020-2021,Engineering and Technology,1,1,1,1,Uttar Pradesh,1
1-7001725744,INFINITY INSTITUTE OF MANAGEMENT & TECHNOLOGY,"OPP- RADHA SWAMI SATSUNG BHAWAN, MUZAFFARNAGAR ROAD",SAHARANPUR,Private-Self Financing,N,N,1-525400571,fetchdata,2020-2021,Engineering and Technology,1,1,1,1,Uttar Pradesh,1
1-7001726025,SHAMBHUNATH INSTITUTE OF ENGINEERING & TECHNOLOGY,"JHALWA, NEAR IIIT, ALLAHABAD",ALLAHABAD,Private-Self Financing,N,N,1-10813514,fetchdata,2020-2021,Engineering and Technology,1,1,1,1,Uttar Pradesh,1
1-7001895524,"UNITED COLLEGE OF ENGINEERING & RESEARCH, GREATER NOIDA","50, KNOWLEDGE PARK III,
GREATER NOIDA",GAUTAM BUDDHA NAGAR,Private-Self Financing,N,N,1-6286037,fetchdata,2020-2021,Engineering and Technology,1,1,1,1,Uttar Pradesh,1
1-7001897240,HARDAYAL TECHNICAL CAMPUS,"24 MILES STONE, AGRA DELHI NATIONAL HIGHWAY (NH2), FARAH, MATHURA",MATHURA,Private-Self Financing,N,N,1-480895001,fetchdata,2020-2021,Engineering and Technology,1,1,1,1,Uttar Pradesh,1
1-7001898141,UNITED COLLEGE OF ENGINEERING & RESEARCH,"UPSIDC INDUSTRIAL AREA, NAINI,
ALLAHABAD",ALLAHABAD,Private-Self Financing,N,N,1-6281266,fetchdata,2020-2021,Engineering and Technology,1,1,1,1,Uttar Pradesh,1
1-7001942439,DR. K.N. MODI  ENGINEERING COLLEGE,"HAPUR ROAD,
NEAR EYE HOSPITAL
MODINAGAR-201204
DISTT. GHAZIABAD.",GHAZIABAD,Private-Self Financing,N,N,1-14677794,fetchdata,2020-2021,Engineering and Technology,1,1,1,1,Uttar Pradesh,1
1-7001989116,SHIVAM TECHNICAL CAMPUS,JUNCTION ROAD,BULANDSHAHAR,Private-Self Financing,N,N,1-481174431,fetchdata,2020-2021,Engineering and Technology,1,1,1,1,Uttar Pradesh,1
1-7002039771,NEELKANTH INSTITUTE OF TECHNOLOGY,"NH-58, NEAR SVBP AGRICULTURE UNIVERISTY,MEERUT",MEERUT,Private-Self Financing,N,N,1-13635421,fetchdata,2020-2021,Engineering and Technology,1,1,1,1,Uttar Pradesh,1
1-7002316202,BHONWAL  SCHOOL OF ENGINEERING,"NATKUR, BIJNAUR-
BANTHRA ROAD, LUCKNOW",LUCKNOW,Private-Self Financing,N,N,1-796189501,fetchdata,2020-2021,Engineering and Technology,1,1,1,1,Uttar Pradesh,1
1-7002316448,IDEAL INSTITUTE OF TECHNOLOGY,"SADARPUR- SIKROAD,BEHIND GOVINDPURAM,POST BOX NO. 62,GHAZIABAD 201003 UP",GHAZIABAD,Private-Self Financing,N,N,1-3680181,fetchdata,2020-2021,Engineering and Technology,1,1,1,1,Uttar Pradesh,1
1-7002317454,KANPUR INSTITUTE OF TECHNOLOGY,"A-1 UPSIDC INDUSTRIAL AREA
ROOMA",KANPUR NAGAR,Private-Self Financing,N,N,1-8069644,fetchdata,2020-2021,Engineering and Technology,1,1,1,1,Uttar Pradesh,1
1-7002771667,UNITED INSTITUTE OF TECHNOLOGY,"D-3 UPSIDC INDUSTRIAL AREA, NAINI",ALLAHABAD,Private-Self Financing,N,N,1-5284031,fetchdata,2020-2021,Engineering and Technology,1,1,1,1,Uttar Pradesh,1
1-7002737619,BEACON INSTITUTE OF TECHNOLOGY,"BY PASS ROAD PARTAPUR, MEERUT",MEERUT,Private-Self Financing,N,N,1-483969241,fetchdata,2020-2021,Engineering and Technology,1,1,1,1,Uttar Pradesh,1
1-7002777830,KASHI INSTITUTE OF TECHNOLOGY,"MS 23, VARANASI ALLAHABAD HIGHWAY, MIRZAMURAD, VARANASI",VARANASI,Private-Self Financing,N,N,1-7853771,fetchdata,2020-2021,Engineering and Technology,1,1,1,1,Uttar Pradesh,1
1-7003109035,"KAMLA NEHRU INSTITUTE OF TECHNOLOGY , SULTANPUR","KAMLA NEHRU INSTITUTE OF TECHNOLOGY, SULTANPUR
228118 (U.P)",SULTANPUR,Govt aided,N,N,1-9932280,fetchdata,2020-2021,Engineering and Technology,1,1,1,1,Uttar Pradesh,1
1-4631682511,UDAYRAJ SINGH RAMPYARI INSTITUTE OF SCIENCE AND TECHNOLOGY,"VILLAGE & POST- JALALPUR JAGNANDAN PATTI, POST- KAUDIA",AZAMGARH,Private-Self Financing,N,N,,fetchdata,2020-2021,Engineering and Technology,1,1,1,1,Uttar Pradesh,1
1-7002841524,SR INSTITUTE OF MANAGEMENT& TECHNOLOGY,"BHAISAMAU, BAKSHI KA TALAB, LUCKNOW",LUCKNOW,Private-Self Financing,N,N,1-21788371,fetchdata,2020-2021,Engineering and Technology,1,1,1,1,Uttar Pradesh,1
1-7002804634,NARAINA VIDYA PEETH ENGINEERING & MANAGEMENT INSTITUTE,"GANGAGANJ, PANKI, KANPUR-208020 (UP) INDIA",KANPUR NAGAR,Private-Self Financing,N,N,1-7058815,fetchdata,2020-2021,Engineering and Technology,1,1,1,1,Uttar Pradesh,1
1-7002806937,BANARAS INSTITUTEOF POLYTECHNIC & ENGINEERING,VILLAGE GAJOKHAR POST PARSARA PHOOLPUR,VARANASI,Private-Self Financing,N,N,1-488233171,fetchdata,2020-2021,Engineering and Technology,1,1,1,1,Uttar Pradesh,1
1-7002807380,UNITED COLLEGE OF ENGINEERING & MANAGEMENT,"D-2 UPSIDC INDUSTRIAL AREA, NAINI,
ALLAHABAD",ALLAHABAD,Private-Self Financing,N,N,1-6249736,fetchdata,2020-2021,Engineering and Technology,1,1,1,1,Uttar Pradesh,1
1-4889066841,RAJ NARAYAN SINGH SAMMOPUR POLYTECHNIC,"VILLAGE- TAMMARPUR, POST- THEKMA",AZAMGARH,Private-Self Financing,N,N,,fetchdata,2020-2021,Engineering and Technology,1,1,1,1,Uttar Pradesh,1
1-7001678148,GOVERNMENT POLYTECHNIC THAKURDWARA MORADABAD,"VILL-BHAVALPUR ,TEHSIL- THAKURDWARA",MORADABAD,Government,N,N,1-4910643091,fetchdata,2020-2021,Engineering and Technology,1,1,1,1,Uttar Pradesh,1
1-7001698556,UTTAR PRADESH TEXTILE TECHNOLOGY INSTITUTE KANPUR,11/208 SOUTER GANJ KANPUR,KANPUR NAGAR,Government,N,N,1-598267561,fetchdata,2020-2021,Engineering and Technology,1,1,1,1,Uttar Pradesh,1
1-7001720943,NARAINA COLLEGE OF ENGINEERRING & TECHNOLOGY,"1423/1, RATANPUR, PANKI, KANPUR-208020 (UP) INDIA",KANPUR NAGAR,Private-Self Financing,N,N,1-6414801,fetchdata,2020-2021,Engineering and Technology,1,1,1,1,Uttar Pradesh,1
1-7002148080,B.B.S. COLLEGE OF ENGINEERING & TECHNOLOGY,"GADDOPUR
PHAPHAMAU
ALLAHABAD",ALLAHABAD,Private-Self Financing,N,N,1-8955671,fetchdata,2020-2021,Engineering and Technology,1,1,1,1,Uttar Pradesh,1
1-7002184993,KCC INSTITUTE OF TECHNOLOGY AND MANAGEMENT,"2B & 2C, KNOWLEDGE PARK III,
GREATER NOIDA
GAUTAMBUDH NAGAR",GAUTAM BUDDHA NAGAR,Private-Self Financing,N,N,1-13393212,fetchdata,2020-2021,Engineering and Technology,1,1,1,1,Uttar Pradesh,1
1-7002229539,RAMESHWARAM INSTITUTE OF TECHNOLOGY & MANAGEMENT,"GOVIND PURAM, 
NEAR SEWA HOSPITAL, 
SITAPUR ROAD, 
LUCKNOW",LUCKNOW,Private-Self Financing,N,N,1-5796654,fetchdata,2020-2021,Engineering and Technology,1,1,1,1,Uttar Pradesh,1
1-7002192675,"BHAGWANT INSTITUTE OF TECHNOLOGY, GHAZIABAD","VILLAGE - PARSOON-GALAND PARGANA-DASNA
NH-24, HAPUR ROAD,
JINDAL NAGAR 
DISTT.- GHAZIABAD (U.P.) 201302",GHAZIABAD,Private-Self Financing,N,N,1-16903964,fetchdata,2020-2021,Engineering and Technology,1,1,1,1,Uttar Pradesh,1
1-7002202550,SUBHARTI POLYTECHNIC COLLEGE,"SUBHARTIPURAM, NH-58, DELHI-HARDWAR-MEERUT BYPASS ROAD",MEERUT,Private-Self Financing,N,N,1-478381221,fetchdata,2020-2021,Engineering and Technology,1,1,1,1,Uttar Pradesh,1
1-7002230230,SHREE  BALAJI POLYTECHNIC COLLEGE,BAGHPAT ROAD KURALI,MEERUT,Private-Self Financing,N,N,1-477750473,fetchdata,2020-2021,Engineering and Technology,1,1,1,1,Uttar Pradesh,1
1-7002187411,GANDHI POLYTECHNIC,MUZAFFARNAGAR,MUZAFFARNAGAR,Govt aided,N,N,1-508649771,fetchdata,2020-2021,Engineering and Technology,1,1,1,1,Uttar Pradesh,1
1-7002193200,"GOVERNMENT POLYTECHNIC, DEORIA","PO- G.I.ESTATE
GORAKHPUR-DEORIA ROAD
DISTT- DEORIA (U.P)",DEORIA,Government,N,N,1-480403641,fetchdata,2020-2021,Engineering and Technology,1,1,1,1,Uttar Pradesh,1
1-7002193717,BABU BANARSI DAS INSTITUTE OF TECHNOLOGY,"7TH K.M. FROM GHAZIABAD ON N.H. 58, DELHI-MEERUT ROAD, DUHAI, GHAZIABAD (U.P.)",GHAZIABAD,Private-Self Financing,N,N,1-5551151,fetchdata,2020-2021,Engineering and Technology,1,1,1,1,Uttar Pradesh,1
1-7002204393,KALKA ENGINEERING COLLEGE,"PARTA PUR 
BYEPASS ROAD
MEERUT",MEERUT,Private-Self Financing,N,N,1-22275071,fetchdata,2020-2021,Engineering and Technology,1,1,1,1,Uttar Pradesh,1
1-7002146068,SAVITRIBAI PHULE GOVERNMENT POLYTECHNIC,HARRA KI CHUNGI,AZAMGARH,Government,N,N,1-500004921,fetchdata,2020-2021,Engineering and Technology,1,1,1,1,Uttar Pradesh,1
1-7002155932,SUNDER DEEP GROUP OF INSTITUTIONS,NH-24 DELHI- HAPUR ROAD,GHAZIABAD,Private-Self Financing,N,N,1-3199093,fetchdata,2020-2021,Engineering and Technology,1,1,1,1,Uttar Pradesh,1
1-7002871991,PSIT-PRANVEER SINGH INSTITUTE OF TECHNOLOGY,"NH-2 KANPUR AGRA NATIONAL HIGHWAY,BHAUTI, KANPUR",KANPUR NAGAR,Private-Self Financing,N,N,1-15116411,fetchdata,2020-2021,Engineering and Technology,1,1,1,1,Uttar Pradesh,1
1-7002886072,SHRI GIRRAJ MAHARAJ POLYTECHNIC COLLEGE,"7KM, MATHURA-BHRATPUR STATE HIGHWAY, VIILL.-MUNDESI,P.O.-DHANGAON. MATHURA",MATHURA,Private-Self Financing,N,N,1-474806531,fetchdata,2020-2021,Engineering and Technology,1,1,1,1,Uttar Pradesh,1
1-7002937044,RISHI RAMNARESH TECHNICAL INSTITUTE,"VILL+ PO - MOLANAPUR (DUBARI)
TEHSHIL MADHUBAN",MAU,Private-Self Financing,N,N,1-460724781,fetchdata,2020-2021,Engineering and Technology,1,1,1,1,Uttar Pradesh,1
1-7002966436,ABHAY MEMORIAL TRUST GROUP OF INSTITUTIONS,"366 AKBARPUR, SALLAPUR",ALLAHABAD,Private-Self Financing,N,N,1-5325231,fetchdata,2020-2021,Engineering and Technology,1,1,1,1,Uttar Pradesh,1
1-7002937349,HANSWAHINI INSTITUTE OF SCIENCE & TECHNOLOGY,"MAHUARI CHAKIA
POST:NIBI
NAINI",ALLAHABAD,Private-Self Financing,N,N,1-477826721,fetchdata,2020-2021,Engineering and Technology,1,1,1,1,Uttar Pradesh,1
1-7002911647,ABES INSTITUTE OF TECHNOLOGY,"CAMPUS - 2, 
19TH KM STONE, 
NATIONAL HIGHWAY - 24,
 VIJAY NAGAR, 
GHAZIABAD (UP)",GHAZIABAD,Private-Self Financing,N,N,1-6708331,fetchdata,2020-2021,Engineering and Technology,1,1,1,1,Uttar Pradesh,1
1-7002917855,HIMALYAN INSTITUTE OF TECHNOLOGY AND MANAGEMENT,"MOHAMMADPUR SARAIYA, POST- PAHARPUR, BKT, LUCKNOW, U.P.",LUCKNOW,Private-Self Financing,N,N,1-11292931,fetchdata,2020-2021,Engineering and Technology,1,1,1,1,Uttar Pradesh,1
1-7002936618,DR. RIZVI COLLEGE OF ENGINEERING,"DR. RIZVI EDUCATIONAL COMPLEX, KARARI, KAUSHAMBI",KAUSHAMBI,Private-Self Financing,N,Y,1-460509291,fetchdata,2020-2021,Engineering and Technology,1,1,1,1,Uttar Pradesh,1
1-7002864367,"SRMS COLLEGE OF ENGINEERING & TECHNOLOGY, UNNAO","35 KM. STONE 
LUCKNOW-KANPUR HIGHWAY",UNNAO,Private-Self Financing,N,N,1-425510491,fetchdata,2020-2021,Engineering and Technology,1,1,1,1,Uttar Pradesh,1
1-7002885369,PRAYAG INSTITUTE OF TECHNOLOGY AND MANAGEMENT,"ALLAHABAD - MIRZAPUR ROAD
BENDO, KARCHHANA",ALLAHABAD,Private-Self Financing,N,N,1-8548971,fetchdata,2020-2021,Engineering and Technology,1,1,1,1,Uttar Pradesh,1
1-7003446083,PSIT COLLEGE OF ENGINEERING,"NH-2 KANPUR AGRA NATIONAL HIGHWAY, BHAUTI , KANPUR",KANPUR NAGAR,Private-Self Financing,N,N,1-15232571,fetchdata,2020-2021,Engineering and Technology,1,1,1,1,Uttar Pradesh,1
1-7003405411,AZAD INSTITUTE OF ENGINEERING & TECHNOLOGY,"AZADPURAM, ADJACENT CRPF CAMP, POST CHANDRAWAL, BIJNAUR",LUCKNOW,Private-Self Financing,N,Y,1-10094951,fetchdata,2020-2021,Engineering and Technology,1,1,1,1,Uttar Pradesh,1
1-7003441985,DRONACHARYA GROUP OF INSTITUTIONS,"B-27, KNOWLEDGE PARK-III, GREATER NOIDA-201308",GAUTAM BUDDHA NAGAR,Private-Self Financing,N,N,1-2193161,fetchdata,2020-2021,Engineering and Technology,1,1,1,1,Uttar Pradesh,1
1-7003325945,AJAY KUMAR GARG ENGINEERING COLLEGE,"27 KM STONE, DELHI-HAPUR BYPASS ROAD,
ADHYATMIK NAGAR,
GHAZIABAD, U.P",GHAZIABAD,Private-Self Financing,N,N,1-2893141,fetchdata,2020-2021,Engineering and Technology,1,1,1,1,Uttar Pradesh,1
1-7003311072,RADHA GOVIND GROUP OF INSTITUTIONS,"ANUYOGIPURAM,
GARH ROAD",MEERUT,Private-Self Financing,N,N,1-3799173,fetchdata,2020-2021,Engineering and Technology,1,1,1,1,Uttar Pradesh,1
1-7003351245,DEV BHOOMI GROUP OF INSTITUTIONS,"VILL.JAMAPUR BERI
DABKI ROAD,
NEAR BALIA KHERI RAILWAY STATION
SAHARANPUR",SAHARANPUR,Private-Self Financing,N,N,1-9218101,fetchdata,2020-2021,Engineering and Technology,1,1,1,1,Uttar Pradesh,1
1-7003315487,"GOVERNMENT POLYTECHNIC , JHANSI","GWALIOR ROAD
JHANSI",JHANSI,Government,N,N,1-491388531,fetchdata,2020-2021,Engineering and Technology,1,1,1,1,Uttar Pradesh,1
1-7002983580,BAKHSHI POLYTECHNIC,"MUJAR MACHHLI SHAHAR JAUNPUR, U.P.",JAUNPUR,Private-Self Financing,N,N,1-453167813,fetchdata,2020-2021,Engineering and Technology,1,1,1,1,Uttar Pradesh,1
1-7003035793,SHRI KASHI CHANDRA DEV YADAV PRAVIDHIK SHIKSHAN SANSTHAN,"VILLAGE- HAZIPUR POST- BAMHAUR, SADAR, AZAMGARH",AZAMGARH,Private-Self Financing,N,N,1-465683701,fetchdata,2020-2021,Engineering and Technology,1,1,1,1,Uttar Pradesh,1
1-7003080510,DR. BHEEM RAO AMBEDKAR POLYTECHNIC COLLEGE,VILL.- MARDAPUR POST SADAT,GHAZIPUR,Private-Self Financing,N,N,1-514424411,fetchdata,2020-2021,Engineering and Technology,1,1,1,1,Uttar Pradesh,1
1-7003066689,SHRI JEET RAM SMARAK INSTITUTE OF ENGINEERING & TECHNOLOGY,"VILL. KHATA BHANDSAR ROAD
PO-BHANDSAR RITHORA",BAREILLY,Private-Self Financing,N,N,1-14776451,fetchdata,2020-2021,Engineering and Technology,1,1,1,1,Uttar Pradesh,1
1-7003498445,M.G. POLYTECHNIC,"VILL.-HABIBPUR, PARGANA-JHUNSI, TEHSIL-PHOOLPUR DISTT.-ALLAHABAD",ALLAHABAD,Private-Self Financing,N,N,1-2068620641,fetchdata,2020-2021,Engineering and Technology,1,1,1,1,Uttar Pradesh,1
1-7003587830,DELHI TECHNICAL CAMPUS,"28/1, KNOWLEDGE PARK III, GREATER NOIDA, UTTAR PRADESH",GAUTAM BUDDHA NAGAR,Private-Self Financing,N,N,1-2216569401,fetchdata,2020-2021,Engineering and Technology,1,1,1,1,Uttar Pradesh,1
1-7003494427,NOIDA INSTITUTE OF ENGINEERING & TECHNOLOGY,"19, KNOWLEDGE PARK-II,
INSTITUTIONAL AREA,
GREATER NOIDA-201306",GAUTAM BUDDHA NAGAR,Private-Self Financing,N,N,1-4193641,fetchdata,2020-2021,Engineering and Technology,1,1,1,1,Uttar Pradesh,1
1-7003497062,UMRAO  TECHNOLOGICAL  INSTITUTE,"GRAM & POST -ALAMPUR
TEHSIL-BINDKI",FATEHPUR,Private-Self Financing,N,N,1-464969221,fetchdata,2020-2021,Engineering and Technology,1,1,1,1,Uttar Pradesh,1
1-7001663092,RUDRA PRATAP POLYTECHNIC COLLEGE,"DEOPUR KAMALPUR, POST - KOTHIYA, DISTT -  AZAMGARH",AZAMGARH,Private-Self Financing,N,N,1-5095780601,fetchdata,2020-2021,Engineering and Technology,1,1,1,1,Uttar Pradesh,1
1-7001667431,SKYLINE INSTITUTE OF ENGINEERING,"PLOT NO 3, KNOWLEDGE PARK-II, GREATER NOIDA, GAUTAM BUDH NAGAR, UTTAR PRADESH 201308",GAUTAM BUDDHA NAGAR,Private-Self Financing,N,N,1-4631756641,fetchdata,2020-2021,Engineering and Technology,1,1,1,1,Uttar Pradesh,1
1-7003588581,SETH JAIPRAKASH MUKANDLAL POLYTECHNIC,"SUSHILA COLLEGE CAMPUS, DAYANAND NAGAR",GHAZIABAD,Private-Self Financing,Y,N,1-437195903,fetchdata,2020-2021,Engineering and Technology,1,1,1,1,Uttar Pradesh,1
