institute_id,institute_name,address,district,institution_type,women_only,minority,parent_id,method,year,program,level,institutiontype,Women,Minority,state,course
1-7728925231,VISVESVARAYA TECHNOLOGICAL UNIVERSITY CENTRE FOR POST GRADUATE STUDIES MUDDENAHALLI,VISVESVARAYA TECHNOLOGICAL UNIVERSITY CENTRE FOR POST GRADUATE STUDIES,BELGAUM,Government,N,N,,fetchdata,2020-2021,Engineering and Technology,1,1,1,1,Karnataka,1
1-7868934371,GOVERNMENT TOOL ROOM AND TRAINING CENTRE UDUPI,"K G ROAD, THENKABETTU POST,UPPOOR.",UDUPI,Government,N,N,,fetchdata,2020-2021,Engineering and Technology,1,1,1,1,Karnataka,1
1-7920043341,VISVESVARAYA TECHNOLOGICAL UNIVERSITY DEPARTMENT OF PG STUDIES,"VISVESVARAYA TECHNOLOGICAL UNIVERSITY, JNANA SANGAMA, MACHHE, BELAGAVI",BELGAUM,Government,N,N,,fetchdata,2020-2021,Engineering and Technology,1,1,1,1,Karnataka,1
1-7161814455,M. S. RAMAIAH UNIVERSITY OF APPLIED SCIENCES,"UNIVERSITY HOUSE, GNANAGANGOTHRI CAMPUS, NEW BEL ROAD, MSR ROAD, BANGALORE - 560054",BANGALORE URBAN,State Private University,N,N,,fetchdata,2020-2021,Engineering and Technology,1,1,1,1,Karnataka,1
1-7101818900,"D V S POLYTECHNIC , SHIMOGA`","SIR M V ROAD
BASHVESHAWARA CIRCLE ,
SHIMOGA.",SHIMOGA,Govt aided,N,N,1-487979463,fetchdata,2020-2021,Engineering and Technology,1,1,1,1,Karnataka,1
1-7101796498,SHRI ULAVI CHANNABASAVESHWAR POLYTECHNIC,NIRMAL NAGAR,UTTARA KANNADA,Private-Self Financing,N,N,1-493691643,fetchdata,2020-2021,Engineering and Technology,1,1,1,1,Karnataka,1
1-7101819085,BTL POLYTECHNIC,"NO.259/B, BOMMASANDRA INDUSTRIAL AREA, HOSUR ROAD, BANGALORE-560099",BANGALORE URBAN,Private-Self Financing,N,N,1-496387901,fetchdata,2020-2021,Engineering and Technology,1,1,1,1,Karnataka,1
1-7101820613,VASAVI JNANA PEETHA POLYTECHNIC,"CA NO.10, 2ND MAIN, VIJAYANAGAR,",BANGALORE URBAN,Private-Self Financing,N,N,1-749983901,fetchdata,2020-2021,Engineering and Technology,1,1,1,1,Karnataka,1
1-7101804358,BALLARI RURAL POLYTECHNIC,"KOLUR VILLAGE ,KOLUR POST , BELLARY DISTRICT ,BELLARY TALUK",BELLARY,Private-Self Financing,N,N,1-429694301,fetchdata,2020-2021,Engineering and Technology,1,1,1,1,Karnataka,1
1-7022292387,MVJ COLLEGE OF ENGINEERING,"NEAR ITPB,
CHANNASANDRA,
KADUGODI POST,
BANGALORE",BANGALORE URBAN,Private-Self Financing,N,Y,1-6536096,fetchdata,2020-2021,Engineering and Technology,1,1,1,1,Karnataka,1
1-7022295333,BASAVAKALYAN ENGINEERING COLLEGE,"N.H.9 
BASAVAKALYAN-585327
DIST. BIDAR
KARNATAKA",BIDAR,Private-Self Financing,N,N,1-2060831,fetchdata,2020-2021,Engineering and Technology,1,1,1,1,Karnataka,1
1-7101806624,HARALAIAH POLYTECHNIC,TQ BHALKI DIST BIDAR (KARNATAKA),BIDAR,Private-Self Financing,N,N,1-486302691,fetchdata,2020-2021,Engineering and Technology,1,1,1,1,Karnataka,1
1-7022299683,K.V.G.COLLEGE OF ENGINEERING,"KURUNJIBHAG,
SULLIA TALUK,
DAKSHINA KANNADA DISTRICT,
KARNATAKA STATE. - 574327",DAKSHINA KANNADA,Private-Self Financing,N,N,1-4083884,fetchdata,2020-2021,Engineering and Technology,1,1,1,1,Karnataka,1
1-7022301294,A.M.C. ENGINEERING COLLEGE,"18KM,BANNERAGHATTA ROAD,KALKERE,BANGALORE-560083",BANGALORE URBAN,Private-Self Financing,N,N,1-5220016,fetchdata,2020-2021,Engineering and Technology,1,1,1,1,Karnataka,1
1-7101810556,SANJAY MEMORIAL POLYTECHNIC,"IKKERI ROAD
SAGARA - 577401
SHIMOGA DISTRICT, KARNATAKA",SHIMOGA,Govt aided,N,N,1-467957621,fetchdata,2020-2021,Engineering and Technology,1,1,1,1,Karnataka,1
1-7101810736,MARATHA MANDAL POLYTECHNIC,"1007, SUBHASH NAGAR, MAL MARUTI EXTN.",BELGAUM,Govt aided,N,N,1-475123901,fetchdata,2020-2021,Engineering and Technology,1,1,1,1,Karnataka,1
1-7022306193,KALPATARU INSTITUTE OF TECHNOLOGY,"KALPATARU INSTITUTE OF TECHNOLOGY,
B.H.ROAD,
HASSAN CIRCLE,
TIPTUR-572202",TUMKUR,Private-Self Financing,N,N,1-13347267,fetchdata,2020-2021,Engineering and Technology,1,1,1,1,Karnataka,1
1-7101812707,SHRI NIRANJANA SWAMY POLYTECHNIC,"SUNKADAKATTE
BAJPE",D KANNADA(DK),PRIVATE - AIDED,N,N,1-462702311,fetchdata,2020-2021,Engineering and Technology,1,1,1,1,Karnataka,1
1-7101813976,TMAES POLYTECHNIC,T M A E S POLYTECHNIC,SHIMOGA,Private-Self Financing,N,N,1-487640671,fetchdata,2020-2021,Engineering and Technology,1,1,1,1,Karnataka,1
1-7022118699,THE OXFORD COLLEGE OF ENGINEERING,"HOSUR ROAD,
BOMMANAHALLI,",BANGALORE URBAN,Private-Self Financing,N,Y,1-5770711,fetchdata,2020-2021,Engineering and Technology,1,1,1,1,Karnataka,1
1-7022160128,SRI VINAYAK POLYTECHNIC,"BEHIND ST. JHONS CHURCH, NEAR HOLI MINES, KORAMANDAL POST KGF",KOLAR,Private-Self Financing,N,N,1-820961291,fetchdata,2020-2021,Engineering and Technology,1,1,1,1,Karnataka,1
1-7022141312,AMRUTA INSTITUTE OF ENGINEERING AND MANAGEMENT SCIENCES,"BIDADI INDUSTRIAL AREA, OFF MYSORE ROAD, NEAR TOYOTA KIRLOSKAR MOTORS, BMRDA REGION, BANGALORE",RAMANAGARA,Private-Self Financing,N,N,1-3281811,fetchdata,2020-2021,Engineering and Technology,1,1,1,1,Karnataka,1
1-7022141712,B E T POLYTECHNIC,"BHARATHINAGARA
[K M DODDI]
MADDUR TALUK
MANDYA DIST 
KARNATAKA -571422",MANDYA,Private-Self Financing,N,N,1-448505501,fetchdata,2020-2021,Engineering and Technology,1,1,1,1,Karnataka,1
1-7022181804,VEERAPPA NISTY ENGNINEERING COLLEGE,"POST:HASNAPUR, TQ:SHORAPUR, DIST: YADGIR",YADGIR,Private-Self Financing,N,N,1-7638031,fetchdata,2020-2021,Engineering and Technology,1,1,1,1,Karnataka,1
1-7022182071,SAHYADRI POLYTECHNIC,"SAGAR ROAD
SEEBINAKERE POST",SHIMOGA,Govt aided,N,N,1-474763251,fetchdata,2020-2021,Engineering and Technology,1,1,1,1,Karnataka,1
1-7022141942,ACHUTHA INSTITUTE OF TECHNOLOGY,"GOPALAPURA, BAGALURU(P),
BANGALURU-562149",CHIKABALLAPUR,Private-Self Financing,N,N,1-3640051,fetchdata,2020-2021,Engineering and Technology,1,1,1,1,Karnataka,1
1-7022183900,GOVERNMENT POLYTECHNIC GULBARGA,"AIWAN-E-SHAHI AREA, STATION ROAD,",GULBARGA,Government,N,N,1-466015261,fetchdata,2020-2021,Engineering and Technology,1,1,1,1,Karnataka,1
1-7022184056,PES POLYTECHNIC,"50 FEET ROAD
HANUMANTHA NAGAR
BSK I STAGE",BANGALORE URBAN,Private-Self Financing,N,N,1-452071211,fetchdata,2020-2021,Engineering and Technology,1,1,1,1,Karnataka,1
1-7022143639,IMPACT COLLEGE OF ENGINEERING AND APPLIED SCIENCES,"KODIGEHALLI
SAHAKARANAGAR SOUTH
BANGALORE",BANGALORE URBAN,Private-Self Financing,N,N,1-4425731,fetchdata,2020-2021,Engineering and Technology,1,1,1,1,Karnataka,1
1-7022143938,"K.L.E. SOCIETY'S C.B.KOLLI POLYTECHNIC,HAVERI","P.B. ROAD 
VIDYA NAGAR,
HAVERI",HAVERI,Private-Self Financing,N,N,1-466343581,fetchdata,2020-2021,Engineering and Technology,1,1,1,1,Karnataka,1
1-7022164047,BRINDAVAN COLLEGE OF ENGINEERING,"DWARAKANAGARA, BAGALUR MAIN ROAD,
YELAHANKA, BANGALORE - 560 063",BANGALORE URBAN,Private-Self Financing,N,N,1-5459701,fetchdata,2020-2021,Engineering and Technology,1,1,1,1,Karnataka,1
1-7022184254,"SHRI SUBHAS NAGUR MEMORIAL POLYTECHNIC, BIJAPUR","SMT. SUSHILADEVI NAGUR COLONY COLLEGE ROAD
BIJAPUR",BIJAPUR,Private-Self Financing,N,N,1-461073681,fetchdata,2020-2021,Engineering and Technology,1,1,1,1,Karnataka,1
1-7022184397,SHANTHINIKETAN POLYTECHNIC COLLEGE,"B M ROAD, VIVEKANANDANAGAR,",RAMANAGARA,Private-Self Financing,N,N,1-458768391,fetchdata,2020-2021,Engineering and Technology,1,1,1,1,Karnataka,1
1-7022184602,B.G.S INSTITUTE OF TECHNOLOGY,"B.G.NAGARA ,
NAGAMANGALA TALUK
MANDYA DISTRICT 
571448",MANDYA,Private-Self Financing,N,N,1-10916654,fetchdata,2020-2021,Engineering and Technology,1,1,1,1,Karnataka,1
1-7022264710,K.S.POLYTECHNIC,"#14, RAGHUVANAHALLI, KANAKAPURA ROAD",BANGALORE URBAN,Private-Self Financing,N,N,1-479642611,fetchdata,2020-2021,Engineering and Technology,1,1,1,1,Karnataka,1
1-7022103521,"P.E.S. COLLEGE OF ENGINEERING, MANDYA","P.E.S. COLLEGE OF ENGINEERING,
MANDYA
KARNATAKA STATE

PIN: 571 401",MANDYA,Govt aided,N,N,1-3763241,fetchdata,2020-2021,Engineering and Technology,1,1,1,1,Karnataka,1
1-7022164996,SRI SIDDHARTHA INSTITUTE OF TECHNOLOGY,"MARALUR 
TUMKUR",TUMKUR,Private-Self Financing,N,N,1-9751201,fetchdata,2020-2021,Engineering and Technology,1,1,1,1,Karnataka,1
1-7022185050,HIRASUGAR INSTIUTE OF TECHNOLOGY,"NIDAOSHI
TALUKA: HUKERI
DISTRICT: BELGAUM
STATE: KARNATAKA",BELGAUM,Private-Self Financing,N,N,1-10564221,fetchdata,2020-2021,Engineering and Technology,1,1,1,1,Karnataka,1
1-7022186496,MAHMOOD SHARIEF POLYTECHNIC,"NEAR RTO OFFICE
SC ROAD
YESHWANTHPUR
BANGALORE-22",BANGALORE URBAN,Private-Self Financing,N,Y,1-504597251,fetchdata,2020-2021,Engineering and Technology,1,1,1,1,Karnataka,1
1-7022057128,VIVEKANANDA INSTITUTE OF TECHNOLOGY,"GUDIMAVU VILLAGE 
KENGERI(HOBLI)
NEAR KUMBALAGODU
BANGALORE",BANGALORE RURAL,Private-Self Financing,N,N,1-12176161,fetchdata,2020-2021,Engineering and Technology,1,1,1,1,Karnataka,1
1-7022057485,"K.N.S. INSTITUTE OF TECHNOLOGY, BANGALORE-64","THIRUMENAHALLI, HEGGADENAGAR-KOGILU ROAD, YELAHANKA, BANGALORE-560064",BANGALORE URBAN,Private-Self Financing,N,N,1-14329571,fetchdata,2020-2021,Engineering and Technology,1,1,1,1,Karnataka,1
1-7022105393,EAST POINT COLLEGE OF ENGINEERING & TECHNOLOGY,"JNANA PRABHA, BIDARAHALLI,
VIRGONAGAR POST,
BANGALORE.",BANGALORE URBAN,Private-Self Financing,N,N,1-6231206,fetchdata,2020-2021,Engineering and Technology,1,1,1,1,Karnataka,1
1-7022127475,S J C INSTITUTE OF TECHNOLOGY,"P B NO. 20, B B ROAD, CHICKBALLAPUR, CHICKBALLAPUR (DISTRICT)",CHIKABALLAPUR,Private-Self Financing,N,N,1-10645161,fetchdata,2020-2021,Engineering and Technology,1,1,1,1,Karnataka,1
1-7022166526,GOVERNMENT POLYTECHNIC FOR WOMEN,"VIDYANAGAR
HUBLI",DHARWAD,Government,Y,N,1-447742011,fetchdata,2020-2021,Engineering and Technology,1,1,1,1,Karnataka,1
1-7022166716,"R.T.E.SOCIETY'S, RURAL ENGINEERING COLLEGE, HULKOTI","R.T.E.SOCIETY'S, RURAL ENGINEERING COLLEGE, 
HULKOTI -582 205
TAQ / DIST:GADAG
STATE: KARNATAKA
COUNTRY: INDIA",GADAG,Private-Self Financing,N,N,1-5445871,fetchdata,2020-2021,Engineering and Technology,1,1,1,1,Karnataka,1
1-7022186788,JAWAHARLAL NEHRU NEW COLLEGE OF ENGINEERING,"P.B. NO. 128,
NAVULE, SHIMOGA",SHIMOGA,Private-Self Financing,N,N,1-8198061,fetchdata,2020-2021,Engineering and Technology,1,1,1,1,Karnataka,1
1-7022187645,"GOVERNMENT POLYTECHNIC,TURUVEKERE","GOVERNMENT POLYTECHNIC,
SUBRAMNAYA NAGARA
SBM ROAD
TURUVEKERE",TUMKUR,Government,N,N,1-486293203,fetchdata,2020-2021,Engineering and Technology,1,1,1,1,Karnataka,1
1-7022187798,GLOBAL ACADEMY OF TECHNOLOGY,"IDEAL HOMES TOWNSHIP
RAJARAJESHWARINAGAR
BANGALORE-560098",BANGALORE URBAN,Private-Self Financing,N,N,1-5916676,fetchdata,2020-2021,Engineering and Technology,1,1,1,1,Karnataka,1
1-7022168897,SRI DHARMASTHALA MANJUNATHESHWARA POLYTECHNIC - UJIRE,"UJIRE
BELTHANGADI TALLUK
DAKSHINA KANNADA
DISTRICT
KARNATAKA
574240",DAKSHINA KANNADA,Private-Self Financing,N,N,1-457064031,fetchdata,2020-2021,Engineering and Technology,1,1,1,1,Karnataka,1
1-7022189442,GOVERNMENT POLYTECHNIC,BM ROAD,KODAGU,Government,N,N,1-475194153,fetchdata,2020-2021,Engineering and Technology,1,1,1,1,Karnataka,1
1-7022148518,"GOVT.POLYTECHNIC,BAGALKOT","SECTOR NO.43,NAVANAGAR BAGALKOT-587103",BAGALKOT,Government,N,N,1-479106291,fetchdata,2020-2021,Engineering and Technology,1,1,1,1,Karnataka,1
1-7022169343,S.J. GOVT. POLYTECHNIC,"SHESHADRI ROAD
KR CIRCLE",BANGALORE URBAN,Government,N,N,1-462630131,fetchdata,2020-2021,Engineering and Technology,1,1,1,1,Karnataka,1
1-7022169699,TONTADARYA COLLEGE OF ENGINEERING,"MUNDARAGI ROAD
GADAG - 582101",GADAG,Private-Self Financing,N,N,1-4298204,fetchdata,2020-2021,Engineering and Technology,1,1,1,1,Karnataka,1
1-7022191744,SJ BGS POLYTECHNIC,"NH-48, BELLUR CROSS, B.G.NAGARA",MANDYA,Private-Self Financing,N,N,1-466592421,fetchdata,2020-2021,Engineering and Technology,1,1,1,1,Karnataka,1
1-7022171164,GOVERNMENT POLYTECHNIC,VIDYANAGAR,DHARWAD,Government,N,N,1-473881761,fetchdata,2020-2021,Engineering and Technology,1,1,1,1,Karnataka,1
1-7022193370,JAIN ACHARYA GUNDHARNANDI MAHARAJ INSTITUE OF TECHNOLOGY,"C/O P N NAGESH , POTE PLOT,VIJAPUR ROAD JAMKHANDI,587301
CITY: JAMKHANDI.
DISTRICT: BAGLAKOT
STATE: KARNATAKA",BAGALKOT,Private-Self Financing,N,N,1-2181933881,fetchdata,2020-2021,Engineering and Technology,1,1,1,1,Karnataka,1
1-7022193549,GOVT.POLYTECHNIC JOIDA,JOIDA         UTTARA KANNADA DISTRICT      KARNATAKA 581186,UTTARA KANNADA,Government,N,N,1-478993881,fetchdata,2020-2021,Engineering and Technology,1,1,1,1,Karnataka,1
1-7022173062,ST. JOSEPH ENGINEERING COLLEGE,MANGALORE,DAKSHINA KANNADA,Private-Self Financing,N,Y,1-6021856,fetchdata,2020-2021,Engineering and Technology,1,1,1,1,Karnataka,1
1-7022194335,"GOVERNMENT POLYTECHNIC, CHANNAPATNA","BM ROAD
CHANNAPATNA
RAMANAGARA DIST
KARNATAKA STATE",RAMANAGARA,Government,N,N,1-487337191,fetchdata,2020-2021,Engineering and Technology,1,1,1,1,Karnataka,1
1-7022174100,VIDYAVARDHAKA POLYTECHNIC - 488,"GOKULAM, 3RD STAGE, 
MYSORE - 570002",MYSORE,Private-Self Financing,N,N,1-457474151,fetchdata,2020-2021,Engineering and Technology,1,1,1,1,Karnataka,1
1-7022196553,GOVT.POLYTECHNIC KOPPAL,"GOVT.POLYTECHNIC  GADAG ROAD
DADEGAL
KOPPAL
583231",KOPPAL,Government,N,N,1-461494531,fetchdata,2020-2021,Engineering and Technology,1,1,1,1,Karnataka,1
1-7022157975,K V POLYTECHNIC,"K V POLYTECHNIC
BEHIND TILES FACTORY
P B ROAD",HAVERI,Private-Self Financing,N,N,1-477671661,fetchdata,2020-2021,Engineering and Technology,1,1,1,1,Karnataka,1
1-7022177804,"SGES'S DR. N. A. MAGADUM POLYTECHNIC, ANKALI", ANKALI,BELGAUM,Private-Self Financing,N,Y,1-461010121,fetchdata,2020-2021,Engineering and Technology,1,1,1,1,Karnataka,1
1-7011376794,JAIN COLLEGE OF ENGINEERING AND RESEARCH,"""SHREYAS"" CTS 1598 ADAJCENT TO TO FOUNDRY CLUSTER NEAR DUTCH INDUSTRIAL ESTATE CHANNAMMA NAGAR ANAGOL BELGAVI",BELGAUM,Private-Self Financing,N,N,1-3714641081,fetchdata,2020-2021,Engineering and Technology,1,1,1,1,Karnataka,1
1-7011490935,JSS SCIENCE AND TECHNOLOGY UNIVERSITY,"JSS TECHNICAL INSTITUTIONS CAMPUS, MANASAGANGOTHRI, MYSURU 570006",MYSORE,Private-Self Financing,N,N,1-3738162321,fetchdata,2020-2021,Engineering and Technology,1,1,1,1,Karnataka,1
1-7011252763,INTERNATIONAL INSTITUTE OF INFORMATION TECHNOLOGY BANGALORE,"26/C, ELECTRONICS CITY, PHASE 1, HOSUR ROAD, BANGALORE",BANGALORE URBAN,Deemed to be University(Pvt),N,N,1-3759419641,fetchdata,2020-2021,Engineering and Technology,1,1,1,1,Karnataka,1
1-7011284610,"S N MUDBIDRI POLYTECHNIC, MOODBIDRI","KODANGALLU POST, MANGALORE TALUK - 574197.",DAKSHINA KANNADA,Govt aided,N,N,1-466334603,fetchdata,2020-2021,Engineering and Technology,1,1,1,1,Karnataka,1
1-7324150851,DAYANANDA SAGAR UNIVERSITY,"INNOVATION CAMPUS, KUDLU GATE, HOSUR ROAD,  BENGALURU",BANGALORE URBAN,State Private University,N,N,,fetchdata,2020-2021,Engineering and Technology,1,1,1,1,Karnataka,1
1-7011149909,PES POLYTECHNIC,"#206,GUDDADA ARAKERE, 
SAGAR ROAD, SHIVAMOGGA",SHIMOGA,Private-Self Financing,N,N,1-462765721,fetchdata,2020-2021,Engineering and Technology,1,1,1,1,Karnataka,1
1-7011152271,GOVERNMENT POLYTECHNIC GAJENDRAGAD,"SBSS GOVT. FIRST GRADE DEGREE COLLEGE CAMPUS, 
KUSHTAGI ROAD,
GAJENDRAGAD",GADAG,Government,N,N,1-451763001,fetchdata,2020-2021,Engineering and Technology,1,1,1,1,Karnataka,1
1-7011199682,"GOVT.TOOLROOM AND TRAINING CENTRE,BANGALORE","GOVT.TOOLROOM AND TRAINING CENTRE,BANGALORE
RAJAJI NAGAR INDUSTRIAL ESTATE, RAJAJI NAGAR, BANGALORE - 560010",BANGALORE URBAN,Government,N,N,1-16582091,fetchdata,2020-2021,Engineering and Technology,1,1,1,1,Karnataka,1
1-7485051493,GOVERNMENT TOOL ROOM AND TRAINING CENTRE,"GOVERNMENT TOOL ROOM AND TRAINING CENTRE NEAR NADAKACHERI OFFICE- ARABHAVI TQ:-GOKAK DIST:-BELAGAVI
PIN CODE NO:-591306",BELGAUM,Government,N,N,,fetchdata,2020-2021,Engineering and Technology,1,1,1,1,Karnataka,1
1-7006848043,GOVERMENT POLYTECHNIC SIDDAPUR,"JOG ROAD, HOSUR",UTTARA KANNADA,Government,N,N,1-473885581,fetchdata,2020-2021,Engineering and Technology,1,1,1,1,Karnataka,1
1-7006850311,GOVERNMENT RESIDENTIAL POLYTECHNIC FOR WOMEN,"SWAMY VIVEKANANDA EXTENSION,",SHIMOGA,Government,Y,N,1-467514391,fetchdata,2020-2021,Engineering and Technology,1,1,1,1,Karnataka,1
1-7006997577,"BAPUJI POLYTECHNIC,SHABANUR ( GOVT.AIDED)","VIVEKANANDA BADAVANE MAIN ROAD
DAVANGERE-577004",DAVANAGERE,Govt aided,N,N,1-434211961,fetchdata,2020-2021,Engineering and Technology,1,1,1,1,Karnataka,1
1-7007000950,GOVERNMENT TOOL ROOM AND TRAINING CENTRE,"NO.8, KIADB INDUSTRIAL AREA, B.M. ROAD, NEAR DAIRY CIRCLE,",HASSAN,Government,N,N,1-475120351,fetchdata,2020-2021,Engineering and Technology,1,1,1,1,Karnataka,1
1-7007003102,"NAVKIS COLLEGE OF ENGINEERING, HASSAN","P.B.NO. 55, NH-48, KIADB INDUSTRIAL AREA, THIMMANAHALLY, HASSAN-573201",HASSAN,Private-Self Financing,N,N,1-5300011,fetchdata,2020-2021,Engineering and Technology,1,1,1,1,Karnataka,1
1-7007138548,S J M POLYTECHNIC,"P B # 52
S J M CAMPUS
NH4 BY-PASS",CHITRADURGA,Govt aided,N,N,1-453180211,fetchdata,2020-2021,Engineering and Technology,1,1,1,1,Karnataka,1
1-7007142069,MAHARAJA INSTITUTE OF TECHNOLOGY MYSORE,"MAHARAJA INSTITUTE OF TECHNOLOGY MYSORE
BEHIND K R MILLS
BELAWADI VILLAGE
NAGUVANAHALLI PANCHAYAT
SRIRANGAPATNA TALUK
MANDYA DISTRICT
KARNATAKA",MANDYA,Private-Self Financing,N,N,1-4391794,fetchdata,2020-2021,Engineering and Technology,1,1,1,1,Karnataka,1
1-7007146852,SJM POLYTECHNIC,BELLARY ROAD CHALLAKERE,CHITRADURGA,Private-Self Financing,N,N,1-504495251,fetchdata,2020-2021,Engineering and Technology,1,1,1,1,Karnataka,1
1-7007295470,GOVERNMENT POLYTECHNIC CHINTAMANI,OPPOSITE TO JHANSI STADIUM,CHIKABALLAPUR,Government,N,N,1-487472383,fetchdata,2020-2021,Engineering and Technology,1,1,1,1,Karnataka,1
1-7007550638,G MADEGOWDA INSTITUTE OF TECHNOLOGY (GMIT),BHARATHINAGARA (K M DODDY) MADDUR TQ,MANDYA,Private-Self Financing,N,N,1-448381181,fetchdata,2020-2021,Engineering and Technology,1,1,1,1,Karnataka,1
1-7007689259,RAJEEV INSTITUTE OF TECHNOLOGY,"PLOT 1-D(P-1), GROWTH CENTRE, INDUSTRIAL AREA, 
BANGALORE MANGALORE BYPASS ROAD
HASSAN-573201
KARNATAKA",HASSAN,Private-Self Financing,N,N,1-6521571,fetchdata,2020-2021,Engineering and Technology,1,1,1,1,Karnataka,1
1-7007967225,NIVEDITA POLYTECHNIC YADGIR,"NIVEDITA POLYTECHNIC YADGIR.
HYDERABAD ROAD
YADGIR-585202",YADGIR,Private-Self Financing,N,N,1-424128281,fetchdata,2020-2021,Engineering and Technology,1,1,1,1,Karnataka,1
1-7006681980,RAIBAG POLYTECHNIC RAIBAG,"RAIBAG POLYTECHNIC RAIBAG
SHREE RENUKA SUGAR LTD. 
UNDERTAKING
AT : BAVACHI
PO : MEKHALI
TAL : RAIBAG
DIST : BELGAUM
DIST : BELGAUM",BELGAUM,Private-Self Financing,N,N,1-449289791,fetchdata,2020-2021,Engineering and Technology,1,1,1,1,Karnataka,1
1-7006853748,EAST WEST INSTITUTE OF TECHNOLOGY,"SY. NO.63, OFF MAGADI MAIN ROAD, VISHWANEEDAM POST",BANGALORE URBAN,Private-Self Financing,N,N,1-10683951,fetchdata,2020-2021,Engineering and Technology,1,1,1,1,Karnataka,1
1-7007004609,B.V.PEETH'S J.V.MANDAL'S POLYTECHNIC,GURUKUL CAMPUS,BAGALKOT,Private-Self Financing,N,N,1-476118971,fetchdata,2020-2021,Engineering and Technology,1,1,1,1,Karnataka,1
1-7007154828,"GOVT. TOOLROOM AND TRAINING CENTRE,MYSORE","93 & 94, BELAGOLA INDL. AREA K.R.S.ROAD, MYSORE-570016, KARNATAKA",MYSORE,Government,N,N,1-478111401,fetchdata,2020-2021,Engineering and Technology,1,1,1,1,Karnataka,1
1-7007298815,EAST WEST POLYTECHNIC,"NO.63,OFF MAGADI ROAD,",BANGALORE URBAN,Private-Self Financing,N,N,1-453744211,fetchdata,2020-2021,Engineering and Technology,1,1,1,1,Karnataka,1
1-7007303872,GOVT TOOL ROOM & TRG CENTRE - MANGALORE,"B131-132, INDUSTRIAL ESTATE BAIKAMPADY",DAKSHINA KANNADA,Government,N,N,1-465574941,fetchdata,2020-2021,Engineering and Technology,1,1,1,1,Karnataka,1
1-7007431574,K.S.INSTITUTE OF TECHNOLOGY,"#14,RAGUVANAHALLI, KANAKAPURA MAIN ROAD,BANGALORE - 560 062.",BANGALORE URBAN,Private-Self Financing,N,N,1-4653721,fetchdata,2020-2021,Engineering and Technology,1,1,1,1,Karnataka,1
1-7006685487,MAHATMA GANDHI POLYTECHNIC COLLEGE,M HOSSALI,YADGIR,Private-Self Financing,N,Y,1-492927751,fetchdata,2020-2021,Engineering and Technology,1,1,1,1,Karnataka,1
1-7006687756,GOVERNEMENT TOOL ROOM & TRAINING CENTRE -GUNDLUPET,"TAPCMS OFFICE BUILDING,BEHIND THASILDAR OFFICE,",CHAMARAJNAGAR,Government,N,N,1-478323581,fetchdata,2020-2021,Engineering and Technology,1,1,1,1,Karnataka,1
1-7006689936,B E S INSTITUTE OF TECHNOLOGY,"BHARATH EDUCATION SOCIETY, 16TH MAIN, 4TH BLOCK, JAYANAGAR,",BANGALORE URBAN,Private-Self Financing,N,N,1-475263761,fetchdata,2020-2021,Engineering and Technology,1,1,1,1,Karnataka,1
1-7006866107,GOVERNMENT POLYTECHNIC,"APMC YARD,
HUBLI ROAD,",UTTARA KANNADA,Government,N,N,1-482152491,fetchdata,2020-2021,Engineering and Technology,1,1,1,1,Karnataka,1
1-7007016562,GOVERNMENT POLYTECHNIC,"NEAR MANIK PRABU TEMPLE
BIJANGERA ROAD
RAICHUR",RAICHUR,Government,N,N,1-494499738,fetchdata,2020-2021,Engineering and Technology,1,1,1,1,Karnataka,1
1-7007018825,KAMATH INSTITUTE OF TECHNOLOGY (POLYTECHNIC),"""SAPTAGIRI""
KOTESHWARA-HALADY MAIN ROAD
HOMBADY-MANDADY VILLAGE
KUNDAPURA TALUK",UDUPI,Private-Self Financing,N,N,1-435592471,fetchdata,2020-2021,Engineering and Technology,1,1,1,1,Karnataka,1
1-7007435424,KCT ENGINEERING COLLEGE GULBARGA,"KCT CAMPUS
QAMAR UL ISLAM COLONY
ROZA B
GULBARGA 585104",GULBARGA,Private-Self Financing,N,Y,1-9406551,fetchdata,2020-2021,Engineering and Technology,1,1,1,1,Karnataka,1
1-7716519121,VISVESVARAYA TECHNOLOGICAL UNIVERSITY CENTRE FOR POST GRADUATE STUDIES MYSURU,VISVESVARAYA TECHNOLOGICAL UNIVERSITY CENTRE FOR POST GRADUATE STUDIES,BELGAUM,Government,N,N,,fetchdata,2020-2021,Engineering and Technology,1,1,1,1,Karnataka,1
1-7006693471,ST.JOHN'S POLYTECHNIC HUBLI-23,"ST.JOHN'S POLYTECHNIC
DIVINE NAGAR BEHIND GOVT. P.U.COLLEGE
GOPANAKOPPA
HUBLI-23",DHARWAD,Private-Self Financing,N,Y,1-758497831,fetchdata,2020-2021,Engineering and Technology,1,1,1,1,Karnataka,1
1-7006694699,SRI VENKATESHWARA POLYTECHNIC,"JANGALPALYA
BANNERUGHATTA",BANGALORE RURAL,Govt aided,N,N,1-475008881,fetchdata,2020-2021,Engineering and Technology,1,1,1,1,Karnataka,1
1-7007313694,GOVT. TOOL ROOM & TRAINING CENTRE - LINGASUGUR,"SARKARI THOTA, 
KARADKAL ROAD,
LINGASUGUR",RAICHUR,Government,N,N,1-468225051,fetchdata,2020-2021,Engineering and Technology,1,1,1,1,Karnataka,1
1-7007855521,B V V SANGHA'S BASAVESHWAR ENGINEERING COLLEGE BAGALKOT,"NIJALINGAPPA ROAD
BAGALKOT 587102",BAGALKOT,Govt aided,N,N,1-6375432,fetchdata,2020-2021,Engineering and Technology,1,1,1,1,Karnataka,1
1-7007862945,A P S COLLEGE OF ENGINEERING,26 KM KANAKAPURA ROAD BANGALORE 82,BANGALORE URBAN,Private-Self Financing,N,N,1-5724943,fetchdata,2020-2021,Engineering and Technology,1,1,1,1,Karnataka,1
1-7008002138,MOODLAKATTE INSTITUTE OF TECHNOLOGY,"MOODLAKATTE,
KUNDAPURA TALUK,
UDUPI DISTRICT,
KARNATAKA - 576 217.",UDUPI,Private-Self Financing,N,N,1-5831296,fetchdata,2020-2021,Engineering and Technology,1,1,1,1,Karnataka,1
1-7006707559,BCN POLYTECHNIC LAXMESHWAR,BCN VIDYA SANSTHE (R) LAXMESHWAR. SURVAY NO-51/1& 72 PETHA BANA LAXMESHWAR,GADAG,Private-Self Financing,N,N,1-500307591,fetchdata,2020-2021,Engineering and Technology,1,1,1,1,Karnataka,1
1-7006881719,K.S. SCHOOL OF ENGINEERING AND MANAGEMENT,"#15/1, MALLASANDRA, OFF KANAKAPURA ROAD, BANGALORE - 560062",BANGALORE URBAN,Private-Self Financing,N,N,1-5279601,fetchdata,2020-2021,Engineering and Technology,1,1,1,1,Karnataka,1
1-7007027091,GOVERNMENT ENGINEERING COLLEGE,"HUVINAHADAGALI 583219
DIST: BELLARY",BELLARY,Government,N,N,1-462385081,fetchdata,2020-2021,Engineering and Technology,1,1,1,1,Karnataka,1
1-7007168033,D.R.R.GOVT POLYTECHNIC,HADADI ROAD   NEAR RURAL POLICE STATION.,DAVANAGERE,Government,N,N,1-466462151,fetchdata,2020-2021,Engineering and Technology,1,1,1,1,Karnataka,1
1-7007314880,GOVERNMENT POLYTECHNIC FOR WOMEN,"KANAKAPURA ROAD,NEAR KSRTC BUS STAND,B M ROAD,RAMANAGARA",RAMANAGARA,Government,Y,N,1-467680573,fetchdata,2020-2021,Engineering and Technology,1,1,1,1,Karnataka,1
1-7007720244,GSSS INSTITUTE OF ENGINEERING & TECHNOLOGY FOR WOMEN,"K.R.S. ROAD, METAGALLI  INDUSTRIAL AREA, MYSORE-16",MYSORE,Private-Self Financing,Y,N,1-6050376,fetchdata,2020-2021,Engineering and Technology,1,1,1,1,Karnataka,1
1-7007731439,ACHARYA  PATASHALA POLYTECHNIC,"26 TH KM,KANAKAPURA MAIN ROAD,
SOMANAHALLI.",BANGALORE URBAN,Govt aided,N,N,1-454374661,fetchdata,2020-2021,Engineering and Technology,1,1,1,1,Karnataka,1
1-7006711945,S.E.S.POLYTECHNIC(GOVT AIDED),"BELLARY ROAD
SIRUGUPPA-583121",BELLARY,Private-Self Financing,N,N,1-445548295,fetchdata,2020-2021,Engineering and Technology,1,1,1,1,Karnataka,1
1-7006719103,VIDYA VIKAS INSTITUTE OF ENGINEERING & TECHNOLOGY,"#127,ALANAHALLY,ALANAHALLY  POST
MYSORE-BANNUR ROAD",MYSORE,Private-Self Financing,N,N,1-3933345,fetchdata,2020-2021,Engineering and Technology,1,1,1,1,Karnataka,1
1-7006889060,B.V.V.SANGHA S S.R.VASTRAD RURAL POLYTECHNIC,"TOGUNASHI CROSS, BADAMI ROAD",BAGALKOT,Govt aided,N,N,1-464174091,fetchdata,2020-2021,Engineering and Technology,1,1,1,1,Karnataka,1
1-7006891393,SHREE BAHUBALI POLYTECHNIC,"GOMATANAGARA
SHRAVANABELAGOLA
CHANNARAYAPATNA (TALUK)
HASSAN (DISTRICT)
KARNATAKA",HASSAN,Private-Self Financing,N,Y,1-454872639,fetchdata,2020-2021,Engineering and Technology,1,1,1,1,Karnataka,1
1-7007581869,K.V.T. POLYTECHNIC,"C.V.V CAMPUS,CHICKBALLAPUR.",CHIKABALLAPUR,Govt aided,N,N,1-444991431,fetchdata,2020-2021,Engineering and Technology,1,1,1,1,Karnataka,1
1-7006724157,"GOVERNMENT POLYTECHNIC, BIDAR",MAILOOR ROAD BIDAR-585403,BIDAR,Government,N,N,1-465974991,fetchdata,2020-2021,Engineering and Technology,1,1,1,1,Karnataka,1
1-7007466984,"NMAM INSTITUTE OF TECHNOLOGY, NITTE","NMAM INSTITUTE OF TECHNOLOGY
 NITTE,

NITTE POST & VILLAGE  - 574110

KARKALA TALUK

UDUPI DISTRICT

KARNATAKA STATE",UDUPI,Private-Self Financing,N,N,1-5795381,fetchdata,2020-2021,Engineering and Technology,1,1,1,1,Karnataka,1
1-7006733815,"SRI CHANNAKESHAVA GOVERNMENT POLYTECHNIC COLLEGE, GUDDADA CHANNAPURA, BANKAPURA",HANAGAL ROAD,HAVERI,Government,N,N,1-463291591,fetchdata,2020-2021,Engineering and Technology,1,1,1,1,Karnataka,1
1-7006737175,GOVERNMENT POLYTECHNIC BILAGI,"GOVERNMENT POLYTECHNIC BILAGI OPPOSITE TO GOVERNMENT HOSPITAL, BILAGI-587116 DIST. BAGALKOT",BAGALKOT,Government,N,N,1-485911381,fetchdata,2020-2021,Engineering and Technology,1,1,1,1,Karnataka,1
1-7006737381,GOVERNMENT POLYTECHNIC,"NEAR MURUGARAJENDRA STADIUM,
BESIDES GOVT ARTS COLLEGE",CHITRADURGA,Government,N,N,1-463450161,fetchdata,2020-2021,Engineering and Technology,1,1,1,1,Karnataka,1
1-7007354956,GHOUSIA POLYTECHNIC FOR WOMEN,"HOSUR ROAD, DRC POST",BANGALORE URBAN,Private-Self Financing,Y,Y,1-457458521,fetchdata,2020-2021,Engineering and Technology,1,1,1,1,Karnataka,1
1-7007474548,CHANNABASAVESHWARA INSTITUTE OF TECHNOLOGY,"NH 206 (BH ROAD), GUBBI, TUMKUR. KARNATAKA",TUMKUR,Private-Self Financing,N,N,1-2623001,fetchdata,2020-2021,Engineering and Technology,1,1,1,1,Karnataka,1
1-7007763220,"GOVERNMENT POLYTECHNIC,BELGAUM","KAKATIVASE ROAD,NEAR CHENNAMMA CIRCLE,BELGAUM,KARNATAKA",BELGAUM,Government,N,N,1-466232411,fetchdata,2020-2021,Engineering and Technology,1,1,1,1,Karnataka,1
1-7007764565,R E S POLYTECHNIC,"#5, SUNKADAKATTE, MAGADI MAIN ROAD, HEGGENAHALLI CROSS",BANGALORE URBAN,Private-Self Financing,N,N,1-464050921,fetchdata,2020-2021,Engineering and Technology,1,1,1,1,Karnataka,1
1-7007893821,GOVERNMENT  POLYTECHNIC,"POLYTECHNIC CAMPUS,INDUSTRIAL ESTATE,TARIHAL",DHARWAD,Government,N,N,1-495291521,fetchdata,2020-2021,Engineering and Technology,1,1,1,1,Karnataka,1
1-7006600546,JNANAVIKAS INSTITUTE OF TECHNOLOGY,"VIDYA SOUDHA, 32ND K.M.
BANGALORE - MYSORE HIGH WAY,",RAMANAGARA,Private-Self Financing,N,N,1-6040783,fetchdata,2020-2021,Engineering and Technology,1,1,1,1,Karnataka,1
1-7006606460,SRI GURUMALLESHWARA MAHAVIDYA SAMSTHE POLYTECHNIC,"DEVANUR,
NANJANAGUD TQ,",MYSORE,Private-Self Financing,N,N,1-499204827,fetchdata,2020-2021,Engineering and Technology,1,1,1,1,Karnataka,1
1-7006739579,KLE'S KLE COLLEGE OF ENGINEERING AND TECHNOLOGY,"KLE'S KLE COLLEGE OF ENGINEERING AND TECHNOLOGY,BANANTIKODI ROAD CHIKODI,BELGAUM DISTRICT-591 201,KARNATAKA",BELGAUM,Private-Self Financing,N,N,1-3423091,fetchdata,2020-2021,Engineering and Technology,1,1,1,1,Karnataka,1
1-7007361104,ADICHUNCHANAGIRI INSTITUTE OF TECHNOLOGY,"ADICHUNCHANAGIRI EXTENTION,
JYOTHINAGAR,
CHIKMAGALUR - 577102
KARNATAKA
INDIA",CHIKMAGALUR,Private-Self Financing,N,N,1-4215821,fetchdata,2020-2021,Engineering and Technology,1,1,1,1,Karnataka,1
1-7007631639,PROUDHADEVARAYA INSTITUTE OF TECHNOLOGY,"SHAH BHAVARLAL BABULAL NAHAR CAMPUS
T.B.DAM ROAD, BESIDE TSP LIMITED,
HOSPET - 583225
BELLARY DISTRICT",BELLARY,Private-Self Financing,N,N,1-4482921,fetchdata,2020-2021,Engineering and Technology,1,1,1,1,Karnataka,1
1-7007769108,"GOVT. ENGINEERING COLLEGE, HASSAN","DAIRY CIRCLE, B M ROAD, HASSAN",HASSAN,Government,N,N,1-15932481,fetchdata,2020-2021,Engineering and Technology,1,1,1,1,Karnataka,1
1-7007771524,ARYABHARATHI POLYTECHNIC,"SRI H M GANGADHARAIAH ROAD, SARASWATHIPURAM,",TUMKUR,Private-Self Financing,N,N,1-801015091,fetchdata,2020-2021,Engineering and Technology,1,1,1,1,Karnataka,1
1-7007894082,"SHETTY POLYTECHNIC,GULBARGA",5TH KM RAJAPUR-SHAHABAD ROAD GULBARGA-585105,GULBARGA,Private-Self Financing,N,N,1-431233679,fetchdata,2020-2021,Engineering and Technology,1,1,1,1,Karnataka,1
1-7007898465,M. S. RAMAIAH INSTITUTE OF TECHNOLOGY,"VIDYA SOUDHA,
MSR NAGAR,
MSRIT POST,
BANGALORE - 560054.",BANGALORE URBAN,Private-Self Financing,N,N,1-9522465,fetchdata,2020-2021,Engineering and Technology,1,1,1,1,Karnataka,1
1-7007909512,"GOVERNMENT POLYTECHNIC, KARATAGI","GOVERNMENT POLYTECHNIC 
NAGANAKAL VILLAGE
KARATAGI
KOPPAL(DIST)
KARNATAKA(STATE)",KOPPAL,Government,N,N,1-468163081,fetchdata,2020-2021,Engineering and Technology,1,1,1,1,Karnataka,1
1-7007635329,GOVERNMENT WOMEN'S POLYTECHNIC,"GOVERNMENT WOMEN'S POLYTECHNIC
SORAB ROAD",SHIMOGA,Government,Y,N,1-467438493,fetchdata,2020-2021,Engineering and Technology,1,1,1,1,Karnataka,1
1-7007637545,GOVERNMENT POLYTECHNIC,KIKKERI-CHANNARAYAPATNA ROAD,MANDYA,Government,N,N,1-487719961,fetchdata,2020-2021,Engineering and Technology,1,1,1,1,Karnataka,1
1-7007639818,JSS.K.H.KABBUR INSTITUTE OF ENGINEERING,"VIDYAGIRI, DHARWAD",DHARWAD,Govt aided,N,N,1-475384387,fetchdata,2020-2021,Engineering and Technology,1,1,1,1,Karnataka,1
1-7007913939,SRI TARALABALU JAGADGURU INSTITUTE OF TECHNOLOGY,"P B ROAD (NH4)
RANEBENNUR-581 115
HAVERI DISTRICT
KARNATAKA STATE
INDIA",HAVERI,Private-Self Financing,N,N,1-2188061,fetchdata,2020-2021,Engineering and Technology,1,1,1,1,Karnataka,1
1-7007918948,S. E. A.  COLLEGE OF ENGINEERING & TECHNOLOGY,"EKTA NAGAR, BASAVANAPURA, VIRGO NAGAR POST, BANGALORE - 560 049.",BANGALORE URBAN,Private-Self Financing,N,N,1-4157231,fetchdata,2020-2021,Engineering and Technology,1,1,1,1,Karnataka,1
1-7007923858,"GOVERNMENT POLYTECHNIC, HARIHARA","APMC YARD, SHIMOGA ROAD",DAVANAGERE,Government,N,N,1-475220781,fetchdata,2020-2021,Engineering and Technology,1,1,1,1,Karnataka,1
1-7007505052,SRI RUDRAMUNI SWAMIJI RURAL POLYTECHNIC,"SY NO.28/1B, 28/2A, 28/3 (BOMMENAHALLI), KOTENAYAKANAHALLI",TUMKUR,Private-Self Financing,N,N,1-803000081,fetchdata,2020-2021,Engineering and Technology,1,1,1,1,Karnataka,1
1-7007787247,KARNATAKA (GOVT.) POLYTECHNIC,KADRI HILLS,DAKSHINA KANNADA,Government,N,N,1-462007101,fetchdata,2020-2021,Engineering and Technology,1,1,1,1,Karnataka,1
1-7007926258,I.R.POLYTECHNIC,"NO.195, 12TH MAIN,  III PHASE PEENYA INDUSTRIAL AREA,",BANGALORE URBAN,Private-Self Financing,N,N,1-424545731,fetchdata,2020-2021,Engineering and Technology,1,1,1,1,Karnataka,1
1-7007929644,SAMBHRAM INSTITUTE OF TECHNOLOGY,"AMBABHAVANI TEMPLE ROAD
M.S.PALYA, JALAHALLI EAST
VIDYARANYAPURA POST",BANGALORE URBAN,Private-Self Financing,N,N,1-3979366,fetchdata,2020-2021,Engineering and Technology,1,1,1,1,Karnataka,1
1-7007651845,"GOVERNMENT POLYTECHNIC, BELURU","TEMPLE ROAD, NEAR KEMPE GOWDA STATUE",HASSAN,Government,N,N,1-478132151,fetchdata,2020-2021,Engineering and Technology,1,1,1,1,Karnataka,1
1-7007653061,TMAES SIR M VISVESVARAYA POLYTECHNIC,"SANKLAPUR
BELLARY ROAD",BELLARY,Private-Self Financing,N,N,1-473837681,fetchdata,2020-2021,Engineering and Technology,1,1,1,1,Karnataka,1
1-7007656374,RAMAN POLYTECHNIC,"NO. 134, VISHWABHARATHI CAMPUS, KAMAKSHIPALYA, BANGALORE - 79.",BANGALORE URBAN,Private-Self Financing,N,N,1-467853871,fetchdata,2020-2021,Engineering and Technology,1,1,1,1,Karnataka,1
1-7007937015,GOVERNMENT TOOL ROOM AND TRAINING CENTRE - HUMNABAD,"SERICULTURE BUILDING, NEAR SBC ARTS COLLEGE ,BY PASS NH-9 ROAD,HUMNABAD.",BIDAR,Government,N,N,1-475198031,fetchdata,2020-2021,Engineering and Technology,1,1,1,1,Karnataka,1
1-7007938242,"M.S.M.S RURAL POLYTECHNIC, MARALI","RUDRESHWARA NAGAR, RAICHUR ROAD(SH) MARALI",KOPPAL,Private-Self Financing,N,N,1-437676581,fetchdata,2020-2021,Engineering and Technology,1,1,1,1,Karnataka,1
1-7007940561,GOVT POLYTECHNIC BAGEPALLI,"NH-7, GOVT POLYTECHNIC BAGEPALLI",CHIKABALLAPUR,Government,N,N,1-515192161,fetchdata,2020-2021,Engineering and Technology,1,1,1,1,Karnataka,1
1-7007117854,GOVERNMENT TOOL ROOM & TRAINING CENTRE- KUDALASANGAMA,GTTC CAMPUS,BAGALKOT,Government,N,N,1-473906061,fetchdata,2020-2021,Engineering and Technology,1,1,1,1,Karnataka,1
1-7007400089,DR.SRI SRI SRI SHIVAKUMARA MAHASWAMY POLYTECHNIC,"BYRANAYAKANAHALLI, DODDABELE POST, NELAMANGALA TALUK, BANGALORE RURAL DISTRICT.",BANGALORE RURAL,Private-Self Financing,N,N,1-715329491,fetchdata,2020-2021,Engineering and Technology,1,1,1,1,Karnataka,1
1-7007518131,SIDDAGANGA POLYTECHNIC,"OPPOSITE TO A.P.M.C. YARD,
BATAWADI",TUMKUR,Private-Self Financing,N,N,1-441462361,fetchdata,2020-2021,Engineering and Technology,1,1,1,1,Karnataka,1
1-7007521687,DAYANANDA SAGAR INSTITUTE OF TECHNOLOGY (POLYTECHNIC),"SHAVIGE MALLESHWARA HILLS, KUMARASWAMY LAYOUT,",BANGALORE URBAN,Private-Self Financing,N,N,1-422760001,fetchdata,2020-2021,Engineering and Technology,1,1,1,1,Karnataka,1
1-7007525130,D.BANUMAIAH'S POLYTECHNIC,"M.G.ROAD
UDAYAGIRI",MYSORE,Govt aided,N,N,1-475319561,fetchdata,2020-2021,Engineering and Technology,1,1,1,1,Karnataka,1
1-7007664425,GOVT POLYTECHNIC,"ZALAKI
TQ  INDI",BIJAPUR,Government,N,N,1-473841031,fetchdata,2020-2021,Engineering and Technology,1,1,1,1,Karnataka,1
1-7007802848,BHUVAN POLYTECHNIC,"VENKATALA,            YELAHANKA
BANGALORE",BANGALORE URBAN,Private-Self Financing,N,N,1-493932241,fetchdata,2020-2021,Engineering and Technology,1,1,1,1,Karnataka,1
1-7007805147,VIVEKANANDA POLYTECHNIC,NEHARU NAGAR,D KANNADA(DK),Private-Self Financing,N,N,1-492650641,fetchdata,2020-2021,Engineering and Technology,1,1,1,1,Karnataka,1
1-7007941782,M. N. TECHNICAL INSTITUTE,"M. N. TECHNICAL INSTITUTE, KAMMAGONDANAHALLI, ABBIGERE MAIN ROAD, BANGALORE-15.",BANGALORE URBAN,Private-Self Financing,N,N,1-481405833,fetchdata,2020-2021,Engineering and Technology,1,1,1,1,Karnataka,1
1-7006975375,DBHP SABHA'S GANGADHAR POLYTECHNIC,"R.F. NIRALKATTI CAMPUS, GARAG ROAD, OPP. TELCO, MUMMIGATTI VILLEGE",DHARWAD,Private-Self Financing,N,N,1-479716461,fetchdata,2020-2021,Engineering and Technology,1,1,1,1,Karnataka,1
1-7007120040,GOVERNMENT POLYTECHNIC,"NH-4
KANTHARAJA CIRCLE
KOTHAMANGALA POST",KOLAR,Government,N,N,1-474934283,fetchdata,2020-2021,Engineering and Technology,1,1,1,1,Karnataka,1
1-7007269581,HINDUSTAN ELECTRONICS ACADEMY,"PB NO 3776, CHINNAPPANAHALLI, MARATHAHALLI",BANGALORE URBAN,Private-Self Financing,N,N,1-456031671,fetchdata,2020-2021,Engineering and Technology,1,1,1,1,Karnataka,1
1-7007403421,TMAES POLYTECHNIC,BELLARY ROAD,BELLARY,Govt aided,N,N,1-473855591,fetchdata,2020-2021,Engineering and Technology,1,1,1,1,Karnataka,1
1-7007406918,JSS POLYTECHNIC,MYSORE-OOTY ROAD,MYSORE,Govt aided,N,N,1-474956411,fetchdata,2020-2021,Engineering and Technology,1,1,1,1,Karnataka,1
1-7007409326,ADICHUNCHANAGIRI POLYTECHNIC,"ADICHUNCHANAGIRI EXTENSION, JYOTHINAGAR POST, CHIKMAGALUR TALUK, CHIKMAGALUR DIST.",CHIKMAGALUR,Private-Self Financing,N,N,1-447805311,fetchdata,2020-2021,Engineering and Technology,1,1,1,1,Karnataka,1
1-7007532198,GOVERNMENT POLYTECHNIC GADAG,"SHIVA RATNA CAMPUS, PALA BADAMI ROAD,
BETAGERI",GADAG,Government,N,N,1-467914131,fetchdata,2020-2021,Engineering and Technology,1,1,1,1,Karnataka,1
1-7419495791,CMR UNIVERSITY,"OFF HENNUR-BAGALUR MAIN ROAD, CHAGALATTI,",BANGALORE URBAN,State Private University,N,N,,fetchdata,2020-2021,Engineering and Technology,1,1,1,1,Karnataka,1
1-7007948643,"GOVERNMENT POLYTECHNIC, KALGI","TQ: CHITTAPUR
DIST: GULBARGA",GULBARGA,Government,N,N,1-482728561,fetchdata,2020-2021,Engineering and Technology,1,1,1,1,Karnataka,1
1-7007950984,EAST WEST COLLEGE OF ENGINEERING,"NO.13 SECTOR ""A"", YELAHANKA NEW TOWN,YELAHANKA, BANGALORE-560064",BANGALORE URBAN,Private-Self Financing,N,N,1-2493739771,fetchdata,2020-2021,Engineering and Technology,1,1,1,1,Karnataka,1
1-7006988342,SREE SIDDARAMESHWARA POLYTECHNIC,HASSAN ROAD,TUMKUR,Private-Self Financing,N,N,1-474759041,fetchdata,2020-2021,Engineering and Technology,1,1,1,1,Karnataka,1
1-7007126930,GOVERNMENT S. K. S. J. T. INSTITUTE,"AMBEDKAR VEEDHI, K.R. CIRCLE, BANGALORE-01",BANGALORE URBAN,Government,N,N,1-23041601,fetchdata,2020-2021,Engineering and Technology,1,1,1,1,Karnataka,1
1-7007128249,NITTUR POLYTECHNIC,"NITTUR POLYTECHNIC ,
NEAR HABSIKOTE 
GUEST HOUSE,
BIDAR-585401
KARNATAKA",BIDAR,Private-Self Financing,N,N,1-497991461,fetchdata,2020-2021,Engineering and Technology,1,1,1,1,Karnataka,1
1-7007276782,GOVERNMENT POLYTECHNIC,"SURVEY NO 1048/A KSSIDC INDUSTRIAL ESTATE SATTI ROAD ATHANI TALUKA ATHANI DIST BELAGAVI 591304
",BELGAUM,Government,N,N,1-475427401,fetchdata,2020-2021,Engineering and Technology,1,1,1,1,Karnataka,1
1-7007416307,KARNATAKA INSTITUTE OF LEATRHER TECHNOLOGY,"NEAR BMTC LAST BUS STOP, ULLAL UPANAGARA, BANGALORE-560110",BANGALORE URBAN,Government,N,N,1-482209715,fetchdata,2020-2021,Engineering and Technology,1,1,1,1,Karnataka,1
1-7007536670,S.S.E.T'S  R.N.SHETTY POLYTECHNIC,"SHIVABASAV NAGAR,",BELGAUM,Private-Self Financing,N,N,1-455744611,fetchdata,2020-2021,Engineering and Technology,1,1,1,1,Karnataka,1
1-7007672485,"HANAGAL SRI KUMARESHWARA POLYTECHNIC, BELLARY"," RYMEC CAMPUS, CANTONMENT
BELLARY-583104",BELLARY,Private-Self Financing,N,N,1-477414661,fetchdata,2020-2021,Engineering and Technology,1,1,1,1,Karnataka,1
1-7007812410,R.M POLYTECHNIC,"SY.NO.58/1, JEWARGI ROAD, SIRNOOR, GULBARGA",GULBARGA,Private-Self Financing,N,N,1-429457131,fetchdata,2020-2021,Engineering and Technology,1,1,1,1,Karnataka,1
1-7007817016,DACG GOVERNMENT POLYTECHNIC,"RATHNAGIRI ROAD,",CHIKMAGALUR,Government,N,N,1-504984543,fetchdata,2020-2021,Engineering and Technology,1,1,1,1,Karnataka,1
1-7007956681,SHRIDEVI POLYTECHNIC,"HONNENAHALLI, SIRA ROAD,
TUMKUR",TUMKUR,Private-Self Financing,N,N,1-422725321,fetchdata,2020-2021,Engineering and Technology,1,1,1,1,Karnataka,1
1-7006842237,VIDYA VIKAS EDUCATIONAL TRUST (R) POLYTECHNIC,#127/128 ALANAHALLLY MYSORE BANNUR ROAD ALANAHALLY POST MYSORE-28,MYSORE,Private-Self Financing,N,N,1-475194163,fetchdata,2020-2021,Engineering and Technology,1,1,1,1,Karnataka,1
1-7006990674,GOVT POLYTECHNIC BIJAPUR,BAGALKOT ROAD,BIJAPUR,Government,N,N,1-475365011,fetchdata,2020-2021,Engineering and Technology,1,1,1,1,Karnataka,1
1-7007280146,UNIVERSITY VISVESVARAYA COLLEGE OF ENGINEERING,"UNIVERSITY VISVESVARAYA COLLEGE OF ENGINEERING (UVCE), KR CIRCLE, BANGALORE UNIVERSITY, BANGALORE 560001, KARNATAKA.",BANGALORE URBAN,Government,N,N,1-34822401,fetchdata,2020-2021,Engineering and Technology,1,1,1,1,Karnataka,1
1-7007286983,SRI SANJEEV POLYTECHNIC,SRI SANJEEV POLYTECHNIC SY.NO.63/1 HULIGUDDA SIVARA BANGLORE BY PASS ROAD LINGASUGUR.,RAICHUR,Private-Self Financing,N,N,1-501470081,fetchdata,2020-2021,Engineering and Technology,1,1,1,1,Karnataka,1
1-7007416482,"B. V. V. S. POLYTECHNIC,BAGALKOT.","B V V SANGHA CAMPUS, BELGAUM - RAICHUR ROAD",BAGALKOT,Govt aided,N,N,1-450864481,fetchdata,2020-2021,Engineering and Technology,1,1,1,1,Karnataka,1
1-7007542620,GOVERNMENT POLYTECHNIC,ULAVI - SAGAR ROAD,SHIMOGA,Government,N,N,1-475273387,fetchdata,2020-2021,Engineering and Technology,1,1,1,1,Karnataka,1
1-7007542884,ELECTRICAL & INSTRUMENT TRAINING INSTITUTE,AIR FORCE STATION JALAHALLI (EAST),BANGALORE URBAN,Government,N,N,1-1445384161,fetchdata,2020-2021,Engineering and Technology,1,1,1,1,Karnataka,1
1-7007546015,"SHREE VIDYADHIRAJ POLYTECHNIC, KUMTA","KANARA COLLEGE SOCIETY CAMPUS,
HEGDE ROAD,
KUMTA",UTTARA KANNADA,Govt aided,N,N,1-453205773,fetchdata,2020-2021,Engineering and Technology,1,1,1,1,Karnataka,1
1-7004878096,RAJEEV POLYTECHNIC,"PLOT 1-D(P-2),GROWTH CENTRE,
BANGALORE-MANGALORE BYPASS ROAD,
BOMMANAYAKANAHALLI,KASABA HOBLI,",HASSAN,Private-Self Financing,N,N,1-439215151,fetchdata,2020-2021,Engineering and Technology,1,1,1,1,Karnataka,1
1-7004881081,DEPARTMENT OF STUDIES IN COMPUTER SCIENCE,"DEPARTMENT OF STUDIES IN COMPUTER SCIENCE,

MANASA GANGOTHRI, UNIVERSITY OF MYSORE, MYSORE

PIN 570006, KARANATAKA",MYSORE,Government,N,N,1-39089593,fetchdata,2020-2021,Engineering and Technology,1,1,1,1,Karnataka,1
1-7004992818,R.L.JALAPPA INSTITUTE OF TECHNOLOGY,"KODIGEHALLI, DODDABALLAPUR-561203, BANGALORE RURAL DIST, KARNATAKA STATE",BANGALORE RURAL,Private-Self Financing,N,N,1-22204701,fetchdata,2020-2021,Engineering and Technology,1,1,1,1,Karnataka,1
1-7004993405,JSS POLYTECHNIC FOR THE DIFFERENTLY ABLED,"JSS TECHNICAL INSTUTITIONS' CAMPUS, MANASAGANGOTHRI",MYSORE,Govt aided,N,N,1-444205351,fetchdata,2020-2021,Engineering and Technology,1,1,1,1,Karnataka,1
1-7005030434,ATME COLLEGE OF ENGINEERING,"SY.NO.1002, HAROHALLI (MELLAHALLI)",MYSORE,Private-Self Financing,N,N,1-7334961,fetchdata,2020-2021,Engineering and Technology,1,1,1,1,Karnataka,1
1-7005032209,KURUNJI VENKATRAMANA GOWDA POLYTECHNIC,KURUNJIBHAG,DAKSHINA KANNADA,Govt aided,N,N,1-444260201,fetchdata,2020-2021,Engineering and Technology,1,1,1,1,Karnataka,1
1-7004650199,PRESIDENCY UNIVERSITY,"ITGALPURA, RAJANUKUNTE, YELAHANKA, BENGALURU - 560 064",BANGALORE URBAN,State Private University,N,Y,1-4348217721,fetchdata,2020-2021,Engineering and Technology,1,1,1,1,Karnataka,1
1-7004841542,A. J. INSTITUTE OF ENGINEERING AND TECHNOLOGY  MANGALURU,KOTTARA CHOWKI BOLOOR VILLAGE,DAKSHINA KANNADA,Private-Self Financing,N,Y,1-2846046191,fetchdata,2020-2021,Engineering and Technology,1,1,1,1,Karnataka,1
1-7004841974,"GOVT. TOOL ROOM AND TRAINING CENTRE, CHIKODI","SURVEY NO: 326/A NEAR GOVT DEGREE COLLEGE BUILDING, NIPPANI ROAD, CHIKODI - 591201",BELGAUM,Government,N,N,1-3514784397,fetchdata,2020-2021,Engineering and Technology,1,1,1,1,Karnataka,1
1-7004882205,"SANJAY GANDHI POLYTECHNIC (FORMERLY ""SANJAY GANDHI RURAL POLYTECHNIC"")","""VIDHYA SOUDHA"", SANJAY GANDHI NAGAR, BELLARY",BELLARY,Private-Self Financing,N,N,1-419800731,fetchdata,2020-2021,Engineering and Technology,1,1,1,1,Karnataka,1
1-7004994984,SHETTY INSTITUTE OF TECHNOLOGY,5TH KM RAJAPUR SHAHABAD ROAD GULBARGA,GULBARGA,Private-Self Financing,N,N,1-459366372,fetchdata,2020-2021,Engineering and Technology,1,1,1,1,Karnataka,1
1-7005032559,ANJUMAN POLYTECHNIC,"IDGAH MAIDAN,
AYODHYA NAGAR
OLD HUBLI",DHARWAD,Private-Self Financing,N,Y,1-461022893,fetchdata,2020-2021,Engineering and Technology,1,1,1,1,Karnataka,1
1-7005033128,R.L.JALAPPA POLYTECHNIC,"DODDABALLAPUR TALUK, DARGAJOGIHALLI,KODIGEHALLI POST",BANGALORE RURAL,Private-Self Financing,N,N,1-2869754251,fetchdata,2020-2021,Engineering and Technology,1,1,1,1,Karnataka,1
1-7004735141,VEMANA INSTITUTE OF TECHNOLOGY,"#1, MAHAYOGI VEMANA ROAD, 3RD BLOCK, KORMANGALA, BANGALORE -560034.",BANGALORE URBAN,Private-Self Financing,N,N,1-5219860,fetchdata,2020-2021,Engineering and Technology,1,1,1,1,Karnataka,1
1-7004842233,VIJAYA VITTALA INSTITUTE OF TECHNOLOGY,"#35/1, DODDA GUBBI POST, HENNUR-BAGALUR ROAD",BANGALORE URBAN,Private-Self Financing,N,N,1-7969525,fetchdata,2020-2021,Engineering and Technology,1,1,1,1,Karnataka,1
1-7004962231,GOVT. TOOL ROOM & TRAINING CENTRE- KADUR,"NEAR VEDA PUMP HOUSE, B.H. ROAD, NH-206",CHIKMAGALUR,Government,N,N,1-477756801,fetchdata,2020-2021,Engineering and Technology,1,1,1,1,Karnataka,1
1-7004963404,JAIN POLYTECHNIC DAVANGERE,NO 323  NEAR VEERESHWARA PUNYASHRAM AVARGERE BADA CROSS DAVANGERE,DAVANAGERE,Private-Self Financing,N,N,1-2061175564,fetchdata,2020-2021,Engineering and Technology,1,1,1,1,Karnataka,1
1-7004997734,GOVERNMENT FILM AND TELEVISION INSTITUTE,"HESARAGHATTA POST
BANGALORE",BANGALORE RURAL,Government,N,N,1-486107131,fetchdata,2020-2021,Engineering and Technology,1,1,1,1,Karnataka,1
1-7005201553,B.T.PATIL AND SONS POLYTECHNIC,"GAVANI-STAVANIDHI, TALUKA: CHIKKODI",BELGAUM,Private-Self Financing,N,N,1-454268781,fetchdata,2020-2021,Engineering and Technology,1,1,1,1,Karnataka,1
1-7004675056,SRI SIDDHARTHA POLYTECHNIC 546,"HANCHALA GATE,
HUDUKULA POST
BANGARPET TALUK - 563114",KOLAR,Private-Self Financing,N,N,1-1252477951,fetchdata,2020-2021,Engineering and Technology,1,1,1,1,Karnataka,1
1-7004806134,P.A POLYTECHNIC,"NADUPADAV, MONTEPADAV POST, KAIRANGALA, NEAR MANGALORE UNIVERSITY",DAKSHINA KANNADA,Private-Self Financing,N,Y,1-444190331,fetchdata,2020-2021,Engineering and Technology,1,1,1,1,Karnataka,1
1-7004806588,GOVT. TOOLROOM AND TRAINING CENTRE - MADDUR,"OPP. SYNDICATE BANK , B M ROAD SOMANAHALLI, MADDUR",MANDYA,Government,N,N,1-465579911,fetchdata,2020-2021,Engineering and Technology,1,1,1,1,Karnataka,1
1-7004964428,SRI TARALABALU JAGADGURU POLYTECHNIC,"SRI TARALABALU JAGADGURU POLYTECHNIC
HOSPET ROAD
HARAPANAHALLI",DAVANAGERE,Govt aided,N,N,1-425542251,fetchdata,2020-2021,Engineering and Technology,1,1,1,1,Karnataka,1
1-7004999050,N.E.S.POLYTECHNIC,"N.E.S.POLYTECHNIC RAJAPUR, SHAHABAD ROAD GULBARGA",GULBARGA,Private-Self Financing,N,N,1-442231701,fetchdata,2020-2021,Engineering and Technology,1,1,1,1,Karnataka,1
1-7004999280,ANGADI INSTITTUTE OF TECHNOLOGY AND MANAGEMENT,SAVAGAON ROAD BELGAUM,BELGAUM,Private-Self Financing,N,N,1-419868141,fetchdata,2020-2021,Engineering and Technology,1,1,1,1,Karnataka,1
1-7005191694,GOVERNMENT INSTITUTE OF PRINTING TECHNOLOGY,"PALACE ROAD, OPPOSITE TO MAHARANI'S SCIENCE COLLEGE",BANGALORE URBAN,Government,N,N,1-456794323,fetchdata,2020-2021,Engineering and Technology,1,1,1,1,Karnataka,1
1-7004806879,MAHARAJA INSTITUTE OF TECHNOLOGY THANDAVAPURA,"THANDAVAPURA VILLAGA
ON NATIONAL HIGHWWAY
NANJANAGUD TALUK
MYSORE DISTRICT",MYSORE,Private-Self Financing,N,N,1-2841991181,fetchdata,2020-2021,Engineering and Technology,1,1,1,1,Karnataka,1
1-7004808125,YENEPOYA INSTITUTE OF TECHNOLOGY,VIDYANAGAR N.H 13THODAR MIJAR POST MOODBIDRI MANGALORE TQ,DAKSHINA KANNADA,Private-Self Financing,N,N,1-8842201,fetchdata,2020-2021,Engineering and Technology,1,1,1,1,Karnataka,1
1-7004809224,VIVEKANANDA COLLEGE OF ENGINEERING AND TECHNOLOGY,"NEHARU NAGARA
PUTTUR TALUK
DAKSHINA KANNADA
KARNATAKA
574203",DAKSHINA KANNADA,Private-Self Financing,N,N,1-2145671,fetchdata,2020-2021,Engineering and Technology,1,1,1,1,Karnataka,1
1-7004965776,HMS INSTITUTE OF TECHNOLOGY,"NH-4, KESARAMADU POST, 
KYATHASANDRA,",TUMKUR,Private-Self Financing,N,Y,1-10229711,fetchdata,2020-2021,Engineering and Technology,1,1,1,1,Karnataka,1
1-7005002906,ATRIA INSTITUTE OF TECHNOLOGY,"ASKB CAMPUS, AG'S COLONY, 1ST MAIN, ANANDNAGAR",BANGALORE URBAN,Private-Self Financing,N,N,1-12266207,fetchdata,2020-2021,Engineering and Technology,1,1,1,1,Karnataka,1
1-7005191861,MOTICHAND LENGADE BHARATESH POLYTECHNIC,"BHARATESHNAGAR,
SHINDOLLI CROSS,.BASAVANKUDACHI-EXTN,",BELGAUM,Govt aided,N,Y,1-419690107,fetchdata,2020-2021,Engineering and Technology,1,1,1,1,Karnataka,1
1-7005163444,SAPTHAGIRI COLLEGE OF ENGINEERING,"#14/5, CHIKKASANDRA, 
HESARAGHATTA MAIN ROAD,
BANGALURU
KARNATAKA
PIN:560057",BANGALORE URBAN,Private-Self Financing,N,N,1-3891235,fetchdata,2020-2021,Engineering and Technology,1,1,1,1,Karnataka,1
1-7005195296,"GOVERNMENT POLYTECHNIC, NAGAMANGALA","GOVERNMENT POLYTECHNIC,
NAGAMANGALA,
NAGAMANGALA TALUK,
MANDYA DISTRICT,
KARNATAKA --571432",MANDYA,Government,N,N,1-501890611,fetchdata,2020-2021,Engineering and Technology,1,1,1,1,Karnataka,1
1-7005121831,KARAVALI POLYTECHNIC,"KARAVALI POLYTECHNIC
PADU POST,PEDUMALE,NEERUMARGA,MANGALORE",DAKSHINA KANNADA,Private-Self Financing,N,N,1-435754281,fetchdata,2020-2021,Engineering and Technology,1,1,1,1,Karnataka,1
1-7005122293,"GOVERNMENT ENGINEERING COLLEGE, CHAMARAJANAGAR","GOVERNMENT POLYTECHNIC CAMPUS,
NANJANGUD ROAD",CHAMARAJNAGAR,Government,N,N,1-38169544,fetchdata,2020-2021,Engineering and Technology,1,1,1,1,Karnataka,1
1-7005122587,SRI VENKATARAJU INSTITUTE OF TECHNOLOGY,"NO.11, KR LAYOUT,3RD CROSS, PUTTENAHALLI MAIN ROAD, 6TH PHASE J.P.NAGAR,",BANGALORE URBAN,Private-Self Financing,N,N,1-460890181,fetchdata,2020-2021,Engineering and Technology,1,1,1,1,Karnataka,1
1-7005164863,GOVERNMENT POLYTECHNIC,"GOVERNMENT POLYTECHNIC,
UDUPI",UDUPI,Government,N,N,1-482347071,fetchdata,2020-2021,Engineering and Technology,1,1,1,1,Karnataka,1
1-7005166499,SANDUR POLYTECHNIC,"SANDUR POLYTECHNIC, YESHWANTNAGAR, VIA SANDUR, BELLARY DISTRICT",BELLARY,Private-Self Financing,N,N,1-424101215,fetchdata,2020-2021,Engineering and Technology,1,1,1,1,Karnataka,1
1-7005198777,BMS INSTITUTE OF TECHNOLOGY & MANAGEMENT,"POST BOX NO.6443, AVALAHALLI,
DODDABALLAPURA MAIN ROAD,
YELAHANKA, BANGALORE - 560064.",BANGALORE URBAN,Private-Self Financing,N,N,1-4152591,fetchdata,2020-2021,Engineering and Technology,1,1,1,1,Karnataka,1
1-7325589911,GOVERNMENT ENGINEERING COLLEGE CHALLAKERE,BALLARI ROAD CHALLAKERE,CHITRADURGA,Government,N,N,,fetchdata,2020-2021,Engineering and Technology,1,1,1,1,Karnataka,1
1-7004932118,HYDERABAD KARNATAKA EDUCATION SOCIETY'S POLYTECHNIC,YERAMARAS CAMP,RAICHUR,Private-Self Financing,N,N,1-446152821,fetchdata,2020-2021,Engineering and Technology,1,1,1,1,Karnataka,1
1-7004932927,BHARATH POLYTECHNIC,"K.G.F MAIN ROAD
BANGARPET",KOLAR,Private-Self Financing,N,N,1-475119771,fetchdata,2020-2021,Engineering and Technology,1,1,1,1,Karnataka,1
1-7004933214,"BILURU GURUBASAVA MAHASWAMIJI INISTITURE OF TECHNOLOGY, MUDHOL","MANTUR ROAD, MUDHOL",BAGALKOT,Private-Self Financing,N,N,1-1530689271,fetchdata,2020-2021,Engineering and Technology,1,1,1,1,Karnataka,1
1-7005122957,NADGIR POLYTECHNIC,"NO 53 3A MAIN ROAD 
W C R NEAR MODI EYE HOSPITAL RAJAJINAGAR",BANGALORE URBAN,Govt aided,N,N,1-445056061,fetchdata,2020-2021,Engineering and Technology,1,1,1,1,Karnataka,1
1-7005125652,"GOVERNMENT POLYTECHNIC, BANTWAL","GOVERNMENT POLYTECHNIC, BANTWAL
BANTWAL TQ,
DAKSHINA KANNADA
PIN: 574211",D KANNADA(DK),Government,N,N,1-474974291,fetchdata,2020-2021,Engineering and Technology,1,1,1,1,Karnataka,1
1-7005126779,DR.SRI SRI SRI SHIVAKUMARA MAHASWAMY COLLEGE OF ENGINEERING,"BYARANAYAKANAHALLI,DODDABALE POST,
NELAMANGALA TALUK,BANGALORE RURAL DISTRICT",BANGALORE RURAL,Private-Self Financing,N,N,1-10002971,fetchdata,2020-2021,Engineering and Technology,1,1,1,1,Karnataka,1
1-7004635826,DAYANANDA SAGAR COLLEGE OF ENGINEERING,"SHAVIGE MALLESHWARA HILLS, KUMARASWAMY LAYOUT, BANGALORE-560078",BANGALORE URBAN,Private-Self Financing,N,N,1-10575091,fetchdata,2020-2021,Engineering and Technology,1,1,1,1,Karnataka,1
1-7004905609,BASAV ENGINEERING SCHOOL OF TECHNOLOGY,"144/3, AT POST ZALKI, TQ. INDI, DIST VIJAYPURA",BIJAPUR,Private-Self Financing,N,N,1-3348020477,fetchdata,2020-2021,Engineering and Technology,1,1,1,1,Karnataka,1
1-7004937216,LINGARAJAPPA ENGINEERING COLLEGE,"SURVEY NO. 25/1, GORNALLI ,BIDAR,KARNATAKA",BIDAR,Private-Self Financing,N,N,1-451358832,fetchdata,2020-2021,Engineering and Technology,1,1,1,1,Karnataka,1
1-7005088388,D. S. DINAKAR POLYTECHNIC,"JNNCE CAMPUS
SAVALANGA ROAD
NAVULE",SHIMOGA,Private-Self Financing,N,N,1-475364881,fetchdata,2020-2021,Engineering and Technology,1,1,1,1,Karnataka,1
1-7005089993,ANJUMAN-E-ISLAM POLYTECHNIC GADAG,"BANGALORE ROAD,
NEAR MALLASAMUDRA",GADAG,Govt aided,N,Y,1-430194581,fetchdata,2020-2021,Engineering and Technology,1,1,1,1,Karnataka,1
1-7004639443,PES INSTITUTE OF TECHNOLOGY & MANAGEMENT,"GUDDADAARAKERE
 KOTEGANGOOR
SAGAR ROAD",SHIMOGA,Private-Self Financing,N,N,1-37512081,fetchdata,2020-2021,Engineering and Technology,1,1,1,1,Karnataka,1
1-7004691249,REVA UNIVERSITY,"RUKMINI KNOWLEDGE PARK, KATTIGENAHALLI, YELAHANKA,
BANGALORE - 560064, KARNATAKA",BANGALORE URBAN,State Private University,N,N,1-4316990431,fetchdata,2020-2021,Engineering and Technology,1,1,1,1,Karnataka,1
1-7004693477,RV INSTITUTE OF TECHNOLOGY AND MANAGEMENT,"KOTHANUR, 8TH PHASE J.P.NAGAR, BENGALURU-560 078.",BANGALORE URBAN,Private-Self Financing,N,N,1-4296393251,fetchdata,2020-2021,Engineering and Technology,1,1,1,1,Karnataka,1
1-7004906282,"S.F.S.SHIKSHAN SAMITI'S VISWESWARAIAH POLYTECHNIC,NARGUND","HUBLI-SHOLAPUR NATIONAL HIGHWAY, NARGUND",GADAG,Private-Self Financing,N,N,1-1578967421,fetchdata,2020-2021,Engineering and Technology,1,1,1,1,Karnataka,1
1-7004940635,"GURU NANAK DEV ENGINEERING COLLEGE, BIDAR","MAILOOR ROAD
BIDAR 585403
KARNATAKA",BIDAR,Private-Self Financing,N,Y,1-4266791,fetchdata,2020-2021,Engineering and Technology,1,1,1,1,Karnataka,1
1-7005090819,ELECTRONIC TRAINING INSTITUTE,"ETI,AF
AIR FORCE STATION JALAHALLI (EAST)
BANGALORE-14",BANGALORE URBAN,Government,N,N,1-1457037931,fetchdata,2020-2021,Engineering and Technology,1,1,1,1,Karnataka,1
1-7004866540,GOVERNMENT POLYTECHNIC,GUDEKOTE ROAD,BELLARY,Government,N,N,1-475613261,fetchdata,2020-2021,Engineering and Technology,1,1,1,1,Karnataka,1
1-7004906508,GOVERNMENT POLYTECNIC,"ARAKERE,SRIRANGA PATNA",MANDYA,Government,N,N,1-475194211,fetchdata,2020-2021,Engineering and Technology,1,1,1,1,Karnataka,1
1-7005092619,"HKDET'S POLYTECHNIC, HUMNABAD",VEERBHADRAGIRI SINDHANKERA CROSS,BIDAR,Private-Self Financing,N,N,1-465963811,fetchdata,2020-2021,Engineering and Technology,1,1,1,1,Karnataka,1
1-7004869549,THE OXFORD POLYTECHNIC,"C.A SITE:NO 40,J.P NAGAR ,I ST PHASE,BANGALORE",BANGALORE URBAN,Private-Self Financing,N,Y,1-428262031,fetchdata,2020-2021,Engineering and Technology,1,1,1,1,Karnataka,1
1-7004870298,M.E.S.R.N.S.POLYTECHNIC SIRSI,"VIDYANAGAR
YELLAPUR ROAD 
SIRSI",UTTARA KANNADA,Govt aided,N,N,1-454002961,fetchdata,2020-2021,Engineering and Technology,1,1,1,1,Karnataka,1
1-7005056396,GOVERNMENT POLYTECHNIC,MIRLE,MYSORE,Government,N,N,1-465752251,fetchdata,2020-2021,Engineering and Technology,1,1,1,1,Karnataka,1
1-7005059015,CENTRAL INSTITUTE OF PLASTICS ENGINEERING & TECHNOLOGY,"#437/A, HEBBAL INDL AREA, 
MYSORE - 570 016 
KARNATAKA",MYSORE,Government,N,N,1-445015014,fetchdata,2020-2021,Engineering and Technology,1,1,1,1,Karnataka,1
1-7005096155,R.N.SHETTY RURAL POLYTECHNIC,"MAIN ROAD
MURUDESHWAR
BHATKAL TALUK
KARNATAKA UTTTARAKANNADA",UTTARA KANNADA,Private-Self Financing,N,N,1-479071691,fetchdata,2020-2021,Engineering and Technology,1,1,1,1,Karnataka,1
1-7005096573,TIPPU SHAHEED INSTITUTE OF TECHNILOGY (POLYTECHNIC),SIMLA NAGAR,DHARWAD,Govt aided,N,Y,1-458464351,fetchdata,2020-2021,Engineering and Technology,1,1,1,1,Karnataka,1
1-7004759062,SRI REVANA SIDDESHWARA INSTITUTE OF TECHNOLOGY,"CHOKKANAHALLI, CHIKKAJALA,BANGALORE NORTH - 562157",BANGALORE URBAN,Private-Self Financing,N,N,1-6204071,fetchdata,2020-2021,Engineering and Technology,1,1,1,1,Karnataka,1
1-7004872010,MOTHER THERESA POLYTECHNIC,"NEAR KSRTC BUS STAND
ANTHARAGANGA ROAD, KOLAR",KOLAR,Private-Self Financing,N,N,1-699990243,fetchdata,2020-2021,Engineering and Technology,1,1,1,1,Karnataka,1
1-7004912365,"K.L.E. SOCIETY`S CHIDANAND B. KORE POLYTECHNIC, CHIKODI","THE PRINCIPAL,
KLE SOCIETY`S CHIDANAND B. KORE POLYTECHNIC, CHIKODI DIST:BELGAUM, KARNATAKA STATE",BELGAUM,Private-Self Financing,N,N,1-454487571,fetchdata,2020-2021,Engineering and Technology,1,1,1,1,Karnataka,1
1-7004988018,SARANG INSTITUTE OF POLYTECHNIC,"OPP IOCL BUNK,
KUNIGAL ROAD,
GULUR
TUMKUR",TUMKUR,Private-Self Financing,N,N,1-3399869947,fetchdata,2020-2021,Engineering and Technology,1,1,1,1,Karnataka,1
1-7005023593,M.E.I. POLYTECHNIC,"VATAL NAGARAJ ROAD, 4TH BLOCK RAJAJINAGAR, BANGALORE",BANGALORE URBAN,Govt aided,N,N,1-445024613,fetchdata,2020-2021,Engineering and Technology,1,1,1,1,Karnataka,1
1-7005059622,CAUVERY INSTITUTE OF TECHNOLOGY,"SUNDAHALLI, SIDDAIAHNA KOPPALU GATE, YELIHUR POST, KOTHATHI HOBLI, MANDYA",MANDYA,Private-Self Financing,N,N,1-2182458537,fetchdata,2020-2021,Engineering and Technology,1,1,1,1,Karnataka,1
1-7005059973,SHRI LAXMANRAO JARKIHOLI POLYTECHNIC,"VIDYA NAGAR,
GOKAK",BELGAUM,Private-Self Financing,N,N,1-458858441,fetchdata,2020-2021,Engineering and Technology,1,1,1,1,Karnataka,1
1-7005098023,GOVERNMENT POLYTECHNIC BELLARY,"FORT, HOSPET ROAD",BELLARY,Government,N,N,1-475064381,fetchdata,2020-2021,Engineering and Technology,1,1,1,1,Karnataka,1
1-7004833796,SRI BASAVESHWARA INSTITUTE OF TECHNOLOGY,"MADENUR GATE, MADENUR VILLAGE, B.H.ROAD, TIPTUR",TUMKUR,Private-Self Financing,N,N,1-10768682,fetchdata,2020-2021,Engineering and Technology,1,1,1,1,Karnataka,1
1-7004873369,GOVERNMENT TOOL ROOM AND TRAINING CENTRE-HUBLI,"PLOT NO:38 TO 45 RAIPUR KIADB INDUSTRIAL AREA, DHARWAD-570009",DHARWAD,Government,N,N,1-465683671,fetchdata,2020-2021,Engineering and Technology,1,1,1,1,Karnataka,1
1-7004873595,BANGALORE INSTITUTE OF TECHNOLOGY,"K.R.ROAD, V.V.PURA, BANGALORE-560004",BANGALORE URBAN,Private-Self Financing,N,N,1-12036461,fetchdata,2020-2021,Engineering and Technology,1,1,1,1,Karnataka,1
1-7004874752,K.L.E.INSTITUTE OF TECHNOLOGY,"OPP. TO AIRPORT
GOKUL",DHARWAD,Private-Self Financing,N,N,1-3850571,fetchdata,2020-2021,Engineering and Technology,1,1,1,1,Karnataka,1
1-7004914983,"GOVERNMENT POLYTECHNIC, DEODURG","NAGARGUND ROAD,
DEODURG
DIST:RAICHUR
STATE: KARNATAKA",RAICHUR,Government,N,N,1-508415751,fetchdata,2020-2021,Engineering and Technology,1,1,1,1,Karnataka,1
1-7004988526,SJVP POLYTECHNIC,"VAGEESH NAGARA, OLD P.B. ROAD,  HARIHAR-577601",DAVANAGERE,Private-Self Financing,N,N,1-2050948641,fetchdata,2020-2021,Engineering and Technology,1,1,1,1,Karnataka,1
1-7005024215,SMT. KAMALA AND SRI VENKAPPA M AGADI COLLEGE OF ENGINEERING & TECHNOLOGY,"SAVANUR ROAD, GULAGANJIKOPPA,
LAXMESHWAR 
DIST: GADAG",GADAG,Private-Self Financing,N,N,1-5146681,fetchdata,2020-2021,Engineering and Technology,1,1,1,1,Karnataka,1
1-7005026349,"GOVT. POLYTECHNIC, CHAMARAJANAGAR","GOVT. POLYTECHNIC
CHAMARAJANAGAR
CHAMARAJANAGAR DISTRICT
KARNATAKA",CHAMARAJNAGAR,Government,N,N,1-460699071,fetchdata,2020-2021,Engineering and Technology,1,1,1,1,Karnataka,1
1-7005063662,GOVT TOOL ROOM & TRAINING  CENTRE- SHIVAMOGGA,"PLOT NO CA-38, NIDIGE INDUSTRIAL AREA, SHIVAMOGGA",SHIMOGA,Government,N,N,1-1524553524,fetchdata,2020-2021,Engineering and Technology,1,1,1,1,Karnataka,1
1-7004834938,N.R.A.M.POLYTECHNIC,"NET CAMPUS
NITTE
KARKALA (TQ)
UDUPI DISTRICT
KARNATAKA",UDUPI,Govt aided,N,N,1-424573311,fetchdata,2020-2021,Engineering and Technology,1,1,1,1,Karnataka,1
1-7004876545,MYSORE COLLEGE OF ENGINEERING AND MANAGEMENT,"CHIKAHALLI, VARUNA HOBALI, NEAR BIG BANYAN TREE, TN ROAD",MYSORE,Private-Self Financing,N,N,1-2493368481,fetchdata,2020-2021,Engineering and Technology,1,1,1,1,Karnataka,1
1-7004877887,GOVERNMENT POLYTECHNIC KARKALA,"GOVERNMENT WOMENS POLYTECHNIC KARKALA,NEAR POLICE STATION TALUK OFFICE ,KARKALA, UDUPI DISTRICT-574104, KARNATAKA",UDUPI,Government,N,N,1-495403331,fetchdata,2020-2021,Engineering and Technology,1,1,1,1,Karnataka,1
1-7004990407,B.G.S POLYTECHNIC,BB ROAD NH-7 SJCIT(CAMPUS) CHIKKABALLAPURA,CHIKABALLAPUR,Private-Self Financing,N,N,1-465904731,fetchdata,2020-2021,Engineering and Technology,1,1,1,1,Karnataka,1
1-7005063810,SHRI MADHWA VADIRAJA INSTITUTE OF TECHNOLOGY AND MANAGEMENT,"VISHWOTHAMA NAGAR,
BANTAKAL",UDUPI,Private-Self Financing,N,N,1-6016011,fetchdata,2020-2021,Engineering and Technology,1,1,1,1,Karnataka,1
1-7723557961,VISVESVARAYA TECHNOLOGICAL UNIVERSITY,"VTU CPGS & REGIONAL OFFICE, KUSNOOR ROAD, KALABURAGI",GULBARGA,Government,N,N,,fetchdata,2020-2021,Engineering and Technology,1,1,1,1,Karnataka,1
1-7010492287,JAIN DEEMED TO BE UNIVERSITY FACULTY OF ENGINEERING AND TECHNOLOGY,"JAIN GLOBAL CAMPUS, JAKKASANDRA POST, KANAKAPURA TALUK, RAMANAGARA DISTRICT",RAMANAGARA,Deemed to be University(Pvt),N,N,1-3866673607,fetchdata,2020-2021,Engineering and Technology,1,1,1,1,Karnataka,1
1-7010615199,INDIAN INSTITUTE OF SCIENCE,"C V RAMAN AVENUE
BANGALORE",BANGALORE URBAN,Deemed to be University(Govt),N,N,1-3872449531,fetchdata,2020-2021,Engineering and Technology,1,1,1,1,Karnataka,1
1-7010284810,THE NATIONAL INSTITUTE OF ENGINEERING,"MANANDAVADI ROAD
MYSORE",MYSORE,Govt aided,N,N,1-4878661,fetchdata,2020-2021,Engineering and Technology,1,1,1,1,Karnataka,1
1-7010558387,KLE TECHNOLOGICAL UNIVERSITY,"BVBHOOMARADDI COLLEGE CAMPUS, VIDYANAGAR, HUBBALLI",DHARWAD,State Private University,N,N,1-3626724751,fetchdata,2020-2021,Engineering and Technology,1,1,1,1,Karnataka,1
1-7010704832,"GOVT. TOOLROOM AND TRAINING CENTRE,MYSORE","93 & 94, BELAGOLA INDL. AREA K.R.S.ROAD, MYSORE-570016, KARNATAKA",MYSORE,Government,N,N,1-3449911,fetchdata,2020-2021,Engineering and Technology,1,1,1,1,Karnataka,1
1-7009726297,CHRIST DEEMED TO BE UNIVERSITY KENGERI CAMPUS,"KANMINIKE, KUMBALGODU POST,
BENGALURU 560074",BANGALORE URBAN,Deemed to be University(Pvt),N,Y,1-3674004341,fetchdata,2020-2021,Engineering and Technology,1,1,1,1,Karnataka,1
1-7009960562,168-GOVT POLYTECHNIC HOSADURGA,"GOVT POLYTECHNIC, GANDHI CIRCLE,OLD HOSPITAL BUILDING, HOSADURGA-577527, CHITRADURGA(D)",CHITRADURGA,Government,N,N,1-495127641,fetchdata,2020-2021,Engineering and Technology,1,1,1,1,Karnataka,1
1-7005887308,"R.T.E.SOCIETY'S RURAL POLYTECHNIC, HULKOTI","R.T.E.SOCIETY'S RURAL POLYTECHNIC, HULKOTI",GADAG,Govt aided,N,N,1-477616701,fetchdata,2020-2021,Engineering and Technology,1,1,1,1,Karnataka,1
1-7005890564,PRASANNA POLYTECHNIC,"KAKKENA
LAILA VILLAGE
BELTHANGADY
574214",D KANNADA(DK),Private-Self Financing,N,N,1-475183311,fetchdata,2020-2021,Engineering and Technology,1,1,1,1,Karnataka,1
1-7005893090,GOVERNMENT TOOL ROOM & TRAINING CENTRE - HARIHAR,"GOVT.TOOL ROOM & TRAINING CENTRE,
PLOT NO:22 C&D, KIADB INDUSTRIAL AREA, HARLAPURA, HARIHAR, DAVANAGERE (DIST)",DAVANAGERE,Government,N,N,1-467540701,fetchdata,2020-2021,Engineering and Technology,1,1,1,1,Karnataka,1
1-7006150668,S.E.T POLYTECHNIC,"PANDAVAPURA TALUK, MELKOTE",MANDYA,Private-Self Financing,N,N,1-802455021,fetchdata,2020-2021,Engineering and Technology,1,1,1,1,Karnataka,1
1-7006151987,GOVT. TOOL ROOM AND TRAINING CENTRE - BELGAUM,"UDYAMBAGH KHANAPUR ROAD
BELGAUM",BELGAUM,Government,N,N,1-462607211,fetchdata,2020-2021,Engineering and Technology,1,1,1,1,Karnataka,1
1-7006155394,RAJIV GANDHI INSTITUTE FOR STEEL TECHNOLOGY,"NEAR SANJEEVANI HOSPITAL, V V NAGAR, JSW STEEL COMPLEX",BELLARY,Private-Self Financing,N,N,1-432339561,fetchdata,2020-2021,Engineering and Technology,1,1,1,1,Karnataka,1
1-7006348636,GOVERNMENT POLYTECHNIC,"PRINCIPAL, GOVERNMENT POLYTECHNIC, NH-48, YARADAKATTE, HIRIYUR, CHITRADURGA DIST-577599",CHITRADURGA,Government,N,N,1-485804111,fetchdata,2020-2021,Engineering and Technology,1,1,1,1,Karnataka,1
1-7006350832,KLS SHRI VASANTRAO POTDAR POLYTECHNIC,"KLS CAMPUS, TILAKWADI, BELGAUM",BELGAUM,Private-Self Financing,N,N,1-421357494,fetchdata,2020-2021,Engineering and Technology,1,1,1,1,Karnataka,1
1-7006354271,GOVT.TOOL ROOM & TRAINING CENTRE- GULBARGA,"PLOT NO. 122 &123, M.B.ROAD, DARSHANAPUR LAYOUT, SANGTRASWADI",GULBARGA,Government,N,N,1-476952621,fetchdata,2020-2021,Engineering and Technology,1,1,1,1,Karnataka,1
1-7006427874,GOVT. INSTITUTE OF TEXTILE TECHNOLOGY,"SJP CAMPUS
K R CIRCLE
BANGALORE
560001",BANGALORE URBAN,Government,N,N,1-493008751,fetchdata,2020-2021,Engineering and Technology,1,1,1,1,Karnataka,1
1-7005731387,GOVERNMENT TOOL ROOM & TRAINING CENTRE - KANAKAPURA,"SURVEY NO.13,14,19,20
SANGAMA ROAD",RAMANAGARA,Government,N,N,1-481809011,fetchdata,2020-2021,Engineering and Technology,1,1,1,1,Karnataka,1
1-7005731578,GOVERNMENT ENGINEERING COLLEGE,"GOVERNMENT ENGINEERING COLLEGE, KRISHNARAJPET, MANDYA DIST. - 571 426, KARNATAKA",MANDYA,Government,N,N,1-32891881,fetchdata,2020-2021,Engineering and Technology,1,1,1,1,Karnataka,1
1-7005775852,GOVT.TOOL ROOM & TRAINING CENTRE,"INDUSTRIAL AREA
HIREHALLI",TUMKUR,Government,N,N,1-487130861,fetchdata,2020-2021,Engineering and Technology,1,1,1,1,Karnataka,1
1-7005898401,"RURAL POLYTECHNIC, HAUNSBHAVI","MAIN ROAD,
HAUNSBHAVI",HAVERI,Govt aided,N,N,1-464135081,fetchdata,2020-2021,Engineering and Technology,1,1,1,1,Karnataka,1
1-7006066004,GOVERNMENT POLYTECHNIC,"GOVERNMENT POLYTECHNIC, GOVT FIRST GRADE COLLEGE CAMPUS, HOSPET ROAD, KAMPLI.",BELLARY,Government,N,N,1-477730271,fetchdata,2020-2021,Engineering and Technology,1,1,1,1,Karnataka,1
1-7006068449,MALNAD COLLEGE OF ENGINEERING,"P.B. NO. 21, SALAGAME ROAD
HASSSAN",HASSAN,Govt aided,N,N,1-465501833,fetchdata,2020-2021,Engineering and Technology,1,1,1,1,Karnataka,1
1-7006073527,NIE INSTITUTE OF TECHNOLOGY,"SURVEY NO 50(PART),KOORGALLI VILLAGE,HOOTAGALLI INDUSTRIAL AREA
KASABA HOBLI,MYSORE-570018",MYSORE,Private-Self Financing,N,N,1-8228831,fetchdata,2020-2021,Engineering and Technology,1,1,1,1,Karnataka,1
1-7006157607,"ISLAMIAH INSTITUE OF TECHNOLOGY, BANGALORE","NATIONAL PARK ROAD, OPP MEENAKASHI TEMPLE",BANGALORE URBAN,Private-Self Financing,N,Y,1-15748414,fetchdata,2020-2021,Engineering and Technology,1,1,1,1,Karnataka,1
1-7006161449,GOVERNMENT POLYTECHNIC HARAPANAHALLI,"GOVERNMENT POLYTECHNIC
HOSPET ROAD
HARAPANAHALLI
DAVANAGERE (DIST)
KARNATAKA",DAVANAGERE,Government,N,N,1-492443161,fetchdata,2020-2021,Engineering and Technology,1,1,1,1,Karnataka,1
1-7006431307,GOVERNMENT WOMENS POLYTECHNIC,AIWAN-E-SHAHI ROAD GULBARGA,GULBARGA,Government,Y,N,1-486158331,fetchdata,2020-2021,Engineering and Technology,1,1,1,1,Karnataka,1
1-7006432496,GOVERNMENT POLYTECHNIC,"BIDARAHALLI HOBLI,
CHANNASANDRA
PIN- 560067",BANGALORE URBAN,Government,N,N,1-505281231,fetchdata,2020-2021,Engineering and Technology,1,1,1,1,Karnataka,1
1-7006569849,V.E.T.B.V.L. POLYTECHNIC,"# 18, 14TH MAIN,  II PHASE,  J.P.NAGAR,",BANGALORE URBAN,Private-Self Financing,N,N,1-453692811,fetchdata,2020-2021,Engineering and Technology,1,1,1,1,Karnataka,1
1-7006573317,JYOTHY INSTITUTE OF TECHNOLOGY,"TATAGUNI, OFF KANAKAPURA ROAD",BANGALORE URBAN,Private-Self Financing,N,N,1-401635061,fetchdata,2020-2021,Engineering and Technology,1,1,1,1,Karnataka,1
1-7005731930,ST. MARY'S POLYTECHNIC,"K B EXTENSION,
FORT ROAD,",CHITRADURGA,Private-Self Financing,N,N,1-825368541,fetchdata,2020-2021,Engineering and Technology,1,1,1,1,Karnataka,1
1-7005781630,SHRIDEVI INSTITUTE OF ENGINEERING AND TECHNOLOGY,"MARELENAHALLY,
SIRA ROAD 
TUMKUR",TUMKUR,Private-Self Financing,N,N,1-3401154,fetchdata,2020-2021,Engineering and Technology,1,1,1,1,Karnataka,1
1-7005905547,BAHUBALI COLLEGE OF ENGINEERING,"GOMMATANAGARA
SHRAVANABELAGOLA - 573135
HASSAN DISTRICT
KARNATAKA",HASSAN,Private-Self Financing,N,Y,1-6088619,fetchdata,2020-2021,Engineering and Technology,1,1,1,1,Karnataka,1
1-7005986591,MANIPAL INSTITUTE OF TECHNOLOGY,MANIPAL INSTITUTE OF TECHNOLOGYMANIPAL576104KARNATAKA,UDUPI,Deemed to be University(Pvt),N,N,1-4187991,fetchdata,2020-2021,Engineering and Technology,1,1,1,1,Karnataka,1
1-7006075922,R R POLYTECHNIC,"67, RAJA REDDY LAYOUT, NEAR CHIKKABANAVARA RAILWAY STATION, CHIKKABANAVARA POST, BANGALORE - 90",BANGALORE URBAN,Private-Self Financing,N,N,1-460632911,fetchdata,2020-2021,Engineering and Technology,1,1,1,1,Karnataka,1
1-7006079370,SDM INSTITUTE OF TECHNOLOGY UJIRE-574240,SDM INSTITUTE OF TECHNOLOGY UJIRE-574240 DAKSHINA KANNADA  KARNATAKA,DAKSHINA KANNADA,Private-Self Financing,N,Y,1-12085801,fetchdata,2020-2021,Engineering and Technology,1,1,1,1,Karnataka,1
1-7006171014,GOVT POLYTECHNIC LINGASGUR,"OPP: BUS DEPOT ,MUDGAL ROAD,",RAICHUR,Government,N,N,1-479416321,fetchdata,2020-2021,Engineering and Technology,1,1,1,1,Karnataka,1
1-7420392091,GOVERNMENT POLYTECHNIC BASAVAN BAGEWADI,SPECIAL OFFICER GOVERNMENT POLYTECHNIC BASAVAN BAGEWADI TAKKALAKI,BIJAPUR,Government,N,N,,fetchdata,2020-2021,Engineering and Technology,1,1,1,1,Karnataka,1
1-7006578020,ASHOKA POLYTECHNIC,"SY NO.42, KAMMAGONDANAHALLI, 100FT ROAD(FOREST ROAD), JALAHALLI WEST",BANGALORE URBAN,Private-Self Financing,N,N,1-814552571,fetchdata,2020-2021,Engineering and Technology,1,1,1,1,Karnataka,1
1-7005787889,GOVERNMENT TOOL ROOM AND TRAINING CENTRE,RAJAJINAGAR INDUSTRIAL ESTATE,BANGALORE URBAN,Government,N,N,1-481620021,fetchdata,2020-2021,Engineering and Technology,1,1,1,1,Karnataka,1
1-7005912618,CAMBRIDGE INSTITUTE  OF TECHNOLOGY   NORTH CAMPUS,"SURVEY NO. 73, LINGADHEERA GOLLAHALLI, KUNDANA POST, DEVANAHALLI TALUK",BANGALORE RURAL,Private-Self Financing,N,N,1-1511969101,fetchdata,2020-2021,Engineering and Technology,1,1,1,1,Karnataka,1
1-7006177910,S.J.M POLYTECHNIC,"HALEPET
BIRUR",CHIKMAGALUR,Govt aided,N,N,1-468092481,fetchdata,2020-2021,Engineering and Technology,1,1,1,1,Karnataka,1
1-7006440609,JSS POLYTECHNIC FOR WOMEN,"JSS TECHNICAL INSTITUTIONS CAMPUS, 
MANASAGANGOTHRI",MYSORE,Govt aided,Y,N,1-465990781,fetchdata,2020-2021,Engineering and Technology,1,1,1,1,Karnataka,1
1-7006443174,GOVERNMENT POLYTECHNIC RABAKAVIBANAHATTI,"64/B, NEAR ASHRAY COLONY, RABKAVI , BAGALKOT DISTRICT, KARNATAKA 587314",BAGALKOT,Government,N,N,1-475019251,fetchdata,2020-2021,Engineering and Technology,1,1,1,1,Karnataka,1
1-7006445340,SCHOOL OF MINES,"SCHOOL OF MINES,
COROMANDEL - POST",KOLAR,Government,N,N,1-487178951,fetchdata,2020-2021,Engineering and Technology,1,1,1,1,Karnataka,1
1-7006585092,GOVT.POLYTECHNIC,B.H.ROAD,TUMKUR,Government,N,N,1-479731891,fetchdata,2020-2021,Engineering and Technology,1,1,1,1,Karnataka,1
1-7006593524,BALAJI POLYTECHNIC,"BEHIND P&T QUARTERS ,OLD JEWARGI ROAD,GULBARGA.",GULBARGA,Private-Self Financing,N,N,1-464900201,fetchdata,2020-2021,Engineering and Technology,1,1,1,1,Karnataka,1
1-7006593759,YADGIR POLYTECHNIC,OPP YADGIR RLY STATION,YADGIR,Private-Self Financing,N,N,1-423141001,fetchdata,2020-2021,Engineering and Technology,1,1,1,1,Karnataka,1
1-7003997128,"MARATHA MANDAL'S ENGINEERING COLLEGE, BELGAUM","RS. NO.104, HALBHAVI VILLAGE, POST: NEW VANTMURI, VIA KAKATI, TALUKA & DIST. BELGAUM-591113, KARNATAKA",BELGAUM,Private-Self Financing,N,N,1-3673131,fetchdata,2020-2021,Engineering and Technology,1,1,1,1,Karnataka,1
1-7005795359,GOVT TOOL ROOM AND TRAINING CENTRE-KOLAR,"GOVT TOOL ROOM & TRAINING CENTRE OLD DIC BUILDING PREMISES, KATTARIPALYA KAIGARIKA SANKIRNA, K G F-BANGLORE ROAD, KOLAR-563103",KOLAR,Government,N,N,1-1528580191,fetchdata,2020-2021,Engineering and Technology,1,1,1,1,Karnataka,1
1-7006184863,MYSURU ROYAL INSTITUTE OF TECHNOLOGY,"LAKSHMIPURA ROAD, OFF MYSURU -BENGALURU HIGHWAY",MANDYA,Private-Self Financing,N,N,1-2476213031,fetchdata,2020-2021,Engineering and Technology,1,1,1,1,Karnataka,1
1-7006446537,GOVERNMENT ENGINEERING COLLEGE RAICHUR,"GOVERNMENT ENGINEERING COLLEGE  RAICHUR-HYDERABAD ROAD YERAMARUS
RAICHUR",RAICHUR,Government,N,N,1-451967501,fetchdata,2020-2021,Engineering and Technology,1,1,1,1,Karnataka,1
1-7006453463,UNIVERSITY B D T COLLEGE OF ENGINEERING,"P J EXTENSION
HADADI ROAD",DAVANAGERE,State Government University,N,N,1-447718433,fetchdata,2020-2021,Engineering and Technology,1,1,1,1,Karnataka,1
1-7005801808,GOVT POLYTECHNIC MUDHOL,"MANTUR ROAD
MUDHOL",BAGALKOT,Government,N,N,1-476065901,fetchdata,2020-2021,Engineering and Technology,1,1,1,1,Karnataka,1
1-7005920987,JAIN INSTITUTE OF TECHNOLOGY,"323, BADA CROSS NEAR BLIND SCHOOL AVARAGERE DAVANGERE",DAVANAGERE,Private-Self Financing,N,N,1-524621661,fetchdata,2020-2021,Engineering and Technology,1,1,1,1,Karnataka,1
1-7005924557,FAROOQIA  POLYTECHNIC FOR WOMEN,"AZEEZ SAIT ROAD,
UDAYAGIRI CIRCLE,",MYSORE,Private-Self Financing,Y,Y,1-476905101,fetchdata,2020-2021,Engineering and Technology,1,1,1,1,Karnataka,1
1-7006021597,CAUVERY POLYTECHNIC GONIKOPPAL,"VIRAJPET TALUK
S.COORG
PIN 571213
KARNATAKA STATE",COORG,Private-Self Financing,N,N,1-460508361,fetchdata,2020-2021,Engineering and Technology,1,1,1,1,Karnataka,1
1-7006187156,SHREE SHANMUKHA SHIVAYOGI RURAL POLYTECHNIC JEWARGI,"BIJAPUR ROAD, JEWARGI",GULBARGA,Private-Self Financing,N,N,1-474141607,fetchdata,2020-2021,Engineering and Technology,1,1,1,1,Karnataka,1
1-7006195501,ALVA'S INSTITUTE OF ENGINEERING AND TECHNOLOGY,"SHOBHAVANA CAMPUS,MIJAR
MOODBIDRI - 574225
MANGALORE TALUK
DHAKSHINA KANNADA DISTRICT
KARNATAKA STATE",DAKSHINA KANNADA,Private-Self Financing,N,N,1-6754801,fetchdata,2020-2021,Engineering and Technology,1,1,1,1,Karnataka,1
1-7005567595,"GOVERNMENT ENGINEERING COLLEGE, KUSHALNAGAR","MEDIKERI ROAD
MADAPATNA",KODAGU,Government,N,N,1-25811284,fetchdata,2020-2021,Engineering and Technology,1,1,1,1,Karnataka,1
1-7005571924,NUTAN VIDYALAYA SOCIETY'S POLYTECHNIC,"S.B.TEMPLE ROAD
SANGAMESHWARA COLONY",GULBARGA,Govt aided,N,N,1-451550791,fetchdata,2020-2021,Engineering and Technology,1,1,1,1,Karnataka,1
1-7005576241,DR.T.M.A. PAI POLYTECHNIC,"MILK DAIRY ROAD;
ESHWAR NAGAR",UDUPI,Private-Self Financing,N,Y,1-460505371,fetchdata,2020-2021,Engineering and Technology,1,1,1,1,Karnataka,1
1-7005581767,GOVERNMENT POLYTECHNIC SURPUR,SURPUR,YADGIR,Government,N,N,1-509679253,fetchdata,2020-2021,Engineering and Technology,1,1,1,1,Karnataka,1
1-7005927958,"GOVERNMENT POLYTECHNIC,K.G.F","GOVERNMENT POLYTECHNIC
SY NO 11
BETHAMANGALA ROAD,
BEHIND GOVT SCHOOL OF MINES
COROMANDEL 
KGF-563118",KOLAR,Government,N,N,1-477848821,fetchdata,2020-2021,Engineering and Technology,1,1,1,1,Karnataka,1
1-7005930138,"GOVERNMENT POLYTECHNIC, AFZALPUR","AFZALPUR
DIST: GULBARGA",GULBARGA,Government,N,N,1-493143771,fetchdata,2020-2021,Engineering and Technology,1,1,1,1,Karnataka,1
1-7006028706,"GOVERNMENT POLYTECHNIC, IMMADIHALLI","SY. NO.127 & 132, IMMADIHALLI,
WHITE FIELD ROAD, BANGALORE EAST TALUK",BANGALORE URBAN,Government,N,N,1-475206661,fetchdata,2020-2021,Engineering and Technology,1,1,1,1,Karnataka,1
1-7006034503,K.L.E.SOCIETY'S POLYTECHNIC BAILHONGAL.,"THE PRINCIPAL K.L.E.SOCIETY'S POLYTECHNIC,NEAR ARTO OFFICE BAILHONGAL.",BELGAUM,Private-Self Financing,N,N,1-460505561,fetchdata,2020-2021,Engineering and Technology,1,1,1,1,Karnataka,1
1-7006035863,SRI VIDYA VINAYAKA INSTITUTE OF TECHNOLOGY,"NO. 11, DODDA ALADAMARA ROAD, VINAYAKA NAGAR",BANGALORE URBAN,Private-Self Financing,N,N,1-1491551471,fetchdata,2020-2021,Engineering and Technology,1,1,1,1,Karnataka,1
1-7006551786,GOPALAN COLLEGE OF ENGINEERING AND MANAGEMENT,"SONNENAHALLI, HOODI VILLAGE, ITPL ROAD,",BANGALORE URBAN,Private-Self Financing,N,N,1-4330741,fetchdata,2020-2021,Engineering and Technology,1,1,1,1,Karnataka,1
1-7006555278,VIDYAVARDHAKA COLLEGE OF ENGINEERING,"P.B.NO.206,
GOKULAM 3RD STAGE",MYSORE,Private-Self Financing,N,N,1-14166661,fetchdata,2020-2021,Engineering and Technology,1,1,1,1,Karnataka,1
1-7005583979,SAMPOORNA GROUP OF INSTITUTIONS,"BELEKERE, MALLUR HOBLI,  CHANNAPATNA TALUK, RAMANAGAR   
                   DISTRICT
BELEKERE, MALLUR HOBLI,  CHANNAPATNA TALUK, RAMANAGAR   
                   DISTRICT",RAMANAGARA,Private-Self Financing,N,N,1-4398111,fetchdata,2020-2021,Engineering and Technology,1,1,1,1,Karnataka,1
1-7005591642,NALANDA FOUNDATIONS POLYTECHNIC,"VIDYARANYA, GADAG ROAD, BHANDIWAD, MANTUR BO,",DHARWAD,Private-Self Financing,N,N,1-459478981,fetchdata,2020-2021,Engineering and Technology,1,1,1,1,Karnataka,1
1-7005629328,SIR M.VISVESVARAYA INSTITUTE OF TECHNOLOGY,"KRISHNADEVARAYANAGAR, 
HUNASAMARANAHALLI, 
VIA YELAHANKA
BANGALORE - 562 157",BANGALORE URBAN,Private-Self Financing,N,N,1-5753860,fetchdata,2020-2021,Engineering and Technology,1,1,1,1,Karnataka,1
1-7005640881,SHRI MALLIKARJUNA POLYTECHNIC,"NH-13, PILLEKERENAHALLI,",CHITRADURGA,Private-Self Financing,N,N,1-789816101,fetchdata,2020-2021,Engineering and Technology,1,1,1,1,Karnataka,1
1-7005720346,SHA-SHIB COLLEGE OF ENGINEERING,"VARALAKONDAVILLAGE, NH-7, B.B ROAD, SOMENAHALLI HOBLI,
GUDIBANDE TALUK, CHIKKABLLAPUR DISTRICT 562104",CHIKABALLAPUR,Private-Self Financing,N,N,1-13060751,fetchdata,2020-2021,Engineering and Technology,1,1,1,1,Karnataka,1
1-7005721043,SRI KRISHNA POLYTECHNIC,"NO.57, CHIMNEY HILLS, PIPELINE ROAD, CHIKKABANAVARA POST",BANGALORE RURAL,Private-Self Financing,N,N,1-514335343,fetchdata,2020-2021,Engineering and Technology,1,1,1,1,Karnataka,1
1-7005803039,"GOVERNMENT POLYTECHNIC,HANGAL","PALA ROAD
TALUK:HANGAL
DISTRICT:HAVERI
STATE:KARNTAKA",HAVERI,Government,N,N,1-467272471,fetchdata,2020-2021,Engineering and Technology,1,1,1,1,Karnataka,1
1-7005803313,"HMS POLYTECHNIC (GOVT. AIDED),MINORITY","SHETTIHALLI MAIN ROAD,",TUMKUR,Govt aided,N,Y,1-441433571,fetchdata,2020-2021,Engineering and Technology,1,1,1,1,Karnataka,1
1-7005853154,GOVERNMENT TOOL ROOM AND TRAINING CENTRE GOWRIBIDANUR,"PLOT NO 1P-1A, KUDUMALAKUNTE INDUSTRIAL AREA, HINDUPUR ROAD, GOWRIBIDANUR,",CHIKABALLAPUR,Government,N,N,1-3354239411,fetchdata,2020-2021,Engineering and Technology,1,1,1,1,Karnataka,1
1-7005936931,SRI JAYACHAMARAJENDRA EDUCATIONAL  SOCIETY POLYTECHNIC,"OLD MADRAS ROAD, MEDAHALLI, VIRGONAGAR POST, BANGALORE-560049",BANGALORE URBAN,Private-Self Financing,N,N,1-820395951,fetchdata,2020-2021,Engineering and Technology,1,1,1,1,Karnataka,1
1-7005939258,VISSJ GOVERNMENT POLYTECHNIC,NEW TOWN,SHIMOGA,Government,N,N,1-480592981,fetchdata,2020-2021,Engineering and Technology,1,1,1,1,Karnataka,1
1-7006208900,IMPACT POLYTECHNIC,"KODIGEHALLI, SAHAKARANAGAR PO
BANGLAORE",BANGALORE URBAN,Govt aided,N,Y,1-402924711,fetchdata,2020-2021,Engineering and Technology,1,1,1,1,Karnataka,1
1-7006325452,RAJIV GANDHI INSTITUTE OF TECHNOLOGY,"CHOLANGAR,
R.T.NAGAR POST, 
HEBBAL,
BANGALORE,
KARNATAKA STATE
                            PIN NO.560032",BANGALORE URBAN,Private-Self Financing,N,N,1-6614146,fetchdata,2020-2021,Engineering and Technology,1,1,1,1,Karnataka,1
1-7006560462,"K.L.E SOCIETY'S POLYTECHNIC, MAHALINGPUR","PRINCIPAL
K.L.E POLYTECHNIC
AT: MAHALINGPUR
TQ:MUDHOL
DT:BAGALKOT
KARNATAK STATE",BAGALKOT,Private-Self Financing,N,N,1-452952771,fetchdata,2020-2021,Engineering and Technology,1,1,1,1,Karnataka,1
1-7005606982,"S.T.S.K.K POLYTECHNIC, GADAG","MUNDARAGI ROAD, GADAG",GADAG,Private-Self Financing,N,N,1-422811081,fetchdata,2020-2021,Engineering and Technology,1,1,1,1,Karnataka,1
1-7005644157,P.V.P POLYTECHNIC,"DR.AIT CAMPUS,
MALLATHAHALLI,
BANGALORE-56",BANGALORE URBAN,Govt aided,N,N,1-465512581,fetchdata,2020-2021,Engineering and Technology,1,1,1,1,Karnataka,1
1-7005721988,HMS RURAL POLYTECHNIC,"HMS RURAL POLYTECNIC
NEAR JAS TOLLGATE 
MANCHAKALAKUPPE, N H 4, TUMKUR-572104",TUMKUR,Private-Self Financing,N,Y,1-440670491,fetchdata,2020-2021,Engineering and Technology,1,1,1,1,Karnataka,1
1-7005941521,SNJPSNMS TRUST'S  POLYTECHNIC,"CHIKODI ROAD,",BELGAUM,Private-Self Financing,N,N,1-431391981,fetchdata,2020-2021,Engineering and Technology,1,1,1,1,Karnataka,1
1-7006045177,GOVERNMENT POLYTECHNIC AURAD(B),OLD TAHASIL OFFICE BUILDING AURAD(B),BIDAR,Government,N,N,1-483541711,fetchdata,2020-2021,Engineering and Technology,1,1,1,1,Karnataka,1
1-7006046346,GOVERNMENT POLYTECHNIC,HOLENARASIPURA,HASSAN,Government,N,N,1-461123389,fetchdata,2020-2021,Engineering and Technology,1,1,1,1,Karnataka,1
1-7006048580,GOVERNMENT CPC POLYTECHNIC,"ASHOKA ROAD,
N R MOHALLA 
MYSORE",MYSORE,Government,N,N,1-494511941,fetchdata,2020-2021,Engineering and Technology,1,1,1,1,Karnataka,1
1-7006332508,COMMUNICATION TRAINING INSTITUTE,AIR FORCE STATION JALAHALLI WEST,BANGALORE URBAN,Government,N,N,1-1490972671,fetchdata,2020-2021,Engineering and Technology,1,1,1,1,Karnataka,1
1-7006333663,"K.L.E.SOCIETY S SMT CHANABASAMMA.ISHWARAPPA.MUNAVALLI POLYTECHNIC,","VIDYANAGAR,
HUBLI.",DHARWAD,Private-Self Financing,N,N,1-451843001,fetchdata,2020-2021,Engineering and Technology,1,1,1,1,Karnataka,1
1-7006338138,S. S. E. T'S  S. G. BALEKUNDRI INSTITUTE OF TECHNOLOGY,"S. G. BALEKUNDRI INSTITUTE OF TECHNOLOGY, 
SHIVABASAVA NAGAR, 
BELGAUM - 590010",BELGAUM,Private-Self Financing,N,N,1-9015139,fetchdata,2020-2021,Engineering and Technology,1,1,1,1,Karnataka,1
1-7006413902,GOVENMENT TOOL ROOM AND TRAINIG CENTRE- HOSPET,"GOVT.TOOL ROOM & TRAINING CENTRE, INDIRA NAGAR,HARIHARA ROAD, MARIYAMMANA HALLI-583 222 ( HOSAPETE),TQ- HOSAPETE,DIST- BELLARY, KARNATAKA.",BELLARY,Government,N,N,1-475107481,fetchdata,2020-2021,Engineering and Technology,1,1,1,1,Karnataka,1
1-7005619259,"SECAB INSTITUTE OF ENGINEERING & TECHNOLOGY, BIJAPUR","424, NAURASPUR, 
BAGALKOT ROAD, 
HUDCO CROSS,
BIJAPUR-586101",BIJAPUR,Private-Self Financing,N,Y,1-6580491,fetchdata,2020-2021,Engineering and Technology,1,1,1,1,Karnataka,1
1-7005882956,JSS POLYTECHNIC,"JSS TECHNICAL INSTITUTIONS' CAMPUS,MANASA
GANGOTHRI",MYSORE,Private-Self Financing,N,N,1-474922151,fetchdata,2020-2021,Engineering and Technology,1,1,1,1,Karnataka,1
1-7005954780,P.D. A. COLLEGE OF ENGINEERING,"AIWAN-E-SHAHI AREA
STATION ROAD
GULBARGA-585102",GULBARGA,Govt aided,N,N,1-11759291,fetchdata,2020-2021,Engineering and Technology,1,1,1,1,Karnataka,1
1-7006053060,VGET'S DR.G S M RURAL POLYTECHNIC,"YELBURGA ROAD
KUKNOOR",KOPPAL,Govt aided,N,N,1-435922191,fetchdata,2020-2021,Engineering and Technology,1,1,1,1,Karnataka,1
1-7006056665,C.V.CHARANTIMATH RURAL POLYTECHNIC,"C.V.CHARANTIMATH RURAL POLYTECHNIC,        HUNGUND,
NH-13",BAGALKOT,Govt aided,N,N,1-437574571,fetchdata,2020-2021,Engineering and Technology,1,1,1,1,Karnataka,1
1-7006343032,JAIN POLYTECHNIC BELGAUM,19/1 PEERANWADI BELGAUM 590014,BELGAUM,Private-Self Financing,N,N,1-1478954311,fetchdata,2020-2021,Engineering and Technology,1,1,1,1,Karnataka,1
1-7006345267,GTTC POLYTECHNIC,"GOVT.TOOL ROOM & TRAINING CENTRE
RAJAJINAGAR INDUSTRIAL ESTATE",BANGALORE URBAN,Government,N,N,1-485591091,fetchdata,2020-2021,Engineering and Technology,1,1,1,1,Karnataka,1
1-7006419677,GOVERNMENT TOOL ROOM AND TRINING CENTRE-DANDELI,"PLOT.NO.:01 , KSSIDC INDUSTRIAL ESTATE , AMBEWADI AREA , DANDELI",UTTARA KANNADA,Government,N,N,1-482041911,fetchdata,2020-2021,Engineering and Technology,1,1,1,1,Karnataka,1
1-7003947799,RAJARAJESWARI COLLEGE OF ENGINEERING,"#14, RAMOHOLLI CROSS, 
KUMBALGODU, 
MYSORE ROAD,BANGALORE - 560074",BANGALORE URBAN,Private-Self Financing,N,N,1-4201514,fetchdata,2020-2021,Engineering and Technology,1,1,1,1,Karnataka,1
1-7003708830,JAIN COLLEGE OF ENGINEERING & TECHNOLOGY,"404/4, 404/5, SAI NAGAR, UNKAL, HUBLI",DHARWAD,Private-Self Financing,N,N,1-3395329231,fetchdata,2020-2021,Engineering and Technology,1,1,1,1,Karnataka,1
1-7003710741,R. R. INSTITUTE OF TECHNOLOGY,"NO. 67, RAJA REDDY LAYOUT,
NEAR CHIKKABANAVARA RAILWAY STATION,
CHIKKABANAVARA
BANGALORE - 560090
KARNATAKA
INDIA",BANGALORE URBAN,Private-Self Financing,N,N,1-8337487,fetchdata,2020-2021,Engineering and Technology,1,1,1,1,Karnataka,1
1-7003763091,MANGALORE INSTITUTE OF TECHNOLOGY & ENGINEERING,"BADAGA MIJAR,
MOODBIDRI,
MANGALORE TQ-574225,
DK
KARNATAKA,INDIA",DAKSHINA KANNADA,Private-Self Financing,N,N,1-9754810,fetchdata,2020-2021,Engineering and Technology,1,1,1,1,Karnataka,1
1-7003765549,NITTE MEENAKSHI INSTITUTE OF TECHNOLOGY,"GOLLAHALLI, GOVINDAPURA,P.B NO 6429 
YELAHANKA, BANGALORE-560064",BANGALORE RURAL,Private-Self Financing,N,Y,1-10233900,fetchdata,2020-2021,Engineering and Technology,1,1,1,1,Karnataka,1
1-7003949128,HKBK COLLEGE OF ENGINEERING,"# 22/1, NAGAWARA, BANGALORE-560045",BANGALORE URBAN,Private-Self Financing,N,Y,1-21116724,fetchdata,2020-2021,Engineering and Technology,1,1,1,1,Karnataka,1
1-7003856407,JAIN COLLEGE OF ENGINEERING,"T.S. NAGAR,
HUNCHANHATTI ROAD,
MACCHE, BELGAUM,
KARNATAKA 590014.",BELGAUM,Private-Self Financing,N,N,1-6080441,fetchdata,2020-2021,Engineering and Technology,1,1,1,1,Karnataka,1
1-7003611771,BTL INSTITUTE OF TECHNOLOGY AND MANAGEMENT,"#259/B, BOMMASANDRA INDUSTRIAL AREA, HOSUR ROAD, BANGALORE-560099.",BANGALORE URBAN,Private-Self Financing,N,N,1-1374426715,fetchdata,2020-2021,Engineering and Technology,1,1,1,1,Karnataka,1
1-7001631797,GANDHI INSTITUTE OF TECHNOLOGY AND MANAGEMENT GITAM OFF CAMPUS BENGALURU,NAGADENEHALLI,BANGALORE RURAL,Deemed to be University(Pvt),N,N,1-4629750430,fetchdata,2020-2021,Engineering and Technology,1,1,1,1,Karnataka,1
1-7001584265,AMRITA VISHWA VIDYAPEETHAM BENGALURU CAMPUS,"KASAVANAHALLI, CARMELARAM POST,  OFF SARJAPUR ROAD",BANGALORE URBAN,Deemed to be University(Pvt),N,N,1-4905446241,fetchdata,2020-2021,Engineering and Technology,1,1,1,1,Karnataka,1
1-7001586482,GOVERNMENT ENGINEERING COLLEGE,"MOSALEHOSAHALLI, HASSAN",HASSAN,Government,N,N,1-4996218094,fetchdata,2020-2021,Engineering and Technology,1,1,1,1,Karnataka,1
1-7001617647,GOVERMENT ENGINEERING COLLEGE GANGAVATHI,VIPRASAI NAGAR,KOPPAL,Government,N,N,1-4689394391,fetchdata,2020-2021,Engineering and Technology,1,1,1,1,Karnataka,1
1-7001609644,PANCHASHEELA POLYTECHNIC,"PANCHASHEELA POLYTECHNIC.BHEL LAYOUT,21ST CROSS,2ND STAGE,PATTANAGERERAJARAJESHWARI NAGAR",BANGALORE URBAN,Private-Self Financing,N,N,1-495315041,fetchdata,2020-2021,Engineering and Technology,1,1,1,1,Karnataka,1
1-7001603135,GOVERNMENT  POLYTECHNIC FOR WOMEN,HOLENARASIPURA,HASSAN,Government,Y,N,1-5023553301,fetchdata,2020-2021,Engineering and Technology,1,1,1,1,Karnataka,1
1-7001612280,GOVERNMENT ENGINEERING COLLEGE TALAKAL,"GOVERNMENT ENGINEERING COLLEGE, TALAKAL
TALUKA: YALABURGA, DIST: KOPPAL, KARNATAKA, PIN 583238",KOPPAL,Government,N,N,1-4642319524,fetchdata,2020-2021,Engineering and Technology,1,1,1,1,Karnataka,1
1-7002044599,SIDDAGANGA INSTITUTE OF TECHNOLOGY,B.H.ROAD,TUMKUR,Private-Self Financing,N,N,1-6648541,fetchdata,2020-2021,Engineering and Technology,1,1,1,1,Karnataka,1
1-7002047323,M E S POLYTECHNIC,"G B N ROAD
MADHUGIRI
-572132
TUMKUR-DIST",TUMKUR,Private-Self Financing,N,N,1-441413271,fetchdata,2020-2021,Engineering and Technology,1,1,1,1,Karnataka,1
1-7002381951,GOVERNMENT POLYTECHNIC FOR WOMEN,"AIRPORT ROAD, BONDEL",D KANNADA(DK),Government,Y,N,1-473862841,fetchdata,2020-2021,Engineering and Technology,1,1,1,1,Karnataka,1
1-7002534909,"MOUNT FARAN POLYTECHNIC, OLD HUBLI","HIGH LANDS, ANAND NAGAR ROAD, OLD HUBLI",DHARWAD,Private-Self Financing,N,N,1-497212971,fetchdata,2020-2021,Engineering and Technology,1,1,1,1,Karnataka,1
1-7002001775,GNANA VIKAS POLYTECHNIC,"CHALLAKERE ROAD,
CHITRADURGA",CHITRADURGA,Private-Self Financing,N,N,1-499498571,fetchdata,2020-2021,Engineering and Technology,1,1,1,1,Karnataka,1
1-7002047636,"GOVERNMENT  ENGINEERING COLLEGE, HAVERI","DEVAGIRI
HAVERI",HAVERI,Government,N,N,1-20278613,fetchdata,2020-2021,Engineering and Technology,1,1,1,1,Karnataka,1
1-7002002159,SMT.L.V.(GOVT.) POLYTECHNIC,"B.M.ROAD,
DAIRY CIRCLE",HASSAN,Government,N,N,1-460939251,fetchdata,2020-2021,Engineering and Technology,1,1,1,1,Karnataka,1
1-7002597186,KLS VISHWANATHRAO DESHPANDE INSTITUTE OF TECHNOLOGY,"UDYOG VIDYA NAGAR,DANDELI ROAD, HALIYAL-581329 KA",UTTARA KANNADA,Private-Self Financing,N,N,1-2390451,fetchdata,2020-2021,Engineering and Technology,1,1,1,1,Karnataka,1
1-7002005661,BANGALORE COLLEGE OF ENGINEERING & TECHNOLOGY,"NEAR HEELALIGE RAILWAY STATION,
CHANDAPURA,
ANEKAL TALUK,
BANGALORE, 560081.",BANGALORE URBAN,Private-Self Financing,N,N,1-3887416,fetchdata,2020-2021,Engineering and Technology,1,1,1,1,Karnataka,1
1-7002006273,BANGALORE TECHNOLOGICAL INSTITUTE,"SY NO.66/6,66/5,67/6,&67/5, KODATHI VILLAGE, VARTHOOR HOBLI,BANGALORE EAST TQ BANGALORE URBAN DISTRICT",BANGALORE URBAN,Private-Self Financing,N,N,1-4077296,fetchdata,2020-2021,Engineering and Technology,1,1,1,1,Karnataka,1
1-7002420735,"GOVERNMENT ENGINEERING COLLEGE,KARWAR","GOVERNMENT ENGINEERING COLLEGE KARWAR, MAJALI VILLAGE, KARWAR TALUK, UTTARA KANNADA DIST, KARNATAKA -PIN 581345",UTTARA KANNADA,Government,N,N,1-36456711,fetchdata,2020-2021,Engineering and Technology,1,1,1,1,Karnataka,1
1-7002421129,BHEEMANNA KHANDRE INSTITUTE OF TECHNOLOGY,"BHALKI-HUMNABAD ROAD,
BHALKI- 585328
DIST. BIDAR
KARNATAKA",BIDAR,Private-Self Financing,N,N,1-1726621,fetchdata,2020-2021,Engineering and Technology,1,1,1,1,Karnataka,1
1-7002423236,"BASAVAKALYAN POLYTECHNIC COLLEGE, BASAVAKALYAN","N.H. 9
BASAVAKALYAN
DIST: BIDAR
STATE: KARNATAKA",BIDAR,Private-Self Financing,N,N,1-2481498001,fetchdata,2020-2021,Engineering and Technology,1,1,1,1,Karnataka,1
1-7002423512,GOVERNMENT POLYTECHNIC KUSHTAGI,"TENGUNTI ROAD,
KUSHTAGI",KOPPAL,Government,N,N,1-483073513,fetchdata,2020-2021,Engineering and Technology,1,1,1,1,Karnataka,1
1-7002565326,SRI SAIRAM COLLEGE OF ENGINEERING,"SAI LEO NAGAR
GUDDANAHALLI VILLAGE
SAMANDUR POST
ANEKAL",BANGALORE URBAN,Private-Self Financing,N,N,1-4784471,fetchdata,2020-2021,Engineering and Technology,1,1,1,1,Karnataka,1
1-7001918400,KEMPEGOWDA MEMORIAL POLYTECHNIC,"URDIGERE ROAD 
BELAGUMBA
TUMKUR
572104",TUMKUR,Private-Self Financing,N,N,1-774444761,fetchdata,2020-2021,Engineering and Technology,1,1,1,1,Karnataka,1
1-8297141501,SAHAKARI VIDYA KENDRA POLYTECHNIC,"CA NO 3,41ST CROSS, EAST END B MAIN ROAD,JAYANAGAR 9TH BLOCK.
BANGALORE",BANGALORE URBAN,Private-Self Financing,N,N,1-487502421,fetchdata,2020-2021,Engineering and Technology,1,1,1,1,Karnataka,1
1-7002566296,DR. AMBEDKAR INSTITUTE OF TECHNOLOGY,"OUTER RING ROAD,
NEAR JNANA BHARATHI CAMPUS,
MALLATHAHALLI,
BANGALORE-560056
KARNATAKA",BANGALORE URBAN,Govt aided,N,N,1-2739841,fetchdata,2020-2021,Engineering and Technology,1,1,1,1,Karnataka,1
1-7002568859,JSS ACADEMY OF TECHNICAL EDUCATION,"JSSATE CAMPUS
UTTARAHALLI-KENGERI ROAD 
BANGALORE 560060
KARNATAKA",BANGALORE URBAN,Private-Self Financing,N,N,1-6027111,fetchdata,2020-2021,Engineering and Technology,1,1,1,1,Karnataka,1
1-7002485357,"NAVODAYA INSTITUTE OF TECHNOLOGY, RAICHIUR.","NAVODAYA NAGAR, MANATRALAYAM ROAD, RAICHUR",RAICHUR,Private-Self Financing,N,N,1-8375251,fetchdata,2020-2021,Engineering and Technology,1,1,1,1,Karnataka,1
1-7002487039,CMR INSTITUTE OF TECHNOLOGY,"# 132, KUNDALAHALLI VILLAGE
IT PARK ROAD
BANGALORE - 560 037",BANGALORE URBAN,Private-Self Financing,N,N,1-10082920,fetchdata,2020-2021,Engineering and Technology,1,1,1,1,Karnataka,1
1-7002489777,ANJUMAN INSTITUTE OF TECHNOLOGY AND MANAGEMENT,"ANJUMANABAD,
BHATKAL
(U K DIST), KARNATAKA
PIN 581320",UTTARA KANNADA,Private-Self Financing,N,Y,1-11354561,fetchdata,2020-2021,Engineering and Technology,1,1,1,1,Karnataka,1
1-7001920945,AKSHAYA INSTITUTE OF TECHNOLOGY,"LINGAPURA
OBLAPURA POST
TUMKUR KORATAGERE ROAD
TUMKUR TALUK & DISTRICT",TUMKUR,Private-Self Financing,N,N,1-14774551,fetchdata,2020-2021,Engineering and Technology,1,1,1,1,Karnataka,1
1-7002520308,DAYANANDA SAGAR ACADEMY OF TECHNOLOGY & MANAGEMENT TECHNICAL CAMPUS,"UDAYAPURA
KANAKAPURA ROAD
BANGALORE URBAN DISTRICT, BANGALORE",BANGALORE URBAN,Private-Self Financing,N,N,1-419950391,fetchdata,2020-2021,Engineering and Technology,1,1,1,1,Karnataka,1
1-7001797368,GOMATESH POLYTECHNIC,"GOMATESH NAGAR
HINDWADI",BELGAUM,Govt aided,N,Y,1-462942695,fetchdata,2020-2021,Engineering and Technology,1,1,1,1,Karnataka,1
1-7001798852,GOVT POLYTECHNIC FOR WOMEN HASSAN,HARSHA MAHAL ROAD  HASSAN,HASSAN,Government,Y,N,1-463685531,fetchdata,2020-2021,Engineering and Technology,1,1,1,1,Karnataka,1
1-7001882376,GOVERNMENT ENGINEERING COLLEGE,"DODDAMANNUGUDDE, 
RAMANAGAR, RAMANAGAR DISTRICT - 571 511",RAMANAGARA,Government,N,N,1-36193291,fetchdata,2020-2021,Engineering and Technology,1,1,1,1,Karnataka,1
1-7001882697,KALABHYRAVESWARA POLYTECHNIC,"THOTAGERE,HESARAGHATTA,RAILWAY GOLLAHALLI POST, BANGALORE NORTH-562123",BANGALORE RURAL,Private-Self Financing,N,N,1-467422911,fetchdata,2020-2021,Engineering and Technology,1,1,1,1,Karnataka,1
1-7001883070,RAJIV GANDHI MEMORIAL POLYETCHNIC,"RAJIV GANDHI MEMORIAL POLYTECHNIC
BALAGANGADHARA NAGAR
MALLATHAHALLY
BANGALORE - 560056",BANGALORE URBAN,Private-Self Financing,N,N,1-429609681,fetchdata,2020-2021,Engineering and Technology,1,1,1,1,Karnataka,1
1-7002344714,GOVERNMENT POLYTECHNIC,"NEAR JANAPADA LOKA, B M ROAD, RAMANAGARA",RAMANAGARA,Government,N,N,1-479396381,fetchdata,2020-2021,Engineering and Technology,1,1,1,1,Karnataka,1
1-7002383527,EAST WEST INSTITUTE OF POLYTECHNIC,"NO.13, SECTOR""A"" , YELAHANKA NEW TOWN, YELAHANKA, BANGALORE - 560064",BANGALORE URBAN,Private-Self Financing,N,N,1-2513089831,fetchdata,2020-2021,Engineering and Technology,1,1,1,1,Karnataka,1
1-7002345933,AL-KHATEEB GOVERNMENT AIDED POLYTECHNIC,"BHOOPASANDRA
RMV II STAGE
BENGALURU",BANGALORE URBAN,Govt aided,N,N,1-456085791,fetchdata,2020-2021,Engineering and Technology,1,1,1,1,Karnataka,1
1-7002244063,BAPUJI INSTITUTE OF ENGINEERING & TECHNOLOGY,"BAPUJI INSTITUTE OF ENGINEERING & TECHNOLOGY
P.B. NO.325,
SHAMANUR ROAD
DAVANGERE-577 004
KARNATAKA - INDIA",DAVANAGERE,Private-Self Financing,N,N,1-4351473,fetchdata,2020-2021,Engineering and Technology,1,1,1,1,Karnataka,1
1-7002701265,M S ENGINEERING COLLEGE,"NAVARATHNA AGRAHARA, SADAHALLIPOST, NEAR BIAL, BANGALORE",BANGALORE RURAL,Private-Self Financing,N,N,1-14597691,fetchdata,2020-2021,Engineering and Technology,1,1,1,1,Karnataka,1
1-7002758325,KARAVALI INSTITUTE OF TECHNOLOGY,"PADU POST, VIA PEDUMALE,
NEERUMARGA,
MANGALORE -575029
KARNATAKA STATE
INDIA",DAKSHINA KANNADA,Private-Self Financing,N,N,1-4225061,fetchdata,2020-2021,Engineering and Technology,1,1,1,1,Karnataka,1
1-7002794584,"KLE DR. M. S. SHESHGIRI COLLEGE OF ENGINEERING AND TECHNOLOGY, BELGAUM","UDYAMBAGH, BELGAUM",BELGAUM,Private-Self Financing,N,N,1-8845941,fetchdata,2020-2021,Engineering and Technology,1,1,1,1,Karnataka,1
1-7002802713,NEW HORIZON COLLEGE OF ENGINEERING (E&T),"RING ROAD, NEAR MARATHALLI, BELLANDUR POST,
KADUBHISANAHALLI",BANGALORE URBAN,Private-Self Financing,N,Y,1-11989651,fetchdata,2020-2021,Engineering and Technology,1,1,1,1,Karnataka,1
1-7002804395,SHRI MANIKRAO PATIL RURAL POLYTECHNIC AIDED,"VILLAGE : THANAKUSHNOOR
TQ : AURAD (B)
DIST : BIDAR",BIDAR,Govt aided,N,N,1-473884201,fetchdata,2020-2021,Engineering and Technology,1,1,1,1,Karnataka,1
1-7002753771,DR. T.THIMMAIAH INSTITUTE OF TECHNOLOGY,"00RGAUM POST,
KOLAR GOLD FIELDS - 563 120
KARNATAKA",KOLAR,Private-Self Financing,N,N,1-11477172,fetchdata,2020-2021,Engineering and Technology,1,1,1,1,Karnataka,1
1-7002700842,EKALAVYA INSTITUTE OF TECHNOLOGY,"EKALAVYA INSTITUTE OF TECHNOLOGY
UMMATHUR, CHAMARAJANAGAR TALUK & DISTRICT",CHAMARAJNAGAR,Private-Self Financing,N,N,1-25427104,fetchdata,2020-2021,Engineering and Technology,1,1,1,1,Karnataka,1
1-7002797376,HYDERABAD KARNATAKA EDUCATION SOCIETY'S POLYTECHNIC GULBARGA,"BESIDE MSI DEGREE COLLEGE, AIWAN - E SHAHI AREA, STATION BAZAR, GULBARGA 585102",GULBARGA,Private-Self Financing,N,N,1-441844951,fetchdata,2020-2021,Engineering and Technology,1,1,1,1,Karnataka,1
1-7002756972,CANARA ENGINEERING COLLEGE,"BENJANAPADAVU,
BANTWAL  
PIN 574219
DAKSHINA KANNADA DIST,
KARNATAKA STATE",DAKSHINA KANNADA,Private-Self Financing,N,Y,1-3579484,fetchdata,2020-2021,Engineering and Technology,1,1,1,1,Karnataka,1
1-7002649272,T JOHN INSTITUTE OF TECHNOLOGY,"#86/1, KAMMANAHALLI,
GOTTIGERE,
BANNERUGATTA ROAD,
BANGALORE",BANGALORE URBAN,Private-Self Financing,N,N,1-6251466,fetchdata,2020-2021,Engineering and Technology,1,1,1,1,Karnataka,1
1-7002794040,"B.L.D.E ASSOCIATION'S SHREE SANGANABASAVA MAHASWAMIJI POLYTECHNIC, VIJAYAPUR",ASHRAM ROAD,BIJAPUR,Private-Self Financing,N,N,1-411302361,fetchdata,2020-2021,Engineering and Technology,1,1,1,1,Karnataka,1
1-7003090912,S.D.M. COLLEGE OF ENGINEERING & TECHNOLOGY,"DHAVALAGIRI
KALGHATGI ROAD",DHARWAD,Private-Self Financing,N,Y,1-9879281,fetchdata,2020-2021,Engineering and Technology,1,1,1,1,Karnataka,1
1-7001678069,GOVT. POLYTECHNIC,"NEAR SILK FARM, NH-48,SIRA, TUMAKURU DIST, KARNATAKA STATE-572137",TUMKUR,Government,N,N,1-4674970061,fetchdata,2020-2021,Engineering and Technology,1,1,1,1,Karnataka,1
1-7002210054,GOVERNMENT POLYTECHNIC FOR WOMEN,SHESHADRI ROAD K.R.CIRCLE,BANGALORE URBAN,Government,Y,N,1-477609065,fetchdata,2020-2021,Engineering and Technology,1,1,1,1,Karnataka,1
1-7002212305,BEARYS INSTITUTE OF TECHNOLOGY,"LANDS END, INNOLI,BOLIYAR VILLAGE
NEAR MANGALORE UNIVERSITY
MANGALORE-574 153",DAKSHINA KANNADA,Private-Self Financing,N,Y,1-3818113,fetchdata,2020-2021,Engineering and Technology,1,1,1,1,Karnataka,1
1-7002213046,INDHIRA SHIVA RAO POLYTECHNIC,"INDIRA SHIVA RAO POLYTECHNIC, SHEEMBRA GANAPATHI TEMPLE ROAD, MOODU PERAMPALLY, SHIVALLI VILLAGE, KUNJIBETTU POST, UDUPI.",UDUPI,Private-Self Financing,N,N,1-451863931,fetchdata,2020-2021,Engineering and Technology,1,1,1,1,Karnataka,1
1-7002852163,DON BOSCO INSTITUTE OF TECHNOLOGY,"KUMBALAGODU, MYSORE ROAD, KENGERI HOBLI ,
BANGALORE-560074",BANGALORE URBAN,Private-Self Financing,N,N,1-4002206,fetchdata,2020-2021,Engineering and Technology,1,1,1,1,Karnataka,1
1-7002862172,RAO BAHADUR Y MAHABALESWARAPPA ENGINEERING COLLEGE,"FORMERLY VIJAYANAGAR ENGINEERING COLLEGE, CONTONMENT, BELLARY-583104 KARNATAKA",BELLARY,Private-Self Financing,N,N,1-9605749,fetchdata,2020-2021,Engineering and Technology,1,1,1,1,Karnataka,1
1-7002898901,K.L.S. GOGTE INSTITUTE OF TECHNOLOGY,"""JNANA GANGA"", UDYAMBAG,",BELGAUM,Private-Self Financing,N,N,1-4254404,fetchdata,2020-2021,Engineering and Technology,1,1,1,1,Karnataka,1
1-7002945979,"B.L.D.E.A'S V.P DR P.G.HALAKATTI COLLEGE OF ENGG. & TECH., BIJAPUR-03","ASHRAM ROAD,
BIJAPUR - 586103",BIJAPUR,Private-Self Financing,N,N,1-4736974,fetchdata,2020-2021,Engineering and Technology,1,1,1,1,Karnataka,1
1-7002947267,SRI KRISHNA INSTITUTE OF TECHNOLOGY,"NO. 29, HESARAGHATTA MAIN ROAD
CHIMNEY HILLS, CHIKKABANAVARA POST
BANGALORE - 560090",BANGALORE URBAN,Private-Self Financing,N,N,1-11557861,fetchdata,2020-2021,Engineering and Technology,1,1,1,1,Karnataka,1
1-7002944714,HKE SOCIETY'S WOMEN'S POLYTECHNIC GULBARGA,"HKE SOCIETY'S WOMEN'S POLYTECHNIC, NEAR PWD QUARTERS AIWAN-E-SHAHI AREA. GULBARGA.",GULBARGA,Private-Self Financing,Y,N,1-434288271,fetchdata,2020-2021,Engineering and Technology,1,1,1,1,Karnataka,1
1-7002959354,GM INSTITUTE OF TECHNOLOGY,"POST BOX. NO. 4,    P.B.ROAD.
DAVANGERE.",DAVANAGERE,Private-Self Financing,N,N,1-5359141,fetchdata,2020-2021,Engineering and Technology,1,1,1,1,Karnataka,1
1-7002948079,P.A.COLLEGE OF ENGINEERING,"NADUPADAV, NEAR MANGALORE UNIVERSITY
MONTEPADAV POST, KAIRANGALA VILLAGE
BANTWAL-MANGALORE",DAKSHINA KANNADA,Private-Self Financing,N,Y,1-2504761,fetchdata,2020-2021,Engineering and Technology,1,1,1,1,Karnataka,1
1-7002905712,SAHYADRI COLLEGE OF ENGINEERING & MANAGEMENT,"'SAHYADRI CAMPUS'
N.H-48, ADYAR,
MANGALORE",DAKSHINA KANNADA,Private-Self Financing,N,N,1-4184811,fetchdata,2020-2021,Engineering and Technology,1,1,1,1,Karnataka,1
1-7002954546,ACHARYA INSTITUTE OF TECHNOLOGY,"SOLDEVANAHALLI, HESARAGHATTA MAIN ROAD, CHIKKABANAVARA POST,",BANGALORE URBAN,Private-Self Financing,N,N,1-8141561,fetchdata,2020-2021,Engineering and Technology,1,1,1,1,Karnataka,1
1-7002854317,SCT POLYTECHNIC,"KAGGADASAPURA MAIN ROAD,
VIGNANA NAGAR,
CV RAMAN NAGAR POST",BANGALORE URBAN,Private-Self Financing,N,N,1-498036141,fetchdata,2020-2021,Engineering and Technology,1,1,1,1,Karnataka,1
1-7002893238, BNM INSTITUTE OF TECHNOLOGY,"12TH MAIN, 27TH CROSS, BSK SECOND STAGE
BANGALORE 560070",BANGALORE URBAN,Private-Self Financing,N,N,1-8284991,fetchdata,2020-2021,Engineering and Technology,1,1,1,1,Karnataka,1
1-7002895276,CITY ENGINEERING COLLEGE,"DODDAKALLASANDRA, KANAKAPURA ROAD, BANGALORE.",BANGALORE URBAN,Private-Self Financing,N,N,1-5837611,fetchdata,2020-2021,Engineering and Technology,1,1,1,1,Karnataka,1
1-7002896387,ALPHA COLLEGE OF ENGINEERING,"DODDAGUBBI POST,
HENNUR-BAGALUR ROAD,
BANGALORE-560077.",BANGALORE RURAL,Private-Self Financing,N,N,1-9823433,fetchdata,2020-2021,Engineering and Technology,1,1,1,1,Karnataka,1
1-7002854601,GOVERNMENT POLYTECHNIC,"MAHATMA GANDHI ROAD 
KARWAR
581301
KARNATAKA",UTTARA KANNADA,Government,N,N,1-475885601,fetchdata,2020-2021,Engineering and Technology,1,1,1,1,Karnataka,1
1-7002851604,MANGALORE MARINE COLLEGE AND TECHNOLOGY,"PADIL PADAVU, KILENGAR VILLAGE, KUPPEPADAVU POST,
MANGALORE",D KANNADA(DK),Private-Self Financing,N,Y,1-745879211,fetchdata,2020-2021,Engineering and Technology,1,1,1,1,Karnataka,1
1-7002857932,R.V. COLLEGE OF ENGINEERING,"R.V. VIDYANIKETAN POST, MYSORE ROAD,",BANGALORE URBAN,Private-Self Financing,N,N,1-10906981,fetchdata,2020-2021,Engineering and Technology,1,1,1,1,Karnataka,1
1-7002896862,S J M INSTITUTE OF TECHNOLOGY,"P B NO 73, NH -4 BYE PASS, CHITRADURGA",CHITRADURGA,Private-Self Financing,N,N,1-10041741,fetchdata,2020-2021,Engineering and Technology,1,1,1,1,Karnataka,1
1-7002900429,COORG INSTITUTE OF TECHNOLOGY,POST BOX NO.11,COORG,Private-Self Financing,N,N,1-5029511,fetchdata,2020-2021,Engineering and Technology,1,1,1,1,Karnataka,1
1-7003209388,VSM'S SOMASHEKHAR R. KOTHIWALE INSTITUTE OF TECHNOLOGY NIPANI,"BASAV-VIDYA NAGAR,",BELGAUM,Private-Self Financing,N,N,1-5585441,fetchdata,2020-2021,Engineering and Technology,1,1,1,1,Karnataka,1
1-7003232126,SRI C B YELIGAR POLYTECHNIC,"BEHIND RAILWAY STATION , ATTIKOLLA,
DHARWAD -580007",DHARWAD,Private-Self Financing,N,N,1-2192720491,fetchdata,2020-2021,Engineering and Technology,1,1,1,1,Karnataka,1
1-7003184041,HKE'S SLN COLLEGE OF ENGINEERING,"HKE'S SLN COLLEGE OF ENGINEERING
YERAMARUS CAMP,
RAICHUR-584 135,
KARNATAKA",RAICHUR,Private-Self Financing,N,N,1-8331469,fetchdata,2020-2021,Engineering and Technology,1,1,1,1,Karnataka,1
1-7003185682,RNS INSTITUTE OF TECHNOLOGY,"CHANNASANDRA
UTTARAHALLI -KENGERI MAIN ROAD
SUBRAMANYAPURA POST",BANGALORE URBAN,Private-Self Financing,N,N,1-6501238,fetchdata,2020-2021,Engineering and Technology,1,1,1,1,Karnataka,1
1-7003139685,BALLARI INSTITUTE OF TECHNOLOGY & MANAGEMENT,"FORMERLY BELLARY ENGINEERING COLLEGE,
""JNANA GANGOTRI"" CAMPUS, #873/2 OF KOLAGAL VILLAGE,
BELLARY-HOSPET ROAD, ALLIPUR",BELLARY,Private-Self Financing,N,N,1-5843561,fetchdata,2020-2021,Engineering and Technology,1,1,1,1,Karnataka,1
1-7003461358,CAMBRIDGE INSTITUTE OF TECHNOLOGY,K R PURAM,BANGALORE URBAN,Private-Self Financing,N,N,1-6142911,fetchdata,2020-2021,Engineering and Technology,1,1,1,1,Karnataka,1
1-7003468098,ACS COLLEGE OF ENGINEERING,"207,KAMBIPURA, MYSORE ROAD, 
KENGERI HOBLI,
BANGALORE - 560074.",BANGALORE URBAN,Private-Self Financing,N,N,1-3287291,fetchdata,2020-2021,Engineering and Technology,1,1,1,1,Karnataka,1
1-7003464225,SHREE DEVI INSTITUTE OF TECHNOLOGY,"AIRPORT ROAD, KENJAR VILLAGE
MALAVOOR PANCHAYAT
DAKSHINA KANNADA",DAKSHINA KANNADA,Private-Self Financing,N,N,1-3640153,fetchdata,2020-2021,Engineering and Technology,1,1,1,1,Karnataka,1
1-7003419791,B.M.S.COLLEGE OF ENGINEERING,"POST BOX NO 1908, BULL TEMPLE ROAD",BANGALORE URBAN,Govt aided,N,N,1-5884543,fetchdata,2020-2021,Engineering and Technology,1,1,1,1,Karnataka,1
1-7003371038,NAGARJUNA COLLEGE OF ENGINEERING AND TECHNOLOGY,MUDUGURKIVENKATAGIRI KOTE DEVANAHALLI,BANGALORE RURAL,Private-Self Financing,N,N,1-2513971,fetchdata,2020-2021,Engineering and Technology,1,1,1,1,Karnataka,1
1-7003465866,SRI VENKATESHWARA COLLEGE OF ENGINEERING,"VIDYANAGAR, BENGALURU INTERNATIONAL AIRPORT ROAD,
BETTAHALASUR POST, BENGALURU NORTH,
BENGALURU - 562 157",BANGALORE URBAN,Private-Self Financing,N,N,1-3340841,fetchdata,2020-2021,Engineering and Technology,1,1,1,1,Karnataka,1
1-7003059400,A.G.M.RURAL POLYTECHNIC,"OPP VRL HEAD OFFICE, NH-4,BANGALORE ROAD NAVAGRAH TEERTH VARUR,",DHARWAD,Private-Self Financing,N,N,1-461684541,fetchdata,2020-2021,Engineering and Technology,1,1,1,1,Karnataka,1
1-7003047922,C.BYREGOWDA INSTITUTE OF TECHNOLOGY,"SRINIVASPURA ROAD, THORADEVANDAHALLI, 
KOLAR-563101",KOLAR,Private-Self Financing,N,N,1-14594878,fetchdata,2020-2021,Engineering and Technology,1,1,1,1,Karnataka,1
1-7002993881,A.G.M RURAL COLLEGE OF ENGINEERING AND TECHNOLOGY,"NH-4, P.B. ROAD OPP VRL HEAD OFFICE VARUR.",DHARWAD,Private-Self Financing,N,N,1-5209661,fetchdata,2020-2021,Engineering and Technology,1,1,1,1,Karnataka,1
1-7003048735,OXFORD POLYTECHNIC,SHEREWAD ROAD  ADJUCENT TO P.B ROAD NATIONAL HIGHWAY -04,DHARWAD,Private-Self Financing,N,N,1-466441841,fetchdata,2020-2021,Engineering and Technology,1,1,1,1,Karnataka,1
1-7002995446,SHAIKH COLLEGE OF ENGINEERING AND TECHNOLOGY,"ABU CAMPUS ADJACENT TO RANI CHENNEMMA UNIVERSITY
BHOOTRAMANHATTI
RAMDURG VILLAGE
BELGAUM",BELGAUM,Private-Self Financing,N,N,1-5912076,fetchdata,2020-2021,Engineering and Technology,1,1,1,1,Karnataka,1
1-7003005687,SAI KRISH POLYTECHNIC,"KRISH BHAVAN, SMITH ROAD, OORGAUM POST, K.G.F.",KOLAR,Private-Self Financing,N,N,1-475232091,fetchdata,2020-2021,Engineering and Technology,1,1,1,1,Karnataka,1
1-7002992066,"K.C.T. POLYTECHNIC (AIDED), GULBARGA","KCT CAMPUS,
QAMARUL ISLAM COLONY,
GULBARGA
585104",GULBARGA,Govt aided,N,Y,1-449864091,fetchdata,2020-2021,Engineering and Technology,1,1,1,1,Karnataka,1
1-7002992414,SRINIVAS INSTITUTE OF TECHNOLOGY,"SRINIVAS CAMPUS
VALACHIL, ARKULA VILLAGE
FARANGIPETE POST
MANGALORE",D KANNADA(DK),Private-Self Financing,N,N,1-1710521,fetchdata,2020-2021,Engineering and Technology,1,1,1,1,Karnataka,1
1-7003058975,RAMAIAH POLYTECHNIC,"M.S. RAMAIAH POLYTECHNIC
M.S.R. NAGAR
MSRIT POST
BANGALORE",BANGALORE URBAN,Private-Self Financing,N,N,1-465666171,fetchdata,2020-2021,Engineering and Technology,1,1,1,1,Karnataka,1
1-7003516307,MALIK SANDAL POLYTECHNIC,"424, NAURASPUR, BAGALKOT ROAD, BIJAPUR-586109
KARNATAKA",BIJAPUR,Private-Self Financing,N,Y,1-475935771,fetchdata,2020-2021,Engineering and Technology,1,1,1,1,Karnataka,1
1-7003519138,SJB INSTITUTE OF TECHNOLOGY,"BGS HEALTH & EDUCATION CITY,
NO 67, UTTARAHALLI ROAD.
KENGERI, BANGALORE -60",BANGALORE URBAN,Private-Self Financing,N,N,1-11652107,fetchdata,2020-2021,Engineering and Technology,1,1,1,1,Karnataka,1
1-7003520548,ACHARYA POLYTECHINC,"SOLDEVANAHALLI,
HESARAGHATTA MAIN ROAD BANGALORE -90
KARNATKAKA, 
INDIA",BANGALORE URBAN,Private-Self Financing,N,N,1-453161421,fetchdata,2020-2021,Engineering and Technology,1,1,1,1,Karnataka,1
1-7003517337,GHOUSIA COLLEGE OF ENGINEERING,BANGALORE - MYSORE ROAD,RAMANAGARA,Private-Self Financing,N,Y,1-6749453,fetchdata,2020-2021,Engineering and Technology,1,1,1,1,Karnataka,1
1-7003558974,SAI VIDYA INSTITUTE OF TECHNOLOGY,"RAJANUKUNTE 
DODDBALLAPURA ROAD 
VIA: YELAHANKA",BANGALORE RURAL,Private-Self Financing,N,N,1-4740133,fetchdata,2020-2021,Engineering and Technology,1,1,1,1,Karnataka,1
1-7001577980,SHARNBASVA UNIVERSITY,"SHARNBASVESHWARA INSTITUTIONS  CAMPUS , KALABURAGI ( GULBARGA) -585103 , KARNATAKA",GULBARGA,State Private University,N,N,1-4400571391,fetchdata,2020-2021,Engineering and Technology,1,1,1,1,Karnataka,1
1-7001653768,GOVERNMENT POLYTECHNIC MOSALEHOSAHALLI,"MOSALEHOSAHALLI, HASSAN",HASSAN,Government,N,N,1-5006898608,fetchdata,2020-2021,Engineering and Technology,1,1,1,1,Karnataka,1
1-7001658236,SRINIVAS UNIVERSITY COLLEGE OF ENGINEERING AND TECHNOLOGY,SRINIVAS CAMPUS MUKKA MANGALURU,DAKSHINA KANNADA,Private-Self Financing,N,Y,1-4563878241,fetchdata,2020-2021,Engineering and Technology,1,1,1,1,Karnataka,1
