institute_id,institute_name,address,district,institution_type,women_only,minority,parent_id,method,year,program,level,institutiontype,Women,Minority,state,course
1-7013455330,T V R POLYTECHNIC,"MAIN ROAD, SONDIPUDI",SRIKAKULAM,Private-Self Financing,N,N,1-501668061,fetchdata,2020-2021,Engineering and Technology,1,1,1,1,Andhra Pradesh,1
1-7154977005,INS VISHWAKARMA,"NAD PO 
VISAKHAPATNAM 530009",VISHAKHAPATNAM,Government,N,N,1-685705071,fetchdata,2020-2021,Engineering and Technology,1,1,1,1,Andhra Pradesh,1
1-7022313879,BEHARA TECHNICAL CAMPUS(BEHARA POLYTECHNIC),"NARAVA, 57TH WARD, GVMC, VISAKHAPATNAM,A.P. PIN-5300",VISHAKHAPATNAM,Private-Self Financing,N,N,1-772170991,fetchdata,2020-2021,Engineering and Technology,1,1,1,1,Andhra Pradesh,1
1-7022314048,BRINDAVAN INSTITUTE OF TECHNOLOGY AND SCIENCE,"N.H.-7
PEDDATEKUR
KURNOOL-518218(ANDHRA PRADESH)",KURNOOL,Private-Self Financing,N,N,1-4316767,fetchdata,2020-2021,Engineering and Technology,1,1,1,1,Andhra Pradesh,1
1-7022314795,"DR. Y.C.JAMES YEN GOVT. POLYTECHNIC, KUPPAM","YANADIPALLI VILLAGE, KRISNADASANA PALLI POST,",CHITTOOR,Government,N,N,1-475218391,fetchdata,2020-2021,Engineering and Technology,1,1,1,1,Andhra Pradesh,1
1-7022315972,A.A.N.M. & V.V.R.S.R. POLYTECHNIC,SESHADRI RAO KNOWLEDGE VILLAGE,KRISHNA,Private-Self Financing,N,N,1-399048571,fetchdata,2020-2021,Engineering and Technology,1,1,1,1,Andhra Pradesh,1
1-7101894814,SREE VASAVI KANYAKA PARAMESWARI POLYTECHNIC,"MARKAPUR ROAD
KANDULAPURAM VILLAGE
CUMBUM MANDAL
PRAKASAM DISTRICT
A.P STATE.",PRAKASAM,Private-Self Financing,N,N,1-423210721,fetchdata,2020-2021,Engineering and Technology,1,1,1,1,Andhra Pradesh,1
1-7015880107,PRAKASAM ENGINEERING COLLEGE,"O.V ROAD
KANDUKUR
PRAKASAM DISTRICT
ANDHRA PRADESH-523105",PRAKASAM,Private-Self Financing,N,N,1-2787821,fetchdata,2020-2021,Engineering and Technology,1,1,1,1,Andhra Pradesh,1
1-7022294042,NARASARAOPETA ENGINEERING COLLEGE,"KOTAPPA KONDA ROAD, 
YELLAMANDA POST, 
NARASARAOPET - 522 601 
GUNTUR DIST. 
ANDHRA PRADESH",GUNTUR,Private-Self Financing,N,N,1-2146711,fetchdata,2020-2021,Engineering and Technology,1,1,1,1,Andhra Pradesh,1
1-7101897209,MADDALA RAMAKRISHNAMMA POLYTECHNIC,"M.R.K.POLYTECHN IC, VEERAVASARAM, VEERAVASARAM MANDAL, WEST GODAVARI DISTRICT, ANDHRA PRADESH, 
PIN: 534 245",WEST GODAVARI,Private-Self Financing,N,N,1-437194781,fetchdata,2020-2021,Engineering and Technology,1,1,1,1,Andhra Pradesh,1
1-7015883285,BONAM VENKATACHALAMAYYA INSTITUTE OF TECHNOLOGY & SCIENCE,"BATLAPALEM
AMALAPURAM (MANDAL)
EAST GODAVARI DISTRICT
ANDHRA PRADESH
533221",EAST GODAVARI,Private-Self Financing,N,N,1-3140596,fetchdata,2020-2021,Engineering and Technology,1,1,1,1,Andhra Pradesh,1
1-7022296699,KUPPAM ENGINEERING COLLEGE,"KES NAGAR, 
P.B NATHAM (PO)
KUPPAM
CHITTOOR DT.",CHITTOOR,Private-Self Financing,N,N,1-4184101,fetchdata,2020-2021,Engineering and Technology,1,1,1,1,Andhra Pradesh,1
1-7022299344,RISE KRISHNA SAI PRAKASAM GROUP OF INSTITUTIONS,"NH - 5,
VALLURU - ONGOLE
PRAKASAM DT
PIN - 523 272
ANDHRA PRADESH",PRAKASAM,Private-Self Financing,N,N,1-3935283,fetchdata,2020-2021,Engineering and Technology,1,1,1,1,Andhra Pradesh,1
1-7022305308,SCHOOL OF ENGINEERING & TECHNOLOGY,"THE REGISTRAR, SRI PADMAVATI MAHILA VISVAVIDYALAYAM, TIRUPATI -517 502",CHITTOOR,Government,Y,N,1-451965541,fetchdata,2020-2021,Engineering and Technology,1,1,1,1,Andhra Pradesh,1
1-7022308028,NADIMPALLI SATYANARAYANA RAJU INSTITUTE OF TECHNOLOGY,"SONTYAM (VILLAGE)
ANANDAPURAM (MANDAL)",VISHAKHAPATNAM,Private-Self Financing,N,N,1-12393881,fetchdata,2020-2021,Engineering and Technology,1,1,1,1,Andhra Pradesh,1
1-7101790347,SRIKALAHASTEESWARA INSTITUTE OF TECHNOLOGY,"PANAGAL
SRIKALAHASTI
CHITTOOR DIST,
ANDHRA PRADESH
PIN-? 517 640.",CHITTOOR,Government,N,N,1-6271657,fetchdata,2020-2021,Engineering and Technology,1,1,1,1,Andhra Pradesh,1
1-7022310307,CHAITANYA ENGINEERING COLLEGE,"KOMMADI,
MADHURAWADA,
VISAKHAPATNAM-530041
ANDHRA PRADESH",VISHAKHAPATNAM,Private-Self Financing,N,N,1-6656101,fetchdata,2020-2021,Engineering and Technology,1,1,1,1,Andhra Pradesh,1
1-7022311691,AUDISANKARA INSTITUTE OF TECHNOLOGY,"NH-5,
BY-PASS ROAD,
GUDUR,
NELLORE DISTRICT
ANDHRA PRADESH
PIN:524101",NELLORE,Private-Self Financing,N,N,1-4092776,fetchdata,2020-2021,Engineering and Technology,1,1,1,1,Andhra Pradesh,1
1-7022312054,GOVERNMENT POLYTECHNIC FOR WOMEN,"GUJARATHIPETA POST,
SRIKAKULAM",SRIKAKULAM,Government,Y,N,1-453072271,fetchdata,2020-2021,Engineering and Technology,1,1,1,1,Andhra Pradesh,1
1-7022312310,IDEAL INSTITUTE OF TECHNOLOGY,"IDEAL COLLEGE ROAD
MAIN ROAD
VIDYUTNAGAR",EAST GODAVARI,Private-Self Financing,N,N,1-5355081,fetchdata,2020-2021,Engineering and Technology,1,1,1,1,Andhra Pradesh,1
1-7016126289,GOVERNMENT MODEL RESIDENTIAL POLYTECHNIC,K.R.PURAM,WEST GODAVARI,Government,N,N,1-2085701741,fetchdata,2020-2021,Engineering and Technology,1,1,1,1,Andhra Pradesh,1
1-7016128266,SANSKRITHI SCHOOL OF ENGINEERING,"BEEDUPALLI ROAD, PRASANTHIGRAM",ANANTAPUR,Private-Self Financing,N,N,1-2492477331,fetchdata,2020-2021,Engineering and Technology,1,1,1,1,Andhra Pradesh,1
1-7022139553,ST. MARY'S WOMEN'S ENGINEERING COLLEGE,"BUDAMPADU VILLAGE, GUNTUR RURAL MANDAL, GUNTUR DISTRICT, ANDHRA PRADESH, INDIA",GUNTUR,Private-Self Financing,Y,Y,1-10359491,fetchdata,2020-2021,Engineering and Technology,1,1,1,1,Andhra Pradesh,1
1-7022140929,GOVT.MODEL RESEDENTIAL POLYTECHNIC,"G M R POLYTECHNIC

TALARSINGH",VISHAKHAPATNAM,Government,N,N,1-450629931,fetchdata,2020-2021,Engineering and Technology,1,1,1,1,Andhra Pradesh,1
1-7022201742,NANNAPANENI VENKAT RAO COLLEGE OF ENGINEERING & TECHNOLOGY,"TENALI, GUNTUR DT.",GUNTUR,Private-Self Financing,N,N,1-5029173,fetchdata,2020-2021,Engineering and Technology,1,1,1,1,Andhra Pradesh,1
1-7022283393,SWAMY VIVEKANANDA ENGINEERING COLLEGE,"KALAVARAI(V), BOBBILI MANDALAM, VIZIANAGARAM DIST, ANDHRA PRADESH",VIZIANAGARAM,Private-Self Financing,N,N,1-7130971,fetchdata,2020-2021,Engineering and Technology,1,1,1,1,Andhra Pradesh,1
1-7022284053,VISAKHA INSTITUTE OF ENGINEERING & TECHNOLOGY,"57TH DIVISION, NARAVA, VISAKHAPATNAM",VISHAKHAPATNAM,Private-Self Financing,N,N,1-3242944,fetchdata,2020-2021,Engineering and Technology,1,1,1,1,Andhra Pradesh,1
1-7022202342,DR.PAULRAJ ENGINEERING COLLEGE,"               Lakshmidevi Peta (V) Yetapaka (M), East Godhavari Distt., A.P. Pin 507128 Andhra Pradesh",KHAMMAM,Private-Self Financing,N,N,1-6467161,fetchdata,2020-2021,Engineering and Technology,1,1,1,1,Andhra Pradesh,1
1-7022202689,SRI SIVANI COLLEGE OF ENGINEERING,"CHILAKAPALEM JUNCTION,ETCHERLA MANDAL, SRIKAKULAM",SRIKAKULAM,Private-Self Financing,N,N,1-2929021,fetchdata,2020-2021,Engineering and Technology,1,1,1,1,Andhra Pradesh,1
1-7022221311,MOTHER THERESA INSTITUTE OF ENGINEERING AND TECHNOLOGY,"MELUMOI VILLAGE AND POST, PALAMANER, CHITTOOR DIST, ANDHRA PRADESH 517408",CHITTOOR,Private-Self Financing,N,N,1-4066143,fetchdata,2020-2021,Engineering and Technology,1,1,1,1,Andhra Pradesh,1
1-7016133605,SRI VENKATESA PERUMAL COLLEGE OF ENGINEERING & TECHNOLOGY,"CHINNARAJA KUPPAM,  KN ROAD, PUTTUR ? 517 583, CHITTOOR (DT), A.P.",CHITTOOR,Private-Self Financing,N,N,1-1721502,fetchdata,2020-2021,Engineering and Technology,1,1,1,1,Andhra Pradesh,1
1-7016135732,BHARATH COLLEGE OF ENGINEERING AND TECHNOLOGY FOR WOMEN,"BUGGALATIPALLI,C.K.DINNA MANDAL,RAYACHOTY ROAD,KADAPA,ANDHRA PRADESH,INDIA",YSR DISTRICT,Private-Self Financing,Y,N,1-9915321,fetchdata,2020-2021,Engineering and Technology,1,1,1,1,Andhra Pradesh,1
1-7016138302,SRI SAI INSTITUTE OF TECHNOLOGY AND SCIENCE,"2/714-18,
GOLLAPALLI (V)
RAYACHOTI- 516 270",YSR DISTRICT,Private-Self Financing,N,N,1-5019839,fetchdata,2020-2021,Engineering and Technology,1,1,1,1,Andhra Pradesh,1
1-7022161653,ANIL NEERUKONDA INSTITUTE OF TECHNOLOGY & SCIENCES,"SANGIVALASA
BHEEMUNIPATNAM MANDAL
VISAKHAPATANAM ? 531 162
TEL: 08933-225083, 84 & 85
FAX: 08933-226395
WEBSITE: WWW.ANITS.EDU.IN 
E-MAIL: PRINCIPAL@ANITS.COM",VISHAKHAPATNAM,Private-Self Financing,N,N,1-3992214,fetchdata,2020-2021,Engineering and Technology,1,1,1,1,Andhra Pradesh,1
1-7022204413,ANDHRA POLYTECHNIC,"YANAM ROAD
JAGANNAICK PUR",EAST GODAVARI,Government,N,N,1-452909201,fetchdata,2020-2021,Engineering and Technology,1,1,1,1,Andhra Pradesh,1
1-7022223440,NRI INSTITUTE OF TECHNOLOGY,"POTHAVARAPPADU VILLAGE, VIA NUNNA, 
AGIRIPALLI MANDAL
521212,
KRISHNA DIST,
A.P",KRISHNA,Private-Self Financing,N,N,1-4824481,fetchdata,2020-2021,Engineering and Technology,1,1,1,1,Andhra Pradesh,1
1-7022241472,GOVERNMENT POLYTECHNIC NELLORE,VENKATESWARAPURAM,NELLORE,Government,N,N,1-455937761,fetchdata,2020-2021,Engineering and Technology,1,1,1,1,Andhra Pradesh,1
1-7016147434,DAMISETTY BALA SURESH INSTITUTE OF TECHNOLOGY,"MADDURUPADU VILLAGE, 
KAVALI MANDAL,
NELLORE DT, ANDHRA PRADESH
PIN: 524 203",NELLORE,Private-Self Financing,N,N,1-5831671,fetchdata,2020-2021,Engineering and Technology,1,1,1,1,Andhra Pradesh,1
1-7022102866,CHUNDI RANGANAYAKULU POLYTECHNIC,"7-249,
GANAPAVARAM, 
CHILAKALURIPET,NADENDLA (MD)
GUNTUR(DT)",GUNTUR,Private-Self Financing,N,N,1-422736341,fetchdata,2020-2021,Engineering and Technology,1,1,1,1,Andhra Pradesh,1
1-7022125002,TAYYIB MUSLIM POLYTECHNIC,"NEAR BUILTUP,
PULIVENDALA ROAD
RAMARAJU PALLI,
KADAPA,
ANDHRA PRADESH",YSR DISTRICT,Private-Self Financing,N,Y,1-485033091,fetchdata,2020-2021,Engineering and Technology,1,1,1,1,Andhra Pradesh,1
1-7022204810,SANTHIRAM ENGINEERING COLLEGE,"NH-18, NANDYAL, KURNOOL DIST, A.P",KURNOOL,Private-Self Financing,N,N,1-5783126,fetchdata,2020-2021,Engineering and Technology,1,1,1,1,Andhra Pradesh,1
1-7022223884,SWAMY VIVEKANANDA POLYTECHNIC,KALAVARAI VILLAGE,VIZIANAGARAM,Private-Self Financing,N,N,1-475275711,fetchdata,2020-2021,Engineering and Technology,1,1,1,1,Andhra Pradesh,1
1-7022223987,G.V.R & S COLLEGE OF ENGINEERING & TECHNOLOGY,"GANGINENIPURAM,
NEAR BUDAMPADU,
GUNTUR - 522 013.",GUNTUR,Private-Self Financing,N,N,1-2896174,fetchdata,2020-2021,Engineering and Technology,1,1,1,1,Andhra Pradesh,1
1-7022264971,SRI VASAVI ENGINEERING COLLEGE,"PEDATADEPALLI,
TADEPALLIGUDEM",WEST GODAVARI,Private-Self Financing,N,N,1-4889341,fetchdata,2020-2021,Engineering and Technology,1,1,1,1,Andhra Pradesh,1
1-7022206497,AUDISANKARA COLLEGE OF ENGINEERING AND TECHNOLOGY,"NORTHRAJUPALEM(VILL) RAMANNAPALEM ROAD,KODAVALUR(MD) NELLORE DT.,A.P - 524366",NELLORE,Private-Self Financing,N,N,1-7603141,fetchdata,2020-2021,Engineering and Technology,1,1,1,1,Andhra Pradesh,1
1-7022206853,SRI CHAITANYA - DJR INSTITUTE OF TECHNOLOGY,"DJR NAGAR, NH 5
VELPUR VILLAGE, VIA GUDAVALLI,",KRISHNA,Private-Self Financing,N,N,1-5101644,fetchdata,2020-2021,Engineering and Technology,1,1,1,1,Andhra Pradesh,1
1-7022265528,MAHARAJ VIJAYARAM GAJAPATHI RAJ COLLEGE OF ENGINEERING,"VIJAYARAM NAGAR CAMPUS CHINTALAVALASA DENKADA
MANDAL VIZIANAGARAM 535 005 ANDHRA PRADESH",VIZIANAGARAM,Private-Self Financing,N,N,1-19574481,fetchdata,2020-2021,Engineering and Technology,1,1,1,1,Andhra Pradesh,1
1-7022207399,V.S.M. COLLEGE OF ENGINEERING,"V.S.M. COLLEGE OF ENGINEERING
RAMACHANDRAPURAM
EAST GODAVARI DISTRICT.",EAST GODAVARI,Private-Self Financing,N,N,1-3453133,fetchdata,2020-2021,Engineering and Technology,1,1,1,1,Andhra Pradesh,1
1-7022226579,VIGNAN'S LARA INSTITUTE OF TECHNOLOGY & SCIENCE,"VADLAMUDI,
CHEBROLU MANDAL,
GUNTUR DISTRICT - 522 213.
ANDHRA PRADESH,
INDIA.",GUNTUR,Private-Self Financing,N,N,1-4225801,fetchdata,2020-2021,Engineering and Technology,1,1,1,1,Andhra Pradesh,1
1-7022107884,K.S.R.M. COLLEGE OF ENGINEERING,"YERRAMASUPALLI VILLAGE
CHINTAKOMMA DINNE MANDAL
KADAPA",YSR DISTRICT,Private-Self Financing,N,N,1-4543611,fetchdata,2020-2021,Engineering and Technology,1,1,1,1,Andhra Pradesh,1
1-7022167487,GOVERNMENT POLYTECHNIC,CSTS DEGREE COLLEGE CAMPUS,WEST GODAVARI,Government,N,N,1-463269041,fetchdata,2020-2021,Engineering and Technology,1,1,1,1,Andhra Pradesh,1
1-7022167559,CHADALAWADA RAMANAMMA ENGINEERING COLLEGE,"CHADALAWADA NAGAR, RENIGUNTA ROAD, TIRUPATI",CHITTOOR,Private-Self Financing,N,N,1-10607954,fetchdata,2020-2021,Engineering and Technology,1,1,1,1,Andhra Pradesh,1
1-7022208768,GOVERNMENT POLYTECHNIC,ENGINEERING COLLEGGE ROAD,ANANTAPUR,Government,N,N,1-453990531,fetchdata,2020-2021,Engineering and Technology,1,1,1,1,Andhra Pradesh,1
1-7022248267,SAROJINI INSTITUTE OF TECHNOLOGY,"TELAPROLU VILLAGE,UNGUTURU MANDAL,NEAR GANNAVARAM,KRISHNA DIST,ANDHRA PRADESH,521109",KRISHNA,Private-Self Financing,N,N,1-8777591,fetchdata,2020-2021,Engineering and Technology,1,1,1,1,Andhra Pradesh,1
1-7022250101,SREE VENKATESWARA COLLEGE OF ENGINEERING,"GOLDEN NAGAR, NH-5-NORTH RAJUPALEM BYPASS ROAD.",NELLORE,Private-Self Financing,N,N,1-484620061,fetchdata,2020-2021,Engineering and Technology,1,1,1,1,Andhra Pradesh,1
1-7022060936,PRAVEENYA INSTITUTE OF MARINE ENGINEERING & MARITIME STUDIES,"MODAVALASA VILLAGE, DENKADA MANDAL, VIZIANAGARAM DISTRICT-531162.",VIZIANAGARAM,Private-Self Financing,N,N,1-15650003,fetchdata,2020-2021,Engineering and Technology,1,1,1,1,Andhra Pradesh,1
1-7022082867,QIS INSTITUTE OF TECHNOLOGY,"VENGAMUKKAPALEM,PONDUR ROAD,ONGOLE,PRAKASAM DISTRICT,ANDHRA PRADESH:-523272",PRAKASAM,Private-Self Financing,N,N,1-3955821,fetchdata,2020-2021,Engineering and Technology,1,1,1,1,Andhra Pradesh,1
1-7022191143,NARAYANA ENGINEERING COLLEGE,"NARAYANA AVENUE
MUTHUKUR ROAD,
NELLORE - 524004",NELLORE,Private-Self Financing,N,N,1-7178941,fetchdata,2020-2021,Engineering and Technology,1,1,1,1,Andhra Pradesh,1
1-7022209245,VIZAG INSTITUTE OF TECHNOLOGY,"DAKAMARRI VILLAGE & PANCHAYAT
BHEEMUNIPATNAM MANDAL
VISAKHAPATNAM-531162",VISHAKHAPATNAM,Private-Self Financing,N,N,1-4897352,fetchdata,2020-2021,Engineering and Technology,1,1,1,1,Andhra Pradesh,1
1-7022209575,MIRACLE EDUCATIONAL SOCIETY GROUP OF INSTITUTIONS,"MIRACLE CITY, KONGAVANIPALEM, BHOGAPURAM MANDAL,
VIZIANAGARAM DIST
ANDHRA PRADESH
PIN-535216",VIZIANAGARAM,Private-Self Financing,N,N,1-14752081,fetchdata,2020-2021,Engineering and Technology,1,1,1,1,Andhra Pradesh,1
1-7022250495,AMRITA SAI INSTITUTE OF SCIENCE AND TECHNOLOGY,"AMRITA SAI NAGAR, 
PARITALA POST,
KANCHIKACHERLA MANDAL,
KRISHNA DIST,
A.P. - 521180, INDIA.",KRISHNA,Private-Self Financing,N,N,1-3038007,fetchdata,2020-2021,Engineering and Technology,1,1,1,1,Andhra Pradesh,1
1-7022272982,NOVA COLLEGE OF ENGINEERING AND TECHNOLOGY,"IBRAHIMPATNAM,
VIJAYAWADA-521456",KRISHNA,Private-Self Financing,N,N,1-6262713,fetchdata,2020-2021,Engineering and Technology,1,1,1,1,Andhra Pradesh,1
1-7016036871,SAI RAJESWARI INSTITUTE OF TECHNOLOGY,"BALAJI NAGAR, TALLAMAPURAM ROAD",YSR DISTRICT,Private-Self Financing,N,N,1-6855414,fetchdata,2020-2021,Engineering and Technology,1,1,1,1,Andhra Pradesh,1
1-7016041641,NARAYANADRI INSTITUTE OF SCIENCE AND TECHNOLOGY,"VENKATAPALLI ROAD, NEAR GOVT DEGREE COLLEGE,
RAJAMPET,KADAPA DIST, ANDHRA PRADESH 
PIN-516115.",YSR DISTRICT,Private-Self Financing,N,N,1-6400741,fetchdata,2020-2021,Engineering and Technology,1,1,1,1,Andhra Pradesh,1
1-7016044338,SRI VENKATESWARA COLLEGE OF ENGINEERING AND TECHNOLOGY,"R.V.S NAGAR, TIRUPATHI ROAD,  CHITTOOR-517127
ANDHRA PRADESH.",CHITTOOR,Private-Self Financing,N,N,1-4734871,fetchdata,2020-2021,Engineering and Technology,1,1,1,1,Andhra Pradesh,1
1-7022061777,CHAITANYA INSTITUTE OF SCIENCE AND TECHNOLOGY,MADHAVA PATNAM,EAST GODAVARI,Private-Self Financing,N,N,1-16895401,fetchdata,2020-2021,Engineering and Technology,1,1,1,1,Andhra Pradesh,1
1-7022149816,BUCHEPALLI VENKAYAMMA SUBBAREDDY ENGINEERING COLLEGE,KURNOOL ROAD,PRAKASAM,Private-Self Financing,N,N,1-16461651,fetchdata,2020-2021,Engineering and Technology,1,1,1,1,Andhra Pradesh,1
1-7022230395,USHA RAMA COLLEGE OF ENGINEERING AND TECHNOLOGY,"NH-5, TELAPROLU, UNGUTURU MANDAL, KRISHNA DISTRICT,ANDHRA PRADESH",KRISHNA,Private-Self Financing,N,N,1-4563957,fetchdata,2020-2021,Engineering and Technology,1,1,1,1,Andhra Pradesh,1
1-7016049218,GOVERNMENT POLYTECHNIC,"Z P  BOYS HIGH SCHOOL,ANAPARTHY",EAST GODAVARI,Government,N,N,1-2081019451,fetchdata,2020-2021,Engineering and Technology,1,1,1,1,Andhra Pradesh,1
1-7016051928,CHIRANJEEVI REDDY INSTITUTE OF ENGINEERING AND TECHNOLOGY,"ST. MARK CAMPUS,
BELLARY ROAD,
ANANTAPUR",ANANTAPUR,Private-Self Financing,N,N,1-7990024,fetchdata,2020-2021,Engineering and Technology,1,1,1,1,Andhra Pradesh,1
1-7022171671,SUVR & SR GOVERNMENT POLYTECHNIC FOR WOMEN,"ETHAMUKKLA(POST),
KOTHAPATNAM(MANDAL),
PRAKASAM(DIST)-523280.",PRAKASAM,Government,Y,N,1-460915511,fetchdata,2020-2021,Engineering and Technology,1,1,1,1,Andhra Pradesh,1
1-7022252470,DR LANKAPALLI BULLAYYA COLLEGE OF ENGINEERING,"SURVEY NO 44,D.NO 52-14-75
RESAPUVANIPALEM
VISAKHAPATNAM
PIN CODE 530013",VISHAKHAPATNAM,Private-Self Financing,Y,N,1-16908541,fetchdata,2020-2021,Engineering and Technology,1,1,1,1,Andhra Pradesh,1
1-7022275391,PRIYADARSHINI INSTITUTE OF TECHNOLOGY & SCIENCE FOR WOMEN,"CHINTALAPUDI,
NEAR TENALI,
DUGGIRALA MANDAL,
GUNTUR DT,
ANDHRA PRADESH
PIN:522 306",GUNTUR,Private-Self Financing,Y,N,1-8096533,fetchdata,2020-2021,Engineering and Technology,1,1,1,1,Andhra Pradesh,1
1-7016058391,SRI MITTAPALLI INSTITUTE OF TECHNOLOGY FOR WOMEN,"NEAR PEPSI COMPANY, ON NH-5, TUMMALAPALEM, GUNTUR, ANDHRA PRADESH, INDIA.",GUNTUR,Private-Self Financing,Y,N,1-24879271,fetchdata,2020-2021,Engineering and Technology,1,1,1,1,Andhra Pradesh,1
1-7016060761,A.S.N.WOMEN S ENGINEERING COLLEGE,"BURRRIPALAM ROAD,NELAPADU,TENALI.522201,GUNTUR (DT), A.P.",GUNTUR,Private-Self Financing,Y,N,1-3761464,fetchdata,2020-2021,Engineering and Technology,1,1,1,1,Andhra Pradesh,1
1-7022112249,SRI KRISHNADEVARAYA ENGINEERING COLLEGE,"NH-7, GOOTY ANANTAPURAM,
GOOTY,
ANANTAPUR(DIST),
A.P-515401.",ANANTAPUR,Private-Self Financing,N,N,1-2933011,fetchdata,2020-2021,Engineering and Technology,1,1,1,1,Andhra Pradesh,1
1-7022254375,JNTUA COLLEGE OF ENGINEERING,"SIR M VISWESWARAIAH ROAD,
ANANTAPUR-
515002",ANANTAPUR,Government,N,N,1-448409851,fetchdata,2020-2021,Engineering and Technology,1,1,1,1,Andhra Pradesh,1
1-7016063878,HINDU COLLEGE OF ENGINEERING AND TECHNOLOGY,"AMARAVATHI ROAD,",GUNTUR,Private-Self Financing,N,N,1-462239141,fetchdata,2020-2021,Engineering and Technology,1,1,1,1,Andhra Pradesh,1
1-7022152464,SREE VIDYANIKETHAN ENGINEERING COLLEGE,"SREE VIDYANIKETHAN ENGINEERING COLLEGE,
SREE SAINATH NAGAR,
A.RANGAMPET,
CHANDRAGIRI MANDAL,
CHITTOOR DISTRICT,
PIN: 517 102,
ANDHRA PRADESH.",CHITTOOR,Private-Self Financing,N,N,1-4287165,fetchdata,2020-2021,Engineering and Technology,1,1,1,1,Andhra Pradesh,1
1-7022175572,GOVERNMENT POLYTECHNIC FOR WOMEN,RAMANJANEYAPURAM,YSR DISTRICT,Government,Y,N,1-450090791,fetchdata,2020-2021,Engineering and Technology,1,1,1,1,Andhra Pradesh,1
1-7022195980,CHIRALA ENGINEERING COLLEGE,"RAMAPURAM BEACH ROAD
AKKAYYAPALEM VILLAGE
VETAPALEM MANDAL
PRAKASAM DISTRICT",PRAKASAM,Private-Self Financing,N,N,1-10435671,fetchdata,2020-2021,Engineering and Technology,1,1,1,1,Andhra Pradesh,1
1-7022277345,KKR & KSR INSTITUTE OF TECHNOLOGY AND SCIENCES,"D NO:646,647
VINJANAMPADU (VILLAGE)
VATTICHERUKURU (MANDAL)
GUNTUR( DIST)
ANDHRAPRADESH
PIN:522017",GUNTUR,Private-Self Financing,N,N,1-2076261,fetchdata,2020-2021,Engineering and Technology,1,1,1,1,Andhra Pradesh,1
1-7016067149,ANAKAPALLE MERCHANTS ASSOCIATION KONATHALA SUBRAHMANYAM & IMMEDISETTY KANAKARAJU COLLEGE OF TECHNOLOGY AND MANAGEMENT,"KOTHURU VILLAGE
ANAKAPALLE MANDAL
ANAKAPALLE
VISAKHA DIST.
ANDHRA PRADESH
531001",VISHAKHAPATNAM,Private-Self Financing,N,N,1-2786871,fetchdata,2020-2021,Engineering and Technology,1,1,1,1,Andhra Pradesh,1
1-7016072209,SRI YVS & SRI BRM POLYTECHNIC,"MAIN ROAD
MUKTESWARAM",EAST GODAVARI,Private-Self Financing,N,N,1-436301211,fetchdata,2020-2021,Engineering and Technology,1,1,1,1,Andhra Pradesh,1
1-7022114856,"INSTITUTE OF SCIENCE AND TECHNOLOGY,JNTUK,KAKINADA","JAWAHARLAL NEHRU TECHNOLOGICAL UNIVERSITY,PITHAPURAM ROAD",EAST GODAVARI,Government,N,N,1-810325221,fetchdata,2020-2021,Engineering and Technology,1,1,1,1,Andhra Pradesh,1
1-7022155420,BIT INSTITUTE OF TECHNOLOGY,"S.NO. 284/1, MALGUR (V), BEEREPALLI (P),
H.S. MANDIR (S.O), 
HINDUPUR",ANANTAPUR,Private-Self Financing,N,N,1-3598171,fetchdata,2020-2021,Engineering and Technology,1,1,1,1,Andhra Pradesh,1
1-7022175969,RAGHU INSTITUTE OF TECHNOLOGY,"DAKAMARRI VILLAGE,
BHEEMUNIPATNAM 
VISAKHAPATNAM DIST",VISHAKHAPATNAM,Private-Self Financing,N,N,1-3119681,fetchdata,2020-2021,Engineering and Technology,1,1,1,1,Andhra Pradesh,1
1-7022278047,SMT. B.SEETHA POLYTECHNIC,VISHNUPUR,WEST GODAVARI,Private-Self Financing,N,N,1-449952531,fetchdata,2020-2021,Engineering and Technology,1,1,1,1,Andhra Pradesh,1
1-7022279372,"GOVERNMENT POLYTECHNIC FOR WOMEN, NANDIGAMA","OLD BYE-PASS ROAD,
NEAR GAS COMPANY,",KRISHNA,Government,Y,N,1-455602811,fetchdata,2020-2021,Engineering and Technology,1,1,1,1,Andhra Pradesh,1
1-7016082186,INTELL ENGINEERING COLLEGE,"AKKAMPALI 'X'
KALYANDURG ROAD
ANANTAPUR - 515 004",ANANTAPUR,Private-Self Financing,N,N,1-3933661,fetchdata,2020-2021,Engineering and Technology,1,1,1,1,Andhra Pradesh,1
1-7016109773,MJR COLLEGE OF ENGINEERING & TECHNOLOGY,"DIGUVAPOKULAVARIPALLI (V) & (P), PULICHERLA (MANDAL), CHITTOOR (DISTRICT), ANDHRAPRADESH - 517 113",CHITTOOR,Private-Self Financing,N,N,1-5623431,fetchdata,2020-2021,Engineering and Technology,1,1,1,1,Andhra Pradesh,1
1-7022135307,KAKINADA INSTITUTE OF ENGINEERING & TECHNOLOGY-II,"YANAM ROAD ,KORANGI VILLAGE ,
TALLAREVU MANDAL ,
E.G DIST,AP",EAST GODAVARI,Private-Self Financing,N,N,1-4166249,fetchdata,2020-2021,Engineering and Technology,1,1,1,1,Andhra Pradesh,1
1-7022177505,PRIYADARSHINI INSTITUTE OF TECHNOLOGY,C.RAMACHANDRAPURAM,CHITTOOR,Private-Self Financing,N,N,1-2214602,fetchdata,2020-2021,Engineering and Technology,1,1,1,1,Andhra Pradesh,1
1-7022197941,SATYA INSTITUTE OF TECHNOLOGY AND MANAGEMNET,"GAJULAREGA,
VIZIANAGARAM",VIZIANAGARAM,Private-Self Financing,N,N,1-440051859,fetchdata,2020-2021,Engineering and Technology,1,1,1,1,Andhra Pradesh,1
1-7022279485,GOVERNMENT POLYTECHNIC FOR WOMEN,BHEEMUNIPATNAM,VISHAKHAPATNAM,Government,Y,N,1-456691411,fetchdata,2020-2021,Engineering and Technology,1,1,1,1,Andhra Pradesh,1
1-7022279740,GOVERNMENT MODEL RESIDENTIAL POLYTECHNIC,"YATAPAKA(V)
BHADRACHALAM(M)
KHAMMAM(DISTRICT)
ANDHRAPRADESH
PIN:507112",EAST GODAVARI,Government,N,N,1-455966761,fetchdata,2020-2021,Engineering and Technology,1,1,1,1,Andhra Pradesh,1
1-7022137902,BRAHMAIAH COLLEGE OF ENGINEERING,"NH-5,
NORTH RAJU PALEM,
KODAVALURU MANDAL,
NELLORE DISTRICT,
ANDHRA PRADESH,
PIN:524366",NELLORE,Private-Self Financing,N,N,1-6089375,fetchdata,2020-2021,Engineering and Technology,1,1,1,1,Andhra Pradesh,1
1-7022279857,SRINIVASA INSTITUTE OF ENGINEERING AND TECHNOLOGY,"NH 214, KAKINADA-AMALAPURAM ROAD,
CHEYYERU VILLAGE,
KATRENIKONA MANDAL,
AMALAPURAM-533222",EAST GODAVARI,Private-Self Financing,N,N,1-4636134,fetchdata,2020-2021,Engineering and Technology,1,1,1,1,Andhra Pradesh,1
1-7016115824,GOVT POLYTECHNIC,"GOVT POLYTECHNIC,
SIMHADRIPURAM,YSR(DIST), ANDRA PRADESH,
INDIA",YSR DISTRICT,Government,N,N,1-481028041,fetchdata,2020-2021,Engineering and Technology,1,1,1,1,Andhra Pradesh,1
1-7016117406,GLOBAL COLLEGE OF ENGINEERING & TECHNOLOGY,"CHINNAMACHUPALLI(V), NEAR SATELLITE CITY, CHENNUR(M),KADAPA.",YSR DISTRICT,Private-Self Financing,N,N,1-3976425,fetchdata,2020-2021,Engineering and Technology,1,1,1,1,Andhra Pradesh,1
1-7022199933,ANNAMACHARYA INSTITUTE OF TECHNOLOGY AND SCIENCES,"BACK SIDE OF RTO OFFICE
MULAVANKA
RAYACHOTY ROAD
CHINTAKOMMA DINNE VILLAGE & POST
KADAPA - 516 003",YSR DISTRICT,Private-Self Financing,N,N,1-4884011,fetchdata,2020-2021,Engineering and Technology,1,1,1,1,Andhra Pradesh,1
1-7022200472,SRADDAHA COLLEGE OF DIPLOMA IN ENG & TECHNOLOGY,"KRISHNUNIPALEM, GOKAVARAM MANDAL, EAST GODAVARIA.P
 PIN :533288",EAST GODAVARI,Private-Self Financing,N,N,1-478323311,fetchdata,2020-2021,Engineering and Technology,1,1,1,1,Andhra Pradesh,1
1-7022238942,SPKM INDIAN INSTITUTE OF HANDLOOM TECHNOLOGY,"8-282, 
TIRUPATI ROAD",NELLORE,Government,N,N,1-487878833,fetchdata,2020-2021,Engineering and Technology,1,1,1,1,Andhra Pradesh,1
1-7022281425,SRI PADMAVATHI WOMENS POLYTECHNIC,"NEAR SV DAIRY FARM, CHITTOOR ROAD,",CHITTOOR,Govt aided,Y,N,1-479882101,fetchdata,2020-2021,Engineering and Technology,1,1,1,1,Andhra Pradesh,1
1-7022281821,SRI VENKATESWARA COLLEGE OF ENGINEERING,"OPP LIC TRAINING CENTER,
KARAKAMBADI ROAD, 
CHENNAIAHGUNTA",CHITTOOR,Private-Self Financing,N,N,1-3280921,fetchdata,2020-2021,Engineering and Technology,1,1,1,1,Andhra Pradesh,1
1-7011229284,VIGNANS FOUNDATION FOR SCIENCE TECHNOLOGY AND RESEARCH,"VADLAMUDI
 CHEBROLU MANDAL
 GUNTUR DIST
ANDHRA PRADESH 522213",GUNTUR,Deemed to be University(Pvt),N,N,1-3714520176,fetchdata,2020-2021,Engineering and Technology,1,1,1,1,Andhra Pradesh,1
1-7011552414,BHUMA SHOBA NAGIREDDY MEMORIAL COLLEGE OF ENGINEERING AND TECHNOLOGY,"KANDUKURIMETTA,
ALLAGADDA,
KURNOOL(DIST),
ANDHRA PRADESH",KURNOOL,Private-Self Financing,N,N,1-22644781,fetchdata,2020-2021,Engineering and Technology,1,1,1,1,Andhra Pradesh,1
1-7427479261,MSME TECHNOLOGY CENTRE,"PLOT NO.6,IC-UDI, ATCHUTAPURAM",VISAKHAPATNAM,Government,N,N,,fetchdata,2020-2021,Engineering and Technology,1,1,1,1,Andhra Pradesh,1
1-7011390826,GOVERNMENT POLYTECHNIC PENDURTHI,PULAGANIPALEM ROAD PENDURTHI VILLAGE AND MANDAL VISAKHAPATNAM DISTRICT,VISHAKHAPATNAM,Government,N,N,1-3737448221,fetchdata,2020-2021,Engineering and Technology,1,1,1,1,Andhra Pradesh,1
1-7011423737,DAITA MADHUSUDANA SASTRY SRI VENKATESWARA HINDU COLLEGE OF ENGINEERING,"DAITA MADHUSUDANA SASTRY SRI VENKATESWARA HINDU COLLEGE OF ENGINEERING,
MACHILIPATNAM
PIN - 521 002",KRISHNA,Private-Self Financing,N,N,1-447958521,fetchdata,2020-2021,Engineering and Technology,1,1,1,1,Andhra Pradesh,1
1-7011010238,UNIVERSITY COLLEGE OF ENGINEERING KAKINADA,"PITHAPURAM ROAD
JNTU K
KAKINADA",EAST GODAVARI,Government,N,N,1-706111901,fetchdata,2020-2021,Engineering and Technology,1,1,1,1,Andhra Pradesh,1
1-7011352462,KONERU LAKSHMAIAH EDUCATION FOUNDATION,"GREEN FIELDS, VADDESWARAM.",GUNTUR,Deemed to be University(Pvt),N,N,1-3694329991,fetchdata,2020-2021,Engineering and Technology,1,1,1,1,Andhra Pradesh,1
1-7008711134,"JOGAIAH INSTITUTE OF TECHNOLOGY & SCIENCES, COLLEGE OF ENGINEERING","NH-214, CHINCHINADA ROAD,
 KALAGAMPUDI,
ELAMANCHILI MANDAL
WEST GODAVARI
ANDHRA PRADESH",WEST GODAVARI,Private-Self Financing,N,N,1-7158893,fetchdata,2020-2021,Engineering and Technology,1,1,1,1,Andhra Pradesh,1
1-7007834042,BHIMAVARAM INSTITUTE OF ENGINEERING & TECHNOLOGY,"GNANANANDA ASHRAM ROAD
PENNADA (VILLAGE)
PALAKODERU MANDAL",WEST GODAVARI,Private-Self Financing,N,N,1-7048771,fetchdata,2020-2021,Engineering and Technology,1,1,1,1,Andhra Pradesh,1
1-7008107106,VELAGA NAGESWARA RAO COLLEGE OF ENGINEERING     PONNUR,"OPP. TEACHERS COLONY 
G.B.C ROAD
PONNUR
GUNTUR(DIST)
ANDHRA PRADESH 
522124",GUNTUR,Private-Self Financing,N,N,1-2069587,fetchdata,2020-2021,Engineering and Technology,1,1,1,1,Andhra Pradesh,1
1-7008112011,GAYATRI VIDYA PARISHAD COLLEGE OF ENGINEERING FOR WOMEN,"MADHURAWADA
VISAKHAPATNAM",VISHAKHAPATNAM,Private-Self Financing,Y,N,1-4202073,fetchdata,2020-2021,Engineering and Technology,1,1,1,1,Andhra Pradesh,1
1-7008114492,GRANDHI VARALAKSHMI VENKATA RAO INSTITUTE OF TECHNOLOGY,"VEMPA ROAD 
TUNDURRU
BHIMAVARAM MANDAL
BHIMAVARAM
PIN : 534207
WEST GODAVARI DISTRICT",WEST GODAVARI,Private-Self Financing,N,N,1-4499657,fetchdata,2020-2021,Engineering and Technology,1,1,1,1,Andhra Pradesh,1
1-7008481399,S.V.GOVERNMENT POLYTECHNIC,"KAPILA THEERTHAM ROAD, OPP: T.T.D ADMN. BUILDING",CHITTOOR,Government,N,N,1-455999511,fetchdata,2020-2021,Engineering and Technology,1,1,1,1,Andhra Pradesh,1
1-7008604722,GOVERNMENT INSTITUTE OF CHEMICAL ENGINEERING,"NH - 5, KANCHARAPALEM, 
NER V TOWN POLICE STATION",VISHAKHAPATNAM,Government,N,N,1-454519561,fetchdata,2020-2021,Engineering and Technology,1,1,1,1,Andhra Pradesh,1
1-7008609254,RAMIREDDY SUBBARAMI REDDY ENGINEERING COLLEGE,"N.H.5,
KADANUTHALA (VILLAGE),
BOGOLE (MANDAL),
SPS NELLORE (DISTRICT),
PIN - 524 142",NELLORE,Private-Self Financing,N,N,1-3453101,fetchdata,2020-2021,Engineering and Technology,1,1,1,1,Andhra Pradesh,1
1-7008717011,GOVERNMENT POLYTECHNIC,KORRAPADU ROAD PRODDATUR POST PIN 516361,YSR DISTRICT,Government,N,N,1-454006851,fetchdata,2020-2021,Engineering and Technology,1,1,1,1,Andhra Pradesh,1
1-7008719357,MRS. A V N COLLEGE,"21-1-17, AVN COLLEGE ROAD, NEAR POORNA MARKET, BACK SIDE OF KGH,",VISHAKHAPATNAM,Govt aided,N,N,1-776839441,fetchdata,2020-2021,Engineering and Technology,1,1,1,1,Andhra Pradesh,1
1-7008490043,"GOVT POLYTECHNIC,VEMPALLI","GOVT POLYTECHNIC
SRIRAM NAGAR
GANDI ROAD
VEMPALLI
YSR DISTRICT",YSR DISTRICT,Government,N,N,1-462337375,fetchdata,2020-2021,Engineering and Technology,1,1,1,1,Andhra Pradesh,1
1-7008494725,GOLDEN VALLEY INTEGRATED CAMPUS,"GOLDEN VALLEY CAMPUS,
NH-205,
ANGALLU POST
MADANAPALLE",CHITTOOR,Private-Self Financing,N,N,1-6715081,fetchdata,2020-2021,Engineering and Technology,1,1,1,1,Andhra Pradesh,1
1-7007983688,GODAVARI INSTITUTE OF ENGINEERING & TECHNOLOGY,"NH-5, CHAITANYA NAGAR
VELUGUBANDA VILLAGE
RAJANAGARAM MANDAL
EAST GODAVARI DISTRICT",EAST GODAVARI,Private-Self Financing,N,N,1-5015921,fetchdata,2020-2021,Engineering and Technology,1,1,1,1,Andhra Pradesh,1
1-7008123950,NRI INSTITUTE OF TECHNOLOGY,"VISADALA (PO)
MEDIKONDURU(MD)
GUNTUR-522438
ANDHRA PRADESH",GUNTUR,Private-Self Financing,N,N,1-6140036,fetchdata,2020-2021,Engineering and Technology,1,1,1,1,Andhra Pradesh,1
1-7008392429,SRI VENKATESWARA INSTITUTE OF TECHNOLOGY.,"HAMPAPURAM, N.H.44, RAPTHADU (MANDAL)
ANANTAPUR (DIST) - 515 722, A.P.",ANANTAPUR,Private-Self Financing,N,N,1-5989171,fetchdata,2020-2021,Engineering and Technology,1,1,1,1,Andhra Pradesh,1
1-7008617405,GOVERNMENT POLYTECHNIC,"DSP BUNGLOW ROAD
NEAR ESI HOSPITAL",KURNOOL,Government,N,N,1-475266551,fetchdata,2020-2021,Engineering and Technology,1,1,1,1,Andhra Pradesh,1
1-7008140326,GOVERNMENT POLYTECHNIC,"INDIRAMMA COLONY
MADANAPALLI ROAD",CHITTOOR,Government,N,N,1-454806201,fetchdata,2020-2021,Engineering and Technology,1,1,1,1,Andhra Pradesh,1
1-7008398875,GOVERNMENT POLYTECHNIC,"NEAR ABHAYANJANEYA SWAMY TEMPLE, VENKATRAO PALLI VILLAGE, ATMAKUR MANDAL, SPSR NELLORE DISTRICT",NELLORE,Government,N,N,1-515472551,fetchdata,2020-2021,Engineering and Technology,1,1,1,1,Andhra Pradesh,1
1-7008505885,SKR COLLEGE OF ENGINEERING AND TECHNOLOGY,"NH-5,KONDURU SATRAM (V),MANUBOLU (MANDAL),S.P.S.NELLORE DISTRICT. PIN::524 405.",NELLORE,Private-Self Financing,N,Y,1-36630761,fetchdata,2020-2021,Engineering and Technology,1,1,1,1,Andhra Pradesh,1
1-7008621000,ACHARYA COLLEGE OF ENGINEERING,"D-AGRAHARAM VILLAGE
REKALAKUNTA, BRAMHAMGARI MATAM MANDAL,
NEAR BADVEL, ON BADVEL-MYDUKUR HIGHWAY
KADAPA  516501",YSR DISTRICT,Private-Self Financing,N,N,1-11639121,fetchdata,2020-2021,Engineering and Technology,1,1,1,1,Andhra Pradesh,1
1-7008401071,GOVERNMENT POLYTECHNIC,"NEAR BORAMPALLI VILLAGE,
KALYANDURG",ANANTAPUR,Government,N,N,1-464922171,fetchdata,2020-2021,Engineering and Technology,1,1,1,1,Andhra Pradesh,1
1-7008404596,SIR C V RAMAN POLYTECHNIC,ULLAMPARRU PALAKOL MANDAL  WEST GODAVARI DISTRICT ANDHRA PRADESH,WEST GODAVARI,Private-Self Financing,N,N,1-429989731,fetchdata,2020-2021,Engineering and Technology,1,1,1,1,Andhra Pradesh,1
1-7008514122,LINGAYAS INSTITUTE OF MANAGEMENT AND TECHNOLOGY,"VIVEKA NAGAR, MADALAVARIGUDEM
NUZVID ROAD, VIJAYAWADA.",KRISHNA,Private-Self Financing,N,N,1-4518991,fetchdata,2020-2021,Engineering and Technology,1,1,1,1,Andhra Pradesh,1
1-7008626788,NARAYANA POLYTECHNIC,"GUDEM VILLAGE,SRIKAKULAM MANDAL,SRIKAKULAM DIST.A.P-532484",SRIKAKULAM,Private-Self Financing,N,N,1-416031301,fetchdata,2020-2021,Engineering and Technology,1,1,1,1,Andhra Pradesh,1
1-7007319630,ELURU COLLEGE OF ENGINEERING & TECHNOLOGY,"DUGGIRALA (V),
PEDAVEGI(M),
WEST GODAVARI DISTRICT",WEST GODAVARI,Private-Self Financing,N,N,1-3546901,fetchdata,2020-2021,Engineering and Technology,1,1,1,1,Andhra Pradesh,1
1-7007327511,SWARNANDHRA COLLEGE OF ENGINEERING & TECHNOLOGY,SEETHARAMPURAM,WEST GODAVARI,Private-Self Financing,N,N,1-3695144,fetchdata,2020-2021,Engineering and Technology,1,1,1,1,Andhra Pradesh,1
1-7008028413,E S C GOVT. POLYTECHNIC,"TEKKE,
NANDYAL-518501
KURNOOL (DT),
ANDHRAPRADESH",KURNOOL,Government,N,N,1-445713221,fetchdata,2020-2021,Engineering and Technology,1,1,1,1,Andhra Pradesh,1
1-7008280367,DHANEKULA INSTITUTE OF ENGINEERING & TECHNOLOGY,"DHANEKULA INSTITUTE OF ENGINEERING & TECHNOLOGY
GANGURU
PENAMALURU MANDALAM
VIJAYAWADA
ANDHRA PRADESH - 521 139
INDIA",KRISHNA,Private-Self Financing,N,N,1-1548741,fetchdata,2020-2021,Engineering and Technology,1,1,1,1,Andhra Pradesh,1
1-7008519341,LOYOLA INSTITUTE OF TECHNOLOGY AND MANAGEMENT,"LOYOLA NAGAR,
DHULIPALLA (VILLAGE),
SATTENAPALLI (MANDAL),
GUNTUR (DIST.),
ANDHRA PRADESH.
PIN CODE: 522 412.",GUNTUR,Private-Self Financing,N,N,1-2061151,fetchdata,2020-2021,Engineering and Technology,1,1,1,1,Andhra Pradesh,1
1-7008525313,NARAYANA ENGINEERING COLLEGE,"DHURJATI NAGAR
GUDURU
NELLORE (DT)",NELLORE,Private-Self Financing,N,N,1-7884691,fetchdata,2020-2021,Engineering and Technology,1,1,1,1,Andhra Pradesh,1
1-7007043631,A.M.REDDY MEMORIAL COLLEGE OF ENGINEERING& TECHNOLOGY,"PETLURIVARIPALEM
NARASARAOPET
GUNTUR(D.T)
A.P",GUNTUR,Private-Self Financing,N,N,1-456138111,fetchdata,2020-2021,Engineering and Technology,1,1,1,1,Andhra Pradesh,1
1-7007048576,SIR C RAMALINGA REDDY POLYTECHNIC,VATLURU,WEST GODAVARI,Private-Self Financing,N,N,1-437017331,fetchdata,2020-2021,Engineering and Technology,1,1,1,1,Andhra Pradesh,1
1-7007184868,TADIPATRI ENGINEERING COLLEGE,"KADAPA ROAD, VEERAPURAM (V),TADIPATRI(M).",ANANTAPUR,Private-Self Financing,N,N,1-4380391,fetchdata,2020-2021,Engineering and Technology,1,1,1,1,Andhra Pradesh,1
1-7007190760,ADARSH COLLEGE OF ENGINEERING,"NH-214
CHEBROLU
GOLLAPROLU MANDAL
EAST GODAVARI DISTRICT
ANDHRA PRADESH",EAST GODAVARI,Private-Self Financing,N,N,1-4734112,fetchdata,2020-2021,Engineering and Technology,1,1,1,1,Andhra Pradesh,1
1-7007883420,SRI VANI EDUCATIONAL SOCIETY GROUP OF INSTITUTIONS,"CHEVUTURU(VIL)
G KONDURU(MDL)
KRISHNA(DIST)
PIN:521229",KRISHNA,Private-Self Financing,N,N,1-14419987,fetchdata,2020-2021,Engineering and Technology,1,1,1,1,Andhra Pradesh,1
1-7008033145,SRI JYOTHI POLYTECHNIC,"SRI JYOTHI POLYTECHNIC,
KALAVAPAMULA VILLAGE,
VUYYURU MANDAL,
KRISHNA DT,
ANDHRA PRADESH,
521164.",KRISHNA,Private-Self Financing,N,N,1-1450050351,fetchdata,2020-2021,Engineering and Technology,1,1,1,1,Andhra Pradesh,1
1-7008291268,ALWAR POLYTECHNIC,"39-27-44/7, VUDA LAYOUT, MADHAVADHARA",VISHAKHAPATNAM,Private-Self Financing,N,N,1-512688231,fetchdata,2020-2021,Engineering and Technology,1,1,1,1,Andhra Pradesh,1
1-7008412691,WEST GODAVARI INSTITUTE OF SCIENCE AND ENGINEERING,"AVAPADU, PRAKASARAOPALEM(POST),
NALLAJERLA (MANDAL), WEST GODAVARI DISTRICT,
ANDHRAPRADESH - 534 112",WEST GODAVARI,Private-Self Financing,N,N,1-6590696,fetchdata,2020-2021,Engineering and Technology,1,1,1,1,Andhra Pradesh,1
1-7006910688,RAJIV GANDHI RECS POLYTECHNIC,"RECS,OPPSITE TO BPCL PETROL BUNK,KASIMKOTA",VISHAKHAPATNAM,Private-Self Financing,N,N,1-462392761,fetchdata,2020-2021,Engineering and Technology,1,1,1,1,Andhra Pradesh,1
1-8192446602,COLLEGE OF ENGINEERING DR B R AMBEDKAR UNIVERSITY SRIKAKULAM,"NH-16, UNIVERSITY CAMPUS ETCHERLA VILLAGE, SRIKAKULAM-532410",SRIKAKULAM,Government,N,N,1-4668444691,fetchdata,2020-2021,Engineering and Technology,1,1,1,1,Andhra Pradesh,1
1-7008036557,DNR COLLEGE OF ENGINEERING & TECHNOLOGY,"DNR COLLEGE OF ENGINEERING & TECHNOLOGY, BALUSUMUDI,",WEST GODAVARI,Private-Self Financing,N,N,1-4702766,fetchdata,2020-2021,Engineering and Technology,1,1,1,1,Andhra Pradesh,1
1-7008296802,SIDDARTHA EDUCATIONAL ACADEMY GROUP OF INSTITUTIONS,"CHINTAGUNTA VILLAGE,
NEAR C. GOLLAPALLI, 
TIRUPATI (RURAL) - 517 505
CHITTOOR DIST
 A.P.",CHITTOOR,Private-Self Financing,N,N,1-3867401,fetchdata,2020-2021,Engineering and Technology,1,1,1,1,Andhra Pradesh,1
1-7008318867,MANDAVA INSTITUTE OF ENGINEERING AND TECHNOLOGY,"VIDYANAGAR, JAGGAYYAPETA, KRISHNA DT - 521175, ANDHRA PRADESH",KRISHNA,Private-Self Financing,N,N,1-4252181,fetchdata,2020-2021,Engineering and Technology,1,1,1,1,Andhra Pradesh,1
1-7008192739,VIGNAN'S NIRULA INSTITUTE OF TECHNOLOGY & SCIENCE FOR WOMEN,"VIGNAN AVENUE
PALAKALURU ROAD
GUNTUR TEHSIL,
GUNTUR - 522 005",GUNTUR,Private-Self Financing,Y,N,1-4302237,fetchdata,2020-2021,Engineering and Technology,1,1,1,1,Andhra Pradesh,1
1-7008195776,PRIYADARSHNI INSTITUTE OF TECHNOLOGY & MANEGEMENT,"5TH MILE, PULLADIGUNTA, GUNTUR-17",GUNTUR,Private-Self Financing,N,N,1-3589711,fetchdata,2020-2021,Engineering and Technology,1,1,1,1,Andhra Pradesh,1
1-7008329917,"GOVERNMENT POLYTECHNIC, VIJAYAWADA",OPP MARIS STELLA COLLEGE,KRISHNA,Government,N,N,1-452266671,fetchdata,2020-2021,Engineering and Technology,1,1,1,1,Andhra Pradesh,1
1-7006788226,SANKETIKA VIDYA PARISHAD ENGINEERING COLLEGE,"TECHNICAL COMPLEX,
 BESIDE ACA/VDCA CRICKET STADIUM,
POTHINAMALLAYYAPALEM,
VISAKHAPATNAM
PIN-530041
ANDHRA PRADESH",VISHAKHAPATNAM,Private-Self Financing,N,N,1-3638131,fetchdata,2020-2021,Engineering and Technology,1,1,1,1,Andhra Pradesh,1
1-7008200641,HELAPURI INSTITUTE OF TECHNOLOGY & SCIENCE,"VEGAVARAM, DENDULURU MANDAL, ELURU, WEST GODAVARI DISTRICT, ANDHRA PRADESH",WEST GODAVARI,Private-Self Financing,N,N,1-5399791,fetchdata,2020-2021,Engineering and Technology,1,1,1,1,Andhra Pradesh,1
1-7008332400,GOVERNMENT POLYTECHNIC GANNAVARAM,Z P BOYS HIGH SCHOOL CAMPUS,KRISHNA,Government,N,N,1-453497791,fetchdata,2020-2021,Engineering and Technology,1,1,1,1,Andhra Pradesh,1
1-7008674829,BHEEMA INSTITUTE OF TECHNOLOGY AND SCIENCE,"ALUR ROAD,MANDIGIRI VILLAGE
SADHAPURAM (G.P)
ADONI - 518301
KURNOOL(DIST)
ANDHRA PRADESH",KURNOOL,Private-Self Financing,N,N,1-2408841,fetchdata,2020-2021,Engineering and Technology,1,1,1,1,Andhra Pradesh,1
1-7008680826,K.E.S.POLYTECHNIC FOR WOMEN,"P.W.D.GROUNDS, VIJAYAWADA 520002",KRISHNA,Private-Self Financing,Y,N,1-434671821,fetchdata,2020-2021,Engineering and Technology,1,1,1,1,Andhra Pradesh,1
1-7006799459,MALINENI LAKSHMAIAH WOMEN'S ENGINEERING COLLEGE,"PULLADIGUNTA(V), VATTICHERUKURU(MD), GUNTUR - 522017",GUNTUR,Private-Self Financing,Y,N,1-3106414,fetchdata,2020-2021,Engineering and Technology,1,1,1,1,Andhra Pradesh,1
1-7008078221,V.K.R & V.N.B POLYTECHNIC,ELURU ROAD,KRISHNA,Private-Self Financing,N,N,1-436255981,fetchdata,2020-2021,Engineering and Technology,1,1,1,1,Andhra Pradesh,1
1-7008581773,GOVERNMENT POLYTECHNIC,"THE PRINCIPAL, GOVERNMENT POLYTECHNIC,C/O SRI RAMA MUNICIPAL HIGH SCHOOL, ITEKAMPADU ROAD, PONNUR-522124, GUNTUR(DIST.) , ANDHRA PRADESH.",GUNTUR,Government,N,N,1-460885041,fetchdata,2020-2021,Engineering and Technology,1,1,1,1,Andhra Pradesh,1
1-7008684343,GOVERNMENT POLYTECHNIC,ADDANKI,PRAKASAM,Government,N,N,1-475006541,fetchdata,2020-2021,Engineering and Technology,1,1,1,1,Andhra Pradesh,1
1-7008685518,SIR VISHVESHWARIAH INSTITUE OF SCIENCE & TECHNOLOGY,"ANGALLU, MADANAPALLE, CHITTOOR DIST. ANDHRAPRADESH.",CHITTOOR,Private-Self Financing,N,N,1-8307885,fetchdata,2020-2021,Engineering and Technology,1,1,1,1,Andhra Pradesh,1
1-7006649451,ANNAMACHARYA INSTITUTE OF TECHNOLOGY AND SCIENCES,"VENKATAPURAM (VILLAGE), MANGALAM ROAD, KARAKAMBADI(POST), RENIGUNTA(MANDAL),TIRUPATI-517520, CHITTOOR DIST",CHITTOOR,Private-Self Financing,N,N,1-6104121,fetchdata,2020-2021,Engineering and Technology,1,1,1,1,Andhra Pradesh,1
1-7008081954,SRI CHAITANYA POLYTECHNIC COLLEGE,"PANUKUVALASA (VILL) VISWANADHAPURAM POST, PACHIPENTA MANDAL, SALUR, VIZIANAGARAM DIST- 535592",VIZIANAGARAM,Private-Self Financing,N,N,1-421232751,fetchdata,2020-2021,Engineering and Technology,1,1,1,1,Andhra Pradesh,1
1-7008583902,POTTI SRIRAMULU CHALAVADI MALLIKARJUNA RAO COLLEGE OF ENGINEERING AND TECHNOLOGY,"D.NO: 7-3-6/1, RAGHAVA REDDY STREET, 
KOTHAPETA,
VIJAYAWADA - 520 001.
ANDHRA PRADESH.",KRISHNA,Private-Self Financing,N,N,1-9363131,fetchdata,2020-2021,Engineering and Technology,1,1,1,1,Andhra Pradesh,1
1-7008588948,MVR COLLEGE OF ENGINEERING AND TECHNOLOGY,"BESIDE HANUMAN STATUE, 
NH-9,
PARITALA,
KANCHIKACHERLA MANDALAM,
KRISHNA DT,
ANDHRA PRADESH
521180",KRISHNA,Private-Self Financing,N,N,1-2507491,fetchdata,2020-2021,Engineering and Technology,1,1,1,1,Andhra Pradesh,1
1-7008697846,GOVERNMENT POLYTECHNIC FOR WOMEN,"GUJJANAGUNDLA
GUNTUR
ANDHRA PRADESH
PIN 522006",GUNTUR,Government,Y,N,1-466044331,fetchdata,2020-2021,Engineering and Technology,1,1,1,1,Andhra Pradesh,1
1-7008089454,DR.B.R.A.G.M.R.POLYTECHNIC,"RAJAVOLU ROAD,
BOMMURU,
RAJAHMUNDRY RURAL",EAST GODAVARI,Government,N,N,1-455317911,fetchdata,2020-2021,Engineering and Technology,1,1,1,1,Andhra Pradesh,1
1-7008095319,BEHARA SUBHAKAR POLYTECHNIC,"SY 72,99,100,
WARD NO 57, GVMC, NARAVA,
GOPALAPATNAM,
VISAKHAPATNAM.
VISAKHAPANAM",VISHAKHAPATNAM,Private-Self Financing,N,N,1-1448230001,fetchdata,2020-2021,Engineering and Technology,1,1,1,1,Andhra Pradesh,1
1-7008224751,GOVT INSTITUTE OF TEXTILE TECHNOLOGY,"NALLAPADU, GUNTUR,     ANDHRA PRADESH",GUNTUR,Government,N,N,1-460522461,fetchdata,2020-2021,Engineering and Technology,1,1,1,1,Andhra Pradesh,1
1-7008227098,SHREE INSTITUTE OF TECHNICAL EDUCATION,"KRISHNAPURAM VILLAGE, RENIGUNTA MANDAL, CHITTOOR DIST., A.P.",CHITTOOR,Private-Self Financing,N,N,1-6048723,fetchdata,2020-2021,Engineering and Technology,1,1,1,1,Andhra Pradesh,1
1-7008593988,BEHARA POLYTECHNIC,"SY NO:266,1,4 TO 9,16 TO 27
KOTYADA VILLAGE
L KOTA MANDAL
VIZIANAGARAM DIST",VIZIANAGARAM,Private-Self Financing,N,N,1-2866455011,fetchdata,2020-2021,Engineering and Technology,1,1,1,1,Andhra Pradesh,1
1-7008597428,SREE RAMA ENGINEERING COLLEGE,"OPP.LIC TRAINING CENTRE,
KARAKAMBADI ROAD,
VENKATAPURAM (V),
RENIGUNTA(M),
MANGALAM (BO)
TIRUPATI,
CHITTOOR(DT)-517507",CHITTOOR,Private-Self Financing,N,N,1-23716013,fetchdata,2020-2021,Engineering and Technology,1,1,1,1,Andhra Pradesh,1
1-7008701593,BELLAMKONDA POLYTECHNIC COLLEGE,"KAMBALAPADU(VILL)
PODILI(MD)
PRAKASAM(DT)
A.P",PRAKASAM,Private-Self Financing,N,N,1-407303563,fetchdata,2020-2021,Engineering and Technology,1,1,1,1,Andhra Pradesh,1
1-7008231944,PRASANTHI POLYTECHNIC,"DUPPITHURU VILL
ATCHUTAPURAM MANDAL,
VISAKHAPATNAM",VISAKHAPATNAM,Private-Self Financing,N,N,1-2061090701,fetchdata,2020-2021,Engineering and Technology,1,1,1,1,Andhra Pradesh,1
1-7008233148,PRIYADARSHINI INSTITUTE OF TECHNOLOGY & SCIENCE,"CHINTALAPUDI, DUGGIRALA MANDAL, NEAR TENALI, GUNTUR DIST - ANDHRA PRADESH - 522 306",GUNTUR,Private-Self Financing,N,N,1-4161548,fetchdata,2020-2021,Engineering and Technology,1,1,1,1,Andhra Pradesh,1
1-7008239274,BABA INSTITUTE OF TECHNOLOGY AND SCIENCES,"P M PALEM, MADHURAWADA",VISHAKHAPATNAM,Private-Self Financing,N,N,1-3291051,fetchdata,2020-2021,Engineering and Technology,1,1,1,1,Andhra Pradesh,1
1-7004918876,"GOVT.POLYTECHNIC ,REPALLE",GOVT.JUNIOR COLLEGE CAMPUS,GUNTUR,Government,N,N,1-481845421,fetchdata,2020-2021,Engineering and Technology,1,1,1,1,Andhra Pradesh,1
1-7004957875,SRINIVASA DIPOLMA IN ENGINEERING & TECHNOLOGY,"BURJA (V),
NEAR CHELLAMNAIDUVALASA (V),
SEETHANAGARAM (M),
VIZIANAGARAM DIST - 535542.
ANDHARA PRADESH",VIZIANAGARAM,Private-Self Financing,N,N,1-444957381,fetchdata,2020-2021,Engineering and Technology,1,1,1,1,Andhra Pradesh,1
1-7004958133,GOVERNMENT POLYTECHNIC,"OV ROAD 
POST OFFICE CENTRE",PRAKASAM,Government,N,N,1-454872263,fetchdata,2020-2021,Engineering and Technology,1,1,1,1,Andhra Pradesh,1
1-7004958331,GOVERNMENT POLYTECHNIC,GOVT.JUNIOR COLLEGE CAMPUS,ANANTAPUR,Government,N,N,1-455470741,fetchdata,2020-2021,Engineering and Technology,1,1,1,1,Andhra Pradesh,1
1-7005067172,AKSHARAA POLYTECHNIC,"SAI KRISHNA POLYTECHNIC, BONDAPALLI(VILLAGE AND MANDALAM), VIZIANAGARAM DISTRICT, ANDHRA PRADESH",VIZIANAGARAM,Private-Self Financing,N,N,1-424590471,fetchdata,2020-2021,Engineering and Technology,1,1,1,1,Andhra Pradesh,1
1-7005150321,GATES INSTITUTE OF TECHNOLOGY,"NH-7, GOOTYANANTAPUR, ANANTAPUR - 515401, 
ANDHRA PRADESH",ANANTAPUR,Private-Self Financing,N,N,1-7021304,fetchdata,2020-2021,Engineering and Technology,1,1,1,1,Andhra Pradesh,1
1-7005151774,V.R.S & Y.R.N COLLEGE OF ENGINEERING AND TECHNOLOGY,"VODAREVU ROAD,
PERALA(PO),
CHIRALA
PRAKASAM(DT),
ANDHRA PRADESH - 523 157",PRAKASAM,Private-Self Financing,N,N,1-2492091,fetchdata,2020-2021,Engineering and Technology,1,1,1,1,Andhra Pradesh,1
1-7004959601,"MRR INSTITUTE OF TECHNOLOGY & SCIENCE, UDAYAGIRI","MRR INSTITUTE OF TECHNOLOGY & SCIENCE,
S.R.PURAM ROAD,
 UDAYAGIRI,
NELLORE,DT
ANDHRA PRADESH.
PIN-524226.",NELLORE,Private-Self Financing,N,N,1-5329571,fetchdata,2020-2021,Engineering and Technology,1,1,1,1,Andhra Pradesh,1
1-7005067843,RGUKT-NUZIVID,"MYLAVARAM ROAD,
NUZIVID,
KRISHNA DISTRICT.HEAD OFFICE : RGUKT VINDHYA C-4, IIITH CAMPUS, GACHIBOWLI, HYDERABAD",KRISHNA,State Government University,N,N,1-853917901,fetchdata,2020-2021,Engineering and Technology,1,1,1,1,Andhra Pradesh,1
1-7005070024,ARYABHATTA POLYTECHNIC,"LAGISETTIPALEM 
SABBAVARAM,",VISAKHAPATNAM,Private-Self Financing,N,N,1-2060148211,fetchdata,2020-2021,Engineering and Technology,1,1,1,1,Andhra Pradesh,1
1-7005107972,SREE VAHINI INSTITUTE OF SCIENCE AND TECHNOLOGY,"BEHIND GANESH TEMPLE
BYE PASS ROAD
TIRUVURU
KRISHNA (DT)
ANDHRA PRADESH
PIN-521235",KRISHNA,Private-Self Financing,N,N,1-5525976,fetchdata,2020-2021,Engineering and Technology,1,1,1,1,Andhra Pradesh,1
1-7005155107,ST. JOHNS COLLEGE OF ENGINEERING & TECHNOLOGY,"YERRAKOTA,
YEMMIGANUR",KURNOOL,Private-Self Financing,N,N,1-7143028,fetchdata,2020-2021,Engineering and Technology,1,1,1,1,Andhra Pradesh,1
1-7004883287,TIRUMALA ENGINEERING COLLEGE,"JONNALAGADDA,
NARASARAOPET- 522601
GUNTUR(DT)",GUNTUR,Private-Self Financing,N,N,1-2173587,fetchdata,2020-2021,Engineering and Technology,1,1,1,1,Andhra Pradesh,1
1-7004922254,VIKAS POLYTECHNIC COLLEGE,"SIDDAVATAM VILLAGE,KADAPA",YSR DISTRICT,Private-Self Financing,N,N,1-513467611,fetchdata,2020-2021,Engineering and Technology,1,1,1,1,Andhra Pradesh,1
1-7004922469,SIDDARTHA INSTITUTE OF SCIENCE AND TECHNOLOGY,"SIDDARTHA NAGAR
NARAYANAVANAM ROAD
PUTTUR - 517 583
CHITTOOR DISTRICT
ANDHRA PRADESH",CHITTOOR,Private-Self Financing,N,N,1-3042114,fetchdata,2020-2021,Engineering and Technology,1,1,1,1,Andhra Pradesh,1
1-7005111524,A1 GLOBAL INSTITUTE OF ENGINEERING & TECHNOLOGY,"MARKAPUR, PRAKASAM DISTRICT, ANDHRA PRADESH.",PRAKASAM,Private-Self Financing,N,Y,1-6212413,fetchdata,2020-2021,Engineering and Technology,1,1,1,1,Andhra Pradesh,1
1-7005156381,LENDI INSTITUTE OF ENGINEERING AND TECHNOLOGY,"JONNADA VILLAGE 
VIA 5TH APSP BATTALION 
DENKADA MANDAL
VIZIANAGARAM DIST - 535 005",VIZIANAGARAM,Private-Self Financing,N,N,1-3678201,fetchdata,2020-2021,Engineering and Technology,1,1,1,1,Andhra Pradesh,1
1-7005203316,SRINIVASA RAMANUJAN INSTITUTE OF TECHNOLOGY,"ROTARYPURAM (VILLAGE)
B K SAMUDRAM (MANDAL)
ANANTAPUR (DISTRICT)",ANANTAPUR,Private-Self Financing,N,N,1-1710534,fetchdata,2020-2021,Engineering and Technology,1,1,1,1,Andhra Pradesh,1
1-7004676319,GOVERNMENT POLYTECHNIC TEKKALI,"TEKKALI 
SRIKAKULAM DISTRICT",SRIKAKULAM,Government,N,N,1-1615031191,fetchdata,2020-2021,Engineering and Technology,1,1,1,1,Andhra Pradesh,1
1-7004846077,SIR C.V.RAMAN INSTITUTE OF TECHNOLOGY & SCIENCES,"BEHIND BHARATH PETROL BUNK,
ANANTAPUR ROAD,
TADPATRI.",ANANTAPUR,Private-Self Financing,N,N,1-10482254,fetchdata,2020-2021,Engineering and Technology,1,1,1,1,Andhra Pradesh,1
1-7005113398,R.V.R.& J.C.COLLEGE OF ENGINEERING,"CHANDRAMOULIPURAM
CHOWDAVARAM
GUNTUR-522 019
ANDHRA PRADESH",GUNTUR,Private-Self Financing,N,N,1-12529801,fetchdata,2020-2021,Engineering and Technology,1,1,1,1,Andhra Pradesh,1
1-7005159578,"GOVERNMENT POLYTECHNIC, SATYAVEDU","C/O GOVT. JUNIOR COLLEGE, SATYAVEDU",CHITTOOR,Government,N,N,1-463787451,fetchdata,2020-2021,Engineering and Technology,1,1,1,1,Andhra Pradesh,1
1-7004890197,SRI VENKATESWARA POLYTECHNIC,"N H -5,MRO OFFICE ROAD,
BESIDE DR.B.R.AMBEDKAR UNIVERSITY, ETCHERLA",SRIKAKULAM,Private-Self Financing,N,N,1-505310841,fetchdata,2020-2021,Engineering and Technology,1,1,1,1,Andhra Pradesh,1
1-7004926670,CHADALAWADA VENKATA SUBBAIAH COLLEGE OF ENGINEERING,"CHADALAWADA VENKATA SUBBAIAH COLLEGE OF ENGINEERING
CHADALAWADA NAGAR
RENIGUNTA ROAD
TIRUPATI.",CHITTOOR,Private-Self Financing,N,N,1-8869884,fetchdata,2020-2021,Engineering and Technology,1,1,1,1,Andhra Pradesh,1
1-7004928121,INDIRA INSTITUTE OF TECHNOLOGY AND SCIENCES,"DARIMADUGU VI,
MARKAPUR,
PRAKASAM DT.",PRAKASAM,Private-Self Financing,N,N,1-11346262,fetchdata,2020-2021,Engineering and Technology,1,1,1,1,Andhra Pradesh,1
1-7005038586,PNC&VIJAI INSTITUTE OF ENGINEERING & TECHNOLGOY,"REPUDI (V), PHIRANGIPURAM (M), GUNTUR DIST. ANDHRA PRADESH",GUNTUR,Private-Self Financing,N,N,1-1490534571,fetchdata,2020-2021,Engineering and Technology,1,1,1,1,Andhra Pradesh,1
1-7005075468,ADITYA COLLEGE OF ENGINEERING,"VALASAPALLI POST,
MADANAPALLE,
CHITTOOR DIST,
ANDHRA PRADESH",CHITTOOR,Private-Self Financing,N,N,1-3285111,fetchdata,2020-2021,Engineering and Technology,1,1,1,1,Andhra Pradesh,1
1-7004712308,GANDHI INSTITUTE OF TECHNOLOGY AND MANAGEMENT GITAM VISAKHAPATNAM,GANDHI NAGAR RUSHIKONDA,VISAKHAPATNAM,Deemed to be University(Pvt),N,N,1-4646080501,fetchdata,2020-2021,Engineering and Technology,1,1,1,1,Andhra Pradesh,1
1-7005005465,SRI VADDAMANU CHIDANANDAM MEMORIAL POLYTECHNIC,"4-2-15
NELLORE ROAD
GOPAVARAM MANDAL",YSR DISTRICT,Private-Self Financing,N,N,1-446147101,fetchdata,2020-2021,Engineering and Technology,1,1,1,1,Andhra Pradesh,1
1-7005121440,"GOVERNMENT POLYTECHNIC, RAYADURG","VALMIKI NAGAR, NEAR KHASTHURIBHA SCHOOL, BELLARY ROAD, RAYADURGAM-515865",ANANTAPUR,Government,N,N,1-467324581,fetchdata,2020-2021,Engineering and Technology,1,1,1,1,Andhra Pradesh,1
1-7005121578,GOVERNMENT POLYTECHNIC,Z.P.H.SCHOOL CAMPUS,GUNTUR,Government,N,N,1-481013391,fetchdata,2020-2021,Engineering and Technology,1,1,1,1,Andhra Pradesh,1
1-7004852535,SHRI VISHNU ENGINEERING COLLEGE FOR WOMEN,"VISHNUPUR,
BHIMAVARAM",WEST GODAVARI,Private-Self Financing,Y,N,1-3456561,fetchdata,2020-2021,Engineering and Technology,1,1,1,1,Andhra Pradesh,1
1-7004894676,QUBA COLLEGE OF ENGINEERING & TECHNOLOGY,"KANPUR BIT - I,
VENKATACHALAM(POST & MANDAL),
SPSR NELLORE DISTRICT - A.P.
PIN - 524 320.",NELLORE,Private-Self Financing,N,Y,1-6944964,fetchdata,2020-2021,Engineering and Technology,1,1,1,1,Andhra Pradesh,1
1-7004897707,SARADA INSTITUTE OF SCIENCE TECHNOLOGY AND MANAGEMENT,"AMPOLU ROAD
GARA MANDAL
SRIKAKULAM-PIN 532404
ANDHRA PRADESH",SRIKAKULAM,Private-Self Financing,N,N,1-7876191,fetchdata,2020-2021,Engineering and Technology,1,1,1,1,Andhra Pradesh,1
1-7004972348,LENORA COLLEGE OF ENGINEERING,IRLAPALLY VILLAGE RAMPACHODAVARM EAST GODAVRI,EAST GODAVARI,Private-Self Financing,N,N,1-10347270,fetchdata,2020-2021,Engineering and Technology,1,1,1,1,Andhra Pradesh,1
1-7005042642,SREENIVASA INSTITUTE OF TECHNOLOGY AND MANAGEMENT STUDIES,"DR.VISWESWARAIAH ROAD (BANGALORE-TIRUPATHI BYE-PASS ROAD),
MURUKAMBATTU POST,
CHITTOOR - 517 127.",CHITTOOR,Private-Self Financing,N,N,1-3807111,fetchdata,2020-2021,Engineering and Technology,1,1,1,1,Andhra Pradesh,1
1-7005079316,BALAJEE POLYTECHNIC,"MARUPALLI VILL
GAJAPATHI NAGARAM MANDAL
VIZIANAGARAM DIST",VIZIANAGARAM,Private-Self Financing,N,N,1-504946321,fetchdata,2020-2021,Engineering and Technology,1,1,1,1,Andhra Pradesh,1
1-7004900699,SANKETIKA POLYTECHNIC COLLEGE,"BEHIND CRICKET STADIUM, P.M. PALEM",VISHAKHAPATNAM,Private-Self Financing,N,N,1-447694061,fetchdata,2020-2021,Engineering and Technology,1,1,1,1,Andhra Pradesh,1
1-7004974086,"GOVT. POLYTECHNIC,DHARMAVARAM, GOVT. OF A.P","GUTTAKINDI PALLI
NEAR GOVT.DEGREE COLLEGE,
DHARMAVARAM,
ANANTAPUR DIST",ANANTAPUR,Government,N,N,1-454585981,fetchdata,2020-2021,Engineering and Technology,1,1,1,1,Andhra Pradesh,1
1-7004975576,VIGNAN'S INSTITUTE OF INFORMATION TECHNOLOGY,"VIGNAN'S INSTITUTE OF INFORMATION TECHNOLOGY,
BESIDE VSEZ, DUVVADA,
VEPZ (POST),
GAJUWAKA,
VISAKHAPATNAM-530049.",VISHAKHAPATNAM,Private-Self Financing,N,N,1-2511162,fetchdata,2020-2021,Engineering and Technology,1,1,1,1,Andhra Pradesh,1
1-7005009432,PYDAH COLLEGE OF ENGINEERING,"PATAVALA, TALLAREVU MANDAL, EAST GODAVBARI DISTRICT.",EAST GODAVARI,Private-Self Financing,N,N,1-4575591,fetchdata,2020-2021,Engineering and Technology,1,1,1,1,Andhra Pradesh,1
1-7005011281,GOVERNMENT POLYTECHNIC,"ZP BOYS HIGH SCHOOL CAMPUS
KAMALAPURAM",YSR DISTRICT,Government,N,N,1-465144811,fetchdata,2020-2021,Engineering and Technology,1,1,1,1,Andhra Pradesh,1
1-7005044928,M.B.T.S. GOVERNMENT POLYTECHNIC,"NALLAPADU,
GUNTUR",GUNTUR,Government,N,N,1-461064441,fetchdata,2020-2021,Engineering and Technology,1,1,1,1,Andhra Pradesh,1
1-7005046450,G.PULLA REDDY ENGINEERING COLLEGE,"NANDYAL ROAD, KURNOOL (AP)",KURNOOL,Private-Self Financing,N,N,1-4717591,fetchdata,2020-2021,Engineering and Technology,1,1,1,1,Andhra Pradesh,1
1-7005047504,GOVERNMENT POLYTECHNIC,"KANCHARAPALEM
NEAR URVASI JUNCTION",VISHAKHAPATNAM,Government,N,N,1-461017691,fetchdata,2020-2021,Engineering and Technology,1,1,1,1,Andhra Pradesh,1
1-7005080027,ASHOKA WOMEN?S ENGINEERING COLLEGE,"DR.K.V.SUBBA REDDY COLLEGE OF ENGINEERING FOR WOMEN
OPP. DUPADU RAILWAY STATION,
N.H - 7,
LAKSHMI PURAM (POST),
KURNOOL - 518218.
ANDHRA PRADESH",KURNOOL,Private-Self Financing,Y,N,1-4255774,fetchdata,2020-2021,Engineering and Technology,1,1,1,1,Andhra Pradesh,1
1-7004821423,VIGNAN'S INSTITUTE OF ENGINEERING FOR WOME,"KAPU JAGGARAJUPETA, VADLAPUDI POST, GAJUWAKA, VISAKHAPATNAM - 530 046",VISHAKHAPATNAM,Private-Self Financing,Y,N,1-5843821,fetchdata,2020-2021,Engineering and Technology,1,1,1,1,Andhra Pradesh,1
1-7004978063,"GOVERNMENT POLYTECHNIC, URAVAKONDA","SURVEY NO: 173, CHINNA MUSTUR VILLAGE,URAVAKONDA MANDAL,ANANTAPURAMU ROAD,ANANTAPURAMU DIST",ANANTAPUR,Government,N,N,1-467341191,fetchdata,2020-2021,Engineering and Technology,1,1,1,1,Andhra Pradesh,1
1-7005047979,SRI VASAVI INSTITUTE OF ENGINEERING & TECHNOLOGY,"NANDAMURU
PEDANA MANADAL 
KRISHNA DISTRICT
ANDHRAPRADESH-521369",KRISHNA,Private-Self Financing,N,N,1-4279961,fetchdata,2020-2021,Engineering and Technology,1,1,1,1,Andhra Pradesh,1
1-7005084902,JNTUA COLLEGE OF ENGINEERING KALIKIRI,MADANAPALLE ROAD,CHITTOOR,Government,N,N,1-3348023079,fetchdata,2020-2021,Engineering and Technology,1,1,1,1,Andhra Pradesh,1
1-7004745524,MADANAPALLE INSTITUTE OF TECHNOLOGY & SCIENCE,"10TH KM., ANGALLU (V), NH - 205,
KURABALAKOTA (M),
MADANAPALLE - ANANTAPUR ROAD,",CHITTOOR,Private-Self Financing,N,N,1-7603741,fetchdata,2020-2021,Engineering and Technology,1,1,1,1,Andhra Pradesh,1
1-7004822836,GOVERNMENT POLYTECHNIC,"GOVT.POLYTECHNIC,S.YERRABALLI,OPP:AKEPADU CROSS ROAD,RAJAMPETA",YSR DISTRICT,Government,N,N,1-451882421,fetchdata,2020-2021,Engineering and Technology,1,1,1,1,Andhra Pradesh,1
1-7005051764,R.K. COLLEGE OF ENGINEERING,"R.S.NO.52,53 ,NAVEPOTAVARAM VILLAGE,KETHANA KONDA,IBRAHIMPATNAM 521456,VIJAYAWADA,A.P.",KRISHNA,Private-Self Financing,N,N,1-9752331,fetchdata,2020-2021,Engineering and Technology,1,1,1,1,Andhra Pradesh,1
1-7005054014,AL- HUDA POLYTECHNIC,"YALAMAVARIDINNE
VIA CHILDERNS PARK ROAD
NEAR CHINTHAREDDY PALEM
NELLORE",NELLORE,Private-Self Financing,N,Y,1-445465531,fetchdata,2020-2021,Engineering and Technology,1,1,1,1,Andhra Pradesh,1
1-7005171619,VAAGDEVI INSTITUTE OF TECHNOLOGY & SCIENCE,"PEDDASETTIPALLY(VILLAGE)
PRODDATUR(MANDAL)
CUDDAPAH(DT)
ANDHRA PRADESH- 516 360",YSR DISTRICT,Private-Self Financing,N,N,1-2020098,fetchdata,2020-2021,Engineering and Technology,1,1,1,1,Andhra Pradesh,1
1-7005172332,"SPATIAL INFORMATION TECHNOLOGY,IST,JNTUK","JNTUK,KAKINADA",EAST GODAVARI,Government,N,N,1-515086231,fetchdata,2020-2021,Engineering and Technology,1,1,1,1,Andhra Pradesh,1
1-7004824173,SRI G PULLA REDDY GOVERNMENT POLYTECHNIC,"B. THANDRAPADU,
KURNOOL-518002",KURNOOL,Government,N,N,1-454450051,fetchdata,2020-2021,Engineering and Technology,1,1,1,1,Andhra Pradesh,1
1-7004865246,AMALAPURAM INSTITUTE OF MANAGEMENT SCIENCES & COLLEGE OF ENGINEERING.,"NH-214 ROAD,
MUMMIDIVARAM,
EAST GODAVARI DIST,
ANDHRA PRADESH,
PIN-533216.",EAST GODAVARI,Private-Self Financing,N,N,1-3967731,fetchdata,2020-2021,Engineering and Technology,1,1,1,1,Andhra Pradesh,1
1-7005055735,ALWARDAS POLYTECHNIC,"124 PART, VEPAGUNTA, RRVPURAM, GOPALAPATNAM, VISAKHAPATNAM",VISAKHAPATNAM,Private-Self Financing,N,N,1-3354226101,fetchdata,2020-2021,Engineering and Technology,1,1,1,1,Andhra Pradesh,1
1-7004828060,GOVERNMENT POLYTECHNIC FOR MINORITIES,"B-THANDRAPADU
KURNOOL-2",KURNOOL,Government,N,Y,1-456876091,fetchdata,2020-2021,Engineering and Technology,1,1,1,1,Andhra Pradesh,1
1-7004984303,YALAMARTY COLLEGE OF POLYTECHNIC,"YALAMARTY NAGAR, TARULAVADA, ANANDAPURAM , VISAKHAPATNAM.",VISHAKHAPATNAM,Private-Self Financing,N,N,1-475432291,fetchdata,2020-2021,Engineering and Technology,1,1,1,1,Andhra Pradesh,1
1-7005019683,SRI KRISHNADEVARAYA UNIVERSITY COLLEGE OF ENGINEERING AND TECHNOLOGY,"SRI KRISHNADEVARAYA UNIVERSITY
S V PURAM",ANANTAPUR,State Government University,N,N,1-1475767801,fetchdata,2020-2021,Engineering and Technology,1,1,1,1,Andhra Pradesh,1
1-7005134961,KRISHNAVENI ENGINEERING COLLEGE FOR WOMEN,"VILLAGE 	KESANUPALLI
TALUK 	NARASARAOPET
DISTRICT 	GUNTUR
STATE	ANDHRA PRADESH
PIN CODE	522 601",GUNTUR,Private-Self Financing,Y,N,1-9276495,fetchdata,2020-2021,Engineering and Technology,1,1,1,1,Andhra Pradesh,1
1-7004984667,PALADUGU PARVATHI DEVI COLLEGE OF ENGINEERING AND TECHNOLOGY,"SURAMPALLI VILLAGE
VIA NUNNA
VIJAYAWADA RURAL
KRISHNA DISTRICT - 521212
ANDHRA PRADESH",KRISHNA,Private-Self Financing,N,N,1-4249202,fetchdata,2020-2021,Engineering and Technology,1,1,1,1,Andhra Pradesh,1
1-7005137157,ANANTHA LAKSHMI INSTITUTE OF TECHNOLOGY & SCIENCES,"ITIKAKAPALLI 
NEAR SK UNIVERSITY
ITIKALAPALLI,
ANANTAPUR",ANANTAPUR,Private-Self Financing,N,N,1-3643041,fetchdata,2020-2021,Engineering and Technology,1,1,1,1,Andhra Pradesh,1
1-7004696202,RGUKT SRIKAKULAM,"SM PURAM, ETCHERLA (M), SRIKAKULAM DISTRICT, ANDHRA PRADESH-532402",SRIKAKULAM,Government,N,N,1-4642502088,fetchdata,2020-2021,Engineering and Technology,1,1,1,1,Andhra Pradesh,1
1-7004757914,"GOVERNMENT POLYTECHNIC, GUMMALAXMIPURAM","TAKARAKHANCI (VILLAGE), KURUPAM (MANDAL), GUMMALAXMIPURAM",VIZIANAGARAM,Government,N,N,1-1595021081,fetchdata,2020-2021,Engineering and Technology,1,1,1,1,Andhra Pradesh,1
1-7004829790,VASIREDDY VENKATADRI INSTITUTE OF TECHNOLOGY,"NAMBUR(V), PEDAKAKANI(M), GUNTUR-522508",GUNTUR,Private-Self Financing,N,N,1-5864731,fetchdata,2020-2021,Engineering and Technology,1,1,1,1,Andhra Pradesh,1
1-7004832236,SAIGANAPATHI ENGINEERING COLLEGE,"GIDIJALA VILLAGE,
ANANDAPURAM MANDAL,
VISAKHAPATNAM DISTRICT,
PIN-531173",VISHAKHAPATNAM,Private-Self Financing,N,N,1-3419951,fetchdata,2020-2021,Engineering and Technology,1,1,1,1,Andhra Pradesh,1
1-7004948345,"PRIYADARSHINI COLLEGE OF ENGINEERING, SULLURPET-524121","AKKAMPETA
SULLURPETA-524121
SPSR NELLORE DIST.
ANDHRA PRADESH.",NELLORE,Private-Self Financing,N,N,1-20371281,fetchdata,2020-2021,Engineering and Technology,1,1,1,1,Andhra Pradesh,1
1-7005141279,ANDHRA LOYOLA INSTITUTE OF ENGINEERING AND TECHNOLOGY,"GOVERNMENT POLYTECHNIC POST OFFICE,
VIJAYAWADA-520008,
KRISHNA DISTRICT,
ANDHRA PRADESH",KRISHNA,Private-Self Financing,N,N,1-4663161,fetchdata,2020-2021,Engineering and Technology,1,1,1,1,Andhra Pradesh,1
1-7004762410,GOVERNMENT POLYTECHNIC,"ZPH SCHOOL CAMPUS 
KALIDINDI",KRISHNA,Government,N,N,1-474178841,fetchdata,2020-2021,Engineering and Technology,1,1,1,1,Andhra Pradesh,1
1-7004949436,VISHNU INSTITUTE OF TECHNOLOGY,"VISHNUPUR,
BHIMAVARAM-534202.
W.G.DIST.
ANDHRA PRADESH",WEST GODAVARI,Private-Self Financing,N,N,1-3592461,fetchdata,2020-2021,Engineering and Technology,1,1,1,1,Andhra Pradesh,1
1-7004951462,PACE INSTITUTE OF TECHNOLOGY AND SCIENCES,"NH5, NEAR VALLURAMMA TEMPLE, VALLURU-523272, TANGUTUR(M), PRAKASAM DIST, ANDHRA PRADESH",PRAKASAM,Private-Self Financing,N,N,1-4290161,fetchdata,2020-2021,Engineering and Technology,1,1,1,1,Andhra Pradesh,1
1-7005143840,THANDRA PAPARAYA INSTITUTE OF SCIENCE AND TECHNOLOGY,"THANDRA PAPARAYA INSTITUTE OF SCIENCE AND TECHNOLOGY
KOMATIPALLI ( V ),
BOBBILI ( M ),
VIZIANAGARAM ( DIST.)
ANDHRA PRADESH",VIZIANAGARAM,Private-Self Financing,N,N,1-10389501,fetchdata,2020-2021,Engineering and Technology,1,1,1,1,Andhra Pradesh,1
1-7005145858,VEMU INSTITUTE OF TECHNOLOGY,"P.KOTHAKOTA, (NEAR PAKALA)
PUTHALAPATTU MANDAL
CHITTOOR DISTRICT
ANDHRA PRADESH
PIN-517 112",CHITTOOR,Private-Self Financing,N,N,1-8725091,fetchdata,2020-2021,Engineering and Technology,1,1,1,1,Andhra Pradesh,1
1-7004671312,SAI RANGA POLYTECHNIC,"POTHANAPALLI VILLAGE, S.KOTA MANDAL, VIZIANAGARAM",VIZIANAGARAM,Private-Self Financing,N,N,1-4290333115,fetchdata,2020-2021,Engineering and Technology,1,1,1,1,Andhra Pradesh,1
1-7004916373,GOVERNMENT POLYTECHNIC,"GOVERNMENT POLYTECHNIC, KADIRI, KUTAGULLA, PULIVENDULA ROAD, KADIRI.515541",ANANTAPUR,Government,N,N,1-483406591,fetchdata,2020-2021,Engineering and Technology,1,1,1,1,Andhra Pradesh,1
1-7004916554,SHRI SHIRDI SAI INSTITUTE OF SCIENCE AND ENGINEERING,"#2-383, WARD NO. 10,VADIYAMPETA(POST),
PODARALLA (VILLAGE), BUKKARAYASAMUDRAM (M),
ANANTAPUR - 515731.`
ANDHRA PRADESH.",ANANTAPUR,Private-Self Financing,N,N,1-6038961,fetchdata,2020-2021,Engineering and Technology,1,1,1,1,Andhra Pradesh,1
1-7004955647,SIMHADHRI EDUCATIONAL SOCIETY GROUP OF INSTITUTIONS,"NARAPADU(V)  AMMULUAPALEM(PO)
SABBAVARAM(MANDAL)
VISAKHAPATNAM(DT)",VISHAKHAPATNAM,Private-Self Financing,N,N,1-14266274,fetchdata,2020-2021,Engineering and Technology,1,1,1,1,Andhra Pradesh,1
1-7004956085,GOVERNMENT POLYTECHNIC,GUJARATHI PETA,SRIKAKULAM,Government,N,N,1-454375261,fetchdata,2020-2021,Engineering and Technology,1,1,1,1,Andhra Pradesh,1
1-7005101831,A.K.R.G. COLLEGE OF ENGINEERING & TECHNOLOGY,"NALLAJERLA
WEST GODAVARI DIST
ANDHRA PRADESH",WEST GODAVARI,Private-Self Financing,N,N,1-5399421,fetchdata,2020-2021,Engineering and Technology,1,1,1,1,Andhra Pradesh,1
1-7005147043,BENAIAH INSTITUTE OF TECHNOLOGY & SCIENCE,"BURUGUPUDI KORUKONDA MANDAL, RAJAHMMUNDRY, EAST GODAVARI DISTRICT",EAST GODAVARI,Private-Self Financing,N,Y,1-2081616171,fetchdata,2020-2021,Engineering and Technology,1,1,1,1,Andhra Pradesh,1
1-7005187415,BENAIAH INSTITUTE OF TECHNOLOGY & SCIENCES,"CHRIST VIDHYA NAGAR,
BURUGUPUDI,
KORUKONDA MANDAL,E.G.DT.,",EAST GODAVARI,Private-Self Financing,N,Y,1-522877031,fetchdata,2020-2021,Engineering and Technology,1,1,1,1,Andhra Pradesh,1
1-7004701335,VIJAYA INSTITUTE OF TECHNOLOGY FOR WOMEN,"ENIKEPADU
VIJAYAWADA",KRISHNA,Private-Self Financing,Y,N,1-11965891,fetchdata,2020-2021,Engineering and Technology,1,1,1,1,Andhra Pradesh,1
1-7008849518,RISE KRISHNA SAI POLYTECHNIC COLLEGE,"VALLUR,
TANGUTUR (MANDAL)
NH-16,
ONGOLE",PRAKASAM,Private-Self Financing,N,N,1-2485132121,fetchdata,2020-2021,Engineering and Technology,1,1,1,1,Andhra Pradesh,1
1-7009089306,NEWTON'S INSTITUTE OF SCIENCE & TECHNOLOGY,ALUGURAJU PALLY VILLAGE KOPPUNORU POST MACHERLA MD,GUNTUR,Private-Self Financing,N,N,1-12974863,fetchdata,2020-2021,Engineering and Technology,1,1,1,1,Andhra Pradesh,1
1-7009217485,ANU COLLEGE OF ENGINEERING AND TECHNOLOGY,"NAGARJUNA NAGAR,GUNTUR-522510",GUNTUR,Government,N,N,1-4579354,fetchdata,2020-2021,Engineering and Technology,1,1,1,1,Andhra Pradesh,1
1-7009340562,GOVERNMENT POLYTECHNIC FOR MINORITIES,NALLAPADU,GUNTUR,Government,N,Y,1-456682113,fetchdata,2020-2021,Engineering and Technology,1,1,1,1,Andhra Pradesh,1
1-7009099315,SVR ENGINEERING COLLEGE,"AYYALUR (V)
NANDYAL (M)
KURNOOL (DIST) 
PIN:  518 502
ANDHRA PRADESH",KURNOOL,Private-Self Financing,N,N,1-7279151,fetchdata,2020-2021,Engineering and Technology,1,1,1,1,Andhra Pradesh,1
1-7009224126,PRAGATHI POLYTECHINIC COLLEGE,"S.34,  KOTHAVALSA VILLAGE, 
ARDHANNAPALAM RENINEW
KOTHAVALASA 
ALAM
VIZIANAGARAM DIST
ANDHRA PRADESH 
INDIA - 535183",VIZIANAGARAM,Private-Self Financing,N,N,1-2080793071,fetchdata,2020-2021,Engineering and Technology,1,1,1,1,Andhra Pradesh,1
1-7009112968,AUDISANKARA COLLEGE OF ENGINEERING FOR WOMEN,"NH-5, 
BYPASS ROAD,
GUDUR,
NELLORE DISTRICT
A.P.",NELLORE,Private-Self Financing,Y,N,1-4773481,fetchdata,2020-2021,Engineering and Technology,1,1,1,1,Andhra Pradesh,1
1-7009613163,SRI SUNFLOWER COLLEGE OF ENGINEERING & TECHNOLOGY,"LANKAPALLI-521 131
GHANTASALA MANDAL
KRISHNA DISTRICT
ANDHRA PRADESH
INDIA",KRISHNA,Private-Self Financing,N,N,1-2056521,fetchdata,2020-2021,Engineering and Technology,1,1,1,1,Andhra Pradesh,1
1-7009622720,S.R.K.INSTITUTE OF TECHNOLOGY,"3-41,ENIKEPADU, VIJAYAWADA",KRISHNA,Private-Self Financing,N,N,1-3585751,fetchdata,2020-2021,Engineering and Technology,1,1,1,1,Andhra Pradesh,1
1-7008989225,GOVERNMENT POLYTECHNIC,"TILAK NAGAR,
GUDUR -524101
SPSR NELLORE(DIST)",NELLORE,Government,N,N,1-457263301,fetchdata,2020-2021,Engineering and Technology,1,1,1,1,Andhra Pradesh,1
1-7009634332,D A GOVERNEMENT POLYTECHNIC,HOUSING BOARD COLONY,PRAKASAM,Government,N,N,1-449823531,fetchdata,2020-2021,Engineering and Technology,1,1,1,1,Andhra Pradesh,1
1-7009637757,GOUTHAMI INSTITUTE OF TECHNOLOGY & MANAGEMENT FOR WOMEN,"SAI NAGAR, PEDDASETTYPALLE(V),
PRODDATUR(M), KADAPA(DT),
ANDHRA PRADESH - 516361",YSR DISTRICT,Private-Self Financing,Y,N,1-6227996,fetchdata,2020-2021,Engineering and Technology,1,1,1,1,Andhra Pradesh,1
1-7008991619,GOVERNMENT MODEL RESIDENTIAL POLYTECHNIC,NIMMANAPALLE ROAD,CHITTOOR,Government,N,N,1-465653481,fetchdata,2020-2021,Engineering and Technology,1,1,1,1,Andhra Pradesh,1
1-7008992821,ESWAR COLLEGE OF ENGINEERING,"ESWAR COLLEGE OF ENGINEERING
KESANUPALLY(V), NARASARAOPET(M), GUNTUR(DIST)-522601, ANDHRA PRADESH, INDIA",GUNTUR,Private-Self Financing,N,N,1-2614741,fetchdata,2020-2021,Engineering and Technology,1,1,1,1,Andhra Pradesh,1
1-7008997774,GMR INSTITUTE OF TECHNOLOGY,"GMR NAGAR
RAJAM
SRIKAKULAM DISTRICT",SRIKAKULAM,Private-Self Financing,N,N,1-2609821,fetchdata,2020-2021,Engineering and Technology,1,1,1,1,Andhra Pradesh,1
1-7009134399,GOVERNMENT POLYTECHNIC,"GOVT. POLYTECHNIC, NEAR DANNANAPETA VILLAGE, MUNAGAVALASA PANCHAYAT, AMADALAVALASA 532185",SRIKAKULAM,Government,N,N,1-456702831,fetchdata,2020-2021,Engineering and Technology,1,1,1,1,Andhra Pradesh,1
1-7009506430,GONNA INSTITUTE OF INFORMATION TECHNOLOGY AND SCIENCES,"WARD NO:-56, GONNAVANI PALEM, AGANAMPUDI,  VISAKHAPATNAM.",VISHAKHAPATNAM,Private-Self Financing,N,N,1-6055691,fetchdata,2020-2021,Engineering and Technology,1,1,1,1,Andhra Pradesh,1
1-7008885151,GOVERNMENT POLYTECHNIC,"GOVERMENT POLYTECHNIC
DEGREE COLLAGE PREMISES
RAMIREDDY PALLY ROAD
JAMMALAMADUGU",YSR DISTRICT,Government,N,N,1-456899381,fetchdata,2020-2021,Engineering and Technology,1,1,1,1,Andhra Pradesh,1
1-7009007897,PRASIDDHA COLLEGE OF ENGINEERING & TECHNOLOGY,"ANATHAVARAM (V),
AMALAPURAM - 533 222,
EAST GODAVARI DIST,
ANDHRA PRADESH.",EAST GODAVARI,Private-Self Financing,N,N,1-4645651,fetchdata,2020-2021,Engineering and Technology,1,1,1,1,Andhra Pradesh,1
1-7009513626,DIVISEEMA POLYTECHNIC,"1-185-1
RAMACHANDRA PURAM",KRISHNA,Private-Self Financing,N,N,1-455262197,fetchdata,2020-2021,Engineering and Technology,1,1,1,1,Andhra Pradesh,1
1-7009517284,SESHACHALA INSTITUTE OF ENGINEERING & TECHNOLOGY,"SVS NAGAR,
VADAMALA VILLAGE,
VADAMALAPETA,
TIRUPATI.",CHITTOOR,Private-Self Financing,N,N,1-440116001,fetchdata,2020-2021,Engineering and Technology,1,1,1,1,Andhra Pradesh,1
1-7009520588,GOVERNMENT POLYTECNIC,"GOVERNMENT POLYTECHNIC, RAYACHOTY,
NEAR RING ROAD, MASAPETA, RAYACHOTY, KADAPA DISTRICT,
ANDHRAPRADESH,
PIN CODE: 516270",YSR DISTRICT,Government,N,N,1-499418321,fetchdata,2020-2021,Engineering and Technology,1,1,1,1,Andhra Pradesh,1
1-7009648348,GIET ENGINEERING COLLEGE,"NH-5, CHAITANYA KNOWLEDGE CITY, VELUGUBANDA (V), RAJANAGARAM (M), RAJAHMUNDRY-533296.",EAST GODAVARI,Private-Self Financing,N,N,1-4272281,fetchdata,2020-2021,Engineering and Technology,1,1,1,1,Andhra Pradesh,1
1-7008890714,GOVERNMENT MODEL RESIDENTIAL POLYTECHNIC,"WESTERN COLONY
SUNNIPENTA",KURNOOL,Government,N,N,1-453225941,fetchdata,2020-2021,Engineering and Technology,1,1,1,1,Andhra Pradesh,1
1-7008892026,GAYATRI VIDYA PARISHAD COLLEGE FOR DEGREE AND PG COURSES,"YENDADA VILLAGE, RUSHIKONDA,VISAKHAPATNAM - 530 045",VISHAKHAPATNAM,Private-Self Financing,N,N,1-5025246,fetchdata,2020-2021,Engineering and Technology,1,1,1,1,Andhra Pradesh,1
1-7008895656,GANDHIJI INSTITUTE OF SCIENCE AND TECHNOLOGY,"NEAR KONGARAMALLAIGH GATTU,
OPP-RELIANCE PETROL BUNK,
GATTU BHIMAVARAM (VILLAGE),
VATSAVAI ( MANDAL),
KRISHNA DISTRICT,
ANDHRA PRADESH,
PIN-521 178.",KRISHNA,Private-Self Financing,N,N,1-10271391,fetchdata,2020-2021,Engineering and Technology,1,1,1,1,Andhra Pradesh,1
1-7009148847,DR.K.V.SUBBA REDDY INSTITUTE OF TECHNOLOGY,"DR.K.V.SUBBA REDDY INSTITUTE OF TECHNOLOGY
OPP.DUPADU (RAILWAY STATION),
N.H. - 7,
LAKSHMIPURAM(POST)
KURNOOL - 518218.
ANDHRA PRADESH (STATE)",KURNOOL,Private-Self Financing,N,N,1-3975664,fetchdata,2020-2021,Engineering and Technology,1,1,1,1,Andhra Pradesh,1
1-7009391175,KALLAM HARANADHAREDDY INSTITUTE OF TECHNOLOGY,"BEHIND KALLAM SPINNING MILLS LIMITED
N.H.5,CHOWDAVARAM",GUNTUR,Private-Self Financing,N,N,1-8213321,fetchdata,2020-2021,Engineering and Technology,1,1,1,1,Andhra Pradesh,1
1-7009655656,CHALAPATHI INSTITUTE OF TECHNOLOGY,"A.R. NAGAR, MOTHADAKA, GUNTUR",GUNTUR,Private-Self Financing,N,N,1-4822221,fetchdata,2020-2021,Engineering and Technology,1,1,1,1,Andhra Pradesh,1
1-7008900567,SREE MULLAPUDI VENKATARAYA MEMORIAL POLYTECHNIC,"35-1-5, R.P.ROAD,
TIMMARAJUPURAM
TANUKU-534211
WEST GODAVARY DISTRICT
A.P.",WEST GODAVARI,Govt aided,N,N,1-457658221,fetchdata,2020-2021,Engineering and Technology,1,1,1,1,Andhra Pradesh,1
1-7009022257,JNTUA COLLEGE OF ENGINEERING PULIVENDULA,MUDDANURU ROAD,YSR DISTRICT,Government,N,N,1-473911691,fetchdata,2020-2021,Engineering and Technology,1,1,1,1,Andhra Pradesh,1
1-7009401971,PRIYADARSHINI COLLEGE OF ENGINEERING & TECHNOLOGY,"KANUPARTHIPADU
NELLORE - 524004
SPSR  NELLORE(DIST.)",NELLORE,Private-Self Financing,N,N,1-2396524,fetchdata,2020-2021,Engineering and Technology,1,1,1,1,Andhra Pradesh,1
1-7009035712,SATYA SREE PARIMALA POLYTECHNIC,"KONDAGUNTURU
VILLAGE
RAJAHMUNDRY- BOMMURU-KONDAGUNTURU ROAD, RAJANAGARAM MANDAL, EAST GODAVARI DISTRICT, PIN- 533124, ANDHRA PRADESH",EAST GODAVARI,Private-Self Financing,N,N,1-705015511,fetchdata,2020-2021,Engineering and Technology,1,1,1,1,Andhra Pradesh,1
1-7009411234,P.V.K.K. INSTITUTE OF TECHNOLOGY,"RUDRAMPETA, SANAPA ROAD,ANANTAPUR,A P.",ANANTAPUR,Private-Self Financing,N,N,1-42546281,fetchdata,2020-2021,Engineering and Technology,1,1,1,1,Andhra Pradesh,1
1-7009541289,RAMACHANDRA COLLEGE OF ENGINEERING,"NH-5 BYPASS ROAD,
VATLURU (V), ELURU-534007,
WEST GODAVARI DT.,
ANDHRA PRADESH.",WEST GODAVARI,Private-Self Financing,N,N,1-4331343,fetchdata,2020-2021,Engineering and Technology,1,1,1,1,Andhra Pradesh,1
1-7008794412,"JNTUK UNIVERSITY COLLEGE OF ENGINEERING,VIZIANAGARAM","JNTUK UNIVERSITY COLLEGE OF ENGINEERING,VIZIANAGARM,
DWARAPUDI (POST)
GOTLAM(VILLAGE)
VIZIANAGARAM-535003",VIZIANAGARAM,Government,N,N,1-2183632981,fetchdata,2020-2021,Engineering and Technology,1,1,1,1,Andhra Pradesh,1
1-7008912754,SCHOOL OF FOOD TECHNOLOGY,JNTUK KAKINADA,EAST GODAVARI,Government,N,N,1-514934923,fetchdata,2020-2021,Engineering and Technology,1,1,1,1,Andhra Pradesh,1
1-7009550030,ARIES POLYTECHNIC COLLEGE,"1-123 B.N.R.PETA
CHITTOOR- TIRUTTANI ROAD",CHITTOOR,Private-Self Financing,N,N,1-402988081,fetchdata,2020-2021,Engineering and Technology,1,1,1,1,Andhra Pradesh,1
1-7506224784,MALINENI PERUMALLU EDUCATIONAL SOCIETY'S GROUP OF INSTITUTIONS(INTEGRATED CAMPUS),"PULLADIGUNTA (V), VATTICHERUKURU (MD), GUNTUR (DT) - 522017",GUNTUR,Private-Self Financing,N,N,1-5083966,fetchdata,2020-2021,Engineering and Technology,1,1,1,1,Andhra Pradesh,1
1-7009430201,GEETHANJALI COLLEGE OF ENGINEERING & TECHNOLOGY,"NH-18,
NANNUR(V)
ORVAKAL(M),
KURNOOL(DT)
518002.",KURNOOL,Private-Self Financing,N,N,1-8637024,fetchdata,2020-2021,Engineering and Technology,1,1,1,1,Andhra Pradesh,1
1-7009551377,CHAITANYA BHARATHI INSTITUTE OF TECHNOLOGY,"VIDYANAGAR, PALLAVOLU VILLAGE, PRODDATUR,
CHAPADU MANDAL, Y S R DISTRICT DISTRICT",YSR DISTRICT,Private-Self Financing,N,N,1-4240341,fetchdata,2020-2021,Engineering and Technology,1,1,1,1,Andhra Pradesh,1
1-7009557227,GOVERNMENT POLYTECHNIC,"AYYANNAPALEM
VIA K D PETA ROAD",VISHAKHAPATNAM,Government,N,N,1-450134121,fetchdata,2020-2021,Engineering and Technology,1,1,1,1,Andhra Pradesh,1
1-7009559696,LOYOLA POLYTECHNIC (YSRR),"BAKARAPURAM,
LOYOLA COLLEGE COMPOUND,
PULIVENDLA - 516390
YSR DIST.
ANDHRA PRADESH",YSR DISTRICT,Private-Self Financing,N,Y,1-449929001,fetchdata,2020-2021,Engineering and Technology,1,1,1,1,Andhra Pradesh,1
1-7008812939,V.S.LAKSHMI ENGINEERING COLLEGE FOR WOMEN,"N.H-214,MATLAPALEM,G.VEMAVARAM(V)
TALLAREVU(M)
EAST GODAVARI",EAST GODAVARI,Private-Self Financing,Y,N,1-4466710,fetchdata,2020-2021,Engineering and Technology,1,1,1,1,Andhra Pradesh,1
1-7008817642,MAHARAJA ANANDA GAJAPATHI RAJU GOVERNMENT POLYTECHNIC,"PHOOLBAUGH COLONY
NELLIMARLA ROAD",VIZIANAGARAM,Government,N,N,1-454435501,fetchdata,2020-2021,Engineering and Technology,1,1,1,1,Andhra Pradesh,1
1-7009305820,SRI SARATHI INSTITUTE OF ENGINEERING & TECHNOOLOGY,"DR. NO:2-78-10A,
NEAR MDO OFFICE,
NUZVID - 521201
KRISHNA DIST., ANDHRA PRADESH.",KRISHNA,Private-Self Financing,N,N,1-4828311,fetchdata,2020-2021,Engineering and Technology,1,1,1,1,Andhra Pradesh,1
1-7009563294,RGUKT- RK VALLEY,"IDUPULAPAYA,VEMPALLI MANDALAM,
KADAPA DISTRICT,
ANDHRA PRADESH
HEAD OFFICE: RGUKT VINDHYA C-4, IIIT-H CAMPUS, GACHIBOWLI, HYDERABAD.",YSR DISTRICT,State Government University,N,N,1-853566191,fetchdata,2020-2021,Engineering and Technology,1,1,1,1,Andhra Pradesh,1
1-7008829677,"SRI VENKATESWARA INSTITUTE OF SCIENCE AND TECHNOLOGY,SVVT","SRI RAGHAVENDRA INSTITUTE OF SCIENCE AND TECHNOLOGY
KAVALI-UDAYAGIRI ROAD
VINJAMUR(POST&MANDAL)
SPSR NELLORE(DIST)
ANDHRAPRADESH-524228",NELLORE,Private-Self Financing,N,N,1-4391451,fetchdata,2020-2021,Engineering and Technology,1,1,1,1,Andhra Pradesh,1
1-7009452763,THANDRA PAPARAYA POLYTECHNIC,"KOMATIPALLI (V)
BOBBILI (MD)
VIZIANAGARAM-DT",VIZIANAGARAM,Private-Self Financing,N,N,1-455824501,fetchdata,2020-2021,Engineering and Technology,1,1,1,1,Andhra Pradesh,1
1-7008834362,GOKULA KRISHNA COLLEGE OF ENGINEERING,"BEHIND RTC DEPOT
SULLURUPETA
NELLORE DISTRICT
ANDHRA PRADESH - 524 121",NELLORE,Private-Self Financing,N,N,1-7092659,fetchdata,2020-2021,Engineering and Technology,1,1,1,1,Andhra Pradesh,1
1-7010304103,"WELLFARE INSTITUTE OF SCIENCE, TECHNOLOGY AND MANAGEMENT","PINAGADI (V),
PENDURTHY(M),
VISAKHAPATNAM-531173.
ANDHRA PRADESH.",VISHAKHAPATNAM,Private-Self Financing,N,N,1-13323323,fetchdata,2020-2021,Engineering and Technology,1,1,1,1,Andhra Pradesh,1
1-7008840490,SCHOOL OF BIOTECHNOLOGY,INSTITUTE OF SCIENCE AND TECHNOLOGY.JAWARHARLAL NEHRU TECHNOLOGICAL UNIVERSITY(JNTUK) KAKINADA-533003,EAST GODAVARI,Government,N,N,1-515068561,fetchdata,2020-2021,Engineering and Technology,1,1,1,1,Andhra Pradesh,1
1-7008843965,NUZVID POLYTECHNIC,"VENKATADRIPURAM
ANNAVARAM (POST)
NUZVID",KRISHNA,Private-Self Financing,N,N,1-447985891,fetchdata,2020-2021,Engineering and Technology,1,1,1,1,Andhra Pradesh,1
1-7009208988,CHEBROLU ENGINEERING COLLEGE,"CHEBROLU ENGINEERING COLLEGE
NEAR POWER STATION
CHEBROLU(P.O & MANDEL)
GUNTUR(DT)",GUNTUR,Private-Self Financing,N,N,1-4187241,fetchdata,2020-2021,Engineering and Technology,1,1,1,1,Andhra Pradesh,1
1-7009463760,"SMT. SATRUCHARLA SASIKALA DEVI GOVERNMENT POLYTECHNIC, CHINAMERANGI","GOVERNMENT POLYTECHNIC CHINAMERANGI,JIYAMMAVALASA MANDAL",VIZIANAGARAM,Government,N,N,1-805954011,fetchdata,2020-2021,Engineering and Technology,1,1,1,1,Andhra Pradesh,1
1-7009966678,GOVERNMENT POLYTECHNIC FOR WOMEN,M B T ROAD,CHITTOOR,Government,Y,N,1-454809251,fetchdata,2020-2021,Engineering and Technology,1,1,1,1,Andhra Pradesh,1
1-7006248933,SRI ANNAMACHARYA INSTITUTE OF TECHNOLOGY AND SCIENCE,"NEW BOYANAPALLI,
RAJAMPET,",YSR DISTRICT,Private-Self Financing,N,N,1-6842066,fetchdata,2020-2021,Engineering and Technology,1,1,1,1,Andhra Pradesh,1
1-7005514772,PRIYADARSHINI INSTITUTUE OF TECHNOLOGY,"KANUPARTHIPADU, NELLORE - 524 002
ANDHRA PRADESH",NELLORE,Private-Self Financing,N,N,1-6106961,fetchdata,2020-2021,Engineering and Technology,1,1,1,1,Andhra Pradesh,1
1-7005519289,GUNTUR ENGINEERING COLLEGE,"OPP. KATURI MEDICAL COLLEGE,
NH - 5, 
YANAMADALA, 
GUNTUR - 522019",GUNTUR,Private-Self Financing,N,N,1-4418451,fetchdata,2020-2021,Engineering and Technology,1,1,1,1,Andhra Pradesh,1
1-7005684389,"GOVERNMENT POLYTECHNIC,KAVALI,NELLORE DIST ANDHRAPRADESH","GOVERNMENT POLYTECHNIC,KAVALI
RUDRAKOTA (VILLAGE)
KAVALI (MANDAL)
SPSR NELLORE (DISTRICT)
PIN 524203
ANDHRA PRADESH",NELLORE,Government,N,N,1-455276361,fetchdata,2020-2021,Engineering and Technology,1,1,1,1,Andhra Pradesh,1
1-7005813125,NEWTON'S INSTITUTE OF ENGINEERING,ALUGURAJU PALLY VILLAGE KOPPUNORU POST MACHERLA GUNTUR DT,GUNTUR,Private-Self Financing,N,N,1-9851031,fetchdata,2020-2021,Engineering and Technology,1,1,1,1,Andhra Pradesh,1
1-7003988997,B V C COLLEGE OF ENGINEERING,"PALACHERLA VILLAGE,
RAJANAGARAM MANDAL,
EAST GODAVARI DISTRICT
ANDHRA PRADESH
533104",EAST GODAVARI,Private-Self Financing,N,N,1-11068223,fetchdata,2020-2021,Engineering and Technology,1,1,1,1,Andhra Pradesh,1
1-7003989640,NOVA'S INSTITUTE OF TECHNOLOGY,"N.H.-5, BYE PASS ROAD
TANGELLAMUDI VILLAGE
ELURU MANDAL
WEST GODAVARI DISTRCIT
ANDHRA PRADSEH
INDIA
PIN:534005",WEST GODAVARI,Private-Self Financing,N,N,1-9742451,fetchdata,2020-2021,Engineering and Technology,1,1,1,1,Andhra Pradesh,1
1-7005815675,GOVERNMENT POLYTECHNIC FOR WOMEN,NARASANNA NAGAR,EAST GODAVARI,Government,Y,N,1-456042871,fetchdata,2020-2021,Engineering and Technology,1,1,1,1,Andhra Pradesh,1
1-7003992550,VIKAS COLLEGE OF ENGINEERING & TECHNOLOGY,"NUNNA VILLAGE & POST,
VIJAYAWADA RURAL MANDAL,
KRISHNA DIST.",KRISHNA,Private-Self Financing,N,N,1-4233034,fetchdata,2020-2021,Engineering and Technology,1,1,1,1,Andhra Pradesh,1
1-7005712061,VASAVI POLYTECHNIC,"KOILAKUNTLA ROAD,
BANAGANAPALLE -518124.
KURNOOL (DT).
A.P",KURNOOL,Private-Self Financing,N,N,1-412330821,fetchdata,2020-2021,Engineering and Technology,1,1,1,1,Andhra Pradesh,1
1-7005825051,GOVERNMENT POLYTECHNIC,"GOVT. BOYS HIGH SCHOOL-I,
ALUR",KURNOOL,Government,N,N,1-474055771,fetchdata,2020-2021,Engineering and Technology,1,1,1,1,Andhra Pradesh,1
1-7005717933,GOVT. POLYTECHNIC,"C/O. DRG GOVT. DEGREE COLLEGE, PENTAPADU",WEST GODAVARI,Government,N,N,1-465548143,fetchdata,2020-2021,Engineering and Technology,1,1,1,1,Andhra Pradesh,1
1-7005718073,"GOVERNMENT POLYTECHNIC, PARVATHIPURAM.","GOVERNMENT POLYTECHNIC,
M R NAGARAM
PARVATHIPURAM
VIZIANAGARAM
ANDHRA PRADESH
PIN 535522",VIZIANAGARAM,Government,N,N,1-456843931,fetchdata,2020-2021,Engineering and Technology,1,1,1,1,Andhra Pradesh,1
1-7005739702,GOVERNMENT POLYTECHNIC FOR WOMEN,"SARASWATHI NAGAR,
DARGAMITTA,
NELLORE",NELLORE,Government,Y,N,1-466095961,fetchdata,2020-2021,Engineering and Technology,1,1,1,1,Andhra Pradesh,1
1-7005742224,SMT. T.K.R. POLYTECHNIC,"SAI NAGAR, GUDIVADA ROAD",KRISHNA,Private-Self Financing,N,N,1-437161311,fetchdata,2020-2021,Engineering and Technology,1,1,1,1,Andhra Pradesh,1
1-7005832583,DR SAMUEL GEORGE INSTITUTE OF ENGINEERING & TECHNOLOGY,"POST BOX NO:9

MARKAPUR(PO & MD)

PRAKASAM(DT)",PRAKASAM,Private-Self Financing,N,N,1-4804114,fetchdata,2020-2021,Engineering and Technology,1,1,1,1,Andhra Pradesh,1
1-7006109031,N.B.K.R.INSTITUTE OF SCIENCE & TECHNOLOGY,"VIDYANAGAR
KOTA MANDAL
SPSR NELLORE DIST.
ANDHRA PRADESH",NELLORE,Private-Self Financing,N,N,1-444182693,fetchdata,2020-2021,Engineering and Technology,1,1,1,1,Andhra Pradesh,1
1-7005745288,VIKAS POLYTECHNIC COLLEGE,PUTRELA ROAD,KRISHNA,Private-Self Financing,N,N,1-424545981,fetchdata,2020-2021,Engineering and Technology,1,1,1,1,Andhra Pradesh,1
1-7006114047,SRI VENKATESWARA COLLEGE OF ENGINEERING & TECHNOLOGY,"NH-5,
MRO OFFICE ROAD,
BESIDE DR.B.R.AMBEDKAR UNIVERSITY
ETCHERLA",SRIKAKULAM,Private-Self Financing,N,N,1-14627816,fetchdata,2020-2021,Engineering and Technology,1,1,1,1,Andhra Pradesh,1
1-7004004946,GOKUL GROUP OF INSTITUTIONS,"PIRIDI - VILLAGE,",VIZIANAGARAM,Private-Self Financing,N,N,1-6621371,fetchdata,2020-2021,Engineering and Technology,1,1,1,1,Andhra Pradesh,1
1-7005649618,"GOVT. POLYTECHNIC,MADAKASIRA,  GOVT. OF A.P","K. GUNDUMALA VILLAGE
MADAKASIRA-515301",ANANTAPUR,Government,N,N,1-454561201,fetchdata,2020-2021,Engineering and Technology,1,1,1,1,Andhra Pradesh,1
1-7005803859,AUDISANKARA COLLEGE OF ENGINEERING & TECHNOLOGY,"NH-5,
BY-PASS ROAD,
GUDUR,
NELLORE DISTRICT,
ANDHRA PRADESH,
PIN:524101",NELLORE,Private-Self Financing,N,N,1-4201911,fetchdata,2020-2021,Engineering and Technology,1,1,1,1,Andhra Pradesh,1
1-7005805168,SESHACHALA POLYTECHNIC COLLEGE,"SVS NAGAR,
SV PURAM VILLAGE,
VADAMALAPET,
TIRUPATI",CHITTOOR,Private-Self Financing,N,N,1-773986211,fetchdata,2020-2021,Engineering and Technology,1,1,1,1,Andhra Pradesh,1
1-7006488354,SIDDHARTH INSTITUTE OF ENGINEERING & TECHNOLOGY,"SIDDHARTH NAGAR
NARAYANAVANAM ROAD
PUTTUR - 517 583
CHITTOOR DIST.
ANDHRA PRADESH",CHITTOOR,Private-Self Financing,N,N,1-22686521,fetchdata,2020-2021,Engineering and Technology,1,1,1,1,Andhra Pradesh,1
1-7005506077,COASTAL INSTITUTE OF TECHNOLOGY AND MANAGEMENT,"NARAPAM(V), VEERABHADRAPURAM(P), KOTTAVALASA(M), VIZIANAGARAM(D)",VIZIANAGARAM,Private-Self Financing,N,N,1-507727571,fetchdata,2020-2021,Engineering and Technology,1,1,1,1,Andhra Pradesh,1
1-7005659665,KAKINADA INSTITUE OF TECHNOLOGICAL SCIENCES,"KAKINADA INSTITUE OF TECHNOLOGICAL SCIENCES
AMBIKAPALLI AGRAHARAM VILLAGE
RAMACHNDRAPURAM MANDAL
EAST GODAVARI DISTRICT",EAST GODAVARI,Private-Self Financing,N,N,1-2736031,fetchdata,2020-2021,Engineering and Technology,1,1,1,1,Andhra Pradesh,1
1-7005669712,GOVERNMENT POLYTECHNIC,NEAR AGARALA VILLAGE CHANDRAGIRI MANDAL CHITTOR DISTRICT,CHITTOOR,Government,N,N,1-456114171,fetchdata,2020-2021,Engineering and Technology,1,1,1,1,Andhra Pradesh,1
1-7005807345,SHREE RAMA EDUCATIONAL SOCIETY GROUP OF INSTITUTIONS,"RAMI REDDY NAGAR,
KARAKAMBADI ROAD,
MANGALAM BO
TIRUPATI URABAN MANDAL
TIRUPATI - 517 507
CHITTOOR DIST. A.P.",CHITTOOR,Private-Self Financing,N,N,1-3134941,fetchdata,2020-2021,Engineering and Technology,1,1,1,1,Andhra Pradesh,1
1-7005808128,"GOVT. POLYTECHNIC FOR WOMEN, HINDUPUR, GOVT. OF A.P","GUDDAM
HINDUPUR
ANANTAPUR DT",ANANTAPUR,Government,Y,N,1-454592681,fetchdata,2020-2021,Engineering and Technology,1,1,1,1,Andhra Pradesh,1
1-7005879112,SAI GANAPATHI POLYTECHNIC,"GIDIJALA VILLAGE, ANANDAPURAM MANDAL, VISAKHAPATNAM DIST.",VISHAKHAPATNAM,Private-Self Financing,N,N,1-456261781,fetchdata,2020-2021,Engineering and Technology,1,1,1,1,Andhra Pradesh,1
1-7003650626,SRI MITTAPALLI COLLEGE OF ENGINEERING,"NH-5, TUMMALAPALEM, GUNTUR - 522 233, A.P",GUNTUR,Private-Self Financing,N,N,1-2514001,fetchdata,2020-2021,Engineering and Technology,1,1,1,1,Andhra Pradesh,1
1-7003707551,AVANTHI'S RESEARCH & TECHNOLOGICAL ACADEMY,"AVANTHI'S RESEARCH & TECHNOLOGICAL ACADEMY
BASAVAPALEM VILLAGE,
BHOGAPURAM MANDALAM,
VIZIANAGARAM DISTRICT.",VIZIANAGARAM,Private-Self Financing,N,N,1-4814144,fetchdata,2020-2021,Engineering and Technology,1,1,1,1,Andhra Pradesh,1
1-7003758707,SIR C R REDDY COLLEGE OF ENGINEERING,"VATLURU
ELURU
WEST GODAVARI DISTRICT",WEST GODAVARI,Private-Self Financing,N,N,1-5443411,fetchdata,2020-2021,Engineering and Technology,1,1,1,1,Andhra Pradesh,1
1-7003651939,GDMM COLLEGE OF ENGINEERING & TECHNOLOGY,"RAMANNAPET ROAD,
OPP.D.V.R. COLONY
NANDIGAMA
KRISHNA-DT 
ANDHRA PRADESH",KRISHNA,Private-Self Financing,N,N,1-4499731,fetchdata,2020-2021,Engineering and Technology,1,1,1,1,Andhra Pradesh,1
1-7003808869,KAKINADA INSTITUTE OF TECHNOLOGY AND SCIENCE,"TIRUPATHI VILLAGE
PEDDAPURAM MANDAL
EAST GODAWARI DIST.,
ANDRAPRADESH-533433",EAST GODAVARI,Private-Self Financing,N,N,1-4781171,fetchdata,2020-2021,Engineering and Technology,1,1,1,1,Andhra Pradesh,1
1-7003810134,A.V.N.POLYTECHNIC,ANNAVARAM ROAD,KRISHNA,Private-Self Financing,N,N,1-441937191,fetchdata,2020-2021,Engineering and Technology,1,1,1,1,Andhra Pradesh,1
1-7003606935,VIKAS GROUP OF INSTITUTIONS,"NUNNA VILLAGE, 
VIJAYAWADA RURAL MANDAL,
KRISHNA DIST.",KRISHNA,Private-Self Financing,N,N,1-5601571,fetchdata,2020-2021,Engineering and Technology,1,1,1,1,Andhra Pradesh,1
1-7003855513,KANDULA OBULA REDDY MEMORIAL COLLEGE OF ENGINEERING,"TADIGOTLA, 
CHINTAKOMMADINNE (MANDAL)
KADAPA",YSR DISTRICT,Private-Self Financing,N,N,1-5871703,fetchdata,2020-2021,Engineering and Technology,1,1,1,1,Andhra Pradesh,1
1-7003608346,ADITYA INSTITUTE OF TECHNOLOGY AND MANAGEMENT,"K.KOTTURU (VILL)
TEKKALI - 532 201
SRIKAKULAM (DIST)
ANDHRA PRADESH",SRIKAKULAM,Private-Self Financing,N,N,1-3048184,fetchdata,2020-2021,Engineering and Technology,1,1,1,1,Andhra Pradesh,1
1-7001583710,CENTRAL INSTITUTE OF PLASTICS ENGINEERING AND TECHNOLOGY   VIJAYAWADA,SURAMPALLI   GANNAVARAM MANDAL VIJAYAWADA KRISHNA DISTRICT,KRISHNA,Government,N,N,1-4830116331,fetchdata,2020-2021,Engineering and Technology,1,1,1,1,Andhra Pradesh,1
1-7001613785,RAYALASEEMA UNIVERSITY COLLEGE OF ENGINEERING,"RAYALASEEMA UNIVERSITY COLLEGE OF ENGINEERING, RAYALASEEMA UNIVERSITY, KURNOOL-518007, ANDHRA PRADESH",KURNOOL,State Government University,N,N,1-4838323321,fetchdata,2020-2021,Engineering and Technology,1,1,1,1,Andhra Pradesh,1
1-7001997497,SAI TIRUMALA NALABOTHU VENKATA RAO ENGINEERING COLLEGE,"JONNALAGADDA(VILLAGE & POST), NARASARAOPET",GUNTUR,Private-Self Financing,N,N,1-6116177,fetchdata,2020-2021,Engineering and Technology,1,1,1,1,Andhra Pradesh,1
1-7001999774,GEETHANJALI INSTITUTE OF SCIENCE AND TECHNOLOGY,"3RD MILE, NELLORE BOMBAY HIGHWAY,
GANGAVARAM (VILL. & POST),
KOVUR (MANDAL),
SPSR NELLORE DISTRICT",NELLORE,Private-Self Financing,N,N,1-3891204,fetchdata,2020-2021,Engineering and Technology,1,1,1,1,Andhra Pradesh,1
1-7002414641,ADITYA ENGINEERING COLLEGE,"ADITYA ENGINEERING COLLEGE
ADITYA NAGAR, ADB ROAD, SURAMPALEM,
GANDEPALLI MANDAL, EAST GODAVARI DISTRICT, 
PIN - 533 437, ANDHRA PRADESH.",EAST GODAVARI,Private-Self Financing,N,N,1-2504741,fetchdata,2020-2021,Engineering and Technology,1,1,1,1,Andhra Pradesh,1
1-7002538141,SRI CHUNDI RANGANAYAKULU ENGINEERING COLLEGE,"GANAPAVARAM
NADENDLA(MANDAL)",GUNTUR,Private-Self Financing,N,N,1-2037011,fetchdata,2020-2021,Engineering and Technology,1,1,1,1,Andhra Pradesh,1
1-7002417970,CHALAPATHI INSTITUTE OF ENGINEERING AND TECHNOLOGY,"CHALAPATHI NAGAR, LAM, GUNTUR-522034, ANDHRA PRADESH",GUNTUR,Private-Self Financing,N,N,1-3285881,fetchdata,2020-2021,Engineering and Technology,1,1,1,1,Andhra Pradesh,1
1-7002584961,"V.K.R., V.N.B.  A.G.K. COLLEGE OF ENGINEERING","ELURU ROAD,
GUDIVADA-521301
KRISHNA DISTRICT
A.P.",KRISHNA,Private-Self Financing,N,N,1-7823641,fetchdata,2020-2021,Engineering and Technology,1,1,1,1,Andhra Pradesh,1
1-7002585727,MALINENI LAKSHMAIAH ENGINEERING COLLEGE,"KANUMALLA(V), SINGARAYAKONDA(MD), PRAKASAM (DT), AP.",PRAKASAM,Private-Self Financing,N,N,1-7408501,fetchdata,2020-2021,Engineering and Technology,1,1,1,1,Andhra Pradesh,1
1-7002586706,NIMRA COLLEGE OF ENGINEERING AND TECHNOLOGY,"NIMRA NAGAR JUPUD,IBRAHIMPATNAM-521 456,KRISHNA DT., ANDHRA PRADESH",KRISHNA,Private-Self Financing,N,Y,1-4457071,fetchdata,2020-2021,Engineering and Technology,1,1,1,1,Andhra Pradesh,1
1-7002589229,ABR COLLEGE OF ENGINEERING AND TECHNOLOGY,"CHINA IRLAPADU, KANDUKUR ROAD,KANIGIRI,
PRAKASAM DT, PIN 523230.",PRAKASAM,Private-Self Financing,N,N,1-4304354,fetchdata,2020-2021,Engineering and Technology,1,1,1,1,Andhra Pradesh,1
1-7002594695,VARAPRASAD REDDY INSTITUTE OF TECHNOLOGY,"SIDDHARTH NAGAR,
KANTEPUDI (V),
SATTENAPALLI (M),
GUNTUR DISTRICT - 522 438,
ANDHRA PRADESH",GUNTUR,Private-Self Financing,N,N,1-7030093,fetchdata,2020-2021,Engineering and Technology,1,1,1,1,Andhra Pradesh,1
1-7001740985,PRAGATI ENGINEERING COLLEGE,"1-378, ADB ROAD, SURAMPALEM,NEAR PEDDAPURAM,E.G.DIST,A.P.",EAST GODAVARI,Private-Self Financing,N,N,1-4885880,fetchdata,2020-2021,Engineering and Technology,1,1,1,1,Andhra Pradesh,1
1-7001959874,GOVENMENT POLYTECHNIC,"E.E.BANGALOW
NEAR R&B GUEST HOUSE",KRISHNA,Government,N,N,1-474252861,fetchdata,2020-2021,Engineering and Technology,1,1,1,1,Andhra Pradesh,1
1-7001960008,SRI VENKATESWARA INSTITUTE OF SCIENCE AND TECHNOLOGY,"TADIGOTLA (VILLAGE),
C.K.DINNE (MANDAL),
KADAPA.
A.P.      516003",YSR DISTRICT,Private-Self Financing,N,N,1-6130631,fetchdata,2020-2021,Engineering and Technology,1,1,1,1,Andhra Pradesh,1
1-7002481510,"AVANTHI S ST.THERESSA INSTITUTE OF ENGINEERING AND TECHNOLOGY,GARIVIDI","GARBHAM ROAD,
GARIVIDI (CHEEPURUPALLI),
VIZIANAGARAM DISTRICT",VIZIANAGARAM,Private-Self Financing,N,N,1-5123173,fetchdata,2020-2021,Engineering and Technology,1,1,1,1,Andhra Pradesh,1
1-7002574949,GOVERNMENT POLYTECHNIC-RAMPACHODAVARAM,CHINA GARLAPADU(V),EAST GODAVARI,Government,N,N,1-1597246681,fetchdata,2020-2021,Engineering and Technology,1,1,1,1,Andhra Pradesh,1
1-7001877027,SAGI RAMAKRISHNAM RAJU ENGINEERING COLLEGE,"S.R.K.R.ENGINEERING COLLEGE,
CHINNAAMIRAM,
BHIMAVARAM,
WEST GODAVARI DISTRICT,
ANDHRA PRADESH",WEST GODAVARI,Private-Self Financing,N,N,1-5906491,fetchdata,2020-2021,Engineering and Technology,1,1,1,1,Andhra Pradesh,1
1-7002516924,RAVINDRA COLLEGE OF ENGINEERING FOR WOMEN,"PASUPULA VILLAGE, NANDIKOTKUR ROAD
KURNOOL  - 518002.",KURNOOL,Private-Self Financing,Y,N,1-3675361,fetchdata,2020-2021,Engineering and Technology,1,1,1,1,Andhra Pradesh,1
1-7002543651,ST. ANN'S COLLEGE OF ENGINEERING & TECHNOLOGY,"NAYUNIPALLI VILLAGE
CHALLAREDDYPALEM
VETAPALEM MANDAL
PRAKASAM DISTRICT",PRAKASAM,Private-Self Financing,N,N,1-4169101,fetchdata,2020-2021,Engineering and Technology,1,1,1,1,Andhra Pradesh,1
1-7002575026,"GOVERNMENT POLYTECHNIC, DRAKSHARAMAM","DRAKSHARAMAM (V), RAMACHANDRAPURAM (M),
EAST GODAVARI DISTRICT,
A.P.",EAST GODAVARI,Government,N,N,1-2057505501,fetchdata,2020-2021,Engineering and Technology,1,1,1,1,Andhra Pradesh,1
1-7002341846,UNIVERSAL COLLEGE OF ENGINEERING AND TECHNOLOGY,"DOKIPARRU (VILLAGE)
MEDIKONDUR (MANDAL),
GUNTUR-522 438.",GUNTUR,Private-Self Financing,N,N,1-2404711,fetchdata,2020-2021,Engineering and Technology,1,1,1,1,Andhra Pradesh,1
1-7001805160,GOVERNMENT POLYTECHNIC,"M H SCHOOL CAMPUS
4 ROAD JUNCTION
NEHRU CHOWK
ANAKAPALLI
VIZAG DT
INDIA
531001",VISHAKHAPATNAM,Government,N,N,1-454262893,fetchdata,2020-2021,Engineering and Technology,1,1,1,1,Andhra Pradesh,1
1-7001806341,ANDHRA UNIVERSITY COLLEGE OF ENGINEERING,"ANDHRA UNIVERSITY, WALTAIR",VISHAKHAPATNAM,Government,N,N,1-489841401,fetchdata,2020-2021,Engineering and Technology,1,1,1,1,Andhra Pradesh,1
1-7002246732,QIS COLLEGE OF ENGINEERING & TECHNOLOGY,"PONDUR ROAD,
VENGAMUKKAPALEM,
ONGOLE-523272",PRAKASAM,Private-Self Financing,N,N,1-2819834,fetchdata,2020-2021,Engineering and Technology,1,1,1,1,Andhra Pradesh,1
1-7002712015,RISE KRISHNA SAI GANDHI GROUP OF INSTITUTIONS,"NH - 5,
VALLURU , ONGOLE
PRAKASAM DIST",PRAKASAM,Private-Self Financing,N,N,1-4403428,fetchdata,2020-2021,Engineering and Technology,1,1,1,1,Andhra Pradesh,1
1-7002760257,AVANTHI INSTITUTE OF ENGINEERING & TECHNOLOGY,"TAMARAM VILLAGE,
MAKAVARAPALEM MANDAL,
NARSIPATNAM REVENUE DIVISION,
VISAKHAPATNAM DIST.",VISHAKHAPATNAM,Private-Self Financing,N,N,1-6296166,fetchdata,2020-2021,Engineering and Technology,1,1,1,1,Andhra Pradesh,1
1-7002761921,BAPATLA WOMEN'S ENGINEERING COLLEGE,"KARLAPALEM ROAD
BACK SIDE OF BAPATLA COLLEGE OF ARTS & SCIENCES",GUNTUR,Private-Self Financing,Y,N,1-5301801,fetchdata,2020-2021,Engineering and Technology,1,1,1,1,Andhra Pradesh,1
1-7002780982,"GOVERNMENT POLYTECHNIC, PITHAPURAM","PRINCIPALGOVERNMENT POLYTECHNIC,PITHAPURAM,EAST GODAVARI DISTRICT,ANDHRA PRADESH,PIN:533450",EAST GODAVARI,Government,N,N,1-1614969081,fetchdata,2020-2021,Engineering and Technology,1,1,1,1,Andhra Pradesh,1
1-7002781042,GOVERNMENT POLYTECHNIC CHIPURUPALLE,"CHIPURUPALLE,
VIZIANAGARAM DISTRICT,
PIN:535128",VIZIANAGARAM,Government,N,N,1-1614981631,fetchdata,2020-2021,Engineering and Technology,1,1,1,1,Andhra Pradesh,1
1-7002787415,"GOVERNMENT POLYTECHNIC, PILLARIPATTU",PILLARIPATTU,CHITTOOR,Government,N,N,1-454561923,fetchdata,2020-2021,Engineering and Technology,1,1,1,1,Andhra Pradesh,1
1-7002675112,YOGANANDA INSTITUTE OF TECHNOLOGY AND SCIENCE,"ROAD NO. 2, 
MOHAN REDDY NAGAR,
ELAMANDYAM VILLAGE,
RENIGUNTA MANDAL,
TIRUPATI - 517 520",CHITTOOR,Private-Self Financing,N,N,1-1739536,fetchdata,2020-2021,Engineering and Technology,1,1,1,1,Andhra Pradesh,1
1-7002714240,DEVINENI VENKATA RAMANA & DR.HIMA SEKHAR  MIC COLLEGE OF TECHNOLOGY,"DVR & DR HS MIC COLLEGE OF TECHNOLOGY
KANCHIKACHERLA-521 180
KRISHNA DISTRICT
ANDHA PRADESH",KRISHNA,Private-Self Financing,N,N,1-6048681,fetchdata,2020-2021,Engineering and Technology,1,1,1,1,Andhra Pradesh,1
1-7002800610,AVANTHI POLYTECHNIC COLLEGE,"KAVULAVADA VILLAGE
BHOGAPURAM MANDAL
VIZIANAGARAM DIST.",VIZIANAGARAM,Private-Self Financing,N,N,1-1498455391,fetchdata,2020-2021,Engineering and Technology,1,1,1,1,Andhra Pradesh,1
1-7002715747,SASI INSTITUTE OF TECHNOLOGY & ENGINEERING,"PERMANENT LOCATION AS APPROVED BY AICTE ,
KADAKATLA,
TADEPALLIGUDEM,
WEST GODAVARI",WEST GODAVARI,Private-Self Financing,N,N,1-4319851,fetchdata,2020-2021,Engineering and Technology,1,1,1,1,Andhra Pradesh,1
1-7002607423,NOVA COLLEGE OF ENGINEERING & TECHNOLOGY,"VEGAVARAM VILLAGE
JANGAREDDY GUDEM MANDAL
WEST GODAVARI DISTRCIT
ANDHRA PRADESH 
PIN:534447",WEST GODAVARI,Private-Self Financing,N,N,1-5543891,fetchdata,2020-2021,Engineering and Technology,1,1,1,1,Andhra Pradesh,1
1-7002657119,BAPATLA ENGINEERING COLLEGE,"MAHATMAJIPURM
G.B.C ROAD
BAPATLA POST",GUNTUR,Private-Self Financing,N,N,1-3933154,fetchdata,2020-2021,Engineering and Technology,1,1,1,1,Andhra Pradesh,1
1-7002644063,RAJAMAHENDRI INSTITUTE OF ENGINEERING AND TECHNOLOGY,"BHOOPALAPATANM, NEAR PIDIMGOYYI, 
RAJAHMUNDRY,
ANDHRA PRADESH-533103.",EAST GODAVARI,Private-Self Financing,N,N,1-2896354,fetchdata,2020-2021,Engineering and Technology,1,1,1,1,Andhra Pradesh,1
1-7002775909,G.PULLAIAH COLLEGE OF ENGINEERING AND TECHNOLOGY,"NANDIKOTKUR ROAD,KURNOOL",KURNOOL,Private-Self Financing,N,N,1-23838031,fetchdata,2020-2021,Engineering and Technology,1,1,1,1,Andhra Pradesh,1
1-7003119681,GAYATRI VIDYA PARISHAD COLLEGE OF ENGINEERING,"MADHURAWADA,
VISAKHAPATNAM 
PIN: 530 048",VISHAKHAPATNAM,Private-Self Financing,N,N,1-3360134,fetchdata,2020-2021,Engineering and Technology,1,1,1,1,Andhra Pradesh,1
1-7003121974,RAGHU ENGINEERING COLLEGE,"DAKAMARRI VILLAGE,
BHEEMUNIPATNAM MANDAL,
VISAKHAPATNAM",VISHAKHAPATNAM,Private-Self Financing,N,N,1-9785275,fetchdata,2020-2021,Engineering and Technology,1,1,1,1,Andhra Pradesh,1
1-7003126792,SANKETIKA INSTITUTE OF TECHNOLOGY AND MANAGEMENT,"SANKETIKA INSTITUTE OF TECHNOLOGY AND MANAGEMENT
 TECHNICAL EDUCATIONAL COMPLEX,
 BESIDE Y.S.R. ACA-VDCA CRICKET STADIUM,
RATNAGIRI HOUSING BOARD COLONY, 
P.M.PALEM,
VISAKHAPATNAM-530041
ANDHRA PRADESH.",VISHAKHAPATNAM,Private-Self Financing,N,N,1-4452851,fetchdata,2020-2021,Engineering and Technology,1,1,1,1,Andhra Pradesh,1
1-7003133582,ADITYA COLLEGE OF ENGINEERING & TECHNOLOGY,"ADITYA NAGAR
ADB ROAD
SURAMPALEM
GANDEPALLI MANDAL
E.G.DT.
533437",EAST GODAVARI,Private-Self Financing,N,N,1-19920221,fetchdata,2020-2021,Engineering and Technology,1,1,1,1,Andhra Pradesh,1
1-7003087832,INTERNATIONAL SCHOOL OF TECHNOLOGY AND SCIENCES FOR WOMEN,"EAST GONA GUDEM (VIL),
RAJA NAGARAM(MAN),
EAST GODAVARI (DIST).",EAST GODAVARI,Private-Self Financing,Y,N,1-37485014,fetchdata,2020-2021,Engineering and Technology,1,1,1,1,Andhra Pradesh,1
1-7001698826,SRI VENKATESWARA UNIVERSITY COLLEGE OF ENGINEERING,SRI VENKATESWARA UNIVERSITY COLLEGE OF ENGINEERING,CHITTOOR,Government,N,N,1-497512909,fetchdata,2020-2021,Engineering and Technology,1,1,1,1,Andhra Pradesh,1
1-7002207798,GOVERNMENT INSTITUTE OF CERAMIC TECHNOLOGY,"CERAMIC ROAD,
THILAK NAGAR,
GUDUR.",NELLORE,Government,N,N,1-477786221,fetchdata,2020-2021,Engineering and Technology,1,1,1,1,Andhra Pradesh,1
1-7002208001,SRI CHAITANYA - DJR COLLEGE OF ENGINEERING,"DJR COLLEGE OF ENGINEERING & TECHNOLOGY,
DJR NAGAR,
VELPUR VILLAGE, VIA GUDAVALLI
VIJAYAWADA - 521104",KRISHNA,Private-Self Financing,N,N,1-21378091,fetchdata,2020-2021,Engineering and Technology,1,1,1,1,Andhra Pradesh,1
1-7002892644,ANDHRA ENGINEERING COLLEGE,NELLOREPALEM-VILLAGE,NELLORE,Private-Self Financing,N,N,1-6894121,fetchdata,2020-2021,Engineering and Technology,1,1,1,1,Andhra Pradesh,1
1-7002967775,KANDULA LAKSHUMMA MEMORIAL COLLEGE OF ENGINEERING FOR WOMEN,"THADIGOTLA VILLAGE,
C.K.DINNE MANDAL,
KADAPA.",YSR DISTRICT,Private-Self Financing,Y,N,1-6093421,fetchdata,2020-2021,Engineering and Technology,1,1,1,1,Andhra Pradesh,1
1-7002968493,CHINTALAPUDI ENGINEERING COLLEGE,"PONNUR ENGINEERING COLLEGE
CHINTALAPUDI(P.O)
PONNUR(M.D)
GUNTUR(D.T)
ANDHRA PRADESH-522 124",GUNTUR,Private-Self Financing,N,N,1-6256425,fetchdata,2020-2021,Engineering and Technology,1,1,1,1,Andhra Pradesh,1
1-7002969169,Y.S.R. ENGINEERING COLLEGE OF Y.V.U.,KORRAPADU,YSR DISTRICT,Government,N,N,1-513257381,fetchdata,2020-2021,Engineering and Technology,1,1,1,1,Andhra Pradesh,1
1-7002917273,SESHACHALA INSTITUTE OF TECHNOLOGY,"TIRUPATI-CHENNAI HIGHWAY,
KANAKAMPALEM VILLAGE,
PUTTUR MANDAL,
CHITTOOR DIST., A.P",CHITTOOR,Private-Self Financing,N,N,1-37064261,fetchdata,2020-2021,Engineering and Technology,1,1,1,1,Andhra Pradesh,1
1-7002939103,K M M INSTITUTE OF TECHNOLOGY & SCIENCE,"RAMIREDDIPALLE
NARASINGAPURAM BPO
TIRUPATI RURAL - 517102",CHITTOOR,Private-Self Financing,N,N,1-5369287,fetchdata,2020-2021,Engineering and Technology,1,1,1,1,Andhra Pradesh,1
1-7002889919,VISVODAYA ENGINEERING COLLEGE,"VISVODAYA CAMPUS
UDAYAGIRI ROAD
KAVALI-524201",NELLORE,Private-Self Financing,N,N,1-3142834,fetchdata,2020-2021,Engineering and Technology,1,1,1,1,Andhra Pradesh,1
1-7002877028,LAKIREDDY BALI REDDY COLLEGE OF ENGINEERING,"L.B.REDDY NAGAR
MYLAVARAM - 521230, 
KRISHNA DISTRICT,
ANDHRA PRADESH.",KRISHNA,Private-Self Financing,N,N,1-2508773,fetchdata,2020-2021,Engineering and Technology,1,1,1,1,Andhra Pradesh,1
1-7003213072,GOVERNMENT POLYTECHNIC-SEETHAMPETA,"PALAKONDA DIVISION, SEETHAMPET(M)",SRIKAKULAM,Government,N,N,1-1599195881,fetchdata,2020-2021,Engineering and Technology,1,1,1,1,Andhra Pradesh,1
1-7003213149,GOVT.POLYTECHNIC,"TADIPATRI ROAD, NARPALA  ANANTAPUR (DIST)-515425
",ANANTAPUR,Government,N,N,1-1513618957,fetchdata,2020-2021,Engineering and Technology,1,1,1,1,Andhra Pradesh,1
1-7003216078,SWARNANDHRA INSTITUTE OF ENGINEERING & TECHNOLOGY,"SEETHARAMPURAM, NARSAPUR, W.G.DT. 534280 ANDHRA PRADESH.",WEST GODAVARI,Private-Self Financing,N,N,1-3755274,fetchdata,2020-2021,Engineering and Technology,1,1,1,1,Andhra Pradesh,1
1-7003225147,KAKINADA INSTITUTE OF ENGINEERING & TECHNOLOGY FOR WOMEN,"KORANGI,
TALLAREVU MANDAL,
EAST GODAVARI DISTRICT",EAST GODAVARI,Private-Self Financing,Y,N,1-3806221,fetchdata,2020-2021,Engineering and Technology,1,1,1,1,Andhra Pradesh,1
1-7003182275,"COL.D.S.RAJU POLYTECHNIC,","MAIN ROAD,
PODURU",WEST GODAVARI,Private-Self Financing,N,N,1-432697951,fetchdata,2020-2021,Engineering and Technology,1,1,1,1,Andhra Pradesh,1
1-7003179012,PRASAD V POTLURI SIDDHARTHA INSTITUE OF TECHNOLOGY,"DEVABHAKTUNI RAMALINGESWARA RAO ROAD
KANURU  PENAMALURU MANDAL
VIJAYAWADA",KRISHNA,Private-Self Financing,N,N,1-2509654,fetchdata,2020-2021,Engineering and Technology,1,1,1,1,Andhra Pradesh,1
1-7003374557,PARVATHAREDDY BABULREDDY VISVODAYA INSTITUTE OF TECHNOLOGY AND SCIENCE,"VISVODAYA CAMPUS
UDAYAGIRI ROAD
KAVALI",NELLORE,Private-Self Financing,N,N,1-3767327,fetchdata,2020-2021,Engineering and Technology,1,1,1,1,Andhra Pradesh,1
1-7003376483,SRINIVASA INSTITUTE OF TECHNOLOGY & SCIENCE,"CHENNAI- HYDERABAD BYPASS ROAD ,
UKKAYAPALLI (V)
KADAPA",YSR DISTRICT,Private-Self Financing,N,N,1-4431071,fetchdata,2020-2021,Engineering and Technology,1,1,1,1,Andhra Pradesh,1
1-7003413485,BHASKARA POLYTECHNIC,"KOMATIPALLI(V), BOBBILI(M),PIN NO-535558, VIZIANAGARAM DIST, ANDHARA PRADESH..",VIZIANAGARAM,Private-Self Financing,N,N,1-455302511,fetchdata,2020-2021,Engineering and Technology,1,1,1,1,Andhra Pradesh,1
1-7003415638,GIET POLYTECHNIC COLLEGE,"NH-5, CHAITANYA KNOWLEDGE CITY
VELUGUBANDA VILLAGE",EAST GODAVARI,Private-Self Financing,N,N,1-708606061,fetchdata,2020-2021,Engineering and Technology,1,1,1,1,Andhra Pradesh,1
1-7003459475,GUDLAVALLERU ENGINEERING COLLEGE,"SESHADRI RAO KNOWLEDGE VILLAGE,
GUDLAVALLERU-521356,
KRISHNA DISTRICT, 
ANDHRA PRADESH",KRISHNA,Private-Self Financing,N,N,1-8998977,fetchdata,2020-2021,Engineering and Technology,1,1,1,1,Andhra Pradesh,1
1-7003282094,ANNAMACHARYA INSTITUTE OF TECHNOLOGY & SCIENCES,"NEW BOYANAPALLI, THALLAPAKA PANCHAYATH,
RAJAMPET MANDAL
YSR DISTRICT",YSR DISTRICT,Private-Self Financing,N,N,1-5841586,fetchdata,2020-2021,Engineering and Technology,1,1,1,1,Andhra Pradesh,1
1-7003296764,AVANTHI INSTITUTE OF ENGINERRING AND TECHNOLOGY,"CHERUKUPALLI VIILAGE, CHITTIVALASA SO,
BHOGAPURAM MANDAL, VIZIANAGRAM DIST",VIZIANAGARAM,Private-Self Financing,N,N,1-4708546,fetchdata,2020-2021,Engineering and Technology,1,1,1,1,Andhra Pradesh,1
1-7003269431,GUNTUPALLI VENKATESWARLU MEMORIAL POLYTECHNIC COLLEGE,"NAGULAPALEM VILLAGE,KARAMCHEDU-PARCHUR ROAD,PARCHUR MANDAL,PRAKASAM DISTRICT,A.P.",PRAKASAM,Private-Self Financing,N,N,1-410888971,fetchdata,2020-2021,Engineering and Technology,1,1,1,1,Andhra Pradesh,1
1-7003271230,KAKINADA INSTITUTE OF ENGINEERING & TECHNOLOGY,"YANAM ROAD,KORANGI VILLAGE,
TALLAREVU MANDAL,
E.G.DT ,AP",EAST GODAVARI,Private-Self Financing,N,N,1-4167651,fetchdata,2020-2021,Engineering and Technology,1,1,1,1,Andhra Pradesh,1
1-7003295373,MULAGONDLA PAKIRA REDDY MEMORIAL POLYTECHNIC,"NARAYANAPURAM
NADIKUDI POST
DACHEPALLLI MANDAL
GUNTUR DIST
PIN-522414
ANDHRA PRADESH",GUNTUR,Private-Self Financing,N,N,1-401581011,fetchdata,2020-2021,Engineering and Technology,1,1,1,1,Andhra Pradesh,1
1-7003273035,DADI INSTITUTE OF ENGINEERING & TECHNOLOGY (DIET),"DADI INSTITUTE OF ENGINEERING & TECHNOLOGY
NATIONAL HIGH WAY- 5,
GAVARAPALEM,
ANAKAPALLE,
VISAKHAPATNAM -531002.",VISHAKHAPATNAM,Private-Self Financing,N,N,1-8547648,fetchdata,2020-2021,Engineering and Technology,1,1,1,1,Andhra Pradesh,1
1-7003028343,GOVT.POLYTECHNIC,"OBULAVARIPALLI,",YSR DISTRICT,Government,N,N,1-452073541,fetchdata,2020-2021,Engineering and Technology,1,1,1,1,Andhra Pradesh,1
1-7003045142,NARASARAOPETA INSTITUTE OF TECHNOLOGY,"KOTAPPA KONDA ROAD
YELLAMANDA(POST)
NARASARAOPET(MANDAL)
GUNTUR(DIST)
ANDHRA PRADESH-522601",GUNTUR,Private-Self Financing,N,N,1-1721491,fetchdata,2020-2021,Engineering and Technology,1,1,1,1,Andhra Pradesh,1
1-7003062629,RAJEEV GANDHI MEMORIAL COLLEGE OF ENGINEERING & TECHNOLOGY,"N.H. - 18
NANDYAL 
KURNOOL DIST. 
A.P.",KURNOOL,Private-Self Financing,N,N,1-7535941,fetchdata,2020-2021,Engineering and Technology,1,1,1,1,Andhra Pradesh,1
1-7003038560,JAGAN'S COLLEGE OF ENGINEERING AND TECHNOLOGY,"CHOUTAPALEM
VENKATACHALAM MANDAL
SPSR NELLORE DISTRICT
524320",NELLORE,Private-Self Financing,N,N,1-8661111,fetchdata,2020-2021,Engineering and Technology,1,1,1,1,Andhra Pradesh,1
1-7003028501,ST. MARY'S GROUP OF INSTITUTIONS GUNTUR,"CHEBROLU VILLAGE, CHEBROLU MANDAL, GUNTUR DISTRICT",GUNTUR,Private-Self Financing,N,Y,1-6392801,fetchdata,2020-2021,Engineering and Technology,1,1,1,1,Andhra Pradesh,1
1-7003013582,VELAGAPUDI RAMAKRISHNA SIDDHARTHA ENGINEERING COLLEGE,"VASANTHA NAGAR
KANURU
VIJAYAWADA - 7
AP, INDIA",KRISHNA,Private-Self Financing,N,N,1-10213343,fetchdata,2020-2021,Engineering and Technology,1,1,1,1,Andhra Pradesh,1
1-7003039206,KRISHNA CHAITANYA INSTITUTE OF TECHNOLOGY & SCIENCES,"DEVARAJUGATTU VILLAGE,
PEDDARAVEEDU MANDAL,
PRAKASAM DISTRICT",PRAKASAM,Private-Self Financing,N,N,1-3979901,fetchdata,2020-2021,Engineering and Technology,1,1,1,1,Andhra Pradesh,1
1-7003040806,BONAM VENKATA CHALAMAYYA ENGINEERING COLLEGE,"(VIA) AMALAPURAM, ALLAVARAM MANDAL, EAST GODAVARI DISTRICT",EAST GODAVARI,Private-Self Financing,N,N,1-6029701,fetchdata,2020-2021,Engineering and Technology,1,1,1,1,Andhra Pradesh,1
1-7002989886,SHIRIDI SAI DIPLOMA IN ENGINEERING & TECHNOLOGY,"SURAMPETA (P), MARIPIVALASA (V),
SEETANAGARAM (M),
VIZIANAGARAM DIST.  PIN 535546",VIZIANAGARAM,Private-Self Financing,N,N,1-449870181,fetchdata,2020-2021,Engineering and Technology,1,1,1,1,Andhra Pradesh,1
1-7002985836,SRI VENKATESWARA ENGINEERING COLLEGE,"OPP. LIC TRAINING CENTER,
KARAKAMBADI ROAD",CHITTOOR,Private-Self Financing,N,N,1-33729371,fetchdata,2020-2021,Engineering and Technology,1,1,1,1,Andhra Pradesh,1
1-7003577586,ADITYA COLLEGE OF ENGINEERING,"ADITYA NAGAR,
ADB ROAD,
SURAMPALEM,
VIA PEDDAPURAM.",EAST GODAVARI,Private-Self Financing,N,N,1-4023854,fetchdata,2020-2021,Engineering and Technology,1,1,1,1,Andhra Pradesh,1
1-7003513909,BAPATLA POLYTECHNIC,"BAPATLA-522101,
GUNTUR DIST,
ANDHRA PRADESH",GUNTUR,Private-Self Financing,N,N,1-421855101,fetchdata,2020-2021,Engineering and Technology,1,1,1,1,Andhra Pradesh,1
1-7003556176,SRI VENKATESWARA COLLEGE OF ENGINEERING,"45/150-15,BALAJI NAGAR,CHEMMUMIAH PET,
 KADAPA",YSR DISTRICT,Private-Self Financing,N,N,1-2874816221,fetchdata,2020-2021,Engineering and Technology,1,1,1,1,Andhra Pradesh,1
