institute_id,institute_name,address,district,institution_type,women_only,minority,parent_id,method,year,program,level,institutiontype,Women,Minority,state,course
1-43669201766,SANJAY MEMORIAL POLYTECHNIC,"IKKERI ROAD SAGARA - 577401 SHIMOGA DISTRICT, KARNATAKA",SHIMOGA,Govt aided,N,N,1-467957621,fetchdata,2024-2025,Engineering and Technology,1,1,1,1,Karnataka,1
1-43674249061,SHRI MALLIKARJUNA POLYTECHNIC,"NH-13, PILLEKERENAHALLI,",CHITRADURGA,Private-Self Financing,N,N,1-789816101,fetchdata,2024-2025,Engineering and Technology,1,1,1,1,Karnataka,1
1-43674177250,S-VYASA DEEMED TO BE UNIVERSITY(SCHOOL OF ADVANCED STUDIES),"SATTVA GLOBAL CITY TECHNOLOGY PARK , MYSORE ROAD, RAJARAJESHWARI NAGAR, BENGALURU, KARNATAKA 560059",BANGALORE URBAN,Deemed to be University(Pvt),N,N,1-3741331471,fetchdata,2024-2025,Engineering and Technology,1,1,1,1,Karnataka,1
1-43663605654,GANDHI INSTITUTE OF TECHNOLOGY AND MANAGEMENT GITAM OFF CAMPUS BENGALURU,NAGADENEHALLI,BANGALORE RURAL,Deemed to be University(Pvt),N,N,1-4629750430,fetchdata,2024-2025,Engineering and Technology,1,1,1,1,Karnataka,1
1-43663844715,K.L.E.SOCIETY'S POLYTECHNIC BAILHONGAL.,"THE PRINCIPAL K.L.E.SOCIETY'S POLYTECHNIC,NEAR ARTO OFFICE BAILHONGAL.",BELGAUM,Private-Self Financing,N,N,1-460505561,fetchdata,2024-2025,Engineering and Technology,1,1,1,1,Karnataka,1
1-43663903456,GOPALAN COLLEGE OF ENGINEERING AND MANAGEMENT,"SONNENAHALLI, HOODI VILLAGE, ITPL ROAD,",BANGALORE URBAN,Private-Self Financing,N,N,1-4330741,fetchdata,2024-2025,Engineering and Technology,1,1,1,1,Karnataka,1
1-43663667798,GOVT POLYTECHNIC FOR WOMEN HASSAN,HARSHA MAHAL ROAD  HASSAN,HASSAN,Government,Y,N,1-463685531,fetchdata,2024-2025,Engineering and Technology,1,1,1,1,Karnataka,1
1-43663548276,EAST WEST INSTITUTE OF POLYTECHNIC,"NO.13, SECTOR""A"" , YELAHANKA NEW TOWN, YELAHANKA, BANGALORE - 560064",BANGALORE URBAN,Private-Self Financing,N,N,1-2513089831,fetchdata,2024-2025,Engineering and Technology,1,1,1,1,Karnataka,1
1-43663789413,CENTRAL INSTITUTE OF PETROCHEMICALS ENGINEERING AND TECHNOLOGY (CIPET),"#437/A, HEBBAL INDL AREA,  MYSORE - 570 016  KARNATAKA",MYSORE,Government,N,N,1-445015014,fetchdata,2024-2025,Engineering and Technology,1,1,1,1,Karnataka,1
1-43663790521,MYSORE COLLEGE OF ENGINEERING AND MANAGEMENT,"CHIKAHALLI, VARUNA HOBALI, NEAR BIG BANYAN TREE, TN ROAD",MYSORE,Private-Self Financing,N,N,1-2493368481,fetchdata,2024-2025,Engineering and Technology,1,1,1,1,Karnataka,1
1-43663908985,MYSURU ROYAL INSTITUTE OF TECHNOLOGY,"LAKSHMIPURA ROAD, OFF MYSURU -BENGALURU HIGHWAY",MANDYA,Private-Self Financing,N,N,1-2476213031,fetchdata,2024-2025,Engineering and Technology,1,1,1,1,Karnataka,1
1-43663912041,NALANDA FOUNDATIONS POLYTECHNIC,"VIDYARANYA, GADAG ROAD, BHANDIWAD, MANTUR BO,",DHARWAD,Private-Self Financing,N,N,1-459478981,fetchdata,2024-2025,Engineering and Technology,1,1,1,1,Karnataka,1
1-43663973377,RAMAIAH POLYTECHNIC,M.S. RAMAIAH POLYTECHNIC M.S.R. NAGAR MSRIT POST BANGALORE,BANGALORE URBAN,Private-Self Financing,N,N,1-465666171,fetchdata,2024-2025,Engineering and Technology,1,1,1,1,Karnataka,1
1-43663793555,SDM INSTITUTE OF TECHNOLOGY UJIRE-574240,SDM INSTITUTE OF TECHNOLOGY UJIRE-574240 DAKSHINA KANNADA  KARNATAKA,DAKSHINA KANNADA,Private-Self Financing,N,Y,1-12085801,fetchdata,2024-2025,Engineering and Technology,1,1,1,1,Karnataka,1
1-43663855273,JAIN INSTITUTE OF TECHNOLOGY,"323, BADA CROSS NEAR BLIND SCHOOL AVARAGERE DAVANGERE",DAVANAGERE,Private-Self Financing,N,N,1-524621661,fetchdata,2024-2025,Engineering and Technology,1,1,1,1,Karnataka,1
1-43663856430,FAROOQIA  POLYTECHNIC FOR WOMEN,"AZEEZ SAIT ROAD, UDAYAGIRI CIRCLE,",MYSORE,Private-Self Financing,Y,Y,1-476905101,fetchdata,2024-2025,Engineering and Technology,1,1,1,1,Karnataka,1
1-43663915630,M.E.S.R.N.S.POLYTECHNIC SIRSI,VIDYANAGAR YELLAPUR ROAD  SIRSI,UTTARA KANNADA,Govt aided,N,N,1-454002961,fetchdata,2024-2025,Engineering and Technology,1,1,1,1,Karnataka,1
1-43663796961,GOVERNMENT TOOL ROOM AND TRAINING CENTRE GOWRIBIDANUR,"PLOT NO 1P-1A, KUDUMALAKUNTE INDUSTRIAL AREA, HINDUPUR ROAD, GOWRIBIDANUR,",CHIKABALLAPUR,Government,N,N,1-3354239411,fetchdata,2024-2025,Engineering and Technology,1,1,1,1,Karnataka,1
1-43663797874,GOVERNMENT POLYTECHNIC,GUDEKOTE ROAD,BELLARY,Government,N,N,1-475613261,fetchdata,2024-2025,Engineering and Technology,1,1,1,1,Karnataka,1
1-43663798989,GOVERNMENT POLYTECNIC,"ARAKERE,SRIRANGA PATNA",MANDYA,Government,N,N,1-475194211,fetchdata,2024-2025,Engineering and Technology,1,1,1,1,Karnataka,1
1-43663859173,"K.L.E SOCIETY'S POLYTECHNIC, MAHALINGPUR",PRINCIPAL K.L.E POLYTECHNIC AT: MAHALINGPUR TQ:MUDHOL DT:BAGALKOT KARNATAK STATE,BAGALKOT,Private-Self Financing,N,N,1-452952771,fetchdata,2024-2025,Engineering and Technology,1,1,1,1,Karnataka,1
1-43664102736,BASAVAKALYAN ENGINEERING COLLEGE,N.H.9  BASAVAKALYAN-585327 DIST. BIDAR KARNATAKA,BIDAR,Private-Self Financing,N,N,1-2060831,fetchdata,2024-2025,Engineering and Technology,1,1,1,1,Karnataka,1
1-43663800914,R.N.SHETTY RURAL POLYTECHNIC,MAIN ROAD MURUDESHWAR BHATKAL TALUK KARNATAKA UTTTARAKANNADA,UTTARA KANNADA,Private-Self Financing,N,N,1-479071691,fetchdata,2024-2025,Engineering and Technology,1,1,1,1,Karnataka,1
1-43663865113,MOTHER THERESA POLYTECHNIC,"NEAR KSRTC BUS STAND ANTHARAGANGA ROAD, KOLAR",KOLAR,Private-Self Financing,N,N,1-699990243,fetchdata,2024-2025,Engineering and Technology,1,1,1,1,Karnataka,1
1-43663981334,SAHYADRI COLLEGE OF ENGINEERING & MANAGEMENT,"'SAHYADRI CAMPUS' N.H-48, ADYAR, MANGALORE",DAKSHINA KANNADA,Private-Self Financing,N,N,1-4184811,fetchdata,2024-2025,Engineering and Technology,1,1,1,1,Karnataka,1
1-43664105693,MVJ COLLEGE OF ENGINEERING,"NEAR ITPB, CHANNASANDRA, KADUGODI POST, BANGALORE",BANGALORE URBAN,Private-Self Financing,N,Y,1-6536096,fetchdata,2024-2025,Engineering and Technology,1,1,1,1,Karnataka,1
1-43663867418,S.E.T POLYTECHNIC,"PANDAVAPURA TALUK, MELKOTE",MANDYA,Private-Self Financing,N,N,1-802455021,fetchdata,2024-2025,Engineering and Technology,1,1,1,1,Karnataka,1
1-43663869318,GOVT. TOOL ROOM AND TRAINING CENTRE - BELGAUM,UDYAMBAGH KHANAPUR ROAD BELGAUM,BELGAUM,Government,N,N,1-462607211,fetchdata,2024-2025,Engineering and Technology,1,1,1,1,Karnataka,1
1-43663923374,CAMBRIDGE INSTITUTE  OF TECHNOLOGY   NORTH CAMPUS,"SURVEY NO. 73, LINGADHEERA GOLLAHALLI, KUNDANA POST, DEVANAHALLI TALUK",BANGALORE RURAL,Private-Self Financing,N,N,1-1511969101,fetchdata,2024-2025,Engineering and Technology,1,1,1,1,Karnataka,1
1-43663505019,KLS VISHWANATHRAO DESHPANDE INSTITUTE OF TECHNOLOGY,"UDYOG VIDYA NAGAR,DANDELI ROAD, HALIYAL-581329 KA",UTTARA KANNADA,Private-Self Financing,N,N,1-2390451,fetchdata,2024-2025,Engineering and Technology,1,1,1,1,Karnataka,1
1-43663808361,VISSJ GOVERNMENT POLYTECHNIC,NEW TOWN,SHIMOGA,Government,N,N,1-480592981,fetchdata,2024-2025,Engineering and Technology,1,1,1,1,Karnataka,1
1-43663990918,K.L.S. GOGTE INSTITUTE OF TECHNOLOGY,"""JNANA GANGA"", UDYAMBAG,",BELGAUM,Private-Self Financing,N,N,1-4254404,fetchdata,2024-2025,Engineering and Technology,1,1,1,1,Karnataka,1
1-43663813467,B.G.S POLYTECHNIC,BB ROAD NH-7 SJCIT(CAMPUS) CHIKKABALLAPURA,CHIKABALLAPUR,Private-Self Financing,N,N,1-465904731,fetchdata,2024-2025,Engineering and Technology,1,1,1,1,Karnataka,1
1-43663815361,"RURAL POLYTECHNIC, HAUNSBHAVI","MAIN ROAD, HAUNSBHAVI",HAVERI,Govt aided,N,N,1-464135081,fetchdata,2024-2025,Engineering and Technology,1,1,1,1,Karnataka,1
1-43663817263,GOVT.POLYTECHNIC,B.H.ROAD,TUMKUR,Government,N,N,1-479731891,fetchdata,2024-2025,Engineering and Technology,1,1,1,1,Karnataka,1
1-43663518827,GOVERNMENT POLYTECHNIC FOR WOMEN,"AIRPORT ROAD, BONDEL",D KANNADA(DK),Government,Y,N,1-473862841,fetchdata,2024-2025,Engineering and Technology,1,1,1,1,Karnataka,1
1-43663819107,BANGALORE INSTITUTE OF TECHNOLOGY,"K.R.ROAD, V.V.PURA, BANGALORE-560004",BANGALORE URBAN,Private-Self Financing,N,N,1-12036461,fetchdata,2024-2025,Engineering and Technology,1,1,1,1,Karnataka,1
1-43663399727,LINGARAJAPPA ENGINEERING COLLEGE,"SURVEY NO. 25/1, GORNALLI ,BIDAR,KARNATAKA",BIDAR,Private-Self Financing,N,N,1-451358832,fetchdata,2024-2025,Engineering and Technology,1,1,1,1,Karnataka,1
1-43663765738,DR.T.M.A. PAI POLYTECHNIC,MILK DAIRY ROAD; ESHWAR NAGAR,UDUPI,Private-Self Financing,N,Y,1-460505371,fetchdata,2024-2025,Engineering and Technology,1,1,1,1,Karnataka,1
1-43663891377,GOVT.TOOL ROOM & TRAINING CENTRE- GULBARGA,"PLOT NO. 122 &123, M.B.ROAD, DARSHANAPUR LAYOUT, SANGTRASWADI",GULBARGA,Government,N,N,1-476952621,fetchdata,2024-2025,Engineering and Technology,1,1,1,1,Karnataka,1
1-43663946411,SRI KRISHNA INSTITUTE OF TECHNOLOGY,"NO.57, CHIMNEY HILLS, HESARAGHATTA MAIN ROAD, CHIKKABANAVARA POST, BENGALURU- 560090",BANGALORE URBAN,Private-Self Financing,N,N,1-11557861,fetchdata,2024-2025,Engineering and Technology,1,1,1,1,Karnataka,1
1-43664073213,GOVERNMENT POLYTECHNIC,MAHATMA GANDHI ROAD  KARWAR 581301 KARNATAKA,UTTARA KANNADA,Government,N,N,1-475885601,fetchdata,2024-2025,Engineering and Technology,1,1,1,1,Karnataka,1
1-43664308008,SRI VENKATESHWARA POLYTECHNIC,JANGALPALYA BANNERUGHATTA,BANGALORE RURAL,Govt aided,N,N,1-475008881,fetchdata,2024-2025,Engineering and Technology,1,1,1,1,Karnataka,1
1-43663592031,RAJARAJESWARI COLLEGE OF ENGINEERING,"#14, RAMOHOLLI CROSS,  KUMBALGODU,  MYSORE ROAD,BANGALORE - 560074",BANGALORE URBAN,Private-Self Financing,N,N,1-4201514,fetchdata,2024-2025,Engineering and Technology,1,1,1,1,Karnataka,1
1-43663766767,GOVERNMENT POLYTECHNIC SURPUR,SURPUR,YADGIR,Government,N,N,1-509679253,fetchdata,2024-2025,Engineering and Technology,1,1,1,1,Karnataka,1
1-43663832158,"GOVERNMENT POLYTECHNIC, DEODURG","NAGARGUND ROAD, DEODURG DIST:RAICHUR STATE: KARNATAKA",RAICHUR,Government,N,N,1-508415751,fetchdata,2024-2025,Engineering and Technology,1,1,1,1,Karnataka,1
1-43663894344,SHREE SHANMUKHA SHIVAYOGI RURAL POLYTECHNIC JEWARGI,"BIJAPUR ROAD, JEWARGI",GULBARGA,Private-Self Financing,N,N,1-474141607,fetchdata,2024-2025,Engineering and Technology,1,1,1,1,Karnataka,1
1-43663598143,SMT.L.V.(GOVT.) POLYTECHNIC,"B.M.ROAD, DAIRY CIRCLE",HASSAN,Government,N,N,1-460939251,fetchdata,2024-2025,Engineering and Technology,1,1,1,1,Karnataka,1
1-43663599125,BHEEMANNA KHANDRE INSTITUTE OF TECHNOLOGY,"BHALKI-HUMNABAD ROAD, BHALKI- 585328 DIST. BIDAR KARNATAKA",BIDAR,Private-Self Financing,N,N,1-1726621,fetchdata,2024-2025,Engineering and Technology,1,1,1,1,Karnataka,1
1-43664020246,GOVT. POLYTECHNIC,"NEAR SILK FARM, NH-48,SIRA, TUMAKURU DIST, KARNATAKA STATE-572137",TUMKUR,Government,N,N,1-4674970061,fetchdata,2024-2025,Engineering and Technology,1,1,1,1,Karnataka,1
1-43663600756,"BASAVAKALYAN POLYTECHNIC COLLEGE, BASAVAKALYAN",N.H. 9 BASAVAKALYAN DIST: BIDAR STATE: KARNATAKA,BIDAR,Private-Self Financing,N,N,1-2481498001,fetchdata,2024-2025,Engineering and Technology,1,1,1,1,Karnataka,1
1-43663778414,MANIPAL INSTITUTE OF TECHNOLOGY,MANIPAL INSTITUTE OF TECHNOLOGYMANIPAL576104KARNATAKA,UDUPI,Deemed to be University(Pvt),N,N,1-4187991,fetchdata,2024-2025,Engineering and Technology,1,1,1,1,Karnataka,1
1-44019269543,DR H N NATIONAL COLLEGE OF ENGINEERING,"36 B CROSS, 7TH BLOCK JAYA NAGAR, BANGALORE",BANGALORE URBAN,Private-Self Financing,N,N,1-44019269543,fetchdata,2024-2025,Engineering and Technology,1,1,1,1,Karnataka,1
1-43710627998,CENTRAL UNIVERSITY OF KARNATAKA,"KADAGANCHI,  ALAND ROAD",GULBARGA,Central University,N,N,1-43710627998,fetchdata,2024-2025,Engineering and Technology,1,1,1,1,Karnataka,1
1-44079711234,ALLIANCE UNIVERSITY,"CHIKKAHAGADE CROSS, CHANDAPURA - ANEKAL MAIN ROAD, ANEKAL",BANGALORE URBAN,State Private University,N,N,1-44079711234,fetchdata,2024-2025,Engineering and Technology,1,1,1,1,Karnataka,1
1-43773447523,BHARATESH INSTITUTE OF TECHNOLOGY,"CHANDARAGIRI CAMPUS, BASVANKUDACHI EXTN, BELAGAVI",BELGAUM,Private-Self Financing,N,N,1-43773447523,fetchdata,2024-2025,Engineering and Technology,1,1,1,1,Karnataka,1
1-43673678396,MARGADARSHAN INSTITUTE OF ENGINEERING AND TECHNOLOGY POLYTECHNIC,ILKAL TO HERUR ROAD TONDIHAL,BAGALKOT,Private-Self Financing,N,N,1-491392521,fetchdata,2024-2025,Engineering and Technology,1,1,1,1,Karnataka,1
1-43929145413,GOVERNMENT ENGINEERING COLLEGE,ARSIKERE,HASSAN,Government,N,N,1-43929145413,fetchdata,2024-2025,Engineering and Technology,1,1,1,1,Karnataka,1
1-43976275454,SESHADRIPURAM INSTITUTE OF TECHNOLOGY,"PLOT NO. 4,5,6A, 6B AND 7B KADAKOLA INDUSTRIAL AREA, KADAKOLA VILLAGE, JAIPURA HOBLI, MYSURU TALUK, MYSURU - 571311",MYSORE,Private-Self Financing,N,N,1-43976275454,fetchdata,2024-2025,Engineering and Technology,1,1,1,1,Karnataka,1
1-43785968063,RASTA CENTER FOR ROAD TECHNOLOGY,"PHASE 1, PEENYA INDUSTRIAL AREA",BANGALORE URBAN,Private-Self Financing,N,N,1-43785968063,fetchdata,2024-2025,Engineering and Technology,1,1,1,1,Karnataka,1
1-43691038635,KHAJA BANDANAWAZ UNIVERSITY,"ROUZA BUZURG, KALABURAGI.",GULBARGA,State Private University,N,Y,1-43691038635,fetchdata,2024-2025,Engineering and Technology,1,1,1,1,Karnataka,1
1-43834975563,GOVERNMENT POLYTECHNIC BYADGI,"GOVERNMENT POLYTECHNIC BYADGI, HAUNSABHAVI ROAD BYADGI, TALUK BYADGI",HAVERI,Government,N,N,1-43834975563,fetchdata,2024-2025,Engineering and Technology,1,1,1,1,Karnataka,1
1-44075677547,GOVERNMENT POLYTECHNIC TARIKERE,"ARASIKERE, BHAVIKERE, LAKKAVALLI, TARIKERE, CHIKKAMAGALURE",CHIKMAGALUR,Government,N,N,1-44075677547,fetchdata,2024-2025,Engineering and Technology,1,1,1,1,Karnataka,1
1-43661719859,VEMANA INSTITUTE OF TECHNOLOGY,"#1, MAHAYOGI VEMANA ROAD, 3RD BLOCK, KORMANGALA, BANGALORE -560034.",BANGALORE URBAN,Private-Self Financing,N,N,1-5219860,fetchdata,2024-2025,Engineering and Technology,1,1,1,1,Karnataka,1
1-43661779253,PROUDHADEVARAYA INSTITUTE OF TECHNOLOGY,"SHAH BHAVARLAL BABULAL NAHAR CAMPUS T.B.DAM ROAD, BESIDE TSP LIMITED, HOSPET - 583225 BELLARY DISTRICT",BELLARY,Private-Self Financing,N,N,1-4482921,fetchdata,2024-2025,Engineering and Technology,1,1,1,1,Karnataka,1
1-43661894489,"B. V. V. S. POLYTECHNIC,BAGALKOT.","B V V SANGHA CAMPUS, BELGAUM - RAICHUR ROAD",BAGALKOT,Govt aided,N,N,1-450864481,fetchdata,2024-2025,Engineering and Technology,1,1,1,1,Karnataka,1
1-43662201208,GOVERNMENT POLYTECHNIC KAUP,GOVERNMENT POLYTECHNIC BELAPU KAUP,UDUPI,Government,N,N,1-9515821091,fetchdata,2024-2025,Engineering and Technology,1,1,1,1,Karnataka,1
1-43662370924,VISVESVARAYA TECHNOLOGICAL UNIVERSITY CENTRE FOR POST GRADUATE STUDIES MUDDENAHALLI,VISVESVARAYA TECHNOLOGICAL UNIVERSITY CENTRE FOR POST GRADUATE STUDIES,BELGAUM,Government,N,N,1-7728925231,fetchdata,2024-2025,Engineering and Technology,1,1,1,1,Karnataka,1
1-43662373288,GOVERNMENT ENGINEERING COLLEGE CHALLAKERE,BALLARI ROAD CHALLAKERE,CHITRADURGA,Government,N,N,1-7325589911,fetchdata,2024-2025,Engineering and Technology,1,1,1,1,Karnataka,1
1-43661610041,INTERNATIONAL INSTITUTE OF INFORMATION TECHNOLOGY BANGALORE,"26/C, ELECTRONICS CITY, PHASE 1, HOSUR ROAD, BANGALORE",BANGALORE URBAN,Deemed to be University(Pvt),N,N,1-3759419641,fetchdata,2024-2025,Engineering and Technology,1,1,1,1,Karnataka,1
1-43662202076,GOVERNMENT TOOL ROOM AND TRAINING CENTRE,"SURVEY NUMBER 117, BELLARY ROAD",CHITRADURGA,Government,N,N,1-9507474821,fetchdata,2024-2025,Engineering and Technology,1,1,1,1,Karnataka,1
1-43662308823,K.S.POLYTECHNIC,"K.S.POLYTECHNIC,N0.15,MALLASANDRA,OFF KANAKAPURA ROAD,BENGALURU-560109",BANGALORE URBAN,Private-Self Financing,N,N,1-479642611,fetchdata,2024-2025,Engineering and Technology,1,1,1,1,Karnataka,1
1-43662376172,DAYANANDA SAGAR UNIVERSITY,"INNOVATION CAMPUS, KUDLU GATE, HOSUR ROAD,  BENGALURU",BANGALORE URBAN,State Private University,N,N,1-7324150851,fetchdata,2024-2025,Engineering and Technology,1,1,1,1,Karnataka,1
1-43661846422,VIDYA VIKAS INSTITUTE OF ENGINEERING & TECHNOLOGY,"#127,ALANAHALLY,ALANAHALLY  POST MYSORE-BANNUR ROAD",MYSORE,Private-Self Financing,N,N,1-3933345,fetchdata,2024-2025,Engineering and Technology,1,1,1,1,Karnataka,1
1-43661731025,SIDDAGANGA POLYTECHNIC,"OPPOSITE TO A.P.M.C. YARD, BATAWADI",TUMKUR,Private-Self Financing,N,N,1-441462361,fetchdata,2024-2025,Engineering and Technology,1,1,1,1,Karnataka,1
1-43661732025,"GOVERNMENT POLYTECHNIC, KALGI",TQ: CHITTAPUR DIST: GULBARGA,GULBARGA,Government,N,N,1-482728561,fetchdata,2024-2025,Engineering and Technology,1,1,1,1,Karnataka,1
1-43662385154,ANJUMAN-E-ISLAM POLYTECHNIC GADAG,"BANGALORE ROAD, NEAR MALLASAMUDRA",GADAG,Govt aided,N,Y,1-430194581,fetchdata,2024-2025,Engineering and Technology,1,1,1,1,Karnataka,1
1-43661678314,PRESIDENCY UNIVERSITY,"ITGALPURA, RAJANUKUNTE, YELAHANKA, BENGALURU - 560 064",BANGALORE URBAN,State Private University,N,Y,1-4348217721,fetchdata,2024-2025,Engineering and Technology,1,1,1,1,Karnataka,1
1-43662265772,BGS COLLEGE OF ENGINEERING AND TECHNOLOGY," CA SITE NO. 6 & 7, 3RD  MAIN, PIPE LINE ROAD, MAHALAKSHMIPURAM, WEST OF CHORD ROAD",BANGALORE URBAN,Private-Self Financing,N,N,1-11323728201,fetchdata,2024-2025,Engineering and Technology,1,1,1,1,Karnataka,1
1-43662319080,"NMAM INSTITUTE OF TECHNOLOGY, NITTE","NMAM INSTITUTE OF TECHNOLOGY  NITTE, NITTE POST & VILLAGE  - 574110 KARKALA TALUK UDUPI DISTRICT KARNATAKA STATE",UDUPI,Private-Self Financing,N,N,1-5795381,fetchdata,2024-2025,Engineering and Technology,1,1,1,1,Karnataka,1
1-43661563856,VIDYAVARDHAKA POLYTECHNIC - 488,"GOKULAM, 3RD STAGE,  MYSORE - 570002",MYSORE,Private-Self Financing,N,N,1-457474151,fetchdata,2024-2025,Engineering and Technology,1,1,1,1,Karnataka,1
1-43661684829,R.L.JALAPPA INSTITUTE OF TECHNOLOGY,"KODIGEHALLI, DODDABALLAPUR-561203, BANGALORE RURAL DIST, KARNATAKA STATE",BANGALORE RURAL,Private-Self Financing,N,N,1-22204701,fetchdata,2024-2025,Engineering and Technology,1,1,1,1,Karnataka,1
1-43662215956,TMAES POLYTECHNIC,T M A E S POLYTECHNIC,SHIMOGA,Private-Self Financing,N,N,1-487640671,fetchdata,2024-2025,Engineering and Technology,1,1,1,1,Karnataka,1
1-43661566793,"P.E.S. COLLEGE OF ENGINEERING, MANDYA","P.E.S. COLLEGE OF ENGINEERING, MANDYA KARNATAKA STATE PIN: 571 401",MANDYA,Govt aided,N,N,1-3763241,fetchdata,2024-2025,Engineering and Technology,1,1,1,1,Karnataka,1
1-43661860472,A P S COLLEGE OF ENGINEERING,26 KM KANAKAPURA ROAD BANGALORE 82,BANGALORE URBAN,Private-Self Financing,N,N,1-5724943,fetchdata,2024-2025,Engineering and Technology,1,1,1,1,Karnataka,1
1-43661746723,SRI TARALABALU JAGADGURU INSTITUTE OF TECHNOLOGY,P B ROAD (NH4) RANEBENNUR-581 115 HAVERI DISTRICT KARNATAKA STATE INDIA,HAVERI,Private-Self Financing,N,N,1-2188061,fetchdata,2024-2025,Engineering and Technology,1,1,1,1,Karnataka,1
1-43662403295,JSS ACADEMY OF TECHNICAL EDUCATION,JSSATE CAMPUS UTTARAHALLI-KENGERI ROAD  BANGALORE 560060 KARNATAKA,BANGALORE URBAN,Private-Self Financing,N,N,1-6027111,fetchdata,2024-2025,Engineering and Technology,1,1,1,1,Karnataka,1
1-43662546707,MALIK SANDAL POLYTECHNIC,"424, NAURASPUR, BAGALKOT ROAD, BIJAPUR-586109 KARNATAKA",BIJAPUR,Private-Self Financing,N,N,1-475935771,fetchdata,2024-2025,Engineering and Technology,1,1,1,1,Karnataka,1
1-43662547685,T JOHN INSTITUTE OF TECHNOLOGY,"#86/1, KAMMANAHALLI, GOTTIGERE, BANNERUGATTA ROAD, BANGALORE",BANGALORE URBAN,Private-Self Financing,N,N,1-6251466,fetchdata,2024-2025,Engineering and Technology,1,1,1,1,Karnataka,1
1-43662676787,JSS POLYTECHNIC,MYSORE-OOTY ROAD,MYSORE,Govt aided,N,N,1-474956411,fetchdata,2024-2025,Engineering and Technology,1,1,1,1,Karnataka,1
1-43662865038,VTU POST GRADUATE CENTER  AND SKILL DEVELOPMENT CENTER TALAKAL,"VTU PG CENTER AND SKILL DEVELOPMENT CENTER  TALAKAL, KUKANOOR TALUK KOPPAL -DISTRICT",KOPPAL,Government,N,N,1-43414738463,fetchdata,2024-2025,Engineering and Technology,1,1,1,1,Karnataka,1
1-43662494293,"MARATHA MANDAL'S ENGINEERING COLLEGE, BELGAUM","RS. NO.104, HALBHAVI VILLAGE, POST: NEW VANTMURI, VIA KAKATI, TALUKA & DIST. BELGAUM-591113, KARNATAKA",BELGAUM,Private-Self Financing,N,N,1-3673131,fetchdata,2024-2025,Engineering and Technology,1,1,1,1,Karnataka,1
1-43662622082,KALPATARU INSTITUTE OF TECHNOLOGY,"KALPATARU INSTITUTE OF TECHNOLOGY, B.H.ROAD, HASSAN CIRCLE, TIPTUR-572202",TUMKUR,Private-Self Financing,N,N,1-13347267,fetchdata,2024-2025,Engineering and Technology,1,1,1,1,Karnataka,1
1-43662625554,THE OXFORD COLLEGE OF ENGINEERING,"HOSUR ROAD, BOMMANAHALLI,",BANGALORE URBAN,Private-Self Financing,N,Y,1-5770711,fetchdata,2024-2025,Engineering and Technology,1,1,1,1,Karnataka,1
1-43662757255,BASAV ENGINEERING SCHOOL OF TECHNOLOGY,"144/3, AT POST ZALKI, TQ. INDI, DIST VIJAYPURA",BIJAPUR,Private-Self Financing,N,N,1-3348020477,fetchdata,2024-2025,Engineering and Technology,1,1,1,1,Karnataka,1
1-43662630903,B E T POLYTECHNIC,BHARATHINAGARA [K M DODDI] MADDUR TALUK MANDYA DIST  KARNATAKA -571422,MANDYA,Private-Self Financing,N,N,1-448505501,fetchdata,2024-2025,Engineering and Technology,1,1,1,1,Karnataka,1
1-43662820987,ADITYA COLLEGE OF ENGINEERING AND TECHNOLOGY,"SURVEY NO. 2/8,2/9 AND2/2, KAMAKSHIPURA, SONNENAHALLI PANCHAYATH, HESARAGHATTA HOBLI,  YELAHANKA, BENGALURU NORTH",BANGALORE URBAN,Private-Self Financing,N,N,1-43376594993,fetchdata,2024-2025,Engineering and Technology,1,1,1,1,Karnataka,1
1-43662822816,GOVERNMENT TOOL ROOM AND TRAININIG CENTRE DEVANAHALLI,"SURVEY NO 183, CHANNARAYAPATANA VILLAGE",BANGALORE RURAL,Government,N,N,1-43377332433,fetchdata,2024-2025,Engineering and Technology,1,1,1,1,Karnataka,1
1-43662510023,SHRIDEVI INSTITUTE OF ENGINEERING AND TECHNOLOGY,"MARELENAHALLY, SIRA ROAD  TUMKUR",TUMKUR,Private-Self Financing,N,N,1-3401154,fetchdata,2024-2025,Engineering and Technology,1,1,1,1,Karnataka,1
1-43662709004,JAWAHAR POLYTECHNIC YADGIR,"SY. NO. 383, DEGREE COLLEGE ROAD, YADGIR",YADGIR,Private-Self Financing,N,N,1-814665831,fetchdata,2024-2025,Engineering and Technology,1,1,1,1,Karnataka,1
1-43662522497,SRINIVAS INSTITUTE OF TECHNOLOGY,"SRINIVAS CAMPUS VALACHIL, ARKULA VILLAGE FARANGIPETE POST MANGALORE",D KANNADA(DK),Private-Self Financing,N,N,1-1710521,fetchdata,2024-2025,Engineering and Technology,1,1,1,1,Karnataka,1
1-43662649499,JSS SCIENCE AND TECHNOLOGY UNIVERSITY,"JSS TECHNICAL INSTITUTIONS CAMPUS, MANASAGANGOTHRI, MYSURU 570006",MYSORE,Private-Self Financing,N,N,1-3738162321,fetchdata,2024-2025,Engineering and Technology,1,1,1,1,Karnataka,1
1-43662839462,GOVERNMENT POLYTECHNIC KAMADOLLI,GOVERNMENT POLYTECHNIC KAMADOLLI,DHARWAD,Government,N,N,1-43385383528,fetchdata,2024-2025,Engineering and Technology,1,1,1,1,Karnataka,1
1-43662841271,GOVERNMENT POLYTECHNIC PERIYAPATANA,"GOVERNMENT POLYTECHNIC PERIYAPATANA,KAGGUNDI VILLAGE,RAVANDUR HOBLI,PERIYAPATANA TALUK",MYSORE,Government,N,N,1-43385557872,fetchdata,2024-2025,Engineering and Technology,1,1,1,1,Karnataka,1
1-44532707207,SHETTY INSTITUTE OF TECHNOLOGY,5TH KM RAJAPUR SHAHABAD ROAD GULBARGA,GULBARGA,Private-Self Financing,N,N,1-459366372,fetchdata,2024-2025,Engineering and Technology,1,1,1,1,Karnataka,1
1-43662462985,JAIN DEEMED TO BE UNIVERSITY FACULTY OF ENGINEERING AND TECHNOLOGY,"JAIN GLOBAL CAMPUS, JAKKASANDRA POST, KANAKAPURA TALUK, RAMANAGARA DISTRICT",RAMANAGARA,Deemed to be University(Pvt),N,N,1-3866673607,fetchdata,2024-2025,Engineering and Technology,1,1,1,1,Karnataka,1
1-43662663852,ANGADI INSTITTUTE OF TECHNOLOGY AND MANAGEMENT,SAVAGAON ROAD BELGAUM,BELGAUM,Private-Self Financing,N,N,1-419868141,fetchdata,2024-2025,Engineering and Technology,1,1,1,1,Karnataka,1
1-43662536783,CANARA ENGINEERING COLLEGE,"BENJANAPADAVU, BANTWAL   PIN 574219 DAKSHINA KANNADA DIST, KARNATAKA STATE",DAKSHINA KANNADA,Private-Self Financing,N,Y,1-3579484,fetchdata,2024-2025,Engineering and Technology,1,1,1,1,Karnataka,1
1-43662539993,OXFORD POLYTECHNIC,SHEREWAD ROAD  ADJUCENT TO P.B ROAD NATIONAL HIGHWAY -04,DHARWAD,Private-Self Financing,N,N,1-466441841,fetchdata,2024-2025,Engineering and Technology,1,1,1,1,Karnataka,1
1-43662472267,DR. T.THIMMAIAH INSTITUTE OF TECHNOLOGY,"00RGAUM POST, KOLAR GOLD FIELDS - 563 120 KARNATAKA",KOLAR,Private-Self Financing,N,N,1-11477172,fetchdata,2024-2025,Engineering and Technology,1,1,1,1,Karnataka,1
1-43662673278,M. N. TECHNICAL INSTITUTE,"M. N. TECHNICAL INSTITUTE, KAMMAGONDANAHALLI, ABBIGERE MAIN ROAD, BANGALORE-15.",BANGALORE URBAN,Private-Self Financing,N,N,1-481405833,fetchdata,2024-2025,Engineering and Technology,1,1,1,1,Karnataka,1
1-43662858981,GOVERNMENT POLYTECHNIC ARKERA,GOVERNMENT POLYTECHNIC ARKERA DEVADURGA RAICHUR DISTRICT,RAICHUR,Government,N,N,1-43399471563,fetchdata,2024-2025,Engineering and Technology,1,1,1,1,Karnataka,1
1-43664862675,M. S. RAMAIAH INSTITUTE OF TECHNOLOGY,"VIDYA SOUDHA, MSR NAGAR, MSRIT POST, BANGALORE - 560054.",BANGALORE URBAN,Private-Self Financing,N,N,1-9522465,fetchdata,2024-2025,Engineering and Technology,1,1,1,1,Karnataka,1
1-43664924117,B V V SANGHA'S BASAVESHWAR ENGINEERING COLLEGE BAGALKOT,NIJALINGAPPA ROAD BAGALKOT 587102,BAGALKOT,Govt aided,N,N,1-6375432,fetchdata,2024-2025,Engineering and Technology,1,1,1,1,Karnataka,1
1-43664559820,VEERAPPA NISTY ENGNINEERING COLLEGE,"POST:HASNAPUR, TQ:SHORAPUR, DIST: YADGIR",YADGIR,Private-Self Financing,N,N,1-7638031,fetchdata,2024-2025,Engineering and Technology,1,1,1,1,Karnataka,1
1-43664745611,B.T.PATIL AND SONS POLYTECHNIC,"GAVANI-STAVANIDHI, TALUKA: CHIKKODI",BELGAUM,Private-Self Financing,N,N,1-454268781,fetchdata,2024-2025,Engineering and Technology,1,1,1,1,Karnataka,1
1-43664748572,R.L.JALAPPA POLYTECHNIC,"DODDABALLAPUR TALUK, DARGAJOGIHALLI,KODIGEHALLI POST",BANGALORE RURAL,Private-Self Financing,N,N,1-2869754251,fetchdata,2024-2025,Engineering and Technology,1,1,1,1,Karnataka,1
1-43664867712,TMAES POLYTECHNIC,BELLARY ROAD,BELLARY,Govt aided,N,N,1-473855591,fetchdata,2024-2025,Engineering and Technology,1,1,1,1,Karnataka,1
1-43664447905,K.S.INSTITUTE OF TECHNOLOGY,"#14,RAGUVANAHALLI, KANAKAPURA MAIN ROAD,BANGALORE - 560 062.",BANGALORE URBAN,Private-Self Financing,N,N,1-4653721,fetchdata,2024-2025,Engineering and Technology,1,1,1,1,Karnataka,1
1-43664506337,RAJEEV INSTITUTE OF TECHNOLOGY,"PLOT 1-D(P-1), GROWTH CENTRE, INDUSTRIAL AREA,  BANGALORE MANGALORE BYPASS ROAD HASSAN-573201 KARNATAKA",HASSAN,Private-Self Financing,N,N,1-6521571,fetchdata,2024-2025,Engineering and Technology,1,1,1,1,Karnataka,1
1-43664625675,GOVERNMENT POLYTECHNIC,VIDYANAGAR,DHARWAD,Government,N,N,1-473881761,fetchdata,2024-2025,Engineering and Technology,1,1,1,1,Karnataka,1
1-43664749575,SRI TARALABALU JAGADGURU POLYTECHNIC,SRI TARALABALU JAGADGURU POLYTECHNIC HOSPET ROAD HARAPANAHALLI,DAVANAGERE,Govt aided,N,N,1-425542251,fetchdata,2024-2025,Engineering and Technology,1,1,1,1,Karnataka,1
1-43664932928,K.V.T. POLYTECHNIC,"C.V.V CAMPUS,CHICKBALLAPUR.",CHIKABALLAPUR,Govt aided,N,N,1-444991431,fetchdata,2024-2025,Engineering and Technology,1,1,1,1,Karnataka,1
1-43665242546,GOVERNMENT POLYTECHNIC KOPPA,GOVERNMENT POLYTECHNIC BALAGADI KOPPA,CHIKMAGALUR,Government,N,N,1-9464115668,fetchdata,2024-2025,Engineering and Technology,1,1,1,1,Karnataka,1
1-43664635334,"R.T.E.SOCIETY'S, RURAL ENGINEERING COLLEGE, HULKOTI","R.T.E.SOCIETY'S, RURAL ENGINEERING COLLEGE,  HULKOTI -582 205 TAQ / DIST:GADAG STATE: KARNATAKA COUNTRY: INDIA",GADAG,Private-Self Financing,N,N,1-5445871,fetchdata,2024-2025,Engineering and Technology,1,1,1,1,Karnataka,1
1-43664759580,JSS POLYTECHNIC FOR THE DIFFERENTLY ABLED,"JSS TECHNICAL INSTUTITIONS' CAMPUS, MANASAGANGOTHRI",MYSORE,Govt aided,N,N,1-444205351,fetchdata,2024-2025,Engineering and Technology,1,1,1,1,Karnataka,1
1-43664817075,GOVERNMENT POLYTECHNIC,"NEAR MURUGARAJENDRA STADIUM, BESIDES GOVT ARTS COLLEGE",CHITRADURGA,Government,N,N,1-463450161,fetchdata,2024-2025,Engineering and Technology,1,1,1,1,Karnataka,1
1-43664877393,GOVERNMENT TOOL ROOM & TRAINING CENTRE- KUDALASANGAMA,GTTC CAMPUS,BAGALKOT,Government,N,N,1-473906061,fetchdata,2024-2025,Engineering and Technology,1,1,1,1,Karnataka,1
1-43664577460,IMPACT COLLEGE OF ENGINEERING AND APPLIED SCIENCES,KODIGEHALLI SAHAKARANAGAR SOUTH BANGALORE,BANGALORE URBAN,Private-Self Financing,N,N,1-4425731,fetchdata,2024-2025,Engineering and Technology,1,1,1,1,Karnataka,1
1-43664761416,ATME COLLEGE OF ENGINEERING,"SY.NO.1002, HAROHALLI (MELLAHALLI)",MYSORE,Private-Self Financing,N,N,1-7334961,fetchdata,2024-2025,Engineering and Technology,1,1,1,1,Karnataka,1
1-43664882029,KARNATAKA (GOVT.) POLYTECHNIC,KADRI HILLS,DAKSHINA KANNADA,Government,N,N,1-462007101,fetchdata,2024-2025,Engineering and Technology,1,1,1,1,Karnataka,1
1-43664579690,PES POLYTECHNIC,50 FEET ROAD HANUMANTHA NAGAR BSK I STAGE,BANGALORE URBAN,Private-Self Financing,N,N,1-452071211,fetchdata,2024-2025,Engineering and Technology,1,1,1,1,Karnataka,1
1-43664641601,SRI DHARMASTHALA MANJUNATHESHWARA POLYTECHNIC - UJIRE,UJIRE BELTHANGADI TALLUK DAKSHINA KANNADA DISTRICT KARNATAKA 574240,DAKSHINA KANNADA,Private-Self Financing,N,N,1-457064031,fetchdata,2024-2025,Engineering and Technology,1,1,1,1,Karnataka,1
1-43665229452,GOVERNMENT POLYTECHNIC GAURIBIDANURU,IDAGURU ROAD GAURIBIDANURU THALUK,CHIKABALLAPUR,Government,N,N,1-9482574851,fetchdata,2024-2025,Engineering and Technology,1,1,1,1,Karnataka,1
1-43664767495,KURUNJI VENKATRAMANA GOWDA POLYTECHNIC,KURUNJIBHAG,DAKSHINA KANNADA,Govt aided,N,N,1-444260201,fetchdata,2024-2025,Engineering and Technology,1,1,1,1,Karnataka,1
1-43664826769,D.BANUMAIAH'S POLYTECHNIC,M.G.ROAD UDAYAGIRI,MYSORE,Govt aided,N,N,1-475319561,fetchdata,2024-2025,Engineering and Technology,1,1,1,1,Karnataka,1
1-43664414410,KCT ENGINEERING COLLEGE GULBARGA,KCT CAMPUS QAMAR UL ISLAM COLONY ROZA B GULBARGA 585104,GULBARGA,Private-Self Financing,N,Y,1-9406551,fetchdata,2024-2025,Engineering and Technology,1,1,1,1,Karnataka,1
1-43664771414,JAIN POLYTECHNIC DAVANGERE,"162/5-6, BADA CROSS AVARAGERE DAVANAGERE",DAVANAGERE,Private-Self Financing,N,N,1-2061175564,fetchdata,2024-2025,Engineering and Technology,1,1,1,1,Karnataka,1
1-43664827768,"GOVERNMENT POLYTECHNIC,BELGAUM","KAKATIVASE ROAD,NEAR CHENNAMMA CIRCLE,BELGAUM,KARNATAKA",BELGAUM,Government,N,N,1-466232411,fetchdata,2024-2025,Engineering and Technology,1,1,1,1,Karnataka,1
1-43664530608,"GOVERNMENT ENGINEERING COLLEGE, CHAMARAJANAGAR","GOVERNMENT POLYTECHNIC CAMPUS, NANJANGUD ROAD",CHAMARAJNAGAR,Government,N,N,1-38169544,fetchdata,2024-2025,Engineering and Technology,1,1,1,1,Karnataka,1
1-43664590601,"SHRI SUBHAS NAGUR MEMORIAL POLYTECHNIC, BIJAPUR",SMT. SUSHILADEVI NAGUR COLONY COLLEGE ROAD BIJAPUR,BIJAPUR,Private-Self Financing,N,N,1-461073681,fetchdata,2024-2025,Engineering and Technology,1,1,1,1,Karnataka,1
1-43664653152,TONTADARYA COLLEGE OF ENGINEERING,MUNDARAGI ROAD GADAG - 582101,GADAG,Private-Self Financing,N,N,1-4298204,fetchdata,2024-2025,Engineering and Technology,1,1,1,1,Karnataka,1
1-43664776130,P.A POLYTECHNIC,"NADUPADAV, MONTEPADAV POST, KAIRANGALA, NEAR MANGALORE UNIVERSITY",DAKSHINA KANNADA,Private-Self Financing,N,Y,1-444190331,fetchdata,2024-2025,Engineering and Technology,1,1,1,1,Karnataka,1
1-43664832835,R E S POLYTECHNIC,"#5, SUNKADAKATTE, MAGADI MAIN ROAD, HEGGENAHALLI CROSS",BANGALORE URBAN,Private-Self Financing,N,N,1-464050921,fetchdata,2024-2025,Engineering and Technology,1,1,1,1,Karnataka,1
1-43664895395,SAMBHRAM INSTITUTE OF TECHNOLOGY,"AMBABHAVANI TEMPLE ROAD M.S.PALYA, JALAHALLI EAST VIDYARANYAPURA POST",BANGALORE URBAN,Private-Self Financing,N,N,1-3979366,fetchdata,2024-2025,Engineering and Technology,1,1,1,1,Karnataka,1
1-43665019883,GSSS INSTITUTE OF ENGINEERING & TECHNOLOGY FOR WOMEN,"K.R.S. ROAD, METAGALLI  INDUSTRIAL AREA, MYSORE-16",MYSORE,Private-Self Financing,Y,N,1-6050376,fetchdata,2024-2025,Engineering and Technology,1,1,1,1,Karnataka,1
1-43664360004,GOVT. TOOL ROOM & TRAINING CENTRE - LINGASUGUR,"SARKARI THOTA,  KARADKAL ROAD, LINGASUGUR",RAICHUR,Government,N,N,1-468225051,fetchdata,2024-2025,Engineering and Technology,1,1,1,1,Karnataka,1
1-43664478018,GOVERNMENT POLYTECHNIC CHINTAMANI,OPPOSITE TO JHANSI STADIUM,CHIKABALLAPUR,Government,N,N,1-487472383,fetchdata,2024-2025,Engineering and Technology,1,1,1,1,Karnataka,1
1-43664534413,SANDUR POLYTECHNIC,"SANDUR POLYTECHNIC, YESHWANTNAGAR, VIA SANDUR, BELLARY DISTRICT",BELLARY,Private-Self Financing,N,N,1-424101215,fetchdata,2024-2025,Engineering and Technology,1,1,1,1,Karnataka,1
1-43664536384,BMS INSTITUTE OF TECHNOLOGY & MANAGEMENT,"POST BOX NO.6443, AVALAHALLI, DODDABALLAPURA MAIN ROAD, YELAHANKA, BANGALORE - 560064.",BANGALORE URBAN,Private-Self Financing,N,N,1-4152591,fetchdata,2024-2025,Engineering and Technology,1,1,1,1,Karnataka,1
1-43664656487,ST. JOSEPH ENGINEERING COLLEGE,MANGALORE,DAKSHINA KANNADA,Private-Self Financing,N,Y,1-6021856,fetchdata,2024-2025,Engineering and Technology,1,1,1,1,Karnataka,1
1-43664780083,"GOVT. TOOL ROOM AND TRAINING CENTRE, CHIKODI","SURVEY NO: 326/A NEAR GOVT DEGREE COLLEGE BUILDING, NIPPANI ROAD, CHIKODI - 591201",BELGAUM,Government,N,N,1-3514784397,fetchdata,2024-2025,Engineering and Technology,1,1,1,1,Karnataka,1
1-43664836495,VIVEKANANDA POLYTECHNIC,NEHARU NAGAR,D KANNADA(DK),Private-Self Financing,N,N,1-492650641,fetchdata,2024-2025,Engineering and Technology,1,1,1,1,Karnataka,1
1-43665138532,168-GOVT POLYTECHNIC HOSADURGA,"GOVT POLYTECHNIC, GANDHI CIRCLE,OLD HOSPITAL BUILDING, HOSADURGA-577527, CHITRADURGA(D)",CHITRADURGA,Government,N,N,1-495127641,fetchdata,2024-2025,Engineering and Technology,1,1,1,1,Karnataka,1
1-43664840555,S.S.E.T'S  R.N.SHETTY POLYTECHNIC,"SHIVABASAV NAGAR,",BELGAUM,Private-Self Financing,N,N,1-455744611,fetchdata,2024-2025,Engineering and Technology,1,1,1,1,Karnataka,1
1-43664843142,GOVERNMENT  POLYTECHNIC,"POLYTECHNIC CAMPUS,INDUSTRIAL ESTATE,TARIHAL",DHARWAD,Government,N,N,1-495291521,fetchdata,2024-2025,Engineering and Technology,1,1,1,1,Karnataka,1
1-43664964556,SRI SANJEEV POLYTECHNIC,SRI SANJEEV POLYTECHNIC SY.NO.63/1 HULIGUDDA SIVARA BANGLORE BY PASS ROAD LINGASUGUR.,RAICHUR,Private-Self Financing,N,N,1-501470081,fetchdata,2024-2025,Engineering and Technology,1,1,1,1,Karnataka,1
1-43664967379,GOVT POLYTECHNIC BIJAPUR,BAGALKOT ROAD,BIJAPUR,Government,N,N,1-475365011,fetchdata,2024-2025,Engineering and Technology,1,1,1,1,Karnataka,1
1-43664784760,GOVERNMENT INSTITUTE OF PRINTING TECHNOLOGY,"PALACE ROAD, OPPOSITE TO MAHARANI'S SCIENCE COLLEGE",BANGALORE URBAN,Government,N,N,1-456794323,fetchdata,2024-2025,Engineering and Technology,1,1,1,1,Karnataka,1
1-43664846257,"GOVT. ENGINEERING COLLEGE, HASSAN","DAIRY CIRCLE, B M ROAD, HASSAN",HASSAN,Government,N,N,1-15932481,fetchdata,2024-2025,Engineering and Technology,1,1,1,1,Karnataka,1
1-43664906902,D.R.R.GOVT POLYTECHNIC,HADADI ROAD   NEAR RURAL POLICE STATION.,DAVANAGERE,Government,N,N,1-466462151,fetchdata,2024-2025,Engineering and Technology,1,1,1,1,Karnataka,1
1-43664968465,UNIVERSITY OF VISVESVARAYA COLLEGE OF ENGINEERING,"UNIVERSITY VISVESVARAYA COLLEGE OF ENGINEERING (UVCE), KR CIRCLE, BANGALORE UNIVERSITY, BANGALORE 560001, KARNATAKA.",BANGALORE URBAN,Government,N,N,1-34822401,fetchdata,2024-2025,Engineering and Technology,1,1,1,1,Karnataka,1
1-43664545876,SHRI NIRANJANA SWAMY POLYTECHNIC,SUNKADAKATTE BAJPE,D KANNADA(DK),Govt aided,N,N,1-462702311,fetchdata,2024-2025,Engineering and Technology,1,1,1,1,Karnataka,1
1-43664671569,VIVEKANANDA INSTITUTE OF TECHNOLOGY,GUDIMAVU VILLAGE  KENGERI(HOBLI) NEAR KUMBALAGODU BANGALORE,BANGALORE RURAL,Private-Self Financing,N,N,1-12176161,fetchdata,2024-2025,Engineering and Technology,1,1,1,1,Karnataka,1
1-43664791752,SHIVASHARANE AKKAMAHADEVI GOVERNMENT WOMEN'S POLYTECHNIC,GOVERNMENT WOMEN'S POLYTECHNIC SORAB ROAD,SHIMOGA,Government,Y,N,1-467438493,fetchdata,2024-2025,Engineering and Technology,1,1,1,1,Karnataka,1
1-43664850571,GOVT POLYTECHNIC BAGEPALLI,"NH-7, GOVT POLYTECHNIC BAGEPALLI",CHIKABALLAPUR,Government,N,N,1-515192161,fetchdata,2024-2025,Engineering and Technology,1,1,1,1,Karnataka,1
1-43664611665,S J C INSTITUTE OF TECHNOLOGY,"P B NO. 20, B B ROAD, CHICKBALLAPUR, CHICKBALLAPUR (DISTRICT)",CHIKABALLAPUR,Private-Self Financing,N,N,1-10645161,fetchdata,2024-2025,Engineering and Technology,1,1,1,1,Karnataka,1
1-43664793703,DR.SRI SRI SRI SHIVAKUMARA MAHASWAMY POLYTECHNIC,"BYRANAYAKANAHALLI, DODDABELE POST, NELAMANGALA TALUK, BANGALORE RURAL DISTRICT.",BANGALORE RURAL,Private-Self Financing,N,N,1-715329491,fetchdata,2024-2025,Engineering and Technology,1,1,1,1,Karnataka,1
1-43664913697,B.V.V.SANGHA S S.R.VASTRAD RURAL POLYTECHNIC,"TOGUNASHI CROSS, BADAMI ROAD",BAGALKOT,Govt aided,N,N,1-464174091,fetchdata,2024-2025,Engineering and Technology,1,1,1,1,Karnataka,1
1-43664438726,GOVT TOOL ROOM & TRG CENTRE - MANGALORE,"B131-132, INDUSTRIAL ESTATE BAIKAMPADY",DAKSHINA KANNADA,Government,N,N,1-465574941,fetchdata,2024-2025,Engineering and Technology,1,1,1,1,Karnataka,1
1-43664796389,JSS.K.H.KABBUR INSTITUTE OF ENGINEERING,"VIDYAGIRI, DHARWAD",DHARWAD,Govt aided,N,N,1-475384387,fetchdata,2024-2025,Engineering and Technology,1,1,1,1,Karnataka,1
1-43664856859,HINDUSTAN ELECTRONICS ACADEMY,"PB NO 3776, CHINNAPPANAHALLI, MARATHAHALLI",BANGALORE URBAN,Private-Self Financing,N,N,1-456031671,fetchdata,2024-2025,Engineering and Technology,1,1,1,1,Karnataka,1
1-43664857854,"HANAGAL SRI KUMARESHWARA POLYTECHNIC, BELLARY"," RYMEC CAMPUS, CANTONMENT BELLARY-583104",BELLARY,Private-Self Financing,N,N,1-477414661,fetchdata,2024-2025,Engineering and Technology,1,1,1,1,Karnataka,1
1-43664918190,SHREE BAHUBALI POLYTECHNIC,GOMATANAGARA SHRAVANABELAGOLA CHANNARAYAPATNA (TALUK) HASSAN (DISTRICT) KARNATAKA,HASSAN,Private-Self Financing,N,Y,1-454872639,fetchdata,2024-2025,Engineering and Technology,1,1,1,1,Karnataka,1
1-43665325217,GOVERNMENT POLYTECHNIC,"GOVERNMENT POLYTECHNIC KAMPLI ,NO.10 MUDDAPURA, KAMPLI-583132",BELLARY,Government,N,N,1-477730271,fetchdata,2024-2025,Engineering and Technology,1,1,1,1,Karnataka,1
1-43665456244,YADGIR POLYTECHNIC,OPP YADGIR RLY STATION,YADGIR,Private-Self Financing,N,N,1-423141001,fetchdata,2024-2025,Engineering and Technology,1,1,1,1,Karnataka,1
1-43665331077,GOVT POLYTECHNIC,"GOVERNMENT POLYTECHNIC, INDI ROAD, OPP.GOVT.HOSPITAL, ZALAKI, TALUK: INDI, DIST:VIJAYAPURA PIN-586204.",BIJAPUR,Government,N,N,1-473841031,fetchdata,2024-2025,Engineering and Technology,1,1,1,1,Karnataka,1
1-43665392773,AMRITA VISHWA VIDYAPEETHAM BENGALURU CAMPUS,"KASAVANAHALLI, CARMELARAM POST,  OFF SARJAPUR ROAD",BANGALORE URBAN,Deemed to be University(Pvt),N,N,1-4905446241,fetchdata,2024-2025,Engineering and Technology,1,1,1,1,Karnataka,1
1-43665460781,"SECAB INSTITUTE OF ENGINEERING & TECHNOLOGY, BIJAPUR","424, NAURASPUR,  BAGALKOT ROAD,  HUDCO CROSS, BIJAPUR-586101",BIJAPUR,Private-Self Financing,N,N,1-6580491,fetchdata,2024-2025,Engineering and Technology,1,1,1,1,Karnataka,1
1-43665596900,CHANNABASAVESHWARA INSTITUTE OF TECHNOLOGY,"NH 206 (BH ROAD), GUBBI, TUMKUR. KARNATAKA",TUMKUR,Private-Self Financing,N,N,1-2623001,fetchdata,2024-2025,Engineering and Technology,1,1,1,1,Karnataka,1
1-43665599093,ACHARYA  PATASHALA POLYTECHNIC,"26 TH KM,KANAKAPURA MAIN ROAD, SOMANAHALLI.",BANGALORE URBAN,Govt aided,N,N,1-454374661,fetchdata,2024-2025,Engineering and Technology,1,1,1,1,Karnataka,1
1-43665333802,MANIPAL ACADEMY OF HIGHER EDUCATION (OFF-CAMPUS CENTRE AT BENGALURU),"MANIPAL ACADEMY OF HIGHER EDUCATION, (OFF-CAMPUS CENTRE AT BENGALURU), ADDRESS: GOVINDPURA VILLAGE, BSF CAMPUS, YELAHANKA, BENGALURU NORTH-560064, KARNATAKA",UDUPI,Deemed to be University(Pvt),N,N,1-9570633361,fetchdata,2024-2025,Engineering and Technology,1,1,1,1,Karnataka,1
1-43665463503,UNIVERSITY OF MYSORE,"B.N.BAHADUR INSTITUTE OF MANAGEMENT SCIENCES, (DOS IN BUSSINESS ADMINISTRATION)UNIVERSITY OF MYSORE, MANASAGANGOTRI,HUNSUR ROAD,MYSORE.",MYSORE,State Government University,N,N,1-444181581,fetchdata,2024-2025,Engineering and Technology,1,1,1,1,Karnataka,1
1-43665400349,SIDDAGANGA INSTITUTE OF TECHNOLOGY,B.H.ROAD,TUMKUR,Private-Self Financing,N,N,1-6648541,fetchdata,2024-2025,Engineering and Technology,1,1,1,1,Karnataka,1
1-43665538534,B E S INSTITUTE OF TECHNOLOGY,"BHARATH EDUCATION SOCIETY, 16TH MAIN, 4TH BLOCK, JAYANAGAR,",BANGALORE URBAN,Private-Self Financing,N,N,1-475263761,fetchdata,2024-2025,Engineering and Technology,1,1,1,1,Karnataka,1
1-43665605742,RAJEEV POLYTECHNIC,"PLOT 1-D(P-2),GROWTH CENTRE, BANGALORE-MANGALORE BYPASS ROAD, BOMMANAYAKANAHALLI,KASABA HOBLI,",HASSAN,Private-Self Financing,N,N,1-439215151,fetchdata,2024-2025,Engineering and Technology,1,1,1,1,Karnataka,1
1-43665735153,GOVERNMENT POLYTECHNIC HOLEALUR,GOVERNMENT POLYTECHNIC HOLEALUR,GADAG,Government,N,N,1-43385940470,fetchdata,2024-2025,Engineering and Technology,1,1,1,1,Karnataka,1
1-43665473218,ACHARYA POLYTECHINC,"SOLDEVANAHALLI, HESARAGHATTA MAIN ROAD BANGALORE -90 KARNATKAKA,  INDIA",BANGALORE URBAN,Private-Self Financing,N,N,1-453161421,fetchdata,2024-2025,Engineering and Technology,1,1,1,1,Karnataka,1
1-43665607951,VIDYA VIKAS EDUCATIONAL TRUST (R) POLYTECHNIC,#127/128 ALANAHALLLY MYSORE BANNUR ROAD ALANAHALLY POST MYSORE-28,MYSORE,Private-Self Financing,N,N,1-475194163,fetchdata,2024-2025,Engineering and Technology,1,1,1,1,Karnataka,1
1-43665740365,GOVERNMENT POLYTECHNIC TIPTUR,GOVERNMENT POLYTECHNIC TIPTUR,TUMKUR,Government,N,N,1-43394008725,fetchdata,2024-2025,Engineering and Technology,1,1,1,1,Karnataka,1
1-43665620413,"B.L.D.E.A'S V.P DR P.G.HALAKATTI COLLEGE OF ENGG. & TECH., BIJAPUR-03","ASHRAM ROAD, BIJAPUR - 586103",BIJAPUR,Private-Self Financing,N,N,1-4736974,fetchdata,2024-2025,Engineering and Technology,1,1,1,1,Karnataka,1
1-43665424642,GOMATESH POLYTECHNIC,GOMATESH NAGAR HINDWADI,BELGAUM,Govt aided,N,Y,1-462942695,fetchdata,2024-2025,Engineering and Technology,1,1,1,1,Karnataka,1
1-43665491958,ACS COLLEGE OF ENGINEERING,"207,KAMBIPURA, MYSORE ROAD,  KENGERI HOBLI, BANGALORE - 560074.",BANGALORE URBAN,Private-Self Financing,N,N,1-3287291,fetchdata,2024-2025,Engineering and Technology,1,1,1,1,Karnataka,1
1-43665559695,EAST POINT COLLEGE OF ENGINEERING & TECHNOLOGY,"JNANA PRABHA, BIDARAHALLI, VIRGONAGAR POST, BANGALORE.",BANGALORE URBAN,Private-Self Financing,N,N,1-6231206,fetchdata,2024-2025,Engineering and Technology,1,1,1,1,Karnataka,1
1-43665496005,ACHARYA INSTITUTE OF TECHNOLOGY,"SOLDEVANAHALLI, HESARAGHATTA MAIN ROAD, CHIKKABANAVARA POST,",BANGALORE URBAN,Private-Self Financing,N,N,1-8141561,fetchdata,2024-2025,Engineering and Technology,1,1,1,1,Karnataka,1
1-43665253431,GOVERNMENT TOOL ROOM AND TRAINING CENTRE,"GOVERNMENT TOOL ROOM AND TRAINING CENTRE, PLOT NO:486,KADECHUR-BADIYALA INDUSTRIAL AREA, RAICHUR MAIN ROAD (NH-150),TQ: YADGIR, DIST:YADGIR-585221 ",YADGIR,Government,N,N,1-9434065971,fetchdata,2024-2025,Engineering and Technology,1,1,1,1,Karnataka,1
1-43665314255,GOVERNMENT ENGINEERING COLLEGE BIDAR,GANDHI NAGAR ITI CAMPUS MAILUR,BIDAR,Government,N,N,1-12325216161,fetchdata,2024-2025,Engineering and Technology,1,1,1,1,Karnataka,1
1-43665578167,VIJAYA VITTALA INSTITUTE OF TECHNOLOGY,"#35/1, DODDA GUBBI POST, HENNUR-BAGALUR ROAD",BANGALORE URBAN,Private-Self Financing,N,N,1-7969525,fetchdata,2024-2025,Engineering and Technology,1,1,1,1,Karnataka,1
1-43665316004,"SHRI KENGAPPA NAYAKA GOVERNMENT POLYTECHNIC, DAGINAKATTE",GOVERNMENT POLYTECHNIC BASAVAPATNACHENNAGIRI TALUKDAVANAGERE DIST577551,DAVANAGERE,Government,N,N,1-12543132791,fetchdata,2024-2025,Engineering and Technology,1,1,1,1,Karnataka,1
1-43665316828,GOVERNMENT POLYTECHNIC HOLALKERE,"GOVERNMENT POLYTECHNIC, HANUMANTHA DEVARA KANIVE HOLALKERE",CHITRADURGA,Government,N,N,1-12610791931,fetchdata,2024-2025,Engineering and Technology,1,1,1,1,Karnataka,1
1-43665376702,R J S POLYTECHNIC,"C A SITE NO. 1, MAHAYOGI VEMANA ROAD, 16 TH MAIN,  3RD BLOCK, KORMANGALA",BANGALORE URBAN,Private-Self Financing,N,N,1-435509331,fetchdata,2024-2025,Engineering and Technology,1,1,1,1,Karnataka,1
1-43665580185,MOTICHAND LENGADE BHARATESH POLYTECHNIC,"BHARATESHNAGAR, SHINDOLLI CROSS,.BASAVANKUDACHI-EXTN,",BELGAUM,Govt aided,N,Y,1-419690107,fetchdata,2024-2025,Engineering and Technology,1,1,1,1,Karnataka,1
1-43665649576,BALLARI RURAL POLYTECHNIC,"KOLUR VILLAGE ,KOLUR POST , BELLARY DISTRICT ,BELLARY TALUK",BELLARY,Private-Self Financing,N,N,1-429694301,fetchdata,2024-2025,Engineering and Technology,1,1,1,1,Karnataka,1
1-43665446132,SIR M.VISVESVARAYA INSTITUTE OF TECHNOLOGY,"KRISHNADEVARAYANAGAR,  HUNASAMARANAHALLI,  VIA YELAHANKA BANGALORE - 562 157",BANGALORE URBAN,Private-Self Financing,N,N,1-5753860,fetchdata,2024-2025,Engineering and Technology,1,1,1,1,Karnataka,1
1-43665517401,A.M.C. ENGINEERING COLLEGE,"18KM,BANNERAGHATTA ROAD,KALKERE,BANGALORE-560083",BANGALORE URBAN,Private-Self Financing,N,N,1-5220016,fetchdata,2024-2025,Engineering and Technology,1,1,1,1,Karnataka,1
1-43665584837,RAMAN POLYTECHNIC,"NO. 134, VISHWABHARATHI CAMPUS, KAMAKSHIPALYA, BANGALORE - 79.",BANGALORE URBAN,Private-Self Financing,N,N,1-467853871,fetchdata,2024-2025,Engineering and Technology,1,1,1,1,Karnataka,1
1-43665587865,BHUVAN POLYTECHNIC,"VENKATALA,            YELAHANKA BANGALORE",BANGALORE URBAN,Private-Self Financing,N,N,1-493932241,fetchdata,2024-2025,Engineering and Technology,1,1,1,1,Karnataka,1
1-43660284548,GOVT POLYTECHNIC LINGASGUR,"OPP: BUS DEPOT ,MUDGAL ROAD,",RAICHUR,Government,N,N,1-479416321,fetchdata,2024-2025,Engineering and Technology,1,1,1,1,Karnataka,1
1-43660458572,SHRI LAXMANRAO JARKIHOLI POLYTECHNIC,"VIDYA NAGAR, GOKAK",BELGAUM,Private-Self Financing,N,N,1-458858441,fetchdata,2024-2025,Engineering and Technology,1,1,1,1,Karnataka,1
1-43660228397,GOVERNMENT ENGINEERING COLLEGE RAICHUR,GOVERNMENT ENGINEERING COLLEGE  RAICHUR-HYDERABAD ROAD YERAMARUS RAICHUR,RAICHUR,Government,N,N,1-451967501,fetchdata,2024-2025,Engineering and Technology,1,1,1,1,Karnataka,1
1-43660287263,SRI JAYACHAMARAJENDRA EDUCATIONAL  SOCIETY POLYTECHNIC,"OLD MADRAS ROAD, MEDAHALLI, VIRGONAGAR POST, BANGALORE-560049",BANGALORE URBAN,Private-Self Financing,N,N,1-820395951,fetchdata,2024-2025,Engineering and Technology,1,1,1,1,Karnataka,1
1-43660346799,"GOVERNMENT POLYTECHNIC, IMMADIHALLI","SY. NO.127 & 132, IMMADIHALLI, WHITE FIELD ROAD, BANGALORE EAST TALUK",BANGALORE URBAN,Government,N,N,1-475206661,fetchdata,2024-2025,Engineering and Technology,1,1,1,1,Karnataka,1
1-43660717372,B.M.S.COLLEGE OF ENGINEERING,"POST BOX NO 1908, BULL TEMPLE ROAD",BANGALORE URBAN,Govt aided,N,N,1-5884543,fetchdata,2024-2025,Engineering and Technology,1,1,1,1,Karnataka,1
1-43660230471,UNIVERSITY B D T COLLEGE OF ENGINEERING,P J EXTENSION HADADI ROAD,DAVANAGERE,State Government University,N,N,1-447718433,fetchdata,2024-2025,Engineering and Technology,1,1,1,1,Karnataka,1
1-43660232521,SRI KRISHNA POLYTECHNIC,"NO.57, CHIMNEY HILLS, PIPELINE ROAD, CHIKKABANAVARA POST",BANGALORE RURAL,Private-Self Financing,N,N,1-514335343,fetchdata,2024-2025,Engineering and Technology,1,1,1,1,Karnataka,1
1-43660469674,GOVT. INSTITUTE OF TEXTILE TECHNOLOGY,SJP CAMPUS K R CIRCLE BANGALORE 560001,BANGALORE URBAN,Government,N,N,1-493008751,fetchdata,2024-2025,Engineering and Technology,1,1,1,1,Karnataka,1
1-43660176961,M S ENGINEERING COLLEGE,"NAVARATHNA AGRAHARA, SADAHALLIPOST, NEAR BIAL, BANGALORE",BANGALORE RURAL,Private-Self Financing,N,N,1-14597691,fetchdata,2024-2025,Engineering and Technology,1,1,1,1,Karnataka,1
1-43660233450,SNJPSNMS TRUST'S  POLYTECHNIC,"CHIKODI ROAD,",BELGAUM,Private-Self Financing,N,N,1-431391981,fetchdata,2024-2025,Engineering and Technology,1,1,1,1,Karnataka,1
1-43660412340,GOVT TOOL ROOM & TRAINING  CENTRE- SHIVAMOGGA,"PLOT NO CA-38, NIDIGE INDUSTRIAL AREA, SHIVAMOGGA",SHIMOGA,Government,N,N,1-1524553524,fetchdata,2024-2025,Engineering and Technology,1,1,1,1,Karnataka,1
1-43660237745,GOVERNMENT POLYTECHNIC,MIRLE,MYSORE,Government,N,N,1-465752251,fetchdata,2024-2025,Engineering and Technology,1,1,1,1,Karnataka,1
1-43660356235,SRI REVANA SIDDESHWARA INSTITUTE OF TECHNOLOGY,"CHOKKANAHALLI, CHIKKAJALA,BANGALORE NORTH - 562157",BANGALORE URBAN,Private-Self Financing,N,N,1-6204071,fetchdata,2024-2025,Engineering and Technology,1,1,1,1,Karnataka,1
1-43660306325,BALAJI POLYTECHNIC,"BEHIND P&T QUARTERS ,OLD JEWARGI ROAD,GULBARGA.",GULBARGA,Private-Self Financing,N,N,1-464900201,fetchdata,2024-2025,Engineering and Technology,1,1,1,1,Karnataka,1
1-43660666262,A.G.M RURAL COLLEGE OF ENGINEERING AND TECHNOLOGY,"NH-4, P.B. ROAD OPP VRL HEAD OFFICE VARUR.",DHARWAD,Private-Self Financing,N,N,1-5209661,fetchdata,2024-2025,Engineering and Technology,1,1,1,1,Karnataka,1
1-43660128086,KLE TECHNOLOGICAL UNIVERSITY,"BVBHOOMARADDI COLLEGE CAMPUS, VIDYANAGAR, HUBBALLI",DHARWAD,State Private University,N,N,1-3626724751,fetchdata,2024-2025,Engineering and Technology,1,1,1,1,Karnataka,1
1-43660248771,"GOVERNMENT POLYTECHNIC,HANGAL",PALA ROAD TALUK:HANGAL DISTRICT:HAVERI STATE:KARNTAKA,HAVERI,Government,N,N,1-467272471,fetchdata,2024-2025,Engineering and Technology,1,1,1,1,Karnataka,1
1-43660362371,GOVERNMENT TOOL ROOM & TRAINING CENTRE - HARIHAR,"GOVT.TOOL ROOM & TRAINING CENTRE, PLOT NO:22 C&D, KIADB INDUSTRIAL AREA, HARLAPURA, HARIHAR, DAVANAGERE (DIST)",DAVANAGERE,Government,N,N,1-467540701,fetchdata,2024-2025,Engineering and Technology,1,1,1,1,Karnataka,1
1-43660423464,"S.T.S.K.K POLYTECHNIC, GADAG","MUNDARAGI ROAD, GADAG",GADAG,Private-Self Financing,N,N,1-422811081,fetchdata,2024-2025,Engineering and Technology,1,1,1,1,Karnataka,1
1-43660608098,SCT POLYTECHNIC,"KAGGADASAPURA MAIN ROAD, VIGNANA NAGAR, CV RAMAN NAGAR POST",BANGALORE URBAN,Private-Self Financing,N,N,1-498036141,fetchdata,2024-2025,Engineering and Technology,1,1,1,1,Karnataka,1
1-43660671314,GOVERNMENT POLYTECHNIC FOR WOMEN,SHESHADRI ROAD K.R.CIRCLE,BANGALORE URBAN,Government,Y,N,1-477609065,fetchdata,2024-2025,Engineering and Technology,1,1,1,1,Karnataka,1
1-43660249736,"HMS POLYTECHNIC (GOVT. AIDED),MINORITY","SHETTIHALLI MAIN ROAD,",TUMKUR,Govt aided,N,Y,1-441433571,fetchdata,2024-2025,Engineering and Technology,1,1,1,1,Karnataka,1
1-43660250649,GOVERNMENT POLYTECHNIC AURAD(B),OLD TAHASIL OFFICE BUILDING AURAD(B),BIDAR,Government,N,N,1-483541711,fetchdata,2024-2025,Engineering and Technology,1,1,1,1,Karnataka,1
1-43660252744,GOVERNMENT POLYTECHNIC,HOLENARASIPURA,HASSAN,Government,N,N,1-461123389,fetchdata,2024-2025,Engineering and Technology,1,1,1,1,Karnataka,1
1-43660490135,ST. MARY'S POLYTECHNIC,"K B EXTENSION, FORT ROAD,",CHITRADURGA,Private-Self Financing,N,N,1-825368541,fetchdata,2024-2025,Engineering and Technology,1,1,1,1,Karnataka,1
1-43660676243,CITY ENGINEERING COLLEGE,"DODDAKALLASANDRA, KANAKAPURA ROAD, BANGALORE.",BANGALORE URBAN,Private-Self Financing,N,N,1-5837611,fetchdata,2024-2025,Engineering and Technology,1,1,1,1,Karnataka,1
1-43660740847,"D V S POLYTECHNIC , SHIMOGA`","SIR M V ROAD BASHVESHAWARA CIRCLE , SHIMOGA.",SHIMOGA,Govt aided,N,N,1-487979463,fetchdata,2024-2025,Engineering and Technology,1,1,1,1,Karnataka,1
1-43660314141,"K.L.E.SOCIETY S SMT CHANABASAMMA.ISHWARAPPA.MUNAVALLI POLYTECHNIC,","VIDYANAGAR, HUBLI.",DHARWAD,Private-Self Financing,N,N,1-451843001,fetchdata,2024-2025,Engineering and Technology,1,1,1,1,Karnataka,1
1-43660315186,S. S. E. T'S  S. G. BALEKUNDRI INSTITUTE OF TECHNOLOGY,"S. G. BALEKUNDRI INSTITUTE OF TECHNOLOGY,  SHIVABASAVA NAGAR,  BELGAUM - 590010",BELGAUM,Private-Self Financing,N,N,1-9015139,fetchdata,2024-2025,Engineering and Technology,1,1,1,1,Karnataka,1
1-43660373087,SMT. KAMALA AND SRI VENKAPPA M AGADI COLLEGE OF ENGINEERING & TECHNOLOGY,"SAVANUR ROAD, GULAGANJIKOPPA, LAXMESHWAR  DIST: GADAG",GADAG,Private-Self Financing,N,N,1-5146681,fetchdata,2024-2025,Engineering and Technology,1,1,1,1,Karnataka,1
1-43660432254,GOVERNMENT POLYTECHNIC,"PRINCIPAL, GOVERNMENT POLYTECHNIC, NH-48, YARADAKATTE, HIRIYUR, CHITRADURGA DIST-577599",CHITRADURGA,Government,N,N,1-485804111,fetchdata,2024-2025,Engineering and Technology,1,1,1,1,Karnataka,1
1-43660257758,GOVERNMENT POLYTECHNIC KARKALA,"GOVERNMENT WOMENS POLYTECHNIC KARKALA,NEAR POLICE STATION TALUK OFFICE ,KARKALA, UDUPI DISTRICT-574104, KARNATAKA",UDUPI,Government,N,N,1-495403331,fetchdata,2024-2025,Engineering and Technology,1,1,1,1,Karnataka,1
1-43660433180,KLS SHRI VASANTRAO POTDAR POLYTECHNIC,"KLS CAMPUS, TILAKWADI, BELGAUM",BELGAUM,Private-Self Financing,N,N,1-421357494,fetchdata,2024-2025,Engineering and Technology,1,1,1,1,Karnataka,1
1-43660495406,P.D. A. COLLEGE OF ENGINEERING,AIWAN-E-SHAHI AREA STATION ROAD GULBARGA-585102,GULBARGA,Govt aided,N,N,1-11759291,fetchdata,2024-2025,Engineering and Technology,1,1,1,1,Karnataka,1
1-43660263459,CHRIST DEEMED TO BE UNIVERSITY KENGERI CAMPUS,"KANMINIKE, KUMBALGODU POST, BENGALURU 560074",BANGALORE URBAN,Deemed to be University(Pvt),N,Y,1-3674004341,fetchdata,2024-2025,Engineering and Technology,1,1,1,1,Karnataka,1
1-43660322824,K.L.E.INSTITUTE OF TECHNOLOGY,OPP. TO AIRPORT GOKUL,DHARWAD,Private-Self Financing,N,N,1-3850571,fetchdata,2024-2025,Engineering and Technology,1,1,1,1,Karnataka,1
1-43660622947,HYDERABAD KARNATAKA EDUCATION SOCIETY'S POLYTECHNIC GULBARGA,"BESIDE MSI DEGREE COLLEGE, AIWAN - E SHAHI AREA, STATION BAZAR, GULBARGA 585102",GULBARGA,Private-Self Financing,N,N,1-441844951,fetchdata,2024-2025,Engineering and Technology,1,1,1,1,Karnataka,1
1-43659908253,BANGALORE COLLEGE OF ENGINEERING & TECHNOLOGY,"NEAR HEELALIGE RAILWAY STATION, CHANDAPURA, ANEKAL TALUK, BANGALORE, 560081.",BANGALORE URBAN,Private-Self Financing,N,N,1-3887416,fetchdata,2024-2025,Engineering and Technology,1,1,1,1,Karnataka,1
1-43660031599,DAYANANDA SAGAR ACADEMY OF TECHNOLOGY & MANAGEMENT TECHNICAL CAMPUS,"UDAYAPURA KANAKAPURA ROAD BANGALORE URBAN DISTRICT, BANGALORE",BANGALORE URBAN,Private-Self Financing,N,N,1-419950391,fetchdata,2024-2025,Engineering and Technology,1,1,1,1,Karnataka,1
1-43660265808,GOVT.TOOL ROOM & TRAINING CENTRE,INDUSTRIAL AREA HIREHALLI,TUMKUR,Government,N,N,1-487130861,fetchdata,2024-2025,Engineering and Technology,1,1,1,1,Karnataka,1
1-43660440103,"GOVT. TOOLROOM AND TRAINING CENTRE,MYSORE","93 & 94, BELAGOLA INDL. AREA K.R.S.ROAD, MYSORE-570016, KARNATAKA",MYSORE,Government,N,N,1-3449911,fetchdata,2024-2025,Engineering and Technology,1,1,1,1,Karnataka,1
1-43660328952,"GOVERNMENT POLYTECHNIC,K.G.F","GOVERNMENT POLYTECHNIC SY NO 11 BETHAMANGALA ROAD, BEHIND GOVT SCHOOL OF MINES COROMANDEL  KGF-563118",KOLAR,Government,N,N,1-477848821,fetchdata,2024-2025,Engineering and Technology,1,1,1,1,Karnataka,1
1-43660569011,COORG INSTITUTE OF TECHNOLOGY,POST BOX NO.11,COORG,Private-Self Financing,N,N,1-5029511,fetchdata,2024-2025,Engineering and Technology,1,1,1,1,Karnataka,1
1-43659914628,"MOUNT FARAN POLYTECHNIC, OLD HUBLI","HIGH LANDS, ANAND NAGAR ROAD, OLD HUBLI",DHARWAD,Private-Self Financing,N,N,1-497212971,fetchdata,2024-2025,Engineering and Technology,1,1,1,1,Karnataka,1
1-43659974582,KALABHYRAVESWARA POLYTECHNIC,"THOTAGERE,HESARAGHATTA,RAILWAY GOLLAHALLI POST, BANGALORE NORTH-562123",BANGALORE RURAL,Private-Self Financing,N,N,1-467422911,fetchdata,2024-2025,Engineering and Technology,1,1,1,1,Karnataka,1
1-43659975541,RAJIV GANDHI MEMORIAL POLYETCHNIC,RAJIV GANDHI MEMORIAL POLYTECHNIC BALAGANGADHARA NAGAR MALLATHAHALLY BANGALORE - 560056,BANGALORE URBAN,Private-Self Financing,N,N,1-429609681,fetchdata,2024-2025,Engineering and Technology,1,1,1,1,Karnataka,1
1-43660390764,"GOVT. POLYTECHNIC, CHAMARAJANAGAR",GOVT. POLYTECHNIC CHAMARAJANAGAR CHAMARAJANAGAR DISTRICT KARNATAKA,CHAMARAJNAGAR,Government,N,N,1-460699071,fetchdata,2024-2025,Engineering and Technology,1,1,1,1,Karnataka,1
1-43660700202,BALLARI INSTITUTE OF TECHNOLOGY & MANAGEMENT,"FORMERLY BELLARY ENGINEERING COLLEGE, ""JNANA GANGOTRI"" CAMPUS, #873/2 OF KOLAGAL VILLAGE, BELLARY-HOSPET ROAD, ALLIPUR",BELLARY,Private-Self Financing,N,N,1-5843561,fetchdata,2024-2025,Engineering and Technology,1,1,1,1,Karnataka,1
1-43659979320,BAPUJI INSTITUTE OF ENGINEERING & TECHNOLOGY,"BAPUJI INSTITUTE OF ENGINEERING & TECHNOLOGY P.B. NO.325, SHAMANUR ROAD DAVANGERE-577 004 KARNATAKA - INDIA",DAVANAGERE,Private-Self Financing,N,N,1-4351473,fetchdata,2024-2025,Engineering and Technology,1,1,1,1,Karnataka,1
1-43660276983,TIPPU SHAHEED INSTITUTE OF TECHNILOGY (POLYTECHNIC),SIMLA NAGAR,DHARWAD,Govt aided,N,Y,1-458464351,fetchdata,2024-2025,Engineering and Technology,1,1,1,1,Karnataka,1
1-43660394553,GOVERNMENT WOMENS POLYTECHNIC,AIWAN-E-SHAHI ROAD GULBARGA,GULBARGA,Government,Y,N,1-486158331,fetchdata,2024-2025,Engineering and Technology,1,1,1,1,Karnataka,1
1-43660395426,GOVERNMENT POLYTECHNIC,"BIDARAHALLI HOBLI, CHANNASANDRA PIN- 560067",BANGALORE URBAN,Government,N,N,1-505281231,fetchdata,2024-2025,Engineering and Technology,1,1,1,1,Karnataka,1
1-43660452962,HMS RURAL POLYTECHNIC,"HMS RURAL POLYTECNIC NEAR JAS TOLLGATE  MANCHAKALAKUPPE, N H 4, TUMKUR-572104",TUMKUR,Private-Self Financing,N,Y,1-440670491,fetchdata,2024-2025,Engineering and Technology,1,1,1,1,Karnataka,1
1-43660218571,"GOVERNMENT ENGINEERING COLLEGE, KUSHALNAGAR",MEDIKERI ROAD MADAPATNA,KODAGU,Government,N,N,1-25811284,fetchdata,2024-2025,Engineering and Technology,1,1,1,1,Karnataka,1
1-43660221659,C.V.CHARANTIMATH RURAL POLYTECHNIC,"C.V.CHARANTIMATH RURAL POLYTECHNIC,        HUNGUND, NH-13",BAGALKOT,Govt aided,N,N,1-437574571,fetchdata,2024-2025,Engineering and Technology,1,1,1,1,Karnataka,1
1-43660339578,"R.T.E.SOCIETY'S RURAL POLYTECHNIC, HULKOTI","R.T.E.SOCIETY'S RURAL POLYTECHNIC, HULKOTI",GADAG,Govt aided,N,N,1-477616701,fetchdata,2024-2025,Engineering and Technology,1,1,1,1,Karnataka,1
1-43660397417,V.E.T.B.V.L. POLYTECHNIC,"# 18, 14TH MAIN,  II PHASE,  J.P.NAGAR,",BANGALORE URBAN,Private-Self Financing,N,N,1-453692811,fetchdata,2024-2025,Engineering and Technology,1,1,1,1,Karnataka,1
1-43660399844,CAUVERY POLYTECHNIC GONIKOPPAL,VIRAJPET TALUK S.COORG PIN 571213 KARNATAKA STATE,COORG,Private-Self Financing,N,N,1-460508361,fetchdata,2024-2025,Engineering and Technology,1,1,1,1,Karnataka,1
1-43660518118,INDHIRA SHIVA RAO POLYTECHNIC,"INDIRA SHIVA RAO POLYTECHNIC, SHEEMBRA GANAPATHI TEMPLE ROAD, MOODU PERAMPALLY, SHIVALLI VILLAGE, KUNJIBETTU POST, UDUPI.",UDUPI,Private-Self Financing,N,N,1-451863931,fetchdata,2024-2025,Engineering and Technology,1,1,1,1,Karnataka,1
1-43660579491,CAMBRIDGE INSTITUTE OF TECHNOLOGY,K R PURAM,BANGALORE URBAN,Private-Self Financing,N,N,1-6142911,fetchdata,2024-2025,Engineering and Technology,1,1,1,1,Karnataka,1
1-43660642877, BNM INSTITUTE OF TECHNOLOGY,"12TH MAIN, 27TH CROSS, BSK SECOND STAGE BANGALORE 560070",BANGALORE URBAN,Private-Self Financing,N,N,1-8284991,fetchdata,2024-2025,Engineering and Technology,1,1,1,1,Karnataka,1
1-43660769955,MARATHA MANDAL POLYTECHNIC,"1007, SUBHASH NAGAR, MAL MARUTI EXTN.",BELGAUM,Govt aided,N,N,1-475123901,fetchdata,2024-2025,Engineering and Technology,1,1,1,1,Karnataka,1
1-43661106245,MAHATMA GANDHI POLYTECHNIC COLLEGE,M HOSSALI,YADGIR,Private-Self Financing,N,Y,1-492927751,fetchdata,2024-2025,Engineering and Technology,1,1,1,1,Karnataka,1
1-43661336413,"GOVERNMENT POLYTECHNIC, BANTWAL","GOVERNMENT POLYTECHNIC, BANTWAL BANTWAL TQ, DAKSHINA KANNADA PIN: 574211",D KANNADA(DK),Government,N,N,1-474974291,fetchdata,2024-2025,Engineering and Technology,1,1,1,1,Karnataka,1
1-43661473216,HIRASUGAR INSTIUTE OF TECHNOLOGY,NIDAOSHI TALUKA: HUKERI DISTRICT: BELGAUM STATE: KARNATAKA,BELGAUM,Private-Self Financing,N,N,1-10564221,fetchdata,2024-2025,Engineering and Technology,1,1,1,1,Karnataka,1
1-43661474306,MAHMOOD SHARIEF POLYTECHNIC,NEAR RTO OFFICE SC ROAD YESHWANTHPUR BANGALORE-22,BANGALORE URBAN,Private-Self Financing,N,Y,1-504597251,fetchdata,2024-2025,Engineering and Technology,1,1,1,1,Karnataka,1
1-43661343558,DR.SRI SRI SRI SHIVAKUMARA MAHASWAMY COLLEGE OF ENGINEERING,"BYARANAYAKANAHALLI,DODDABALE POST, NELAMANGALA TALUK,BANGALORE RURAL DISTRICT",BANGALORE RURAL,Private-Self Financing,N,N,1-10002971,fetchdata,2024-2025,Engineering and Technology,1,1,1,1,Karnataka,1
1-43659522259,VISVESVARAYA TECHNOLOGICAL UNIVERSITY DEPARTMENT OF PG STUDIES,"VISVESVARAYA TECHNOLOGICAL UNIVERSITY, JNANA SANGAMA, MACHHE, BELAGAVI",BELGAUM,Government,N,N,1-7920043341,fetchdata,2024-2025,Engineering and Technology,1,1,1,1,Karnataka,1
1-43661346494,GOVERNMENT POLYTECHNIC,"GOVERNMENT POLYTECHNIC, UDUPI",UDUPI,Government,N,N,1-482347071,fetchdata,2024-2025,Engineering and Technology,1,1,1,1,Karnataka,1
1-43661351418,DAYANANDA SAGAR COLLEGE OF ENGINEERING,"SHAVIGE MALLESHWARA HILLS, KUMARASWAMY LAYOUT, BANGALORE-560078",BANGALORE URBAN,Private-Self Financing,N,N,1-10575091,fetchdata,2024-2025,Engineering and Technology,1,1,1,1,Karnataka,1
1-43661416197,"K.L.E. SOCIETY'S C.B.KOLLI POLYTECHNIC,HAVERI","P.B. ROAD  VIDYA NAGAR, HAVERI",HAVERI,Private-Self Financing,N,N,1-466343581,fetchdata,2024-2025,Engineering and Technology,1,1,1,1,Karnataka,1
1-43659479868,GHOUSIA COLLEGE OF ENGINEERING,BANGALORE - MYSORE ROAD,RAMANAGARA,Private-Self Financing,N,Y,1-6749453,fetchdata,2024-2025,Engineering and Technology,1,1,1,1,Karnataka,1
1-43659480994,SAI VIDYA INSTITUTE OF TECHNOLOGY,RAJANUKUNTE  DODDBALLAPURA ROAD  VIA: YELAHANKA,BANGALORE RURAL,Private-Self Financing,N,N,1-4740133,fetchdata,2024-2025,Engineering and Technology,1,1,1,1,Karnataka,1
1-43661360099,HYDERABAD KARNATAKA EDUCATION SOCIETY'S POLYTECHNIC,YERAMARAS CAMP,RAICHUR,Private-Self Financing,N,N,1-446152821,fetchdata,2024-2025,Engineering and Technology,1,1,1,1,Karnataka,1
1-43659484365," K R PET KRISHNA GOVERNMENT ENGINEERING COLLEGE, K R PET","GOVERNMENT ENGINEERING COLLEGE, KRISHNARAJPET, MANDYA DIST. - 571 426, KARNATAKA",MANDYA,Government,N,N,1-32891881,fetchdata,2024-2025,Engineering and Technology,1,1,1,1,Karnataka,1
1-43661307916,G MADEGOWDA INSTITUTE OF TECHNOLOGY (GMIT),BHARATHINAGARA (K M DODDY) MADDUR TQ,MANDYA,Private-Self Financing,N,N,1-448381181,fetchdata,2024-2025,Engineering and Technology,1,1,1,1,Karnataka,1
1-43661423166,SHANTHINIKETAN POLYTECHNIC COLLEGE,"B M ROAD, VIVEKANANDANAGAR,",RAMANAGARA,Private-Self Financing,N,N,1-458768391,fetchdata,2024-2025,Engineering and Technology,1,1,1,1,Karnataka,1
1-43661077583,ST.JOHN'S POLYTECHNIC HUBLI-23,ST.JOHN'S POLYTECHNIC DIVINE NAGAR BEHIND GOVT. P.U.COLLEGE GOPANAKOPPA HUBLI-23,DHARWAD,Private-Self Financing,N,Y,1-758497831,fetchdata,2024-2025,Engineering and Technology,1,1,1,1,Karnataka,1
1-43659490273,SRINIVAS UNIVERSITY INSTITUTE OF ENGINEERING & TECHNOLOGY,SRINIVAS CAMPUS MUKKA MANGALURU,DAKSHINA KANNADA,Private-Self Financing,N,Y,1-4563878241,fetchdata,2024-2025,Engineering and Technology,1,1,1,1,Karnataka,1
1-43661206729,EAST WEST INSTITUTE OF TECHNOLOGY,"SY. NO.63, OFF MAGADI MAIN ROAD, VISHWANEEDAM POST",BANGALORE URBAN,Private-Self Financing,N,N,1-10683951,fetchdata,2024-2025,Engineering and Technology,1,1,1,1,Karnataka,1
1-43661375338,SRI VINAYAK POLYTECHNIC,"BEHIND ST. JHONS CHURCH, NEAR HOLI MINES, KORAMANDAL POST KGF",KOLAR,Private-Self Financing,N,N,1-820961291,fetchdata,2024-2025,Engineering and Technology,1,1,1,1,Karnataka,1
1-43661208068,B.V.PEETH'S J.V.MANDAL'S POLYTECHNIC,GURUKUL CAMPUS,BAGALKOT,Private-Self Financing,N,N,1-476118971,fetchdata,2024-2025,Engineering and Technology,1,1,1,1,Karnataka,1
1-43661316995,"BILURU GURUBASAVA MAHASWAMIJI INISTITURE OF TECHNOLOGY, MUDHOL","MANTUR ROAD, MUDHOL",BAGALKOT,Private-Self Financing,N,N,1-1530689271,fetchdata,2024-2025,Engineering and Technology,1,1,1,1,Karnataka,1
1-43661153553,GOVERNMENT POLYTECHNIC,"APMC YARD, HUBLI ROAD,",UTTARA KANNADA,Government,N,N,1-482152491,fetchdata,2024-2025,Engineering and Technology,1,1,1,1,Karnataka,1
1-43661156516,GOVERNMENT POLYTECHNIC,NEAR MANIK PRABU TEMPLE BIJANGERA ROAD RAICHUR,RAICHUR,Government,N,N,1-494499738,fetchdata,2024-2025,Engineering and Technology,1,1,1,1,Karnataka,1
1-43659453534,M. S. RAMAIAH UNIVERSITY OF APPLIED SCIENCES,"UNIVERSITY HOUSE, GNANAGANGOTHRI CAMPUS, NEW BEL ROAD, MSR ROAD, BANGALORE - 560054",BANGALORE URBAN,State Private University,N,N,1-7161814455,fetchdata,2024-2025,Engineering and Technology,1,1,1,1,Karnataka,1
1-43658579490,"SANJAY GANDHI POLYTECHNIC (FORMERLY ""SANJAY GANDHI RURAL POLYTECHNIC"")","""VIDHYA SOUDHA"", SANJAY GANDHI NAGAR, BELLARY",BELLARY,Private-Self Financing,N,N,1-419800731,fetchdata,2024-2025,Engineering and Technology,1,1,1,1,Karnataka,1
1-43658580485,ATRIA INSTITUTE OF TECHNOLOGY,"ASKB CAMPUS, AG'S COLONY, 1ST MAIN, ANANDNAGAR",BANGALORE URBAN,Private-Self Financing,N,N,1-12266207,fetchdata,2024-2025,Engineering and Technology,1,1,1,1,Karnataka,1
1-43658639344,SRI BASAVESHWARA INSTITUTE OF TECHNOLOGY,"MADENUR GATE, MADENUR VILLAGE, B.H.ROAD, TIPTUR",TUMKUR,Private-Self Financing,N,N,1-10768682,fetchdata,2024-2025,Engineering and Technology,1,1,1,1,Karnataka,1
1-43658705268,THE CHANAKYA UNIVERSITY,"NO.29 HARALURU, DEVANAHALLI TALUK (NEAR BENGALURU INTERNATIONAL AIRPORT)",BANGALORE RURAL,State Private University,N,N,1-43368989463,fetchdata,2024-2025,Engineering and Technology,1,1,1,1,Karnataka,1
1-43658492502,P.A.COLLEGE OF ENGINEERING,"NADUPADAV, NEAR MANGALORE UNIVERSITY MONTEPADAV POST, KAIRANGALA VILLAGE BANTWAL-MANGALORE",DAKSHINA KANNADA,Private-Self Financing,N,Y,1-2504761,fetchdata,2024-2025,Engineering and Technology,1,1,1,1,Karnataka,1
1-43658497527,C.BYREGOWDA INSTITUTE OF TECHNOLOGY,"SRINIVASPURA ROAD, THORADEVANDAHALLI,  KOLAR-563101",KOLAR,Private-Self Financing,N,N,1-14594878,fetchdata,2024-2025,Engineering and Technology,1,1,1,1,Karnataka,1
1-43658503071,VSM'S SOMASHEKHAR R. KOTHIWALE INSTITUTE OF TECHNOLOGY NIPANI,"BASAV-VIDYA NAGAR,",BELGAUM,Private-Self Financing,N,N,1-5585441,fetchdata,2024-2025,Engineering and Technology,1,1,1,1,Karnataka,1
1-43658685062,THE NATIONAL INSTITUTE OF ENGINEERING,MANANDAVADI ROAD MYSORE,MYSORE,Govt aided,N,N,1-4878661,fetchdata,2024-2025,Engineering and Technology,1,1,1,1,Karnataka,1
1-43658686731,NEW HORIZON COLLEGE OF ENGINEERING (E&T),"RING ROAD, NEAR MARATHALLI, BELLANDUR POST, KADUBHISANAHALLI",BANGALORE URBAN,Private-Self Financing,N,Y,1-11989651,fetchdata,2024-2025,Engineering and Technology,1,1,1,1,Karnataka,1
1-43658507064,BEARYS INSTITUTE OF TECHNOLOGY,"LANDS END, INNOLI,BOLIYAR VILLAGE NEAR MANGALORE UNIVERSITY MANGALORE-574 153",DAKSHINA KANNADA,Private-Self Financing,N,Y,1-3818113,fetchdata,2024-2025,Engineering and Technology,1,1,1,1,Karnataka,1
1-43661750880,"SRI CHANNAKESHAVA GOVERNMENT POLYTECHNIC COLLEGE, GUDDADA CHANNAPURA, BANKAPURA",HANAGAL ROAD,HAVERI,Government,N,N,1-463291591,fetchdata,2024-2025,Engineering and Technology,1,1,1,1,Karnataka,1
1-43662050412,GOVT TOOL ROOM AND TRAINING CENTRE-KOLAR,"GOVT TOOL ROOM & TRAINING CENTRE OLD DIC BUILDING PREMISES, KATTARIPALYA KAIGARIKA SANKIRNA, K G F-BANGLORE ROAD, KOLAR-563103",KOLAR,Government,N,N,1-1528580191,fetchdata,2024-2025,Engineering and Technology,1,1,1,1,Karnataka,1
1-43661697771,YENEPOYA INSTITUTE OF TECHNOLOGY,VIDYANAGAR N.H 13THODAR MIJAR POST MOODBIDRI MANGALORE TQ,DAKSHINA KANNADA,Private-Self Financing,N,N,1-8842201,fetchdata,2024-2025,Engineering and Technology,1,1,1,1,Karnataka,1
1-43661754173,S. E. A.  COLLEGE OF ENGINEERING & TECHNOLOGY,"EKTA NAGAR, BASAVANAPURA, VIRGO NAGAR POST, BANGALORE - 560 049.",BANGALORE URBAN,Private-Self Financing,N,N,1-4157231,fetchdata,2024-2025,Engineering and Technology,1,1,1,1,Karnataka,1
1-43662118702,KARNATAKA GERMAN TECHNICAL TRAINING INSTITUTE,NEAR CHANDRASHEKHAR PATIL STADIUM  BEHIND BEO OFFICE RAJAPUR ROAD KALABUARGI,GULBARGA,State Government University,N,N,1-7161797217,fetchdata,2024-2025,Engineering and Technology,1,1,1,1,Karnataka,1
1-43662174245,GOVT TOOL ROOM AND TRAINING CENTRE,"SY. NO:44, KUNCHIGANAHALU, OLD BANGALORE ROAD (NH-4), CHITRADURGA",CHITRADURGA,Government,N,N,1-9496143251,fetchdata,2024-2025,Engineering and Technology,1,1,1,1,Karnataka,1
1-43661519545,GLOBAL ACADEMY OF TECHNOLOGY,IDEAL HOMES TOWNSHIP RAJARAJESHWARINAGAR BANGALORE-560098,BANGALORE URBAN,Private-Self Financing,N,N,1-5916676,fetchdata,2024-2025,Engineering and Technology,1,1,1,1,Karnataka,1
1-43661699791,GOVT. TOOL ROOM & TRAINING CENTRE- KADUR,"NEAR VEDA PUMP HOUSE, B.H. ROAD, NH-206",CHIKMAGALUR,Government,N,N,1-477756801,fetchdata,2024-2025,Engineering and Technology,1,1,1,1,Karnataka,1
1-43662284795,YENEPOYA DEEMED TO BE UNIVERSITY,UNIVERSITY ROAD DERALAKATTE,DAKSHINA KANNADA,Deemed to be University(Pvt),N,Y,1-12067147831,fetchdata,2024-2025,Engineering and Technology,1,1,1,1,Karnataka,1
1-43661703634,GOVERNMENT FILM AND TELEVISION INSTITUTE,HESARAGHATTA POST BANGALORE,BANGALORE RURAL,Government,N,N,1-486107131,fetchdata,2024-2025,Engineering and Technology,1,1,1,1,Karnataka,1
1-43661704548,GOVT. TOOLROOM AND TRAINING CENTRE - MADDUR,"OPP. SYNDICATE BANK , B M ROAD SOMANAHALLI, MADDUR",MANDYA,Government,N,N,1-465579911,fetchdata,2024-2025,Engineering and Technology,1,1,1,1,Karnataka,1
1-43661817980,GHOUSIA INSTITUTE OF TECHNOLOGY FOR WOMEN,"HOSUR ROAD, DRC POST",BANGALORE URBAN,Private-Self Financing,Y,Y,1-457458521,fetchdata,2024-2025,Engineering and Technology,1,1,1,1,Karnataka,1
1-43661876265,K.S. SCHOOL OF ENGINEERING AND MANAGEMENT,"#15/1, MALLASANDRA, OFF KANAKAPURA ROAD, BANGALORE - 560062",BANGALORE URBAN,Private-Self Financing,N,N,1-5279601,fetchdata,2024-2025,Engineering and Technology,1,1,1,1,Karnataka,1
1-43662124105,GOVERNMENT POLYTECHNIC,GOVERNMENT POLYTECHNIC SUNKADAKATTE  HONNALI,DAVANAGERE,Government,N,N,1-9409432231,fetchdata,2024-2025,Engineering and Technology,1,1,1,1,Karnataka,1
1-43662285706,GOVERNMENT POLYTECHNIC GUNNAL,"NEAR NANDI PETROLIUMS,NH50 POST:GUNNAL  TQ:YALABURGA",KOPPAL,Government,N,N,1-12136784721,fetchdata,2024-2025,Engineering and Technology,1,1,1,1,Karnataka,1
1-43662288427,GOVERNMENT POLYTECHNIC HALIYAL,HALIYAL,UTTARA KANNADA,Government,N,N,1-12231236711,fetchdata,2024-2025,Engineering and Technology,1,1,1,1,Karnataka,1
1-43661878566,GOVERNMENT ENGINEERING COLLEGE,HUVINAHADAGALI 583219 DIST: BELLARY,BELLARY,Government,N,N,1-462385081,fetchdata,2024-2025,Engineering and Technology,1,1,1,1,Karnataka,1
1-43662290385,GOVERNMENT ENGINEERING COLLEGE NARAGUND,"RON ROAD,SOMAPURA,NARAGUND 582207",GADAG,Government,N,N,1-12395228431,fetchdata,2024-2025,Engineering and Technology,1,1,1,1,Karnataka,1
1-43661881379,GOVERNMENT POLYTECHNIC FOR WOMEN,"KANAKAPURA ROAD,NEAR KSRTC BUS STAND,B M ROAD,RAMANAGARA",RAMANAGARA,Government,Y,N,1-467680573,fetchdata,2024-2025,Engineering and Technology,1,1,1,1,Karnataka,1
1-43661713706,HMS INSTITUTE OF TECHNOLOGY,"NH-4, KESARAMADU POST,  KYATHASANDRA,",TUMKUR,Private-Self Financing,N,Y,1-10229711,fetchdata,2024-2025,Engineering and Technology,1,1,1,1,Karnataka,1
1-43661886089,"SHREE VIDYADHIRAJ POLYTECHNIC, KUMTA","KANARA COLLEGE SOCIETY CAMPUS, HEGDE ROAD, KUMTA",UTTARA KANNADA,Govt aided,N,N,1-453205773,fetchdata,2024-2025,Engineering and Technology,1,1,1,1,Karnataka,1
1-43662134309,KARNATAKA HANDLOOM TECHNOLOGY INSTITUTE,NARASAPUR,GADAG,Government,N,N,1-9459356431,fetchdata,2024-2025,Engineering and Technology,1,1,1,1,Karnataka,1
1-43661540550,SJ BGS POLYTECHNIC,"NH-48, BELLUR CROSS, B.G.NAGARA",MANDYA,Private-Self Financing,N,N,1-466592421,fetchdata,2024-2025,Engineering and Technology,1,1,1,1,Karnataka,1
1-43661777014,KLE'S KLE COLLEGE OF ENGINEERING AND TECHNOLOGY,"KLE'S KLE COLLEGE OF ENGINEERING AND TECHNOLOGY,BANANTIKODI ROAD CHIKODI,BELGAUM DISTRICT-591 201,KARNATAKA",BELGAUM,Private-Self Financing,N,N,1-3423091,fetchdata,2024-2025,Engineering and Technology,1,1,1,1,Karnataka,1
1-43661887967,DEPARTMENT OF STUDIES IN COMPUTER SCIENCE,"DEPARTMENT OF STUDIES IN COMPUTER SCIENCE, MANASA GANGOTHRI, UNIVERSITY OF MYSORE, MYSORE PIN 570006, KARANATAKA",MYSORE,Government,N,N,1-39089593,fetchdata,2024-2025,Engineering and Technology,1,1,1,1,Karnataka,1
1-43661889826,GOVERNMENT POLYTECHNIC,ULAVI - SAGAR ROAD,SHIMOGA,Government,N,N,1-475273387,fetchdata,2024-2025,Engineering and Technology,1,1,1,1,Karnataka,1
1-43662195664,GOVT TOOL ROOM AND TRAINING CENTRE KOPPAL,"GOVT TOOL ROOM AND TRAINING CENTRE. GADAG ROAD, DADEGAL VILLAGE KOPPAL-583231",KOPPAL,Government,N,N,1-9428413093,fetchdata,2024-2025,Engineering and Technology,1,1,1,1,Karnataka,1
1-43662300816,GOVT POLYTECHNIC MUDHOL,"GOVERNMENT POLYTECHNIC MUDHOL, YADAHALLI R.C, BEHIND GOVERNMENT HOSPITAL, MAHALINGAPUR ROAD, MUDHOL-587313",BAGALKOT,Government,N,N,1-476065901,fetchdata,2024-2025,Engineering and Technology,1,1,1,1,Karnataka,1
1-43662369772,SRI JAYACHAMARAJENDRA COLLEGE OF ENGINEERING,JSS TECHNICAL INSTITUTIONS CAMPUS MANASAGANGOTHRI PO,MYSORE,Govt aided,N,N,1-16481761,fetchdata,2024-2025,Engineering and Technology,1,1,1,1,Karnataka,1
1-43661545608,K V POLYTECHNIC,K V POLYTECHNIC BEHIND TILES FACTORY P B ROAD,HAVERI,Private-Self Financing,N,N,1-477671661,fetchdata,2024-2025,Engineering and Technology,1,1,1,1,Karnataka,1
1-43657210391,JSS POLYTECHNIC,"JSS TECHNICAL INSTITUTIONS' CAMPUS,MANASA GANGOTHRI",MYSORE,Private-Self Financing,N,N,1-474922151,fetchdata,2024-2025,Engineering and Technology,1,1,1,1,Karnataka,1
1-43657213305,GOVERNMENT POLYTECHNIC BELLARY,"FORT, HOSPET ROAD",BELLARY,Government,N,N,1-475064381,fetchdata,2024-2025,Engineering and Technology,1,1,1,1,Karnataka,1
1-43657695559,"BAPUJI POLYTECHNIC,SHABANUR ( GOVT.AIDED)",VIVEKANANDA BADAVANE MAIN ROAD DAVANGERE-577004,DAVANAGERE,Govt aided,N,N,1-434211961,fetchdata,2024-2025,Engineering and Technology,1,1,1,1,Karnataka,1
1-43657278249,DON BOSCO INSTITUTE OF TECHNOLOGY,"KUMBALAGODU, MYSORE ROAD, KENGERI HOBLI , BANGALORE-560074",BANGALORE URBAN,Private-Self Financing,N,N,1-4002206,fetchdata,2024-2025,Engineering and Technology,1,1,1,1,Karnataka,1
1-43657279707,GM INSTITUTE OF TECHNOLOGY,"POST BOX. NO. 4,    P.B.ROAD. DAVANGERE.",DAVANAGERE,Private-Self Financing,N,N,1-5359141,fetchdata,2024-2025,Engineering and Technology,1,1,1,1,Karnataka,1
1-43657406208,BTL POLYTECHNIC,"NO.259/B, BOMMASANDRA INDUSTRIAL AREA, HOSUR ROAD, BANGALORE-560099",BANGALORE URBAN,Private-Self Financing,N,N,1-496387901,fetchdata,2024-2025,Engineering and Technology,1,1,1,1,Karnataka,1
1-43657697552,GOVERNMENT TOOL ROOM AND TRAINING CENTRE,"NO.8, KIADB INDUSTRIAL AREA, B.M. ROAD, NEAR DAIRY CIRCLE,",HASSAN,Government,N,N,1-475120351,fetchdata,2024-2025,Engineering and Technology,1,1,1,1,Karnataka,1
1-43657843432,B.G.S INSTITUTE OF TECHNOLOGY,"B.G.NAGARA , NAGAMANGALA TALUK MANDYA DISTRICT  571448",MANDYA,Private-Self Financing,N,N,1-10916654,fetchdata,2024-2025,Engineering and Technology,1,1,1,1,Karnataka,1
1-43657845665,BRINDAVAN COLLEGE OF ENGINEERING,"DWARAKANAGARA, BAGALUR MAIN ROAD, YELAHANKA, BANGALORE - 560 063",BANGALORE URBAN,Private-Self Financing,N,Y,1-5459701,fetchdata,2024-2025,Engineering and Technology,1,1,1,1,Karnataka,1
1-43657281921,S J M INSTITUTE OF TECHNOLOGY,"P B NO 73, NH -4 BYE PASS, CHITRADURGA",CHITRADURGA,Private-Self Financing,N,N,1-10041741,fetchdata,2024-2025,Engineering and Technology,1,1,1,1,Karnataka,1
1-43657721000,MAHARAJA INSTITUTE OF TECHNOLOGY MYSORE,MAHARAJA INSTITUTE OF TECHNOLOGY MYSORE BEHIND K R MILLS BELAWADI VILLAGE NAGUVANAHALLI PANCHAYAT SRIRANGAPATNA TALUK MANDYA DISTRICT KARNATAKA,MANDYA,Private-Self Financing,N,N,1-4391794,fetchdata,2024-2025,Engineering and Technology,1,1,1,1,Karnataka,1
1-43657651033,RAIBAG POLYTECHNIC RAIBAG,RAIBAG POLYTECHNIC RAIBAG SHREE RENUKA SUGAR LTD.  UNDERTAKING AT : BAVACHI PO : MEKHALI TAL : RAIBAG DIST : BELGAUM DIST : BELGAUM,BELGAUM,Private-Self Financing,N,N,1-449289791,fetchdata,2024-2025,Engineering and Technology,1,1,1,1,Karnataka,1
1-43657783024,NADGIR POLYTECHNIC,NO 53 3A MAIN ROAD  W C R NEAR MODI EYE HOSPITAL RAJAJINAGAR,BANGALORE URBAN,Private-Self Financing,N,N,1-445056061,fetchdata,2024-2025,Engineering and Technology,1,1,1,1,Karnataka,1
1-43657828045,GOVERNMENT POLYTECHNIC GULBARGA,"AIWAN-E-SHAHI AREA, STATION ROAD,",GULBARGA,Government,N,N,1-466015261,fetchdata,2024-2025,Engineering and Technology,1,1,1,1,Karnataka,1
1-43657230512,A.G.M.RURAL POLYTECHNIC,"OPP VRL HEAD OFFICE, NH-4,BANGALORE ROAD NAVAGRAH TEERTH VARUR,",DHARWAD,Private-Self Financing,N,N,1-461684541,fetchdata,2024-2025,Engineering and Technology,1,1,1,1,Karnataka,1
1-43657601021,GOVERNEMENT TOOL ROOM & TRAINING CENTRE -GUNDLUPET,"GOVERNMENT TOOL ROOM AND TRAINING CENTRE, DUNDASANAPURA, HOSUR ROAD, GUNDLUPET - 571111",CHAMARAJNAGAR,Government,N,N,1-478323581,fetchdata,2024-2025,Engineering and Technology,1,1,1,1,Karnataka,1
1-43657180068,SARANG INSTITUTE OF POLYTECHNIC,"OPP IOCL BUNK, KUNIGAL ROAD, GULUR TUMKUR",TUMKUR,Private-Self Financing,N,N,1-3399869947,fetchdata,2024-2025,Engineering and Technology,1,1,1,1,Karnataka,1
1-43657180944,M.E.I. POLYTECHNIC,"VATAL NAGARAJ ROAD, 4TH BLOCK RAJAJINAGAR, BANGALORE",BANGALORE URBAN,Govt aided,N,N,1-445024613,fetchdata,2024-2025,Engineering and Technology,1,1,1,1,Karnataka,1
1-43657432065,K.V.G.COLLEGE OF ENGINEERING,"KURUNJIBHAG, SULLIA TALUK, DAKSHINA KANNADA DISTRICT, KARNATAKA STATE. - 574327",DAKSHINA KANNADA,Private-Self Financing,N,N,1-4083884,fetchdata,2024-2025,Engineering and Technology,1,1,1,1,Karnataka,1
1-43657375126,SHREE DEVI INSTITUTE OF TECHNOLOGY,"AIRPORT ROAD, KENJAR VILLAGE MALAVOOR PANCHAYAT DAKSHINA KANNADA",DAKSHINA KANNADA,Private-Self Financing,N,N,1-3640153,fetchdata,2024-2025,Engineering and Technology,1,1,1,1,Karnataka,1
1-43657187030,GOVERNMENT TOOL ROOM AND TRAINING CENTRE,RAJAJINAGAR INDUSTRIAL ESTATE,BANGALORE URBAN,Government,N,N,1-481620021,fetchdata,2024-2025,Engineering and Technology,1,1,1,1,Karnataka,1
1-43657315211,"B.L.D.E ASSOCIATION'S SHREE SANGANABASAVA MAHASWAMIJI POLYTECHNIC, VIJAYAPUR",ASHRAM ROAD,BIJAPUR,Private-Self Financing,N,N,1-411302361,fetchdata,2024-2025,Engineering and Technology,1,1,1,1,Karnataka,1
1-43657377402,SRI VENKATESHWARA COLLEGE OF ENGINEERING,"VIDYANAGAR, BENGALURU INTERNATIONAL AIRPORT ROAD, BETTAHALASUR POST, BENGALURU NORTH, BENGALURU - 562 157",BANGALORE URBAN,Private-Self Financing,N,N,1-3340841,fetchdata,2024-2025,Engineering and Technology,1,1,1,1,Karnataka,1
1-43657191232,VIDYAVARDHAKA COLLEGE OF ENGINEERING,"P.B.NO.206, GOKULAM 3RD STAGE",MYSORE,Private-Self Financing,N,N,1-14166661,fetchdata,2024-2025,Engineering and Technology,1,1,1,1,Karnataka,1
1-43657253164,RNS INSTITUTE OF TECHNOLOGY,CHANNASANDRA UTTARAHALLI -KENGERI MAIN ROAD SUBRAMANYAPURA POST,BANGALORE URBAN,Private-Self Financing,N,N,1-6501238,fetchdata,2024-2025,Engineering and Technology,1,1,1,1,Karnataka,1
1-43657815278,AMRUTA INSTITUTE OF ENGINEERING AND MANAGEMENT SCIENCES,"BIDADI INDUSTRIAL AREA, OFF MYSORE ROAD, NEAR TOYOTA KIRLOSKAR MOTORS, BMRDA REGION, BANGALORE",RAMANAGARA,Private-Self Financing,N,N,1-3281811,fetchdata,2024-2025,Engineering and Technology,1,1,1,1,Karnataka,1
1-43657257538,"K.C.T. POLYTECHNIC (AIDED), GULBARGA","KCT CAMPUS, QAMARUL ISLAM COLONY, GULBARGA 585104",GULBARGA,Govt aided,N,Y,1-449864091,fetchdata,2024-2025,Engineering and Technology,1,1,1,1,Karnataka,1
1-43657569303,NIVEDITA POLYTECHNIC YADGIR,NIVEDITA POLYTECHNIC YADGIR. HYDERABAD ROAD YADGIR-585202,YADGIR,Private-Self Financing,N,N,1-424128281,fetchdata,2024-2025,Engineering and Technology,1,1,1,1,Karnataka,1
1-43657681073,"GOVT. TOOLROOM AND TRAINING CENTRE,MYSORE","93 & 94, BELAGOLA INDL. AREA K.R.S.ROAD, MYSORE-570016, KARNATAKA",MYSORE,Government,N,N,1-478111401,fetchdata,2024-2025,Engineering and Technology,1,1,1,1,Karnataka,1
1-43657199616,CAUVERY INSTITUTE OF TECHNOLOGY,"SUNDAHALLI, SIDDAIAHNA KOPPALU GATE, YELIHUR POST, KOTHATHI HOBLI, MANDYA",MANDYA,Private-Self Financing,N,N,1-2182458537,fetchdata,2024-2025,Engineering and Technology,1,1,1,1,Karnataka,1
1-43657141555,"S.F.S.SHIKSHAN SAMITI'S VISWESWARAIAH POLYTECHNIC,NARGUND","HUBLI-SHOLAPUR NATIONAL HIGHWAY, NARGUND",GADAG,Private-Self Financing,N,N,1-1578967421,fetchdata,2024-2025,Engineering and Technology,1,1,1,1,Karnataka,1
1-43657144338,SJVP POLYTECHNIC,"VAGEESH NAGARA, OLD P.B. ROAD,  HARIHAR-577601",DAVANAGERE,Private-Self Financing,N,N,1-2050948641,fetchdata,2024-2025,Engineering and Technology,1,1,1,1,Karnataka,1
1-43656563766,"GOVERNMENT ENGINEERING COLLEGE,KARWAR","GOVERNMENT ENGINEERING COLLEGE KARWAR, MAJALI VILLAGE, KARWAR TALUK, UTTARA KANNADA DIST, KARNATAKA -PIN 581345",UTTARA KANNADA,Government,N,N,1-36456711,fetchdata,2024-2025,Engineering and Technology,1,1,1,1,Karnataka,1
1-43656972920,GOVERNMENT POLYTECHNIC,"NEAR JANAPADA LOKA, B M ROAD, RAMANAGARA",RAMANAGARA,Government,N,N,1-479396381,fetchdata,2024-2025,Engineering and Technology,1,1,1,1,Karnataka,1
1-43657083895,GOVERNMENT TOOL ROOM & TRAINING CENTRE - KANAKAPURA,"SURVEY NO.13,14,19,20 SANGAMA ROAD",RAMANAGARA,Government,N,N,1-481809011,fetchdata,2024-2025,Engineering and Technology,1,1,1,1,Karnataka,1
1-43657085805,R R POLYTECHNIC,"67, RAJA REDDY LAYOUT, NEAR CHIKKABANAVARA RAILWAY STATION, CHIKKABANAVARA POST, BANGALORE - 90",BANGALORE URBAN,Private-Self Financing,N,N,1-460632911,fetchdata,2024-2025,Engineering and Technology,1,1,1,1,Karnataka,1
1-43656571560,GOVERNMENT POLYTECHNIC MOSALEHOSAHALLI,"MOSALEHOSAHALLI, HASSAN",HASSAN,Government,N,N,1-5006898608,fetchdata,2024-2025,Engineering and Technology,1,1,1,1,Karnataka,1
1-43656676392,PES INSTITUTE OF TECHNOLOGY & MANAGEMENT,GUDDADAARAKERE  KOTEGANGOOR SAGAR ROAD,SHIMOGA,Private-Self Financing,N,N,1-37512081,fetchdata,2024-2025,Engineering and Technology,1,1,1,1,Karnataka,1
1-43656870315,GOVERNMENT  POLYTECHNIC FOR WOMEN,HOLENARASIPURA,HASSAN,Government,Y,N,1-5023553301,fetchdata,2024-2025,Engineering and Technology,1,1,1,1,Karnataka,1
1-43657096342,JSS POLYTECHNIC FOR WOMEN,"JSS TECHNICAL INSTITUTIONS CAMPUS,  MANASAGANGOTHRI",MYSORE,Govt aided,Y,N,1-465990781,fetchdata,2024-2025,Engineering and Technology,1,1,1,1,Karnataka,1
1-43657170686,ALVA'S INSTITUTE OF ENGINEERING AND TECHNOLOGY,"SHOBHAVANA CAMPUS,MIJAR MOODBIDRI - 574225 MANGALORE TALUK DHAKSHINA KANNADA DISTRICT KARNATAKA STATE",DAKSHINA KANNADA,Private-Self Financing,N,N,1-6754801,fetchdata,2024-2025,Engineering and Technology,1,1,1,1,Karnataka,1
1-43657172366,P.V.P POLYTECHNIC,"DR.AIT CAMPUS, MALLATHAHALLI, BANGALORE-56",BANGALORE URBAN,Govt aided,N,N,1-465512581,fetchdata,2024-2025,Engineering and Technology,1,1,1,1,Karnataka,1
1-43656575594,GOVERNMENT TOOL ROOM AND TRAINING CENTRE,GOVERNMENT TOOL ROOM AND TRAINING CENTRE NEAR NADAKACHERI OFFICE- ARABHAVI TQ:-GOKAK DIST:-BELAGAVI PIN CODE NO:-591306,BELGAUM,Government,N,N,1-7485051493,fetchdata,2024-2025,Engineering and Technology,1,1,1,1,Karnataka,1
1-43656792387,M E S POLYTECHNIC,G B N ROAD MADHUGIRI -572132 TUMKUR-DIST,TUMKUR,Private-Self Financing,N,N,1-441413271,fetchdata,2024-2025,Engineering and Technology,1,1,1,1,Karnataka,1
1-43656794837,SAHAKARI VIDYA KENDRA POLYTECHNIC,"CA NO 3,41ST CROSS, EAST END B MAIN ROAD,JAYANAGAR 9TH BLOCK. BANGALORE",BANGALORE URBAN,Private-Self Financing,N,N,1-487502421,fetchdata,2024-2025,Engineering and Technology,1,1,1,1,Karnataka,1
1-43656849742,BANGALORE TECHNOLOGICAL INSTITUTE,"SY NO.66/6,66/5,67/6,&67/5, KODATHI VILLAGE, VARTHOOR HOBLI,BANGALORE EAST TQ BANGALORE URBAN DISTRICT",BANGALORE URBAN,Private-Self Financing,N,N,1-4077296,fetchdata,2024-2025,Engineering and Technology,1,1,1,1,Karnataka,1
1-43657097353,GOVERNMENT POLYTECHNIC RABAKAVIBANAHATTI,"64/B, NEAR ASHRAY COLONY, RABKAVI , BAGALKOT DISTRICT, KARNATAKA 587314",BAGALKOT,Government,N,N,1-475019251,fetchdata,2024-2025,Engineering and Technology,1,1,1,1,Karnataka,1
1-43656582897,VISVESVARAYA TECHNOLOGICAL UNIVERSITY CENTRE FOR POST GRADUATE STUDIES MYSURU,VISVESVARAYA TECHNOLOGICAL UNIVERSITY CENTRE FOR POST GRADUATE STUDIES,BELGAUM,Government,N,N,1-7716519121,fetchdata,2024-2025,Engineering and Technology,1,1,1,1,Karnataka,1
1-43657160413,JYOTHY INSTITUTE OF TECHNOLOGY,"TATAGUNI, OFF KANAKAPURA ROAD",BANGALORE URBAN,Private-Self Financing,N,N,1-401635061,fetchdata,2024-2025,Engineering and Technology,1,1,1,1,Karnataka,1
1-43656995297,SHRI MANIKRAO PATIL RURAL POLYTECHNIC AIDED,VILLAGE : THANAKUSHNOOR TQ : AURAD (B) DIST : BIDAR,BIDAR,Govt aided,N,N,1-473884201,fetchdata,2024-2025,Engineering and Technology,1,1,1,1,Karnataka,1
1-43657053051,NUTAN VIDYALAYA SOCIETY'S POLYTECHNIC,S.B.TEMPLE ROAD SANGAMESHWARA COLONY,GULBARGA,Govt aided,N,N,1-451550791,fetchdata,2024-2025,Engineering and Technology,1,1,1,1,Karnataka,1
1-43656590560,GOVERNMENT TOOL ROOM AND TRAINING CENTRE UDUPI,"K G ROAD, THENKABETTU POST,UPPOOR.",UDUPI,Government,N,N,1-7868934371,fetchdata,2024-2025,Engineering and Technology,1,1,1,1,Karnataka,1
1-43657111626,GOVERNMENT TOOL ROOM AND TRAINING CENTRE-HUBLI,"PLOT NO:38 TO 45 RAIPUR KIADB INDUSTRIAL AREA, DHARWAD-570009",DHARWAD,Government,N,N,1-465683671,fetchdata,2024-2025,Engineering and Technology,1,1,1,1,Karnataka,1
1-43657113551,SHRI MADHWA VADIRAJA INSTITUTE OF TECHNOLOGY AND MANAGEMENT,"VISHWOTHAMA NAGAR, BANTAKAL",UDUPI,Private-Self Financing,N,N,1-6016011,fetchdata,2024-2025,Engineering and Technology,1,1,1,1,Karnataka,1
1-43656593149,VISVESVARAYA TECHNOLOGICAL UNIVERSITY,"VTU CPGS & REGIONAL OFFICE, KUSNOOR ROAD, KALABURAGI",GULBARGA,Government,N,N,1-7723557961,fetchdata,2024-2025,Engineering and Technology,1,1,1,1,Karnataka,1
1-43656812023,GOVERMENT ENGINEERING COLLEGE GANGAVATHI,VIPRASAI NAGAR,KOPPAL,Government,N,N,1-4689394391,fetchdata,2024-2025,Engineering and Technology,1,1,1,1,Karnataka,1
1-43657115770,MALNAD COLLEGE OF ENGINEERING,"P.B. NO. 21, SALAGAME ROAD HASSSAN",HASSAN,Govt aided,N,N,1-465501833,fetchdata,2024-2025,Engineering and Technology,1,1,1,1,Karnataka,1
1-43656756659,R. R. INSTITUTE OF TECHNOLOGY,"NO. 67, RAJA REDDY LAYOUT, NEAR CHIKKABANAVARA RAILWAY STATION, CHIKKABANAVARA BANGALORE - 560090 KARNATAKA INDIA",BANGALORE URBAN,Private-Self Financing,N,N,1-8337487,fetchdata,2024-2025,Engineering and Technology,1,1,1,1,Karnataka,1
1-43657067397,N.R.A.M.POLYTECHNIC,NET CAMPUS NITTE KARKALA (TQ) UDUPI DISTRICT KARNATAKA,UDUPI,Govt aided,N,N,1-424573311,fetchdata,2024-2025,Engineering and Technology,1,1,1,1,Karnataka,1
1-43657127912,RAJIV GANDHI INSTITUTE OF TECHNOLOGY,"CHOLANGAR, R.T.NAGAR POST,  HEBBAL, BANGALORE, KARNATAKA STATE                             PIN NO.560032",BANGALORE URBAN,Private-Self Financing,N,N,1-6614146,fetchdata,2024-2025,Engineering and Technology,1,1,1,1,Karnataka,1
1-43657072425,S.J.M POLYTECHNIC,HALEPET BIRUR,CHIKMAGALUR,Govt aided,N,N,1-468092481,fetchdata,2024-2025,Engineering and Technology,1,1,1,1,Karnataka,1
1-43657076174,GOVERNMENT CPC POLYTECHNIC,"ASHOKA ROAD, N R MOHALLA  MYSORE",MYSORE,Government,N,N,1-494511941,fetchdata,2024-2025,Engineering and Technology,1,1,1,1,Karnataka,1
1-43657131916,GOVERNMENT POLYTECHNIC HARAPANAHALLI,GOVERNMENT POLYTECHNIC HOSPET ROAD HARAPANAHALLI DAVANAGERE (DIST) KARNATAKA,VIJAYANAGARA,Government,N,N,1-492443161,fetchdata,2024-2025,Engineering and Technology,1,1,1,1,Karnataka,1
1-43657077196,GOVERNMENT TOOL ROOM AND TRINING CENTRE-DANDELI,"PLOT.NO.:01 , KSSIDC INDUSTRIAL ESTATE , AMBEWADI AREA , DANDELI",UTTARA KANNADA,Government,N,N,1-482041911,fetchdata,2024-2025,Engineering and Technology,1,1,1,1,Karnataka,1
1-43656774800,NITTE MEENAKSHI INSTITUTE OF TECHNOLOGY,"GOLLAHALLI, GOVINDAPURA,P.B NO 6429  YELAHANKA, BANGALORE-560064",BANGALORE RURAL,Private-Self Financing,N,Y,1-10233900,fetchdata,2024-2025,Engineering and Technology,1,1,1,1,Karnataka,1
1-43659805373,JAIN COLLEGE OF ENGINEERING,"T.S. NAGAR, HUNCHANHATTI ROAD, MACCHE, BELGAUM, KARNATAKA 590014.",BELGAUM,Private-Self Financing,N,N,1-6080441,fetchdata,2024-2025,Engineering and Technology,1,1,1,1,Karnataka,1
1-43657889551,GOVERNMENT POLYTECHNIC FOR WOMEN,VIDYANAGAR HUBLI,DHARWAD,Government,Y,N,1-447742011,fetchdata,2024-2025,Engineering and Technology,1,1,1,1,Karnataka,1
1-43658125722,R.M POLYTECHNIC,"SY.NO.58/1, JEWARGI ROAD, SIRNOOR, GULBARGA",GULBARGA,Private-Self Financing,N,N,1-429457131,fetchdata,2024-2025,Engineering and Technology,1,1,1,1,Karnataka,1
1-43658128595,"GOVERNMENT POLYTECHNIC, KARATAGI",GOVERNMENT POLYTECHNIC  NAGANAKAL VILLAGE KARATAGI KOPPAL(DIST) KARNATAKA(STATE),KOPPAL,Government,N,N,1-468163081,fetchdata,2024-2025,Engineering and Technology,1,1,1,1,Karnataka,1
1-43658068911,GOVERNMENT POLYTECHNIC,KIKKERI-CHANNARAYAPATNA ROAD,MANDYA,Government,N,N,1-487719961,fetchdata,2024-2025,Engineering and Technology,1,1,1,1,Karnataka,1
1-43658367070,GOVERNMENT POLYTECHNIC SADALGA,"GOVERNMENT POLYTECHNIC SADALGA SURVEY NO 998,VADAGOL CROSS NAGARAL ROAD-591239",BELGAUM,Government,N,N,1-11329244621,fetchdata,2024-2025,Engineering and Technology,1,1,1,1,Karnataka,1
1-43658474571,ASHOKA COLLEGE OF ENGINEERING & ENTREPRENEURSHIP,"SY NO.42, KAMMAGONDANAHALLI, 100FT ROAD(FOREST ROAD), JALAHALLI WEST",BANGALORE URBAN,Private-Self Financing,N,N,1-814552571,fetchdata,2024-2025,Engineering and Technology,1,1,1,1,Karnataka,1
1-43659749330,GNANA VIKAS POLYTECHNIC,"CHALLAKERE ROAD, CHITRADURGA",CHITRADURGA,Private-Self Financing,N,N,1-499498571,fetchdata,2024-2025,Engineering and Technology,1,1,1,1,Karnataka,1
1-43657894066,JAWAHARLAL NEHRU NEW COLLEGE OF ENGINEERING,"P.B. NO. 128, NAVULE, SHIMOGA",SHIMOGA,Private-Self Financing,N,N,1-8198061,fetchdata,2024-2025,Engineering and Technology,1,1,1,1,Karnataka,1
1-43657896554,GOVERNMENT POLYTECHNIC,BM ROAD,KODAGU,Government,N,N,1-475194153,fetchdata,2024-2025,Engineering and Technology,1,1,1,1,Karnataka,1
1-43658071897,SREE SIDDARAMESHWARA POLYTECHNIC,HASSAN ROAD,TUMKUR,Private-Self Financing,N,N,1-474759041,fetchdata,2024-2025,Engineering and Technology,1,1,1,1,Karnataka,1
1-43658072870,GOVERNMENT S. K. S. J. T. INSTITUTE,"AMBEDKAR VEEDHI, K.R. CIRCLE, BANGALORE-01",BANGALORE URBAN,Government,N,N,1-23041601,fetchdata,2024-2025,Engineering and Technology,1,1,1,1,Karnataka,1
1-43658132058,ADICHUNCHANAGIRI POLYTECHNIC,"ADICHUNCHANAGIRI EXTENSION, JYOTHINAGAR POST, CHIKMAGALUR TALUK, CHIKMAGALUR DIST.",CHIKMAGALUR,Private-Self Financing,N,N,1-447805311,fetchdata,2024-2025,Engineering and Technology,1,1,1,1,Karnataka,1
1-43658135073,DACG GOVERNMENT POLYTECHNIC,"RATHNAGIRI ROAD,",CHIKMAGALUR,Government,N,N,1-504984543,fetchdata,2024-2025,Engineering and Technology,1,1,1,1,Karnataka,1
1-43658318311,MANIPAL ACADEMY OF HIGHER EDUCATION,"MADHAVA NAGAR, MANIPAL",UDUPI,Deemed to be University(Pvt),N,N,1-9526017521,fetchdata,2024-2025,Engineering and Technology,1,1,1,1,Karnataka,1
1-43658423316,SHARNBASVA UNIVERSITY,"SHARNBASVESHWARA INSTITUTIONS  CAMPUS , KALABURAGI ( GULBARGA) -585103 , KARNATAKA",GULBARGA,State Private University,N,N,1-4400571391,fetchdata,2024-2025,Engineering and Technology,1,1,1,1,Karnataka,1
1-43658479918,"GURU NANAK DEV ENGINEERING COLLEGE, BIDAR",MAILOOR ROAD BIDAR 585403 KARNATAKA,BIDAR,Private-Self Financing,N,Y,1-4266791,fetchdata,2024-2025,Engineering and Technology,1,1,1,1,Karnataka,1
1-43659750289,"GOVERNMENT  ENGINEERING COLLEGE, HAVERI",DEVAGIRI HAVERI,HAVERI,Government,N,N,1-20278613,fetchdata,2024-2025,Engineering and Technology,1,1,1,1,Karnataka,1
1-43659752262,AL-KHATEEB GOVERNMENT AIDED POLYTECHNIC,BHOOPASANDRA RMV II STAGE BENGALURU,BANGALORE URBAN,Govt aided,N,N,1-456085791,fetchdata,2024-2025,Engineering and Technology,1,1,1,1,Karnataka,1
1-43658374134,GOVERNMENT POLYTECHNIC MALAVALLI,MALAVALLI TQ,MANDYA,Government,N,N,1-11417882511,fetchdata,2024-2025,Engineering and Technology,1,1,1,1,Karnataka,1
1-43659754049,JAIN COLLEGE OF ENGINEERING & TECHNOLOGY,"404/4, 404/5, SAI NAGAR, UNKAL, HUBLI",DHARWAD,Private-Self Financing,N,N,1-3395329231,fetchdata,2024-2025,Engineering and Technology,1,1,1,1,Karnataka,1
1-43657902832,S.J. GOVT. POLYTECHNIC,SHESHADRI ROAD KR CIRCLE,BANGALORE URBAN,Government,N,N,1-462630131,fetchdata,2024-2025,Engineering and Technology,1,1,1,1,Karnataka,1
1-43658375879,GOVERNMENT POLYTECHNIC KOLLEGAL,T-NARASIPURA KOLLEGAL MAIN ROAD CHILAKAVADI VILLAGE,CHAMARAJNAGAR,Government,N,N,1-11439677615,fetchdata,2024-2025,Engineering and Technology,1,1,1,1,Karnataka,1
1-43658376720,GOVERNMENT POLYTECHNIC KADUR,HARUVANAHALLI VILLAGE,CHIKMAGALUR,Government,N,N,1-11440320881,fetchdata,2024-2025,Engineering and Technology,1,1,1,1,Karnataka,1
1-43658147233,I.R.POLYTECHNIC,"NO.195, 12TH MAIN,  III PHASE PEENYA INDUSTRIAL AREA,",BANGALORE URBAN,Private-Self Financing,N,N,1-424545731,fetchdata,2024-2025,Engineering and Technology,1,1,1,1,Karnataka,1
1-43658088081,EAST WEST COLLEGE OF ENGINEERING,"NO.13 SECTOR ""A"", YELAHANKA NEW TOWN,YELAHANKA, BANGALORE-560064",BANGALORE URBAN,Private-Self Financing,N,N,1-2493739771,fetchdata,2024-2025,Engineering and Technology,1,1,1,1,Karnataka,1
1-43658091274,GOVERNMENT POLYTECHNIC BILAGI,"GOVERNMENT POLYTECHNIC BILAGI OPPOSITE TO GOVERNMENT HOSPITAL, BILAGI-587116 DIST. BAGALKOT",BAGALKOT,Government,N,N,1-485911381,fetchdata,2024-2025,Engineering and Technology,1,1,1,1,Karnataka,1
1-43658722208,AKASH INSTITUTE OF ENGINEERING AND TECHNOLOGY,"PRASANNAHALLI MAIN ROAD, AKKUPETE VILLAGE, KASABA HOBLI",BANGALORE RURAL,Private-Self Financing,N,Y,1-43379841083,fetchdata,2024-2025,Engineering and Technology,1,1,1,1,Karnataka,1
1-43659644772,RV INSTITUTE OF TECHNOLOGY AND MANAGEMENT,"KOTHANUR, 8TH PHASE J.P.NAGAR, BENGALURU-560 078.",BANGALORE URBAN,Private-Self Financing,N,N,1-4296393251,fetchdata,2024-2025,Engineering and Technology,1,1,1,1,Karnataka,1
1-43658030398,N.E.S.POLYTECHNIC,"N.E.S.POLYTECHNIC RAJAPUR, SHAHABAD ROAD GULBARGA",GULBARGA,Private-Self Financing,N,N,1-442231701,fetchdata,2024-2025,Engineering and Technology,1,1,1,1,Karnataka,1
1-43658092202,"GOVERNMENT POLYTECHNIC, HARIHARA","APMC YARD, SHIMOGA ROAD",DAVANAGERE,Government,N,N,1-475220781,fetchdata,2024-2025,Engineering and Technology,1,1,1,1,Karnataka,1
1-43658093131,GOVERNMENT POLYTECHNIC,SURVEY NO 1048/A KSSIDC INDUSTRIAL ESTATE SATTI ROAD ATHANI TALUKA ATHANI DIST BELAGAVI 591304 ,BELGAUM,Government,N,N,1-475427401,fetchdata,2024-2025,Engineering and Technology,1,1,1,1,Karnataka,1
1-43658334502,GOVT POLYTECHNIC CHANNAGIRI,BUSSENAHALLI ROAD CHANNAGIRI,DAVANAGERE,Government,N,N,1-9555647443,fetchdata,2024-2025,Engineering and Technology,1,1,1,1,Karnataka,1
1-43658385806,GOVERNMENT POLYTECHNIC HOOVINAHADAGALI,"GOVERNMENT POLYTECHNIC, HOOVINAHADAGALI, BELLARY DISTRICT, KARNATAKA STATE.",BELLARY,Government,N,N,1-12659067851,fetchdata,2024-2025,Engineering and Technology,1,1,1,1,Karnataka,1
1-43658441222,DR. AMBEDKAR INSTITUTE OF TECHNOLOGY,"OUTER RING ROAD, NEAR JNANA BHARATHI CAMPUS, MALLATHAHALLI, BANGALORE-560056 KARNATAKA",BANGALORE URBAN,Govt aided,N,N,1-2739841,fetchdata,2024-2025,Engineering and Technology,1,1,1,1,Karnataka,1
1-43659828043,ANJUMAN INSTITUTE OF TECHNOLOGY AND MANAGEMENT,"ANJUMANABAD, BHATKAL (U K DIST), KARNATAKA PIN 581320",UTTARA KANNADA,Private-Self Financing,N,Y,1-11354561,fetchdata,2024-2025,Engineering and Technology,1,1,1,1,Karnataka,1
1-43657976740,JAIN COLLEGE OF ENGINEERING AND RESEARCH,"""SHREYAS"" CTS 1598 ADAJCENT TO TO FOUNDRY CLUSTER NEAR DUTCH INDUSTRIAL ESTATE CHANNAMMA NAGAR ANAGOL BELGAVI",BELGAUM,Private-Self Financing,N,N,1-3714641081,fetchdata,2024-2025,Engineering and Technology,1,1,1,1,Karnataka,1
1-43658157224,S.E.S.POLYTECHNIC(GOVT AIDED),BELLARY ROAD SIRUGUPPA-583121,BELLARY,Private-Self Financing,N,N,1-445548295,fetchdata,2024-2025,Engineering and Technology,1,1,1,1,Karnataka,1
1-43658443061,CMR INSTITUTE OF TECHNOLOGY,"# 132, KUNDALAHALLI VILLAGE IT PARK ROAD BANGALORE - 560 037",BANGALORE URBAN,Private-Self Financing,N,N,1-10082920,fetchdata,2024-2025,Engineering and Technology,1,1,1,1,Karnataka,1
1-43658728369,GOVERNMENT TOOL ROOM AND TRAINING CENTRE MAGADI,"SY NO:21 CHIKKAKALYA, THIPPASANDRA HOBLI, MAGADI TALUK",RAMANAGARA,Government,N,N,1-43388388243,fetchdata,2024-2025,Engineering and Technology,1,1,1,1,Karnataka,1
1-43659714028,PANCHASHEELA POLYTECHNIC,"PANCHASHEELA POLYTECHNIC.BHEL LAYOUT,21ST CROSS,2ND STAGE,PATTANAGERERAJARAJESHWARI NAGAR",BANGALORE URBAN,Private-Self Financing,N,N,1-495315041,fetchdata,2024-2025,Engineering and Technology,1,1,1,1,Karnataka,1
1-43658099904,SRI GURUMALLESHWARA MAHAVIDYA SAMSTHE POLYTECHNIC,"DEVANUR, NANJANAGUD TQ,",MYSORE,Private-Self Financing,N,N,1-499204827,fetchdata,2024-2025,Engineering and Technology,1,1,1,1,Karnataka,1
1-43658158173,"GOVERNMENT POLYTECHNIC, BIDAR",MAILOOR ROAD BIDAR-585403,BIDAR,Government,N,N,1-465974991,fetchdata,2024-2025,Engineering and Technology,1,1,1,1,Karnataka,1
1-43658291550,PES POLYTECHNIC,"#206,GUDDADA ARAKERE,  SAGAR ROAD, SHIVAMOGGA",SHIMOGA,Private-Self Financing,N,N,1-462765721,fetchdata,2024-2025,Engineering and Technology,1,1,1,1,Karnataka,1
1-43658340526,"S N MUDBIDRI POLYTECHNIC, MOODBIDRI","KODANGALLU POST, MANGALORE TALUK - 574197.",DAKSHINA KANNADA,Govt aided,N,N,1-466334603,fetchdata,2024-2025,Engineering and Technology,1,1,1,1,Karnataka,1
1-43658041286,VIVEKANANDA COLLEGE OF ENGINEERING AND TECHNOLOGY,NEHARU NAGARA PUTTUR TALUK DAKSHINA KANNADA KARNATAKA 574203,DAKSHINA KANNADA,Private-Self Financing,N,N,1-2145671,fetchdata,2024-2025,Engineering and Technology,1,1,1,1,Karnataka,1
1-43658449083,HKBK COLLEGE OF ENGINEERING,"# 22/1, NAGAWARA, BANGALORE-560045",BANGALORE URBAN,Private-Self Financing,N,Y,1-21116724,fetchdata,2024-2025,Engineering and Technology,1,1,1,1,Karnataka,1
1-43657929620,"GOVERNMENT POLYTECHNIC, CHANNAPATNA",BM ROAD CHANNAPATNA RAMANAGARA DIST KARNATAKA STATE,RAMANAGARA,Government,N,N,1-487337191,fetchdata,2024-2025,Engineering and Technology,1,1,1,1,Karnataka,1
1-43658396236,GOVERMENT POLYTECHNIC SIDDAPUR,"GOVERNMENT POLYTECHNIC, AVARAGUPPA, SIDDAPUR-581355",UTTARA KANNADA,Government,N,N,1-473885581,fetchdata,2024-2025,Engineering and Technology,1,1,1,1,Karnataka,1
1-43659729047,GOVERNMENT ENGINEERING COLLEGE TALAKAL,"GOVERNMENT ENGINEERING COLLEGE, TALAKAL TALUKA: YALABURGA, DIST: KOPPAL, KARNATAKA, PIN 583238",KOPPAL,Government,N,N,1-4642319524,fetchdata,2024-2025,Engineering and Technology,1,1,1,1,Karnataka,1
1-43657936905,GOVT.POLYTECHNIC KOPPAL,GOVT.POLYTECHNIC  GADAG ROAD DADEGAL KOPPAL 583231,KOPPAL,Government,N,N,1-461494531,fetchdata,2024-2025,Engineering and Technology,1,1,1,1,Karnataka,1
1-43657937814,"K.N.S. INSTITUTE OF TECHNOLOGY, BANGALORE-64","THIRUMENAHALLI, HEGGADENAGAR-KOGILU ROAD, YELAHANKA, BANGALORE-560064",BANGALORE URBAN,Private-Self Financing,N,N,1-14329571,fetchdata,2024-2025,Engineering and Technology,1,1,1,1,Karnataka,1
1-43658052484,A. J. INSTITUTE OF ENGINEERING AND TECHNOLOGY  MANGALURU,KOTTARA CHOWKI BOLOOR VILLAGE,DAKSHINA KANNADA,Private-Self Financing,N,Y,1-2846046191,fetchdata,2024-2025,Engineering and Technology,1,1,1,1,Karnataka,1
1-43657885778,GOVT.POLYTECHNIC JOIDA,JOIDA         UTTARA KANNADA DISTRICT      KARNATAKA 581186,UTTARA KANNADA,Government,N,N,1-478993881,fetchdata,2024-2025,Engineering and Technology,1,1,1,1,Karnataka,1
1-43658063393,"GOVERNMENT POLYTECHNIC, BELURU","TEMPLE ROAD, NEAR KEMPE GOWDA STATUE",HASSAN,Government,N,N,1-478132151,fetchdata,2024-2025,Engineering and Technology,1,1,1,1,Karnataka,1
1-43655464151,BAHUBALI COLLEGE OF ENGINEERING,GOMMATANAGARA SHRAVANABELAGOLA - 573135 HASSAN DISTRICT KARNATAKA,HASSAN,Private-Self Financing,N,Y,1-6088619,fetchdata,2024-2025,Engineering and Technology,1,1,1,1,Karnataka,1
1-43655466386,SCHOOL OF MINES,"SCHOOL OF MINES, COROMANDEL - POST",KOLAR,Government,N,N,1-487178951,fetchdata,2024-2025,Engineering and Technology,1,1,1,1,Karnataka,1
1-43655627153,VASAVI JNANA PEETHA POLYTECHNIC,"CA NO.10, 2ND MAIN, VIJAYANAGAR,",BANGALORE URBAN,Private-Self Financing,N,N,1-749983901,fetchdata,2024-2025,Engineering and Technology,1,1,1,1,Karnataka,1
1-43655216816,GOVERNMENT POLYTECHNIC BASAVAN BAGEWADI,SPECIAL OFFICER GOVERNMENT POLYTECHNIC BASAVAN BAGEWADI TAKKALAKI,BIJAPUR,Government,N,N,1-7420392091,fetchdata,2024-2025,Engineering and Technology,1,1,1,1,Karnataka,1
1-43655515885,SAMPOORNA GROUP OF INSTITUTIONS,"BELEKERE, MALLUR HOBLI,  CHANNAPATNA TALUK, RAMANAGAR                       DISTRICT BELEKERE, MALLUR HOBLI,  CHANNAPATNA TALUK, RAMANAGAR                       DISTRICT",RAMANAGARA,Private-Self Financing,N,N,1-4398111,fetchdata,2024-2025,Engineering and Technology,1,1,1,1,Karnataka,1
1-43655554630,NAGARJUNA COLLEGE OF ENGINEERING AND TECHNOLOGY,MUDUGURKIVENKATAGIRI KOTE DEVANAHALLI,BANGALORE RURAL,Private-Self Financing,N,N,1-2513971,fetchdata,2024-2025,Engineering and Technology,1,1,1,1,Karnataka,1
1-43655472350,JAIN POLYTECHNIC BELGAUM,19/1 PEERANWADI BELGAUM 590014,BELGAUM,Private-Self Financing,N,N,1-1478954311,fetchdata,2024-2025,Engineering and Technology,1,1,1,1,Karnataka,1
1-43655516987,THE OXFORD POLYTECHNIC,"C.A SITE:NO 40,J.P NAGAR ,I ST PHASE,BANGALORE",BANGALORE URBAN,Private-Self Financing,N,Y,1-428262031,fetchdata,2024-2025,Engineering and Technology,1,1,1,1,Karnataka,1
1-43655560421,RAO BAHADUR Y MAHABALESWARAPPA ENGINEERING COLLEGE,"FORMERLY VIJAYANAGAR ENGINEERING COLLEGE, CONTONMENT, BELLARY-583104 KARNATAKA",BELLARY,Private-Self Financing,N,N,1-9605749,fetchdata,2024-2025,Engineering and Technology,1,1,1,1,Karnataka,1
1-43655476353,"GOVERNMENT POLYTECHNIC, AFZALPUR",AFZALPUR DIST: GULBARGA,GULBARGA,Government,N,N,1-493143771,fetchdata,2024-2025,Engineering and Technology,1,1,1,1,Karnataka,1
1-43655477303,GOVENMENT TOOL ROOM AND TRAINIG CENTRE- HOSPET,"GOVT.TOOL ROOM & TRAINING CENTRE, INDIRA NAGAR,HARIHARA ROAD, MARIYAMMANA HALLI-583 222 ( HOSAPETE),TQ- HOSAPETE,DIST- BELLARY, KARNATAKA.",BELLARY,Government,N,N,1-475107481,fetchdata,2024-2025,Engineering and Technology,1,1,1,1,Karnataka,1
1-43655595078,S.D.M. COLLEGE OF ENGINEERING & TECHNOLOGY,DHAVALAGIRI KALGHATGI ROAD,DHARWAD,Private-Self Financing,N,Y,1-9879281,fetchdata,2024-2025,Engineering and Technology,1,1,1,1,Karnataka,1
1-43655430689,AKSHAYA INSTITUTE OF TECHNOLOGY,LINGAPURA OBLAPURA POST TUMKUR KORATAGERE ROAD TUMKUR TALUK & DISTRICT,TUMKUR,Private-Self Financing,N,N,1-14774551,fetchdata,2024-2025,Engineering and Technology,1,1,1,1,Karnataka,1
1-43655356872,"NAVODAYA INSTITUTE OF TECHNOLOGY, RAICHIUR.","NAVODAYA NAGAR, MANATRALAYAM ROAD, RAICHUR",RAICHUR,Private-Self Financing,N,N,1-8375251,fetchdata,2024-2025,Engineering and Technology,1,1,1,1,Karnataka,1
1-43655403472,GOVERNMENT ENGINEERING COLLEGE,"DODDAMANNUGUDDE,  RAMANAGAR, RAMANAGAR DISTRICT - 571 511",RAMANAGARA,Government,N,N,1-36193291,fetchdata,2024-2025,Engineering and Technology,1,1,1,1,Karnataka,1
1-43655528483,VGET'S DR.G S M RURAL POLYTECHNIC,YELBURGA ROAD KUKNOOR,KOPPAL,Govt aided,N,N,1-435922191,fetchdata,2024-2025,Engineering and Technology,1,1,1,1,Karnataka,1
1-43655308286,GOVERNMENT ENGINEERING COLLEGE,"MOSALEHOSAHALLI, HASSAN",HASSAN,Government,N,N,1-4996218094,fetchdata,2024-2025,Engineering and Technology,1,1,1,1,Karnataka,1
1-43655000671,SRI SIDDHARTHA POLYTECHNIC 546,"HANCHALA GATE, HUDUKULA POST BANGARPET TALUK - 563114",KOLAR,Private-Self Financing,N,N,1-1252477951,fetchdata,2024-2025,Engineering and Technology,1,1,1,1,Karnataka,1
1-43655314337,KEMPEGOWDA MEMORIAL POLYTECHNIC,URDIGERE ROAD  BELAGUMBA TUMKUR 572104,TUMKUR,Private-Self Financing,N,N,1-774444761,fetchdata,2024-2025,Engineering and Technology,1,1,1,1,Karnataka,1
1-43655534904,SAI KRISH POLYTECHNIC,"KRISH BHAVAN, SMITH ROAD, OORGAUM POST, K.G.F.",KOLAR,Private-Self Financing,N,N,1-475232091,fetchdata,2024-2025,Engineering and Technology,1,1,1,1,Karnataka,1
1-43655605736,SJB INSTITUTE OF TECHNOLOGY,"BGS HEALTH & EDUCATION CITY, NO 67, UTTARAHALLI ROAD. KENGERI, BANGALORE -60",BANGALORE URBAN,Private-Self Financing,N,N,1-11652107,fetchdata,2024-2025,Engineering and Technology,1,1,1,1,Karnataka,1
1-43655316062,MANGALORE INSTITUTE OF TECHNOLOGY & ENGINEERING,"BADAGA MIJAR, MOODBIDRI, MANGALORE TQ-574225, DK KARNATAKA,INDIA",DAKSHINA KANNADA,Private-Self Financing,N,N,1-9754810,fetchdata,2024-2025,Engineering and Technology,1,1,1,1,Karnataka,1
1-43655364030,SRI SAIRAM COLLEGE OF ENGINEERING,SAI LEO NAGAR GUDDANAHALLI VILLAGE SAMANDUR POST ANEKAL,BANGALORE URBAN,Private-Self Financing,N,N,1-4784471,fetchdata,2024-2025,Engineering and Technology,1,1,1,1,Karnataka,1
1-43655006739,TMAES SIR M VISVESVARAYA POLYTECHNIC,SANKLAPUR BELLARY ROAD,BELLARY,Private-Self Financing,N,N,1-473837681,fetchdata,2024-2025,Engineering and Technology,1,1,1,1,Karnataka,1
1-43655367305,GOVERNMENT POLYTECHNIC KUSHTAGI,"TENGUNTI ROAD, KUSHTAGI",KOPPAL,Government,N,N,1-483073513,fetchdata,2024-2025,Engineering and Technology,1,1,1,1,Karnataka,1
1-43655447623,KARAVALI INSTITUTE OF TECHNOLOGY,"PADU POST, VIA PEDUMALE, NEERUMARGA, MANGALORE -575029 KARNATAKA STATE INDIA",DAKSHINA KANNADA,Private-Self Financing,N,N,1-4225061,fetchdata,2024-2025,Engineering and Technology,1,1,1,1,Karnataka,1
1-43655541828,R.V. COLLEGE OF ENGINEERING,"R.V. VIDYANIKETAN POST, MYSORE ROAD,",BANGALORE URBAN,Private-Self Financing,N,N,1-10906981,fetchdata,2024-2025,Engineering and Technology,1,1,1,1,Karnataka,1
1-43655010901,ADICHUNCHANAGIRI INSTITUTE OF TECHNOLOGY,"ADICHUNCHANAGIRI EXTENTION, JYOTHINAGAR, CHIKMAGALUR - 577102 KARNATAKA INDIA",CHIKMAGALUR,Private-Self Financing,N,N,1-4215821,fetchdata,2024-2025,Engineering and Technology,1,1,1,1,Karnataka,1
1-43655496080,"K.L.E. SOCIETY`S CHIDANAND B. KORE POLYTECHNIC, CHIKODI","THE PRINCIPAL, KLE SOCIETY`S CHIDANAND B. KORE POLYTECHNIC, CHIKODI DIST:BELGAUM, KARNATAKA STATE",BELGAUM,Private-Self Financing,N,N,1-454487571,fetchdata,2024-2025,Engineering and Technology,1,1,1,1,Karnataka,1
1-43655617659,"H.K.E SOCIETY'S SIR M VISVESVARAYA COLLEGE OF ENGINEERING, RAICHUR","HKE'S SLN COLLEGE OF ENGINEERING YERAMARUS CAMP, RAICHUR-584 135, KARNATAKA",RAICHUR,Private-Self Financing,N,N,1-8331469,fetchdata,2024-2025,Engineering and Technology,1,1,1,1,Karnataka,1
1-43655012497,DAYANANDA SAGAR INSTITUTE OF TECHNOLOGY (POLYTECHNIC),"SHAVIGE MALLESHWARA HILLS, KUMARASWAMY LAYOUT,",BANGALORE URBAN,Private-Self Financing,N,N,1-422760001,fetchdata,2024-2025,Engineering and Technology,1,1,1,1,Karnataka,1
1-43655375534,"KLE DR. M. S. SHESHGIRI COLLEGE OF ENGINEERING AND TECHNOLOGY, BELGAUM","UDYAMBAGH, BELGAUM",BELGAUM,Private-Self Financing,N,N,1-8845941,fetchdata,2024-2025,Engineering and Technology,1,1,1,1,Karnataka,1
1-43655549601,HKE SOCIETY'S WOMEN'S POLYTECHNIC GULBARGA,"HKE SOCIETY'S WOMEN'S POLYTECHNIC, NEAR PWD QUARTERS AIWAN-E-SHAHI AREA. GULBARGA.",GULBARGA,Private-Self Financing,Y,N,1-434288271,fetchdata,2024-2025,Engineering and Technology,1,1,1,1,Karnataka,1
1-43655741708,S J M POLYTECHNIC,P B # 52 S J M CAMPUS NH4 BY-PASS,CHITRADURGA,Govt aided,N,N,1-453180211,fetchdata,2024-2025,Engineering and Technology,1,1,1,1,Karnataka,1
1-43655808401,SRI SIDDHARTHA ACADEMY OF HIGHER EDUCATION AGALKOTE,MARALUR  TUMKUR,TUMKUR,Deemed to be University(Pvt),N,N,1-9751201,fetchdata,2024-2025,Engineering and Technology,1,1,1,1,Karnataka,1
1-43655991855,GOVERNMENT POLYTECHNIC GAJENDRAGAD,"SBSS GOVT. FIRST GRADE DEGREE COLLEGE CAMPUS,  KUSHTAGI ROAD, GAJENDRAGAD",GADAG,Government,N,N,1-451763001,fetchdata,2024-2025,Engineering and Technology,1,1,1,1,Karnataka,1
1-43655750708,SJM POLYTECHNIC,BELLARY ROAD CHALLAKERE,CHITRADURGA,Private-Self Financing,N,N,1-504495251,fetchdata,2024-2025,Engineering and Technology,1,1,1,1,Karnataka,1
1-43655817877,"GOVT.POLYTECHNIC,BAGALKOT","SECTOR NO.43,NAVANAGAR BAGALKOT-587103",BAGALKOT,Government,N,N,1-479106291,fetchdata,2024-2025,Engineering and Technology,1,1,1,1,Karnataka,1
1-43655856744,ANJUMAN POLYTECHNIC,"IDGAH MAIDAN, AYODHYA NAGAR OLD HUBLI",DHARWAD,Private-Self Financing,N,Y,1-461022893,fetchdata,2024-2025,Engineering and Technology,1,1,1,1,Karnataka,1
1-43655857711,MAHARAJA INSTITUTE OF TECHNOLOGY THANDAVAPURA,THANDAVAPURA VILLAGA ON NATIONAL HIGHWWAY NANJANAGUD TALUK MYSORE DISTRICT,MYSORE,Private-Self Financing,N,N,1-2841991181,fetchdata,2024-2025,Engineering and Technology,1,1,1,1,Karnataka,1
1-43656156914,JNANAVIKAS INSTITUTE OF TECHNOLOGY,"VIDYA SOUDHA, 32ND K.M. BANGALORE - MYSORE HIGH WAY,",RAMANAGARA,Private-Self Financing,N,N,1-6040783,fetchdata,2024-2025,Engineering and Technology,1,1,1,1,Karnataka,1
1-43656059766,REVA UNIVERSITY,"RUKMINI KNOWLEDGE PARK, KATTIGENAHALLI, YELAHANKA, BANGALORE - 560064, KARNATAKA",BANGALORE URBAN,State Private University,N,N,1-4316990431,fetchdata,2024-2025,Engineering and Technology,1,1,1,1,Karnataka,1
1-43655909344,MOODLAKATTE INSTITUTE OF TECHNOLOGY,"MOODLAKATTE, KUNDAPURA TALUK, UDUPI DISTRICT, KARNATAKA - 576 217.",UDUPI,Private-Self Financing,N,N,1-5831296,fetchdata,2024-2025,Engineering and Technology,1,1,1,1,Karnataka,1
1-43655867799,GOVERNMENT TOOL ROOM AND TRAINING CENTRE - HUMNABAD,"SERICULTURE BUILDING, NEAR SBC ARTS COLLEGE ,BY PASS NH-9 ROAD,HUMNABAD.",BIDAR,Government,N,N,1-475198031,fetchdata,2024-2025,Engineering and Technology,1,1,1,1,Karnataka,1
1-43656219599,SHREE PRATAPGOUDA PATIL GOVERNMENT POLYTECHNIC MASKI,PRINCIPAL SHREE PRATAPGOUDA PATIL GOVERNMENT POLYTECHNIC MASKI,RAICHUR,Government,N,N,1-43385430613,fetchdata,2024-2025,Engineering and Technology,1,1,1,1,Karnataka,1
1-43655874892,KARNATAKA INSTITUTE OF LEATHER & FASHION TECHNOLOGY,"NEAR BMTC LAST BUS STOP, ULLAL UPANAGARA, BANGALORE-560110",BANGALORE URBAN,Government,N,N,1-482209715,fetchdata,2024-2025,Engineering and Technology,1,1,1,1,Karnataka,1
1-43655875782,"M.S.M.S RURAL POLYTECHNIC, MARALI","RUDRESHWARA NAGAR, RAICHUR ROAD(SH) MARALI",KOPPAL,Private-Self Financing,N,N,1-437676581,fetchdata,2024-2025,Engineering and Technology,1,1,1,1,Karnataka,1
1-43656017121,"GOVERNMENT POLYTECHNIC,TURUVEKERE",GOVERNMENT POLYTECHNIC TURUVEKERE,TUMKUR,Government,N,N,1-486293203,fetchdata,2024-2025,Engineering and Technology,1,1,1,1,Karnataka,1
1-43655877577,GOVERNMENT POLYTECHNIC,NH-4 KANTHARAJA CIRCLE KOTHAMANGALA POST,KOLAR,Government,N,N,1-474934283,fetchdata,2024-2025,Engineering and Technology,1,1,1,1,Karnataka,1
1-43655879451,ARYABHARATHI POLYTECHNIC,"SRI H M GANGADHARAIAH ROAD, SARASWATHIPURAM,",TUMKUR,Private-Self Financing,N,N,1-801015091,fetchdata,2024-2025,Engineering and Technology,1,1,1,1,Karnataka,1
1-43655788538,SAHYADRI POLYTECHNIC,SAGAR ROAD SEEBINAKERE POST,SHIMOGA,Govt aided,N,N,1-474763251,fetchdata,2024-2025,Engineering and Technology,1,1,1,1,Karnataka,1
1-43656024146,GOVERNMENT POLYTECHNIC,"AVAREMALA,MARALAWADI,",RAMANAGARA,Government,N,N,1-11300501255,fetchdata,2024-2025,Engineering and Technology,1,1,1,1,Karnataka,1
1-43656092754,IMPACT POLYTECHNIC,"KODIGEHALLI, SAHAKARANAGAR PO BANGLAORE",BANGALORE URBAN,Govt aided,N,Y,1-402924711,fetchdata,2024-2025,Engineering and Technology,1,1,1,1,Karnataka,1
1-43655728061,EAST WEST POLYTECHNIC,"NO.63,OFF MAGADI ROAD,",BANGALORE URBAN,Private-Self Financing,N,N,1-453744211,fetchdata,2024-2025,Engineering and Technology,1,1,1,1,Karnataka,1
1-43655889714,GOVERNMENT POLYTECHNIC GADAG,"SHIVA RATNA CAMPUS, PALA BADAMI ROAD, BETAGERI",GADAG,Government,N,N,1-467914131,fetchdata,2024-2025,Engineering and Technology,1,1,1,1,Karnataka,1
1-43655890642,SHRIDEVI POLYTECHNIC,"HONNENAHALLI, SIRA ROAD, TUMKUR",TUMKUR,Private-Self Financing,N,N,1-422725321,fetchdata,2024-2025,Engineering and Technology,1,1,1,1,Karnataka,1
1-43656138069,"NAVKIS COLLEGE OF ENGINEERING, HASSAN","P.B.NO. 55, NH-48, KIADB INDUSTRIAL AREA, THIMMANAHALLY, HASSAN-573201",HASSAN,Private-Self Financing,N,N,1-5300011,fetchdata,2024-2025,Engineering and Technology,1,1,1,1,Karnataka,1
1-43655735394,GOVERNMENT RESIDENTIAL POLYTECHNIC FOR WOMEN,"SWAMY VIVEKANANDA EXTENSION,",SHIMOGA,Government,Y,N,1-467514391,fetchdata,2024-2025,Engineering and Technology,1,1,1,1,Karnataka,1
1-43655072029,"GOVERNMENT POLYTECHNIC, NAGAMANGALA","GOVERNMENT POLYTECHNIC, NAGAMANGALA, NAGAMANGALA TALUK, MANDYA DISTRICT, KARNATAKA --571432",MANDYA,Government,N,N,1-501890611,fetchdata,2024-2025,Engineering and Technology,1,1,1,1,Karnataka,1
1-43655076648,"GOVT.TOOLROOM AND TRAINING CENTRE,BANGALORE","GOVT.TOOLROOM AND TRAINING CENTRE,BANGALORE RAJAJI NAGAR INDUSTRIAL ESTATE, RAJAJI NAGAR, BANGALORE - 560010",BANGALORE URBAN,Government,N,N,1-16582091,fetchdata,2024-2025,Engineering and Technology,1,1,1,1,Karnataka,1
