institute_id,institute_name,address,district,institution_type,women_only,minority,parent_id,method,year,program,level,institutiontype,Women,Minority,state,course
1-43358498993,DR. D. Y. PATIL TECHNICAL CAMPUS,"S.NO.32/1/A/7, VARALE,TALEGAON,PUNE",PUNE,Private-Self Financing,N,N,1-43358498993,fetchdata,2023-2024,Engineering and Technology,1,1,1,1,Maharashtra,1
1-41102890525,TULSIRAMJI GAIKWAD-PATIL COLLEGE OF ENGINEERING AND TECHNOLOGY,"KHASARA NO. 8/1, P.S.K. 74, MOHGAON, WARDHA ROAD, NAGPUR",NAGPUR,Private-Self Financing,N,N,1-4187806,fetchdata,2023-2024,Engineering and Technology,1,1,1,1,Maharashtra,1
1-43372580473,BRO SCHOOL AND CENTRE,BRO SCHOOL AND CENTRE (GREF) DIGHI CAMP PUNE,PUNE,State Government University,N,N,1-43372580473,fetchdata,2023-2024,Engineering and Technology,1,1,1,1,Maharashtra,1
1-43411900726,SCHOOL OF ARTILLERY,"SCHOOL OF ARTILLERY,DEVLALI",NASHIK,State Government University,N,N,1-43411900726,fetchdata,2023-2024,Engineering and Technology,1,1,1,1,Maharashtra,1
1-43370087624,RESEARCH DEVELOPMENT AND EVALUATION TRAINING ARMOURED CORPS CENTRE AND SCHOOL,"ARMOURED CORPS CENTRE AND SCHOOL, JAMKHED ROAD, AHMEDNAGAR",AHMEDNAGAR,Government,N,N,1-43370087624,fetchdata,2023-2024,Engineering and Technology,1,1,1,1,Maharashtra,1
1-43408540793,EAGLEWOOD POLYTECHNIC INSTITUTE,"A/P PHULEPIMPALGAON, TAL. MAJALGAON",BEED,Private-Self Financing,N,N,1-43408540793,fetchdata,2023-2024,Engineering and Technology,1,1,1,1,Maharashtra,1
1-40382063985,SAMARTH GROUP OF INSTITUTIONS,"A- BANGARWADI, P-BELHE,TAL- JUNNAR",PUNE,Private-Self Financing,N,N,1-5099471,fetchdata,2023-2024,Engineering and Technology,1,1,1,1,Maharashtra,1
1-40382193498,SVKM'S NARSEE MONJEE INSTITUTE OF MANAGEMENT STUDIES,"BABHULDE, BANK OF TAPI RIVER, MUMBAI AGRA ROAD",DHULE,State Private University,N,Y,1-513082061,fetchdata,2023-2024,Engineering and Technology,1,1,1,1,Maharashtra,1
1-40383727725,MATOSHRI PRATISHTHAN'S GROUP OF INSTITUTION SCHOOL OF ENGINEERING AND SCHOOL OF MANAGEMENT,"JIJAU NAGAR,OFF LATUR NANDED HIGHWAY,AT KHUPSARWADI,PO.VISHNUPURI,",NANDED,Private-Self Financing,N,N,1-6754941,fetchdata,2023-2024,Engineering and Technology,1,1,1,1,Maharashtra,1
1-40382796739,SHRI RAMDEOBABA COLLEGE OF ENGINEERING AND MANAGEMENT,"RAMDEO TEKDI, KATOL ROAD, GITTIKHADAN, NAGPUR",NAGPUR,Private-Self Financing,N,Y,1-3638154,fetchdata,2023-2024,Engineering and Technology,1,1,1,1,Maharashtra,1
1-40382868873,INSTITUTE OF CHEMICAL TECHNOLOGY MUMBAI MARATHWADA OFF CAMPUS,"M/S BEEJ SHEETAL RESEARCH PRIVATE LIMITED, BT-5/13-1/13-2/13-3, BIOTECHNOLOGY PARK, ADDITIONAL MIDC AREA, AURANGABAD ROAD, DIST- JALNA, MAHARASHTRA, PIN - 431 203",JALNA,Deemed to be University(Govt),N,N,1-3751124151,fetchdata,2023-2024,Engineering and Technology,1,1,1,1,Maharashtra,1
1-40381577349,DR. ASHOK GUJAR TECHNICAL INSTITUTE'S DR. DAULATRAO AHER COLLEGE OF ENGINEERING,"VIDYANAGAR EXTENSION, BANAWADI, KARAD",SATARA,Private-Self Financing,N,N,1-14782151,fetchdata,2023-2024,Engineering and Technology,1,1,1,1,Maharashtra,1
1-40384452013,GRAMIN TECHNICAL AND MANAGEMENT CAMPUS NANDED,GRAMIN POLYTECHNIC VISHNUPURI NANDED,NANDED,Private-Self Financing,N,N,1-428117711,fetchdata,2023-2024,Engineering and Technology,1,1,1,1,Maharashtra,1
1-43418243803,COMBAT ARMY AVIATION TRAINING SCHOOL CATS,"GANDHINAGAR AIRFIELD, NASHIK ROAD",NASHIK,Government,N,N,1-43418243803,fetchdata,2023-2024,Engineering and Technology,1,1,1,1,Maharashtra,1
1-43367147925,MKD INSTITUTE OF TECHNOLOGY,"MKD EDUCATIONAL CAMPUS, NAVAPUR ROAD, WAGHALE PHATA, VIRCHAK",NANDURBAR,Private-Self Financing,N,N,1-43367147925,fetchdata,2023-2024,Engineering and Technology,1,1,1,1,Maharashtra,1
1-43371475269,P. G. COLLEGE OF ENGINEERING AND TECHNOLOGY,"P. G. KNOWLEDGE CITY  SANT BHUMI NAGZIRI,CHAUPALE",NANDURBAR,Private-Self Financing,N,N,1-43371475269,fetchdata,2023-2024,Engineering and Technology,1,1,1,1,Maharashtra,1
1-40088020944,HOMI BHABHA NATIONAL INSTITUTE,TRAINING SCHOOL COMPLEX 2ND FLOOR ANUSHAKTHINAGAR MUMBAI 400 094,MUMBAI CITY,Deemed to be University(Govt),N,N,1-3683159811,fetchdata,2023-2024,Engineering and Technology,1,1,1,1,Maharashtra,1
1-43363660274,GOVERNMENT COLLEGE OF ENGINEERING KOLHAPUR,OLD PUNE BANGALORE ROAD VIDYANAGAR,KOLHAPUR,Government,N,N,1-43363660274,fetchdata,2023-2024,Engineering and Technology,1,1,1,1,Maharashtra,1
1-40087539522,SHANTINIKETAN POLYTECHNIC,SECTOR NO-2 PLOT NO 27 NEW PANVEL(E),RAIGAD,Private-Self Financing,N,N,1-463896781,fetchdata,2023-2024,Engineering and Technology,1,1,1,1,Maharashtra,1
1-43373801543,JIJAU POLYTECHNIC COLLEGE,AT POST KHANDGAON (BENDRI) TQ NAIGAON DIST NANDED,NANDED,Private-Self Financing,N,N,1-43373801543,fetchdata,2023-2024,Engineering and Technology,1,1,1,1,Maharashtra,1
1-43377937673,D. Y. PATIL EDUCATION SOCIETY DEEMED TO BE UNIVERSITY,"869, E, D. Y. PATIL VIDYANAGAR, KASABA BAWADA, KOLHAPUR",KOLHAPUR,Deemed to be University(Pvt),N,N,1-43377937673,fetchdata,2023-2024,Engineering and Technology,1,1,1,1,Maharashtra,1
1-43357059247,DR V K PATIL COLLEGE OF ENGINEERING AND TECHNOLOGY,"AURANGABAD ROAD, GAD PATI, OSMANABAD",OSMANABAD,Private-Self Financing,N,N,1-43357059247,fetchdata,2023-2024,Engineering and Technology,1,1,1,1,Maharashtra,1
1-41103367618,MAHARASHTRA INSTITUTE OF TECHNOLOGY,"NH-211,SATARA VILLAGE ROAD,",AURANGABAD,Private-Self Financing,N,N,1-8344254,fetchdata,2023-2024,Engineering and Technology,1,1,1,1,Maharashtra,1
1-41103495050,AJEENKYA DY PATIL SCHOOL OF ENGINEERING,"DR. D. Y. PATIL KNOWELDGE CITY, S. NO. 136, CHARHOLI (BK), VIA LOHEGAON, TAL.- HAVELI",PUNE,Private-Self Financing,N,N,1-3847411,fetchdata,2023-2024,Engineering and Technology,1,1,1,1,Maharashtra,1
1-41103650736,J D COLLEGE OF ENGINEERING AND MANAGEMENT,"AT:KHANDALA , POST: VALNI,KATOL ROAD, NAGPUR 441 501",NAGPUR,Private-Self Financing,N,Y,1-8019991,fetchdata,2023-2024,Engineering and Technology,1,1,1,1,Maharashtra,1
1-43367156883,KARANJEKAR COLLEGE OF ENGINEERING AND MANAGEMENT,"NAGZIRA ROAD, SAKOLI",BHANDARA,Private-Self Financing,N,N,1-43367156883,fetchdata,2023-2024,Engineering and Technology,1,1,1,1,Maharashtra,1
1-41102506629,BHARATI VIDYAPEETH'S COLLEGE OF ENGINEERING KOLHAPUR,"BHARATI VIDYAPEETH'S COLLEGE OF ENGINEERING,  NEAR CHITRANAGARI,  KOLHAPUR-416013",KOLHAPUR,Private-Self Financing,N,N,1-7272341,fetchdata,2023-2024,Engineering and Technology,1,1,1,1,Maharashtra,1
1-38675811796,"G. H. RAISONI COLLEGE OF ENGINEERING, NAGPUR.","CRPF GATE NO.3, DIGDOH HILLS, MIDC AREA, HINGNA ROAD, NAGPUR",NAGPUR,Private-Self Financing,N,Y,1-3285267,fetchdata,2023-2024,Engineering and Technology,1,1,1,1,Maharashtra,1
1-38675850320,SAHYADRI VALLEY COLLEGE OF ENGINEERING & TECHNOLOGY,"AT GAT NO.1941, RAJURI, TALUKA: JUNNER",PUNE,Private-Self Financing,N,N,1-476497031,fetchdata,2023-2024,Engineering and Technology,1,1,1,1,Maharashtra,1
1-38683753700,ZEAL POLYTECHNIC,"S NO 39 NARHE ,PUNE HAVELI",PUNE,Private-Self Financing,N,N,1-425603821,fetchdata,2023-2024,Engineering and Technology,1,1,1,1,Maharashtra,1
1-38688432921,"SHREEYASH PRATISHTHAN'S, SHREEYASH COLLEGE OF ENGINEERING & TECHNOLOGY","GUT NO. 258, SATARA TANDA, AURANGABAD-431005 DIST: AURANGABAD MAHARASHTRA",AURANGABAD,Private-Self Financing,N,N,1-7854956,fetchdata,2023-2024,Engineering and Technology,1,1,1,1,Maharashtra,1
1-38680663113,DR. BAPUJI SALUNKHE INSTITUTE OF ENGINEERING AND TECHNOLOGY,"2130, E WARD, TARABAI PARK",KOLHAPUR,Private-Self Financing,N,N,1-396064271,fetchdata,2023-2024,Engineering and Technology,1,1,1,1,Maharashtra,1
1-38680711039,ABDUL RAZZAK KALSEKAR POLYTECHNIC,"PLOT NO. 3, SECTOR 16, KHANDAGAON, THANA NAKA, NEW PANVEL",MUMBAI SUBURBAN,Private-Self Financing,N,Y,1-485854731,fetchdata,2023-2024,Engineering and Technology,1,1,1,1,Maharashtra,1
1-38683787719,"GOVERNMENT POLYTECHNIC, PEN","SHIVAJINAGAR, RAMWADI, PEN",RAIGAD,Government,N,N,1-502653541,fetchdata,2023-2024,Engineering and Technology,1,1,1,1,Maharashtra,1
1-38683823627,SANGHAVI COLLEGE OF ENGINEERING,"GUT NO.166, VARVANDI, TALUKA: DINDORI DIST.: NASHIK",NASHIK,Private-Self Financing,N,N,1-461186721,fetchdata,2023-2024,Engineering and Technology,1,1,1,1,Maharashtra,1
1-38688536763,MIT ACADEMY OF ENGINEERING,"ALANDI(D),TAL-KHED,DIST-PUNE",PUNE,Private-Self Financing,N,N,1-23111191,fetchdata,2023-2024,Engineering and Technology,1,1,1,1,Maharashtra,1
1-38683858649,DR. R. N. LAHOTI POLYTECHNIC SULTANPUR,"JALNA ROAD SULTANPUR, TQ. LONAR, DIST. BULDANA",BULDHANA,Private-Self Financing,N,N,1-475435423,fetchdata,2023-2024,Engineering and Technology,1,1,1,1,Maharashtra,1
1-38683893542,KAMPTEE POLYTECHNIC KAMPTEE,NEAR DRAGON PALACE TEMPLE NEW KAMPTEE,NAGPUR,Private-Self Financing,N,N,1-425537895,fetchdata,2023-2024,Engineering and Technology,1,1,1,1,Maharashtra,1
1-38683894463,"GOVERNMENT POLYTECHNIC, GADCHIROLI","MIDC ROAD, INDALA, GADCHIROLI",GADCHIROLI,Government,N,N,1-478389881,fetchdata,2023-2024,Engineering and Technology,1,1,1,1,Maharashtra,1
1-38671396115,LOKMANYA TILAK COLLEGE OF ENGINEERING,"SECTOR-4,KOPARKHAIRANE, PLOT NO.17,18 & 19, NAVI MUMBAI",MUMBAI CITY,Private-Self Financing,N,Y,1-6317941,fetchdata,2023-2024,Engineering and Technology,1,1,1,1,Maharashtra,1
1-38682343269,"ANNASAHEB DANGE COLLEGE OF ENGINEERING AND TECHNOLOGY, ASHTA","NEAR OLD AIRPORT, A/P - ASHTA, TAL - WALWA, DIST - SANGLI",SANGLI,Private-Self Financing,N,N,1-4318091,fetchdata,2023-2024,Engineering and Technology,1,1,1,1,Maharashtra,1
1-38687187577,D.K.T.E. SOCIETY'S TEXTILE & ENGINEERING INSTITUTE,"""RAJWADA"" POST BOX NO. 130",KOLHAPUR,Private-Self Financing,N,N,1-2404851,fetchdata,2023-2024,Engineering and Technology,1,1,1,1,Maharashtra,1
1-38688778233,"GOVERNMENT POLYTECHNIC, KOLHAPUR","OLD. P. B. ROAD, VIDYANAGAR",KOLHAPUR,Government,N,N,1-475576863,fetchdata,2023-2024,Engineering and Technology,1,1,1,1,Maharashtra,1
1-38684103425,SHRI BHAGUBHAI MAFATLAL POLYTECHNIC,"IRLA-JUHU RD, NATAKKAR RAM GANESH GADKARI MARG, VILE PARLE(WEST)",MUMBAI SUBURBAN,Govt aided,N,Y,1-415325881,fetchdata,2023-2024,Engineering and Technology,1,1,1,1,Maharashtra,1
1-38666528405,KOLHAPUR INSTITUTE OF TECHNOLOGYâS COLLEGE OF ENGINEERING AUTONOMOUS KOLHAPUR,"AT POST- GOKUL SHIRGAON, TAL- KARVEER, DIST. KOLHPAUR.",KOLHAPUR,Private-Self Financing,N,N,1-4830121,fetchdata,2023-2024,Engineering and Technology,1,1,1,1,Maharashtra,1
1-38671520648,JAGADAMBHA COLLEGE OF ENGG & TECHNOLOGY,"SURVEY NO:167/1,167/2, 163 ARNI ROAD,KINHI YAVATMAL-445001",YAVATMAL,Private-Self Financing,N,N,1-5911301,fetchdata,2023-2024,Engineering and Technology,1,1,1,1,Maharashtra,1
1-38676337892,"SATARA POLYTECHNIC,SATARA","152,155 SONGAON TURF,  NEAR NH-4, SATARA.",SATARA,Private-Self Financing,N,N,1-423150903,fetchdata,2023-2024,Engineering and Technology,1,1,1,1,Maharashtra,1
1-38684200096,SANDIP INSTITUE OF ENGINEERING & MANAGEMENT,"TRIMBAK ROAD, MAHIRAVANI",NASHIK,Private-Self Financing,N,N,1-1545691,fetchdata,2023-2024,Engineering and Technology,1,1,1,1,Maharashtra,1
1-38684236137,"SHRI GULABRAO DEOKAR POLYTECHNIC, JALGAON","P B NO.113, GAT NO.26/1, MOHADI  SHIVAR,  JALGAON",JALGAON,Private-Self Financing,N,N,1-439824195,fetchdata,2023-2024,Engineering and Technology,1,1,1,1,Maharashtra,1
1-38689001722,GOVERNMENT POLYTECHNIC NANDURBAR,"MAUJE HOLE TARFE HAVELI,NEAR DUBKESHWAR MAHADEV MANDIR NANDURBAR",NANDURBAR,Government,N,N,1-493083881,fetchdata,2023-2024,Engineering and Technology,1,1,1,1,Maharashtra,1
1-38671623589,"BHARATI VIDYAPEETH'S COLLEGE OF ENGINEERING, LAVALE, PUNE","âBHARATI VIDYAPEETHâS GROUP OF INSTITUTE, LAVALEâ, TECHNICAL CAMPUS AT-LAVALE, TAL-MULSHI, DIST-PUNE",PUNE,Private-Self Financing,N,N,1-506962621,fetchdata,2023-2024,Engineering and Technology,1,1,1,1,Maharashtra,1
1-38689039645,THADOMAL SHAHANI ENGINEERING COLLEGE,"P.G. KHER MARG,32ND ROAD,TPS III OFF. LINKING ROAD BANDRA(WEST) MUMBAI 400050",MUMBAI SUBURBAN,Private-Self Financing,N,Y,1-8657401,fetchdata,2023-2024,Engineering and Technology,1,1,1,1,Maharashtra,1
1-38689103825,"GOVERNMENT POLYTECHNIC, VIKRAMGAD","AT POST SHIL, SURVEY NO. 20",THANE,Government,N,N,1-513112193,fetchdata,2023-2024,Engineering and Technology,1,1,1,1,Maharashtra,1
1-38684342415,NATIONAL INSTITUTE OF ELECTRONICS & INFORMATION TECHNOLOGY (NIELIT).AURANGABAD,DOEACC CENTRE AURANGABAD DR. B.A.M. UNIVERSITY CAMPUS  AURANGABAD,AURANGABAD,Government,N,N,1-421286153,fetchdata,2023-2024,Engineering and Technology,1,1,1,1,Maharashtra,1
1-38684379065,SIR VISVESVARAYA INSTITUTE OF TECHNOLOGY,"A/P: CHINCHOLI, TALUKA: SINNAR, DIST: NASHIK, MAHARASHTRA 422101",NASHIK,Private-Self Financing,N,N,1-19640842,fetchdata,2023-2024,Engineering and Technology,1,1,1,1,Maharashtra,1
1-38675074801,MATOSHRI PRATISHTHAN'S VISHWABHARTI POLYTECHNIC INSTITUTE,JIJAU NAGAR NANDED LATUR HIGHWAY KHUPSARWADI POST VISHNUPURI NANDED,NANDED,Private-Self Financing,N,N,1-437494331,fetchdata,2023-2024,Engineering and Technology,1,1,1,1,Maharashtra,1
1-38671948289,H.V.P.MANDAL'S COLLEGE OF ENGINEERING & TECHNOLOGY," HANUMAN VYAYAM NAGAR, HVPM CAMPUS  AMRAVATI-444605",AMRAVATI,Private-Self Financing,N,N,1-7590971,fetchdata,2023-2024,Engineering and Technology,1,1,1,1,Maharashtra,1
1-38675184050,"ABHINAV EDUCATION SOCIETY'S COLLEGE OF ENGINEERING AND TECHNOLOGY (DEGREE),WADWADI",S. NO 209 AT- WADWADI TAL KHANDALA DIST SATARA STATE MAHARASHTRA,SATARA,Private-Self Financing,N,N,1-4831184,fetchdata,2023-2024,Engineering and Technology,1,1,1,1,Maharashtra,1
1-38681452176,DILKAP RESEARCH INSTITUTE OF ENGINEERING AND MANAGEMENT STUDIES,VILLAGE MAMDAPUR POST NERAL,RAIGAD,Private-Self Financing,N,N,1-2029561,fetchdata,2023-2024,Engineering and Technology,1,1,1,1,Maharashtra,1
1-38684546182,MDA INSTITUTE OF POLYTECHNIC KOLPA,AT. KOLPA POST. KASARKHEDA TQ. & DIST. LATUR,LATUR,Private-Self Financing,N,N,1-421236331,fetchdata,2023-2024,Engineering and Technology,1,1,1,1,Maharashtra,1
1-38684618694,"JAWAHAR EDUCATION SOCIETY'S INSTITUTE OF TECHNOLOGY, MANAGEMENT AND RESEARCH NASHIK","SURVE NO. 48, GOWARDHAN, GANAGPUR ROAD NASHIK.",NASHIK,Private-Self Financing,N,N,1-455790931,fetchdata,2023-2024,Engineering and Technology,1,1,1,1,Maharashtra,1
1-38687710429,PRIYADARSHINI COLLEGE OF ENGINEERING,"NEAR C.R.P.F. CAMPUS, HINGNA ROAD, NAGPUR",NAGPUR,Private-Self Financing,N,Y,1-5435581,fetchdata,2023-2024,Engineering and Technology,1,1,1,1,Maharashtra,1
1-38687779974,"GOVERNMENT POLYTECHNIC, AHMEDNAGAR","NEAR I.T.I., BURUDGAON ROAD, AHMEDNAGAR - 414001",AHMEDNAGAR,Government,N,N,1-465626741,fetchdata,2023-2024,Engineering and Technology,1,1,1,1,Maharashtra,1
1-38683115658,WAINGANGA COLLEGE OF ENGINEERING AND MANAGEMENT,"DONGARGAON, NEAR GUMGAON RLY. STATION, POST-GUMGAON, WARDHA ROAD, NAGPUR.441114.",NAGPUR,Private-Self Financing,N,N,1-4190881,fetchdata,2023-2024,Engineering and Technology,1,1,1,1,Maharashtra,1
1-38684654624,DHARAMPETH POLYTECHNIC,"NEAR AMBAZARI GARDEN, NORTH AMBAZARI ROAD, NAGPUR",NAGPUR,Private-Self Financing,N,N,1-475206581,fetchdata,2023-2024,Engineering and Technology,1,1,1,1,Maharashtra,1
1-38687924691,VISHWAKARMA INSTITUTE OF TECHNOLOGY,"666, UPPER INDIRANAGAR, BIBWEWADI",PUNE,Private-Self Financing,N,N,1-3514117,fetchdata,2023-2024,Engineering and Technology,1,1,1,1,Maharashtra,1
1-38668768359,LATE VASANTDADA POLYTECHNIC,"E-2/F-3., NEW NANDANVAN,NEAR WATER TANK, NAGPUR",NAGPUR,Private-Self Financing,N,N,1-467832381,fetchdata,2023-2024,Engineering and Technology,1,1,1,1,Maharashtra,1
1-38684789216,MANAV SCHOOL OF ENGINEERING AND TECHNOLOGY,"GUT NO 1035, NAGPUR SURAT HIGHWAY NH 6, VYALA",AKOLA,Private-Self Financing,N,N,1-728166611,fetchdata,2023-2024,Engineering and Technology,1,1,1,1,Maharashtra,1
1-38677074316,YESHWANTRAO CHAVAN COLLEGE OF ENGINEERING,"WANADONGRI, HINGNA ROAD, NAGPUR - 441 110",NAGPUR,Private-Self Financing,N,N,1-4736951,fetchdata,2023-2024,Engineering and Technology,1,1,1,1,Maharashtra,1
1-38680140706,NAVSAHYADRI EDUCATION SOCIETY'S GROUP OF INSTITUTIONS,"GAT. N0. 69,70,71, MOUJE : NAIGAON, TAL. BHOR, DIST. PUNE - 412205.",PUNE,Private-Self Financing,N,N,1-3104081,fetchdata,2023-2024,Engineering and Technology,1,1,1,1,Maharashtra,1
1-38683361262,GOVERNMENT POLYTECHNIC SOLAPUR,AKKALKOT ROAD  SHANTI CHOUK SOLAPUR,SOLAPUR,Government,N,N,1-463156901,fetchdata,2023-2024,Engineering and Technology,1,1,1,1,Maharashtra,1
1-38684858974,SIDDHIVINAYAK TECHNICAL CAMPUS,"GAT NO.133,134,140                                                   SHEGAON-KHAMGAON ROAD,                                                    SHIRASGAON NILE, TQ:- SHEGAON",BULDHANA,Private-Self Financing,N,N,1-465030131,fetchdata,2023-2024,Engineering and Technology,1,1,1,1,Maharashtra,1
1-38684897036,"BRAHMANAND KARANJEKAR INSTITUTE OF TECHNOLOGY, SAKOLI","NAGZIRA ROAD, SAKOLI",BHANDARA,Private-Self Financing,N,N,1-2047379791,fetchdata,2023-2024,Engineering and Technology,1,1,1,1,Maharashtra,1
1-38673917262,B.R. HARNE COLLEGE OF ENGINEERING & TECHNOLOGY,"SURVEY NO. 110/1A, 111/1,, 111/2B, 126/2,  VILLAGE - KARAV, NEAR VANGANI STATION, TAH. AMBARNATH, DIST. THANE.",THANE,Private-Self Financing,N,N,1-473869761,fetchdata,2023-2024,Engineering and Technology,1,1,1,1,Maharashtra,1
1-38675508982,GOVERNMENT POLYTECHNIC HINGOLI,P-9 M.I.D.C. LIMBALA HINGOLI,HINGOLI,Government,N,N,1-501048591,fetchdata,2023-2024,Engineering and Technology,1,1,1,1,Maharashtra,1
1-38683369254,"GOVERNMENT POLYTECHNIC,BRAMHAPURI","AT:-KHED,NAGBHID ROAD,BRAMHAPURI,TA:-BRAMHAPURI,DIST:-CHANDRAPUR",CHANDRAPUR,Government,N,N,1-492853671,fetchdata,2023-2024,Engineering and Technology,1,1,1,1,Maharashtra,1
1-38688214782,FR. C. RODRIGUES INSTITUTE OF TECHNOLOGY,"FR. AGNEL TECHNICAL EDUCATION COMPLEX, SECTOR 9 A, NEAR NOOR MD. MASJID.",THANE,Private-Self Financing,N,Y,1-4849231,fetchdata,2023-2024,Engineering and Technology,1,1,1,1,Maharashtra,1
1-38672510125,"P.DR.V.V.P.INSTITUTE OF TECHONOLOGY & ENGINEERING (POLYTECHNIC), PRAVARANAGAR","A/P-LONI, TAL-RAHATA, DIST-AHMEDNAGAR (M.S.)",AHMEDNAGAR,Private-Self Financing,N,N,1-421292021,fetchdata,2023-2024,Engineering and Technology,1,1,1,1,Maharashtra,1
1-38683465889,"GOVERNMENT POLYTECHNIC, JINTUR","YELDARY ROAD, JINTUR",PARBHANI,Government,N,N,1-487484701,fetchdata,2023-2024,Engineering and Technology,1,1,1,1,Maharashtra,1
1-38683505812,SYMBIOSIS INSTITUTE OF TECHNOLOGY,"SYMBIOSIS KNOWLEDGE VILLAGE PROJECT ,TAL MULSHI ,VILLAGE LAVALE/NANDE , DIST .PUNE-411042",PUNE,Deemed to be University(Pvt),N,N,1-10306294,fetchdata,2023-2024,Engineering and Technology,1,1,1,1,Maharashtra,1
1-38683539900,"SND COLLEGE OF ENGINEERING & RESEARCH CENTER, BABHULGAON",A/P BABHULGAON TAL. YEOLA DIST. NASHIK STATE MAHARASHTRA PIN CODE-423401,NASHIK,Private-Self Financing,N,N,1-3396281,fetchdata,2023-2024,Engineering and Technology,1,1,1,1,Maharashtra,1
1-38688288972,MUCHHALA POLYTECHNIC,"G. B. ROAD, KAVESAR, THANE(W),THANE",THANE,Private-Self Financing,N,N,1-409574951,fetchdata,2023-2024,Engineering and Technology,1,1,1,1,Maharashtra,1
1-38688322853,GOVERNMENT POLYTECHNIC PUNE,"UNIVERSITY ROAD,GANESHKHID,PUNE",PUNE,Government,N,N,1-492904741,fetchdata,2023-2024,Engineering and Technology,1,1,1,1,Maharashtra,1
1-38691647144,"PRIYADARSHINI J.L.COLLEGE OF ENGINEERING,NAGPUR","846,NEW NANDANVAN,NAGPUR",NAGPUR,Private-Self Financing,N,Y,1-5935951,fetchdata,2023-2024,Engineering and Technology,1,1,1,1,Maharashtra,1
1-38693471245,MGM'S COLLEGE OF ENGINEERING AND TECHNOLOGY,"AT JUNCTION NH-4,SION PANVEL EXPRESSWAY, SECTOR-18,KAMOTHE,NAVI MUMBAI.",RAIGAD,Private-Self Financing,N,N,1-12120544,fetchdata,2023-2024,Engineering and Technology,1,1,1,1,Maharashtra,1
1-38693570211,ISBM COLLEGE OF ENGINEERING PUNE,"SURVEY NO.44/1, 44/1/2, NANDE VILLAGE",PUNE,Private-Self Financing,N,Y,1-4351941,fetchdata,2023-2024,Engineering and Technology,1,1,1,1,Maharashtra,1
1-38692316376,JAWAHAR EDUCATION SOCIETY'S A. C. PATIL COLLEGE OF ENGINEERING,"PLOT NO. 17, SECTOR 4, KHARGHAR,  NAVI MUMBAI 410210",MUMBAI SUBURBAN,Private-Self Financing,N,N,1-32561901,fetchdata,2023-2024,Engineering and Technology,1,1,1,1,Maharashtra,1
1-38692464097,SKN SINHGAD INSTITUTE OF TECHNOLOGY & SCIENCE,"GAT NO 309, KUSGAON (BK.), OFF MUMBAI - PUNE EXPRESSWAY",PUNE,Private-Self Financing,N,N,1-459215421,fetchdata,2023-2024,Engineering and Technology,1,1,1,1,Maharashtra,1
1-38693981146,YADAVRAO TASGAONKAR POLYTECHNIC,"CHANDHAI, NASRAPUR, BHIVPURI, KARJAT, RAIGAD",RAIGAD,Private-Self Financing,N,N,1-404247151,fetchdata,2023-2024,Engineering and Technology,1,1,1,1,Maharashtra,1
1-38691037102,ANJUMAN-I-ISLAM'S M. H. SABOO SIDDIK COLLEGE OF ENGINEERING,"8, SABOO SIDDIK POLYTECHNIC ROAD, BYCULLA, MUMBAI",MUMBAI CITY,Private-Self Financing,N,Y,1-6552785,fetchdata,2023-2024,Engineering and Technology,1,1,1,1,Maharashtra,1
1-36961363069,SINHGAD INSTITUTE OF TECHNOLOGY,"GAT NO.309/310, OFF MUMBAI-PUNE EXPRESSWAY, KUSGAON (BK), LONAVALA, TAL - MAVAL, DIST - PUNE",PUNE,Private-Self Financing,N,N,1-5285631,fetchdata,2023-2024,Engineering and Technology,1,1,1,1,Maharashtra,1
1-36949966478,SURYODAYA COLLEGE OF ENGINEERING & TECHNOLOGY,"SURVEY NO. 117/1 & 117/3 A, VIHIRGAON,",NAGPUR,Private-Self Financing,N,N,1-6595181,fetchdata,2023-2024,Engineering and Technology,1,1,1,1,Maharashtra,1
1-36955412392,SMT. KASHIBAI NAVALE COLLEGE OF ENGINEERING,"S.NO. 44/1, VADGAON BK., OFF SINHGAD RD., PUNE",PUNE,Private-Self Financing,N,N,1-4266964,fetchdata,2023-2024,Engineering and Technology,1,1,1,1,Maharashtra,1
1-36956814852,K.C. COLLEGE OF ENGINEERING AND MANAGEMENT STUDIES AND RESEARCH,"NEAR SADGURU GARDEN, MITH BUNDER ROAD, KOPRI, THANE(E",THANE,Private-Self Financing,N,Y,1-15514691,fetchdata,2023-2024,Engineering and Technology,1,1,1,1,Maharashtra,1
1-36952704397,B.L.PATIL POLYTECHNIC,NEAR OLD POLICE STATION KHOPOLI  TAL KHALAPUR,RAIGAD,Private-Self Financing,N,N,1-445051801,fetchdata,2023-2024,Engineering and Technology,1,1,1,1,Maharashtra,1
1-36958324747,NBN SINHGAD TECHNICAL INSTITUTES CAMPUS,"10/1 AMBEGAON (BK), TALUKA HAVELI, DIST. PUNE 411041",PUNE,Private-Self Financing,N,N,1-461491971,fetchdata,2023-2024,Engineering and Technology,1,1,1,1,Maharashtra,1
1-36958357931,SINHGAD INSTITUTE OF TECHNOLOGY AND SCIENCE,"49/1 NARHE - AMBEGAON (BK.), OFF WESTERNLY BYPASS, PUNE - MUMBAI EXPRESSWAY, PUNE",PUNE,Private-Self Financing,N,N,1-4606451,fetchdata,2023-2024,Engineering and Technology,1,1,1,1,Maharashtra,1
1-36954282597,"SARASWATI COLLEGE OF ENGINEERING, KHARGHAR, NAVI-MUMBAI",PLOT NO-46 SECTOR-5 KHARGHAR NAVI-MUMBAI,RAIGAD,Private-Self Financing,N,N,1-1630347,fetchdata,2023-2024,Engineering and Technology,1,1,1,1,Maharashtra,1
1-36955608741,HI-TECH INSTITUTE OF TECHNOLOGY,"P-119,BAJAJNAGAR NEAR HOTEL MRUGNAYNI AURANGABAD PIN CODE 431136",AURANGABAD,Private-Self Financing,N,N,1-3290049,fetchdata,2023-2024,Engineering and Technology,1,1,1,1,Maharashtra,1
1-36958451759,MAULI INSTITUTE OF TECHNOLOGY (POLYTECHNIC) AMALNER,"GUT NO 25/1/A, DHEKU ROAD, AMBASAN DHEKU,",JALGAON,Private-Self Financing,N,N,1-1500823201,fetchdata,2023-2024,Engineering and Technology,1,1,1,1,Maharashtra,1
1-36962152680,SINHGAD COLLEGE OF ENGINEERING,"S. NO. 44/1, VADGAON (BUDARUK) OFF SINHGAD ROAD, PUNE",PUNE,Private-Self Financing,N,N,1-3674191,fetchdata,2023-2024,Engineering and Technology,1,1,1,1,Maharashtra,1
1-36951604093,HON SHRI BABANRAO PACHPUTE VICHARDHRA TRUST'S PARIKRAMA POLYTECHNIC,"A/P KASHTI,TAL: SHRIGONDA,DIST: AHMEDNAGARMAHARASHTRA 414701",AHMEDNAGAR,Private-Self Financing,N,N,1-456333111,fetchdata,2023-2024,Engineering and Technology,1,1,1,1,Maharashtra,1
1-36944689170,WALCHAND COLLEGE OF ENGINEERING,OPP. WILLINGDON COLLEGE POST OFFICE VISHRAMBAG,SANGLI,Govt aided,N,N,1-4197831,fetchdata,2023-2024,Engineering and Technology,1,1,1,1,Maharashtra,1
1-36954377112,SHIVAJIRAO S JONDHALE COLLEGE OF ENGINEERING,"BEHND VENKATESH PETROL PUMP, SONARPADA, DOMBIVLI EAST, TAL- KALYAN, DIST-THANE, PIN-421 204.",THANE,Private-Self Financing,N,N,1-2891714,fetchdata,2023-2024,Engineering and Technology,1,1,1,1,Maharashtra,1
1-36961772950,SINHGAD ACADEMY OF ENGINEERING,"S.NO. 40, KONDHWA(BK), KONDHWA- SASWAD ROAD, NEAR PMC OCTROI POST, PUNE-411048,  MAHARASHTRA",PUNE,Private-Self Financing,N,N,1-4676331,fetchdata,2023-2024,Engineering and Technology,1,1,1,1,Maharashtra,1
1-36961806841,BHARAT COLLEGE OF ENGINEERING,"KANHOR, BADLAPUR (WEST)",THANE,Private-Self Financing,N,N,1-10998561,fetchdata,2023-2024,Engineering and Technology,1,1,1,1,Maharashtra,1
1-36946196001,SHIVAJIRAO S. JONDHLE COLLEGE OF ENGINEERING &TECHNOLOGY,"AT ASANGAON, OPP RAILWAY STATION, ASANGAON TAL SHAHAPUR DIST THANE",THANE,Private-Self Financing,N,N,1-21309801,fetchdata,2023-2024,Engineering and Technology,1,1,1,1,Maharashtra,1
1-36951884977,"SHRI AMBABAI TALIM SANSTHA'S SANJAY BHOKRE GROUP OF INSTITUTES, MIRAJ.","TILAKNAGAR, POST-WANLESSWADI,",SANGLI,Private-Self Financing,N,N,1-13181371,fetchdata,2023-2024,Engineering and Technology,1,1,1,1,Maharashtra,1
1-36955994481,ADARSH INSTITUTE OF TECHNOLOGY & RESERCH CENTRE.,"A/P:- KHAMBALE(BHA),VITA. GAT NO. 421, TAL - KHANAPUR, DIST- SANGLI, PIN- 415311",SANGLI,Private-Self Financing,N,N,1-4836141,fetchdata,2023-2024,Engineering and Technology,1,1,1,1,Maharashtra,1
1-36942188362,PIMPRI CHINCHWAD COLLEGE OF ENGINEERING,"SECTOR NO 26,PRADHIKARAN,NIGADI,PUNE 44",PUNE,Private-Self Financing,N,N,1-6028469,fetchdata,2023-2024,Engineering and Technology,1,1,1,1,Maharashtra,1
1-36953272088,USHA MITTAL INSTITUTE OF TECHNOLOGY,"S.N.D.T WOMEN'S UNIVERSITY,  SIR VITHAL DAS VIHAR, SANTACRUZ(W), MUMBAI",MUMBAI CITY,State Government University,Y,N,1-41838661,fetchdata,2023-2024,Engineering and Technology,1,1,1,1,Maharashtra,1
1-36954635968,RASIKLAL M. DHARIWAL SINHGAD TECHNICAL INSTITUTES CAMPUS,"111/1 WARJE, OFF KATRAJ - DEHUROAD BYEPASS, TALUKA HAVELI",PUNE,Private-Self Financing,N,N,1-450175511,fetchdata,2023-2024,Engineering and Technology,1,1,1,1,Maharashtra,1
1-36954728913,SIES GRADUATE SCHOOL OF TECHNOLOGY,"SRI CHANDRASEKARENDRA SARASWATHY VIDYAPURAM, SECTOR-V, NERUL, NAVI MUMBAI",THANE,Private-Self Financing,N,Y,1-2933231,fetchdata,2023-2024,Engineering and Technology,1,1,1,1,Maharashtra,1
1-36959368214,WATUMULL INSTITUTE OF ELECTRONICS ENGINEERING AND COMPUTER TECHNOLOGY,"PLOT NO. 157, SRIMATI S  H MANSUKHANI ROAD, OPPOSITE ULHASNAGAR RAILWAY STATION (WEST), ULHASNAGAR, DISTT. THANE, MAHARASHTRA-421003",MUMBAI CITY,Private-Self Financing,N,Y,1-4193621,fetchdata,2023-2024,Engineering and Technology,1,1,1,1,Maharashtra,1
1-36960807753,"GOVERNMENT COLLEGE OF ENGINEERING ,JALGAON(M.S.)","NH-6,OPPOSITE TO DIC OFFICE,JALGAON -425002 MAHARASHTRA",JALGAON,Government,N,N,1-5025816,fetchdata,2023-2024,Engineering and Technology,1,1,1,1,Maharashtra,1
1-36943883413,AGNIHOTRI COLLEGE OF ENGINEERING,NEAR BYPASS HIGHWAY NAGTHANA ROAD SINDI (MEGHE) WARDHA,WARDHA,Private-Self Financing,N,N,1-15049654,fetchdata,2023-2024,Engineering and Technology,1,1,1,1,Maharashtra,1
1-36953521686,SARASWATI INSTITUTE OF TECHNOLOGY,"PLOT-46/46A, BEHIND MSEB SUB STATION, SECT-5, NEAR UTSAV CHOWK, KHARGHAR",RAIGAD,Private-Self Financing,N,N,1-419619921,fetchdata,2023-2024,Engineering and Technology,1,1,1,1,Maharashtra,1
1-36946817632,BHARATIYA VIDYA BHAVANS SARDAR PATEL INSTITUTE OF TECHNOLOGY,"BHAVANS CAMPUS, MUNSHI NAGAR, ANDHERI WEST MUMBAI",MUMBAI CITY,Private-Self Financing,N,N,1-5754558,fetchdata,2023-2024,Engineering and Technology,1,1,1,1,Maharashtra,1
1-36955054041,GOVERNMENT COLLEGE OF ENGINEERING AND RESEARCH,"AVASARI (KHURD) TAL. AMBEGAON, DIST. PUNE",PUNE,Government,N,N,1-10063464,fetchdata,2023-2024,Engineering and Technology,1,1,1,1,Maharashtra,1
1-36957844989,DATTA MEGHE COLLEGE OF ENGINEERING,"PLOT NO.98.P.B.15,SECTOR3,CIDCO COLONY,AIROLI,NAVI MUMBAI,400708",THANE,Private-Self Financing,N,N,1-11862950,fetchdata,2023-2024,Engineering and Technology,1,1,1,1,Maharashtra,1
1-36952482493,"VIDYA PRASARINI SABHA'S COLLEGE OF ENGINEERING & TECHNOLOGY, LONAVALA","GAT NO. 685, MOUJE - VAKSAI, TAH.- MAVAL, DIST.- PUNE",PUNE,Private-Self Financing,N,N,1-1510254684,fetchdata,2023-2024,Engineering and Technology,1,1,1,1,Maharashtra,1
1-36953804982,"GOVERNMENT COLLEGE OF ENGINEERING, KARAD","VIDYANAGAR, KARAD-415124 DIST: SATARA, MAHARASHTRA",SATARA,Government,N,N,1-8833781,fetchdata,2023-2024,Engineering and Technology,1,1,1,1,Maharashtra,1
1-36957996977,SMT INDIRA GANDHI COLLEGE OF ENGINEERING,"PLOT NO 1, SECT 8, GHANSOLI, NAVI MUMBAI 400701",THANE,Private-Self Financing,N,N,1-5935221,fetchdata,2023-2024,Engineering and Technology,1,1,1,1,Maharashtra,1
1-36944221805,BHARATI VIDYAPEETH 'S COLLEGE OF ENGINEERING FOR WOMEN,"PUNE â SATARA ROAD, DHANKAWADI, TAL :- HAWELI   DIST :- PUNE. PIN :- 411 043.",PUNE,Private-Self Financing,Y,N,1-13238621,fetchdata,2023-2024,Engineering and Technology,1,1,1,1,Maharashtra,1
1-36953897608,"GOVERNMENT COLLEGE OF ENGINEERING, CHANDRAPUR","BALLARPUR BYPASS, BABUPETH, OPP. PRASANNA PETROL PUMP CHANDRAPUR-442 403  MAHARASHTRA",CHANDRAPUR,Government,N,N,1-8194771,fetchdata,2023-2024,Engineering and Technology,1,1,1,1,Maharashtra,1
1-36956646794,BHARAT RATNA INDIRA GANDHI COLLEGE OF ENGINEERING,"GAT NO 58/3, PUNE- SOLAPUR NATIONAL HIGHWAY NO. 9, NEAR SOLAPUR UNIVERSITY, KEGAON, SOLAPUR.",SOLAPUR,Private-Self Financing,N,N,1-3323061,fetchdata,2023-2024,Engineering and Technology,1,1,1,1,Maharashtra,1
1-40073832722,M. D. JADHAV INSTITUTE OF TECHNOLOGY,GAT NO 986 A/P: BHOSE TAL: MIRAJ,SANGLI,Private-Self Financing,N,N,1-475274531,fetchdata,2023-2024,Engineering and Technology,1,1,1,1,Maharashtra,1
1-36549983417,THE PEOPLES EDUCATION SOCIETY'S DIPLOMA COLLEGE OF ENGINEERING & TECHNOLOGY,"BEHIND POLICE QUARTERS, A/P. TAL. JMAKHED DIST. AHMEDNAGAR.",AHMEDNAGAR,Private-Self Financing,N,N,1-428165701,fetchdata,2023-2024,Engineering and Technology,1,1,1,1,Maharashtra,1
1-36555932800,LATE N B CHHABADA INSTITUTE OF ENGINEERING AND MANAGEMENT,"SURVEY NO. 259 AT & POST RIGAON, TALUKA JAOLI, DIST: SATARA- 415020",SATARA,Private-Self Financing,N,N,1-6551711,fetchdata,2023-2024,Engineering and Technology,1,1,1,1,Maharashtra,1
1-36556026339,"M.G.M'S COLLEGE OF ENGINEERING ,NANDED","NEAR AIRPORT,HINGOLI,ROAD,NANDED-431 605",NANDED,Private-Self Financing,N,N,1-15937511,fetchdata,2023-2024,Engineering and Technology,1,1,1,1,Maharashtra,1
1-36558823608,"TATYASAHEB KORE INSTITUTE OF ENGINEERING AND TECHNOLOGY (POLYTECHNIC), WARANANAGAR","A/P- WARANANAGAR, TAL- PANHALA, DIST- KOLHAPUR",KOLHAPUR,Private-Self Financing,N,N,1-2862025551,fetchdata,2023-2024,Engineering and Technology,1,1,1,1,Maharashtra,1
1-36560251559,NAGNATHAPPA HALGE COLLEGE OF ENGINEERING," PARLI-BEED STATE HGHWAY, AT. BRAHMAWADI, POST: TOKWADI, TALUKA- PARLI-VAIJNATH, DIST : BEED",BEED,Private-Self Financing,N,N,1-5865411,fetchdata,2023-2024,Engineering and Technology,1,1,1,1,Maharashtra,1
1-36553382757,MANAV SCHOOL OF POLYTECHNIC,"SURAT NAGPUR HIGHWAY NH 6, VYALA, TAL BALAPUR",AKOLA,Private-Self Financing,N,N,1-737388281,fetchdata,2023-2024,Engineering and Technology,1,1,1,1,Maharashtra,1
1-36554669761,UNIVERSAL COLLEGE OF ENGINEERING,"KAMAN BHIWANDI ROAD, S.N. 146(PART), KAMAN",THANE,Private-Self Financing,N,Y,1-483654421,fetchdata,2023-2024,Engineering and Technology,1,1,1,1,Maharashtra,1
1-36556107682,NATH NANGE BABA MULTI PURPOSE MANDAL,"AT POST- WAGHARE  TAL.- PAROLA, DIST.-JALGAON",JALGAON,Private-Self Financing,N,N,1-510643281,fetchdata,2023-2024,Engineering and Technology,1,1,1,1,Maharashtra,1
1-36557518618,"GOVERNMENT COLLEGE OF ENGINEERING, AURANGABAD (ACADEMIC AUTONOMOUS)","GOVERNMENT COLLEGE OF ENGINEERING STATION ROAD OSMANPURA, AURANGABAD - 431 005 (MAHARASHTRA)",AURANGABAD,Government,N,N,1-35681791,fetchdata,2023-2024,Engineering and Technology,1,1,1,1,Maharashtra,1
1-36566039000,SHRI VILE PARLE KELAVANI MANDAL'S DWARKADAS J. SANGHVI COLLEGE OF ENGINEERING,"PLOT U/15, BHAKTIVEDANTA SWAMI MARG, J. V. P. D. SCHEME, VILE PARLE (WEST), MUMBAI 400 046",MUMBAI SUBURBAN,Private-Self Financing,N,Y,1-12053991,fetchdata,2023-2024,Engineering and Technology,1,1,1,1,Maharashtra,1
1-36570460223,SHRI SAI COLLEGE OF ENGINEERING,"GUT NO. 80, PADDARI VILLAGE, TAL. AURANGABAD, DIST. AURANGABAD,",AURANGABAD,Private-Self Financing,N,N,1-34182281,fetchdata,2023-2024,Engineering and Technology,1,1,1,1,Maharashtra,1
1-36570511660,"CHH. SHIVAJI POLYTECHNIC,VADUJ",A/P.VADUJ TAL. KHATAV DIST. SATARA,SATARA,Private-Self Financing,N,N,1-423118991,fetchdata,2023-2024,Engineering and Technology,1,1,1,1,Maharashtra,1
1-36556154358,AJITDADA PAWAR COLLEGE OF POLYTECHNIC,"SURVEY NO. 3&6/2, SHRIRAMPUR - NEWASA ROAD,      A/P: WADALA MAHADEV; TAL: SHRIRAMPUR; DIST: AHMEDNAGAR",AHMEDNAGAR,Private-Self Financing,N,N,1-426033711,fetchdata,2023-2024,Engineering and Technology,1,1,1,1,Maharashtra,1
1-36557550827,GOVERNMENT POLYTECHNICAL JALGAON,NATIONAL HIGHWAY NO 6 JILHAPETH JALGAON,JALGAON,Government,N,N,1-462258093,fetchdata,2023-2024,Engineering and Technology,1,1,1,1,Maharashtra,1
1-36557573770,DR. D. Y. PATIL INSTITUTE OF TECHNOLOGY.,"OPPOSITE HINDUSTAN ANTIBIOTICS FACTORY, SANT TUKARAM NAGAR, PIMPRI, PUNE.  (MAHARASHTRA) PIN-411018",PUNE,Private-Self Financing,N,N,1-3858524,fetchdata,2023-2024,Engineering and Technology,1,1,1,1,Maharashtra,1
1-36557597847,"SWAMI VIVEKANAD INSTITUTE OF POLYTECHNIC,LATUR","BARSHI ROAD,NEAR PVR TAKIES,MIDC,LATUR",LATUR,Private-Self Financing,N,N,1-1455267131,fetchdata,2023-2024,Engineering and Technology,1,1,1,1,Maharashtra,1
1-36559011343,NEW HORIZON INSTITUTE OF TECHNOLOGY & MANAGEMENT,"ANAND NAGAR, KAVESAR, OFF GHODBANDAR ROAD, THANE (WEST) 400615",THANE,Private-Self Financing,N,N,1-2185671511,fetchdata,2023-2024,Engineering and Technology,1,1,1,1,Maharashtra,1
1-36559043337,KEYSTONE SCHOOL OF ENGINEERING,"SR. NO. 305/7, 306, 307/5 & 308/21 URULI DEVACHI, PUNE - 412308",PUNE,Private-Self Financing,N,N,1-809266041,fetchdata,2023-2024,Engineering and Technology,1,1,1,1,Maharashtra,1
1-36567707369,JHULELAL INSTITUTE OF TECHNOLOGY,"OFF KORADI ROAD, LONARA, NAGPUR",NAGPUR,Private-Self Financing,N,Y,1-2757921,fetchdata,2023-2024,Engineering and Technology,1,1,1,1,Maharashtra,1
1-36553618344,JAMIA ISLAMIA ISHAATUL ULOOM JAMIA POLYTECHNIC,"MOLGI ROAD, AMLIBARI FATA",NANDURBAR,Private-Self Financing,N,Y,1-448291871,fetchdata,2023-2024,Engineering and Technology,1,1,1,1,Maharashtra,1
1-36556243767,SNJBS LATE SAU. KANTABAI BHAVARLALJI JAIN COLLEGE OF ENGINEERING,"NEMINAGAR,JAIN GURUKUL, CHANDWAD",NASHIK,Private-Self Financing,N,Y,1-8619361,fetchdata,2023-2024,Engineering and Technology,1,1,1,1,Maharashtra,1
1-36557641649,VISHWANIKETAN'S INSTITUTE OF MANAGEMENT ENTREPRENEURSHIP AND ENGINEERING TECHNOLOGY (I MEET),"SURVEY NO. 52 KUMBHIVALI, ON MUMBAI-PUNE EXPRESSWAY, NEAR KHALAPUR TOLL NAKA ,TAL-KHALAPUR, DIST- RAIGAD",RAIGAD,Private-Self Financing,N,N,1-1455436001,fetchdata,2023-2024,Engineering and Technology,1,1,1,1,Maharashtra,1
1-36559077115,SOPHIA SHREE B.K.SOMANI MEMORIAL POLYTECHNIC,BHULABHAI DESAI ROAD MUMBAI 400 026,MUMBAI CITY,Govt aided,Y,Y,1-735366791,fetchdata,2023-2024,Engineering and Technology,1,1,1,1,Maharashtra,1
1-36570617250,G. V. ACHARYA POLYTECHNIC,"VEERACHARYA TECHNICAL EDUCATION CAMPUS, OPP. SHELU SUBURBAN RAILWAY STATION, SHELU/DAMAT,",RAIGAD,Private-Self Financing,N,N,1-435619581,fetchdata,2023-2024,Engineering and Technology,1,1,1,1,Maharashtra,1
1-36553650294,BALLARPUR INSTITUTE OF TECHNOLOGY,"MAUJA BAHMNI,RAJURA ROAD, TEHSIL BALLARPUR, DISTICT CHANDRAPUR.",CHANDRAPUR,Private-Self Financing,N,N,1-7963511,fetchdata,2023-2024,Engineering and Technology,1,1,1,1,Maharashtra,1
1-36556345784,SDMVM'S ENGINEERING & TECHNOLOGY IN DIPLOMA (POLYTECHNIC),"HATTA, ZERO FATA, TQ. BASMAT, DIST -HINGOLI",HINGOLI,Private-Self Financing,N,N,1-416779041,fetchdata,2023-2024,Engineering and Technology,1,1,1,1,Maharashtra,1
1-36562058617,GOVERNMENT POLYTECHNIC MIRAJ,"NEAR MAJI SAINIK VASAHAT VIDYANAGAR, MIRAJ",SANGLI,Government,N,N,1-453002861,fetchdata,2023-2024,Engineering and Technology,1,1,1,1,Maharashtra,1
1-36567849707,"R. C. PATEL POLYTECHNIC, SHIRPUR","SURVEY NO. 41/1, NEAR BALAJI NAGAR, OPPOSITE TO R. C. PATEL EDUCATIONAL COMPLEX, KARAVAND ROAD, SHIRPUR - 425405; DIST: DHULE (MS)",DHULE,Private-Self Financing,N,Y,1-2874264611,fetchdata,2023-2024,Engineering and Technology,1,1,1,1,Maharashtra,1
1-36567933383,GOVERNMENT POLYTECHNIC AURANGABAD,"OSMANPURA, AURANGABD",AURANGABAD,Government,N,N,1-493166031,fetchdata,2023-2024,Engineering and Technology,1,1,1,1,Maharashtra,1
1-36553714196,"GOVERNMENT INSTITUTE OF PRINTING TECHNOLOGY, MUMBAI","D.N. ROAD, SIR J.J. COLLEGE OF ART CAMPUS, NEAR CRAWFORD MARKET, MUMBAI",MUMBAI CITY,Government,N,N,1-504899711,fetchdata,2023-2024,Engineering and Technology,1,1,1,1,Maharashtra,1
1-36556492569,"MATOSHRI INSTITUTE OF TECHNOLOGY, DHANORE","SUR.NO.101/3 A, 101/2/1, DHANORE, TAL: YEOLA, DIST: NASHIK",NASHIK,Private-Self Financing,N,N,1-410954021,fetchdata,2023-2024,Engineering and Technology,1,1,1,1,Maharashtra,1
1-36557877751,SHREE DATTA POLYTECHNIC COLLEGE,DATTANAGAR 416120 TAL:SHIROL DIST:KOLHAPUR,KOLHAPUR,Private-Self Financing,N,N,1-462450421,fetchdata,2023-2024,Engineering and Technology,1,1,1,1,Maharashtra,1
1-36559263607,TRIMURTI INSTITUTE OF TECHNOLOGY,"SURVEY NO. 227/2, PALDHI BK. , NEAR NORTH MAHARASHTRA UNIVERSITY, OPP. HOTEL GOVIND,",JALGAON,Private-Self Financing,N,N,1-477920101,fetchdata,2023-2024,Engineering and Technology,1,1,1,1,Maharashtra,1
1-36559296318,PUNE VIDYARTHI GRIHAâS COLLEGE OF ENGINEERING & SHRIKRUSHNA S. DHAMANKAR INSTITUTE OF MANAGEMENT,"206, DINDORIROAD, BEHIND RELIANCE PETROL PUMP, MHASRUL, NASHIK 422004",NASHIK,Private-Self Financing,N,N,1-413208103,fetchdata,2023-2024,Engineering and Technology,1,1,1,1,Maharashtra,1
1-36560644860,K.V.N. NAIK S. P. SANSTHA'S LOKNETE GOPINATHJI MUNDE INSTITUTE OF ENGINEERING EDUCATION & RESEARCH,"KRANTIVEER VASANTRAO NAIK MARG,CANADA CORNER,NASHIK-422002",NASHIK,Private-Self Financing,N,N,1-422436343,fetchdata,2023-2024,Engineering and Technology,1,1,1,1,Maharashtra,1
1-36560688008,INDIRA GANDHI POLYTECHNIC BELWANDI(SUGAR),"A/P:BELWANDI(SUGAR),TAL:SHRIGONDA,DIST:AHMEDNAGAR,STATE:MAHARASHTRA",AHMEDNAGAR,Private-Self Financing,N,N,1-445064011,fetchdata,2023-2024,Engineering and Technology,1,1,1,1,Maharashtra,1
1-36562122928,SHAH AND ANCHOR KUTCHHI ENGINEERING COLLEGE,"W.T. PATIL MARG, MET CHOWK, CHEMBUR, MUMBAI-88",MUMBAI CITY,Private-Self Financing,N,Y,1-2625316,fetchdata,2023-2024,Engineering and Technology,1,1,1,1,Maharashtra,1
1-36569442485,MAHARASHTRA POLYTECHNIC,"AT- SHENALE, POST - SOVELI, TAH- MANDANGAD",RATNAGIRI,Private-Self Financing,N,N,1-2055043291,fetchdata,2023-2024,Engineering and Technology,1,1,1,1,Maharashtra,1
1-36571977204,SHREE L.R. TIWARI COLLEGE OF ENGINEERING," NEAR COMMISIONER'S BUNGALOW,KANAKIYA PARK,MIRA ROAD (E),",THANE,Private-Self Financing,N,Y,1-6969851,fetchdata,2023-2024,Engineering and Technology,1,1,1,1,Maharashtra,1
1-36557927783,A. P. SHAH INSTITUTE OF TECHNOLOGY,"SURVEY NO. 12, OPP. HYPERCITY MALL, KASARVADAVALI, GHODBUNDER ROAD, THANE (W) - 400615",THANE,Private-Self Financing,N,Y,1-1524174547,fetchdata,2023-2024,Engineering and Technology,1,1,1,1,Maharashtra,1
1-36559385703,D.Y.PATIL COLLEGE OF ENGINEERING,"SECTOR-29,NIGDI-PRADHIKARAN,AKURDI, PUNE-411044",PUNE,Private-Self Financing,N,N,1-12346111,fetchdata,2023-2024,Engineering and Technology,1,1,1,1,Maharashtra,1
1-36560812215,AGNEL TECHNICAL COLLEGE (POLYTECHNIC),"FR. AGNEL ASHRAM, BANDSTAND, BANDRA(W)",MUMBAI SUBURBAN,Govt aided,N,Y,1-487347841,fetchdata,2023-2024,Engineering and Technology,1,1,1,1,Maharashtra,1
1-36562213615,SHRI SAI COLLEGE OF ENGINEERING & TECHNOLOGY,"NEAR VILLAGE LONARA, NAGPUR ROAD, TAH. BHADRAWATI, DIST. CHANDRAPUR (M.S.)",CHANDRAPUR,Private-Self Financing,N,N,1-34086291,fetchdata,2023-2024,Engineering and Technology,1,1,1,1,Maharashtra,1
1-36558029252,SAU.SUNDARBAI MANIK ADSUL POLYTECHNIC,"AT-CHAS, CHAS-NIMBLAK BYPASS ROAD, AHMEDNAGAR.",AHMEDNAGAR,Private-Self Financing,N,N,1-430212481,fetchdata,2023-2024,Engineering and Technology,1,1,1,1,Maharashtra,1
1-36559481269,"GOVERNMENT POLYTECHNIC,GONDIA","FULCHUR PETH,GOREGAON ROAD,GONDIA-441601",GONDIA,Government,N,N,1-503580441,fetchdata,2023-2024,Engineering and Technology,1,1,1,1,Maharashtra,1
1-36560872550,VIVEKANAND EDUCATION SOCIETY'S INSTITUTE OF TECHNOLOGY,"HASHU ADVANI MEMORIAL  COMPLEX,  COLLECTOR'S COLONY, R.C. MARG, CHEMBUR, MUMBAI - 400074",MUMBAI SUBURBAN,Private-Self Financing,N,Y,1-7118101,fetchdata,2023-2024,Engineering and Technology,1,1,1,1,Maharashtra,1
1-36560906657,"SHRI SIDDHESHWAR DEVASTHAN TRUSTS,SHRI SIDDHESHWAR WOMENS POLYTECHNIC,SOLAPUR","T.P. II,PLOT NO 74,RUPA BHAVANI MANDIR ROAD,BHAVANI PETH,SOLAPUR",SOLAPUR,Private-Self Financing,Y,Y,1-438785271,fetchdata,2023-2024,Engineering and Technology,1,1,1,1,Maharashtra,1
1-36562328861,PIMPRI CHINCHWAD POLYTECHNIC,"SECTOR 26, PRADHIKARAN, NIGDI, PUNE, 411044",PUNE,Private-Self Financing,N,N,1-441996501,fetchdata,2023-2024,Engineering and Technology,1,1,1,1,Maharashtra,1
1-36563730583,"GOVERNMENT POLYTECHNIC,KHAMGAON","JALAMB ROAD, OPP. I.T.I.",BULDHANA,Government,N,N,1-493065731,fetchdata,2023-2024,Engineering and Technology,1,1,1,1,Maharashtra,1
1-36565254864,"PRIYADARSHINI POLYTECHNIC,NAGPUR","P-131, ELECTRONICS ZONE, MIDC, HINGNA ROAD, NAGPUR",NAGPUR,Private-Self Financing,N,Y,1-455067971,fetchdata,2023-2024,Engineering and Technology,1,1,1,1,Maharashtra,1
1-36568128155,GOVERNMENT POLYTECHNIC JALNA,"GOVERNMENT POLYTECHNIC JALNA,NAGEWADI AURANGABAD ROAD JALNA.431203(M.S.)",JALNA,Government,N,N,1-804497011,fetchdata,2023-2024,Engineering and Technology,1,1,1,1,Maharashtra,1
1-36569601917,CUSROW WADIA INSTITUTE OF TECHNOLOGY,"19, BUND GARDEN ROAD, PUNE",PUNE,Govt aided,N,N,1-459095821,fetchdata,2023-2024,Engineering and Technology,1,1,1,1,Maharashtra,1
1-36562367869,SAMARTH POLYTECHNIC,"A/P- BEHLE, (BANGARAWADI), TAL- JUNNAR, DIST -PUNE",PUNE,Private-Self Financing,N,N,1-435426767,fetchdata,2023-2024,Engineering and Technology,1,1,1,1,Maharashtra,1
1-36563833386,KOTI VIDYA CHARITABLE TRUST'S ALAMURI RATNAMALA INSTITUTE OF ENGINEERING AND TECHNOLOGY,"SHEREPADA,VILLAGE SAPGAON,TALUKA -SHAHAPUR,DISTRICT-THANE",THANE,Private-Self Financing,N,Y,1-4565987,fetchdata,2023-2024,Engineering and Technology,1,1,1,1,Maharashtra,1
1-36571051922,SHRI SAI TAJ POLYTECHNIC,"DRUGDHAMNA, 8TH MILE,AMRAVATI ROAD, NAGPUR.",NAGPUR,Private-Self Financing,N,N,1-451815071,fetchdata,2023-2024,Engineering and Technology,1,1,1,1,Maharashtra,1
1-36552610968,"VIVEKANAND EDUCATION SOCIETY'S POLYTECHNIC,SITASAONGI","AT+PO-SITASAONGI,TAH-TUMSAR,DISTT.-BHANDARA(M.S)",BHANDARA,Private-Self Financing,N,N,1-467599631,fetchdata,2023-2024,Engineering and Technology,1,1,1,1,Maharashtra,1
1-36561080361,SAMRAT ASHOK POLYTECHNIC,"SR.NO.410/1, DERABARDI, DHULE ROAD, CHALISGAON â 424 101",JALGAON,Private-Self Financing,N,N,1-444257561,fetchdata,2023-2024,Engineering and Technology,1,1,1,1,Maharashtra,1
1-36561081113," DEPARTMENT OF TECHNOLOGY, SHIVAJI UNIVERSITY, KOLHAPUR","VIDYANAR, KOLHAPUR (MAHARASHTRA STATE)",KOLHAPUR,State Government University,N,N,1-4518485,fetchdata,2023-2024,Engineering and Technology,1,1,1,1,Maharashtra,1
1-36562514976,PROF RAM MEGHE COLLEGE OF ENGINEERING & MANAGEMENT,"NEW EXPRESS HIGHWAY,  BADNERA-AMRAVATI",AMRAVATI,Private-Self Financing,N,N,1-8266435,fetchdata,2023-2024,Engineering and Technology,1,1,1,1,Maharashtra,1
1-36566798732,"SMT. PREMALATAI CHAVAN POLYTECHNIC, KARAD","271, MANGALWAR PETH, KARAD",SATARA,Private-Self Financing,N,Y,1-477725151,fetchdata,2023-2024,Engineering and Technology,1,1,1,1,Maharashtra,1
1-36566873219,NATIONAL FIRE SERVICE COLLEGE,RAJNAGAR TAKALI FEEDER ROAD  NEAR CID OFFICE,NAGPUR,Government,N,N,1-2464811091,fetchdata,2023-2024,Engineering and Technology,1,1,1,1,Maharashtra,1
1-36568353315,"D.Y.PATIL POLYTECHNIC,AMBI","SR. NO. 124 & 126, A/P AMBI, TALEGAON DABHADE, TAL-. MAVAL, DIST- PUNE",PUNE,Private-Self Financing,N,N,1-437673521,fetchdata,2023-2024,Engineering and Technology,1,1,1,1,Maharashtra,1
1-36556866521,"SVERI'S COLLEGE OF ENGINEERING, PANDHARPUR","P.B NO 54 GOPALPUR-RANJANI ROAD, GOPALPUR TAL.PANDHARPUR DIST.SOLAPUR 413304.",SOLAPUR,Private-Self Financing,N,N,1-9554891,fetchdata,2023-2024,Engineering and Technology,1,1,1,1,Maharashtra,1
1-36558294681,ADSUL'S TECHNICAL CAMPUS,"AT-CHAS, CHAS-NIMBLAK BYPASS ROAD, AHMEDNAGAR",AHMEDNAGAR,Private-Self Financing,N,N,1-444222791,fetchdata,2023-2024,Engineering and Technology,1,1,1,1,Maharashtra,1
1-36558331570,YADAVRAO TASGAONKAR COLLEGE OF ENGINEERING AND MANAGEMENT,"DR. N. Y. TASGAONKAR TECHNICAL EDUCATION COMPLEX, CHANDHAI, NERAL-KADAV ROAD, POST-NASRAPUR, TAL-KARJAT, DIST-RAIGAD, PIN-410201.",RAIGAD,Private-Self Financing,N,N,1-4224475,fetchdata,2023-2024,Engineering and Technology,1,1,1,1,Maharashtra,1
1-36559753183,ZEAL COLLEGE OF ENGINEERING AND RESEARCH,"S. NO. 39, NARHE-DHAYARI ROAD, NARHE, PUNE-411 041.",PUNE,Private-Self Financing,N,N,1-2895931,fetchdata,2023-2024,Engineering and Technology,1,1,1,1,Maharashtra,1
1-36555541955,SUSHGANGA POLYTECHNIC,"AT- NAIGAON, POST - KONA",YAVATMAL,Private-Self Financing,N,N,1-455837081,fetchdata,2023-2024,Engineering and Technology,1,1,1,1,Maharashtra,1
1-36559847325,"C. S. INSTITUTE OF TECHNOLOGY, DEORI, DIST- GONDIA","AT-PO-TA- DEORI, CHHATRAPATI SHIVAJI CAMPUS, CHICHGADH ROAD, DEORI, DIST- GONDIA.",GONDIA,Private-Self Financing,N,N,1-467928841,fetchdata,2023-2024,Engineering and Technology,1,1,1,1,Maharashtra,1
1-36561207033,VASANTDADA PATIL PRATISHTHAN'S COLLEGE OF ENGINEERING AND VISUAL ARTS,"VASANTDADA PATIL EDUCATIONAL COMPLEX, EASTERN EXPRESS HIGHWAY, NEAR PRIYADARSHINI BUILDING, SION-CHUNABHATTI, MUMBAI - 400 022",MUMBAI CITY,Private-Self Financing,N,N,1-4391771,fetchdata,2023-2024,Engineering and Technology,1,1,1,1,Maharashtra,1
1-36569931627,SHIVAJIRAO S JONDHALE POLYTECNIC,NAVRE NAGAR B CABIN ROAD AMBERNTH EAST,THANE,Private-Self Financing,N,N,1-462248861,fetchdata,2023-2024,Engineering and Technology,1,1,1,1,Maharashtra,1
1-36569966360,KALAWATIBAI COLLEGE OF ENGG & TECH(POLY),"LALWANDI ROAD , NAIGAON(BZ)",NANDED,Private-Self Financing,N,N,1-475220731,fetchdata,2023-2024,Engineering and Technology,1,1,1,1,Maharashtra,1
1-36552934866,P.L.GOVERNMENT POLYTECHNIC,"P.L.GOVERNMENT POLYTECHNIC,AUSA ROAD,LATUR",LATUR,Government,N,N,1-1497017841,fetchdata,2023-2024,Engineering and Technology,1,1,1,1,Maharashtra,1
1-36558451416,SHRI LAXMANRAO MANKAR COLLEGE OF POLYTECHNIC,AMGAON,GONDIA,Private-Self Financing,N,N,1-455219361,fetchdata,2023-2024,Engineering and Technology,1,1,1,1,Maharashtra,1
1-36558452140,BALLARPUR SEWASAMITI'S JAINUDDIN ZAWERI POLYTECHNIC,"AT. RAMPUR TUKUM, TAH: MUL, DIST: CHANDRAPUR",CHANDRAPUR,Private-Self Financing,N,Y,1-492805483,fetchdata,2023-2024,Engineering and Technology,1,1,1,1,Maharashtra,1
1-36558484783,BRAHMDEVDADA MANE INSTITUTE OF TECHNOLOGY,A/P BELATI TALUKA:NORTH SOLAPUR DISTRICT :SOLAPUR,SOLAPUR,Private-Self Financing,N,N,1-6940306,fetchdata,2023-2024,Engineering and Technology,1,1,1,1,Maharashtra,1
1-36562736627,DEPARTMENT OF CHEMICAL TECHNOLOGY,DR. BABASAHEB AMBEDKAR MARATHWADA UNIVERSITY,AURANGABAD,State Government University,N,N,1-479589481,fetchdata,2023-2024,Engineering and Technology,1,1,1,1,Maharashtra,1
1-36554375400,"VIDYA VIKAS PRATISHTHAN INSTITUTE OF ENGINEERING & TECHNOLOGY,SOLAPUR","SOREGAON-DONGAON ROAD,SOREGAON,SOLAPUR-413004",SOLAPUR,Private-Self Financing,N,N,1-4351754,fetchdata,2023-2024,Engineering and Technology,1,1,1,1,Maharashtra,1
1-36557131757,THAKUR COLLEGE OF ENGINEERING & TECHNOLOGY,"SHYAMNARAYAN THAKUR MARG, THAKUR VILLAGE, KANDIVALI             ( EAST ), MUMBAI -400101.",MUMBAI SUBURBAN,Private-Self Financing,N,Y,1-5937743,fetchdata,2023-2024,Engineering and Technology,1,1,1,1,Maharashtra,1
1-36557168776,"GOVERNMENT POLYTECHNIC,MURTIZAPUR","AT NH-6 AMRAVATI-AKOLA ROAD,HENDAJ, MURTIZAPUR",AKOLA,Government,N,N,1-453355571,fetchdata,2023-2024,Engineering and Technology,1,1,1,1,Maharashtra,1
1-36558541727,"GOVERNMENT POLYTECHNIC, AWASARI (KHURD)","AT POST- AWASARI (KHURD), TAL- AMBEGAON, DIST- PUNE",PUNE,Government,N,N,1-475026781,fetchdata,2023-2024,Engineering and Technology,1,1,1,1,Maharashtra,1
1-36567229521,NATH POLYTECHNIC PAITHAN,"PLOT NO.B-1, MIDC INDUSTRIAL AREA,AURANGABAD ROAD,PAITHAN",AURANGABAD,Private-Self Financing,N,N,1-450062081,fetchdata,2023-2024,Engineering and Technology,1,1,1,1,Maharashtra,1
1-36568707917,K J SOMAIYA INSTITUTE OF TECHNOLOGY,"SOMAIYA AYURVIHAR COMPLEX, EVERARD NAGAR, EASTERN EXPRESS HIGHWAY,SION,",MUMBAI CITY,Private-Self Financing,N,Y,1-11306504,fetchdata,2023-2024,Engineering and Technology,1,1,1,1,Maharashtra,1
1-36561519634,"GOVERNMENT POLYTECHNIC, SAKOLI","SHENDURWAFA, TALUKA-SAKOLI, DISTRICT- BHANDARA STATE-MAHARASHTRA",BHANDARA,Government,N,N,1-495149841,fetchdata,2023-2024,Engineering and Technology,1,1,1,1,Maharashtra,1
1-36564427784,SIDDHANT COLLEGE OF ENGINEERING,"GAT NO. 131 VILLAGE : SUDUMBARE, TALEGAON CHAKAN ROAD, TALUKA : MAVAL, DISTRICT : PUNE - 412109",PUNE,Private-Self Financing,N,Y,1-3836111,fetchdata,2023-2024,Engineering and Technology,1,1,1,1,Maharashtra,1
1-36568749972,DEVI MAHALAXMI POLYTECHNIC COLLEGE,"MHASKAL, NEAR GANESH TEMPLE, TITWALA, TAL KALYAN",THANE,Private-Self Financing,N,N,1-1412925581,fetchdata,2023-2024,Engineering and Technology,1,1,1,1,Maharashtra,1
1-36554500275,DECCAN EDUCATION SOCIETYS TECHNICAL INSTITUTE,"BMCC ROAD, DECCAN GYMKHANA",PUNE,Govt aided,N,N,1-475340681,fetchdata,2023-2024,Engineering and Technology,1,1,1,1,Maharashtra,1
1-36555840764,JAMIA INSTITUTE OF ENGINEERING AND MANAGEMENT STUDIES,MOLGI ROAD,NANDURBAR,Private-Self Financing,N,Y,1-5774831,fetchdata,2023-2024,Engineering and Technology,1,1,1,1,Maharashtra,1
1-36560159265,ATHARVA COLLEGE OF ENGINEERING,"PLOT 8-12, CHARKOP NAKA, MALAD MARVE ROAD,MALAD WEST",MUMBAI CITY,Private-Self Financing,N,N,1-5823533,fetchdata,2023-2024,Engineering and Technology,1,1,1,1,Maharashtra,1
1-36564547774,SANJAY GHODAWAT INSTITUTE,"GAT NO 582, TAL- HATKANANGALE, DIST-KOLHAPUR",KOLHAPUR,Private-Self Financing,N,N,1-827280391,fetchdata,2023-2024,Engineering and Technology,1,1,1,1,Maharashtra,1
1-36537943912,SHARDA POLYTECHNIC COLLEGE,"AT.POST AURAD SHAHAJANI TQ.NILNAGA,DIST.LATUR(MS) PIN.413522",LATUR,Private-Self Financing,N,N,1-466080731,fetchdata,2023-2024,Engineering and Technology,1,1,1,1,Maharashtra,1
1-36538019619,DR.D.Y.PATIL COLLEGE OF ENGINEERING & INNOVATION,"SR.NO.27/A/1/2K, NEAR TALEGAON RAILWAY STATION, A/P VARALE, TALEGAON, TAL-MAVAL,DIST PUNE 410507",PUNE,Private-Self Financing,N,N,1-2181324871,fetchdata,2023-2024,Engineering and Technology,1,1,1,1,Maharashtra,1
1-36530616678,ST. JOHN COLLEGE OF ENGINEERING AND MANAGEMENT,"ST. JOHN TECHNICAL EDUCATION COMPLEX, VEVOOR, MANOR ROAD, PALGHAR (E), THANE DISTRICT",THANE,Private-Self Financing,N,Y,1-4790201,fetchdata,2023-2024,Engineering and Technology,1,1,1,1,Maharashtra,1
1-36970261169,JMCT POLYTECHNIC NASHIK,"WADALA ROAD , WADALA NASHIK",NASHIK,Private-Self Financing,N,Y,1-430193881,fetchdata,2023-2024,Engineering and Technology,1,1,1,1,Maharashtra,1
1-36975248220,SYMBIOSIS INSTITUTE OF TECHNOLOGY,MOUJE - WATHODA,NAGPUR,Deemed to be University(Pvt),N,N,1-11434782101,fetchdata,2023-2024,Engineering and Technology,1,1,1,1,Maharashtra,1
1-36962472987,"MATSYODARI SHIKSHAN SANSTHA'S COLLEGE OF ENGINEERING AND TECHNOLOGY, JALNA","AURANGABAD ROAD, NAGEWADI",JALNA,Private-Self Financing,N,N,1-18902034,fetchdata,2023-2024,Engineering and Technology,1,1,1,1,Maharashtra,1
1-36966085234,LOKNETE SHAMRAO PEJE GOVT COLLEGE OF ENGINEERING RATNAGIRI,"NEAR THIBAW PALACE, MAL NAKA, RATNAGIRI",RATNAGIRI,Government,N,N,1-9442079401,fetchdata,2023-2024,Engineering and Technology,1,1,1,1,Maharashtra,1
1-36973320242,MAHATMA PHULE KRISHI VIDYAPEETH RAHURI,MAHATMA PHULE KRISHI VIDYAPEETH,AHMEDNAGAR,Government,N,N,1-11317063841,fetchdata,2023-2024,Engineering and Technology,1,1,1,1,Maharashtra,1
1-36599605027,S.V.P.M.'S COLLEGE OF ENGINEERING,"A/P- MALEGAON (BK), TAL- BARAMATI, DIST-PUNE, PIN- 413115, MAHARASHTRA, INDIA",PUNE,Private-Self Financing,N,N,1-3548907,fetchdata,2023-2024,Engineering and Technology,1,1,1,1,Maharashtra,1
1-36975755059,SAI POLYTECHNIC,"MAUZA-KINHI(J), POST-DAHEGAON,TA-RALEGAON, DIST-YAVATMAL.",YAVATMAL,Private-Self Financing,N,N,1-399082231,fetchdata,2023-2024,Engineering and Technology,1,1,1,1,Maharashtra,1
1-36599838231,CENTRAL INSTITUTE OF PETROCHEMICALS ENGINEERING & TECHNOLOGY (CIPET),J-3/2 MIDC INDUSTRIAL AREA,AURANGABAD,Government,N,N,1-481299411,fetchdata,2023-2024,Engineering and Technology,1,1,1,1,Maharashtra,1
1-36971161145,MET'S INSTITUTE OF TECHNOLOGY-POLYTECHNIC,BHUJBAL KNOWLEDGE CITY GAT NO.1071 ADGAON,NASHIK,Private-Self Financing,N,N,1-435827191,fetchdata,2023-2024,Engineering and Technology,1,1,1,1,Maharashtra,1
1-36975804000,"SWAMI VIVEKANAND INSTITUTE OF TECHNOLOGY (POLYTECHNIC), SOLAPUR","GAT NO. 16/2, SOLAPUR-BARSHI ROAD, A/P. KHED, TALUKA- NORTH SOLAPUR.",SOLAPUR,Private-Self Financing,N,N,1-458405201,fetchdata,2023-2024,Engineering and Technology,1,1,1,1,Maharashtra,1
1-36599933408,"VIDYA PRATISHTHANâS KAMALNAYAN BAJAJ INSTITUTE OF ENGINEERING & TECHNOLOGY, BARAMATI","VIDYANAGARI, MIDC (RESI. ZONE), BARAMATI, DIST. PUNE - 413133, MAHARASHTRA STATE, INDIA",PUNE,Private-Self Financing,N,N,1-1559911,fetchdata,2023-2024,Engineering and Technology,1,1,1,1,Maharashtra,1
1-36971356417,TERNA PUBLIC CHARITABLE TRUST'S  TERNA  ENGINEERING COLLEGE,"PLOT NO 12, SECTOR 22, PHASE II ,  OPPOSITE NERUL RAILWAY STATION, NERUL (WEST)",THANE,Private-Self Financing,N,N,1-4011650,fetchdata,2023-2024,Engineering and Technology,1,1,1,1,Maharashtra,1
1-36972612421,JIO INSTITUTE,"SECTOR-4, ULWE, NAVI MUMBAI, MAHARASHTRA- 410206",RAIGAD,Private-Self Financing,N,N,1-11291369381,fetchdata,2023-2024,Engineering and Technology,1,1,1,1,Maharashtra,1
1-38672548067,G.H.RAISONI COLLEGE OF ENGINEERING & MANAGEMENT,"GAT NO.1200, DOMKHEL ROAD, WAGHOLI, PUNE - 412 207",PUNE,Private-Self Financing,N,Y,1-1720061,fetchdata,2023-2024,Engineering and Technology,1,1,1,1,Maharashtra,1
1-38675734594,"KAVIKULGURU INSTITUTE OF TECHNOLOGY AND SCIENCE, RAMTEK","K.K. NAGAR, MOUDA ROAD RAMTEK, DIST- NAGPUR -441106 (MAHARASTRA)",NAGPUR,Private-Self Financing,N,N,1-4152791,fetchdata,2023-2024,Engineering and Technology,1,1,1,1,Maharashtra,1
1-38675773942,"KADWA POLYTECHNIC,RAJARAM NAGAR","RAJARAM NAGAR, TAL:DINDORI DIST:NASHIK",NASHIK,Private-Self Financing,N,N,1-445499041,fetchdata,2023-2024,Engineering and Technology,1,1,1,1,Maharashtra,1
1-36498759672,PROF. RAM MEGHE INSTITUTE OF TECHNOLOGY AND RESEARCH,"ANJANGAON BARI ROAD, BADNERA",AMRAVATI,Private-Self Financing,N,N,1-5296001,fetchdata,2023-2024,Engineering and Technology,1,1,1,1,Maharashtra,1
1-36483845325,NUTAN MAHARASHTRA INSTITUTE OF ENGINEERING  & TECHNOLOGY,"""VISHNUPURI, TALEGAON STATION, TAL : MAVAL, DIST : PUNE - 410507",PUNE,Private-Self Financing,N,N,1-8618657,fetchdata,2023-2024,Engineering and Technology,1,1,1,1,Maharashtra,1
1-36496761025,MARATHA VIDYA PRASARAK SAMAJ'S KARMAVEER ADV. BABURAO GANPATRAO THAKARE COLLEGE OF ENGINEERING,"UDOJI MARATHA BOARDING CAMPUS, NEAR PUMPING STATION, GANGAPUR ROAD, NASHIK-422013, MAHARASHTRA",NASHIK,Private-Self Financing,N,N,1-3565901,fetchdata,2023-2024,Engineering and Technology,1,1,1,1,Maharashtra,1
1-36498850796,YADAVRAO TASGAONKAR INSTITUTE OF ENGNEERING AND TECHNOLOGY,"VILLAGE,CHANDHI,NEAR BHIVPURI ROAD STATION,KARJAT,RAIGAD,PIN 410201",RAIGAD,Private-Self Financing,N,N,1-4558233,fetchdata,2023-2024,Engineering and Technology,1,1,1,1,Maharashtra,1
1-36488901179,G V ACHARYA INSTITUTE OF ENGINEERING AND TECHNOLOGY,"VERACHARYA TECHNICAL EDUCATION CAMPUS,  OPP. SHELU SUBURBAN RAILWAY STATION, SHELU/DAMAT,",RAIGAD,Private-Self Financing,N,N,1-15804431,fetchdata,2023-2024,Engineering and Technology,1,1,1,1,Maharashtra,1
1-36496806679,MARATHWADA MITRA MANDAL'S COLLEGE OF ENGINEERING,"SR.NO 18, PLOT NO.5/3,KARVENAGAR, PUNE 411 052",PUNE,Private-Self Financing,N,N,1-8323471,fetchdata,2023-2024,Engineering and Technology,1,1,1,1,Maharashtra,1
1-36496832490,NANASAHEB MAHADIK COLLEGE OF ENGINEERING,"GAT NO-894,2665  A/P PETH NAKA",SANGLI,Private-Self Financing,N,N,1-463276851,fetchdata,2023-2024,Engineering and Technology,1,1,1,1,Maharashtra,1
1-36483984483,SHRI SAI POLYTECHNIC,"NEAR KUNDAN PLAZA HOTEL, NAGPUR ROAD, CHANDRAPUR",CHANDRAPUR,Private-Self Financing,N,N,1-413854521,fetchdata,2023-2024,Engineering and Technology,1,1,1,1,Maharashtra,1
1-36492954454,DR. VITHALRAO VIKHE PATIL COLLEGE OF ENGINEERING AHMEDNAGAR,"P.O.- M I D C , VILAD GHAT , AHMEDNAGAR 414111 MAHARASHTRA",AHMEDNAGAR,Private-Self Financing,N,N,1-2389691,fetchdata,2023-2024,Engineering and Technology,1,1,1,1,Maharashtra,1
1-36494892577,"SAU.SHANTIDEVI CHAVAN INSTITUTE OF ENGINEERING AND TECHNOLOGY,POLYTECHNIC","S.NO-94/3/1&2, BHORAS,CHALISGAON, DIST-JALGAON",JALGAON,Private-Self Financing,N,N,1-459778831,fetchdata,2023-2024,Engineering and Technology,1,1,1,1,Maharashtra,1
1-36496880490,JAIHIND COLLEGE OF ENGINEERING,"G. NO. 441, KURAN, TAL. JUNNAR, DIST. PUNE",PUNE,Private-Self Financing,N,N,1-3287311,fetchdata,2023-2024,Engineering and Technology,1,1,1,1,Maharashtra,1
1-36470379362,AGNEL CHARITIES AGNEL POLYTECHNIC,"SECTOR-9A, VASHI, NAVI MUMBAI DIST.THANE.",THANE,Private-Self Financing,N,Y,1-435792081,fetchdata,2023-2024,Engineering and Technology,1,1,1,1,Maharashtra,1
1-36473150624,"GURU GOBIND SINGH COLLEGE OF ENGINEERING AND RESEARCH CENTRE, NASHIK","KHALSA EDUCATIONAL COMPLEX, GURU GOBIND SINGH MARG, NASHIK",NASHIK,Private-Self Financing,N,N,1-1404766831,fetchdata,2023-2024,Engineering and Technology,1,1,1,1,Maharashtra,1
1-36471449101,INTERNATIONAL INSTITUTE OF INFORMATION TECHNOLOGY (IÂ²IT),"P-14, RAJIV GANDHI INFOTECH PARK, HINJAWADI,PUNE",PUNE,Private-Self Financing,N,N,1-448945341,fetchdata,2023-2024,Engineering and Technology,1,1,1,1,Maharashtra,1
1-36471490714,"MODERN EDUCATION SOCIETYâS WADIA COLLEGE OF ENGINEERING, PUNE","WADIA COLLEGE CAMPUS, 19 LATE PRIN V K JOAG PATH, PUNE 411 001",PUNE,Private-Self Financing,N,N,1-5105511,fetchdata,2023-2024,Engineering and Technology,1,1,1,1,Maharashtra,1
1-36471491384,MAHARSHI KARVE STREE SHIKSHAN SAMSTHA'S CUMMINS COLLEGE OF ENGINEERING FOR WOMEN,"KARVENAGAR, PUNE 411 052",PUNE,Private-Self Financing,Y,N,1-5901008,fetchdata,2023-2024,Engineering and Technology,1,1,1,1,Maharashtra,1
1-36474469638,"SHRI VATAVRUKSHA SWAMI MAHARAJ DEVASTHAN'S,KAI.KALYANRAO(BALASAHEB) INGALE POLYTECHNIC COLLEGE","GAT # 604/2,NEAR BHAKTA NIWAS, GANAGAPUR ROAD, AKKALKOT",SOLAPUR,Private-Self Financing,N,N,1-426992791,fetchdata,2023-2024,Engineering and Technology,1,1,1,1,Maharashtra,1
1-36475273440,SHARAD INSTITUTE OF TECHNOLOGY COLLEGE OF ENGINEERING,"BEHIND ONKARESHWAR MANDIR,  YADRAV-ICHALKARNJI  TAL-SHIROL DIST.- KOLHAPUR  MAHARASHTRA PIN- 416121",KOLHAPUR,Private-Self Financing,N,N,1-4156934,fetchdata,2023-2024,Engineering and Technology,1,1,1,1,Maharashtra,1
1-36480084570,PRAVARA RURAL ENGINEERING COLLEGE,"A/P-LONI, TAL:RAHATA, DIST:AHMEDNAGAR",AHMEDNAGAR,Private-Self Financing,N,N,1-2013661,fetchdata,2023-2024,Engineering and Technology,1,1,1,1,Maharashtra,1
1-36470686098,SHRI CHHATRAPATI SHIVAJIRAJE COLLEGE OF ENGINEERING,"S.NO. 237, DHANGWADI, TAL. BHOR, DIST. PUNE",PUNE,Private-Self Financing,N,N,1-8370541,fetchdata,2023-2024,Engineering and Technology,1,1,1,1,Maharashtra,1
1-36473884723,TSSM'S BHIVARABAI SAWANT COLLEGE OF ENGINEERING AND RESEARCH,"S.NO. 12/1/2 AND 12/2/2, NARHE, TALUKA HAVELI, DIST: PUNE",PUNE,Private-Self Financing,N,N,1-3669721,fetchdata,2023-2024,Engineering and Technology,1,1,1,1,Maharashtra,1
1-36474470188,SONATAI PANDAV POLYTECHNIC,"SURVEY NO.73,AT. LAMDHAM, POST-PARADSINGA,TAH-KATOL.",NAGPUR,Private-Self Financing,N,N,1-455493441,fetchdata,2023-2024,Engineering and Technology,1,1,1,1,Maharashtra,1
1-36472605323,PREMLILA VITHALDAS POLYTECHNIC,"SNDT WOMEN'S UNIVERSITY, VITHALDAS VIDYA VIHAR, JUHU ROAD, SANTACRZ WEST",MUMBAI SUBURBAN,State Government University,Y,N,1-817913391,fetchdata,2023-2024,Engineering and Technology,1,1,1,1,Maharashtra,1
1-36473333203,DNYANSHREE INSTITUTE OF ENGINEERING AND TECHNOLOGY,"A/P:-SONVADI-GAJVADI,  SAJJANGAD ROAD, TAL.-SATARA, DIST.-SATARA.  MAHARASHTRA,INDIA",SATARA,Private-Self Financing,N,N,1-773561721,fetchdata,2023-2024,Engineering and Technology,1,1,1,1,Maharashtra,1
1-36471972515,SHREE SIDDHESHWAR WOMEN'S COLLEGE OF ENGINEERING SOLAPUR.,T.P.S. II F. PLOT NO. 74 BHAVANI PETH RUPA BHAVANI MANDIR ROAD SOLAPUR.,SOLAPUR,Private-Self Financing,Y,Y,1-4290336542,fetchdata,2023-2024,Engineering and Technology,1,1,1,1,Maharashtra,1
1-36476548245,ANAND CHARITABLE SANSTA'S  DIPLOMA IN ENGINEERING & TECHNOLOGY,"GANGAI NAGAR, MURSHADPUR, TQ-ASHTI,DIST-BEED.",BEED,Private-Self Financing,N,N,1-480219541,fetchdata,2023-2024,Engineering and Technology,1,1,1,1,Maharashtra,1
1-36472970088,"P. E. S. POLYTECHNIC, AURANGABAD","DR. BABASAHEB AMBEDKAR MARATHWADA UNIVERSITY ROAD, NEAR PANCHAKKI, NAGSENVANA, AURANGABAD",AURANGABAD,Private-Self Financing,N,N,1-459996711,fetchdata,2023-2024,Engineering and Technology,1,1,1,1,Maharashtra,1
1-36470312004,BRAHMDEVDADA MANE POLYTECHNIC,"SOLAPUR-MANGALWEDHA-KOLHAPUR HIGHWAY, A/P.- BELATI, TAL.-NORTH SOLAPUR, DIST.-SOLAPUR",SOLAPUR,Private-Self Financing,N,N,1-407330281,fetchdata,2023-2024,Engineering and Technology,1,1,1,1,Maharashtra,1
1-36520823636,"GOVERNMENT RESIDENCE WOMEN POLYTECHNIC, TASGAON","MANE RAJURI ROAD, TASGAON",SANGLI,Government,Y,N,1-444179601,fetchdata,2023-2024,Engineering and Technology,1,1,1,1,Maharashtra,1
1-36520860657,KALA VIDYA MANDIR INSTITUTE OF TECHNOLOGY [POLYTECHNIC],"PLOT NO. M-3 RSC 19, MHADA WORLD BANK PROJECT GAEKWAD NAGAR MALAD [WEST] MUMBAI 400095",MUMBAI SUBURBAN,Private-Self Financing,N,N,1-454870201,fetchdata,2023-2024,Engineering and Technology,1,1,1,1,Maharashtra,1
1-36520892411,"SANDIP FOUNDATION'S, SANDIP POLYTECHNIC","AT. POST MAHIRAVANI, TRIMBAK ROAD",NASHIK,Private-Self Financing,N,N,1-450955961,fetchdata,2023-2024,Engineering and Technology,1,1,1,1,Maharashtra,1
1-36522347695,SMT GEETA D TATKARE POLYTECHNIC,"AT- GOVE, POST- KOLAD,  TAL-ROHA, DIST- RAIGAD",RAIGAD,Private-Self Financing,N,N,1-744480121,fetchdata,2023-2024,Engineering and Technology,1,1,1,1,Maharashtra,1
1-36515490382,"SHRI CHHATRAPATI SHIVAJI SHIKSHAN SANSTHA ADAS, SANCHALIT VASANT POLYTECHNIC COLLEGE KAIJ",NEAR GOVT. ITI AMBAJOGAI ROAD KAIJ TQ KAIJ DIST BEED,BEED,Private-Self Financing,N,N,1-506411851,fetchdata,2023-2024,Engineering and Technology,1,1,1,1,Maharashtra,1
1-36515529780,"GOVERNMENT POLYTECHNIC , RATNAGIRI","NEAR THIBAW PALACE , RATNAGIRI.",RATNAGIRI,Government,N,N,1-455597101,fetchdata,2023-2024,Engineering and Technology,1,1,1,1,Maharashtra,1
1-36515566155,"GOVERNMENT POLYTECHNIC, MALVAN","A/P: KUMBHARMATH,  TAL: MALVAN DIST: SINDHUDURG",SINDHUDURG,Government,N,N,1-462877831,fetchdata,2023-2024,Engineering and Technology,1,1,1,1,Maharashtra,1
1-36515606456,"DR. PANJABRAO DESHMUKH GIRLS POLYTECHNIC,AMRAVATI.","RURAL CAMPUS SHIVAJI NAGAR, AMRAVATI",AMRAVATI,Private-Self Financing,Y,N,1-434046721,fetchdata,2023-2024,Engineering and Technology,1,1,1,1,Maharashtra,1
1-36516715786,"RAMRAO NIKAM POLYTECHNIC COLLEGE, INDOLI","A/P-INDOLI TAL-KARAD, DIST-SATARA",SATARA,Private-Self Financing,N,N,1-455325061,fetchdata,2023-2024,Engineering and Technology,1,1,1,1,Maharashtra,1
1-36516768541,"GOVERNMENT POLYTECHNIC,YAVATMAL","DHAMANGAO ROAD,YAVATMAL",YAVATMAL,Government,N,N,1-800693881,fetchdata,2023-2024,Engineering and Technology,1,1,1,1,Maharashtra,1
1-36519599098,SHRI PRINCE SHIVAJI MARATHA BOARDING HOUSE'S NEW POLYTECHNIC,"R.S. NO. 264, SHANTI NAGAR, UCHAGAON, KOLHAPUR - 416005",KOLHAPUR,Private-Self Financing,N,N,1-442128781,fetchdata,2023-2024,Engineering and Technology,1,1,1,1,Maharashtra,1
1-36519688628,SHREE KAPILDHARA POLYTECHNIC,"S.NO. 231, AT POST WAKI, KAWNAI ROAD, TAHSIL IGATPURI",NASHIK,Private-Self Financing,N,N,1-505713481,fetchdata,2023-2024,Engineering and Technology,1,1,1,1,Maharashtra,1
1-36520925321,SINDHUDURG SHIKSHAN PRASARAK MANDAL'S COLLEGE OF ENGINEERING,HARKUL(BUDRUK) KANKAVLI TAL:KANKAVLI,SINDHUDURG,Private-Self Financing,N,N,1-4527041,fetchdata,2023-2024,Engineering and Technology,1,1,1,1,Maharashtra,1
1-36520958324,SANT GAJANAN MAHARAJ COLLEGE OF ENGINEERING,"SITE - CHINCHEWADI, TAL- GADHINGLAJ,",KOLHAPUR,Private-Self Financing,N,N,1-773520091,fetchdata,2023-2024,Engineering and Technology,1,1,1,1,Maharashtra,1
1-36522388487,DKTE SOCIETY'S YASHWANTRAO CHAVAN POLYTECHNIC,"R.S.NO. 644, SANGLI ROAD, NEAR ADINATH  SOCIETY, ICHALKARANJI",KOLHAPUR,Private-Self Financing,N,N,1-797101161,fetchdata,2023-2024,Engineering and Technology,1,1,1,1,Maharashtra,1
1-36523754778,"SHRI VILE PARLE KELAVANI MANDAL'S INSTITUTE OF TECHNOLOGY, DHULE","SURVEY NO. 499/1, PLOT NO. 2, BEHIND GURUDWARA, MUMBAI âAGRA HIGHWAY, DHULE 424001",DHULE,Private-Self Financing,N,Y,1-3377525821,fetchdata,2023-2024,Engineering and Technology,1,1,1,1,Maharashtra,1
1-36515458822,INDO GERMAN TOOL ROOM,"P-31, MIDC, CHIKALTHANA INDUSTRIAL AREA,",AURANGABAD,Government,N,N,1-497619091,fetchdata,2023-2024,Engineering and Technology,1,1,1,1,Maharashtra,1
1-36515569167,"GOVERNMENT POLYTECHNIC, KARAD","AT POST - VIDYANAGAR, KARAD.",SATARA,Government,N,N,1-441962951,fetchdata,2023-2024,Engineering and Technology,1,1,1,1,Maharashtra,1
1-36518306336,"MATOSHRI COLLEGE OF ENGINEERING & RESEARCH CENTRE, NASHIK","EKLAHARE, NEAR ODHA GAON, AURANGABAD HIGHWAY,",NASHIK,Private-Self Financing,N,N,1-2528171,fetchdata,2023-2024,Engineering and Technology,1,1,1,1,Maharashtra,1
1-36518341335,"SVERI'S ,COLLEGE OF ENGINEERING (POLYTECHNIC),PANDHARPUR","GOPALPUR -RANJANI ROAD, GOPALPUR, P.B. NO. 54, TAL - PANDHARPUR- 413 304, DIST.-  SOLAPUR (MAHARASHTRA)",SOLAPUR,Private-Self Financing,N,N,1-455434311,fetchdata,2023-2024,Engineering and Technology,1,1,1,1,Maharashtra,1
1-36515460235,VIDYA NIKETAN COLLEGE OF ENGINEERING,"GAT NO. 670, VIDYANAGARI, PUNE- NASHIK ROAD, AT POST- BOTA, TAL-SANGAMNER, DIST- AHMEDNAGAR",AHMEDNAGAR,Private-Self Financing,N,N,1-791148811,fetchdata,2023-2024,Engineering and Technology,1,1,1,1,Maharashtra,1
1-36515610033,JSPM'S BHIVRABAI SAWANT POLYTECHNIC,"GAT NO.720,1&2 BAKORI PHATA PUNE-NAGAR ROAD, WAGHOLI",PUNE,Private-Self Financing,N,N,1-412310651,fetchdata,2023-2024,Engineering and Technology,1,1,1,1,Maharashtra,1
1-36516925336,MOKASHI KRISHI VIKAS PRATISHTHAN'S DADASAHEB MOKASHI POLYTECHNIC,"SURVEY NO.75/1,75/2, RAJMACHI,SADASHIVGAD, TAL-KARAD, DIST-SATARA",SATARA,Private-Self Financing,N,N,1-455348061,fetchdata,2023-2024,Engineering and Technology,1,1,1,1,Maharashtra,1
1-36518421759,VIDYAVARDHINI INSTITUTE OF TECHNOLOGY,"A/P-PAL, TAL-BHUDARGAD, DIST-KOLHAPUR, PIN-416209.",KOLHAPUR,Private-Self Financing,N,N,1-467753611,fetchdata,2023-2024,Engineering and Technology,1,1,1,1,Maharashtra,1
1-36519757034,"NAGAON EDUCATION SOCIETY,S GANGAMAI POLYTECHNIC, NAGAON, DHULE",AT & POST NAGAON TAL & DIST DHULE,DHULE,Private-Self Financing,N,N,1-462905091,fetchdata,2023-2024,Engineering and Technology,1,1,1,1,Maharashtra,1
1-36522513111,"KHANDESH COLLEGE EDUCATION SOCIETY'S COLLEGE OF ENGINEERING AND MANAGEMENT, JALGAON","CS NO- 7480 /7323 BEHIND DIC , OFF NH-6",JALGAON,Private-Self Financing,N,N,1-10038704,fetchdata,2023-2024,Engineering and Technology,1,1,1,1,Maharashtra,1
1-36515461093,SHRI SHIVAJI POLYTECHNIC INSTITUTE,WASMAT ROAD,PARBHANI,Private-Self Financing,N,N,1-478264351,fetchdata,2023-2024,Engineering and Technology,1,1,1,1,Maharashtra,1
1-36515534964,DR BABASAHEB AMBEDKAR TECHNOLOGICAL UNIVERSITY LONERE,DR BABASAHEB AMBEDKAR TECHNOLOGICAL UNIVERSITY LONERE,RAIGAD,State Government University,N,N,1-463267231,fetchdata,2023-2024,Engineering and Technology,1,1,1,1,Maharashtra,1
1-36515610913,B.H.S.S.TRUST'S POLYTECHNIC,"BHAYGAON ROAD ,MALEGAON CAMP",NASHIK,Private-Self Financing,N,N,1-441945611,fetchdata,2023-2024,Engineering and Technology,1,1,1,1,Maharashtra,1
1-36515611676,ADITYA ENGINEERING COLLEGE,TELGAON ROAD BEED,BEED,Private-Self Financing,N,N,1-40425501,fetchdata,2023-2024,Engineering and Technology,1,1,1,1,Maharashtra,1
1-36517017127,INTERNATIONAL CENTRE OF EXCELLENCE IN ENGINEERING AND MANAGEMENT (ICEEM),"GUT NO- 4, OPPOSIT BAJAJ AUTO LTD. ,IN FRONT OF  MIDC FILTERATION  PLANT AURANGABAD - PUNE HIGHWAY,",AURANGABAD,Private-Self Financing,N,N,1-455939013,fetchdata,2023-2024,Engineering and Technology,1,1,1,1,Maharashtra,1
1-36518505916,V M INSTITUTE OF ENGINEERING & TECHNOLOGY,"WARDHA ROAD (NH-7), NEAR DONGARGOAN NAGPUR",NAGPUR,Private-Self Financing,N,N,1-414725591,fetchdata,2023-2024,Engineering and Technology,1,1,1,1,Maharashtra,1
1-36519937539,RAJIV GANDHI COLLEGE OF ENGINEERING,"VITTHAL NAGAR ,KOKATE VASTI, AT POST-KARJULE HARYA,TAL-PARNER,DIST-AHMEDNAGAR",AHMEDNAGAR,Private-Self Financing,N,N,1-727961251,fetchdata,2023-2024,Engineering and Technology,1,1,1,1,Maharashtra,1
1-36515465339,"MAULI GROUP OF INSTITUTIONS, COLLEGE OF ENGINEERING AND TECHNOLOGY","KHAMGAON ROAD, SHEGAON",BULDHANA,Private-Self Financing,N,N,1-404222571,fetchdata,2023-2024,Engineering and Technology,1,1,1,1,Maharashtra,1
1-36515576465,NETAJI SUBHASHCHANDRA BOSE EDUCATION TRUST'S NETAJI POLYTECHNIC COLLEGE,"GAT NO 21/1,VILLAGE AJANG,PAROLA ROAD,N.H.6, ,DIST DHULE(M.S.)",DHULE,Private-Self Financing,N,N,1-1505902131,fetchdata,2023-2024,Engineering and Technology,1,1,1,1,Maharashtra,1
1-36517082908,RAJHIV GANDHI POLYTECHNIC COLLEGE MARKHEL,"AT,MARKHEL TQ.DEGLOOR",NANDED,Private-Self Financing,N,N,1-812225461,fetchdata,2023-2024,Engineering and Technology,1,1,1,1,Maharashtra,1
1-36518547772,SUHAS INSTITUTE OF TECHNOLOGY,"GAT NO. 254, JAVJIBUVACHIWADI,  POST: KASURDI, TALUKA - DAUND,",PUNE,Private-Self Financing,N,N,1-812320421,fetchdata,2023-2024,Engineering and Technology,1,1,1,1,Maharashtra,1
1-36518598550,ANJUMAN COLLEGE OF ENGINEERING & TECHNOLOGY,"MANGALWARI BAZAR,SADAR, NAGPUR",NAGPUR,Private-Self Financing,N,Y,1-9904061,fetchdata,2023-2024,Engineering and Technology,1,1,1,1,Maharashtra,1
1-36521283062,ASHOKRAO MANE POLYTECHNIC,"GAT NO.113 A, NH4, PUNE-BENGALURU HIGHWAY",KOLHAPUR,Private-Self Financing,N,N,1-454734055,fetchdata,2023-2024,Engineering and Technology,1,1,1,1,Maharashtra,1
1-36522705282,SHARADCHANDRA PAWAR COLLEGE OF ENGINEERING,"AT. DUMBARWADI , POST. KHAMUNDI, TAL- JUNNAR, DIST- PUNE 412409",PUNE,Private-Self Financing,N,N,1-6092911,fetchdata,2023-2024,Engineering and Technology,1,1,1,1,Maharashtra,1
1-36522706096,PIMPRI CHINCHWAD EDUCATION TRUST'S PIMPRI CHINCHWAD COLLEGE OF ENGINEERING AND RESEARCH,"PLOT NO.B,OF SURVEY NO.110(1),110(2),110(3),AT LAXMINAGAR,RAVET,HAVELI,PUNE",PUNE,Private-Self Financing,N,N,1-2181664251,fetchdata,2023-2024,Engineering and Technology,1,1,1,1,Maharashtra,1
1-36522739958,GANGAMAI COLLEGE OF ENGINEERING,AT POST NAGAON TAL. DIST. DHULE,DHULE,Private-Self Financing,N,N,1-21313644,fetchdata,2023-2024,Engineering and Technology,1,1,1,1,Maharashtra,1
1-36515466192,"MAEER'S MIT COLLEGE OF RAILWAY ENGINEERING AND RESEARCH, BARSHI","LATUR ROAD,  MIDC JAMGAON, BARSHI",SOLAPUR,Private-Self Financing,N,N,1-2869521941,fetchdata,2023-2024,Engineering and Technology,1,1,1,1,Maharashtra,1
1-36515467001,MAULANA AZAD POLYTECHNIC,"603/4, NEW PACCHA  PETH, ASHOK CHOWK",SOLAPUR,Private-Self Financing,N,Y,1-1357746137,fetchdata,2023-2024,Engineering and Technology,1,1,1,1,Maharashtra,1
1-36515502835,YASHWANTRAO CHAVAN SCHOOL OF RURAL DEVELOPMENT,SHIVAJI UNIVERSITY VIDYANAGAR KOLHAPUR,KOLHAPUR,Govt aided,N,N,1-2200341561,fetchdata,2023-2024,Engineering and Technology,1,1,1,1,Maharashtra,1
1-36515539313,GOVERNMENT POLYTECHNIC MUMBAI,"49, KHERWADI ALIYAWAR JUNG MARG, BANDRA (EAST) MUMBAI",MUMBAI SUBURBAN,Government,N,N,1-434680011,fetchdata,2023-2024,Engineering and Technology,1,1,1,1,Maharashtra,1
1-36515578558,SHRI SAI INSTITUTE OF TECHNOLOGY,"PLOT NO. P-75, BEHIND GARWARE POLYESTER LTD., MIDC, CHIKALTHANA, AURANGABAD",AURANGABAD,Private-Self Financing,N,N,1-483703601,fetchdata,2023-2024,Engineering and Technology,1,1,1,1,Maharashtra,1
1-36521369657,LATE.JULALSING MANGTU COLLEGE OF ENGINEERING {DIPLOMA},25/A PATNADEVI ROAD VALTHAN,JALGAON,Private-Self Financing,N,N,1-449922591,fetchdata,2023-2024,Engineering and Technology,1,1,1,1,Maharashtra,1
1-36521437395,"VINAYAKRAO PATIL SHIKSHAN PRASARAK MANDAL'S INSTITUTE OF ENGINEERING AND TECHNOLOGY, KANNAD","GUT NO. 30, HIWARKHEDA ROAD, KANNAD, DIST AURANGABAD (MAHARASHTRA) PIN:- 431103",AURANGABAD,Private-Self Financing,N,N,1-466056241,fetchdata,2023-2024,Engineering and Technology,1,1,1,1,Maharashtra,1
1-36522832798,"GOVERNMENT POLYTECHNIC,BEED","NEAR KHANDESHWARI TEMPLE,NATHAPUR ROAD",BEED,Government,N,N,1-477730261,fetchdata,2023-2024,Engineering and Technology,1,1,1,1,Maharashtra,1
1-36522863569,"VASANTRAO NAIK INSTITUTE OF TECHNOLOGY,VASARNI,NANDED","GUT NO 24,VASARNI,NANDED",NANDED,Private-Self Financing,N,N,1-463299131,fetchdata,2023-2024,Engineering and Technology,1,1,1,1,Maharashtra,1
1-36524259867,"P R POTE(PATIL) EDUCATION & WELFARE TRUST'S, GROUP OF INSTITUTIONS, COLLEGE OF ENGINEERING & MANAGEMENT",KATHORA ROAD AMRAVATI,AMRAVATI,Private-Self Financing,N,N,1-4459396,fetchdata,2023-2024,Engineering and Technology,1,1,1,1,Maharashtra,1
1-36515504145,"UNIVERSITY INSTITUTE OF CHEMICAL TECHNOLOGY, NORTH MAHARASHTRA UNIVERSITY, JALGAON","NORTH MAHARASHTRA UNIVERSITY, UMAVI NAGAR P. O. BOX. NO. 80, JALGAON",JALGAON,State Government University,N,N,1-28467561,fetchdata,2023-2024,Engineering and Technology,1,1,1,1,Maharashtra,1
1-36515504926,AURANGABAD COLLEGE OF ENGINEERING,"GAT NO 52, TULJAPUR SHIVAR,",AURANGABAD,Private-Self Financing,N,N,1-6223991,fetchdata,2023-2024,Engineering and Technology,1,1,1,1,Maharashtra,1
1-36515541698,"GOVERNMENT POLYTECHNIC, AMBAD.","MHADA COLONY, PACHOD ROAD, AMBAD.",JALNA,Government,N,N,1-506482491,fetchdata,2023-2024,Engineering and Technology,1,1,1,1,Maharashtra,1
1-36521438153,DR. ARUN MOTGHARE POLYTECHNIC,KOSRA-KONDHA,BHANDARA,Private-Self Financing,N,N,1-420011951,fetchdata,2023-2024,Engineering and Technology,1,1,1,1,Maharashtra,1
1-36522898959,KARMAVEER SHANKARRAO KALE EDUCATION SOCIETY'S  GAUTAM POLYTECHNIC INSTITUTE,"GAUTAM NAGAR, POST - KOLPEWADI, TAL. KOPARGAON",AHMEDNAGAR,Private-Self Financing,N,N,1-1391096971,fetchdata,2023-2024,Engineering and Technology,1,1,1,1,Maharashtra,1
1-36515506441,ALL INDIA SHRI SHIVAJI MEMORIAL SOCIETY'S INSTITUTE OF INFORMATION TECHNOLOGY,"KENNEDY ROAD, NEAR R.T.O, PUNE- 411 001",PUNE,Private-Self Financing,N,N,1-5165001,fetchdata,2023-2024,Engineering and Technology,1,1,1,1,Maharashtra,1
1-36515507376,NAVJEEVAN EDUCATION SOCIETY'S POLYTECHNIC,"GANESH NAGAR, GANESH PATH,",MUMBAI SUBURBAN,Private-Self Financing,N,N,1-425541561,fetchdata,2023-2024,Engineering and Technology,1,1,1,1,Maharashtra,1
1-36515543969, ASHOK INSTITUTE OF ENGINEERING AND TECHNOLOGY,"ASHOKNAGAR TAL. SHRIRAMPUR, DIST. AHMEDNAGAR",AHMEDNAGAR,Private-Self Financing,N,N,1-478378551,fetchdata,2023-2024,Engineering and Technology,1,1,1,1,Maharashtra,1
1-36515583344,JAYAWANTRAO SAWANT POLYTECHNIC,"SR.NO.58,  HANDEWADI ROAD, HADAPSAR",PUNE,Private-Self Financing,N,N,1-465949211,fetchdata,2023-2024,Engineering and Technology,1,1,1,1,Maharashtra,1
1-36517509272,AKOLE TALUKA EDUCATION SOCIETY'S FACULTY OF POLYTECHNIC,"K G ROAD, AKOLE",AHMEDNAGAR,Private-Self Financing,N,N,1-2105105891,fetchdata,2023-2024,Engineering and Technology,1,1,1,1,Maharashtra,1
1-36520386680, YASHWANTRAO CHAVAN INSTITUTE OF POLYTECHNIC,"SURVEY NO. 107, 109 WASANWADI TAL. BEED",BEED,Private-Self Financing,N,N,1-486351161,fetchdata,2023-2024,Engineering and Technology,1,1,1,1,Maharashtra,1
1-43428717673,SHRI RAMKRISHNA PARAMHANS POLYTECHNIC INSTITUTE,"NH 61, PATHRI ROAD, HASNAPUR",PARBHANI,Private-Self Financing,N,N,1-43428717673,fetchdata,2023-2024,Engineering and Technology,1,1,1,1,Maharashtra,1
1-36517547841,SHRI SOMESHWAR SHIKSHAN PRASARAK MANDAL SHARADCHANDRA PAWAR COLLEGE OF ENGINEERING AND TECHNOLOGY,"GAT.NO. 53, WAGHALWADI, POST SOMESHWARNAGAR, TAL-BARAMATI, DIST PUNE.",PUNE,Private-Self Financing,N,N,1-714167571,fetchdata,2023-2024,Engineering and Technology,1,1,1,1,Maharashtra,1
1-36517602672,PANKAJ LADDHAD INSTITUTE OF TECHNOLOGY AND MANAGEMENT STUDIES,"CHIKHLI ROAD, YELGAON, BULDANA",BULDHANA,Private-Self Financing,N,N,1-5372125,fetchdata,2023-2024,Engineering and Technology,1,1,1,1,Maharashtra,1
1-36517671353,MES'S RAJARAM SHINDE INSTITUTE OF ENGGINEERING AND TECHNOLOGY,"MANDAR EDUCATION SOCIETY, AT - PEDHAMBE, POST - ALORE, TAL- CHIPLUN, DIST - RATNAGIRI.",RATNAGIRI,Private-Self Financing,N,N,1-427016251,fetchdata,2023-2024,Engineering and Technology,1,1,1,1,Maharashtra,1
1-36519067905,"SVKM'S NMIMS SCHOOL OF BUSINESS MANAGEMENT, NAVI MUMBAI","PLOT NO. 2, SECTOR-33, BEHIND RAMSETH THAKUR JUNIOR COLLEGE, KHARGHAR,TALUKA: PANVEL, NAVI MUMBAI",RAIGAD,State Private University,N,Y,1-3387375781,fetchdata,2023-2024,Engineering and Technology,1,1,1,1,Maharashtra,1
1-36520453430,"ALL INDIA SHRI SHIVAJI MEMORIAL SOCIETY'S COLLEGE OF ENGINEERING, PUNE-1","KENNEDY ROAD, NEAR RTO, PUNE-411001.",PUNE,Private-Self Financing,N,N,1-4279045,fetchdata,2023-2024,Engineering and Technology,1,1,1,1,Maharashtra,1
1-36515556790,SHETH SHRI OTARMAL SHESHMAL PARMAR COLLEGE OF DIPLOMA ENGG.,"S.NO.349/350 VILLAGE, NAGOTHANE, TAL. ROHA,DIST. RAIGAD.",RAIGAD,Private-Self Financing,N,N,1-445642511,fetchdata,2023-2024,Engineering and Technology,1,1,1,1,Maharashtra,1
1-36515593018,"BALAGHAT POLYTECHNIC,RUDDHA-AHMEDPUR","NANDED-LATUR HIGHWAY ROAD, RUDDHA-AHMEDPUR",LATUR,Private-Self Financing,N,N,1-496120531,fetchdata,2023-2024,Engineering and Technology,1,1,1,1,Maharashtra,1
1-36517764496,GOVERNMENT COLLEGE OF ENGINEERING NAGPUR,MIHAN REHABILITATION COLONY KHAPRI RAILWAY WARDHA ROAD NAGPUR,NAGPUR,Government,N,N,1-2843792671,fetchdata,2023-2024,Engineering and Technology,1,1,1,1,Maharashtra,1
1-36520486746,N.B.S. INSTITUTE OF POLYTECHNIC,"S.NO.  225/B,225/C,225/D,225/E/6,225/5,233 NEAR POWER HOUSE, AUSA â 413 520  DIST. LATUR (M.S.)",LATUR,Private-Self Financing,N,Y,1-458678271,fetchdata,2023-2024,Engineering and Technology,1,1,1,1,Maharashtra,1
1-36520516500,IDEAL INSTITUTE OF TECHNOLOGY,"GUT NO. 40, PIMPLAJ ROAD, VILLAGE -POSHERI, TALUKA -WADA, DIST-THANA.",THANE,Private-Self Financing,N,N,1-1499711421,fetchdata,2023-2024,Engineering and Technology,1,1,1,1,Maharashtra,1
1-36521948231,VASANTRAO MORE POLYTECHNIC,"TEHU, TALUKA-PAROLA",JALGAON,Private-Self Financing,N,N,1-437657381,fetchdata,2023-2024,Engineering and Technology,1,1,1,1,Maharashtra,1
1-36515445794,"NAGESH KARAJAGI ORCHID COLLEGE OF ENGINEERING AND TECHNOLOGY, SOLAPUR.","POST BOX NO. 154, GUT NO. 16, SOLAPUR-TULJAPUR ROAD, TALE HIPPARAGA,  SOLAPUR.  TAHSIL- NORTH SOLAPUR, DIST. SOLAPUR. PIN CODE- 413 002.  MAHARASHTRA.",SOLAPUR,Private-Self Financing,N,N,1-2893356,fetchdata,2023-2024,Engineering and Technology,1,1,1,1,Maharashtra,1
1-36515517888,"GOEVRNMENT POLYTECHNIC, WASHIM","RISOD ROAD, LAKHALA, WASHIM, DIST:WASHIM",WASHIM,Government,N,N,1-500353381,fetchdata,2023-2024,Engineering and Technology,1,1,1,1,Maharashtra,1
1-36515520300,SHREE SAMARTH POLYTECHNIC,VIDYANAGAR MHASANE PHATA,AHMEDNAGAR,Private-Self Financing,N,N,1-489030201,fetchdata,2023-2024,Engineering and Technology,1,1,1,1,Maharashtra,1
1-36515558469,HON.SHRI BABANRAO PACHPUTE VICHARDHARA TRUST'S GROUP OF INSTITUTIONS,"A/P KASHTI, TAL: SHRIGONDA DIST: AHMEDNAGAR MAHARASHTRA - 414701",AHMEDNAGAR,Private-Self Financing,N,N,1-12614931,fetchdata,2023-2024,Engineering and Technology,1,1,1,1,Maharashtra,1
1-36515595694,SHRI SANT GAJANAN MAHARAJ COLLEGE OF ENGINEERING,"ENGINEERING CAMPUS , KHAMGAON ROAD,  SHEGAON 444 203 DIST BULDHANA MAHARASHTRA",BULDHANA,Private-Self Financing,N,N,1-4792001,fetchdata,2023-2024,Engineering and Technology,1,1,1,1,Maharashtra,1
1-36515596662,POTDAR POLYTECHNIC,"BAMBRUD  ,SERVE NO.11,BHADGAON ROAD TAL -PACHORA DIST-JALGAON",JALGAON,Private-Self Financing,N,N,1-2059464194,fetchdata,2023-2024,Engineering and Technology,1,1,1,1,Maharashtra,1
1-36515597359,SUNSUBA POLYTECHNIC,"AT-LAXMINAGAR,POST-MUNDEGAON,TAL-IGATPURI,DIST-NASHIK 422403",NASHIK,Private-Self Financing,N,N,1-484796881,fetchdata,2023-2024,Engineering and Technology,1,1,1,1,Maharashtra,1
1-36517846684,BALASAHEB MHATRE POLYTECHNIC,"BADLAPUR(W), AT KANHOR , TALUKA AMBERNATH DIST THANE",THANE,Private-Self Financing,N,N,1-450326751,fetchdata,2023-2024,Engineering and Technology,1,1,1,1,Maharashtra,1
1-36519298736,SHRI JAYKUMAR RAWAL INSTITUTE OF TECHNOLOGY,"MANDAL ROAD , DONDIACHA",DHULE,Private-Self Financing,N,N,1-484631901,fetchdata,2023-2024,Engineering and Technology,1,1,1,1,Maharashtra,1
1-36520549827,SHRI BALASAHEB MANE SHIKSHAN PRASARAK MANDAL'S ASHOKRAO MANE GROUP OF INSTITUTIONS,"NH4, PUNE-BENGALURU HIGHWAY, VATHAR TARF VADGAON",KOLHAPUR,Private-Self Financing,N,N,1-5828281,fetchdata,2023-2024,Engineering and Technology,1,1,1,1,Maharashtra,1
1-36522002664,INSTITUTE OF CHEMICAL TECHNOLOGY,"NATHALAL PAREKH MARG, MATUNGA",MUMBAI CITY,Deemed to be University(Govt),N,N,1-465973021,fetchdata,2023-2024,Engineering and Technology,1,1,1,1,Maharashtra,1
1-36522021991,SARDAR PATEL COLLEGE OF ENGINEERING,"MUNSHI NAGAR, ANDHERI(W),",MUMBAI CITY,Govt aided,N,N,1-11307927,fetchdata,2023-2024,Engineering and Technology,1,1,1,1,Maharashtra,1
1-36523471285,SGB AMRAVATI UNIVERSITY,TOPOWAN ROAD CAMP,AMRAVATI,State Government University,N,N,1-34727050,fetchdata,2023-2024,Engineering and Technology,1,1,1,1,Maharashtra,1
1-36515560422,KRUSHNAJI PURUSHOTTAM CHOUSALKAR YOGESHWARI POLYTECHNIC,"S.NO.92, BEHIND YOGESHWARI COLLEGE, NAGZARI ROAD, AMBAJOGAI.",BEED,Private-Self Financing,N,N,1-511604771,fetchdata,2023-2024,Engineering and Technology,1,1,1,1,Maharashtra,1
1-36516553496,SASMIRA'S INSTITUTE OF MAN-MADE TEXTILES,"SASMIRA, OFF SASMIRA MARG, WORLI, DR. ANNIE BESANT ROAD, MUMBAI - 400030",MUMBAI CITY,Govt aided,N,N,1-783046151,fetchdata,2023-2024,Engineering and Technology,1,1,1,1,Maharashtra,1
1-36522138217,"KAI. SAU. SUNITATAI EKNATHRAO  DHAKANE POLYTECHNIC COLLEGE,SHEVGAON",A/P:-RAKSHI TAL:-SHEVGAON,AHMEDNAGAR,Private-Self Financing,N,N,1-474299561,fetchdata,2023-2024,Engineering and Technology,1,1,1,1,Maharashtra,1
1-36515451105,"KARMAVEER KAKASAHEB WAGH POLYTECHNIC, NASHIK","HIRABAI HARIDAS VIDYANAGARI, AMRUTDHAM, PANCHAVATI, NASHIK",NASHIK,Private-Self Financing,N,N,1-451476651,fetchdata,2023-2024,Engineering and Technology,1,1,1,1,Maharashtra,1
1-36515524763,"RAJARSHI SHAHU MAHARAJ POLYTECHNIC, NASHIK","UDOJI MARATHA BOARDING CAMPUS, NEAR PUMPING STATION, GANGAPUR ROAD",NASHIK,Private-Self Financing,N,N,1-405925043,fetchdata,2023-2024,Engineering and Technology,1,1,1,1,Maharashtra,1
1-36515562522,YASHWANTRAO BHONSALE INSTITUTE OF TECHNOLOGY,A/P CHARATHE (VAZARWADI)  TAL. SAWANTWADI DIST. SINDHUDURG,SINDHUDURG,Private-Self Financing,N,N,1-2051471401,fetchdata,2023-2024,Engineering and Technology,1,1,1,1,Maharashtra,1
1-36515600978,MKSSS'S CUMMINS COLLEGE OF ENGINEERING FOR WOMEN,"MOUJE SUKLI (GUPCHUP), TAL. HINGNA",NAGPUR,Private-Self Financing,Y,N,1-10217584,fetchdata,2023-2024,Engineering and Technology,1,1,1,1,Maharashtra,1
1-36519431691,"SONIYA GANDHI POLYTECHNIC, SHRIGONDA","BALAJINAGAR, SHRIGONDA",AHMEDNAGAR,Private-Self Financing,N,N,1-451658073,fetchdata,2023-2024,Engineering and Technology,1,1,1,1,Maharashtra,1
1-36520796851,KINKAR INSTITUTE OF TECHNOLOGY,"REHAKI ROAD, SELOO",WARDHA,Private-Self Financing,N,N,1-441658691,fetchdata,2023-2024,Engineering and Technology,1,1,1,1,Maharashtra,1
1-36522197636,KARMAYOGI INSTITUTE OF TECHNOLOGY,"GAT NO. 124 AND 125, AP. SHELVE, TAL. PANDHARPUR, DIST. SOLAPUR. PIN 413304. MAHARASHTRA",SOLAPUR,Private-Self Financing,N,N,1-13499321,fetchdata,2023-2024,Engineering and Technology,1,1,1,1,Maharashtra,1
1-36523623517,MAHARASHTRA INSTITUTE OF POLYTECHNIC,SURVEY NO. 402 BETALA PO. KINHI TA BRAMHAPURI DISTT. CHANDRAPUR (M. S.) 441 206,CHANDRAPUR,Private-Self Financing,N,N,1-451910481,fetchdata,2023-2024,Engineering and Technology,1,1,1,1,Maharashtra,1
1-36515452900,"KARMAVEER BHAURAO PATIL COLLEGE OF ENGINEERING, SATARA","SADAR BAZAR, NEAR RTO OFFICE,SATARA MAHARASHTRA",SATARA,Private-Self Financing,N,N,1-12527441,fetchdata,2023-2024,Engineering and Technology,1,1,1,1,Maharashtra,1
1-36516637676,"POOJYA SANE GURUJI VIDYA PRASARAK MANDAL'S G. M. CHAUDHARI, POLYTECHNIC, SHAHADA","THE PRINCIPAL POOJYA SANE GURUJI VIDYA PRASARAK MANDAL'S G. M. CHAUDHARI, POLYTECHNIC, SHAHADA , TAL : SHAHADA, DIST : NANDURBAR.",NANDURBAR,Private-Self Financing,N,Y,1-452599631,fetchdata,2023-2024,Engineering and Technology,1,1,1,1,Maharashtra,1
1-36518143500,PVG'S COLLEGE OF ENGINEERING AND TECHNOLOGY AND G.K. PATE (WANI) INSTITUTE OF MANAGEMENT,"S.NO.44,VIDYANAGARI,SHIVDARSHAN,PARVATI,PUNE",PUNE,Private-Self Financing,N,N,1-7640651,fetchdata,2023-2024,Engineering and Technology,1,1,1,1,Maharashtra,1
1-36502674832,PILLAI COLLEGE OF ENGINEERING,"DR. K. M. VASUDEVAN PILLAIS, SECTOR 16, NEW PANVEL, NAVI MUMBAI -410206",RAIGAD,Private-Self Financing,N,Y,1-5772986,fetchdata,2023-2024,Engineering and Technology,1,1,1,1,Maharashtra,1
1-36504689989,"BHIWSAN PATIL SHINDE SHIKSHAN GRAMIN VIKAS & BAHU. SANSTHA,SHINDE POLYTECHNIC,","SR.NO.643,647, ANJANI (BK) MEHKAR DOGON HIGHWAY ROAD, TQ-MEHKAR DIST-BULDHANA",BULDHANA,Private-Self Financing,N,N,1-437384411,fetchdata,2023-2024,Engineering and Technology,1,1,1,1,Maharashtra,1
1-36584924824,SHIVAJI POLYTECHNIC ATPADI,"NEAR SURESH INDANE GAS AGENCY, AT/POST/TAL-ATPADI DIST-SANGLI",SANGLI,Private-Self Financing,N,N,1-456009201,fetchdata,2023-2024,Engineering and Technology,1,1,1,1,Maharashtra,1
1-36501645280,TRINITY COLLEGE OF ENGINEERING & RESEARCH,"KONDHAWA-SASWAD ROAD, S. NO. 25 & 27, POST: PISOLI, POST/OFFICE: YEWALEWADI(BOPDEV GHAT), TAL: HAVELI, DIST: PUNE",PUNE,Private-Self Financing,N,N,1-6066612,fetchdata,2023-2024,Engineering and Technology,1,1,1,1,Maharashtra,1
1-36502721011,"CHHATRAPATI SHAHU MAHARAJ SHIKSHAN SANSTHA,C.S.M.S.S COLLEGE OF POLYTECHNIC","C.S.M.S.S COLLEGE OF POLYTECHNIC, KANCHANWADI, PAITHAN ROAD, AURANGABAD",AURANGABAD,Private-Self Financing,N,N,1-450637101,fetchdata,2023-2024,Engineering and Technology,1,1,1,1,Maharashtra,1
1-36505733848,"KARMAVEER BHAURAO PATIL POLYTECHNIC, SATARA.",GAT NO. 242/B/1 AT PANMALEWADI  POST VARYE,SATARA,Private-Self Financing,N,N,1-466046963,fetchdata,2023-2024,Engineering and Technology,1,1,1,1,Maharashtra,1
1-36586433388,ST. FRANCIS INSTITUTE OF TECHNOLOGY (ENGG. COLLEGE),"MT. POINSUR, S.V.P. ROAD, MANDAPESHWAR VILLAGE, BORIVLI (W)",MUMBAI CITY,Private-Self Financing,N,Y,1-4154841,fetchdata,2023-2024,Engineering and Technology,1,1,1,1,Maharashtra,1
1-36502764096,SAMARTH SAMAJ S.H.JONDHALE POLYTECHNIC,SHASTRI NAGAR OPP.RAILWAY STATION DOMBIVALI WEST,THANE,Private-Self Financing,N,N,1-414224371,fetchdata,2023-2024,Engineering and Technology,1,1,1,1,Maharashtra,1
1-36503744519,VIDARBHA INSTITUTE OF TECHNOLOGY,"VIDARBHA INSTITUTE OF TECHNOLOGY, MOUZA: UTI(BHIVAPUR),UMRER ROAD, NAGPUR",NAGPUR,Private-Self Financing,N,Y,1-6190781,fetchdata,2023-2024,Engineering and Technology,1,1,1,1,Maharashtra,1
1-36503769146,SHRI CHHATRAPATI SHIVAJI MAHARAJ COLLEGE OF ENGINEERING,"SURVEY NO. 162 & 163, NAGAR KALYAN ROAD,",AHMEDNAGAR,Private-Self Financing,N,N,1-451404281,fetchdata,2023-2024,Engineering and Technology,1,1,1,1,Maharashtra,1
1-36503812778,"GOVERNMENT POLYTECHNIC, NASHIK","NASHIK ROAD, NASHIK",NASHIK,Government,N,N,1-453230981,fetchdata,2023-2024,Engineering and Technology,1,1,1,1,Maharashtra,1
1-36504740581,XAVIER INSTITUTE OF  ENGINEERING,"MAHIM CAUSEWAY, MAHIM  MAHIM (W), MUMBAI - 400 016",MUMBAI CITY,Private-Self Financing,N,Y,1-4027961,fetchdata,2023-2024,Engineering and Technology,1,1,1,1,Maharashtra,1
1-36586473051,"GOVERNMENT RESIDENTIAL WOMEN'S POLYTECHNIC,LATUR","NEAR GOVT.COLONY ,BARSHI ROAD,LATUR-413531(M.S.)",LATUR,Government,Y,N,1-2082034331,fetchdata,2023-2024,Engineering and Technology,1,1,1,1,Maharashtra,1
1-36502810648,M.S BIDVE ENGINEERING COLLEGE,"P.O BOX NO. 112, VASWADI, BARSHI ROAD, LATUR-413531",LATUR,Private-Self Financing,N,N,1-2061292,fetchdata,2023-2024,Engineering and Technology,1,1,1,1,Maharashtra,1
1-36502835426,VIDYALANKAR POLYTECHNIC,"VIDYALANKAR MARG, WADALA -EAST",MUMBAI CITY,Private-Self Financing,N,N,1-449869651,fetchdata,2023-2024,Engineering and Technology,1,1,1,1,Maharashtra,1
1-36503858123,MATA MAHAKALI POLYTECHNIC,"BYE PASS ROAD,WARORA",CHANDRAPUR,Private-Self Financing,N,N,1-474573111,fetchdata,2023-2024,Engineering and Technology,1,1,1,1,Maharashtra,1
1-36503858686,"RAMCHANDRA SANSKRITIK KRIDA MANDAL'S SHRI R.D.BHAKT POLYTECHNIC COLLEGE,JALNA","DAREGAON ROAD, JALNA",JALNA,Private-Self Financing,N,N,1-475591623,fetchdata,2023-2024,Engineering and Technology,1,1,1,1,Maharashtra,1
1-36504835005,K. P. PATIL INSTITUTE OF TECHNOLOGY (POLYTECHNIC),A/P MUDAL TAL. BHUDARGAD DIST. KOLHAPUR,KOLHAPUR,Private-Self Financing,N,N,1-1538431511,fetchdata,2023-2024,Engineering and Technology,1,1,1,1,Maharashtra,1
1-36500856881,"MATOSHRI AASARABAI POLYTECHNIC,EKLAHARE","EKLAHARE NEAR AURANGABAD HIGHWAY, ODHAGAON,TAL NASHIK",NASHIK,Private-Self Financing,N,N,1-421103811,fetchdata,2023-2024,Engineering and Technology,1,1,1,1,Maharashtra,1
1-36500857570,"GOVERNMENT POLYTECHNIC, ARVI","DEURWADA ROAD, ARVI DIST-WARDHA",WARDHA,Government,N,N,1-465680953,fetchdata,2023-2024,Engineering and Technology,1,1,1,1,Maharashtra,1
1-36501844359,"GOVERNMENT POYTECHNIC, THANE","OPP. BHARAT GEAR CO. LTD. PHADKE PADA, KHARDI GOAN, MUMBRA ( EAST )",THANE,Government,N,N,1-508835181,fetchdata,2023-2024,Engineering and Technology,1,1,1,1,Maharashtra,1
1-36501887934,D. Y. PATIL UNIVERSITY SCHOOL OF ENGINEERING & TECHNOLOGY,"S.NO 124,126 AT/POST AMBI,TALEGAON DHABADE,TAL-MAVAL,DIS- PUNE",PUNE,Private-Self Financing,N,N,1-4277321,fetchdata,2023-2024,Engineering and Technology,1,1,1,1,Maharashtra,1
1-36502924036,SHREE SANTKRUPA INSTITUTE OF ENGINEERING & TECHNOLOGY,A/P:-GHOGAON (SHIVAJINAGAR) TAL:-KARAD DIST:-SATARA,SATARA,Private-Self Financing,N,N,1-458668021,fetchdata,2023-2024,Engineering and Technology,1,1,1,1,Maharashtra,1
1-36505866629,RENAISSANCE POLYTECHNIC  CHANDRAPUR,DATALA NEW CHANDRAPUR,CHANDRAPUR,Private-Self Financing,N,N,1-1502020421,fetchdata,2023-2024,Engineering and Technology,1,1,1,1,Maharashtra,1
1-36585316650,SHRI VILE PARLE KELAVANI MANDALS NARSEE MONJEE INSTITUTE OF MANAGEMENT STUDIES DEEMED TO BE UNIVERSITY SVKMS NMIMS,"V.L.MEHTA ROAD,VILE PARLE (W)",MUMBAI SUBURBAN,Deemed to be University(Pvt),N,Y,1-3761188491,fetchdata,2023-2024,Engineering and Technology,1,1,1,1,Maharashtra,1
1-36585354782,VIDYAVARDHINI'S COLLEGE OF ENGINEERING AND TECHNOLOGY,K T MARG VASAI ROAD WEST,THANE,Private-Self Financing,N,N,1-262262952,fetchdata,2023-2024,Engineering and Technology,1,1,1,1,Maharashtra,1
1-36586757421,GOVERNMENT POLYTECHNIC AMRAVATI,"GADGE NAGAR, AMRAVATI",AMRAVATI,Government,N,N,1-468116611,fetchdata,2023-2024,Engineering and Technology,1,1,1,1,Maharashtra,1
1-36501911729,MITTHULALJI SARDA POLYTECHNIC,NALWANDI ROAD SERVE NO. 123  BAHIRWADI,BEED,Private-Self Financing,N,N,1-509138261,fetchdata,2023-2024,Engineering and Technology,1,1,1,1,Maharashtra,1
1-36501912259,"GOVERNMENT POLYTECHNIC, NANDED","VEER SAWARKAR MARG, BABA NAGAR,",NANDED,Government,N,N,1-503069261,fetchdata,2023-2024,Engineering and Technology,1,1,1,1,Maharashtra,1
1-36502993055,K J COLLEGE OF ENGINEERING & MANAGEMENT RESEARCH,"SURVEY NO. 25&27 , PISOLI, NEAR BAPDEO GHAT,POST- YEWALEWADI TAL : HAVELI DIST : PUNE -411048",PUNE,Private-Self Financing,N,N,1-4917161,fetchdata,2023-2024,Engineering and Technology,1,1,1,1,Maharashtra,1
1-36500969616,PRAVIN PATIL COLLEGE OF DIPLOMA ENGINEERING & TECHNOLOGY-,"MAHAVIDYALAYA MARG, NAVGHAR, WESTERN RAILWAY-BHAYANDAR(E)",THANE,Private-Self Financing,N,N,1-466263861,fetchdata,2023-2024,Engineering and Technology,1,1,1,1,Maharashtra,1
1-36501956003,CSMSS CHH. SHAHU COLLEGE OF ENGINEERING,"KANCHANWADI, PAITHAN ROAD, AURANGABAD",AURANGABAD,Private-Self Financing,N,N,1-1450081741,fetchdata,2023-2024,Engineering and Technology,1,1,1,1,Maharashtra,1
1-36501979732,SHIKSHAN PRASARAK MANDAL'S POLYTECHNIC,"KUMATHE, NEAR AIR PORT, HOTAGI ROAD",SOLAPUR,Private-Self Financing,N,N,1-429694481,fetchdata,2023-2024,Engineering and Technology,1,1,1,1,Maharashtra,1
1-36504018448,COLLEGE OF ENGINEERING & TECHNOLOGY,"N.H.NO 6, BABHULGAON, AKOLA",AKOLA,Private-Self Financing,N,N,1-6174891,fetchdata,2023-2024,Engineering and Technology,1,1,1,1,Maharashtra,1
1-36504044225,APURVA POLYTECHNIC,"GAT NO. 88/02, RAWALGAON ROAD, SELU-431503, DIST-PARBHANI, MAHARASHTRA",PARBHANI,Private-Self Financing,N,N,1-475419225,fetchdata,2023-2024,Engineering and Technology,1,1,1,1,Maharashtra,1
1-36504999438,SHATABDI INSTITUTE OF ENGINEERING & RESEARCH,"AT POST : AGASKHIND, VIA : DEOLALI CAMP-BHAGUR, TAL. SINNAR, DIST : NASHIK PIN : 422 502",NASHIK,Private-Self Financing,N,Y,1-2558181,fetchdata,2023-2024,Engineering and Technology,1,1,1,1,Maharashtra,1
1-36505043514,PHALTAN EDUCATION SOCIETY'S COLLEGE OF ENGINEERING,"SR. NO.31 A/P, THAKURDI, TAL PHALTAN, DIST. SATARA",SATARA,Private-Self Financing,N,N,1-460099321,fetchdata,2023-2024,Engineering and Technology,1,1,1,1,Maharashtra,1
1-36506002220,"BAJAJ INSTITUTE OF TECHNOLOGY,","ARVI ROAD, IN FRONT OF RAMKRISHNA BAJAJ AGRICULTURE COLLEGE,  PIPRI - WARDHA",WARDHA,Private-Self Financing,N,Y,1-3352520511,fetchdata,2023-2024,Engineering and Technology,1,1,1,1,Maharashtra,1
1-36501037365,VISHWAKARMA INSTITUTE OF INFORMATION TECHNOLOGY,"SURVEY NO. 3/4, KONDHWA (BUDRUK)  PUNE -411048",PUNE,Private-Self Financing,N,N,1-6647171,fetchdata,2023-2024,Engineering and Technology,1,1,1,1,Maharashtra,1
1-36501042424,K.J.SOMAIYA POLYTECHNIC,"VIDYANAGARI, VIDYAVIHAR(E) MUMBAI",MUMBAI CITY,Govt aided,N,Y,1-467802101,fetchdata,2023-2024,Engineering and Technology,1,1,1,1,Maharashtra,1
1-36502024220,ARVIND GAVALI COLLEGE OF ENGINEERING,"GAT NO. 247, PANMALEWADI, POST - VARYE,",SATARA,Private-Self Financing,N,N,1-4210711,fetchdata,2023-2024,Engineering and Technology,1,1,1,1,Maharashtra,1
1-36503062251,COLLEGE OF ENGINEERING,"HADAPSAR-MANJARI  ROAD, MANJARI BK.",PUNE,Private-Self Financing,N,N,1-4257884,fetchdata,2023-2024,Engineering and Technology,1,1,1,1,Maharashtra,1
1-36504087265,ANANTRAO PAWAR COLLEGE OF ENGINEERING & RESEARCH,"S.NO. 103 PARVATI RAMANA, SHAHU COLLEGE ROAD, PUNE 411009",PUNE,Private-Self Financing,N,N,1-765361541,fetchdata,2023-2024,Engineering and Technology,1,1,1,1,Maharashtra,1
1-36505111220,ADITYA POLYTECHNIC BEED,TELGOAN ROAD,BEED,Private-Self Financing,N,N,1-509206951,fetchdata,2023-2024,Engineering and Technology,1,1,1,1,Maharashtra,1
1-36506069866,GOVERNMENT POLYTECHNIC ACHALPUR,AT: ACHALPUR,AMRAVATI,Government,N,N,1-398340581,fetchdata,2023-2024,Engineering and Technology,1,1,1,1,Maharashtra,1
1-36503132270,FINOLEX ACADEMY OF MANAGEMENT AND TECHNOLOGY,"P-60, P-60/1 MIDC,MIRJOLE RATNAGIRI,MAHARASHTRA",RATNAGIRI,Private-Self Financing,N,N,1-3861731,fetchdata,2023-2024,Engineering and Technology,1,1,1,1,Maharashtra,1
1-36503176242,"DHOLE PATIL EDUCATION SOCIETY'S, DHOLE PATIL COLLEGE OF ENGINEERING.","1284, UBALE NAGAR, WAGHOLI, PUNE - 412207.",PUNE,Private-Self Financing,N,N,1-7337111,fetchdata,2023-2024,Engineering and Technology,1,1,1,1,Maharashtra,1
1-36504132925,GODAVARI COLLEGE OF ENGINEERING,"PLOT NO. P-51, ADDL MIDC, BHUSAWAL ROAD, DR. ULHAS PATIL NAGAR,",JALGAON,Private-Self Financing,N,N,1-6138871,fetchdata,2023-2024,Engineering and Technology,1,1,1,1,Maharashtra,1
1-36504157708,"SHRI DADASAHEB GAWAI CHARITABLE TRUST, VIKRAMSHILA POLYTECHNIC","VIKRAMSHILA POLYTECHNIC,DARAPUR TQ. DARYAPUR,DIST. AMRAVATI PIN: 444814",AMRAVATI,Private-Self Financing,N,N,1-421143073,fetchdata,2023-2024,Engineering and Technology,1,1,1,1,Maharashtra,1
1-36505155763,"SAHYADRI POLYTECHNIC, SAWARDE","A/P SAWARDE WAHAL PHATA, TECHNICAL CAMPUS,",RATNAGIRI,Private-Self Financing,N,N,1-423856851,fetchdata,2023-2024,Engineering and Technology,1,1,1,1,Maharashtra,1
1-36505156336,CHHATRAPATI SHIVAJI MAHARAJ INSTITUTE OF TECHNOLOGY,"92A/1, OLD MUMBAI PUNE HIGHWAY, NEAR SHEDUNG TOLL NAKA,",RAIGAD,Private-Self Financing,N,N,1-2189696411,fetchdata,2023-2024,Engineering and Technology,1,1,1,1,Maharashtra,1
1-36502112564,"BHARATI VIDYAPEETH COLLEGE OF ENGINEERING, NAVI MUMBAI","SECTOR-7, C.B.D., BELAPUR, NAVI MUMBAI-400614",THANE,Private-Self Financing,N,N,1-4691071,fetchdata,2023-2024,Engineering and Technology,1,1,1,1,Maharashtra,1
1-36502157312,D Y PATIL EDUCATION SOCIETY'S D Y PAIL TECHNICAL CAMPUS FACULTY OF ENGINEERING AND FACULTY OF MANAGEMENT TALSANDE KOLHAPUR,"TALSANDE , TQ ""HATKANGALE KOLHAPUR",KOLHAPUR,Private-Self Financing,N,N,1-456228303,fetchdata,2023-2024,Engineering and Technology,1,1,1,1,Maharashtra,1
1-36504158221,VPM'S MAHARSHI PARSHURAM COLLEGE OF ENGINEERING,"AT.POST. VELNESHWAR, HEDVAI - PALSHET ROAD",RATNAGIRI,Private-Self Financing,N,N,1-612895941,fetchdata,2023-2024,Engineering and Technology,1,1,1,1,Maharashtra,1
1-36504204024,P.E.S. COLLEGE OF ENGINEERING,"UNIVERSITY ROAD, NEAR PANCHAKKI, NAGSENVANA,",AURANGABAD,Private-Self Financing,N,N,1-3929261,fetchdata,2023-2024,Engineering and Technology,1,1,1,1,Maharashtra,1
1-36506204516,NEW SATARA COLLEGE OF ENGINEERING & MANAGEMENT,"GUT NO. - 433/1/A, VILLAGE - KORTI, TAL - PANDHARPUR, DIST - SOLAPUR",SOLAPUR,Private-Self Financing,N,N,1-508618511,fetchdata,2023-2024,Engineering and Technology,1,1,1,1,Maharashtra,1
1-36584371233,D Y PATIL DEEMED TO BE UNIVERSITY DEPARTMENT OF  BIOTECHNOLOGY AND BIOINFORMATICS NAVI MUMBAI,"SECTOR 15, PLOT 50, CBD BELAPUR,",THANE,Deemed to be University(Pvt),N,N,1-3691525135,fetchdata,2023-2024,Engineering and Technology,1,1,1,1,Maharashtra,1
1-36506249110,"D.K.T.E.SOCIETY'S TEXTILE & ENGINEERING INSTITUTE, ICHALKARANJI","""RAJWADA"" POST BOX NO. 130",KOLHAPUR,Private-Self Financing,N,N,1-451550371,fetchdata,2023-2024,Engineering and Technology,1,1,1,1,Maharashtra,1
1-36504295433,"GOVERNMENT POLYTECHNIC, OSMANABAD","TULJAPUR ROAD, OSMANABAD",OSMANABAD,Government,N,N,1-486627323,fetchdata,2023-2024,Engineering and Technology,1,1,1,1,Maharashtra,1
1-36585879095,BHARATI VIDYAPEETH DEEMED UNIVERSITY COLLEGE OF ENGINEERING,"PUNE-SATARA ROAD, DHANKAWADI, PUNE, MAHARASHTRA, INDIA. PIN - 411 043.",PUNE,Private-Self Financing,N,N,1-9293531,fetchdata,2023-2024,Engineering and Technology,1,1,1,1,Maharashtra,1
1-36587287225,VILASRAO DESHMUKH FOUNDATION GROUP OF INSTITUTIONS,"PLOT NO.165A,ADDITIONAL MIDC, NEAR TO MANJARA SUGAR,BARSHI ROAD,LATUR.",LATUR,Private-Self Financing,N,N,1-20530371,fetchdata,2023-2024,Engineering and Technology,1,1,1,1,Maharashtra,1
1-36586042380,ANJUMAN-I-ISLAM'S KALSEKAR TECHNICAL CAMPUS,"PLOT NOS. 2 & 3, SECTOR 16, KHANDAGAON, NEAR THANA NAKA",MUMBAI SUBURBAN,Private-Self Financing,N,Y,1-482471901,fetchdata,2023-2024,Engineering and Technology,1,1,1,1,Maharashtra,1
1-36502465710,"RAJIV GANDHI COLLEGE OF ENGINEERING, RESEARCH AND TECHNOLOGY","BALLARPUR ROAD, BABUPETH",CHANDRAPUR,Private-Self Financing,N,N,1-7448591,fetchdata,2023-2024,Engineering and Technology,1,1,1,1,Maharashtra,1
1-36502466669,AHINSA INSTITUTE OF TECHNOLOGY,DHULE ROAD DONDAICHA 425408 TAL.- SHINDHKHEDA DIS.- DHULE,DHULE,Private-Self Financing,N,Y,1-404124841,fetchdata,2023-2024,Engineering and Technology,1,1,1,1,Maharashtra,1
1-36500565795,"POTDAR FOUNDATION TALODA,POTDAR POLYTECHNIC, PATNE, MALEGAON, NASHIK","NEAR KALAVATI DEVI TEMPLE,SAYGAON.TAL-MALEGAON DIST-NASHIK",NASHIK,Private-Self Financing,N,N,1-484758993,fetchdata,2023-2024,Engineering and Technology,1,1,1,1,Maharashtra,1
1-36502490230,"GOKHALE EDUCATION SOCIETY'S R. H. SAPAT COLLEGE OF ENGINEERING, MANAGEMENT STUDIES & RESEARCH","PRIN. T. A. KULKARNI VIDYANAGAR, COLLEGE ROAD",NASHIK,Private-Self Financing,N,N,1-6446231,fetchdata,2023-2024,Engineering and Technology,1,1,1,1,Maharashtra,1
1-36502532003,VIDYALANKAR INSTITUTE OF TECHNOLOGY,"VIDYALANKAR MARG, ANTOP HILL, WADALA(E)",MUMBAI CITY,Private-Self Financing,N,N,1-14068819,fetchdata,2023-2024,Engineering and Technology,1,1,1,1,Maharashtra,1
1-36504558403,"POOJYA SANE GURUJI VIDYA PRASARAK MANDAL'S D. N. PATEL COLLEGE OF ENGINEERING, SHAHADA","POOJYA SANE GURUJI VIDYA PRASARAK MANDAL'S D. N. PATEL COLLEGE OF ENGINEERING, SHAHADA, DIST : NANDURBAR , MAHARASHTRA STATE,  PIN : 425409.",NANDURBAR,Private-Self Financing,N,Y,1-2022661,fetchdata,2023-2024,Engineering and Technology,1,1,1,1,Maharashtra,1
1-36595273877,SWVSM'S TATYASAHEB KORE INSTITUTE OF ENGINEERING AND TECHNOLOGY,"TATYASAHEB KORE INSTITUTE OF ENGINEERING AND TECHNOLOGY, WARANANAGAR, TAL.: PANHALA,  DIST.: KOLHAPUR",KOLHAPUR,Private-Self Financing,N,N,1-3674181,fetchdata,2023-2024,Engineering and Technology,1,1,1,1,Maharashtra,1
1-36501644714,SHIKSHAN MAHARSHI DADASAHEB RAWAL GOVERNMENT POLYTECHNIC DHULE,"VIDYANAGARI, DEOPUR, DHULE",DHULE,Government,N,N,1-461259591,fetchdata,2023-2024,Engineering and Technology,1,1,1,1,Maharashtra,1
1-36202822951,RAJENDRA MANE POLYTECHNIC,AT AND POST AMBAV DEVRUKH TAL. SANGAMESHWAR DIST RATNAGIRI,RATNAGIRI,Private-Self Financing,N,N,1-409865251,fetchdata,2023-2024,Engineering and Technology,1,1,1,1,Maharashtra,1
1-36204231760,SANT GAJANAN MAHARAJ RURAL POLYTECHNIC,"SITE - CHINCHEWADI, TAL - GADHINGLAJ, DIST. KOLHAPUR",KOLHAPUR,Private-Self Financing,N,N,1-457154483,fetchdata,2023-2024,Engineering and Technology,1,1,1,1,Maharashtra,1
1-36204299385,"MCT'S RAJIV GANDHI INSTITUTE OF TECHNOLOGY, MUMBAI","JUHU-VERSOVA LINK ROAD, VERSOVA,  ANDHERI (W), MUMBAI-400 053",MUMBAI SUBURBAN,Private-Self Financing,N,N,1-2403491,fetchdata,2023-2024,Engineering and Technology,1,1,1,1,Maharashtra,1
1-36448710095,SIPNA COLLEGE OF ENGINEERING & TECHNOLOGY,"SIPNA CAMPUS, INFRONT OF NEMANI GODOWN, BADNERA ROAD, AMRAVATI",AMRAVATI,Private-Self Financing,N,N,1-2945121,fetchdata,2023-2024,Engineering and Technology,1,1,1,1,Maharashtra,1
1-36449606512,"DR.RAJENDRA GODE INSTITUTE OF TECHNOLOGY AND RESEARCH,AMRAVATI","UNIVERSITY MARDI ROAD, OPP.HEART HOSPITAL,AMRAVATI",AMRAVATI,Private-Self Financing,N,N,1-10295521,fetchdata,2023-2024,Engineering and Technology,1,1,1,1,Maharashtra,1
1-36450558755,VEERMATA JIJABAI TECHNOLOGICAL INSTITUTE,"H R MAHAJANI MARG,MATUNGA,MUMBAI - 400 019",MUMBAI CITY,Govt aided,N,N,1-5149491,fetchdata,2023-2024,Engineering and Technology,1,1,1,1,Maharashtra,1
1-36452506662,G H RAISONI INSTITUTE OF ENGINEERING AND BUSINESS MANAGEMENT,"GAT NO.57/1,SHIRSOLI ROAD, MOHADI, JALGAON",JALGAON,Private-Self Financing,N,Y,1-5550561,fetchdata,2023-2024,Engineering and Technology,1,1,1,1,Maharashtra,1
1-36445334895,THEEM COLLEGE OF ENGINEERING,"AT VILLAGE BETEGAON, CHILLHAR RAOD, N.H.NO.8,NEAR UNION PARK BOISAR(E) TAL - PALGHAR DIST - THANE",THANE,Private-Self Financing,N,Y,1-6351267,fetchdata,2023-2024,Engineering and Technology,1,1,1,1,Maharashtra,1
1-36445784535,GURU NANAK INSTITUTE OF ENGNEERING & TECHNOLOGY,"KHASARA NO 95, MOUZA DAHEGAON, NAGPUR",NAGPUR,Private-Self Financing,N,Y,1-3882211,fetchdata,2023-2024,Engineering and Technology,1,1,1,1,Maharashtra,1
1-36445809301,BHAGWANT INSTITUTE OF TECHNOLOGY,"GAT NUMBER â 1239/4/2,1240/4/2,1242/2, BARSHI,",SOLAPUR,Private-Self Financing,N,N,1-475800583,fetchdata,2023-2024,Engineering and Technology,1,1,1,1,Maharashtra,1
1-36449631148,PULGAON POLYTECHNIC,"JAWAHAR COLONY , NACHANGAON ROAD EXPRESS HIGHWAY PULGAON TAH DEOLI DIST WARDHA",WARDHA,Private-Self Financing,N,N,1-474065881,fetchdata,2023-2024,Engineering and Technology,1,1,1,1,Maharashtra,1
1-36449673693, GUNAI  SHIKSHAN PRASARAK MANDAL'S RAJIV GANDHI POLYTECHNIC, UDGIR,LATUR,Private-Self Financing,N,N,1-453048233,fetchdata,2023-2024,Engineering and Technology,1,1,1,1,Maharashtra,1
1-36450583654,DEOGIRI INSTITUTE OF ENGINEERING AND MANAGEMENT STUDIES,"DEOGIRI COLLEGE CAMPUS, STATION ROAD, AURANGABAD",AURANGABAD,Private-Self Financing,N,N,1-3928641,fetchdata,2023-2024,Engineering and Technology,1,1,1,1,Maharashtra,1
1-36452551156,"SHRI SHIVAJI VIDYA PRASARAK SANSTHA'S LATE BAPUSAHEB SHIVAJIRAO DEORE COLLEGE OF ENGINEERING, DHULE","SHRI SHIVAJI VIDYA PRASARAK SANSTHA'S LATE BAPUSAHEB SHIVAJIRAO DEORE COLLEGE OF ENGINEERING, VIDYANAGARI, DEOPUR, DHULE (MS)-424 005",DHULE,Private-Self Financing,N,N,1-10074451,fetchdata,2023-2024,Engineering and Technology,1,1,1,1,Maharashtra,1
1-36453565971,P K TECHNICAL CAMPUS,"GAT NO. 714 ( OLD 1680) AT: KADACHIWADI CHAKAN, TALUKA:KHED DISTRICT:PUNE-410501",PUNE,Private-Self Financing,N,N,1-428206721,fetchdata,2023-2024,Engineering and Technology,1,1,1,1,Maharashtra,1
1-36445260633,ACHARYA SHRIMANANRAYAN POLYTECHNIC,"ARVI ROAD,  PIPRI, WARDHA.",WARDHA,Govt aided,N,Y,1-409528191,fetchdata,2023-2024,Engineering and Technology,1,1,1,1,Maharashtra,1
1-36445261169,INDIRA COLLEGE OF ENGINEERING & MANAGEMENT,"SR. NO. 64 AND 65, GAT NO. 276, AT POST PARANDWADI, TAL- MAVAL, DIST- PUNE. 410506",PUNE,Private-Self Financing,N,N,1-7372541,fetchdata,2023-2024,Engineering and Technology,1,1,1,1,Maharashtra,1
1-36445295854,JAIHIND POLYTECHNIC KURAN,"A/P. KURAN, TAL. JUNNAR, DIST. PUNE",PUNE,Private-Self Financing,N,N,1-448090201,fetchdata,2023-2024,Engineering and Technology,1,1,1,1,Maharashtra,1
1-36445297332,YASHODA TECHNICAL CAMPUS SATARA,"S. N. 242/1 AT POST - WADHE, TAL DIST - SATARA",SATARA,Private-Self Financing,N,N,1-467424873,fetchdata,2023-2024,Engineering and Technology,1,1,1,1,Maharashtra,1
1-36445335866,VIVA COLLEGE OF DIPLOMA ENGINEERING AND TECHNOLOGY,"AT:- BOLINJ, VIRAR(W), 401303",THANE,Private-Self Financing,N,N,1-467821741,fetchdata,2023-2024,Engineering and Technology,1,1,1,1,Maharashtra,1
1-36445336446,"SANJIVANI K.B.P.POLYTECHNIC,KOPARGAON",AT-SAHAJANANDNAGAR POST.SHINGANAPUR TAL.KOPARGAON DIST.AHMEDNAGAR,AHMEDNAGAR,Private-Self Financing,N,N,1-405661531,fetchdata,2023-2024,Engineering and Technology,1,1,1,1,Maharashtra,1
1-36445373936,DR. A.D.SHINDE INSTITUTE OF TECHNOLOGY,"GUDDAI, A/P BHADGAON, TAL. GADHINGLAJ, DIST. KOLHAPUR",KOLHAPUR,Private-Self Financing,N,N,1-451985031,fetchdata,2023-2024,Engineering and Technology,1,1,1,1,Maharashtra,1
1-36445374505,R. C. PATEL INSTITUTE OF TECHNOLOGY,"NEAR NIMZARI NAKA,SHAHADA ROAD, SHIRPUR",DHULE,Private-Self Financing,N,Y,1-14601229,fetchdata,2023-2024,Engineering and Technology,1,1,1,1,Maharashtra,1
1-36452623348,"AMRUTVAHINI COLLEGE OF ENGINEERING, SANGAMNER","AMRUTNAGAR, GHULWADI, SANGAMNER , DIST - AHMEDNAGAR",AHMEDNAGAR,Private-Self Financing,N,N,1-7576531,fetchdata,2023-2024,Engineering and Technology,1,1,1,1,Maharashtra,1
1-36454829302,BHARATI VIDYAPEETH DEEMED TO BE UNIVERSITY DEPARTMENT OF ENGINEERING AND TECHNOLOGY OFFCAMPUS,"SECORT NO 7, PLOT NO. 3A CBD BELAPUR, NAVI MUMBAI ",RAIGAD,Deemed to be University(Pvt),N,N,1-4805842241,fetchdata,2023-2024,Engineering and Technology,1,1,1,1,Maharashtra,1
1-36445298344,S K N SINHGAD COLLEGE OF ENGINEERING,"AT POST KORTI, TALUKA PANDHARPUR, PANDHARPUR - KARAD ROAD, DIST SOLAPUR -413304",SOLAPUR,Private-Self Financing,N,N,1-6343361,fetchdata,2023-2024,Engineering and Technology,1,1,1,1,Maharashtra,1
1-36445375378,GOVINDRAO WANJARI COLLEGE OF ENGINEERING & TECHNOLOGY,"148-149, SALAI GODHANI, NEAR CHIKNA VILLAGE, HUDKESHWAR ROAD, NAGPUR",NAGPUR,Private-Self Financing,N,N,1-4776561,fetchdata,2023-2024,Engineering and Technology,1,1,1,1,Maharashtra,1
1-36454866598,"MARATHWADA INSTITUTE OF TECHNOLOGY,AURANGABAD",BEED BY PASS ROAD,AURANGABAD,Private-Self Financing,N,N,1-421178451,fetchdata,2023-2024,Engineering and Technology,1,1,1,1,Maharashtra,1
1-36445340696,EVEREST EDUCATIONAL SOCIETYS GROUP OF INSTITUTIONS,"GUT NO. 187 & 189 OHAR, JATWADA ROAD AURANGABAD",AURANGABAD,Private-Self Financing,N,Y,1-4302111,fetchdata,2023-2024,Engineering and Technology,1,1,1,1,Maharashtra,1
1-36445378754,K. E. SOCIETY'S RAJARAMBAPU INSTITUTE OF TECHNIOLOGY(POLYTECHNIC) LOHAGAON PUNE,"S.NO-35/4,VADAGAON SHINDE ROAD LOHAGAON ,TAL:- HAVELI,DIST:- PUNE.",PUNE,Private-Self Financing,N,N,1-424572491,fetchdata,2023-2024,Engineering and Technology,1,1,1,1,Maharashtra,1
1-36445382113,INSTITUTE OF TECHNOLOGY AND ENGINEERING,MALEGAON (BK),PUNE,Private-Self Financing,N,N,1-454208831,fetchdata,2023-2024,Engineering and Technology,1,1,1,1,Maharashtra,1
1-36446039205,MAULANA MUKHTAR AHMAD NADVI TECHNICAL CAMPUS,"MANSOORA, MALEGAON-MANMAD ROAD,         P.O.BOX 144,",NASHIK,Private-Self Financing,N,Y,1-756920924,fetchdata,2023-2024,Engineering and Technology,1,1,1,1,Maharashtra,1
1-36448053796,JAYAWANTRAO SAWANT COLLEGE OF ENGINEERING,"S.NO. 58, HANDEWADI ROAD, HADAPSAR, PUNE-411028",PUNE,Private-Self Financing,N,N,1-4738886,fetchdata,2023-2024,Engineering and Technology,1,1,1,1,Maharashtra,1
1-36452854654,INDIRA INSTITUTE OF TECHNOLOGY (POLYTECHNIC),GAT NO. 18 & 22 AT POST VISHNUPURI TQ. & DIST. NANDED,NANDED,Private-Self Financing,N,N,1-462119051,fetchdata,2023-2024,Engineering and Technology,1,1,1,1,Maharashtra,1
1-36446114417,KAI PUJYA TRIMBAKAPPA BASAVANTAPPA GIRWALKAR POLYTECHNIC,YESHWANTRAO CHAVAN CHOWK AMBAJOGAI,BEED,Private-Self Financing,N,N,1-511312441,fetchdata,2023-2024,Engineering and Technology,1,1,1,1,Maharashtra,1
1-36446154980,PADMABHOOSHAN VASANTRAODADA PATIL INSTITUTE OF TECHNOLOGY,SANGLI TASGAON ROAD,SANGLI,Private-Self Financing,N,N,1-465762081,fetchdata,2023-2024,Engineering and Technology,1,1,1,1,Maharashtra,1
1-36450871515,SINHGAD TECHNICAL EDUCATION SOCIETY'S SOU. VENUTAI CHAVAN POLYTECHNIC,"S. NO. 44/1, OFF. SINHGAD, ROAD, VADGAON (BK), PUNE",PUNE,Private-Self Financing,N,N,1-419413641,fetchdata,2023-2024,Engineering and Technology,1,1,1,1,Maharashtra,1
1-36450896333,SHATABDI INSTITUTE OF TECHNOLOGY,"AT POST : AGASKHIND, VIA : DEOLALI CAMP-BHAGUR, TAL. SINNAR, DIST : NASHIK PIN : 422 502",NASHIK,Private-Self Financing,N,Y,1-413788101,fetchdata,2023-2024,Engineering and Technology,1,1,1,1,Maharashtra,1
1-36454634799,"SHIVAJI POLYTECHNIC COLLEGE, SANGOLA","SURVEY NO.76/1,77 ,SANGOLA-JATH ROAD SANGOLA",SOLAPUR,Private-Self Financing,N,N,1-462213385,fetchdata,2023-2024,Engineering and Technology,1,1,1,1,Maharashtra,1
1-36445348192,"GURU GOBIND SINGH POLYTECHNIC, NASHIK","KHALSA EDUCATIONAL COMPLEX, WADALA PATHARDI ROAD,GURU GOBIND SINGH MARG, NASHIK - 9",NASHIK,Private-Self Financing,N,N,1-462563721,fetchdata,2023-2024,Engineering and Technology,1,1,1,1,Maharashtra,1
1-36446180560,LATTHE EDUCATION SOCIETY'S POLYTECHNIC,"P-41, MIDC, KUPWAD",SANGLI,Private-Self Financing,N,Y,1-448588381,fetchdata,2023-2024,Engineering and Technology,1,1,1,1,Maharashtra,1
1-36446206161,TECHNICAL AND MEDICAL EDUCATION SOCIETY'S J. T. MAHAJAN POLYTECHNIC FAIZPUR,JIVARAM NAGAR  NHAVIMARG FAIZPUR TAL:- YAWAL DIST:- JALGAON 425524,JALGAON,Private-Self Financing,N,N,1-427627533,fetchdata,2023-2024,Engineering and Technology,1,1,1,1,Maharashtra,1
1-36448153207,CENTRAL INSTITUE OF PETROCHEMICALS ENGINEERING AND TECHNOLOGY,C-10/1 MIDC TADALI CHANDRAPUR,CHANDRAPUR,Government,N,N,1-4847621761,fetchdata,2023-2024,Engineering and Technology,1,1,1,1,Maharashtra,1
1-36445312830,ABHINAV EDUCATION SOCIETYS COLLEGE OF ENGINEERING AND TECHNOLOGY (POLYTECHNIC),"SR. NO.-209, AT-WADWADI POST- WING TAL-KHANDALA DIST-SATARA PIN-412801",SATARA,Private-Self Financing,N,N,1-426985841,fetchdata,2023-2024,Engineering and Technology,1,1,1,1,Maharashtra,1
1-36452017045,INDALA COLLEGE OF ENGINEERING,"NEAR HP GAGANGIRI PETROL PUMP, KALYAN-MURBAD ROAD, BAPSAI, KALYAN (W) - 421301",THANE,Private-Self Financing,N,N,1-4493840561,fetchdata,2023-2024,Engineering and Technology,1,1,1,1,Maharashtra,1
1-36445392104,NIKAM INSTITUTE OF TECHNOLOGY (POLYTECHNIC),"MORANE-GONDURBYPASS ROAD,GONDUR TAL-DIST-DHULE (MS)",DHULE,Private-Self Financing,N,N,1-1461615081,fetchdata,2023-2024,Engineering and Technology,1,1,1,1,Maharashtra,1
1-36449245375,"ANURADHA ENGINEERING COLLEGE, CHIKHLI","ANURADHA NAGAR, SAKEGAON ROAD, CHIKHLI-443201, DIST BULDANA (MAHARASHTRA STATE)",BULDHANA,Private-Self Financing,N,N,1-4878796,fetchdata,2023-2024,Engineering and Technology,1,1,1,1,Maharashtra,1
1-36449270081,S. B. PATIL COLLEGE OF ENGINEERING,"A/P-VANGALI, TAL-INDAPUR, DIST-PUNE 413106",PUNE,Private-Self Financing,N,N,1-9647544,fetchdata,2023-2024,Engineering and Technology,1,1,1,1,Maharashtra,1
1-36452126202,SOMAYYA DIPLOMA IN ENGINEERING,"WADGAON WARD, CHANDRAPUR. (M.S.)",CHANDRAPUR,Private-Self Financing,N,N,1-522899491,fetchdata,2023-2024,Engineering and Technology,1,1,1,1,Maharashtra,1
1-36446469823,"SHRI BHAIRAVNATH NISARG MANDAL'S, DIPLOMA IN ENGINEERING & TECHNOLOGY(POLYTECHNIC)","GUT NO. 93,GEORAI TANDA, PAITHAN ROAD, AURANGABAD",AURANGABAD,Private-Self Financing,N,N,1-412372851,fetchdata,2023-2024,Engineering and Technology,1,1,1,1,Maharashtra,1
1-36452212781,GOVERNMENT COLLEGE OF ENGINEERING YAVATMAL,"DHAMANGAON ROAD,YAVATMAL",YAVATMAL,Government,N,N,1-486569621,fetchdata,2023-2024,Engineering and Technology,1,1,1,1,Maharashtra,1
1-36445358081,DEPARTMENT OF TECHNOLOGY,SAVITRIBAI PHULE PUNE UNIVERSITY,PUNE,Government,N,N,1-5068111051,fetchdata,2023-2024,Engineering and Technology,1,1,1,1,Maharashtra,1
1-36445511238,"VIDYA PRASARAK MANDAL'S POLYTECHNIC, THANE","'JANADWEEPA,' COLLEGE CAMPUS CHENDANI BUNDER ROAD, THANE (W) 400601",THANE,Private-Self Financing,N,N,1-435547521,fetchdata,2023-2024,Engineering and Technology,1,1,1,1,Maharashtra,1
1-36445549867,RAJARSHI SHAHU COLLEGE OF ENGINEERING,"NEAR PALNA GHAR, SHAHU NAGAR, SAGWAN, BULDANA",BULDHANA,Private-Self Financing,N,N,1-5942801,fetchdata,2023-2024,Engineering and Technology,1,1,1,1,Maharashtra,1
1-36448450907,NIT'S LATE ANNASAHEB PATIL POLYTECHNIC,"SVR. NO.155 /1A , HIRAWADI , BEHIND HYDRO DIVISION ,CANOL ROAD ,PANCHAVATI",NASHIK,Private-Self Financing,N,N,1-431327121,fetchdata,2023-2024,Engineering and Technology,1,1,1,1,Maharashtra,1
1-36448451526,SOU SHARDADEVI PANDIT POLYTECHNI INSTITUTE ALANI,AT GADPATI ALANI TQ.& DIST.OSMANABAD,OSMANABAD,Private-Self Financing,N,N,1-475426153,fetchdata,2023-2024,Engineering and Technology,1,1,1,1,Maharashtra,1
1-36452256514,METROPOLITAN INSTITUTE OF TECHNOLOGY AND MANAGEMENT,AT VILLAGE SUKHALWAD NEAR SINDHUDURG RLY. STATION POST ORAS TAL. MALVAN DIST. SINDHDURG,SINDHUDURG,Private-Self Financing,N,N,1-461064671,fetchdata,2023-2024,Engineering and Technology,1,1,1,1,Maharashtra,1
1-36445324475,NANASAHEB  MAHADIK POLYTECHNIC INSTITUTE,GAT NO. 905 A/1 A/P - PETH NAKA,SANGLI,Private-Self Financing,N,N,1-435886003,fetchdata,2023-2024,Engineering and Technology,1,1,1,1,Maharashtra,1
1-36447564124,VILASRAO DESHMUKH COLLEGE OF ENGINEERING & TECHNOLOGY,"SURVEY NO. 121 &  262, AT - MOUDA, TAH. - MOUDA, DIST. - NAGPUR",NAGPUR,Private-Self Financing,N,N,1-14461931,fetchdata,2023-2024,Engineering and Technology,1,1,1,1,Maharashtra,1
1-36448477051,"MARATHWADA MITRA MANDAL'S POLYTECHNIC, THERGAON, PUNE","S.NO. 4/17, SECTOR NO. 34, PCNTDA, OFF KALEWADI ROAD, THERGAON, PUNE",PUNE,Private-Self Financing,N,N,1-421166773,fetchdata,2023-2024,Engineering and Technology,1,1,1,1,Maharashtra,1
1-36448477599,MANOHARBHAI PATEL INSTITUTE OF ENGINEERING & TECHNOLOGY,"N.H.6,SHAHAPUR, BHANDARA",BHANDARA,Private-Self Financing,N,Y,1-3103701,fetchdata,2023-2024,Engineering and Technology,1,1,1,1,Maharashtra,1
1-36449381298,A.G.PATIL POLYTECHNIC INSTITUTE,"18/2/2A PRATAP NAGAR, OPP. SRP CAMP, VIJAPUR ROAD, SOLAPUR",SOLAPUR,Private-Self Financing,N,N,1-425580821,fetchdata,2023-2024,Engineering and Technology,1,1,1,1,Maharashtra,1
1-36451332238,NUTAN COLLEGE OF ENGINEERING AND RESEARCH,"""VISHNUPURI"",TALEGAON DABHADE , TALEGAON STATION TAL MAVAL DIST PUNE",PUNE,Private-Self Financing,N,N,1-413241561,fetchdata,2023-2024,Engineering and Technology,1,1,1,1,Maharashtra,1
1-36452328439,BAJAJ CHANDRAPUR POLYTECHNIC CHANDRAPUR,"BALAJI WARD,NEAR FISH MARKET,",CHANDRAPUR,Private-Self Financing,N,Y,1-475182883,fetchdata,2023-2024,Engineering and Technology,1,1,1,1,Maharashtra,1
1-36445254264,ALL INDIA SHRI SHIVAJI MEMORIAL SOCIETYS POLYTECHNIC,"KENNEDY ROAD, NEAR RTO, PUNE-411001",PUNE,Private-Self Financing,N,N,1-457130041,fetchdata,2023-2024,Engineering and Technology,1,1,1,1,Maharashtra,1
1-36448587717,ALARD COLLEGE OF ENGINEERING & MANAGEMENT,"SURVAY  NO. 50, NEAR RAJEEV GANDHI INFOTECH PARK, PHASE II(HINJEWADI), MARUNJE, PUNE - 411057",PUNE,Private-Self Financing,N,Y,1-6506121,fetchdata,2023-2024,Engineering and Technology,1,1,1,1,Maharashtra,1
1-36451398461,SHRI. SHARADCHANDRA PAWAR POLYTECHNIC,"AT BHILLEWADA, TAH. & DISTT. BHANDARA.",BHANDARA,Private-Self Financing,N,N,1-462880891,fetchdata,2023-2024,Engineering and Technology,1,1,1,1,Maharashtra,1
1-36452370505, BRAHMA VALLEY COLLEGE OF ENGINEERING  AND REASERACH INSTITUTE,"BRAHMA VALLEY CAMPUS,ANJANERI, TRIMBAKESHWAR.",NASHIK,Private-Self Financing,N,N,1-3359847,fetchdata,2023-2024,Engineering and Technology,1,1,1,1,Maharashtra,1
1-36452395127,PRIYADARSHINI BHAGWATI  COLLEGE OF ENGINEERING,"HARPUR NAGAR, UMRER ROAD, NAGPUR - 440009",NAGPUR,Private-Self Financing,N,Y,1-5931571,fetchdata,2023-2024,Engineering and Technology,1,1,1,1,Maharashtra,1
1-36454333378,"VISHWABHARATI ACADEMY'S COLLEGE OF ENGINEERING, AHMEDNAGAR","GAT NO. 171, 145/1, 2 VILLAGE SAROLA BADDI, JAMKHED ROAD, TQ. AHMEDNAGAR DIST.  AHMEDNAGAR",AHMEDNAGAR,Private-Self Financing,N,N,1-7718584,fetchdata,2023-2024,Engineering and Technology,1,1,1,1,Maharashtra,1
1-36445257043,DHARTI JNSEVA PRATISHTHN'S DIPLOMA IN ENGINEERING & TECHNOLOGY INSTITUTE  (POLYTECHNIC),"GUT NO.159, ROHANWADI (AMBEWADI) REOGAON ROAD JALNA",JALNA,Private-Self Financing,N,N,1-502053141,fetchdata,2023-2024,Engineering and Technology,1,1,1,1,Maharashtra,1
1-36445685811,VIDYAVARDHINI'S BHAUSAHEB VARTAK POLYTECHNIC,VASAI ROAD RLY. STATION (W.RLY),THANE,Private-Self Financing,N,N,1-412372261,fetchdata,2023-2024,Engineering and Technology,1,1,1,1,Maharashtra,1
1-36447676622,SHRI SHANKARPRASAD AGNIHOTRI COLLEGE OF ENGINEERING,AGNIHOTRI COLLEGE CAMPUS  BAPUJI WADI SINDI MEGHE WARDHA,WARDHA,Private-Self Financing,N,N,1-15135074,fetchdata,2023-2024,Engineering and Technology,1,1,1,1,Maharashtra,1
1-36448632556,AGNIHOTRI SCHOOL OF TECHNOLOGY,"AGNIHOTRI COLLEGE CAMPUS, BAPUJI WADI , RAMNAGAR, WARDHA",WARDHA,Private-Self Financing,N,N,1-464255611,fetchdata,2023-2024,Engineering and Technology,1,1,1,1,Maharashtra,1
1-36450442231,SANJEEVAN ENGINEERING & TECHNOLOGY INSTITUTE,"SANJEEVAN KNOWLEDGE CITY, SOMWAR PETH, TAL. PANHALA, DIST. KOLHAPUR. PIN 416201",KOLHAPUR,Private-Self Financing,N,N,1-8019451,fetchdata,2023-2024,Engineering and Technology,1,1,1,1,Maharashtra,1
1-36450490191,SANDIPANI TECHNICAL AND MEDICAL EDUCATION INSTITUTE'S SANDIPANI TECHNICAL CAMPUS - FACULTY OF ENGINEERING,"GAT NO.23, MAUJE - KOLPA, TAL. & DIST. LATUR",LATUR,Private-Self Financing,N,N,1-449991893,fetchdata,2023-2024,Engineering and Technology,1,1,1,1,Maharashtra,1
1-36457157168,GURUKUL EDUCATION SOCIETY'S INSTITUTE OF ENGINEERING & TECHNOLOGY,"SURVEY NO.34/1/B &34/2,AT- PHULENAGAR,POST NANDGAON  TAL-NANDGAON, DIST-NASHIK",NASHIK,Private-Self Financing,N,N,1-816340371,fetchdata,2023-2024,Engineering and Technology,1,1,1,1,Maharashtra,1
1-36468569020,FABTECH TECHNICAL CAMPUS - COLLEGE OF ENGINEERING AND RESEARCH,"PANDHARPUR ROAD, GAT NO. 565/1, SANGOLA, TALUKA - SANGOLA,",SOLAPUR,Private-Self Financing,N,N,1-403335391,fetchdata,2023-2024,Engineering and Technology,1,1,1,1,Maharashtra,1
1-36469519503,"MARATHWADA INSTITUTE OF TECHNOLOGY, POLYTECHNIC ROTEGAON","AT. POST. ROTEGAON, NEAR RAILWAY STATION, TQ:VAIJAPUR, DIST:AURANGABAD",AURANGABAD,Private-Self Financing,N,N,1-430159691,fetchdata,2023-2024,Engineering and Technology,1,1,1,1,Maharashtra,1
1-36463977460,DR BABASAHEB AMBEDKAR TECHNOLOGICAL UNIVERSITY INSTITUTE OF PETROCHEMICAL ENGINEERING,"A/P LONERE, TAL - MANGAON, DIST - RAIGAD",RAIGAD,Govt aided,N,N,1-479638061,fetchdata,2023-2024,Engineering and Technology,1,1,1,1,Maharashtra,1
1-36465891165,JSPM NARHE TECHNICAL CAMPUS,"S.NO.12/2/2, 14/9, NARHE",PUNE,Private-Self Financing,N,N,1-448618911,fetchdata,2023-2024,Engineering and Technology,1,1,1,1,Maharashtra,1
1-36465918079,"SHANTI EDUCATION SOCIETY'S, A.G. PATIL INSTITUTE OF TECHNOLOGY","18(2/2A), PRATAP NAGAR, SOREGAON TAL : NORTH SOLAPUR DIST. : SOLAPUR",SOLAPUR,Private-Self Financing,N,N,1-2142081,fetchdata,2023-2024,Engineering and Technology,1,1,1,1,Maharashtra,1
1-36466820983,SHRI SOMESHWAR SHIKSHAN PRASARAK MANDALS SHARADCHANDRA PAWAR INSTITUTE OF TECHNOLOGY SOMESHWARNAGAR,"GAT. NO.-53,WAGHALWADI,POST-SOMESHWARNAGAR,TAL-BARAMATI,DIST-PUNE,412306",PUNE,Private-Self Financing,N,N,1-433763741,fetchdata,2023-2024,Engineering and Technology,1,1,1,1,Maharashtra,1
1-36466821521,SF'S SANDIP INSTITUTE OF TECHNOLOGY AND RESEARCH CENTRE,"TRIMBAK ROAD, MAHIRAVANI, NASHIK - 422213, MAHARASHTRA",NASHIK,Private-Self Financing,N,N,1-2942871,fetchdata,2023-2024,Engineering and Technology,1,1,1,1,Maharashtra,1
1-36466850370,SAIKRUPA POLYTECHNIC,SURVEY NO.244 GHARGAON TAH SHRIGONDA DIST. AHAMDANAGAR,AHMEDNAGAR,Private-Self Financing,N,N,1-476653971,fetchdata,2023-2024,Engineering and Technology,1,1,1,1,Maharashtra,1
1-36468636381,"SHRIRAM INSTITUTE OF ENGINEERING AND TECHNOLOGY(POLYTECHNIC), PANIV","AT/P - PANIV, TAL- MALSHIRAS, DIST - SOLAPUR",SOLAPUR,Private-Self Financing,N,N,1-440681303,fetchdata,2023-2024,Engineering and Technology,1,1,1,1,Maharashtra,1
1-36461271751,"V.J.SHINDE POLYTENIC COLLEGE, OSMANABAD","VARUDA ROAD, OSMANABAD",OSMANABAD,Private-Self Financing,N,N,1-524787191,fetchdata,2023-2024,Engineering and Technology,1,1,1,1,Maharashtra,1
1-36463073869,DR. A. D. SHINDE COLLEGE OF ENGINEERING,GUDDAI A/P: BHADGAON TAL: GADHINGLAJ DIST : KOLHAPUR,KOLHAPUR,Private-Self Financing,N,N,1-2183608891,fetchdata,2023-2024,Engineering and Technology,1,1,1,1,Maharashtra,1
1-36467856226,G. M. VEDAK INSTITUTE OF TECHNOLOGY,"AT POST AND TALUKA TALA, DIST RAIGAD, MAHARASHTRA",RAIGAD,Private-Self Financing,N,N,1-526668681,fetchdata,2023-2024,Engineering and Technology,1,1,1,1,Maharashtra,1
1-36461302138,ST. XAVIER'S TECHNICAL INSTITUTE,"MAHIM CAUSEWAY, MAHIM(WEST), MUMBAI 400016",MUMBAI CITY,Govt aided,N,Y,1-413785501,fetchdata,2023-2024,Engineering and Technology,1,1,1,1,Maharashtra,1
1-36462209917,"TRINITY POLYTECHNIC, PUNE","S.NO.25 & 27, KONDHAWA-SASWAD ROAD, NEAR BOPDEV GHAT, PUNE",PUNE,Private-Self Financing,N,N,1-2064632551,fetchdata,2023-2024,Engineering and Technology,1,1,1,1,Maharashtra,1
1-36454936556,COLLEGE OF ENGINEERING,"SOLAPUR ROAD, OSMANABAD 413501",OSMANABAD,Private-Self Financing,N,N,1-6908013,fetchdata,2023-2024,Engineering and Technology,1,1,1,1,Maharashtra,1
1-36454962286,RAJENDRA MANE COLLEGE OF ENGINEERING & TECHNOLOGY,"A/P- AMBAV, DEVRUKH, TAL- SANGMESHWAR, DIST- RATNAGIRI",RATNAGIRI,Private-Self Financing,N,N,1-3885153,fetchdata,2023-2024,Engineering and Technology,1,1,1,1,Maharashtra,1
1-36460408915,RASIKLAL M. DHARIWAL INSTITUTE OF TECHNOLOGY,"FATTECHAND MARG, CHINCHWADGAON",PUNE,Private-Self Financing,N,Y,1-445042521,fetchdata,2023-2024,Engineering and Technology,1,1,1,1,Maharashtra,1
1-36461345631,DR.D.Y.PATIL PRATISHTHAN'S CO,"R. S. NO. 865 A-WARD, SALOKHE NAGAR, KOLHAPUR",KOLHAPUR,Private-Self Financing,N,N,1-2194159151,fetchdata,2023-2024,Engineering and Technology,1,1,1,1,Maharashtra,1
1-36462257932,DR. D. Y. PATIL INSTITUTE OF ENGINEERING MANAGEMENT  RESEARCH,"SECTOR 29, PCNTDA,(RAVET), NIGDI PRADHIKARAN, PUNE 411044",PUNE,Private-Self Financing,N,N,1-788052211,fetchdata,2023-2024,Engineering and Technology,1,1,1,1,Maharashtra,1
1-36463142106,TAKSHASHILA POLYTECHNIC. AMRAVATI,"UTTAM NAGAR, TQ.AMRAVATI, DIST.AMRAVATI (M.S.)444606",AMRAVATI,Private-Self Financing,N,N,1-2061229791,fetchdata,2023-2024,Engineering and Technology,1,1,1,1,Maharashtra,1
1-36455039035,SSBT'S COLLEGE OF ENGINEERING & TECHNOLOGY,"POST BOX NO. 94 N.H. 6, BAMBHORI, JALGAON 425 001 MAHARASHTRA STATE",JALGAON,Private-Self Financing,N,N,1-8773881,fetchdata,2023-2024,Engineering and Technology,1,1,1,1,Maharashtra,1
1-36456463294,VIDYA PRATISHTHAN'S POLYTECHNIC COLLEGE,"VIDYANAGARI, TARANGWADI",PUNE,Private-Self Financing,N,N,1-440610371,fetchdata,2023-2024,Engineering and Technology,1,1,1,1,Maharashtra,1
1-36456507911,GOKHALE EDUCATION SOCIETY'S SIR DR. M. S. GOSAVI POLYTECHNIC INSTITUTE,"G.E.SOCIETY'S BYTCO COLLEGE CAMPUS,  NASIK ROAD, NASIK",NASHIK,Private-Self Financing,N,N,1-2871856381,fetchdata,2023-2024,Engineering and Technology,1,1,1,1,Maharashtra,1
1-36461433362,M B E SOCIETY'S COLLEGE OF ENGINEERING AMBAJOGAI,"MOREWADI, NEAR YESHWANTRAO CHAVAN CIRCLE, AMBAJOGAI, TQ:AMBAJOGAI, DIST: BEED (MS)-431517",BEED,Private-Self Financing,N,N,1-4969921,fetchdata,2023-2024,Engineering and Technology,1,1,1,1,Maharashtra,1
1-36461457241,OM POLYTECHNIC COLLEGE,"SURVEY NO. 79 & 85, MOUZA - PARSODI, TAH. - UMRED, DIST. - NAGPUR",NAGPUR,Private-Self Financing,N,N,1-437703501,fetchdata,2023-2024,Engineering and Technology,1,1,1,1,Maharashtra,1
1-36461499765,SANJIVANI RURAL EDUCATION SOCIETY`S SANJIVANI COLLEGE OF ENGINEERING,AT: SAHAJANANDNAGAR POST- SHINGNAPUR TAL:-KOPARGAON DIST: AHMEDANAGR-423 603,AHMEDNAGAR,Private-Self Financing,N,N,1-2896661,fetchdata,2023-2024,Engineering and Technology,1,1,1,1,Maharashtra,1
1-36460607822,MARATHWADA MITRA MANDAL'S INSTITUTE OF TECHNOLOGY,"S. NO. 35, PLOT NO. 5/6, LOHGAON, PUNE -411032",PUNE,Private-Self Financing,N,N,1-9847593,fetchdata,2023-2024,Engineering and Technology,1,1,1,1,Maharashtra,1
1-36460608407,"""SNJB'S SHRI. HIRALAL HASTIMAL (JAIN BROTHERS, JALGAON) POLYTECHNIC""","NEMINAGAR, A/P:CHANDWAD TAL: CHANDWAD DIST: NASHIK PIN:423101 MAHARASHTRA",NASHIK,Private-Self Financing,N,Y,1-424721011,fetchdata,2023-2024,Engineering and Technology,1,1,1,1,Maharashtra,1
1-36461523654,AL-AMEEN EDUCATIONAL & MEDICAL FOUNDATION'S COLLEGE OF ENGINEERING & MANAGEMENT STUDIES,"PIMPLE JAGTAP ROAD,SHARAD CAMPUS",PUNE,Private-Self Financing,N,Y,1-7386063,fetchdata,2023-2024,Engineering and Technology,1,1,1,1,Maharashtra,1
1-36461568809,PADMASHRI DR. V.B.  KOLTE   COLLEGE  OF ENGINEERING,"MALKAPUR-443 101,  DISTT. BULDANA.",BULDHANA,Private-Self Financing,N,N,1-4781081,fetchdata,2023-2024,Engineering and Technology,1,1,1,1,Maharashtra,1
1-36465248927,N. B. NAVALE SINHGAD COLLEGE OF ENGINEERING,"AT POST KEGAON, SOLAPUR - PUNE NATIONAL HIGHWAY, DIST SOLAPUR, MAHARASHTRA,  PIN- 413256",SOLAPUR,Private-Self Financing,N,N,1-2945211,fetchdata,2023-2024,Engineering and Technology,1,1,1,1,Maharashtra,1
1-36267068524,AABASAHEB SHIVAJIRAO SITARAM PATIL INSTITUTE OF  POLYTECHNIC,AT. CHINCHPURA PO. PIMPRI TAL. DHARANGAON DIST. JALGAON,JALGAON,Private-Self Financing,N,N,1-457940921,fetchdata,2023-2024,Engineering and Technology,1,1,1,1,Maharashtra,1
1-36458698495,BABASAHEB NAIK COLLEGE OF ENGINEERING,"KAKADATI, KARLA ROAD, PUSAD DIST.YAVATMAL (MS)",YAVATMAL,Private-Self Financing,N,N,1-4318017,fetchdata,2023-2024,Engineering and Technology,1,1,1,1,Maharashtra,1
1-36460634118,NIT POLYTECHNIC,"SURVEY NO. 13/2, MAHURZARI, NEAR FETRI, KATOL ROAD, NAGPUR",NAGPUR,Private-Self Financing,N,N,1-407026971,fetchdata,2023-2024,Engineering and Technology,1,1,1,1,Maharashtra,1
1-36461569461,SWAMINARAYAN SIDDHANTA INSTITUTE OF TECHNOLOGY,"NAGPUR KATOL HIGHWAY, KHAPRI (KOTHE), TAH. KALMESHWAR, DIST. NAGPUR",NAGPUR,Private-Self Financing,N,N,1-15322531,fetchdata,2023-2024,Engineering and Technology,1,1,1,1,Maharashtra,1
1-36267136081,V J POLYTECHNIC,"AT- KHAMONA, TAH.- RAJURA, DIST.- CHANDRAPUR",CHANDRAPUR,Private-Self Financing,N,N,1-510112701,fetchdata,2023-2024,Engineering and Technology,1,1,1,1,Maharashtra,1
1-36458769634,"KONKAN GYANPEETH COLLEGE OF ENGINEERING, KARJAT","VENGAON ROAD, DAHIVALI, TALUKA - KARJAT, DISTRICT - RAIGAD, MAHARASHTRA (INDIA) PIN - 410201",RAIGAD,Private-Self Financing,N,N,1-8209546,fetchdata,2023-2024,Engineering and Technology,1,1,1,1,Maharashtra,1
1-36459694240,SHRI. SHIVAJIRAO DESHMUKH INSTITUTE OF TECHNOLOGY,"AT/POST- RED, SHIRALA, TAL- SHIRALA, DIST- SANGLI PIN-415408",SANGLI,Private-Self Financing,N,N,1-477659611,fetchdata,2023-2024,Engineering and Technology,1,1,1,1,Maharashtra,1
1-36459735738,SUMAN RAMESH TULSIANI TECHNICAL CAMPUS- FACULTY OF ENGINEERING,"GAT NO. 81,82,91,92,94,97,99,101,102 & 106(PART)",PUNE,Private-Self Financing,N,N,1-835210071,fetchdata,2023-2024,Engineering and Technology,1,1,1,1,Maharashtra,1
1-36460718998,"BAPURAO DESHMUKH COLLEGE OF ENGINEERING, SEWAGRAM",AT-SEWAGRAM TAH & DIST. -WARDHA MAHARASHTRA PIN. 442 102,WARDHA,Private-Self Financing,N,N,1-3548701,fetchdata,2023-2024,Engineering and Technology,1,1,1,1,Maharashtra,1
1-36463509015,NAGPUR INSTITUTE OF TECHNOLOGY,"SURVEY NO. 13/2, MAHURZARI, NEAR FETARI, KATOL ROAD, NAGPUR-441501",NAGPUR,Private-Self Financing,N,N,1-4830701,fetchdata,2023-2024,Engineering and Technology,1,1,1,1,Maharashtra,1
1-36267201552,"HINDI SEVA MANDAL'S , SHRI SANT GADGE BABA COLLEGE OF ENGINEERING & TECHNOLOGY, BHUSAWAL.","NEAR Z.T.C., BHUSAWAL, DIST.- JALGAON. STATE-MAHARASHTRA",JALGAON,Private-Self Financing,N,Y,1-3140633,fetchdata,2023-2024,Engineering and Technology,1,1,1,1,Maharashtra,1
1-36458770452,INSTITUTE OF CIVIL AND RURAL ENGINEERING,"SHRI MOUNI VIDYAPEETH, MURALIDHAR NAGAR, GARGOTI, TAL- BHUDARGAD",KOLHAPUR,Govt aided,N,N,1-439989421,fetchdata,2023-2024,Engineering and Technology,1,1,1,1,Maharashtra,1
1-36456771048,SHRIMAN BHAUSAHEB ZADBUKE INSTITUTE OF POLYTECHNIC,"GAT NO. 280,282,273,275,276 , AT.- PURI POST-GHARI",SOLAPUR,Private-Self Financing,N,N,1-460091841,fetchdata,2023-2024,Engineering and Technology,1,1,1,1,Maharashtra,1
1-36459782326,GENBA SOPANRAO MOZE COLLEGE OF ENGINEERING,"S. NO. 25/1/3, BALEWADI,PUNE",PUNE,Private-Self Financing,N,N,1-2055561,fetchdata,2023-2024,Engineering and Technology,1,1,1,1,Maharashtra,1
1-36459826104,"SHIVGANGA CHARITABLE TRUST, SANGLI'S VISHVESHWARYA TECHNICAL CAMPUS, FACULTY OF DIPLOMA ENGINEERING, PATGAON, MIRAJ.","AT/POST-PATGAON, MIRAJ-PANDHARPUR ROAD,",SANGLI,Private-Self Financing,N,N,1-835070791,fetchdata,2023-2024,Engineering and Technology,1,1,1,1,Maharashtra,1
1-36459849782,JBES'S RAJIV GANDHI POLYTECHNIC,"SURYAPRAKASH SANKUL,S.NO.-108,ZIRAPWADI,PHALTAN GIRVI ROAD",SATARA,Private-Self Financing,N,N,1-479296511,fetchdata,2023-2024,Engineering and Technology,1,1,1,1,Maharashtra,1
1-36467449747,LAXMINARAYAN INSTITUTE OF TECHNOLOGY,"OPP. BHARAT NAGAR, AMRAVATI ROAD",NAGPUR,State Government University,N,N,1-536924901,fetchdata,2023-2024,Engineering and Technology,1,1,1,1,Maharashtra,1
1-36467450296,SHRI MUKUNDRAO PANNASE POLYTECHNIC,"K.NO 42, PH.62 AT MAUZA MONDHA, PANJARI, HINGANA, NAGPUR.",NAGPUR,Private-Self Financing,N,N,1-522894761,fetchdata,2023-2024,Engineering and Technology,1,1,1,1,Maharashtra,1
1-36468350594,KASEGAON EDUCATION SOCIETYS RAJARAMBAPU INSTITUTE OF TECHNOLOGY,"RAJARAMNAGAR, SAKHARALE, TAL. WALWA, DIST. SANGLI",SANGLI,Private-Self Financing,N,N,1-5373023,fetchdata,2023-2024,Engineering and Technology,1,1,1,1,Maharashtra,1
1-36267410549,RAJ LAXMI FOUNDATION'S  SAHAKAR MAHARSHI RAJARAM BAPU PATIL POLYTECHNIC INSTITUTE,"GAT NO. 190/2 , MADADGAON (TAKALI-KAJI), TAL & DIST AHMEDNAGAR.",AHMEDNAGAR,Private-Self Financing,N,N,1-473977601,fetchdata,2023-2024,Engineering and Technology,1,1,1,1,Maharashtra,1
1-36267480084,PILLAI HOC COLLEGE OF ENGINEERING AND TECHNOLOGY,"PILLAI'S HOCL EDUCATIONAL CAMPUS, RASAYANI, KHALAPUR, VIA PANVEL, RAIGAD",RAIGAD,Private-Self Financing,N,Y,1-6758589,fetchdata,2023-2024,Engineering and Technology,1,1,1,1,Maharashtra,1
1-36458927376,"MAHATMA GANDHI MISSION'S ,JAWAHARLAL NEHRU ENGINEERING COLLEGE","N-6,CIDCO,AURANGABAD- 431003",AURANGABAD,Private-Self Financing,N,N,1-5377821,fetchdata,2023-2024,Engineering and Technology,1,1,1,1,Maharashtra,1
1-36459850288,SHRI KRISHNARAO PANDAV POLYTECHNIC,BAHADURA,NAGPUR,Private-Self Financing,N,N,1-475221403,fetchdata,2023-2024,Engineering and Technology,1,1,1,1,Maharashtra,1
1-36466563160,GHARDA FOUNDATION'S GHARDA INSTITUTE OF TECHNOLOGY,"AT & POST:LAVEL, TALUKA: KHED, DISTRICT. RATNAGIRI, MAHARASHTRA, PIN: 415 708.",RATNAGIRI,Private-Self Financing,N,N,1-5277521,fetchdata,2023-2024,Engineering and Technology,1,1,1,1,Maharashtra,1
1-36467493533,FR. CONCEICAO RODRIGUES COLLEGE OF ENGINEERING,"FR. AGNEL ASHRAM, BANDSTAND, BANDRA(W)",MUMBAI SUBURBAN,Private-Self Financing,N,Y,1-4317814,fetchdata,2023-2024,Engineering and Technology,1,1,1,1,Maharashtra,1
1-36267480984,INDIRA INSTITUTE OF DIPLOMA ENGINEERING,"A/P: SASURE-VAIRAG GAT NO. 67,DHENGALE-PATIL NAGAR TAL: BARSHI DIST: SOLAPUR",SOLAPUR,Private-Self Financing,N,N,1-478133211,fetchdata,2023-2024,Engineering and Technology,1,1,1,1,Maharashtra,1
1-36455064458, SHREE SIDHIVINAYAK POLYTECHNIC,"SUR. NO. 86/1,,SIDHATEK BERDI, TAL. KARJAT,, AHMADNAGAR-414403",AHMEDNAGAR,Private-Self Financing,N,N,1-476125311,fetchdata,2023-2024,Engineering and Technology,1,1,1,1,Maharashtra,1
1-36459026034,DATTAKALA GROUP OF INSTITUTIONS,"GAT NO. 541/2, 527 OFF.PUNE-SOLAPUR HIGHWAY NO. 9, A/P-SWAMI-CHINCHOLI, TAHSIL - DAUND, DIST-PUNE PIN-413130",PUNE,Private-Self Financing,N,N,1-5986711,fetchdata,2023-2024,Engineering and Technology,1,1,1,1,Maharashtra,1
1-36466604868,"SHARAD INSTITUTE OF TECHNOLOGY, POLYTECHNIC, YADRAV","GAT NO. 476/A, JAY-SANGLI NAKA, YADRAV-ICHALKARANJI, TAL- SHIROL,DIST - KOLHAPUR",KOLHAPUR,Private-Self Financing,N,N,1-415341911,fetchdata,2023-2024,Engineering and Technology,1,1,1,1,Maharashtra,1
1-36467651034,"SWAMI VIVEKANAND POLYTECHNIC,JOLA.","AT JOLA ,  POST DEVGAON, TQ- KAIJ,DIST- BEED, ST- MAHARASHTRA.",BEED,Private-Self Financing,N,N,1-500892721,fetchdata,2023-2024,Engineering and Technology,1,1,1,1,Maharashtra,1
1-36455157985,DR.D.Y.PATIL POLYTECHNIC,KASABA BAVADA,KOLHAPUR,Private-Self Financing,N,N,1-435573621,fetchdata,2023-2024,Engineering and Technology,1,1,1,1,Maharashtra,1
1-36456118945,KALYANI CHARITABLE TRUST'S LATE G.N.SAPKAL COLLEGE OF ENGINEERING,"SAPKAL KNOWLEDGE HUB,KALYANI HILLS, ANJANERI-WADHOLI,TAL.TRIMBAKESHWAR,DIST.NASHIK (M.S.) PIN-422 212",NASHIK,Private-Self Financing,N,N,1-7351948,fetchdata,2023-2024,Engineering and Technology,1,1,1,1,Maharashtra,1
1-36488000155,"S B JAIN INSTITUTE OF TECHNOLOGY, MANAGEMENT AND RESEARCH"," BEHIND ASARAM BAPU ASHRAM, GRAM -YERALA, KATOL ROAD, NAGPUR",NAGPUR,Private-Self Financing,N,Y,1-6383362,fetchdata,2023-2024,Engineering and Technology,1,1,1,1,Maharashtra,1
1-36492979147,MADHUKARRAO PANDAV COLLEGE OF ENGINEERING,AT-BHILEWADA DIST.-BHANDARA (M.S.),BHANDARA,Private-Self Financing,N,N,1-22995711,fetchdata,2023-2024,Engineering and Technology,1,1,1,1,Maharashtra,1
1-36493020437,Y. B. PATIL POLYTECHNIC,"PCNTDA, SECTOR-29, AKURDI",PUNE,Private-Self Financing,N,N,1-434118461,fetchdata,2023-2024,Engineering and Technology,1,1,1,1,Maharashtra,1
1-36495978177,GURU NANAK INSTITUTE OF TECHNOLOGY,"KHASARA NO. 94, MOUZA DAHEGAON, KALMESHWAR ROAD, NAGPUR",NAGPUR,Private-Self Financing,N,Y,1-7810573,fetchdata,2023-2024,Engineering and Technology,1,1,1,1,Maharashtra,1
1-36499069754,K.B.S.S'S.VAIRAG.R.R.POLYTECHNIC HASEGAON(K) TQ-KALLAM DIST-OSMANABAD.,A/P-HASEGAON(K).TQ-KALLAM. DIST-OSMANABAD.STATE-MAHARASHTRA.,OSMANABAD,Private-Self Financing,N,N,1-494480521,fetchdata,2023-2024,Engineering and Technology,1,1,1,1,Maharashtra,1
1-36485099043,BHARATI VIDYAPEETH'S JAWAHARLAL NEHRU INSTITUTE OF TECHNOLOGY,"PUNE SATARA ROAD, DHANKAWADI",PUNE,Private-Self Financing,N,N,1-414751622,fetchdata,2023-2024,Engineering and Technology,1,1,1,1,Maharashtra,1
1-36491077941,"SOLAPUR EDUCATION SOCIETY'S POLYTECHNIC, SOLAPUR","SAMRAT CHOWK, BUDHWAR PETH",SOLAPUR,Private-Self Financing,N,N,1-433952121,fetchdata,2023-2024,Engineering and Technology,1,1,1,1,Maharashtra,1
1-36495028470,"SMT. RADHIKATAI PANDAV COLLEGE OF ENGINEERING,","NEAR DIGHORI NAKA, UMRER ROAD, NAGPUR",NAGPUR,Private-Self Financing,N,N,1-6154233,fetchdata,2023-2024,Engineering and Technology,1,1,1,1,Maharashtra,1
1-36495054481,PVG'S MAHARASHTRA INSTITUTE OF PRINTING TECHNOLOGY,"1786,SADASHIV PETH,PUNE",PUNE,Govt aided,N,N,1-479033741,fetchdata,2023-2024,Engineering and Technology,1,1,1,1,Maharashtra,1
1-36497017860,AGNIHOTRI POLYTECHNIC,"NAGTHANA ROAD, NEAR BYPASS HIGHWAY, SINDI (MEGHE), WARDHA",WARDHA,Private-Self Financing,N,N,1-463964011,fetchdata,2023-2024,Engineering and Technology,1,1,1,1,Maharashtra,1
1-36498066937,DON BOSCO INSTITUTE OF TECHNOLOGY,"PREMIER AUTOMOBILES ROAD, KURLA W - MUMBAI - 400 070",MUMBAI SUBURBAN,Private-Self Financing,N,Y,1-2942301,fetchdata,2023-2024,Engineering and Technology,1,1,1,1,Maharashtra,1
1-36490162460,"SMT.SHARCHCHANDRIKA SURESH PATIL INSTITUTE OF TECHNOLOGY (POLYTECHNIC), CHOPDA","MGSM'S CAMPUS, YAWAL ROAD, CHOPDA",JALGAON,Private-Self Financing,N,N,1-460448591,fetchdata,2023-2024,Engineering and Technology,1,1,1,1,Maharashtra,1
1-36496072384,"VISHWATMAK JANGLI MAHARAJ ASHRAM TRUST(KOKAMTHAN),ATMA MALIK INSTITUTE OF TECHNOLOGY  & RESEARCH.","AATGAON ,TANSA - AGHAI ROAD,",THANE,Private-Self Financing,N,N,1-481028141,fetchdata,2023-2024,Engineering and Technology,1,1,1,1,Maharashtra,1
1-36497105629,GOVERNMENT POLYTECHNIC NAGPUR,"MANGALWARI BAZAR, SADAR NAGPUR",NAGPUR,Government,N,N,1-499418051,fetchdata,2023-2024,Engineering and Technology,1,1,1,1,Maharashtra,1
1-36499180785,RAJENDRA JOTIRAM PHULE POLYTECHNIC,"BELGAON ROAD, MIRAJGAON, TAL : KARJAT DIST : AHMEDNAGAR",AHMEDNAGAR,Private-Self Financing,N,N,1-497473291,fetchdata,2023-2024,Engineering and Technology,1,1,1,1,Maharashtra,1
1-36486334969,DR. J.J. MAGDUM COLLEGE OF ENGINEERING.,"GAT NO.-314/330.AGAR BHAG, SHIROLWADI ROAD.",KOLHAPUR,Private-Self Financing,N,N,1-4190011,fetchdata,2023-2024,Engineering and Technology,1,1,1,1,Maharashtra,1
1-36489189305,"VIDYA VIKAS PRATISHTHAN POLYTECHNIC,SOLAPUR","GAT NO 72/2 PRATAPNAGAR, SOREGAON-DONGAON ROAD SOREGAON SOLAPUR",SOLAPUR,Private-Self Financing,N,N,1-409588801,fetchdata,2023-2024,Engineering and Technology,1,1,1,1,Maharashtra,1
1-36492179209,RAMRAO ADIK INSTITUTE OF TECHNOLOGY,"DR D. Y. PATIL, VIDYANAGAR, SECTOR 7, NERUL",THANE,Private-Self Financing,N,N,1-4274281,fetchdata,2023-2024,Engineering and Technology,1,1,1,1,Maharashtra,1
1-36494102473,"PADMABHOOSHAN VASANTDADA PATIL INSTITUTE OF TECHNOLOGY, PUNE","SR. NO. 33/22, BAVDHAN (KHURD) OFF PIRANGUT ROAD, NEAR CHANDANI CHOWK, BAVDHAN, PUNE 21",PUNE,Private-Self Financing,N,N,1-4068259,fetchdata,2023-2024,Engineering and Technology,1,1,1,1,Maharashtra,1
1-36496167132,G. H. RAISONI INSTITUTE OF ENGINEERING & TECHNOLOGY,"37-39/1, SHRADHA PARK, HARIGANGA, HINGANA - WADI LINK ROAD, NAGPUR-16",NAGPUR,Private-Self Financing,N,Y,1-8811246,fetchdata,2023-2024,Engineering and Technology,1,1,1,1,Maharashtra,1
1-36486360121,JAYWANT COLLEGE OF ENGINEERING AND POLYTECHNIC,"GAT NO,319/1,320,KILLEMACHNDRAGAD TAL- WALWA DIST- SANGLI",SANGLI,Private-Self Financing,N,N,1-487157891,fetchdata,2023-2024,Engineering and Technology,1,1,1,1,Maharashtra,1
1-36486385783,COEP TECHNOLOGICAL UNIVERSITY,"WELLESLY ROAD, SHIVAJINAGAR, PUNE",PUNE,State Government University,N,N,1-14626132,fetchdata,2023-2024,Engineering and Technology,1,1,1,1,Maharashtra,1
1-36487316221,"DNYANESHWAR POLYTECHNIC, BHANASHIVARE","AT POST BHANASHIVARE, TAL-NEWASA",AHMEDNAGAR,Private-Self Financing,N,N,1-453861811,fetchdata,2023-2024,Engineering and Technology,1,1,1,1,Maharashtra,1
1-36492289509,JAWAHARLAL DARDA INSTITUTE OF ENGINEERING & TECHNOLOGY,"M.I.D.C., LOHARA,  YAVATMAL-445001.",YAVATMAL,Private-Self Financing,N,Y,1-4243471,fetchdata,2023-2024,Engineering and Technology,1,1,1,1,Maharashtra,1
1-36494170132,BRAHMA VALLEY COLLEGE OF TECHNICAL EDUCATION,"G.NO. 592/B, VILLAGE-ANJANERI, TAL. TRIMBAKESHWAR",NASHIK,Private-Self Financing,N,N,1-449295711,fetchdata,2023-2024,Engineering and Technology,1,1,1,1,Maharashtra,1
1-36496216415,"PROGRESSIVE EDUCATION SOCIETY'S MODERN COLLEGE OF ENGINEERING, PUNE","1186 A, SHIVAJINAGAR, OFF. J.M. ROAD, TAL: HAVELI, PUNE-411005, MAHARASHTRA, INDIA",PUNE,Private-Self Financing,N,N,1-4779181,fetchdata,2023-2024,Engineering and Technology,1,1,1,1,Maharashtra,1
1-36486410508,SHREE RAMCHANDRA COLLEGE OF ENGINNERING,"GUT NO-351/353, AT POST LONIKAND, TAL HAVELI, DIST PUNE.",PUNE,Private-Self Financing,N,N,1-423117483,fetchdata,2023-2024,Engineering and Technology,1,1,1,1,Maharashtra,1
1-36487369032,D. Y. PATIL COLLEGE OF ENGINEERING & TECHNOLOGY,"KASABA - BAVADA, KOLHAPUR.",KOLHAPUR,Private-Self Financing,N,N,1-5880923,fetchdata,2023-2024,Engineering and Technology,1,1,1,1,Maharashtra,1
1-36491323911,DR. N. J. PAULBUDHE INSTITUTE OF TECHNOLOGY,"SURVEY NO. 479, A/P- NARAYANDOHO, TAL, DIST- AHMEDNAGAR",AHMEDNAGAR,Private-Self Financing,N,N,1-474113981,fetchdata,2023-2024,Engineering and Technology,1,1,1,1,Maharashtra,1
1-36493307882,BHARATI VIDYAPEETH INSTITUTE OF TECHNOLOGY,"SECTOR-7, C.B.D., BELPADA, OPP. KHARGHAR RAILWAY STATION, NAVI MUMBAI",THANE,Private-Self Financing,N,N,1-401936901,fetchdata,2023-2024,Engineering and Technology,1,1,1,1,Maharashtra,1
1-36494288399,J.T. MAHAJAN COLLEGE OF ENGINEERING,"JIVRAMNAGAR, NHAVI-MARG, MSSK, FAIZPUR, TEHSIL - YAWAL, DISTRICT - JALGAON",JALGAON,Private-Self Financing,N,N,1-2056282,fetchdata,2023-2024,Engineering and Technology,1,1,1,1,Maharashtra,1
1-36497320583,"COLLEGE OF ENGINEERING & TECHNOLOGY, NORTH MAHARASHTRA KNOWLEDGE CITY, JALGAON",GAT NO. 166 BAMBHORI TAL. DHARANGAON DIST.  JALGAON,JALGAON,Private-Self Financing,N,N,1-456316141,fetchdata,2023-2024,Engineering and Technology,1,1,1,1,Maharashtra,1
1-36494360707,JSPM'S RAJARSHI SHAHU COLLEGE OF ENGINEERING,"S. NO. 80, PUNE-MUMBAI BYPASS HIGHWAY, TATHAWADE, PUNE-411033",PUNE,Private-Self Financing,N,N,1-8068015,fetchdata,2023-2024,Engineering and Technology,1,1,1,1,Maharashtra,1
1-36497386575,G. E. SOCIETY'S KATGARA POLYTECHNIC INSTITUTE,"AT POST BORDI,  TAL. DAHANU",THANE,Private-Self Financing,N,N,1-493178931,fetchdata,2023-2024,Engineering and Technology,1,1,1,1,Maharashtra,1
1-36485516795,SANJAY EDUCATION SOCIETY'S POLYTECHNIC,A/P WADIBHOKAR,DHULE,Private-Self Financing,N,N,1-429487061,fetchdata,2023-2024,Engineering and Technology,1,1,1,1,Maharashtra,1
1-36496377368,MET'S INSTITUTE OF ENGINEERING,"BHUJBAL KNOWLEDGE CITY, ADGAON",NASHIK,Private-Self Financing,N,N,1-4441835,fetchdata,2023-2024,Engineering and Technology,1,1,1,1,Maharashtra,1
1-36496420191,GURU SAI POLYTECHNIC,"MOUZA - DATALA, RAMNAGAR, DATALA SQUARE, TAH. & DIST. - CHANDRAPUR",CHANDRAPUR,Private-Self Financing,N,N,1-467476193,fetchdata,2023-2024,Engineering and Technology,1,1,1,1,Maharashtra,1
1-36488521903,"SHRI SHIVAJI VIDYA PRASARAK SANSTHA'S LATE BAPUSAHEB SHIVAJIRAO DEORE POLYTECHNIC, DHULE","VIDYANAGARI DEOPUR, DHULE",DHULE,Private-Self Financing,N,N,1-424082301,fetchdata,2023-2024,Engineering and Technology,1,1,1,1,Maharashtra,1
1-36490519652,BABASAHEB PHADTARE POLYTECHNIC,"SR.NO.40/1KALAMB-WALCHANDNAGAR, TALUKA - INDAPUR, DISTRICT - PUNE",PUNE,Private-Self Financing,N,N,1-425517941,fetchdata,2023-2024,Engineering and Technology,1,1,1,1,Maharashtra,1
1-36492508172,"TRINITY ACADEMY OF ENGINEERING, PUNE","S.NO.25 & 27,AT-PISOLI,POST-YEWALEWADI,NEAR BOPDEVGHAT,TAL-HAVELI,PUNE.",PUNE,Private-Self Financing,N,N,1-3450001,fetchdata,2023-2024,Engineering and Technology,1,1,1,1,Maharashtra,1
1-36493492412,SHIVAJIRAO S JONDHLE POLYTECHNIC,OPP ASANGAON RLY STATION ASANGAON NEAR GURUDWARA,THANE,Private-Self Financing,N,N,1-460597801,fetchdata,2023-2024,Engineering and Technology,1,1,1,1,Maharashtra,1
1-36497521073,UNIVERSAL COLLEGE OF ENGINEERING & RESEARCH,"GAT NO. 430, SASEWADI, TALUKA - BHOR,",PUNE,Private-Self Financing,N,N,1-3101711,fetchdata,2023-2024,Engineering and Technology,1,1,1,1,Maharashtra,1
1-36498504501,R. V. PARANKAR COLLEGE OF ENGINEERING & TECHNOLOGY,"SURVEY NO. 116/1 MOUZA SARANGPURI, TALAO ROAD, PARANKAR WADI, TAH.- ARVI. DIST.- WARDHA(M.S.)",WARDHA,Private-Self Financing,N,N,1-2515038221,fetchdata,2023-2024,Engineering and Technology,1,1,1,1,Maharashtra,1
1-36483612010,"LAL BAHADUR SHASTRI POLYTACHNIC INSTITUTE, TONDAR",AT/POST : TONDAR TQ. : UDGIR DIST. : LATUR,LATUR,Private-Self Financing,N,N,1-463771133,fetchdata,2023-2024,Engineering and Technology,1,1,1,1,Maharashtra,1
1-36493587113,ABHAYSINHRAJE BHONSLE INSTITUTE OF TECHNOLOGY (POLYTECHNIC),A/P-SHAHUNAGAR-SHENDRE TAL & DIST-SATARA,SATARA,Private-Self Financing,N,N,1-467432523,fetchdata,2023-2024,Engineering and Technology,1,1,1,1,Maharashtra,1
1-36494546688,"MAHADEVRAO WANDRE INSTITUTE OF TECHNOLOGY , TURKEWADI","SURVEY NO-80 & 77, MOUJE- WAITAKWADI TAL-CHANDGAD",KOLHAPUR,Private-Self Financing,N,N,1-2067945951,fetchdata,2023-2024,Engineering and Technology,1,1,1,1,Maharashtra,1
1-36484669479,SHRI SHIVAJI INSTITUTE OF ENGINEERING AND MANAGEMENT STUDIES,VASMAT ROAD,PARBHANI,Private-Self Financing,N,N,1-3929271,fetchdata,2023-2024,Engineering and Technology,1,1,1,1,Maharashtra,1
1-36491670393,DR.SAU.KAMALTAI GAWAI INSTITUTE OF ENGINEERING & TECHNOLOGY DARAPUR,"AT. PO. DARAPUR,TQ.DARYAPUR, DIST.AMRAVATI, STATE MAHARASHTRA - 444 814",AMRAVATI,Private-Self Financing,N,N,1-9713541,fetchdata,2023-2024,Engineering and Technology,1,1,1,1,Maharashtra,1
1-36494571196,SHARADCHANDRAJI PAWAR POLYTECHNIC COLLEGE,"NEAR VIDEOCON COMMUNICATION LTD, BEED HIGHWAY ROAD,BHALGAON,DIST: AURANGABAD,431005",AURANGABAD,Private-Self Financing,N,N,1-475136291,fetchdata,2023-2024,Engineering and Technology,1,1,1,1,Maharashtra,1
1-36497615111,SANMATI ENGINEERING COLLEGE,SURVEY NO. 40 WASHIM-MALEGAON ROAD AT. PO. SAWARGAON BARDE,WASHIM,Private-Self Financing,N,Y,1-3640401,fetchdata,2023-2024,Engineering and Technology,1,1,1,1,Maharashtra,1
1-36492694799,RIZVI COLLEGE OF ENGINEERING,"RIZVI EDUCATIONAL COMPLEX, SHERLY RAJAN VILLAGE OFF. CARTER ROAD, BANDRA (WEST)",MUMBAI SUBURBAN,Private-Self Financing,N,Y,1-20942721,fetchdata,2023-2024,Engineering and Technology,1,1,1,1,Maharashtra,1
1-36497658227,K. K. WAGH INSTITUTE OF ENGINEERING EDUCATION & RESEARCH,"HIRABAI HARIDAS VIDYANAGARI, AMRUTDHAM, PANCHAVATI, NASHIK",NASHIK,Private-Self Financing,N,N,1-5942025,fetchdata,2023-2024,Engineering and Technology,1,1,1,1,Maharashtra,1
1-36484831228,MAHAVIR POLYTECHNIC,"GUT NO. 166, MHASRUL-VARVANDI ROAD, TALUKA - DINDORI, DISTRICT - NASHIK. (M.S.)",NASHIK,Private-Self Financing,N,N,1-420978581,fetchdata,2023-2024,Engineering and Technology,1,1,1,1,Maharashtra,1
1-36485800236,ZAGDU SINGH CHARITABLE TRUST'S THAKUR POLYTECHNIC,"THAKUR COMPLEX,  KANDIVLI (E), MUMBAI - 400101",MUMBAI SUBURBAN,Private-Self Financing,N,Y,1-411241581,fetchdata,2023-2024,Engineering and Technology,1,1,1,1,Maharashtra,1
1-36495664672,"VAMANRAO ITAHPE POLYTECHNIC VELHALE, SANGAMNER",AP-VELHALE  TAL-SANGAMNER DIST-AHMEDNAGAR,AHMEDNAGAR,Private-Self Financing,N,N,1-457063561,fetchdata,2023-2024,Engineering and Technology,1,1,1,1,Maharashtra,1
1-36246600829,RAJIV GANDHI INSTITUTE OF POLYTECHNIC,"EDUCATIONAL AREA. GURUNATHAPPA BAVAGE KNOWLEDGE CITY, HASEGAON",LATUR,Private-Self Financing,N,N,1-452140361,fetchdata,2023-2024,Engineering and Technology,1,1,1,1,Maharashtra,1
1-36209420387,SHRI GURU GOBIND SINGHJI INSTITUTE OF ENGINEERING AND TECHNOLOGY,VISHNUPURI,NANDED,Government,N,N,1-414200305,fetchdata,2023-2024,Engineering and Technology,1,1,1,1,Maharashtra,1
1-36499755328,SHRI VYANKATESH POLYTECHNIC,YELAKELI  TH-SELOO DIST- WARDHA,WARDHA,Private-Self Financing,N,N,1-492453991,fetchdata,2023-2024,Engineering and Technology,1,1,1,1,Maharashtra,1
1-36205966585,SANJIVANI PRATISTHAN INSTITUTE OF TECHNOLOGY,"AT-KURUND, POST-RALEGAN THERPAL, TAL-PARNER, DIST-AHMEDNAGAR",AHMEDNAGAR,Private-Self Financing,N,N,1-445019155,fetchdata,2023-2024,Engineering and Technology,1,1,1,1,Maharashtra,1
1-36206207554,"ST. VINCENT PALLOTTI COLLEGE OF ENGG. & TECHNOLOGY, NAGPUR","GAVSI MANAPUR, WARDHA ROAD, NAGPUR 441108",NAGPUR,Private-Self Financing,N,Y,1-8718443,fetchdata,2023-2024,Engineering and Technology,1,1,1,1,Maharashtra,1
1-36205647862,"P.R.PATIL INSTITUTE OF POLYTECHNIC & TECH.,","SUR. NO 533/3, ARVI ROAD, TALEGAON(SP) TQ. ASHTI DIST. WARDHA",WARDHA,Private-Self Financing,N,N,1-459282671,fetchdata,2023-2024,Engineering and Technology,1,1,1,1,Maharashtra,1
1-36205752225,VIVA INSTITUTE OF TECHNOLOGY,"AT:- SHIRGAON, POST:- VIRAR (EAST), TAL:- VASAI, DIST:- THANE.",THANE,Private-Self Financing,N,N,1-7468271,fetchdata,2023-2024,Engineering and Technology,1,1,1,1,Maharashtra,1
1-36207654685,VITTHAL PATIL POLYTECHNIC,"A/P INAM DHAMNI, TAL:- MIRAJ, DIST:- SANGLI-416416",SANGLI,Private-Self Financing,N,N,1-431174941,fetchdata,2023-2024,Engineering and Technology,1,1,1,1,Maharashtra,1
1-36598041648,K. D. K. COLLEGE OF ENGINEERING,"GREAT NAG ROAD, NANDANVAN, NAGPUR-440009",NAGPUR,Private-Self Financing,N,N,1-4449691,fetchdata,2023-2024,Engineering and Technology,1,1,1,1,Maharashtra,1
1-36205858150,"GENBA SOPANRAO MOZE TRUST'S PARVATIBAI GENBA MOZE COLLEGE OF ENGINEERING,WAGHOLI, PUNE","GAT NO. 2181, WAGHOLI, TAL. HAVELI, DIST. PUNE",PUNE,Private-Self Financing,N,N,1-10190374,fetchdata,2023-2024,Engineering and Technology,1,1,1,1,Maharashtra,1
1-36208928988,"K.T.PATIL COLLEGE OF ENGINEEGING & TECHNOLOGY , OSMANABAD","JADHAVWADI ROAD ,OSMANABAD",OSMANABAD,Private-Self Financing,N,N,1-9310541,fetchdata,2023-2024,Engineering and Technology,1,1,1,1,Maharashtra,1
1-36210232660,VIVEKANAND EDUCATION SOCIETY'S POLYTECHNIC,"SINDHI SOCIETY, CHEMBUR, MUMBAI-400071",MUMBAI CITY,Private-Self Financing,N,Y,1-424116251,fetchdata,2023-2024,Engineering and Technology,1,1,1,1,Maharashtra,1
1-36596057809,SCTR'S PUNE INSTITUTE OF COMPUTER TECHNOLOGY,"S.NO.27, PUNE SATARA ROAD, DHANKAWADI",PUNE,Private-Self Financing,N,N,1-5592509,fetchdata,2023-2024,Engineering and Technology,1,1,1,1,Maharashtra,1
1-36215114531,DR D Y PATIL VIDYAPEETH PUNE,"SANT TUKARAM NAGAR, PIMPRI",PUNE,Deemed to be University(Pvt),N,N,1-3667580281,fetchdata,2023-2024,Engineering and Technology,1,1,1,1,Maharashtra,1
1-36445239323,"DR. PANJABRAO DESHMUKH POLYTECHNIC, AMRAVATI","SHIVAJI NAGAR,",AMRAVATI,Govt aided,N,N,1-424592181,fetchdata,2023-2024,Engineering and Technology,1,1,1,1,Maharashtra,1
1-36445229484,JSPM'S BHIVARABAI SAWANT INSTITUTE OF TECHNOLOGY & RESEARCH,"GAT NO. 720/1&2, PUNE â NAGAR ROAD, WAGHOLI,TALUKA-HAVELI,DISTRICT-PUNE. 412207",PUNE,Private-Self Financing,N,N,1-6894281,fetchdata,2023-2024,Engineering and Technology,1,1,1,1,Maharashtra,1
1-36596916248,AMRUTVAHINI POLYTECHNIC,"AMRUTNAGAR, P.O. SANGAMNER S.K. TAL: SANGAMNER DIST: AHMEDNAGAR",AHMEDNAGAR,Private-Self Financing,N,N,1-461211011,fetchdata,2023-2024,Engineering and Technology,1,1,1,1,Maharashtra,1
1-36204754163,"NAGARJUNA INSTITUTE OF ENGINEERING, TECHNOLOGY & MANAGEMENT","KHASRA NO.27, 32B, VILLAGE SATNAVRI, AMRAVATI RAOD, NAGPUR",NAGPUR,Private-Self Financing,N,N,1-3204361,fetchdata,2023-2024,Engineering and Technology,1,1,1,1,Maharashtra,1
1-36203444269,SAHAKAR MAHARSHI SHANKARRAO MOHITE-PATIL INSTITUTE OF TECHNOLOGY & RESEARCH,"GAT NO. 93/2/2, 94 AT/POST - YASHWANTNAGAR, TALUKA - MALSHIRAS, DISTRICT - SOLAPUR",SOLAPUR,Private-Self Financing,N,N,1-481630821,fetchdata,2023-2024,Engineering and Technology,1,1,1,1,Maharashtra,1
1-36202215720,SIDDHARTH POLYTECHNIC,"672/1, SHEGAON ROAD",SANGLI,Private-Self Financing,N,Y,1-463274081,fetchdata,2023-2024,Engineering and Technology,1,1,1,1,Maharashtra,1
1-36962472428,GOURISHIV POLYTECHNIC KHATAV,GAT NO. 1230  A/P-KHATAV TAL-KHATAV DIST-SATARA,SATARA,Private-Self Financing,N,N,1-449881911,fetchdata,2023-2024,Engineering and Technology,1,1,1,1,Maharashtra,1
1-36237045132,DATTA MEGHE INSTITUTE OF HIGHER EDUCATION AND RESEARCH (DEEMED TO BE UNIVERSITY),"SALOD(H), WARDHA, MAHARASHTRA, 442001",WARDHA,Deemed to be University(Pvt),N,N,1-4936506685,fetchdata,2023-2024,Engineering and Technology,1,1,1,1,Maharashtra,1
1-36243212031,"GURUKUL POLYTECHNIC NAGRA,GONDIA",AT+PO:NAGRA TAL:GONDIA DIST:GONDIA,GONDIA,Private-Self Financing,N,N,1-458456931,fetchdata,2023-2024,Engineering and Technology,1,1,1,1,Maharashtra,1
1-36598983491,A.I.'S MOHAMMED HAJI SABOO SIDDIK POLYTECHNIC,"8, SABOO SIDDIK POLYTECHNIC ROAD,BYCULLA",MUMBAI CITY,Govt aided,N,Y,1-461316291,fetchdata,2023-2024,Engineering and Technology,1,1,1,1,Maharashtra,1
1-36599135441,"GOVERNMENT COLLEGE OF ENGINEERING, AMRAVATI","GADGE NAGAR, VMV ROAD, NEAR KATHORA NAKA",AMRAVATI,Government,N,N,1-9598767,fetchdata,2023-2024,Engineering and Technology,1,1,1,1,Maharashtra,1
1-36482604784,MAHARASHTRA SHIKSHAN VIKAS MANDAL LOKNETE GOPALRAOJI GULWE POLYTECHNIC,"SURVEY NO.35/1/2A, VILHOLI, TAL:NASHIK DIST:NASHIK",NASHIK,Private-Self Financing,N,N,1-425988481,fetchdata,2023-2024,Engineering and Technology,1,1,1,1,Maharashtra,1
1-38666070790,"IDEMI, MUMBAI","S.T. TOPE MARG, SION, CHUNABHATTI (E)",MUMBAI CITY,Government,N,N,1-839862281,fetchdata,2023-2024,Engineering and Technology,1,1,1,1,Maharashtra,1
1-36599198392,WALCHAND INSTITUTE OF TECHNOLOGY,SETH WALCHANAND HIRACHAND MARG POST BOX NO. 634 ASHOK CHOWK,SOLAPUR,Private-Self Financing,N,Y,1-3869061,fetchdata,2023-2024,Engineering and Technology,1,1,1,1,Maharashtra,1
1-36480651371,ANJUMAN POLYTECHNIC,"MANGALWARI BAZAR ROAD, SADAR, NAGPUR.",NAGPUR,Private-Self Financing,N,Y,1-414227051,fetchdata,2023-2024,Engineering and Technology,1,1,1,1,Maharashtra,1
1-36246480117,SHRI TULJABHAVANI COLLEGE OF ENGINEERING,NALDURG ROAD TULJAPUR - 413 601 DIST- OSMANABAD [MAHARASHTRA STATE],OSMANABAD,Private-Self Financing,N,N,1-6075381,fetchdata,2023-2024,Engineering and Technology,1,1,1,1,Maharashtra,1
1-36245178355,VISHWESHWARAYYA ABHIYANTRIKI PADVIKA MAHAVIDYALAYA,DILIP NAGAR ALMALA TQ AUSA DIST LATUR,LATUR,Private-Self Financing,N,N,1-404261661,fetchdata,2023-2024,Engineering and Technology,1,1,1,1,Maharashtra,1
1-36266509229,SANTOSH N. DARADE POLYTECHNIC,"AT POST BABHULGAON, TAL.YEOLA, DIST.NASIK",NASHIK,Private-Self Financing,N,N,1-425567771,fetchdata,2023-2024,Engineering and Technology,1,1,1,1,Maharashtra,1
1-36469789755,PADMABHOOSHAN VASANTRAODADA PATIL INSTITUTE OF TECHNOLOGY,"AT- BUDHGAON, TALUKA- MIRAJ, DIST.- SANGLI.",SANGLI,Private-Self Financing,N,N,1-10058361,fetchdata,2023-2024,Engineering and Technology,1,1,1,1,Maharashtra,1
1-36515433969,"ADARSH POLYTECHNIC,DHULE","155,NAKANE,NAKANE ROAD DEOPUR,DHULE (MS)",DHULE,Private-Self Financing,N,N,1-1482808181,fetchdata,2023-2024,Engineering and Technology,1,1,1,1,Maharashtra,1
