institute_id,institute_name,address,district,institution_type,women_only,minority,parent_id,method,year,program,level,institutiontype,Women,Minority,state,course
1-8004685711,CHAUDHARY INSTITUTE OF TECHNOLOGY,"VILLAGE- BISHUNPUR BARAWAN RATTI PATTI, POST- BARAWAN RATTI PATTI, TEHSIL- BELTHARA ROAD, DISTRICT- BALLIA",BALLIA,Private-Self Financing,N,N,1-8004685711,fetchdata,2023-2024,Engineering and Technology,1,1,1,1,Uttar Pradesh,1
1-7541259571,CHANDRADEV MEMORIAL POLYTECHNIC COLLEGE,"VILL - BARAULI, POST - BARAULI",BALLIA,Private-Self Financing,N,N,1-7541259571,fetchdata,2023-2024,Engineering and Technology,1,1,1,1,Uttar Pradesh,1
1-41730599986,INDERPRASTHA ENGINEERING COLLEGE,"63, SITE-4,SURYA NAGAR, FLYOVER ROAD, SAHIBABAD GHAZIABAD",GHAZIABAD,Private-Self Financing,N,N,1-5276325,fetchdata,2023-2024,Engineering and Technology,1,1,1,1,Uttar Pradesh,1
1-41103014118,AJAY KUMAR GARG ENGINEERING COLLEGE,"27 KM STONE, DELHI-HAPUR BYPASS ROAD,ADHYATMIK NAGAR,GHAZIABAD, U.P",GHAZIABAD,Private-Self Financing,N,N,1-2893141,fetchdata,2023-2024,Engineering and Technology,1,1,1,1,Uttar Pradesh,1
1-41103173831,NARAINA VIDYA PEETH ENGINEERING & MANAGEMENT INSTITUTE,"GANGAGANJ, PANKI, KANPUR-208020 (UP) INDIA",KANPUR NAGAR,Private-Self Financing,N,N,1-7058815,fetchdata,2023-2024,Engineering and Technology,1,1,1,1,Uttar Pradesh,1
1-41103245594,G.L. BAJAJ INSTITUTE OF TECHNOLOGY AND MANAGEMENT,"PLOT NO :2,KNOWLEDGE PARK - III",GAUTAM BUDDHA NAGAR,Private-Self Financing,N,N,1-4863336,fetchdata,2023-2024,Engineering and Technology,1,1,1,1,Uttar Pradesh,1
1-43408689568,SHIV NADAR INSTITUTION OF EMINENCE DEEMED TO BE UNIVERSITY,NH 91 TEHSIL DADRI,GAUTAM BUDDHA NAGAR,Deemed to be University(Pvt),N,N,1-43408689568,fetchdata,2023-2024,Engineering and Technology,1,1,1,1,Uttar Pradesh,1
1-43389880923,DR RAJESH POLYTECHNIC INSTITUTE,"VILLAGE-AKAVASPATTI, POST-BHITARI, TEHSIL-SAIDPUR",GHAZIPUR,Private-Self Financing,N,N,1-43389880923,fetchdata,2023-2024,Engineering and Technology,1,1,1,1,Uttar Pradesh,1
1-43373871233,ROBIN COLLEGE OF EDUCATION AND TECHNOLOGY,"SYAL, KILA ROAD MEERUT",MEERUT,Private-Self Financing,N,Y,1-43373871233,fetchdata,2023-2024,Engineering and Technology,1,1,1,1,Uttar Pradesh,1
1-40382365654,JAYPEE INSTITUTE OF INFORMATION TECHNOLOGY,"A-10, SECTOR-62 AND SECTOR 128, NOIDA",GAUTAM BUDDHA NAGAR,Deemed to be University(Pvt),N,N,1-3763789271,fetchdata,2023-2024,Engineering and Technology,1,1,1,1,Uttar Pradesh,1
1-40657340375,MAHAMAYA POLYTECHNIC OF INFORMATION TECHNOLOGY,"DHANAPUR CHANDAULI (PRESENTLY RUNNING AT GOVT. POLYTECHNIC, JAUNPUR)",CHANDAULI,Government,N,N,1-499373221,fetchdata,2023-2024,Engineering and Technology,1,1,1,1,Uttar Pradesh,1
1-40381469456,IEC GROUP OF INSTITUTIONS,"PLOT NO.-4&11, K.P.-1&3, GREATER NOIDA",GAUTHAM BUDDHA NAGAR,Private-Self Financing,N,N,1-6641291,fetchdata,2023-2024,Engineering and Technology,1,1,1,1,Uttar Pradesh,1
1-40382869157,APEX INSTITUTE OF TECHNOLOGY,"VILL. & PO KAUSHALGANJ, DISTT.- RAMPUR (U.P.),6 KM AWAY FROM RUDRAPUR, PIN CODE -244923",RAMPUR,Private-Self Financing,N,N,1-10083071,fetchdata,2023-2024,Engineering and Technology,1,1,1,1,Uttar Pradesh,1
1-43389496467,DEV INDRAWATI INSTITUTE OF POLYTECHNIC,"VILLAGE-PRATAPPUR CHAMURKHA, POST-KATEHARI, TEHSIL-AKBARPUR",AMBEDKAR NAGAR,Private-Self Financing,N,N,1-43389496467,fetchdata,2023-2024,Engineering and Technology,1,1,1,1,Uttar Pradesh,1
1-43389060863,ADARSH POLYTECHNIC,"VILLAGE-JALALPUR, POST-ZAMANIA, TEHSIL-ZAMANIA",GHAZIPUR,Private-Self Financing,N,N,1-43389060863,fetchdata,2023-2024,Engineering and Technology,1,1,1,1,Uttar Pradesh,1
1-43385535423,C J Y INSTITUTE OF TECHNOLOGY,"VILLAGE AND POST-AMIHIT, TEHSIL-KERAKAT",JAUNPUR,Private-Self Financing,N,N,1-43385535423,fetchdata,2023-2024,Engineering and Technology,1,1,1,1,Uttar Pradesh,1
1-43388969073,VEER BAHADUR SINGH PURVANCHAL UNIVERSITY,"VBS PURVANCHAL UNIVERSITY CAMPUS, SHAHGANJ ROAD, JAUNPUR",JAUNPUR,State Government University,N,N,1-43388969073,fetchdata,2023-2024,Engineering and Technology,1,1,1,1,Uttar Pradesh,1
1-43401940443,BABA VISHWANATH TECHNICAL INSTITUTE,"VILLAGE-KAIROUTA, POST OFFICE-CHERO, PIN CODE-274509, POLICE STATION-MAIL, TEHSIL-SALEMPUR, BLOCK-BHAGALPUR, DISTRICT-DEORIA.",DEORIA,Private-Self Financing,N,N,1-43401940443,fetchdata,2023-2024,Engineering and Technology,1,1,1,1,Uttar Pradesh,1
1-41103879415,AZAD INSTITUTE OF ENGINEERING & TECHNOLOGY,"AZADPURAM, ADJACENT CRPF CAMP, POST CHANDRAWAL, BIJNAUR",LUCKNOW,Private-Self Financing,N,Y,1-10094951,fetchdata,2023-2024,Engineering and Technology,1,1,1,1,Uttar Pradesh,1
1-43423124478,R.P. POLYTEHCHNIC COLLEGE,"VILL-MUNDERA LALA, POST-GOVINDPUR THANA-RAMPUR KARKHANA, DIST.-DEORIA",DEORIA,Private-Self Financing,N,N,1-43423124478,fetchdata,2023-2024,Engineering and Technology,1,1,1,1,Uttar Pradesh,1
1-40678349778,MEERUT INSTITUTE OF TECHNOLOGY,"NH-58, BARAL PARTAPUR, BYPASS ROAD, MEERUT-250103 (U.P.)",MEERUT,Private-Self Financing,N,N,1-6588351,fetchdata,2023-2024,Engineering and Technology,1,1,1,1,Uttar Pradesh,1
1-43385237327,GOVT POLYTECHNIC SHARDHANA MEERUT,"JASAD SULTANPUR NAGAR, SARDHANA, MEERUT-UP",MEERUT,Government,N,N,1-43385237327,fetchdata,2023-2024,Engineering and Technology,1,1,1,1,Uttar Pradesh,1
1-41102630164,UNITED COLLEGE OF ENGINEERING & RESEARCH,"UPSIDC INDUSTRIAL AREA, NAINI, ALLAHABAD",ALLAHABAD,Private-Self Financing,N,N,1-6281266,fetchdata,2023-2024,Engineering and Technology,1,1,1,1,Uttar Pradesh,1
1-38671213665,EDIFY INSTITUTE OF POLYTECHNIC,"VILLAGE- SHAHZADPUR PAURI, FARAH",MATHURA,Private-Self Financing,N,N,1-455563181,fetchdata,2023-2024,Engineering and Technology,1,1,1,1,Uttar Pradesh,1
1-38667861142,UNIVERSITY POLYTECHNIC,ZAKAULLAH ROAD  ALIGARH MUSLIM UNIVERSITY ALIGARH,ALIGARH,Central University,N,N,1-2860691731,fetchdata,2023-2024,Engineering and Technology,1,1,1,1,Uttar Pradesh,1
1-38671250530,JSS ACADEMY OF TECHNICAL EDUCATION,"C 20/1, SECTOR 62, NOIDA-201301",GAUTAM BUDDHA NAGAR,Private-Self Financing,N,N,1-3675821,fetchdata,2023-2024,Engineering and Technology,1,1,1,1,Uttar Pradesh,1
1-38671286847,TRANSLAM INSTITUTE OF TECHNOLOGY AND MANAGEMENT,"TRANSLAM INSTITUTE OF TECHNOLOGY AND MANAGEMENT , MAWANA ROAD, RAJPURA, MEERUT (U.P.)",MEERUT,Private-Self Financing,N,Y,1-6020926,fetchdata,2023-2024,Engineering and Technology,1,1,1,1,Uttar Pradesh,1
1-38672849290,MAHARANA PRATAP POLYTECHNIC GORAKHPUR,SUNAULI ROAD GORAKHNATH,GORAKHPUR,Govt aided,N,N,1-487322491,fetchdata,2023-2024,Engineering and Technology,1,1,1,1,Uttar Pradesh,1
1-38672913277,MEERUT INSTITUTE OF ENGINEERING & TECHNOLOGY,"NH-58, BYPASS ROAD,BAGHPAT CROSSING,MEERUT",MEERUT,Private-Self Financing,N,N,1-3962501,fetchdata,2023-2024,Engineering and Technology,1,1,1,1,Uttar Pradesh,1
1-38674512832,HI-TECH INSTITUTE OF ENGINEERING & TECHNOLOGY,"766, 26TH KM, DELHI-HAPUR BYPASS, NH-24",GHAZIABAD,Private-Self Financing,N,N,1-4167997,fetchdata,2023-2024,Engineering and Technology,1,1,1,1,Uttar Pradesh,1
1-38685504883,SHRI RAM GROUP OF COLLEGES,"OPP. ALMASPUR TELEPHONE EXCHANGE, PARIKRAMA MARG, MUZAFFARNAGAR",MUZAFFARNAGAR,Private-Self Financing,N,N,1-1237131,fetchdata,2023-2024,Engineering and Technology,1,1,1,1,Uttar Pradesh,1
1-38667937214,SCHOOL OF MANAGEMENT SCIENCES,"KASIMPUR BIRUHA, POST - KASIMPUR, GOSAINGANJ, LUCKNOW SULTANPUR ROAD, TEHSIL - MOHANLAL GANJ, LUCKNOW 227125",LUCKNOW,Private-Self Financing,N,N,1-6147591,fetchdata,2023-2024,Engineering and Technology,1,1,1,1,Uttar Pradesh,1
1-38674550272,KANPUR INSTITUTE OF TECHNOLOGY,A-1 UPSIDC INDUSTRIAL AREA ROOMA,KANPUR NAGAR,Private-Self Financing,N,N,1-8069644,fetchdata,2023-2024,Engineering and Technology,1,1,1,1,Uttar Pradesh,1
1-38683967230,SIR CHHOTU RAM INSTITUTE OF ENGINEERING & TECHNOLOGY CCS UNIVERSITY MEERUT,CCS UNIVERSITY CAMPUS MEERUT,MEERUT,Government,N,N,1-479808442,fetchdata,2023-2024,Engineering and Technology,1,1,1,1,Uttar Pradesh,1
1-38684031035,MGM'S COLLEGE OF ENGINEERING AND TECHNOLOGY,"A-9, SECTOR-62, NOIDA",GAUTAM BUDDHA NAGAR,Private-Self Financing,N,N,1-5693791,fetchdata,2023-2024,Engineering and Technology,1,1,1,1,Uttar Pradesh,1
1-38668062720,RAJKIYA ENGINEERING COLLEGE BIJNOR,JALILPUR BLOCK ROAD NEAR IDGAH CHANDPUR BIJNOR,BIJNOR,Govt aided,N,N,1-2878935254,fetchdata,2023-2024,Engineering and Technology,1,1,1,1,Uttar Pradesh,1
1-38668099580,B.N. COLLEGE OF ENGINEERING & TECHNOLOGY(BNCET),"N.H. - 24 SITAPUR ROAD, BAKSHI KA TALAAB LUCKNOW 226021",LUCKNOW,Private-Self Financing,N,N,1-6174053,fetchdata,2023-2024,Engineering and Technology,1,1,1,1,Uttar Pradesh,1
1-38669754011,NOIDA INSTITUTE OF ENGINEERING & TECHNOLOGY,"19, KNOWLEDGE PARK-II, INSTITUTIONAL AREA, GREATER NOIDA-201306",GAUTAM BUDDHA NAGAR,Private-Self Financing,N,N,1-4193641,fetchdata,2023-2024,Engineering and Technology,1,1,1,1,Uttar Pradesh,1
1-38674741764,"TOWN POLYTECHNIC,BALLIA",TIKHAM PUR BALLIA,BALLIA,Govt aided,N,N,1-492974821,fetchdata,2023-2024,Engineering and Technology,1,1,1,1,Uttar Pradesh,1
1-38673146306,BSA COLLEGE OF ENGINEERING & TECHNOLOGY,NEAR NEW BUS STAND BHUTESHWAR ROAD MATHURA (UP),MATHURA,Private-Self Financing,N,N,1-6777301,fetchdata,2023-2024,Engineering and Technology,1,1,1,1,Uttar Pradesh,1
1-38668247904,SHREE BHAGWAT INSTITUTE OF TECHNOLOGY,"N.H.-2 (MOHANSARAI BYPASS ROAD),  VILL.-DELHNA, POST-KASHIPUR,            VARANASI (U.P.)-221011",VARANASI,Private-Self Financing,N,N,1-2068837731,fetchdata,2023-2024,Engineering and Technology,1,1,1,1,Uttar Pradesh,1
1-38682710886,"S.D.COLLEGE OF ENGG. & TECH.,","JANSATH ROAD,",MUZAFFARNAGAR,Private-Self Financing,N,N,1-5880891,fetchdata,2023-2024,Engineering and Technology,1,1,1,1,Uttar Pradesh,1
1-38682746902,ABES ENGINEERING COLLEGE,"CAMPUS -1,             19TH KM STONE DELHI HAPUR BY PASS ROAD N.H.-24                 VIJAY NAGAR",GHAZIABAD,Private-Self Financing,N,N,1-6248771,fetchdata,2023-2024,Engineering and Technology,1,1,1,1,Uttar Pradesh,1
1-38668364442,ANAND ENGINEERING COLLEGE,"N. H. 2, AGRA - MATHURA HIGHWAY, KEETHAM",AGRA,Private-Self Financing,N,N,1-9292671,fetchdata,2023-2024,Engineering and Technology,1,1,1,1,Uttar Pradesh,1
1-38670051765,UNITECH INSTITUTE OF ENGINEERING AND TECHNOLOGY,"VILL-KAILAHAT, PO-PACHEWARA DISTT-MIRZAPUR, UP PIN-231305",MIRZAPUR,Private-Self Financing,N,N,1-2494796871,fetchdata,2023-2024,Engineering and Technology,1,1,1,1,Uttar Pradesh,1
1-38673393733,KIET GROUP OF INSTITUTIONS,"13 KM STONE GHAZIABAD- MEERUT ROAD,",GHAZIABAD,Private-Self Financing,N,N,1-13439501,fetchdata,2023-2024,Engineering and Technology,1,1,1,1,Uttar Pradesh,1
1-38689968588,SHOBHIT INSTITUTE OF ENGINEERING AND  TECHNOLOGY,"VILLAGE DULHERA, NH 58, MODIPURAM, ROORKEE ROAD, MEERUT",MEERUT,Deemed to be University(Pvt),N,N,1-4613554531,fetchdata,2023-2024,Engineering and Technology,1,1,1,1,Uttar Pradesh,1
1-38666835044,SRM INSTITUTE OF MANAGEMENT AND TECHNOLOGY,"VILLAGE SIKRI KALAN, DELHI MEERUT ROAD, MODINAGAR, GHAZIABAD",GHAZIABAD,Deemed to be University(Pvt),N,Y,1-3669181121,fetchdata,2023-2024,Engineering and Technology,1,1,1,1,Uttar Pradesh,1
1-38668470424,GOVERNMENT GIRL'S POLYTECHNIC SHAMLI,G.G.P SHAMLI MUNDATE ROAD SHAMLI,SHAMLI,Government,Y,N,1-475207671,fetchdata,2023-2024,Engineering and Technology,1,1,1,1,Uttar Pradesh,1
1-38671807313,NEELKANTH INSTITUTE OF ENGINEERING & TECHNOLOGY,"NH-58, NEAR SVBP AGRICULTURE UNIVERSITY, MODIPURAM, MEERUT",MEERUT,Private-Self Financing,N,N,1-462354711,fetchdata,2023-2024,Engineering and Technology,1,1,1,1,Uttar Pradesh,1
1-38673431185,GREATER NOIDA INSTITUTE OF TECHNOLOGY (ENGINEERING INSTITUTE),"7, KNOWLEDGE PARK - II,",GAUTAM BUDDHA NAGAR,Private-Self Financing,N,N,1-10626904,fetchdata,2023-2024,Engineering and Technology,1,1,1,1,Uttar Pradesh,1
1-38668546402,JANTA POLYTECHNIC JAHANGIRABAD,"JAHANGIRABAD, BHAIPUR (BULANDSHAHR) U.P. - 202391",BULANDSHAHAR,Govt aided,N,N,1-465940751,fetchdata,2023-2024,Engineering and Technology,1,1,1,1,Uttar Pradesh,1
1-38668620301,FEROZE GANDHI POLYTECHNIC,RATAPUR,RAE BARELI,Govt aided,N,N,1-513090141,fetchdata,2023-2024,Engineering and Technology,1,1,1,1,Uttar Pradesh,1
1-38675226058,GOVERNMENT POLYTECHNIC SAHARANPUR,CHUNETI GADA DELHI ROAD SAHARANPUR,SAHARANPUR,Government,N,N,1-492104721,fetchdata,2023-2024,Engineering and Technology,1,1,1,1,Uttar Pradesh,1
1-38668722104,HINDUSTASN COLLEGE OF SCIENCE & TECHNOLOGY,"NH#2, AGRA DELHI HIGHWAY,   FARAH, MATHURA",MATHURA,Private-Self Financing,N,N,1-9291946,fetchdata,2023-2024,Engineering and Technology,1,1,1,1,Uttar Pradesh,1
1-38670376236,GOVERNMENT POLYTECHNIC UNNAO,DAHI CHOWKI,UNNAO,Government,N,N,1-518179761,fetchdata,2023-2024,Engineering and Technology,1,1,1,1,Uttar Pradesh,1
1-38675296755,D.N.POLYTECHNIC MEERUT,PARTAPUR DELHI ROAD,MEERUT,Govt aided,N,N,1-514619561,fetchdata,2023-2024,Engineering and Technology,1,1,1,1,Uttar Pradesh,1
1-38667097651,GOVERNMENT POLYTECHNIC BARABANKI,JAHANGIRABAD RD. SOMMIYANAGAR BARABANKI,BARABANKI,Government,N,N,1-474661871,fetchdata,2023-2024,Engineering and Technology,1,1,1,1,Uttar Pradesh,1
1-38668834220,DEV TECHNICAL CAMPUS,"AGRA-FIROZABAD NATIONAL HIGHWAY NO.-2, NEAR KUBERPUR, REHANKHURD, AGRA",AGRA,Private-Self Financing,N,N,1-478643081,fetchdata,2023-2024,Engineering and Technology,1,1,1,1,Uttar Pradesh,1
1-38670452151,GREATER NOIDA COLLEGE,"PLOT NO. 6-B, KNOWLEDGE PARK - II,",GAUTAM BUDDHA NAGAR,Private-Self Financing,N,N,1-3401431571,fetchdata,2023-2024,Engineering and Technology,1,1,1,1,Uttar Pradesh,1
1-38667173052,VISION INSTITUTE OF TECHNOLOGY,"HATHIPUR, MAHRAJPUR NH-2 KNAPUR",KANPUR NAGAR,Private-Self Financing,N,N,1-7309818,fetchdata,2023-2024,Engineering and Technology,1,1,1,1,Uttar Pradesh,1
1-38670561827,"HARCOURT BUTLER TECHNICAL UNIVERSITY, KANPUR",NAWABGANJ,KANPUR NAGAR,Govt aided,N,N,1-38136961,fetchdata,2023-2024,Engineering and Technology,1,1,1,1,Uttar Pradesh,1
1-38673848726,R D ENGINEERING COLLEGE & RESEARCH CENTRE,"9 TH KM MILE STONE ON NH 58 DELHI MEERUT ROAD, DUHAI GHAZIABAD",GHAZIABAD,Private-Self Financing,N,N,1-421190141,fetchdata,2023-2024,Engineering and Technology,1,1,1,1,Uttar Pradesh,1
1-38667324352,JIMS ENGINEERING MANAGEMENT TECHNICAL CAMPUS,"48/4,KNOWLEDGE PARK-III, GREATER NOIDA PIN-201306",GAUTAM BUDDHA NAGAR,Private-Self Financing,N,N,1-6898451,fetchdata,2023-2024,Engineering and Technology,1,1,1,1,Uttar Pradesh,1
1-38669064553,SHRI RAMDEVI RAMDAYAL TRIPATHI MAHILAPOLYTECHNIC SAKET NAGAR KANPUR,781 W-1 SAKET NAGAR,KANPUR NAGAR,Govt aided,Y,N,1-513224101,fetchdata,2023-2024,Engineering and Technology,1,1,1,1,Uttar Pradesh,1
1-38670636803,"GOVERNMENT POLYTECHNIC,ORAI(JALAUN)","PRINCIPAL GOVERNMENT POLYTECHNIC,ORAI (JALAUN)",JALAUN,Government,N,N,1-512077921,fetchdata,2023-2024,Engineering and Technology,1,1,1,1,Uttar Pradesh,1
1-38667406356,"LUCKNOW INSTITUTE OF TECHNOLOGY, LUCKNOW","AZADPURAM, ADJACENT CRPF GROUP CENTRE, POST- CHANDRAWAL, BIJNOUR-BANTHARA ROAD",LUCKNOW,Private-Self Financing,N,Y,1-3992601,fetchdata,2023-2024,Engineering and Technology,1,1,1,1,Uttar Pradesh,1
1-38669138537,CENTRAL INSTITUTE OF PETROCHEMICALS ENGINEERING & TECHNOLOGY,"B-27 AMAUSI INDUSTRIAL AREA, NADARGANJ, LUCKNOW",LUCKNOW,Government,N,N,1-15843806,fetchdata,2023-2024,Engineering and Technology,1,1,1,1,Uttar Pradesh,1
1-38680401251,RADHA GOVIND GROUP OF INSTITUTIONS,"ANUYOGIPURAM, GARH ROAD",MEERUT,Private-Self Financing,N,N,1-3799173,fetchdata,2023-2024,Engineering and Technology,1,1,1,1,Uttar Pradesh,1
1-38667485348,IMS ENGINEERING COLLEGE,"NH-24, ADHYATMIK NAGAR,  GHAZIABAD, UTTAR PRADESH PIN CODE 201009",GHAZIABAD,Private-Self Financing,N,N,1-4903321,fetchdata,2023-2024,Engineering and Technology,1,1,1,1,Uttar Pradesh,1
1-38670814384,ESHAN COLLEGE OF ENGINEERING,"SAHZADPUR PAURI, NH-2, AGRA-MATHURA HIGHWAY, MATHURA (U.P.)",MATHURA,Private-Self Financing,N,N,1-5354601,fetchdata,2023-2024,Engineering and Technology,1,1,1,1,Uttar Pradesh,1
1-38670850321,"GOVERNMENT POLYTECHNIC ,NARAINI (BANDA) U.P.",BADOKHAR,BANDA,Government,N,N,1-481883371,fetchdata,2023-2024,Engineering and Technology,1,1,1,1,Uttar Pradesh,1
1-38691936132,BAIJNATH RAMNARESH COLLEGE OF TECHNOLOGY,"VILL- TELHUA CHAKWALLI KAZIPUR, POST- CHIRRIAYAKOT",AZAMGARH,Private-Self Financing,N,N,1-2879705251,fetchdata,2023-2024,Engineering and Technology,1,1,1,1,Uttar Pradesh,1
1-38692008021,PRABHAT ENGINEERING COLLEGE,"NATIONAL HIGHWAY-II, RANIA,BARA, KANPUR DEHAT-209304",RAMABAI NAGAR (KANPUR DEHAT),Private-Self Financing,N,N,1-8098211,fetchdata,2023-2024,Engineering and Technology,1,1,1,1,Uttar Pradesh,1
1-36948568628,MMIT SANT KABIR NAGAR,MMIT BALUSHASHAN  SANT KABIR NAGAR,SANT KABIR NAGAR,Government,N,N,1-2863269691,fetchdata,2023-2024,Engineering and Technology,1,1,1,1,Uttar Pradesh,1
1-36948627640,AMANI GROUP OF INSTITUTIONS,BIJNOR ROAD AMROHA,J P NAGAR,Private-Self Financing,N,N,1-1451378891,fetchdata,2023-2024,Engineering and Technology,1,1,1,1,Uttar Pradesh,1
1-36948687743,"VIVEKANANDA COLLEGE OF TECHNOLOGY & MANAGEMENT, ALIGARH","MATHURA BYE PASS, NEAR KHAIR ROAD, 500 MTRS FROM NADA PUL, ALIGARH",ALIGARH,Private-Self Financing,N,N,1-5884509,fetchdata,2023-2024,Engineering and Technology,1,1,1,1,Uttar Pradesh,1
1-36947377156,SHIVDAN SINGH INSTITUTE OF TECHNOLOGY & MANAGEMENT,"10TH KM STONE ALIGARH MATHURA ROAD, ALIGARH",ALIGARH,Private-Self Financing,N,N,1-5368091,fetchdata,2023-2024,Engineering and Technology,1,1,1,1,Uttar Pradesh,1
1-36948778579,FUTURE INSTITUTE OF ENGINEEING & TECHNOLOGY,"NH-24, BAREILLY LUCKNOW ROAD,  NEAR FARIDPUR, BAREILLY",BAREILLY,Private-Self Financing,N,N,1-8841171,fetchdata,2023-2024,Engineering and Technology,1,1,1,1,Uttar Pradesh,1
1-36948845042,ANAND POLYTECHNIC COLLEGE,"N. H. 2, AGRA - MATHURA HIGHWAY, KEETHAM",AGRA,Private-Self Financing,N,N,1-7506224701,fetchdata,2023-2024,Engineering and Technology,1,1,1,1,Uttar Pradesh,1
1-36947588733,KM. MAYAWATI GOVERMENT GIRLS POLYTECHNIC,SADOPUR KI JHAL BADALPUR,GAUTAM BUDDHA NAGAR,Government,Y,N,1-460908921,fetchdata,2023-2024,Engineering and Technology,1,1,1,1,Uttar Pradesh,1
1-36947589196,"GOVERNMENT POLYTECHNIC,HARDOI(U.P.)","GOVERNMENT POLYTECHNIC, BAWAN ROAD, HARDOI(U.P.)",HARDOI,Government,N,N,1-477946931,fetchdata,2023-2024,Engineering and Technology,1,1,1,1,Uttar Pradesh,1
1-36947648688,MAA BHAGAUTA KUNWAR INSTITUTE OF POLYTECHNIC,"VILL- BASTI, TEHSIL- MOHAMMADABAD GOHNA, POST- KHIRIYAN, DISTT- MAU",MAU,Private-Self Financing,N,N,1-2882361701,fetchdata,2023-2024,Engineering and Technology,1,1,1,1,Uttar Pradesh,1
1-36947649141,VIJAY PRATAP INSTITUTE OF TECHNOLOGY,NEAR ZAFRABAD POLICE STATION VARANASI ROAD JAUNPUR-222180,JAUNPUR,Private-Self Financing,N,N,1-2195402841,fetchdata,2023-2024,Engineering and Technology,1,1,1,1,Uttar Pradesh,1
1-36959248201,JHUNJHUNWALA P.G. COLLEGE FACULTY OF ENGINEERING AND TECHNOLOGY,"HANSAPUR,DWARIKA PURI, DABHA SEMAR , FAIZABAD",FAIZABAD,Private-Self Financing,N,N,1-1540123764,fetchdata,2023-2024,Engineering and Technology,1,1,1,1,Uttar Pradesh,1
1-36949169113,INSTITUTE OF ENGINEERING AND RURAL TECHNOLOGY,26- CHATHAM LINES  (NEAR PRAYAG RAILWAY STATION),ALLAHABAD,Private-Self Financing,N,N,1-4432041,fetchdata,2023-2024,Engineering and Technology,1,1,1,1,Uttar Pradesh,1
1-36959367693,MAHARAJA AGRASEN POLYTECHNIC COLLEGE,VILLAGE & POST : DAYANATPUR DISTRICT : GAUTAM BUDH NAGAR (U.P.),G B NAGAR,Private-Self Financing,N,N,1-482629801,fetchdata,2023-2024,Engineering and Technology,1,1,1,1,Uttar Pradesh,1
1-36947862713,MAA BUDDHA ENGINEERING AND TECHNOLOGY,MAA BUDDHA NATIONAL INSTITUTE OF ENGG. & TECHNOLOGY,AZAMGARH,Private-Self Financing,N,N,1-511605991,fetchdata,2023-2024,Engineering and Technology,1,1,1,1,Uttar Pradesh,1
1-36947989799,PRINCE INSTITUTE OF INNOVATIVE TECHNOLOGY GR. NOIDA,"PLOT NO.- 9, KNOWLEDGE PARK-III, GREATER NOIDA",GAUTAM BUDDHA NAGAR,Private-Self Financing,N,N,1-15151891,fetchdata,2023-2024,Engineering and Technology,1,1,1,1,Uttar Pradesh,1
1-36942499771,"INDIAN INSTITUTE OF HANDLOOM TECHNOLOGY, VARANASI",CHOWKAGHAT  VARANASI - 221002 (UP),VARANASI,Government,N,N,1-581901631,fetchdata,2023-2024,Engineering and Technology,1,1,1,1,Uttar Pradesh,1
1-36948052439,SURYA POLITECHNIC FOR ENGINEERING & TECHNOLOGY,VILL. DHARMPUR 5 BISWA (BHATIYANA) PO. BHATIYANA,GHAZIABAD,Private-Self Financing,N,N,1-722650141,fetchdata,2023-2024,Engineering and Technology,1,1,1,1,Uttar Pradesh,1
1-36948172378,AMBALIKA INSTITUTE OF PROFESSIONAL STUDIES,"GRAM TIKRA, MAURAWAN ROAD, MOHANLALGANJ,LUCKNOW",LUCKNOW,Private-Self Financing,N,N,1-2883472321,fetchdata,2023-2024,Engineering and Technology,1,1,1,1,Uttar Pradesh,1
1-36949597041,SSLD VARSHNEY ENGINEERING COLLEGE ALIGARH,13 K.M STONE ON ALIGARH-KANPUR GT ROAD NH 91,ALIGARH,Private-Self Financing,N,N,1-40578521,fetchdata,2023-2024,Engineering and Technology,1,1,1,1,Uttar Pradesh,1
1-36955148614,"GOVERNMENT POLYTECHNIC , JHANSI",GWALIOR ROAD JHANSI,JHANSI,Government,N,N,1-491388531,fetchdata,2023-2024,Engineering and Technology,1,1,1,1,Uttar Pradesh,1
1-36942818920,MADAN MOHAN MALAVIYA UNIVERSITY OF TECHNOLOGY,MADAN MOHAN MALAVIYA ENGINEERING COLLEGE DEORIA ROAD  GORAKHPUR-273010,GORAKHPUR,Govt aided,N,N,1-5435425,fetchdata,2023-2024,Engineering and Technology,1,1,1,1,Uttar Pradesh,1
1-36553431536,INGRAHAM POLYTECHNIC,HAPUR ROAD,GHAZIABAD,Private-Self Financing,N,Y,1-495353761,fetchdata,2023-2024,Engineering and Technology,1,1,1,1,Uttar Pradesh,1
1-36550331813,ASIAN INSTITUTE OF RURAL TECHNOLOGY,"VILLAGE-SEKHUPUR,POST-BAGHPUR,KANPUR DEHAT",RAMABAI NAGAR (KANPUR DEHAT),Private-Self Financing,N,N,1-2845390761,fetchdata,2023-2024,Engineering and Technology,1,1,1,1,Uttar Pradesh,1
1-36563418632,"GOVT.GIRLS POLYTECHNIC,MORADABAD",KANTH ROAD NEAR HARTHALA MORADABD,MORADABAD,Government,Y,N,1-511310971,fetchdata,2023-2024,Engineering and Technology,1,1,1,1,Uttar Pradesh,1
1-36552087282,DNM INSTITUTE OF ENGINEERING & TECHNOLOGY," VILLAGE-  SARAI SHEHZADI, PARGANA- BIJNAUR, P.O. BANTHARA LUCKNOW PIN- 227101",LUCKNOW,Private-Self Financing,N,N,1-474054481,fetchdata,2023-2024,Engineering and Technology,1,1,1,1,Uttar Pradesh,1
1-36563451343,CENTRAL INSTITUTE OF PETROCHEMICALS ENGINEERING & TECHNOLOGY (CIPET),"B-27 AMAUSI INDUSTRIAL AREA, NADARGANJ, LUCKNOW",LUCKNOW,Government,N,N,1-492922931,fetchdata,2023-2024,Engineering and Technology,1,1,1,1,Uttar Pradesh,1
1-36569321996,GOVERNMENT GIRLS POLYTECHNIC. ARNIA,"THHENGORA MADKAULA,  TAH. KHURJA ",BULANDSHAHAR,Government,Y,N,1-3726732291,fetchdata,2023-2024,Engineering and Technology,1,1,1,1,Uttar Pradesh,1
1-36571853079,R. K. POLYTECHNIC COLLEGE,"VILL - SARAI LANGER (SAKURABAD) POST - JAHANABAD, TEHSIL - BINDKI, DISTT - FATEHPUR",FATEHPUR,Private-Self Financing,N,N,1-3737349121,fetchdata,2023-2024,Engineering and Technology,1,1,1,1,Uttar Pradesh,1
1-36553743855,RISHI INSTITUTE OF ENGINNERING AND TECHNOLOGY,"DELHI-DEHRADUN BYPASS ROAD, PARTAPUR, MEERUT-250103",MEERUT,Private-Self Financing,N,N,1-9408471,fetchdata,2023-2024,Engineering and Technology,1,1,1,1,Uttar Pradesh,1
1-36557832445,KUNWAR SATYAVIRA COLLEGE OF ENGINEERING AND MANAGEMENT,VIRA COLLEGE OF ENGINEERING BARRAGE ROAD OPP. NEW TELEPHONE EXCHANGE BIJNOR-246701,BIJNOR,Private-Self Financing,N,N,1-9757731,fetchdata,2023-2024,Engineering and Technology,1,1,1,1,Uttar Pradesh,1
1-36557863471,INSTITUTE OF ENGG. & RURAL TECHNOLOGY,"26, CHATHAM LINE",ALLAHABAD,Govt aided,N,N,1-495597721,fetchdata,2023-2024,Engineering and Technology,1,1,1,1,Uttar Pradesh,1
1-36556523373,CHANDAULI POLYTECHNIC CHANDAULI,CHANDAULI POLYTECHNIC CHANDAULI,CHANDAULI,Govt aided,N,N,1-489218631,fetchdata,2023-2024,Engineering and Technology,1,1,1,1,Uttar Pradesh,1
1-36559523720,GOVT.POLYTECHNIC GHATAMPUR,RAMSARI ROAD GHATAMPUR KANPUR,KANPUR NAGAR,Government,N,N,1-506477541,fetchdata,2023-2024,Engineering and Technology,1,1,1,1,Uttar Pradesh,1
1-36555328704,SUBHARTI INSTITUTE OF TECHNOLOGY AND ENGINEERING,NH-58 SUBHARTIPURAM  DELHI-MEERUT-HARDIWAR BY PASS ROAD,MEERUT,Private-Self Financing,N,N,1-458360541,fetchdata,2023-2024,Engineering and Technology,1,1,1,1,Uttar Pradesh,1
1-36561168663,"GOVERNMENT POLYTECHNIC KENAURA, SULTANPUR, UTTAR PRADESH","KENAURA, LAMBHUA SULTANPUR UTTAR PRADESH",SULTANPUR,Government,N,N,1-2858236601,fetchdata,2023-2024,Engineering and Technology,1,1,1,1,Uttar Pradesh,1
1-36562608470,BHARAT INSTITUTE OF TECHNOLOGY (SCHOOL OF ENGINEERING),"BY PASS ROAD, PARTAPUR, MEERUT",MEERUT,Private-Self Financing,N,N,1-6050863,fetchdata,2023-2024,Engineering and Technology,1,1,1,1,Uttar Pradesh,1
1-36552899535,GOVERNMENT POLYTECHNIC SARSAI RATH HAMIRPUR,GOVERNMENT POLYTECHNIC SARSAI RATH HAMIRPUR,HAMIRPUR,Government,N,N,1-2103006811,fetchdata,2023-2024,Engineering and Technology,1,1,1,1,Uttar Pradesh,1
1-36561206370,GOVERNMENT POLYTECHNIC NIKARIKA RAJGARH MIRZAPUR,"VILLAGE: NIKARIKA,POST:RAJGARH,TEHSIL:MADIHAN, MIRZAPUR",MIRZAPUR,Government,N,N,1-2853619771,fetchdata,2023-2024,Engineering and Technology,1,1,1,1,Uttar Pradesh,1
1-36549508193,GOVERNMENT POLYTECHNIC CHAMRAUA RAMPUR,"GOVERNMENT POLYTECHNIC, VILL-NAUGAWAN, BLOCK-CHAMRAUA, DISTT-RAMPUR (U. P.)",RAMPUR,Government,N,N,1-4796027881,fetchdata,2023-2024,Engineering and Technology,1,1,1,1,Uttar Pradesh,1
1-36564191889,"GOVERNMENT POLYTECHNIC BAIJPUR BHITI,AMBEDKARNAGAR","BAIJPUR NEAR SHRVAN CHHETRA,BHITI,AMBEDKARNAGAR",AMBEDKAR NAGAR,Government,N,N,1-2487426341,fetchdata,2023-2024,Engineering and Technology,1,1,1,1,Uttar Pradesh,1
1-36565661054,DR. DASHRATH CHAUDHARY INSTITUTE OF TECHNOLOGY,BANSI (SIDDHARTH NAGAR),SIDDHARTHNAGAR,Private-Self Financing,N,N,1-479595311,fetchdata,2023-2024,Engineering and Technology,1,1,1,1,Uttar Pradesh,1
1-36562887688,SITAPUR SHIKSHA SANSTHAN GROUP OF INSTITUTIONS,"RESORA ,SITAPUR",SITAPUR,Private-Self Financing,N,N,1-11478661,fetchdata,2023-2024,Engineering and Technology,1,1,1,1,Uttar Pradesh,1
1-36565782286,RAM-EESH INSTITUTE OF ENGINEERING AND TECHNOLOGY,"PLOT NO.3,KNOWLEDGE PARK-I,KASNA ROAD,GREATER NOIDA (U.P-201310)",GAUTHAM BUDDHA NAGAR,Private-Self Financing,N,N,1-3931981,fetchdata,2023-2024,Engineering and Technology,1,1,1,1,Uttar Pradesh,1
1-36540291456,MAHAMAYA POLYTECHNIC FOR INFORMATION TECHNOLOGY,KASGANJ,KASHIRAMNAGAR (KASHGANJ),Government,N,N,1-3348019071,fetchdata,2023-2024,Engineering and Technology,1,1,1,1,Uttar Pradesh,1
1-36548884018,MODINAGAR INSTITUTE OF TECHNOLOGY,"3RD KM. MILESTONE, NIWARI ROAD, MODINAGAR GHAZIABAD",GHAZIABAD,Private-Self Financing,N,N,1-21349201,fetchdata,2023-2024,Engineering and Technology,1,1,1,1,Uttar Pradesh,1
1-36548617581,KCMT CAMPUS 2 PREM PRAKASH GUPTA INSTITUTE OF ENGINEERING,"16.1 KM.STONE, BAREILLY LUCKNOW ROAD",BAREILLY,Private-Self Financing,N,N,1-7689101,fetchdata,2023-2024,Engineering and Technology,1,1,1,1,Uttar Pradesh,1
1-36541887111,INDRA MOHAN CHAUHAN MEMORIAL POLYTECHNIC,VILLAGE- TADWA CHAUBEPUR POST- KARHA THANA/TEHSIL- MOHAMMADABAD GOHANA,MAU,Private-Self Financing,N,N,1-3348012821,fetchdata,2023-2024,Engineering and Technology,1,1,1,1,Uttar Pradesh,1
1-36529921356,SATYADEV INSTITUTE OF TECHNOLOGY,"GADHIPURAM (BORSIYA), POST- FADANPUR, GHAZIPUR UP",GHAZIPUR,Private-Self Financing,N,N,1-450160753,fetchdata,2023-2024,Engineering and Technology,1,1,1,1,Uttar Pradesh,1
1-36543522363,GREATER NOIDA INSTITUTE OF TECHNOLOGY,"PLOT NO. 6-C, KNOWLEDGE PARK - II,",GAUTAM BUDDHA NAGAR,Private-Self Financing,N,N,1-3348014011,fetchdata,2023-2024,Engineering and Technology,1,1,1,1,Uttar Pradesh,1
1-36528544667,A.S.M.POLYTECHNIC,BSA ENGINEERING COLLEGE ROAD MATHURA (UP),MATHURA,Private-Self Financing,N,N,1-3348018558,fetchdata,2023-2024,Engineering and Technology,1,1,1,1,Uttar Pradesh,1
1-36544996606,LALSA INSTITUTE OF ENGINEERING & RURAL TECHNOLOGY,"VILLAGE & POST- RAIPUR, TEHSIL- JAKHANIYA, GHAZIPUR(UP)",GHAZIPUR,Private-Self Financing,N,N,1-3348014191,fetchdata,2023-2024,Engineering and Technology,1,1,1,1,Uttar Pradesh,1
1-36540937373,ZAKIR HUSAIN COLLEGE OF ENGINEERING & TECHNOLOGY,ZAKIR HUSAIN COLLEGE OF ENGINEERIING & TECHNOLOGY ALIGARH MUSLIM UNIVERSITY ALIGARH - 202002,ALIGARH,Central University,N,N,1-2519321631,fetchdata,2023-2024,Engineering and Technology,1,1,1,1,Uttar Pradesh,1
1-36534502461,KRISHNA INSTITUTE OF POLYTECHNIC,"6 MILESTONE, BIJNOR NOORPUR ROAD, BIJNOR",BIJNOR,Private-Self Financing,N,N,1-3372287821,fetchdata,2023-2024,Engineering and Technology,1,1,1,1,Uttar Pradesh,1
1-36538969539,GOVT POLYTECHNIC GHAZIABAD,D BLOCK SHASTRI NAGAR HAPUR ROAD,GHAZIABAD,Government,N,N,1-508787873,fetchdata,2023-2024,Engineering and Technology,1,1,1,1,Uttar Pradesh,1
1-36546573278,GOVERNMENT POLYTECHNIC JAMUNIA DEEH HARAKH (BARABANKI),GOVERNMENT POLYTECHNIC JAMUNIA DEEH HARAKH BARABANKI,BARABANKI,Government,N,N,1-3381574901,fetchdata,2023-2024,Engineering and Technology,1,1,1,1,Uttar Pradesh,1
1-36537900201,GOVERNMENT POLYTECHNIC KATAI JOYA,"GOVERNMENT POLYTECHNIC KATAI, JOYA, J.P NAGAR",J P NAGAR,Government,N,N,1-4812366031,fetchdata,2023-2024,Engineering and Technology,1,1,1,1,Uttar Pradesh,1
1-36976097547,ADARSH POLYTECHNIC COLLEGE,"VILLAGE -  GAURA GARH, POST- KOTIYA GADORI, TEHSIL- BANSI, DISTRICT - SIDHARTHNAGAR",SIDDHARTHNAGAR,Private-Self Financing,N,N,1-7999456101,fetchdata,2023-2024,Engineering and Technology,1,1,1,1,Uttar Pradesh,1
1-36970323174,GYAN BHARTI INSTITUTE OF TECHNOLOGY,"GYAN NAGAR, OPP. ANSAL SUSHANT CITY, NH-58, PARTAPUR BY-PASS ROAD, MEERUT-250002",MEERUT,Private-Self Financing,N,N,1-2893381,fetchdata,2023-2024,Engineering and Technology,1,1,1,1,Uttar Pradesh,1
1-36969096549,GOVERNMENT POLYTECHNIC ATRAULIA AZAMGARH RUN BY AICCEDS,VILLAGE-MAKRAHA TEHSIL-ATRAULIA BUDHANPUR 276142,AZAMGARH,Government,N,N,1-10130383231,fetchdata,2023-2024,Engineering and Technology,1,1,1,1,Uttar Pradesh,1
1-36974086983,CHHATRAPATI SHAHU JI MAHARAJ UNIVERSITY,KALYANPUR,KANPUR NAGAR,State Government University,N,N,1-11334228611,fetchdata,2023-2024,Engineering and Technology,1,1,1,1,Uttar Pradesh,1
1-36962569110,SHRI RAMSWAROOP MEMORIAL COLLEGE OF ENGINEERING AND MANAGEMENT,"TEWARIGANJ, FAIZABAD ROAD",LUCKNOW,Private-Self Financing,N,N,1-6383651,fetchdata,2023-2024,Engineering and Technology,1,1,1,1,Uttar Pradesh,1
1-36969278729,SHIVA POLITECHNIC INST.&MANAGEMENT COLLEGE,JAULI ROAD BILASPUR,MUZAFFARNAGAR,Private-Self Financing,N,N,1-475972421,fetchdata,2023-2024,Engineering and Technology,1,1,1,1,Uttar Pradesh,1
1-36962733715,AMBITION INSTITUTE OF TECHNOLOGY,"G.T. ROAD, PARAO,NEAR PUNEET AUTOMOBILES",VARANASI,Private-Self Financing,N,N,1-450289281,fetchdata,2023-2024,Engineering and Technology,1,1,1,1,Uttar Pradesh,1
1-36975468806,DR. BHIMRAO AMBEDKAR UNIVERSITY,KHANDARI CAMPUS,AGRA,State Government University,N,N,1-11635553091,fetchdata,2023-2024,Engineering and Technology,1,1,1,1,Uttar Pradesh,1
1-36976587478,LAKSHYA TECHNICAL CAMPUS,POWAYAN ROAD,SHAHJAHANPUR,Private-Self Financing,N,N,1-510146471,fetchdata,2023-2024,Engineering and Technology,1,1,1,1,Uttar Pradesh,1
1-36963569029,GOVERNMENT POLYTECHNIC MIRZAPUR,REEWA ROAD BATHUA MIRZAPUR,MIRZAPUR,Government,N,N,1-495532861,fetchdata,2023-2024,Engineering and Technology,1,1,1,1,Uttar Pradesh,1
1-36966309777,MSME TECHNOLOGY CENTRE,INDUSTRIAL ESTATE KALPI ROAD KANPUR,KANPUR NAGAR,Government,N,N,1-9554526951,fetchdata,2023-2024,Engineering and Technology,1,1,1,1,Uttar Pradesh,1
1-36976097955,SHANTI NIKETAN GROUP OF INSTITUTIONS,"VILLAGE-IKLA, GOON-GEJHA ROAD, MOHIUDDINPUR-250 205, MEERUT (U.P.)",MEERUT,Private-Self Financing,N,N,1-4866573,fetchdata,2023-2024,Engineering and Technology,1,1,1,1,Uttar Pradesh,1
1-36969644146,NARAINA COLLEGE OF ENGINEERRING & TECHNOLOGY,"1423/1, RATANPUR, PANKI, KANPUR-208020 (UP) INDIA",KANPUR NAGAR,Private-Self Financing,N,N,1-6414801,fetchdata,2023-2024,Engineering and Technology,1,1,1,1,Uttar Pradesh,1
1-36973514679,PRATEEK SINGH SIDDHARTH POLYTECHNIC COLLEGE,"PRATEEK SINGH SIDDHARTH POLYTECHNIC COLLEGE, VILL-KARAUNDA MASINA, POST- DEORA BAZAR, DIST- SIDDHARTH NAGAR",SIDDHARTHNAGAR,Private-Self Financing,N,N,1-11321274571,fetchdata,2023-2024,Engineering and Technology,1,1,1,1,Uttar Pradesh,1
1-36972613379,CENTRAL INSTITUTE OF PETROCHEMICALS ENGINEERING AND TECHNOLOGY,"CIPET, CHUNAR ROAD, KARSARA, NO. 828 & 821, VILL- KARSARA, TEHSIL- RAJA TALAB, VARANASI, UTTAR PRADESH, PIN- 221011",VARANASI,Government,N,N,1-11293273821,fetchdata,2023-2024,Engineering and Technology,1,1,1,1,Uttar Pradesh,1
1-36962993041,IIMT COLLEGE OF ENGINEERING,"PLOT NO A-20, KP-III, GREATER NOIDA",GAUTAM BUDDHA NAGAR,Private-Self Financing,N,N,1-7435011,fetchdata,2023-2024,Engineering and Technology,1,1,1,1,Uttar Pradesh,1
1-36968761938,GOVERNMENT POLYTECHNIC RUN BY PPP MODE,KULPAHAD MAHOBA,MAHOBA,Government,N,N,1-10163270611,fetchdata,2023-2024,Engineering and Technology,1,1,1,1,Uttar Pradesh,1
1-38683576076,INDRAPRASTHA INSTITUTE OF MANAGEMENT & TECHNOLOGY,"VILL: UMAHI (KOTA),SAHARANPUR MUZZAFAR NAGAR STATE HIGHWAY,SAHARANPUR",SAHARANPUR,Private-Self Financing,N,N,1-18909921,fetchdata,2023-2024,Engineering and Technology,1,1,1,1,Uttar Pradesh,1
1-38667667589,B R GAUTAM POLYTECHNIC INSTITUTE,RAJAPUR,JAUNPUR,Private-Self Financing,N,N,1-3512284844,fetchdata,2023-2024,Engineering and Technology,1,1,1,1,Uttar Pradesh,1
1-36496716462,SR INSTITUTE OF MANAGEMENT& TECHNOLOGY,"BHAISAMAU, BAKSHI KA TALAB, LUCKNOW",LUCKNOW,Private-Self Financing,N,N,1-21788371,fetchdata,2023-2024,Engineering and Technology,1,1,1,1,Uttar Pradesh,1
1-36497753336,BABU BANARSI DAS INSTITUTE OF TECHNOLOGY,"7TH K.M. FROM GHAZIABAD ON N.H. 58, DELHI-MEERUT ROAD, DUHAI, GHAZIABAD (U.P.)",GHAZIABAD,Private-Self Financing,N,N,1-5551151,fetchdata,2023-2024,Engineering and Technology,1,1,1,1,Uttar Pradesh,1
1-36497776095,KALKA INSTITUTE FOR RESEARCH AND ADVANCED STUDIES,PARTA PUR  BYEPASS ROAD MEERUT,MEERUT,Private-Self Financing,N,N,1-22275071,fetchdata,2023-2024,Engineering and Technology,1,1,1,1,Uttar Pradesh,1
1-36497798814,SAVITRIBAI PHULE GOVERNMENT POLYTECHNIC,HARRA KI CHUNGI,AZAMGARH,Government,N,N,1-500004921,fetchdata,2023-2024,Engineering and Technology,1,1,1,1,Uttar Pradesh,1
1-36490828579,ABHAY MEMORIAL TRUST GROUP OF INSTITUTIONS,"366 AKBARPUR, SALLAPUR",ALLAHABAD,Private-Self Financing,N,N,1-5325231,fetchdata,2023-2024,Engineering and Technology,1,1,1,1,Uttar Pradesh,1
1-36495800213,"KAMLA NEHRU INSTITUTE OF TECHNOLOGY , SULTANPUR","KAMLA NEHRU INSTITUTE OF TECHNOLOGY, SULTANPUR 228118 (U.P)",SULTANPUR,Govt aided,N,N,1-9932280,fetchdata,2023-2024,Engineering and Technology,1,1,1,1,Uttar Pradesh,1
1-36493882388,BEACON INSTITUTE OF TECHNOLOGY,"BY PASS ROAD PARTAPUR, MEERUT",MEERUT,Private-Self Financing,N,N,1-483969241,fetchdata,2023-2024,Engineering and Technology,1,1,1,1,Uttar Pradesh,1
1-36498894699,KHWAJA MOINUDDIN CHISHTI URDU ARABI FARSI UNIVERSITY,"SITAPUR-HARDOI BYPASS ROAD , LUCKNOW â 226013",LUCKNOW,Government,N,N,1-4296400611,fetchdata,2023-2024,Engineering and Technology,1,1,1,1,Uttar Pradesh,1
1-36488945907,SHRI GIRRAJ MAHARAJ POLYTECHNIC COLLEGE,"7KM, MATHURA-BHRATPUR STATE HIGHWAY, VIILL.-MUNDESI,P.O.-DHANGAON. MATHURA",MATHURA,Private-Self Financing,N,N,1-474806531,fetchdata,2023-2024,Engineering and Technology,1,1,1,1,Uttar Pradesh,1
1-36490018852,RISHI RAMNARESH TECHNICAL INSTITUTE,VILL+ PO - MOLANAPUR (DUBARI) TEHSHIL MADHUBAN,MAU,Private-Self Financing,N,N,1-460724781,fetchdata,2023-2024,Engineering and Technology,1,1,1,1,Uttar Pradesh,1
1-36498999818,"J.S. UNIVERSITY, SHIKOHABAD","5 KM, MAINPURI ROAD, SHIKOHABAD, DISTT.- FIROZABAD, UP",FIROZABAD,State Private University,N,N,1-4429201,fetchdata,2023-2024,Engineering and Technology,1,1,1,1,Uttar Pradesh,1
1-36499000517,FACULTY OF ENGINEERING AND TECHNOLOGY,"G.T. ROAD, MANDHANA,KANPUR",KANPUR NAGAR,Private-Self Financing,N,N,1-20654821,fetchdata,2023-2024,Engineering and Technology,1,1,1,1,Uttar Pradesh,1
1-36473110703,INDU PRAKASH POLYTECHNIC COLLEGE,"VILL+POST-HALDHARPUR, DISTT- MAU",MAU,Private-Self Financing,N,N,1-2890153004,fetchdata,2023-2024,Engineering and Technology,1,1,1,1,Uttar Pradesh,1
1-36479981277,ALIGARH COLLEGE OF ENGINEERING AND TECHNOLOGY,"3 KM FROM SASNI GATE, AT ALIGARH-MATHURA ROAD, ALIGARH.",ALIGARH,Private-Self Financing,N,N,1-9275577,fetchdata,2023-2024,Engineering and Technology,1,1,1,1,Uttar Pradesh,1
1-36475053127,BABU BANARASI DAS NORTHERN INDIA INSTITUTE OF TECHNOLOGY,"SECTOR-II, DR. AKHILESH DAS NAGAR, FAIZABAD ROAD,CHINHAT",LUCKNOW,Private-Self Financing,N,N,1-12993504,fetchdata,2023-2024,Engineering and Technology,1,1,1,1,Uttar Pradesh,1
1-36472423135,"SHANTI INSTITUTE OF TECHNOLOGY (B.TECH,CS, IT, EC, ME, CE, EE) & MBA","SHANTI PURAM, KURALI BAGHPAT ROAD, MEERUT- 250501",MEERUT,Private-Self Financing,N,N,1-5285551,fetchdata,2023-2024,Engineering and Technology,1,1,1,1,Uttar Pradesh,1
1-36469816525,BUDDHA INSTITUTE OF TECHNOLOGY,"CL-1, SECTOR-7 VILL-BADGAHAN GIDA GORAKHPUR PIN-273209",GORAKHPUR,Private-Self Financing,N,N,1-11680601,fetchdata,2023-2024,Engineering and Technology,1,1,1,1,Uttar Pradesh,1
1-36472672012,SHANTI INSTITUTE OF TECHNOLOGY (DIPLOMA IN ENGINEERING),"VILL+POST- KURALI, BAGHPAT ROAD, MEERUT",MEERUT,Private-Self Financing,N,N,1-460238021,fetchdata,2023-2024,Engineering and Technology,1,1,1,1,Uttar Pradesh,1
1-36469882268,CBS COLLEGE OF POLYTECHNIC,"C.B.S COLLEGE OF POLYTECHIC, VILLEGE-POIYA,PILI POKHAR, ALIGARH ROAD, AGRA-282006",AGRA,Private-Self Financing,N,N,1-751030791,fetchdata,2023-2024,Engineering and Technology,1,1,1,1,Uttar Pradesh,1
1-36473375255,BHAGWATI INSTITUTE OF TECHNOLOGY & SCIENCE,"BHAGWATI KNOWLEDGE PARK, NH 24, DELHI-HAPUR ROAD, NEAR MASAURI CANAL, MASAURI, GHAZIABAD",GHAZIABAD,Private-Self Financing,N,N,1-2889771,fetchdata,2023-2024,Engineering and Technology,1,1,1,1,Uttar Pradesh,1
1-36478515746,BABA BINDESHWARI SINGH INSTITUTE OF TECHNOLOGY AND MANAGEMENT,"MURDAHA, SINDHORA ROAD",VARANASI,Private-Self Financing,N,N,1-450600351,fetchdata,2023-2024,Engineering and Technology,1,1,1,1,Uttar Pradesh,1
1-36479658607,"GOVERNMENT POLYTECHNIC MOHAMMAD PUR (GITI CAMPUS), BAHRAICH","GOVERNMENT POLYTECHNIC MOHAMMAD PUR (GITI CAMPUS), NANPARA ROAD,  BAHRAICH",BAHRAICH,Government,N,N,1-1573026321,fetchdata,2023-2024,Engineering and Technology,1,1,1,1,Uttar Pradesh,1
1-36476702763,MEERUT INTERNATIONAL INSTITUTE OF TECHNOLOGY,GHAT ROAD NEAR SUBHARTI MEDICAL COLLEGE N.H. 58 (PARTAPUR BYE PASS),MEERUT,Private-Self Financing,N,N,1-9017377,fetchdata,2023-2024,Engineering and Technology,1,1,1,1,Uttar Pradesh,1
1-36475785027,"BAHAB DR. BHIM RAM AMBEDKAR COLLEGE OF AGRIL. ENGG. & TECHNOLOGY, ETAWAH (CSAUA&T, KANPUR)",BABA SAHAB DR. BHIM RAO AMBEDKAR COLLEGE OF AGRIL. ENGG. & TECHNOLOGY ETAWAH  NEAR GOVT. HOSPITAL AGRA ROAD ETAWAH,ETAWAH,Government,N,N,1-482001351,fetchdata,2023-2024,Engineering and Technology,1,1,1,1,Uttar Pradesh,1
1-36474216077,INSTITUTE OF TECHNOLOGY & MANAGEMENT(341),ALIGARH PALAWAL DELHI ROAD  KARSUA ALIGARH,ALIGARH,Private-Self Financing,N,N,1-5715647,fetchdata,2023-2024,Engineering and Technology,1,1,1,1,Uttar Pradesh,1
1-36479980698,ANJANA INSTITUTE OF TECHNICAL EDUCATION,"VILL-SANKROULI, MADUPUR POST-AJGARA,PRATAPGARH",PRATAPGARH,Private-Self Financing,N,N,1-493198401,fetchdata,2023-2024,Engineering and Technology,1,1,1,1,Uttar Pradesh,1
1-36515573257,GOVT. GIRLS POLYTECHNIC,LUCKNOW,LUCKNOW,Government,Y,N,1-480272543,fetchdata,2023-2024,Engineering and Technology,1,1,1,1,Uttar Pradesh,1
1-36515575742,GOVENMENT POLYTECHNIC GHAZIPUR,MAU ROAD,GHAZIPUR,Government,N,N,1-475289081,fetchdata,2023-2024,Engineering and Technology,1,1,1,1,Uttar Pradesh,1
1-36519975036,GOEL INSTITUTE OF TECHNOLOGY & MANAGEMENT,"NEAR INDIRA CANAL, FAIZABAD ROAD, LUCKNOW-227105",LUCKNOW,Private-Self Financing,N,N,1-5729824,fetchdata,2023-2024,Engineering and Technology,1,1,1,1,Uttar Pradesh,1
1-36518663253,GOVT.GIRLS POLYTECHNIC JHANSI,GWALIOR ROAD JHANSI,JHANSI,Government,Y,N,1-479831861,fetchdata,2023-2024,Engineering and Technology,1,1,1,1,Uttar Pradesh,1
1-36517297095,GOVERNMENT POLYTECHNIC BUDAUN,BISAULI ROAD,BUDAUN,Government,N,N,1-475420653,fetchdata,2023-2024,Engineering and Technology,1,1,1,1,Uttar Pradesh,1
1-36520131146,"GOVERNMENT POLYTECHNIC, FARRUKHABAD","BEWAR ROAD, BHOLEPUR",FARRUKHABAD,Government,N,N,1-478892761,fetchdata,2023-2024,Engineering and Technology,1,1,1,1,Uttar Pradesh,1
1-36520164837,MAHAMAYA POLYTECHNIC FOR INFORMATION TECHNOLOGY,ALIGARH,ALIGARH,Government,N,N,1-2872744181,fetchdata,2023-2024,Engineering and Technology,1,1,1,1,Uttar Pradesh,1
1-36521529535,SETH GANGA SAGAR JATIA POLYTECHNIC,G.T.ROAD,BULANDSHAHAR,Government,N,N,1-495959991,fetchdata,2023-2024,Engineering and Technology,1,1,1,1,Uttar Pradesh,1
1-36517329827,D.E.I. TECHNICAL COLLEGE,"DAYALBAGH EDUCATIONAL INSTITUTE (DEEMED) UNIVERSITY, DAYALBAGH, AGRA 282005",AGRA,Govt aided,N,N,1-496299171,fetchdata,2023-2024,Engineering and Technology,1,1,1,1,Uttar Pradesh,1
1-36517420241,B K POLYTECHNIC,"NEEMGAON ROAD, BADHON RAYA, MATHURA",MATHURA,Private-Self Financing,N,N,1-2879941501,fetchdata,2023-2024,Engineering and Technology,1,1,1,1,Uttar Pradesh,1
1-36521562923,GOVT. GOVIND BALLABH PANT POLYTECHNIC,"MOHAN ROAD, LUCKNOW",LUCKNOW,Government,N,N,1-718745651,fetchdata,2023-2024,Engineering and Technology,1,1,1,1,Uttar Pradesh,1
1-36515587719,SHIVAJI INSTITUTE OF TECHNOLOGY AND MANAGEMENT,ALLAHABAD - MIRZAPUR ROAD BENDO KARCHHANA,ALLAHABAD,Private-Self Financing,N,N,1-466597743,fetchdata,2023-2024,Engineering and Technology,1,1,1,1,Uttar Pradesh,1
1-36518942412,"DR. AMBEDKAR INSTITUTE OF TECHNOLOGY FOR HANDICAPPED, U.P., KANPUR",AWADHPURI KANPUR,KANPUR NAGAR,Govt aided,N,N,1-488288631,fetchdata,2023-2024,Engineering and Technology,1,1,1,1,Uttar Pradesh,1
1-36520290889,DR. RAJENDRA PRASAD POLYTECHNIC,V.P.O.- SUNDERPUR  TEHSIL - BEHAT DISTT- SAHARANPUR,SAHARANPUR,Private-Self Financing,N,N,1-465872931,fetchdata,2023-2024,Engineering and Technology,1,1,1,1,Uttar Pradesh,1
1-36520349581,G L BAJAJ GROUP OF INSTITUTIONS,"23 KM MILESTONE, NATIONAL HIGHWAY # 2",MATHURA,Private-Self Financing,N,N,1-3925751,fetchdata,2023-2024,Engineering and Technology,1,1,1,1,Uttar Pradesh,1
1-36515551186,SARDAR VALLABH BHAI PATEL COLLEGE OF POLYTECHNIC,"233 PAPARANANAKAR PIPARA NANAKAR , BAHERI BAREILLY - 243205 UP",BAREILLY,Private-Self Financing,N,N,1-478241871,fetchdata,2023-2024,Engineering and Technology,1,1,1,1,Uttar Pradesh,1
1-36515551928,SWAMI SAHAJANAND POLYTECHNIC,"VILLAGE & POST - PATWADH KAUTUK, BLOCK BILARIYAGANJ, TEHSIL SAGRI, AZAMGARH",AZAMGARH,Private-Self Financing,N,N,1-450312581,fetchdata,2023-2024,Engineering and Technology,1,1,1,1,Uttar Pradesh,1
1-36515514437,VIVEKANAND INSTITUTE OF TECHNOLOGY & SCIENCE,"33-34 KM. MILE STONE, N.H. - 24, DELHI - HAPUR BY PASS, JINDAL NAGAR, GHAZIABAD",GHAZIABAD,Private-Self Financing,N,N,1-15868911,fetchdata,2023-2024,Engineering and Technology,1,1,1,1,Uttar Pradesh,1
1-36523314398,MANYAWAR KANSHIRAM DASAIRAM POLYTECHNIC MAHUAT BARONDHA MIRZAPUR,MAHUAT BARONDHA,MIRZAPUR,Private-Self Financing,N,N,1-518253041,fetchdata,2023-2024,Engineering and Technology,1,1,1,1,Uttar Pradesh,1
1-36523348865,"GOVERNMENT POLYTECHNIC MAWANA KHURD ,MEERUT","BAHSUMA ROAD , NEAR DIET CAMPUS,  MAWANA KHURD , MAWANA MEERUT",MEERUT,Government,N,N,1-2859350991,fetchdata,2023-2024,Engineering and Technology,1,1,1,1,Uttar Pradesh,1
1-36523406545,"INSTITUTE OF ENGINEERING & TECHNOLOGY, MJP ROHILKHAND UNIVERSITY",PILIBHIT BY PASS ROAD,BAREILLY,State Government University,N,N,1-18440821,fetchdata,2023-2024,Engineering and Technology,1,1,1,1,Uttar Pradesh,1
1-36520705423,GOVT.POLYTECHNIC ETAH,"SIKANDRARAO-ETAH ROAD,NAGARIA ETAH",ETAH,Government,N,N,1-1561615141,fetchdata,2023-2024,Engineering and Technology,1,1,1,1,Uttar Pradesh,1
1-36515563272,BABA VISHWANATH INSTITUTE OF TECHNOLOGY,"AMNAVE, POST- MAHUJA, BLOCK MARTIN GANJ, TEHSIL- PHOOLPUR,",AZAMGARH,Private-Self Financing,N,N,1-455978431,fetchdata,2023-2024,Engineering and Technology,1,1,1,1,Uttar Pradesh,1
1-36591116744,SR GROUP OF INSTITUTIONS," 16 KM. GWALIOR ROAD, AMBABAI, JHANSI",JHANSI,Private-Self Financing,N,N,1-9870715,fetchdata,2023-2024,Engineering and Technology,1,1,1,1,Uttar Pradesh,1
1-36588303510,RUDRA POLYTECHNIC,"VILLAGE & POST- GAURA, TEHSIL- MEHNAGAR",AZAMGARH,Private-Self Financing,N,N,1-3755231331,fetchdata,2023-2024,Engineering and Technology,1,1,1,1,Uttar Pradesh,1
1-36585531753,TIRUPATI COLLEGE OF ENGINEERING,"VILLAGE-BENDOWA BLOCK MOHANLALGANJ, RAEBARELI RAOD, LUCKNOW",LUCKNOW,Private-Self Financing,N,N,1-798862511,fetchdata,2023-2024,Engineering and Technology,1,1,1,1,Uttar Pradesh,1
1-36501153814,MAHAMAYA POLYTECHNIC OF INFORMATION TECHNOLOGY,"BACHRAUN, J.P.NAGAR",J P NAGAR,Government,N,N,1-508444131,fetchdata,2023-2024,Engineering and Technology,1,1,1,1,Uttar Pradesh,1
1-36591935908,RAJKIYA ENGINEERING COLLEGE SONBHADRA,RAJKIYA ENGINEERING COLLEGE SONBHADRA,SONBHADRA,Government,N,N,1-4362684082,fetchdata,2023-2024,Engineering and Technology,1,1,1,1,Uttar Pradesh,1
1-36501242294,GOVERNMENT POLYTECHNIC CHANDAUSI,"ITI CAMPUS, CHANDAUSI",BHIMNAGAR (SAMBHAL),Government,N,N,1-2479451651,fetchdata,2023-2024,Engineering and Technology,1,1,1,1,Uttar Pradesh,1
1-36502226910,J.P. INSTITUTE OF TECHNOLOGY & MANAGEMENT,"4.0 K.M. STONE MOHANLALGANJ KANPUR BYPASS ROAD, VILLAGE- BHASANDA PARGANA- NIGOHA TEHSIL - MOHANLALGANJ, LUCKNOW",LUCKNOW,Private-Self Financing,N,N,1-3348013468,fetchdata,2023-2024,Engineering and Technology,1,1,1,1,Uttar Pradesh,1
1-36502227399,ACHARY BALDEV POLYTECHNIC COLLEGE,"VILLAGE- KOPA, POST- PATARAHI, GHAZIPUR",JAUNPUR,Private-Self Financing,N,N,1-3357858051,fetchdata,2023-2024,Engineering and Technology,1,1,1,1,Uttar Pradesh,1
1-36503248529,SURESH DEEP POLYTECHNIC,"NH-24 DELHI- HAPUR ROAD, GHAZIABAD",GHAZIABAD,Private-Self Financing,N,N,1-2081614431,fetchdata,2023-2024,Engineering and Technology,1,1,1,1,Uttar Pradesh,1
1-36503292077,RADHA KRISHAN POLYTECHNIC COLLEGE,"SHUKLA KI PULIYA, HARIDWAR ROAD, DIST-MORADABAD",MORADABAD,Private-Self Financing,N,N,1-2194221261,fetchdata,2023-2024,Engineering and Technology,1,1,1,1,Uttar Pradesh,1
1-36504271079,APOLLO INSTITUTE OF TECHNOLOGY,"VILL. SUNDHELA, BLOCK SARSAUL, KANPUR",KANPUR NAGAR,Private-Self Financing,N,N,1-8889121,fetchdata,2023-2024,Engineering and Technology,1,1,1,1,Uttar Pradesh,1
1-36584462941,MAA SHARDA INSTITUTE OF TECHNOLOGY,"VILLAGE & POST- GAHAZI, TEHSIL- BURHANPUR",AZAMGARH,Private-Self Financing,N,N,1-3716062721,fetchdata,2023-2024,Engineering and Technology,1,1,1,1,Uttar Pradesh,1
1-36502313889,SP MEMORIAL INSTITUTE TECHNOLOGY,"G.T.KANPUR ROAD, KAUSHAMBI, ALLAHABAD",ALLAHABAD,Private-Self Financing,N,N,1-12974226,fetchdata,2023-2024,Engineering and Technology,1,1,1,1,Uttar Pradesh,1
1-36592189967,GOVERNMENT POLYTECHNIC SHAMSHABAD AGRA,VILAAGE KOLARA KALAN POST DAUKI  FATEHABAD ROAD AGRA  283111,AGRA,Government,N,N,1-4572030711,fetchdata,2023-2024,Engineering and Technology,1,1,1,1,Uttar Pradesh,1
1-36584540234,RAJKIYA ENGINEERING COLLEGE KANNAUJ,"TIRWA, KANNAUJ",KANNAUJ,Government,N,N,1-3725944831,fetchdata,2023-2024,Engineering and Technology,1,1,1,1,Uttar Pradesh,1
1-36584682600,"GOVERNMENT POLYTECHNIC, GORAKHPUR","OPPOSITE- N.E.RAILWAY MECHANICAL WORKSHOP, NEAR- ASURAN CHOWK, GORAKHPUR",GORAKHPUR,Government,N,N,1-496078411,fetchdata,2023-2024,Engineering and Technology,1,1,1,1,Uttar Pradesh,1
1-36588832832,ISHWARCHAND VIDYA SAGAR INSTITUTE OF TECHNOLOGY,NH-2 DELHI MATHURA HIGHWAY AKBARPUR MATHURA-281405 UP,MATHURA,Private-Self Financing,N,N,1-21298561,fetchdata,2023-2024,Engineering and Technology,1,1,1,1,Uttar Pradesh,1
1-36503453438,SVS GROUP OF INSTITIONS,"SVS EDUCATIONAL VILLAGE,GANGA NAHAR",MEERUT,Private-Self Financing,N,N,1-8549271,fetchdata,2023-2024,Engineering and Technology,1,1,1,1,Uttar Pradesh,1
1-36586147837,GAJRAJ SINGH POLYTECHNIC,"AHARPUR, JAMUNIYA, JAUNPUR",JAUNPUR,Private-Self Financing,N,N,1-3703150251,fetchdata,2023-2024,Engineering and Technology,1,1,1,1,Uttar Pradesh,1
1-36504602596,"GOVERNMENT LEATHER INSTITUTE, AGRA","INDUSTRIAL ESTATE, NUNHAI AGRA-06",AGRA,Government,N,N,1-475498331,fetchdata,2023-2024,Engineering and Technology,1,1,1,1,Uttar Pradesh,1
1-36584896175,GOVERNMENT POLYTECHNIC,"VILLAGE- JATWADA, THESIL JANSATH",MUZAFFARNAGAR,Government,N,N,1-3738849861,fetchdata,2023-2024,Engineering and Technology,1,1,1,1,Uttar Pradesh,1
1-36502603920,"GOVERNMENT POLYTECHNIC,LALITPUR","MEHRONI ROAD, LALITPUR",LALITPUR,Government,N,N,1-497355503,fetchdata,2023-2024,Engineering and Technology,1,1,1,1,Uttar Pradesh,1
1-36502604420,K L S POLYTECHNIC COLLEGE,"20TH MILESTONE BIJNOR-HARIDWAR ROAD, NEAR CHANDOK , VILL-KHUDAHERI",BIJNOR,Private-Self Financing,N,N,1-484950331,fetchdata,2023-2024,Engineering and Technology,1,1,1,1,Uttar Pradesh,1
1-36445331433,M.G. INSTITUTE OF MANAGEMENT & TECHNOLOGY,GRAM KHANDEDEV,LUCKNOW,Private-Self Financing,N,N,1-3105801,fetchdata,2023-2024,Engineering and Technology,1,1,1,1,Uttar Pradesh,1
1-36445332737,"KAMLA NEHRU INSTITUTE OF PHYSICAL & SOCIAL SCIENCES,FARIDIPUR CAMPUS SULTANPUR","KAMLA NEHRU INSTITUTE OF PHYSICAL & SOCIAL SCIENCES,FARIDIPUR CAMPUS SULTANPUR",SULTANPUR,Private-Self Financing,N,N,1-13734711,fetchdata,2023-2024,Engineering and Technology,1,1,1,1,Uttar Pradesh,1
1-36445758775,"SHRI RAM MURTI SMARAK COLLEGE OF ENGINEERING, TECHNOLOGY & RESEARCH","RAM MURTI PURAM,  PRAHLADPUR, 13KM. BAREILLY NAINITAL ROAD, BAREILLY- 243202",BAREILLY,Private-Self Financing,N,N,1-4410773,fetchdata,2023-2024,Engineering and Technology,1,1,1,1,Uttar Pradesh,1
1-36445759576,BABU BANRASI DAS INSTITUTE OF TECHNOLOGY AND MANAGEMENT(ENGG. AND TECH.),"SECTOR-I, DR. AKHILESH DAS NAGAR, FAIZABAD ROAD, LUCKNOW",LUCKNOW,Private-Self Financing,N,N,1-412781281,fetchdata,2023-2024,Engineering and Technology,1,1,1,1,Uttar Pradesh,1
1-36446751000,GOVERNMENT POLYTECHNIC FAIZABAD,LUCKNOW ROAD MUMTAJ NAGAR,FAIZABAD,Government,N,N,1-511484751,fetchdata,2023-2024,Engineering and Technology,1,1,1,1,Uttar Pradesh,1
1-36453522798,ACN COLLEGE OF ENGG. & MANAGMENT STUDIES,CHHERUT KASHIMPUR ROAD,ALIGARH,Private-Self Financing,N,Y,1-24885461,fetchdata,2023-2024,Engineering and Technology,1,1,1,1,Uttar Pradesh,1
1-36453590626,GOVERNMENT POLYTECHNIC PRATAPGARH CENTRAL ASSISTANCE,PREMDHAR PATTI RANIGANJ PRATAPGARH,PRATAPGARH,Government,N,N,1-2102786821,fetchdata,2023-2024,Engineering and Technology,1,1,1,1,Uttar Pradesh,1
1-36454828817,LUTAWAN INSTITUTE OF TECHNOLOGY AND MANAGEMENT,"SAKARA, JAITPURA, GHAZIPUR",GHAZIPUR,Private-Self Financing,N,N,1-4665304771,fetchdata,2023-2024,Engineering and Technology,1,1,1,1,Uttar Pradesh,1
1-36451643551,SARASWATI HIGHER EDUCATION AND TECHNICAL COLLEGE OF ENGINEERING,NH-56 AIRPORT ROAD NR GAS PLANT  BABATPUR VARANASI,VARANASI,Private-Self Financing,N,N,1-14863571,fetchdata,2023-2024,Engineering and Technology,1,1,1,1,Uttar Pradesh,1
1-36453591079,GOVERNMENT POLYTECHNIC,VILL SUTAVALI TEH- HASANPUR DIST J P NAGAR,J P NAGAR,Government,N,N,1-1513701431,fetchdata,2023-2024,Engineering and Technology,1,1,1,1,Uttar Pradesh,1
1-36445337151,GOVERNMENT POLYTECHNIC  KALCHINHA CHITRAKOOT,GOVERNMENT POLYTECHNIC KALCHINHA     VIL - KALCHINHA  POST BARGARH DIST - CHITRAKOOT,CHITRAKOOT,Government,N,N,1-1538603311,fetchdata,2023-2024,Engineering and Technology,1,1,1,1,Uttar Pradesh,1
1-36450677318,NEELAM COLLEGE OF ENGINEERING & TECHNOLOGY,"NEELAM COLLEGE OF ENGINEERING & TECHNOLOG,AGRA ,VILL. KORAI,TEHSI L KIROALI,AGRA-JAIPUR NH-11 ,AGRA (U.P)",AGRA,Private-Self Financing,N,N,1-6844921,fetchdata,2023-2024,Engineering and Technology,1,1,1,1,Uttar Pradesh,1
1-36450720427,SETH VISHAMBHAR NATH INSTITUTE OF ENGINEERING & TECHNOLOGY,"19TH KM MILE STONE DANIYAL PUR, SAFEDABAD. BARABANKI-225003",BARABANKI,Private-Self Financing,N,N,1-13965411,fetchdata,2023-2024,Engineering and Technology,1,1,1,1,Uttar Pradesh,1
1-36452672090,MORADABAD INSTITUTE OF TECHNOLOGY,RAM GANGA VIHAR PHASE - 2 MORADABAD,MORADABAD,Private-Self Financing,N,N,1-6029336,fetchdata,2023-2024,Engineering and Technology,1,1,1,1,Uttar Pradesh,1
1-36445341296,GOVERNMENT POLYTECHNIC BAREILLY,C. B. GANJ,BAREILLY,Government,N,N,1-494408131,fetchdata,2023-2024,Engineering and Technology,1,1,1,1,Uttar Pradesh,1
1-36450783722,"GOVT. POLYTECHNIC, JAUNPUR",JAGDISHPUR VARANASI ROAD,JAUNPUR,Government,N,N,1-486143161,fetchdata,2023-2024,Engineering and Technology,1,1,1,1,Uttar Pradesh,1
1-36454469563,NORTHERN REGIONAL INSTITUTE OF PRINTING TECHNOLOGY,TELIARGANJ,ALLAHABAD,Government,N,N,1-510129781,fetchdata,2023-2024,Engineering and Technology,1,1,1,1,Uttar Pradesh,1
1-36454523135,SUNRISE INSTITUTE OF ENGINEERING TECHNOLOGY & MANAGEMENT,"KORARI KALA, ACHALGANJ-ROAD, UNNAO",UNNAO,Private-Self Financing,N,N,1-22939033,fetchdata,2023-2024,Engineering and Technology,1,1,1,1,Uttar Pradesh,1
1-36450941356,"CHHATRAPATI SHAHUJI MAHARAJ COLLEGE OF ENGINEERING & TECHNOLOGY,","8TH MILE STONE, REWA ROAD IRADATGANJ, GHOORPUR ALLAHABAD",ALLAHABAD,Private-Self Financing,N,N,1-8693693,fetchdata,2023-2024,Engineering and Technology,1,1,1,1,Uttar Pradesh,1
1-36447227558,BUDDHA POLYTECHNIC COLLEGE,"CL-1, SECTOR-7, GIDA, GORAKHPUR",GORAKHPUR,Private-Self Financing,N,N,1-4641854271,fetchdata,2023-2024,Engineering and Technology,1,1,1,1,Uttar Pradesh,1
1-36445314159,SARVODAYA POLYTECHNIC COLLEGE,MOH.- HARBANSHPUR POST- SADAR DISTT-AZAMGARH,AZAMGARH,Private-Self Financing,N,N,1-5038991641,fetchdata,2023-2024,Engineering and Technology,1,1,1,1,Uttar Pradesh,1
1-36449244620,"COLLEGE OF ENGG. & RURAL TECHNOLOGY ,MEERUT","BY PASS ROAD, PARTAPUR, MEERUT",MEERUT,Private-Self Financing,N,N,1-2891634,fetchdata,2023-2024,Engineering and Technology,1,1,1,1,Uttar Pradesh,1
1-36450128764,HITECH INSTITUTE,"DASNA, NH-24, GHAZIABAD",GHAZIABAD,Private-Self Financing,N,N,1-4569296851,fetchdata,2023-2024,Engineering and Technology,1,1,1,1,Uttar Pradesh,1
1-36445280933,SHARDA NAND ANCHAL TECHNICAL INSTITUTE,"CHAK MEHRALLI, (MAURAHA), POST - KARSI, DISTT - BALLIA",BALLIA,Private-Self Financing,N,N,1-5097276561,fetchdata,2023-2024,Engineering and Technology,1,1,1,1,Uttar Pradesh,1
1-36447379857,BABU BANARSI DAS INSTITUTE OF ENGINEERING TECHNOLOGY & RESEARCH CENTRE,"25TH KM, ON BULANDSHAHR ANOOPSHAHR ROAD, NEAR JAHANGIRABAD, BULANDSHAHR, (NATIONAL CAPITAL REGION) 202391",BULANDSHAHAR,Private-Self Financing,N,N,1-8654601,fetchdata,2023-2024,Engineering and Technology,1,1,1,1,Uttar Pradesh,1
1-36447380569,DEWAN V.S. INSTITUTE OF ENGINEERING & TECHNOLOGY,"BY- PASS ROAD, PARTAPUR",MEERUT,Private-Self Financing,N,N,1-7459631,fetchdata,2023-2024,Engineering and Technology,1,1,1,1,Uttar Pradesh,1
1-36450187624,RAJ KUMAR GOEL INSTITUTE OF TECHNOLOGY & MANAGEMENT,"5 KM STONE, DELHI-MEERUT ROAD, NH-58, GHAZIABAD",GHAZIABAD,Private-Self Financing,N,N,1-7317231,fetchdata,2023-2024,Engineering and Technology,1,1,1,1,Uttar Pradesh,1
1-36451124408,DR. SHAKUNTALA MISRA NATIONAL REHABILITATION UNIVERSITY,"MOHAAN ROAD, LUCKNOW - 226017",LUCKNOW,Government,N,N,1-5083176221,fetchdata,2023-2024,Engineering and Technology,1,1,1,1,Uttar Pradesh,1
1-36453111614,GOVERNMENT POLYTECHNIC BACHHRAWAN,GOVINDPUR  OSAH  BACHHRAWAN    MAHARAJGAN,RAE BARELI,Government,N,N,1-4831423261,fetchdata,2023-2024,Engineering and Technology,1,1,1,1,Uttar Pradesh,1
1-36451194853,"GOVERNMENT POLYTECHNIC, ALAPUR, BUDAUN","VILL- NANDU PATTI, ALAPUR, TEHSIL - DATAGANJ, FARRUKHABAD ROAD, BUDAUN",BUDAUN,Government,N,N,1-2097242801,fetchdata,2023-2024,Engineering and Technology,1,1,1,1,Uttar Pradesh,1
1-36451240123,A.N.A COLLEGE OF ENGINEERING AND MANAGEMENT STUDIES,"VILLAGE KURTARA , AGRAS ROAD, BEHIND RUBBER FACTORY P.O. BHITAURA BAREILLY - 243501 U.P.",BAREILLY,Private-Self Financing,N,N,1-7162981,fetchdata,2023-2024,Engineering and Technology,1,1,1,1,Uttar Pradesh,1
1-36454131291,RAJ KUMAR GOEL INSTITUE OF TECHNOLOGY,"5 KM. STONE DELHI-MEERUT ROAD, GHAZIABAD (U.P.)",GHAZIABAD,Private-Self Financing,N,N,1-24371465,fetchdata,2023-2024,Engineering and Technology,1,1,1,1,Uttar Pradesh,1
1-36445249814,GOVERNMENT GIRLS POLYTECHNIC PRAYAGRAJ,"RASOOLABAD ROAD, TELIYARGANJ, ALLAHABAD - 211004",ALLAHABAD,Government,Y,N,1-475922551,fetchdata,2023-2024,Engineering and Technology,1,1,1,1,Uttar Pradesh,1
1-36445284149,"SRI ANAR DEVI KHANDELWAL MAHILA POLYTECHNIC, MATHURA","VRINDAVAN ROAD, MATHURA (U.P.)",MATHURA,Govt aided,Y,N,1-497484511,fetchdata,2023-2024,Engineering and Technology,1,1,1,1,Uttar Pradesh,1
1-36445510773,GOVERNMENT POLYTECHNIC KISHNI MAINPURI,"GRAM- SONASI, KISHNI MAINPURI",MAINPURI,Government,N,N,1-4783024811,fetchdata,2023-2024,Engineering and Technology,1,1,1,1,Uttar Pradesh,1
1-36449338133,ABSS INSTITUTE OF TECHNOLOGY,"SALARPUR, MAWANA ROAD, MEERUT,U.P",MEERUT,Private-Self Financing,N,N,1-5924881,fetchdata,2023-2024,Engineering and Technology,1,1,1,1,Uttar Pradesh,1
1-36450279891,"RAKSHPAL BAHADUR COLLEGE OF ENGINEERING & TECHNOLOGY, BAREILLY","NEAR ITBP, BUKHARA TURN, BADAUN ROAD, BAREILLY - 243001 (U.P.)",BAREILLY,Private-Self Financing,N,N,1-5115146,fetchdata,2023-2024,Engineering and Technology,1,1,1,1,Uttar Pradesh,1
1-36451307182,GOVERNMENT POLYTECHNIC LAKHIMPUR-KHERI,AIRA ROAD,LAKHIMPUR-KHERI,Government,N,N,1-514006201,fetchdata,2023-2024,Engineering and Technology,1,1,1,1,Uttar Pradesh,1
1-36452213408,INDUS INSTITUTE OF TECHNOLOGY & MANAGEMENT,"KAKWAN ROAD, VILL : BARAULI, TEHSIL : BILHAUR DISTT: KANPUR NAGAR (U.P.)",KANPUR NAGAR,Private-Self Financing,N,N,1-3954924,fetchdata,2023-2024,Engineering and Technology,1,1,1,1,Uttar Pradesh,1
1-36445250455,GOVT. GIRLS POLYTECHNIC VARANASI,"SUNDERPUR, VARANASI",VARANASI,Government,Y,N,1-487990271,fetchdata,2023-2024,Engineering and Technology,1,1,1,1,Uttar Pradesh,1
1-36445323940,NEELKANTH COLLEGE OF ENGINEERING,"NH-58, NEAR SVBP AGRICULTURE UNIVERSITY, MODIPURAM, MEERUT",MEERUT,Private-Self Financing,N,N,1-462197695,fetchdata,2023-2024,Engineering and Technology,1,1,1,1,Uttar Pradesh,1
1-36445359698,HIMALAYAN POLYTECHNIC INSTITUTE,"BANKE NAGAR CHAUARAHA,BAKSHI KA TALAB,SITAPUR ROAD ,LUCKNOW",LUCKNOW,Private-Self Financing,N,N,1-5049639901,fetchdata,2023-2024,Engineering and Technology,1,1,1,1,Uttar Pradesh,1
1-36447541599,ACN COLLEGE OF POLYTECHNIC,"ACN CITY, CHHERAT,  KASIMPUR POWER HOUSE ROAD, ALIGARH",ALIGARH,Private-Self Financing,N,Y,1-728998271,fetchdata,2023-2024,Engineering and Technology,1,1,1,1,Uttar Pradesh,1
1-36452280086,PRASAD INSTITUTE OF TECHNOLOGY,VILLAGE: PUNCH-HATIA TALUK: SADAR DISTRICT:JAUNPUR STATE: UTTER-PRADESH,JAUNPUR,Private-Self Financing,N,N,1-16962461,fetchdata,2023-2024,Engineering and Technology,1,1,1,1,Uttar Pradesh,1
1-36452327735,SHRI SIDDHI VINAYAK INSTITUTE OF TECHNOLOGY,DOHNA PITAMRAI NEAR DHONA RAILWAY STATION  P.O BHOJIPURA DISTT BAREILLY 243002,BAREILLY,Private-Self Financing,N,N,1-8021301,fetchdata,2023-2024,Engineering and Technology,1,1,1,1,Uttar Pradesh,1
1-36445643342,SAVITRI BAI PHULE GOVERMENT GIRLS POLYTECHNIC,DEHRADUN ROAD KHUMARHERA SAHARANPUR,SAHARANPUR,Government,Y,N,1-486488521,fetchdata,2023-2024,Engineering and Technology,1,1,1,1,Uttar Pradesh,1
1-36446610661,VISHVESHWARYA GROUP OF INSTITUTIONS,20KMS. FROM GHAZIABAD ON GHAZIABAD - BULANDSHAHR MAIN G.T.ROAD,GAUTAM BUDDHA NAGAR,Private-Self Financing,N,N,1-5978601,fetchdata,2023-2024,Engineering and Technology,1,1,1,1,Uttar Pradesh,1
1-36448588272,GOVERNMENT POLYTECHNIC PRATAPGARH,SULTANPUR ROAD,PRATAPGARH,Government,N,N,1-501163661,fetchdata,2023-2024,Engineering and Technology,1,1,1,1,Uttar Pradesh,1
1-36453338377,GOVERNMENT POLYTECHNIC LUCKNOW,FAIZABAD ROAD,LUCKNOW,Government,N,N,1-473905341,fetchdata,2023-2024,Engineering and Technology,1,1,1,1,Uttar Pradesh,1
1-36454332645,SHRINATHJI INSTITUTE FOR TECHNICAL EDUCATION,"GHAT ROAD,DELHI-ROORKEE BYPASS NH-58 MEERUT UP 250103",MEERUT,Private-Self Financing,N,N,1-5150926,fetchdata,2023-2024,Engineering and Technology,1,1,1,1,Uttar Pradesh,1
1-36448631810,K.P. ENGINEERING COLLEGE,"ETMADPUR NH-2, AGRA - FIROZABAD ROAD AGRA -283202",AGRA,Private-Self Financing,N,N,1-4518381,fetchdata,2023-2024,Engineering and Technology,1,1,1,1,Uttar Pradesh,1
1-36454400610,C M S GOVERNMENT GIRLS POLYTECHNIC,SARADHANA ROAD,MEERUT,Government,Y,N,1-499735681,fetchdata,2023-2024,Engineering and Technology,1,1,1,1,Uttar Pradesh,1
1-36466738253,FIT ENGINEERING COLLEGE,"KASERU BUXAR, GREEN PARK, MAWANA ROAD, MEERUT",MEERUT,Private-Self Financing,N,N,1-16992934,fetchdata,2023-2024,Engineering and Technology,1,1,1,1,Uttar Pradesh,1
1-36469518949,INSTITUTE OF TECHNOLOGY AND MANAGEMENT,VILL CHEHARI MAHARJGANJ,MAHARAJGANJ,Private-Self Financing,N,N,1-10176721,fetchdata,2023-2024,Engineering and Technology,1,1,1,1,Uttar Pradesh,1
1-36467747234,VIDYA COLLEGE OF ENGINEERING,"VIDYA COLLEGE OF ENGINEERING  VIDYA KNOWLEDGE PARK BAGHPAT ROAD , MEERUT  UTTAR PRADESH-250002",MEERUT,Private-Self Financing,N,Y,1-18873461,fetchdata,2023-2024,Engineering and Technology,1,1,1,1,Uttar Pradesh,1
1-36455383907,J. D. INSTITUTE OF ENGINEERING AND TECHNOLOGY,"VILL -  SADIPUR, POST - SADIPUR, TEHSIL - MUSAFIRKHANA",AMETHI,Private-Self Financing,N,N,1-3708459701,fetchdata,2023-2024,Engineering and Technology,1,1,1,1,Uttar Pradesh,1
1-36464997880,INSTITUTE OF ENGINEERING & TECHNOLOGY,"BUNDELKHAND UNIVERSITY CAMPUS, KANPUR ROAD, JHANSI",JHANSI,Government,N,N,1-491997703,fetchdata,2023-2024,Engineering and Technology,1,1,1,1,Uttar Pradesh,1
1-36464998434,NITRA TECHNICAL CAMPUS,SECTOR-23 RAJ NAGAR,GHAZIABAD,Govt aided,N,N,1-760017261,fetchdata,2023-2024,Engineering and Technology,1,1,1,1,Uttar Pradesh,1
1-36466984597,SHAMBHUNATH INSTITUTE OF ENGINEERING & TECHNOLOGY,"JHALWA, NEAR IIIT, ALLAHABAD",ALLAHABAD,Private-Self Financing,N,N,1-10813514,fetchdata,2023-2024,Engineering and Technology,1,1,1,1,Uttar Pradesh,1
1-36467968407,UNITED INSTITUTE OF TECHNOLOGY,"D-3 UPSIDC INDUSTRIAL AREA, NAINI",ALLAHABAD,Private-Self Financing,N,N,1-5284031,fetchdata,2023-2024,Engineering and Technology,1,1,1,1,Uttar Pradesh,1
1-36464203088,ACCURATE INSTITUTE OF MANAGEMENT & TECHNOLOGY,"PLOT NO. 49, KNOWLEDGE PARK-III",GAUTAM BUDDHA NAGAR,Private-Self Financing,N,N,1-6060126,fetchdata,2023-2024,Engineering and Technology,1,1,1,1,Uttar Pradesh,1
1-36464272292,GOKARAN NARVADESHWAR INSTITUTE OF TECHNOLOGY AND MANAGEMENT,"VILLAGE-TINDOLA 12 KM STONE,LUCKNOW-DEWA ROAD BARABANKI",BARABANKI,Private-Self Financing,N,N,1-21643361,fetchdata,2023-2024,Engineering and Technology,1,1,1,1,Uttar Pradesh,1
1-36469042558,GOVERNMENT POLYTECHNIC KUTANA BARAUT,"GOVERNMENT POLYTECHNIC KUTANA, BARAUT- BAGPAT",BAGPAT,Government,N,N,1-3732225511,fetchdata,2023-2024,Engineering and Technology,1,1,1,1,Uttar Pradesh,1
1-36463398556,H R INSTITUTE OF ENGINEERING AND TECHNOLOGY,"7TH KM STONE, MEERUT ROAD, MORTA",GHAZIABAD,Private-Self Financing,N,N,1-455715581,fetchdata,2023-2024,Engineering and Technology,1,1,1,1,Uttar Pradesh,1
1-36467246409,CENTRE FOR ADVANCED STUDIES,"DR APJ ABDUL KALAM TECHNICAL UNIVERSITY UTTAR PRADESH, SECTOR-11, JANKIPURAM EXTENSION ,LUCKNOW",LUCKNOW,State Government University,N,N,1-3687166601,fetchdata,2023-2024,Engineering and Technology,1,1,1,1,Uttar Pradesh,1
1-36267201047,LAL BAHADUR SHASTRI POLYTECHNIC,VILLAGE MANDA MAUJA GIRDHARPUR DISTRICT ALLAHABAD,ALLAHABAD,Govt aided,N,N,1-2056843331,fetchdata,2023-2024,Engineering and Technology,1,1,1,1,Uttar Pradesh,1
1-36267240444,H.R.C.T. GROUP OF INSTITUTIONS,"7TH KM STONE, DELHI-MEERUT ROAD, MORTA, GHAZIABAD",GHAZIABAD,Private-Self Financing,N,N,1-460901471,fetchdata,2023-2024,Engineering and Technology,1,1,1,1,Uttar Pradesh,1
1-36469195964,AXIS INSTITUTE OF DIPLOMA ENGINEERING,VILL-SALEMPUR POS-MAHARAJPUR TEHSIL-NARWAL DIST-KANPUR,KANPUR NAGAR,Private-Self Financing,N,N,1-3745358721,fetchdata,2023-2024,Engineering and Technology,1,1,1,1,Uttar Pradesh,1
1-36456817023,MAHARAJA AGRASEN COLLEGE OF ENGG. &  TECHNOLOGY,"10 TH KM. BAGARPUR MAFEE,  GAJRAULA, DHANAURA, J.P NAGAR-244236 (UP)",JYOTIBA PHULE NAGAR,Private-Self Financing,N,N,1-6084002,fetchdata,2023-2024,Engineering and Technology,1,1,1,1,Uttar Pradesh,1
1-36458879035,JMS GROUP OF INSTITUTIONS,"HANS KNOWLEDGE PARK,34 MILES FROM DELHI, DELHI - HAPUR ROAD, GHAZIABAD",GHAZIABAD,Private-Self Financing,N,N,1-3143011,fetchdata,2023-2024,Engineering and Technology,1,1,1,1,Uttar Pradesh,1
1-36468306594,MODERN COLLEGE OF ENGINEERING,"VILLAGE-KOCHHABHANWAR, POST-KOCHHABHANWAR, JHANSI",JHANSI,Private-Self Financing,N,Y,1-3766935741,fetchdata,2023-2024,Engineering and Technology,1,1,1,1,Uttar Pradesh,1
1-36456887885,SANSKAR COLLEGE OF ENGINEERING AND TECHNOLOGY,"SHREE GANPATI KNOWLEDGE PARK, OPP. JINDAL PIPES LTD., NH-24, JINDAL NAGAR, GHAZIABAD",GHAZIABAD,Private-Self Financing,N,N,1-10573051,fetchdata,2023-2024,Engineering and Technology,1,1,1,1,Uttar Pradesh,1
1-36457935552,NEELKANTH INSTITUTE OF TECHNOLOGY,"NH-58, NEAR SVBP AGRICULTURE UNIVERISTY,MEERUT",MEERUT,Private-Self Financing,N,N,1-13635421,fetchdata,2023-2024,Engineering and Technology,1,1,1,1,Uttar Pradesh,1
1-36459893864,BHONWAL  SCHOOL OF ENGINEERING,"NATKUR, BIJNAUR- BANTHRA ROAD, LUCKNOW",LUCKNOW,Private-Self Financing,N,N,1-796189501,fetchdata,2023-2024,Engineering and Technology,1,1,1,1,Uttar Pradesh,1
1-36461848311,RAJ POLYTECHNIC,"SISWA, BABATPUR, BARAGAON, VARANASI",VARANASI,Private-Self Financing,N,N,1-3686504211,fetchdata,2023-2024,Engineering and Technology,1,1,1,1,Uttar Pradesh,1
1-36463732995,R. N. POLYTECHNIC COLLEGE,"VILLAGE- MAJHAULI, POST- JHAROKALAN,  (RENUKOOT DUDDHI ROAD), TEHSIL-DUDDHI, SONBHADRA",SONBHADRA,Private-Self Financing,N,N,1-3705091321,fetchdata,2023-2024,Engineering and Technology,1,1,1,1,Uttar Pradesh,1
1-36455108996,"UNITED COLLEGE OF ENGINEERING & RESEARCH, GREATER NOIDA","50, KNOWLEDGE PARK III, GREATER NOIDA",GAUTAM BUDDHA NAGAR,Private-Self Financing,N,N,1-6286037,fetchdata,2023-2024,Engineering and Technology,1,1,1,1,Uttar Pradesh,1
1-36455132782,HARDAYAL TECHNICAL CAMPUS,"24 MILES STONE, AGRA DELHI NATIONAL HIGHWAY (NH2), FARAH, MATHURA",MATHURA,Private-Self Financing,N,N,1-480895001,fetchdata,2023-2024,Engineering and Technology,1,1,1,1,Uttar Pradesh,1
1-36456051941,DR. K.N. MODI  ENGINEERING COLLEGE,"HAPUR ROAD, NEAR EYE HOSPITAL MODINAGAR-201204 DISTT. GHAZIABAD.",GHAZIABAD,Private-Self Financing,N,N,1-14677794,fetchdata,2023-2024,Engineering and Technology,1,1,1,1,Uttar Pradesh,1
1-36459992218,SHRI VISHWANATH COLLEGE OF POLYTECHNIC,"VILL & POST- KALAN TEHSIL-KADIPUR, DIST-SULTANPUR, UP",SULTANPUR,Private-Self Financing,N,N,1-3677646331,fetchdata,2023-2024,Engineering and Technology,1,1,1,1,Uttar Pradesh,1
1-36460031724,BABA RAMDAL SURAJDEV POLYTECHNIC COLLEGE,"VILL - PATNA,  POST - KANSO, TEHSIL - RASRA, DISTT - BALLIA",BALLIA,Private-Self Financing,N,N,1-3699404521,fetchdata,2023-2024,Engineering and Technology,1,1,1,1,Uttar Pradesh,1
1-36460032187,GANDHI INSTITUTE OF ENGINEERING AND TECHNOLOGY,HASTINAPUR POST AMBABAY,JHANSI,Private-Self Financing,N,N,1-3699404651,fetchdata,2023-2024,Engineering and Technology,1,1,1,1,Uttar Pradesh,1
1-36493994991,KASHI INSTITUTE OF TECHNOLOGY,"MS 23, VARANASI ALLAHABAD HIGHWAY, MIRZAMURAD, VARANASI",VARANASI,Private-Self Financing,N,N,1-7853771,fetchdata,2023-2024,Engineering and Technology,1,1,1,1,Uttar Pradesh,1
1-36494961473,UTTAR PRADESH TEXTILE TECHNOLOGY INSTITUTE KANPUR,11/208 SOUTER GANJ KANPUR,KANPUR NAGAR,Government,N,N,1-598267561,fetchdata,2023-2024,Engineering and Technology,1,1,1,1,Uttar Pradesh,1
1-36486151479,DR. BHEEM RAO AMBEDKAR POLYTECHNIC COLLEGE,VILL.- MARDAPUR POST SADAT,GHAZIPUR,Private-Self Financing,N,N,1-514424411,fetchdata,2023-2024,Engineering and Technology,1,1,1,1,Uttar Pradesh,1
1-36497060866,PRAYAG INSTITUTE OF TECHNOLOGY AND MANAGEMENT,"ALLAHABAD - MIRZAPUR ROAD BENDO, KARCHHANA",ALLAHABAD,Private-Self Financing,N,N,1-8548971,fetchdata,2023-2024,Engineering and Technology,1,1,1,1,Uttar Pradesh,1
1-36485191314,DELHI TECHNICAL CAMPUS,"28/1, KNOWLEDGE PARK III, GREATER NOIDA, UTTAR PRADESH",GAUTAM BUDDHA NAGAR,Private-Self Financing,N,N,1-2216569401,fetchdata,2023-2024,Engineering and Technology,1,1,1,1,Uttar Pradesh,1
1-36484297646,SHRI KASHI CHANDRA DEV YADAV PRAVIDHIK SHIKSHAN SANSTHAN,"VILLAGE- HAZIPUR POST- BAMHAUR, SADAR, AZAMGARH",AZAMGARH,Private-Self Financing,N,N,1-465683701,fetchdata,2023-2024,Engineering and Technology,1,1,1,1,Uttar Pradesh,1
1-36488225010,GANDHI POLYTECHNIC,MUZAFFARNAGAR,MUZAFFARNAGAR,Govt aided,N,N,1-508649771,fetchdata,2023-2024,Engineering and Technology,1,1,1,1,Uttar Pradesh,1
1-36495147518,ABES INSTITUTE OF TECHNOLOGY,"CAMPUS - 2,  19TH KM STONE,  NATIONAL HIGHWAY - 24,  VIJAY NAGAR,  GHAZIABAD (UP)",GHAZIABAD,Private-Self Financing,N,N,1-6708331,fetchdata,2023-2024,Engineering and Technology,1,1,1,1,Uttar Pradesh,1
1-36488225532,"GOVERNMENT POLYTECHNIC, DEORIA",PO- G.I.ESTATE GORAKHPUR-DEORIA ROAD DISTT- DEORIA (U.P),DEORIA,Government,N,N,1-480403641,fetchdata,2023-2024,Engineering and Technology,1,1,1,1,Uttar Pradesh,1
1-36490304788,DEV BHOOMI GROUP OF INSTITUTIONS,"VILL.JAMAPUR BERI DABKI ROAD, NEAR BALIA KHERI RAILWAY STATION SAHARANPUR",SAHARANPUR,Private-Self Financing,N,N,1-9218101,fetchdata,2023-2024,Engineering and Technology,1,1,1,1,Uttar Pradesh,1
1-36487409769,SUNDER DEEP GROUP OF INSTITUTIONS,NH-24 DELHI- HAPUR ROAD,GHAZIABAD,Private-Self Financing,N,N,1-3199093,fetchdata,2023-2024,Engineering and Technology,1,1,1,1,Uttar Pradesh,1
1-36488313116,PSIT-PRANVEER SINGH INSTITUTE OF TECHNOLOGY,"NH-2 KANPUR AGRA NATIONAL HIGHWAY,BHAUTI, KANPUR",KANPUR NAGAR,Private-Self Financing,N,N,1-15116411,fetchdata,2023-2024,Engineering and Technology,1,1,1,1,Uttar Pradesh,1
1-36488386648,DR. RIZVI COLLEGE OF ENGINEERING,"DR. RIZVI EDUCATIONAL COMPLEX, KARARI, KAUSHAMBI",KAUSHAMBI,Private-Self Financing,N,Y,1-460509291,fetchdata,2023-2024,Engineering and Technology,1,1,1,1,Uttar Pradesh,1
1-36492392043,GOVERNMENT POLYTECHNIC THAKURDWARA MORADABAD,"VILL-BHAVALPUR ,TEHSIL- THAKURDWARA",MORADABAD,Government,N,N,1-4910643091,fetchdata,2023-2024,Engineering and Technology,1,1,1,1,Uttar Pradesh,1
1-36492392479,KCC INSTITUTE OF TECHNOLOGY AND MANAGEMENT,"2B & 2C, KNOWLEDGE PARK III, GREATER NOIDA GAUTAMBUDH NAGAR",GAUTAM BUDDHA NAGAR,Private-Self Financing,N,N,1-13393212,fetchdata,2023-2024,Engineering and Technology,1,1,1,1,Uttar Pradesh,1
1-36487506466,HIMALYAN INSTITUTE OF TECHNOLOGY AND MANAGEMENT,"MOHAMMADPUR SARAIYA, POST- PAHARPUR, BKT, LUCKNOW, U.P.",LUCKNOW,Private-Self Financing,N,N,1-11292931,fetchdata,2023-2024,Engineering and Technology,1,1,1,1,Uttar Pradesh,1
1-36495405898,DRONACHARYA GROUP OF INSTITUTIONS,"B-27, KNOWLEDGE PARK-III, GREATER NOIDA-201308",GAUTAM BUDDHA NAGAR,Private-Self Financing,N,N,1-2193161,fetchdata,2023-2024,Engineering and Technology,1,1,1,1,Uttar Pradesh,1
1-36484598058,BANARAS INSTITUTEOF POLYTECHNIC & ENGINEERING,VILLAGE GAJOKHAR POST PARSARA PHOOLPUR,VARANASI,Private-Self Financing,N,N,1-488233171,fetchdata,2023-2024,Engineering and Technology,1,1,1,1,Uttar Pradesh,1
1-36489602391,M.G. POLYTECHNIC,"VILL.-HABIBPUR, PARGANA-JHUNSI, TEHSIL-PHOOLPUR DISTT.-ALLAHABAD",ALLAHABAD,Private-Self Financing,N,N,1-2068620641,fetchdata,2023-2024,Engineering and Technology,1,1,1,1,Uttar Pradesh,1
1-36483612544,S. S. BAPU INSTITUTE OF POLYTECHNIC,"VILL - AKHOP, POST AKHOP, TEHSIL - BELTHARA ROAD, DISTT - BALLIA",BALLIA,Private-Self Financing,N,N,1-4682701881,fetchdata,2023-2024,Engineering and Technology,1,1,1,1,Uttar Pradesh,1
1-36484696047,SUBHARTI POLYTECHNIC COLLEGE,"SUBHARTIPURAM, NH-58, DELHI-HARDWAR-MEERUT BYPASS ROAD",MEERUT,Private-Self Financing,N,N,1-478381221,fetchdata,2023-2024,Engineering and Technology,1,1,1,1,Uttar Pradesh,1
1-36493655553,BAKHSHI POLYTECHNIC,"MUJAR MACHHLI SHAHAR JAUNPUR, U.P.",JAUNPUR,Private-Self Financing,N,N,1-453167813,fetchdata,2023-2024,Engineering and Technology,1,1,1,1,Uttar Pradesh,1
1-36490754273,B.B.S. COLLEGE OF ENGINEERING & TECHNOLOGY,GADDOPUR PHAPHAMAU ALLAHABAD,ALLAHABAD,Private-Self Financing,N,N,1-8955671,fetchdata,2023-2024,Engineering and Technology,1,1,1,1,Uttar Pradesh,1
1-36497682495,RAMESHWARAM INSTITUTE OF TECHNOLOGY & MANAGEMENT,"GOVIND PURAM,  NEAR SEWA HOSPITAL,  SITAPUR ROAD,  LUCKNOW",LUCKNOW,Private-Self Financing,N,N,1-5796654,fetchdata,2023-2024,Engineering and Technology,1,1,1,1,Uttar Pradesh,1
1-36491777829,HANSWAHINI INSTITUTE OF SCIENCE & TECHNOLOGY,MAHUARI CHAKIA POST:NIBI NAINI,ALLAHABAD,Private-Self Financing,N,N,1-477826721,fetchdata,2023-2024,Engineering and Technology,1,1,1,1,Uttar Pradesh,1
1-36244397873,NC POLYTECHNIC,VILL BAGHWAR LATGHAT RAUNAPAR ROAD AZAMGARH,AZAMGARH,Private-Self Financing,N,N,1-7162090789,fetchdata,2023-2024,Engineering and Technology,1,1,1,1,Uttar Pradesh,1
1-36499408882,HANDIA POLYTECHNIC HANDIA ALLAHABAD, HANDIA ALLAHABAD 221504,ALLAHABAD,Govt aided,N,N,1-510782393,fetchdata,2023-2024,Engineering and Technology,1,1,1,1,Uttar Pradesh,1
1-36213547015,MAHARANA INSTITUTE OF TECHNOLOGY & SCIENCES,"GRAM-GAURA, MOHANLAL GANJ",LUCKNOW,Private-Self Financing,N,N,1-10487461,fetchdata,2023-2024,Engineering and Technology,1,1,1,1,Uttar Pradesh,1
1-36206139421,DR. M.C. SAXEAN INSTITUTE OF ENGINEERING & MANAGEMENT,"171, BARAWANKALA MALL ROAD, IIM DUBGGA BY-PASS LUCKNOW",LUCKNOW,Private-Self Financing,N,N,1-38372931,fetchdata,2023-2024,Engineering and Technology,1,1,1,1,Uttar Pradesh,1
1-36212276599,GOVERNMENT POLYTECHNIC ROORKEE BAHERI  BAREILLY,GOVT.POLY.ROORKEE BAHERI BAREILLY,BAREILLY,Government,N,N,1-3670730311,fetchdata,2023-2024,Engineering and Technology,1,1,1,1,Uttar Pradesh,1
1-36213930385,AMBEKESHWAR INSTITUTE OF TECHNOLOGY AND MANAGEMENT,"VILL-KATHWARA, POST-BAKSHI KA TALAB, DISTT.-LUCKNOW",LUCKNOW,Private-Self Financing,N,N,1-4414398091,fetchdata,2023-2024,Engineering and Technology,1,1,1,1,Uttar Pradesh,1
1-36213930868,BABU SUSHIL SINGH INSTITUTE OF POLYTECHNIC,"NIBI BELISA, POST- SADAR",AZAMGARH,Private-Self Financing,N,N,1-4773899801,fetchdata,2023-2024,Engineering and Technology,1,1,1,1,Uttar Pradesh,1
1-36499643874,RAJKIYA ENGINEERING COLLEGE MAINPURI,"NH 84 ROAD NAUNER, BHONGOAN â MAINPURI â SHIKOHABAD RD, NOUNER, UTTAR PRADESH",MAINPURI,Government,N,N,1-4505040621,fetchdata,2023-2024,Engineering and Technology,1,1,1,1,Uttar Pradesh,1
1-36206663507,FACULTY OF ENGINEERING,DELHI ROAD NH-24 MORADABAD PIN NO- 244001,MORADABAD,State Private University,N,Y,1-2867621131,fetchdata,2023-2024,Engineering and Technology,1,1,1,1,Uttar Pradesh,1
1-36252679431,"M. M. I. T., AURAIYA","SEHUD, AURAIYA",AURAIYA,Government,N,N,1-2855559131,fetchdata,2023-2024,Engineering and Technology,1,1,1,1,Uttar Pradesh,1
1-36256121106,KAMAL INSTITUTE OF TECHNOLOGY,"PITAMPUR DERAPUR,NH-2 KANPUR DEHAT",RAMABAI NAGAR (KANPUR DEHAT),Private-Self Financing,N,N,1-463478151,fetchdata,2023-2024,Engineering and Technology,1,1,1,1,Uttar Pradesh,1
1-36258643804,GOVERNMENT POLYTECHNIC SORON,"KASGANJ - BAREILY ROAD, SORON",KANSHI RAM NAGAR,Government,N,N,1-506738931,fetchdata,2023-2024,Engineering and Technology,1,1,1,1,Uttar Pradesh,1
1-36257068552,R. R. INSTITUTE OF MODERN TECHNOLOGY,"VILL.- BHAISAMAU, NH-24, BAKSHI KA TALAB, SITAPUR ROAD, LUCKNOW-227202",LUCKNOW,Private-Self Financing,N,N,1-5511961,fetchdata,2023-2024,Engineering and Technology,1,1,1,1,Uttar Pradesh,1
1-36252873527,SHRI RAM POLYTECHNIC,"4TH KM. MILE STONE, ROORKEE ROAD, MUZAFFARNAGAR-251001 (U.P.)",MUZAFFARNAGAR,Private-Self Financing,N,N,1-514002281,fetchdata,2023-2024,Engineering and Technology,1,1,1,1,Uttar Pradesh,1
1-36254146093,RADHA GOVIND POLYTECHNIC COLLEGE,"7TH KM. MORADABAD ROAD, NEAR AKROLI CHORAHA, CHANDAUSI, DISTT. MORADABAD (UP)",MORADABAD,Private-Self Financing,N,N,1-433679961,fetchdata,2023-2024,Engineering and Technology,1,1,1,1,Uttar Pradesh,1
1-36254998316,GOVERNMENT LEATHER INSTITUTE KANPUR,"11/208 A SOUTERGANJ PARWATI BAGLA ROAD, KANPUR 208001",KANPUR NAGAR,Government,N,N,1-474135851,fetchdata,2023-2024,Engineering and Technology,1,1,1,1,Uttar Pradesh,1
1-36256186220,DR. B.R. AMBEDKAR POLYTECHNIC,"PREMBAGH, SHYAMLAL KI BAGIYA, GWALIOR ROAD",AGRA,Private-Self Financing,N,N,1-475734621,fetchdata,2023-2024,Engineering and Technology,1,1,1,1,Uttar Pradesh,1
1-36256186754,R K POLYTECHNIC,"GARH ROAD, KITHORE, DISTT-MEERUT",MEERUT,Private-Self Financing,N,Y,1-512619431,fetchdata,2023-2024,Engineering and Technology,1,1,1,1,Uttar Pradesh,1
1-36258977848,SUYASH INSTITUTE OF INFORMATION TECHNOLOGY,"HAKKABAD, GORAKHPUR",GORAKHPUR,Private-Self Financing,N,N,1-18724756,fetchdata,2023-2024,Engineering and Technology,1,1,1,1,Uttar Pradesh,1
1-36253107422,GOVERNMENT POLYTECHNIC JEGIRSAND,"GOVERNMENT POLYTECHNIC JEGIRSAND, SIKANDERPUR,BALLIA",BALLIA,Government,N,N,1-2101200721,fetchdata,2023-2024,Engineering and Technology,1,1,1,1,Uttar Pradesh,1
1-36255065339,SHAHEED VIRENDRA SINGH SIROHI INSTITUTE OF TECHNOLOGY,"VILLAGE-SUJGAWAN, POST-RURGAON,",RAMABAI NAGAR (KANPUR DEHAT),Private-Self Financing,N,N,1-509207631,fetchdata,2023-2024,Engineering and Technology,1,1,1,1,Uttar Pradesh,1
1-36255065843,GOVERNMENT POLYTECHNIC AURAI (SANT RAVIDAS NAGAR BHADOHI),KATEHARA,SANT RAVIDAS NAGAR,Government,N,N,1-513988191,fetchdata,2023-2024,Engineering and Technology,1,1,1,1,Uttar Pradesh,1
1-36257431265,DIGAMBER JAIN POLYTECHNIC BARAUT,"BARKA ROAD,  BARAUT BAGHPAT",BAGPAT,Govt aided,N,N,1-512597581,fetchdata,2023-2024,Engineering and Technology,1,1,1,1,Uttar Pradesh,1
1-36257890963,"RAJKIYA ENGINEERING COLLEGE, BANDA","RAJKIYA ENGINEERING COLLEGE, ATARRA,BANDA 210201",BANDA,Government,N,N,1-2881079901,fetchdata,2023-2024,Engineering and Technology,1,1,1,1,Uttar Pradesh,1
1-36261712903,GOVERNMENT POLYTECHNIC SONEBHADRA,ROBERTSGANJ,SONBHADRA,Government,N,N,1-513990011,fetchdata,2023-2024,Engineering and Technology,1,1,1,1,Uttar Pradesh,1
1-36250579660,UDAYRAJ SINGH RAMPYARI INSTITUTE OF SCIENCE AND TECHNOLOGY,"VILLAGE & POST- JALALPUR JAGNANDAN PATTI, POST- KAUDIA",AZAMGARH,Private-Self Financing,N,N,1-4631682511,fetchdata,2023-2024,Engineering and Technology,1,1,1,1,Uttar Pradesh,1
1-36253172468,"MAHALWAR INSTITUTE OF TECHNOLOGY,","VILL. JAKHAIRA, STATION ROAD, ATRAULI",ALIGARH,Private-Self Financing,N,N,1-500888221,fetchdata,2023-2024,Engineering and Technology,1,1,1,1,Uttar Pradesh,1
1-36255131860,DEV INSTITUTE OF TECHNICAL EDUCATION,BARHAN ETMADPUR AGRA,AGRA,Private-Self Financing,N,N,1-475295651,fetchdata,2023-2024,Engineering and Technology,1,1,1,1,Uttar Pradesh,1
1-36259145939,IIMT COLLEGE OF POLYTECHNIC,"PLOT NO- A-20, KNOWLEDGE PARK-III, GREATER NOIDA",GAUTHAM BUDDHA NAGAR,Private-Self Financing,N,N,1-773602371,fetchdata,2023-2024,Engineering and Technology,1,1,1,1,Uttar Pradesh,1
1-36249752456,SNSK INSTITUTE OF TECHNOLOGY,BHAWARAHA PANDEYPUR RADHE,GHAZIPUR,Private-Self Financing,N,N,1-8002245261,fetchdata,2023-2024,Engineering and Technology,1,1,1,1,Uttar Pradesh,1
1-36254146666,DEV BHOOMI INSTITUTE OF POLYTECHNIC,"VILL. JAMAPUR BERI,NEAR BALIA KHERI RAILWAY STATION,DABKI ROAD,",SAHARANPUR,Private-Self Financing,N,N,1-452087811,fetchdata,2023-2024,Engineering and Technology,1,1,1,1,Uttar Pradesh,1
1-36258118160,PT. RAM ADHAR J. TIWARI COLLEGE OF POLYTECHNIC,"MAHUAR KALAN, NEAR BALUWA GHAT CHANDAULI, U.P.",CHANDAULI,Private-Self Financing,N,N,1-493189491,fetchdata,2023-2024,Engineering and Technology,1,1,1,1,Uttar Pradesh,1
1-36249752934,YADUVANSH PRASAD MISHRA INSTITUTE OF PROFESSIONAL STUDIES,"RANIPUR  POST -PURANDERPUR TEHSHIL-PHARENDA,DIST-MAHARAJGANJ(UP)",MAHARAJGANJ,Private-Self Financing,N,N,1-480601301,fetchdata,2023-2024,Engineering and Technology,1,1,1,1,Uttar Pradesh,1
1-36253372769,GOVERNMENT POLYTECHNIC PUWAYAN,NEAR GANNA KISAAN DEGREE COLLEGE JEWA ROAD,SHAHJAHANPUR,Government,N,N,1-2102055171,fetchdata,2023-2024,Engineering and Technology,1,1,1,1,Uttar Pradesh,1
1-36255375123,"GOVERNMENT POLYTECHNIC, KURU, PINDRA, VARANASI","KURU, PINDRA, VARANASI",VARANASI,Government,N,N,1-2100025201,fetchdata,2023-2024,Engineering and Technology,1,1,1,1,Uttar Pradesh,1
1-36256387924,INSTITUTE OF ENGINEERING AND TECHNOLOGY,"SITAPUR ROAD, LUCKNOW",LUCKNOW,Government,N,N,1-505421321,fetchdata,2023-2024,Engineering and Technology,1,1,1,1,Uttar Pradesh,1
1-36256459548,"GOVERNMENT POLYTECHNIC, BHILIHILI, AZAMGARH(CENTRALLY ASSISTED)","VILL- BHILIHILI, P.O.- TARWA",AZAMGARH,Government,N,N,1-515044431,fetchdata,2023-2024,Engineering and Technology,1,1,1,1,Uttar Pradesh,1
1-36258118673,NORTH INDIA INSTITUTE OF TECHNOLOGY,"7 KM BUNDKI ROAD, VILLAGE NEKPUR, NAJIBABAD-246763, DISTT. BIJNOR, UTTAR PRADESH.",BIJNOR,Private-Self Financing,N,N,1-6150741,fetchdata,2023-2024,Engineering and Technology,1,1,1,1,Uttar Pradesh,1
1-36247154739,HEWETT POLYTECHNIC,MAHANAGAR,LUCKNOW,Govt aided,N,N,1-475501231,fetchdata,2023-2024,Engineering and Technology,1,1,1,1,Uttar Pradesh,1
1-36252077308,THAKUR TEJ BAHADUR SINGH INSTITUTE OF TECHNOLOGY,"VILLAGE- KARAMPUR, POST- KARAMPUR, TEHSIL- SAIDPUR, GHAZIPUR(UP)",GHAZIPUR,Private-Self Financing,N,N,1-2880777101,fetchdata,2023-2024,Engineering and Technology,1,1,1,1,Uttar Pradesh,1
1-36253438210,GOVERNMENT POLYTECHNIC HINDALPUR,"GOVERNMENT POLYTECHNIC, HINDALPUR, DHOLANA, (HAPUR)",GHAZIABAD,Government,N,N,1-3375683031,fetchdata,2023-2024,Engineering and Technology,1,1,1,1,Uttar Pradesh,1
1-36254420249,MAA VAISHNO MAA SHARDA POLYTECHNIC,"VILLAGE- KHORRAMPUR, POST- BELAOUN, TAHSIL- NIGAMABAD",AZAMGARH,Private-Self Financing,N,N,1-481762581,fetchdata,2023-2024,Engineering and Technology,1,1,1,1,Uttar Pradesh,1
1-36256459980,KET POLYTECHNIC INSTITUTE,"NH-2,FARAH, MATHURA.",MATHURA,Private-Self Financing,N,N,1-480049681,fetchdata,2023-2024,Engineering and Technology,1,1,1,1,Uttar Pradesh,1
1-36258218469,"ARYIKA GYANMATI GOVERNMENT GIRLS POLYTECHNIC, FAIZABAD","BANBEERPUR ROAD, POST - MUMTAZNAGAR, DISTT.- FAIZABAD",FAIZABAD,Government,Y,N,1-485792811,fetchdata,2023-2024,Engineering and Technology,1,1,1,1,Uttar Pradesh,1
1-36253503782,PANCHWATI INSTITUTE OF POLYTECHNIC,"NH-58, GHAT INSTITUTIONAL AREA, DELHI-HARIDWAR BY-PASS ROAD, MEERUT",MEERUT,Private-Self Financing,N,N,1-447854701,fetchdata,2023-2024,Engineering and Technology,1,1,1,1,Uttar Pradesh,1
1-36254420796,FEROZE GANDHI INSTITUTE OF ENGG. & TECHNOLOGY,"RATAPUR CHURAHA, RAEBARELI",RAE BARELI,Govt aided,N,N,1-12748731,fetchdata,2023-2024,Engineering and Technology,1,1,1,1,Uttar Pradesh,1
1-36254491430,IIMT ENGINEERING COLLEGE,"""O"", POCKET, GANGA NAGAR, MAWANA ROAD, MEERUT",MEERUT,Private-Self Financing,N,N,1-5316519,fetchdata,2023-2024,Engineering and Technology,1,1,1,1,Uttar Pradesh,1
1-36255505495,SEVDIE INSTITUTE OF MANAGEMENT & TECHNOLOGY,"CHINHAT-DEVA ROAD, NEAR TELCO INDUSTRIAL AREA, LUCKNOW",LUCKNOW,Private-Self Financing,N,N,1-476291461,fetchdata,2023-2024,Engineering and Technology,1,1,1,1,Uttar Pradesh,1
1-36255573146,R R POLYTECHNIC,VILL-HINDUWARI,SONBHADRA,Private-Self Financing,N,N,1-2852831361,fetchdata,2023-2024,Engineering and Technology,1,1,1,1,Uttar Pradesh,1
1-36259246541,SHRI SIDDHI VINAYAK  POLYTECHNIC,"10 K.M STONE OPP. RELIANCE PETROL PUMP ,  NAINITAL ROAD , BAREILLY",BAREILLY,Private-Self Financing,N,N,1-501848271,fetchdata,2023-2024,Engineering and Technology,1,1,1,1,Uttar Pradesh,1
1-36259323148,R B GAUTAM POLYTECHNIC,"HATHRAS AGRA ROAD, SADABAD",HATHRAS,Private-Self Financing,N,N,1-2846327701,fetchdata,2023-2024,Engineering and Technology,1,1,1,1,Uttar Pradesh,1
1-36253569316,VEER KUNWAR INSTITUTE OF TECHNOLOGY BIJNOR,V.K. PURAM NAGINA ROAD BIJNOR (U.P.) 246701,BIJNOR,Private-Self Financing,N,N,1-6161461,fetchdata,2023-2024,Engineering and Technology,1,1,1,1,Uttar Pradesh,1
1-36253569936,INSTITUTE OF TECHNOLOGY & MANAGEMENT,"12TH KM  STONE , MEERUT-BAGHPAT ROAD ,PANCHLI KHURD",MEERUT,Private-Self Financing,N,N,1-5320601,fetchdata,2023-2024,Engineering and Technology,1,1,1,1,Uttar Pradesh,1
1-36254565161,"FACULTY OF ENGINEERING & TECHNOLOGY,AGRA COLLEGE,AGRA","FET,AGRA COLLEGE,AGRA MOTI KATRA ROAD, M.G ROAD AGRA.",AGRA,Private-Self Financing,N,N,1-2647213,fetchdata,2023-2024,Engineering and Technology,1,1,1,1,Uttar Pradesh,1
1-36255573673,MARATHWADA INSTITUTE OF TECHNOLOGY (MIT),VILLAGE: DHAMERA-CHOLA TALUKA: SIKANDARABAD DISTRICT: BULANDSHAHR UTTAR PRADESH PIN:203001,BULANDSHAHAR,Private-Self Financing,N,N,1-16692924,fetchdata,2023-2024,Engineering and Technology,1,1,1,1,Uttar Pradesh,1
1-36255675940,PANCHWATI INSTITUTE OF ENGINEERING & TECHNOLOGY,"N. H. -58, GHAT INSTITUTIONAL AREA, DELHI- HARIDWAR BY PASS ROAD, MEERUT, PIN 250103",MEERUT,Private-Self Financing,N,N,1-10107051,fetchdata,2023-2024,Engineering and Technology,1,1,1,1,Uttar Pradesh,1
1-36256591650,GOVT POLYTECHNIC  TUNDLA,"PAHARIPUR BHONDELA,TUNDLA",FIROZABAD,Government,N,N,1-1605311911,fetchdata,2023-2024,Engineering and Technology,1,1,1,1,Uttar Pradesh,1
1-36252376047,MAHAMAYA IT POLYTECHNIC KANNAUJ,"MMIT ANAUGI, KANNAUJ",KANNAUJ,Government,N,N,1-2848003131,fetchdata,2023-2024,Engineering and Technology,1,1,1,1,Uttar Pradesh,1
1-36252445432,GOVERNMENT POLYTECHNIC KIRTHAL CHAPRAULI BAGPHAT,"GOVERNMENT POLYTECHNIC,KIRTHAL,CHAPRAULI,TEHSIL- BARAUT, DISTRICT-BAGHPAT UP 250617",BAGPAT,Government,N,N,1-2842045301,fetchdata,2023-2024,Engineering and Technology,1,1,1,1,Uttar Pradesh,1
1-36253786828,GOVERNMENT POLYTECHNIC DEEH,"DEEH, SADAR UNNAO",UNNAO,Government,N,N,1-2100812461,fetchdata,2023-2024,Engineering and Technology,1,1,1,1,Uttar Pradesh,1
1-36251339281,RAJ NARAYAN SINGH SAMMOPUR POLYTECHNIC,"VILLAGE- TAMMARPUR, POST- THEKMA",AZAMGARH,Private-Self Financing,N,N,1-4889066841,fetchdata,2023-2024,Engineering and Technology,1,1,1,1,Uttar Pradesh,1
1-36256829198,"GOVERNMENT POLYTECHNIC,MUJAHANA,HATA,KUSHINAGAR","MUJAHANA,HATA KUSHINAGAR-274203",KUSHINAGAR,Government,N,N,1-3355729851,fetchdata,2023-2024,Engineering and Technology,1,1,1,1,Uttar Pradesh,1
1-36256829627,K L S INSTITUTE OF ENGINEERING & TECHNOLOGY,20TH MILESTONE BIJNOR- HARIDWAR ROAD VILL - KUDAHERI NEAR CHANDOK DISTT. BIJNOR (U.P),BIJNOR,Private-Self Financing,N,N,1-5523291,fetchdata,2023-2024,Engineering and Technology,1,1,1,1,Uttar Pradesh,1
1-36258600366,BHABHA INSTITUTEOFTECHNOLOGY,"AUNAHAN ,NEAR SHEOLI,RASOOLABADROAD,RAMABAI NAGAR (KANPUR DEHAT)",RAMABAI NAGAR (KANPUR DEHAT),Private-Self Financing,N,N,1-415278771,fetchdata,2023-2024,Engineering and Technology,1,1,1,1,Uttar Pradesh,1
1-36259639569,"MAHAMAYA POLYTECHNIC OF INFORMATION TECHNOLOGY, SHAMLI","MAHAMAYA POLYTECHNIC OF INFORMATION TECHNOLOGY, SHAMLI GRAM FAZAILPUR, JASALA, BLOCK - KANDHLA, TEHSIL SHAMLI, DISTRICT SHAMLI, UTTAR PRADESH PIN CODE 247775",SHAMLI,Government,N,N,1-3352807771,fetchdata,2023-2024,Engineering and Technology,1,1,1,1,Uttar Pradesh,1
1-36260768432,"GOVERNMENT POLYTECHNIC , KOTVAN , MATHURA","KOTVAN , KOSI , MATHURA",MATHURA,Government,N,N,1-2852857111,fetchdata,2023-2024,Engineering and Technology,1,1,1,1,Uttar Pradesh,1
1-36253965496,SAI MEER COLLEGE OF POLYTECHNIC,"FARRUKHABAD ROAD, CHHIBRAMAU, DISTT.- KANNAUJ (U.P.)",KANNAUJ,Private-Self Financing,N,N,1-2495846061,fetchdata,2023-2024,Engineering and Technology,1,1,1,1,Uttar Pradesh,1
1-36254867019,AXIS INSTITUTE OF TECHNOLOGY AND MANAGEMENT,"VILL-HATHIPUR, KANPUR SADAR",KANPUR NAGAR,Private-Self Financing,N,N,1-5977441,fetchdata,2023-2024,Engineering and Technology,1,1,1,1,Uttar Pradesh,1
1-36256019995,UNNATI MANAGEMENT COLLEGE AND TECHNOLOGY,"DEEN DAYAL DHAM ROAD, DAULATPUR FARAH, MATHURA",MATHURA,Private-Self Financing,N,N,1-2091200011,fetchdata,2023-2024,Engineering and Technology,1,1,1,1,Uttar Pradesh,1
1-36256896715,"RAJKIYA ENGINEERING COLLEGE, AMBEDKAR NAGAR","KATARIYA YAKOOBPUR NEAR HAWAI PATTI AKBARPUR, DIST. - AMBEDKAR NAGAR (U.P.) - 224122",AMBEDKAR NAGAR,Govt aided,N,N,1-2850886071,fetchdata,2023-2024,Engineering and Technology,1,1,1,1,Uttar Pradesh,1
1-36217046365,JP INSTITUTE OF HOTEL MANAGEMENT & CATERING TECHNOLOGY,"POST - RAJPURA, MAWANA ROAD",MEERUT,Private-Self Financing,N,N,1-455818941,fetchdata,2023-2024,Engineering and Technology,1,1,1,1,Uttar Pradesh,1
1-36217083020,GOVERNMENT POLYTECHNIC BIGHAPUR UNNAO,MAANPUR BLOCK BEEGHAUR,UNNAO,Government,N,N,1-2878183051,fetchdata,2023-2024,Engineering and Technology,1,1,1,1,Uttar Pradesh,1
1-36220677810,ACCURATE INSTITUTE OF POLYTECHNIC,PLOT NO 49 KNOWLEDGE PARK-III GREATER NOIDA,GAUTAM BUDDHA NAGAR,Private-Self Financing,N,N,1-2888693061,fetchdata,2023-2024,Engineering and Technology,1,1,1,1,Uttar Pradesh,1
1-36225361154,GOVERNMENT GIRLS POLYTECHNIC CHARKHARI MAHOBA,"GOVERNMENT GIRLS POLYTECHNIC , STATION ROAD CHARKHARI MAHOBA",MAHOBA,Government,Y,N,1-530749861,fetchdata,2023-2024,Engineering and Technology,1,1,1,1,Uttar Pradesh,1
1-36225361653,GOVERNMENT POLYTECHNIC CHOPAN SONEBHADRA,SENDURIA CHOPAN SONEBHADRA,SONBHADRA,Government,N,N,1-2861233511,fetchdata,2023-2024,Engineering and Technology,1,1,1,1,Uttar Pradesh,1
1-36231498246,DR VIJAY INSTITUTE OF EDUCATION AND TECHNOLOGY,"VILLAGE- BHANDAHA KALA, POST- KAITHI, NH-29, VARANASI",VARANASI,Private-Self Financing,N,Y,1-2510067141,fetchdata,2023-2024,Engineering and Technology,1,1,1,1,Uttar Pradesh,1
1-36217083975,"REMOTE SENSING APPLICATIONS CENTRE ,U.P.","SECTOR-G ,JANKIPURAM, KURSI ROAD ,LUCKNOW",LUCKNOW,Government,N,N,1-515102021,fetchdata,2023-2024,Engineering and Technology,1,1,1,1,Uttar Pradesh,1
1-36220745348,K.S. INSTITUTE OF MANAGEMENT & TECHNOLOGY,KARODI ROAD,MUZAFFARNAGAR,Private-Self Financing,N,N,1-747960624,fetchdata,2023-2024,Engineering and Technology,1,1,1,1,Uttar Pradesh,1
1-36222906568,GOVERNMENT POLYTECHNIC BANDA,CHILLA ROAD   NEAR KATAI MILL,BANDA,Government,N,N,1-524341001,fetchdata,2023-2024,Engineering and Technology,1,1,1,1,Uttar Pradesh,1
1-36225496182,VISION INSTITUTE OF TECHNOLOGY,"SHAHPUR, MADROK ALIGARH-AGRA HIGHWAY ALIGARH",ALIGARH,Private-Self Financing,N,N,1-2123071,fetchdata,2023-2024,Engineering and Technology,1,1,1,1,Uttar Pradesh,1
1-36227779796,"GOVERNMENT POLYTECHNIC, CHARIYAON BUJURG,DEORIA","CHARIYAON BUJURG,GAURIBAZAR,DEORIA-274202 (U.P.)",DEORIA,Government,N,N,1-2862853561,fetchdata,2023-2024,Engineering and Technology,1,1,1,1,Uttar Pradesh,1
1-36228659070,"CHAUDHARY BEERI SINGH COLLEGE OF ENGINEERING & MANAGEMENT, AGRA","CH. BEERI SINGH COLLEGE OF ENGINEERING & MANAGEMENT, POIYA, NEAR 400 KV SUB STATION, PILI POKHAR, ALIGARH ROAD, AGRA-282006",AGRA,Private-Self Financing,N,N,1-3476931,fetchdata,2023-2024,Engineering and Technology,1,1,1,1,Uttar Pradesh,1
1-36230249621,BABU SUNDER SINGH INSTITUTE OF TECHNOLOGY & MANAGEMENT,"VILL. SHERPUR LAWAL  NH-24B,RAEBARELLY ROAD, NIGOHAN LUCKNOW",LUCKNOW,Private-Self Financing,N,N,1-8093711,fetchdata,2023-2024,Engineering and Technology,1,1,1,1,Uttar Pradesh,1
1-36221965387,INDIAN INSTITUTE OF CARPET TECHNOLOGY,CHAURI ROAD BHADOHI,SANT RAVIDAS NAGAR,Govt aided,N,N,1-462578871,fetchdata,2023-2024,Engineering and Technology,1,1,1,1,Uttar Pradesh,1
1-36223041049,ACADEMY OF TECHNOLOGY MANAGEMENT AND SCIENCE,"ACCHEJA, NH-24, 49TH MILESTONE, HAPUR BYPASS,",GHAZIABAD,Private-Self Financing,N,N,1-1561390821,fetchdata,2023-2024,Engineering and Technology,1,1,1,1,Uttar Pradesh,1
1-36225496829,MORADABAD POLYTECHNIC INSTITUTE,SAMBHAL ROAD          RUSTAM SARAI,MORADABAD,Private-Self Financing,N,Y,1-479191791,fetchdata,2023-2024,Engineering and Technology,1,1,1,1,Uttar Pradesh,1
1-36225562329,GOVERNMENT POLYTECHNIC SHAHJAHANPUR,VILL-LALPUR BLOCK-DADROUL JALALABAD ROAD,SHAHJAHANPUR,Government,N,N,1-475129943,fetchdata,2023-2024,Engineering and Technology,1,1,1,1,Uttar Pradesh,1
1-36217149996,KANCHAN POLYTECHNIC,"VILLAGE- MANHERU, POST- BELA KHARA, RAE BARELI",RAE BARELI,Private-Self Financing,N,N,1-462629961,fetchdata,2023-2024,Engineering and Technology,1,1,1,1,Uttar Pradesh,1
1-36217215552,PRASAD POLYTECHNIC,PUNCH-HATTIA  SADAR,JAUNPUR,Private-Self Financing,N,N,1-479655381,fetchdata,2023-2024,Engineering and Technology,1,1,1,1,Uttar Pradesh,1
1-36219774678,"FACULTY OF ENGINEERING & TECHNOLOGY, R.B.S.COLLEGE, BICHPURI CAMPUS, AGRA.","BICHPURI CAMPUS, BICHPURI, AGRA.",AGRA,Private-Self Financing,N,N,1-5933071,fetchdata,2023-2024,Engineering and Technology,1,1,1,1,Uttar Pradesh,1
1-36223698013,"GOVERNMENT POLYTECHNIC, FIROZABAD","NEAR STADIUM, JALESAR ROAD , FIROZABAD",FIROZABAD,Government,N,N,1-492934291,fetchdata,2023-2024,Engineering and Technology,1,1,1,1,Uttar Pradesh,1
1-36224371447,SHRI TRIDANDIDEO HANUMAT TECHNICAL COLLEGE,"BISUPUR, KHANDWARI, CHANDAULI",CHANDAULI,Private-Self Financing,N,N,1-2196718161,fetchdata,2023-2024,Engineering and Technology,1,1,1,1,Uttar Pradesh,1
1-36228838231,MAHAKRNIK TATHAGAT GAUTAM BUDHA GOVT. POLYTECHNIC SIDDHARTH NAGAR,"VASA CHAK, DUMARIYAGANJ SIDDHATHNAGAR",SIDDHARTHNAGAR,Government,N,N,1-486681621,fetchdata,2023-2024,Engineering and Technology,1,1,1,1,Uttar Pradesh,1
1-36228838697,"CHHATRAPATI SAHUJI MAHARAJ GOVERNMENT POLYTECHNIC,AMBEDKARNAGAR","FAIZABAD ROAD SHIVBABA,AKBARPUR,AMBEDKARNAGAR",AMBEDKAR NAGAR,Government,N,N,1-480133081,fetchdata,2023-2024,Engineering and Technology,1,1,1,1,Uttar Pradesh,1
1-36217315513,KASHI NATH INSTITUTE OF TECHNOLOGY,"VILLAGE- SANAND NAGAR, POST- BANKI KHURD, GHAZIPUR",GHAZIPUR,Private-Self Financing,N,N,1-450196631,fetchdata,2023-2024,Engineering and Technology,1,1,1,1,Uttar Pradesh,1
1-36222123096,M.S.D.POLYTECHNIC COLLEGE,"BALPUR, KHARAILA, SARAIPALTU",AZAMGARH,Private-Self Financing,N,N,1-513542071,fetchdata,2023-2024,Engineering and Technology,1,1,1,1,Uttar Pradesh,1
1-36223698500,SAROJ COLLEGE OF ENGINEERING AND POLYTECHNIC,"CHAND SARAI,  NEAR GOSAINGANJ SULTANPUR ROAD LUCKNOW",LUCKNOW,Private-Self Financing,N,N,1-2105664791,fetchdata,2023-2024,Engineering and Technology,1,1,1,1,Uttar Pradesh,1
1-36223698994,P.K.POLYTECHNIC,"HATHRAS ROAD, MISHRI, SONAI , MATHURA",MATHURA,Private-Self Financing,N,N,1-404574931,fetchdata,2023-2024,Engineering and Technology,1,1,1,1,Uttar Pradesh,1
1-36225626289,MAHAVEER INSTITUTE OF TECHNOLOGY,"VILL. SARFUDDEENPUR ABUSA, POST SARAY INYAYAT, TEHSIL FULPUR",ALLAHABAD,Private-Self Financing,N,N,1-518894391,fetchdata,2023-2024,Engineering and Technology,1,1,1,1,Uttar Pradesh,1
1-36225693264,GOVT. GIRLS POLYTECHNIC BAREILLY,"C.B. GANJ, RAMPUR ROAD, N.H. 24, BAREILLY U.P.",BAREILLY,Government,Y,N,1-465665481,fetchdata,2023-2024,Engineering and Technology,1,1,1,1,Uttar Pradesh,1
1-36228978169,ACE COLLEGE OF ENGINEERING AND MANAGEMENT,"17 KM MILE STONE, AGRA KANPUR ROAD, NH-2, PLOT NO-455, 456, 457 VILLEGE-SUREHRA,",AGRA,Private-Self Financing,N,N,1-424583401,fetchdata,2023-2024,Engineering and Technology,1,1,1,1,Uttar Pradesh,1
1-36222189088,HMFA MEMORIAL INSTITUTE OF ENGG & TECH.,"KARARI BHADAILY, HANDIA, ALLAHABAD",ALLAHABAD,Private-Self Financing,N,N,1-5325021,fetchdata,2023-2024,Engineering and Technology,1,1,1,1,Uttar Pradesh,1
1-36223174200,VIKAS INSTITUTE OF ENGINEERING AND TECHNOLOGY,VIL-JUNGLE EKLA NO-2 HATHWA TOLA PO- GULARIHA,GORAKHPUR,Private-Self Financing,N,N,1-728926571,fetchdata,2023-2024,Engineering and Technology,1,1,1,1,Uttar Pradesh,1
1-36230547407,BHAGWANT INSTITUTE OF TECHNOLOGY,"BHAGWANTPURAM, 17TH MILE STONE BIJNOR-DELHI HIGHWAY DISTT.- MUZAFFARNAGAR  (U.P.)-251315",MUZAFFARNAGAR,Private-Self Financing,N,N,1-16872534,fetchdata,2023-2024,Engineering and Technology,1,1,1,1,Uttar Pradesh,1
1-36223898331,GOVERNMENT GIRLS  POLYTECHNIC MEJA,"MEJA KHAS, ALLAHABAD",ALLAHABAD,Government,Y,N,1-511759291,fetchdata,2023-2024,Engineering and Technology,1,1,1,1,Uttar Pradesh,1
1-36223898894,HASTINAPUR INSTITUTE OF TECHNOLOGY & MANAGEMENT,HASTINAPUR ROAD  VILAGE GANESHPUR TEHSIL MAWANA,MEERUT,Private-Self Financing,N,N,1-831614121,fetchdata,2023-2024,Engineering and Technology,1,1,1,1,Uttar Pradesh,1
1-36225836333,"MMIT, KANPUR DEHAT","MATI, AKBARPUR",RAMABAI NAGAR (KANPUR DEHAT),Government,N,N,1-2856836681,fetchdata,2023-2024,Engineering and Technology,1,1,1,1,Uttar Pradesh,1
1-36225836791,"GOVT GIRLS POLYTECHNIC, GORAKHPUR","ASURAN CHOWK, MEDICAL ROAD",GORAKHPUR,Government,Y,N,1-475533653,fetchdata,2023-2024,Engineering and Technology,1,1,1,1,Uttar Pradesh,1
1-36228055361,GOVERNMENT POLYTECHNIC SENDURIA  SONEBHADRA (CENTRAL GOVERNMENT),SENDURIA CHOPAN SONEBHADRA,SONBHADRA,Government,N,N,1-2880028531,fetchdata,2023-2024,Engineering and Technology,1,1,1,1,Uttar Pradesh,1
1-36229187318,LUCKNOW POLYTECHNIC LUCKNOW," KANPUR ROAD,KRISHNA NAGAR",LUCKNOW,Govt aided,N,N,1-478354121,fetchdata,2023-2024,Engineering and Technology,1,1,1,1,Uttar Pradesh,1
1-36230696339,ALLENHOUSE INSTITUTE OF TECHNOLOGY,"PLOT  NO. 176, ROOMA, KULGAON ROAD, KANPUR",KANPUR NAGAR,Private-Self Financing,N,N,1-6262181,fetchdata,2023-2024,Engineering and Technology,1,1,1,1,Uttar Pradesh,1
1-36214090954,MAHAMAYA IT POLYTECHNIC KUSHINAGAR,KHESIA MANSA CHHAPAR PADRAUNA,KUSHINAGAR,Government,N,N,1-2879655341,fetchdata,2023-2024,Engineering and Technology,1,1,1,1,Uttar Pradesh,1
1-36222291788,KRISHNA INSTITUTE OF TECHNOLOGY 351,"GRAM AMILIHA,POST TATIYAGANJ",KANPUR NAGAR,Private-Self Financing,N,N,1-23064741,fetchdata,2023-2024,Engineering and Technology,1,1,1,1,Uttar Pradesh,1
1-36223937870,A.D.R.S. INSTITUTE OF TECHNOLOGY & MANAGEMENT,"G.T. ROAD, TEH.-GABHANA, ALIGARH",ALIGARH,Private-Self Financing,N,N,1-506058351,fetchdata,2023-2024,Engineering and Technology,1,1,1,1,Uttar Pradesh,1
1-36224674245,GOVERNMENT POLYTECHNIC,"G. T. ROAD, CHHACHHA, BHOGAON DISTT-MAINPURI",MAINPURI,Government,N,N,1-1504882511,fetchdata,2023-2024,Engineering and Technology,1,1,1,1,Uttar Pradesh,1
1-36225902945,ITM POLYTECHNIC,"AL-1, SECTOR-7, GIDA, GORAKHPUR,",GORAKHPUR,Private-Self Financing,N,N,1-2846165611,fetchdata,2023-2024,Engineering and Technology,1,1,1,1,Uttar Pradesh,1
1-36226831109,"INSTITUTE OF ENGINEERING & TECHNOLOGY,AGRA",KHANDARI CAMPUS  AGRA,AGRA,State Government University,N,N,1-2880994101,fetchdata,2023-2024,Engineering and Technology,1,1,1,1,Uttar Pradesh,1
1-36226902619,"GOVERNMENT POLYTECHNIC,KURSI ROAD,BARABANKI",KURSI ROAD FATEHPUR BARABANKI,BARABANKI,Government,N,N,1-1555647901,fetchdata,2023-2024,Engineering and Technology,1,1,1,1,Uttar Pradesh,1
1-36229257324,SMT.RAM DULARI COLLEGE OF TECHNOLOGY & MANAGEMENT,"7,N.R.GARDEN ,OLE,MATHURA",MATHURA,Private-Self Financing,N,N,1-502651481,fetchdata,2023-2024,Engineering and Technology,1,1,1,1,Uttar Pradesh,1
1-36218669659,"GOVT. POLYTECHNIC TALBEHAT ,LALITPUR",GOVT. POLYTECHNIC TALBEHAT LALITPUR,LALITPUR,Government,N,N,1-1537520451,fetchdata,2023-2024,Engineering and Technology,1,1,1,1,Uttar Pradesh,1
1-36222397782,RAM SINGH COLLEGE OF ENGG.&TECHNOLOGY,"NAGLA SIKANDAR TUNDLA,ETAH ROAD  FIROZABAD",FIROZABAD,Private-Self Financing,N,N,1-476171123,fetchdata,2023-2024,Engineering and Technology,1,1,1,1,Uttar Pradesh,1
1-36224674733,"GOVT. POLYTECHNIC SIKANDRA,KANPUR DEHAT","VILLAGE- SIKANDRA, KANPUR DEHAT",RAMABAI NAGAR (KANPUR DEHAT),Government,N,N,1-1532423211,fetchdata,2023-2024,Engineering and Technology,1,1,1,1,Uttar Pradesh,1
1-36226938566,"SOCIETY OF ADVANCED MANAGEMENT STUDIES (SAMS), INSTITUTE OF HOTEL MANAGEMENT","BHELKHAN (NEAR VYAS BAGH HANUMAN MANDIR) SHIVPUR-AIRPORT ROAD, VARANASI",VARANASI,Private-Self Financing,N,N,1-558823201,fetchdata,2023-2024,Engineering and Technology,1,1,1,1,Uttar Pradesh,1
1-36227003070,GOVT. POLYTECHNIC CHANGIPUR (CHANDPUR) BIJNOR,"VILL. CHANGIPUR NOORPUR -MORADABAD ROAD, NEAR GOHAVAR, TEHSIL- CHANDPUR DIST. BIJNOR (UP)",BIJNOR,Government,N,N,1-1555320081,fetchdata,2023-2024,Engineering and Technology,1,1,1,1,Uttar Pradesh,1
1-36229405225,"GOVERNMENT POLYTECHNIC, AADAMPUR, TARABGANJ, GONDA","GOVERNMENT POLYTECHNIC, AADAMPUR,BLOCK- BELSAR, TEHSIL- TARABGANJ, GONDA",GONDA,Government,N,N,1-1552167861,fetchdata,2023-2024,Engineering and Technology,1,1,1,1,Uttar Pradesh,1
1-36219987634,ALLAHABAD COLLEGE OF ENGINEERING AND MANAGEMENT,G.T ROAD (123 K.M FROM KANPUR/77 K.M FROM ALLAHABAD) PURIEN MOD. KHAGA,FATEHPUR,Private-Self Financing,N,N,1-493887551,fetchdata,2023-2024,Engineering and Technology,1,1,1,1,Uttar Pradesh,1
1-36224005854,"CENTRE FOR DEVELOPMENT OF ADVANCED COMPUTING, NOIDA","ANUSANDHAN BHAWAN, C-56/1 & B-30, INSTITUTIONAL AREA, SECTOR-62, NOIDA",GAUTAM BUDDHA NAGAR,Government,N,N,1-21699611,fetchdata,2023-2024,Engineering and Technology,1,1,1,1,Uttar Pradesh,1
1-36224097522,SHRI SAHDEV PAUDHARIYA POLYTECHNIC COLLEGE,"VILLAGE MANDA BAHAR KHADSARA, POST- RASRA, TEHSIL- RASRA",BALLIA,Private-Self Financing,N,N,1-2074028681,fetchdata,2023-2024,Engineering and Technology,1,1,1,1,Uttar Pradesh,1
1-36229405715,"SAROJ INSTITUTE OF TECHNOLOGY & MANAGEMENT, LUCKNOW","AHIMAMAU,  P.O. ARJUNGANJ, SULTANPUR RAOD, LUCKNOW.",LUCKNOW,Private-Self Financing,N,N,1-7995104,fetchdata,2023-2024,Engineering and Technology,1,1,1,1,Uttar Pradesh,1
1-36230955626,DR. K.N. MODI INSTITUTE OF ENGINEERING AND TECHNOLOGY,"DELHI - MEERUT ROAD, OPPOSITE SBI MAIN BRANCHMODINAGAR, DISTRICT - GHAZIABADPIN - 201201",GHAZIABAD,Private-Self Financing,N,N,1-12314001,fetchdata,2023-2024,Engineering and Technology,1,1,1,1,Uttar Pradesh,1
1-36222531250,DEVO MAHESH COLLEGE OF ENGINEERING & TECHNOLOGY,"SUKRIT (VARANASI TO SHAKTINAGAR G.T. ROAD) ROBARTSGANJ, SONBHADRA, UTTAR PRADESH (INDIA)",SONBHADRA,Private-Self Financing,N,N,1-2071025701,fetchdata,2023-2024,Engineering and Technology,1,1,1,1,Uttar Pradesh,1
1-36228293341,SANJAY GANDHI POLYTECHNIC,ROAD NO.- 4 INDUSTRIAL AREA JAGDISHPUR,AMETHI,Government,N,N,1-475212911,fetchdata,2023-2024,Engineering and Technology,1,1,1,1,Uttar Pradesh,1
1-36228333505,SAROJ INSTITUTE OF MANAGEMENT AND TECHNOLOGY,"CHAND SARAI, NEAR GOSAIGANJ, SULTANPUR RAOD, LUCKNOW",LUCKNOW,Private-Self Financing,N,N,1-5295661,fetchdata,2023-2024,Engineering and Technology,1,1,1,1,Uttar Pradesh,1
1-36229518979,SWAMI KALYAN DEV POLYTECHNIC INSTITUITE,VILL-BEHRA SADAT.POST-KAKRAULI.,MUZAFFARNAGAR,Private-Self Financing,N,N,1-503599301,fetchdata,2023-2024,Engineering and Technology,1,1,1,1,Uttar Pradesh,1
1-36231027370,JASWANT SINGH BHADAURIA INSTITUTE OF TECHNOLOGY,VILL + POST KOSI KHURD BHARATPUR ROAD MATHURA,MATHURA,Private-Self Financing,N,N,1-458433155,fetchdata,2023-2024,Engineering and Technology,1,1,1,1,Uttar Pradesh,1
1-36214544394,EMERALD-9 INSTITUTE OF MANAGEMENT AND TECHNOLOGY,"11TH KM STONE, LUCKNOW-DEVA ROAD",BARABANKI,Private-Self Financing,N,N,1-477119421,fetchdata,2023-2024,Engineering and Technology,1,1,1,1,Uttar Pradesh,1
1-36215686806,TRINITY INSTITUTE OF INNOVATIONS IN PROFESSIONAL STUDIES,2B/1  KNOWLEDGE PARK-III,GAUTAM BUDDHA NAGAR,Private-Self Financing,N,N,1-3684585544,fetchdata,2023-2024,Engineering and Technology,1,1,1,1,Uttar Pradesh,1
1-36219057042,JAHANGIRABAD EDUCATIONAL TRUST GROUP OF INSTITUTIONS,"JAHANGIRABAD FORT, JAHANGIRABAD,BARABANKI,UP-225203",BARABANKI,Private-Self Financing,N,Y,1-8718336,fetchdata,2023-2024,Engineering and Technology,1,1,1,1,Uttar Pradesh,1
1-36222599711,BHASHKAR POLYTECHNIC COLLEGE,SHAMLI ROAD KAIRANA (SHAMLI),MUZAFFARNAGAR,Private-Self Financing,N,N,1-1465664891,fetchdata,2023-2024,Engineering and Technology,1,1,1,1,Uttar Pradesh,1
1-36223374279,GOVERNMENT GIRLS POLYTECHNIC BALLIA,TIKHAMPUR BALLIA,BALLIA,Government,Y,N,1-493882871,fetchdata,2023-2024,Engineering and Technology,1,1,1,1,Uttar Pradesh,1
1-36224954906,GOVERNMENT POLYTECHNIC MADHOGARH,PRINCIPAL GOVERNMENT POLYTECHNIC MADHOGARH (JALAUN)UP,JALAUN,Government,N,N,1-514159911,fetchdata,2023-2024,Engineering and Technology,1,1,1,1,Uttar Pradesh,1
1-36229664510,VIIT POLYTECHNIC COLLEGE,"VIIT CAMPUS, G.T. ROAD, SUNHERA, BULANDSHAHR U.P.",BULANDSHAHAR,Private-Self Financing,N,N,1-510933341,fetchdata,2023-2024,Engineering and Technology,1,1,1,1,Uttar Pradesh,1
1-36214611354,SVS POLYTECHNIC,"HASTINAPUR ROAD,",MEERUT,Private-Self Financing,N,N,1-458571121,fetchdata,2023-2024,Engineering and Technology,1,1,1,1,Uttar Pradesh,1
1-36218046431,LAKHMIRI INSTITUTE OF ENGINEERING & TECHNOLOGY,"GOPI NAGAR, AHERA POST - BAGHPAT, DISTT. - BAGHPAT (U.P) 250609",BAGPAT,Private-Self Financing,N,N,1-2878170781,fetchdata,2023-2024,Engineering and Technology,1,1,1,1,Uttar Pradesh,1
1-36219126254,"GOVERNEMT POLYTECHNIC, FATEHPUR","NAUWA BAGH, G.T. ROAD",FATEHPUR,Government,N,N,1-462557131,fetchdata,2023-2024,Engineering and Technology,1,1,1,1,Uttar Pradesh,1
1-36225019394,"P.M.V. POLYTECHNIC, MATHURA","MATHURA-VRINDAVAN ROAD, NEAR BIRLA TEMPLE, MATHURA",MATHURA,Govt aided,N,N,1-536946181,fetchdata,2023-2024,Engineering and Technology,1,1,1,1,Uttar Pradesh,1
1-36225087390,"CHHATRAPATI SAHUJI MAHARAJ GOVERNMENT POYTECHNIC, BALRAMPUR (RUNNING AT GOVT POLT. GONDA)","CHHATRAPATI SAHUJI MAHARAJ GOVERNMENT POLYTECHNIC, SURAHIYA DEWER POST - MAHUWA DHANI BALRAMPUR",BALRAMPUR,Government,N,N,1-486282911,fetchdata,2023-2024,Engineering and Technology,1,1,1,1,Uttar Pradesh,1
1-36229664972,DR. VIRENDRA SWARUP MEMORIAL TRUST GROUP OF INSTITUTION,"RAGENDRA SWARUP KNOWLEDGE CITY, LUCKNOW KANPUR NATIONAL HIGHWAY 25, POLE NO. 70-71, KADER PATARI, UNNAO",UNNAO,Private-Self Financing,N,N,1-11878126,fetchdata,2023-2024,Engineering and Technology,1,1,1,1,Uttar Pradesh,1
1-36229734907,MANGALMAY INSTITUTE OF ENGINEERING & TECHNOLOGY,"PLOT NO. 8, KNOWLEDGE PARK-II",GAUTAM BUDDHA NAGAR,Private-Self Financing,N,N,1-413241491,fetchdata,2023-2024,Engineering and Technology,1,1,1,1,Uttar Pradesh,1
1-36229786724,VIVEKANANDA COLLEGE OF POLYTECHNIC,MATHURA BYPASS NEAR KHAIR ROAD 500 MTRS FROM NADA PUL,ALIGARH,Private-Self Financing,N,N,1-3371050371,fetchdata,2023-2024,Engineering and Technology,1,1,1,1,Uttar Pradesh,1
1-36214662850,MAHAMAYA POLYTECHNIC OF INFORMATION  TECHNOLOGY,KATHARA  CHAIL  KAUSHAMBI,KAUSHAMBI,Government,N,N,1-2869437751,fetchdata,2023-2024,Engineering and Technology,1,1,1,1,Uttar Pradesh,1
1-36214747302,"MAHAMAYA POLYTECHNIC OF INFORMATION TECHNOLOGY,  LENGADI GOOLAR, SRAVASTI",VILL  LENGADI GOOLAR  POST VIJAYPUR SISAWAAN TESHIL IKAUNA DISTT SHRAVASTI STATE UTTAR PRADESH PIN 271835,SHRAVASTI,Government,N,N,1-2871779871,fetchdata,2023-2024,Engineering and Technology,1,1,1,1,Uttar Pradesh,1
1-36216784694,INSTITUTE OF ENGINEERING & TECHNOLOGY,"DR. RAM MANOHAR LOHIA AVADH UNIVERSITY, FAIZABAD UTTAR PRADESH 224001",FAIZABAD,State Government University,N,N,1-35241531,fetchdata,2023-2024,Engineering and Technology,1,1,1,1,Uttar Pradesh,1
1-36218151536,"GOVERNMENT POLYTECHNIC, MAU","VILLAGE- KANDHERI  NEAR DOORDASHERSN KENDRA , MAU",MAU,Government,N,N,1-482121751,fetchdata,2023-2024,Engineering and Technology,1,1,1,1,Uttar Pradesh,1
1-36220366984,"M.G.POLYTECHNIC, HATHRAS",AGRA ALIGARH ROAD HATHRAS,MAHAMAYA NAGAR,Govt aided,N,N,1-522663081,fetchdata,2023-2024,Engineering and Technology,1,1,1,1,Uttar Pradesh,1
1-36223374837,GCRG MEMORIAL TRUST'S GROUP OF INSTITUTIONS,"VILLAGE-PARVATPUR, CHANDRIKA DEVI ROAD, POST-KATHWARA BAKSHI KA TALAB DISTT.-LUCKNOW UTTAR PRADESH",LUCKNOW,Private-Self Financing,N,N,1-10294391,fetchdata,2023-2024,Engineering and Technology,1,1,1,1,Uttar Pradesh,1
1-36228438726,B. S. M. COLLEGE OF TECHNOLOGY AND MANAGEMENT,VILL-BHADAR POST-SON DISTT-MATHURA,MATHURA,Private-Self Financing,N,N,1-478117321,fetchdata,2023-2024,Engineering and Technology,1,1,1,1,Uttar Pradesh,1
1-36229854214,"INSTITUTE OF TECHNOLOGY &MANAGEMENT,LUCKNOW","N.H.-24,MAMPUR BANA,BAKSHI KA TALAB,SITAPUR ROAD,LUCKNOW",LUCKNOW,Private-Self Financing,N,N,1-4199791,fetchdata,2023-2024,Engineering and Technology,1,1,1,1,Uttar Pradesh,1
1-36220501017,LLOYD INSTITUTE OF MANAGEMENT & TECHNOLOGY,"PLOT NO.11, KNOWLEDGE PARK-II",GAUTAM BUDDHA NAGAR,Private-Self Financing,N,N,1-6275721,fetchdata,2023-2024,Engineering and Technology,1,1,1,1,Uttar Pradesh,1
1-36226586506,"MAHAMAYA GOVERNMENT POLYTECHNIC OF INFORMATION TECHNOLOGY,  GORAKHPUR","HARIHARPUR, TAHSEEL- KHAJANI, DISTT.- GORAKHPUR U.P.",GORAKHPUR,Government,N,N,1-492711691,fetchdata,2023-2024,Engineering and Technology,1,1,1,1,Uttar Pradesh,1
1-36216850266,GOVERNMENT POLYTECHNIC BIJNOR UP,"GOVERNMENT POLYTECHNIC MEERUT ROAD, BIJNOR, UP",BIJNOR,Government,N,N,1-457237741,fetchdata,2023-2024,Engineering and Technology,1,1,1,1,Uttar Pradesh,1
1-36220571182,VISHVESHWARYA INSTITUTE OF POLYTECHNIC,"VILLAGE BEEL AKBARPUR, & TEHSIL DADRI, DISTT. GAUTAM BUDH NAGAR",GAUTAM BUDDHA NAGAR,Private-Self Financing,N,N,1-2857413111,fetchdata,2023-2024,Engineering and Technology,1,1,1,1,Uttar Pradesh,1
1-36224200747,AERONAUTICAL TRAINING INSTITUTE UP,LUCKNOW AIRPORT LUCKNOW,LUCKNOW,Government,N,N,1-496132791,fetchdata,2023-2024,Engineering and Technology,1,1,1,1,Uttar Pradesh,1
1-36230067297,GOVERNMENT POLYTECHNIC MORADABAD,"KANTH ROAD, OPPOSITE VIVEKANAND HOSPITAL , MORADABAD",MORADABAD,Government,N,N,1-479242731,fetchdata,2023-2024,Engineering and Technology,1,1,1,1,Uttar Pradesh,1
1-36230067774,NATIONAL SUGAR INSTITUTE,KALYANPUR,KANPUR NAGAR,Government,N,N,1-2480100091,fetchdata,2023-2024,Engineering and Technology,1,1,1,1,Uttar Pradesh,1
1-36216915972,GAYATRI COLLEGE OF ENGG.&TECHNOLOGY,MURHI JAHANGIRPUR,AGRA,Private-Self Financing,N,N,1-476366521,fetchdata,2023-2024,Engineering and Technology,1,1,1,1,Uttar Pradesh,1
1-36264231569,R. R. INSTITUTE OF MODERN POLYTECHNIC,"VILL-BHAISAMAU, NH-24, BAKSHI KA TALAB, SITAPUR ROAD, LUCKNOW-226201",LUCKNOW,Private-Self Financing,N,N,1-2849240381,fetchdata,2023-2024,Engineering and Technology,1,1,1,1,Uttar Pradesh,1
1-36265636035,SAGAR INSTITUTE OF TECHNOLOGY & MANAGEMENT,"6TH KM STONE, FAIZABAD ROAD, BARABANKI.",BARABANKI,Private-Self Financing,N,N,1-6264633,fetchdata,2023-2024,Engineering and Technology,1,1,1,1,Uttar Pradesh,1
1-36265636930,GOVERNMENT POLYTECHNIC RAMPUR,NEAR GOVT. PRESS  DISTT. RAMPUR  (U.P.) 244901,RAMPUR,Government,N,N,1-497457901,fetchdata,2023-2024,Engineering and Technology,1,1,1,1,Uttar Pradesh,1
1-36265676443,I.T.S ENGINEERING COLLEGE,"PLOT NO 46, KNOWLEDGE PARK-III,",GAUTHAM BUDDHA NAGAR,Private-Self Financing,N,N,1-3548911,fetchdata,2023-2024,Engineering and Technology,1,1,1,1,Uttar Pradesh,1
1-36266124858,KALI CHARAN NIGAM INSTITUTE OF TECHNOLOGY,"NARAINI ROAD, BANDA",BANDA,Private-Self Financing,N,N,1-20221111,fetchdata,2023-2024,Engineering and Technology,1,1,1,1,Uttar Pradesh,1
1-36264433279,GOVERNMENT POLYTECHNIC BAHRAICH,"ASSAM CHAURAHA, BHINGA ROAD, KALPIPARA",BAHRAICH,Government,N,N,1-486305231,fetchdata,2023-2024,Engineering and Technology,1,1,1,1,Uttar Pradesh,1
1-36264501210,SHRI MOTI SMRITI INSTITUTE OF TECHNOLOGY,"KHASRA / GATA NO. 4/2, 17, 18, 23, 55, 56, AND 57 AT VILLAGE ADALPUR TAJ, KAILSA ROAD, AMROHA",J P NAGAR,Private-Self Financing,N,N,1-2519447601,fetchdata,2023-2024,Engineering and Technology,1,1,1,1,Uttar Pradesh,1
1-36264569283,INTERNATIONAL MARITIME INSTITUTE,"13, KNOWLEDGE PARK 1, SURAJPUR KASNA ROAD,",GAUTAM BUDDHA NAGAR,Private-Self Financing,N,N,1-6072006,fetchdata,2023-2024,Engineering and Technology,1,1,1,1,Uttar Pradesh,1
1-36263134003,"RAJA BALWANT SINGH POLYTECHNIC, BICHPURI, AGRA","BICHPURI, AGRA",AGRA,Govt aided,N,N,1-492742791,fetchdata,2023-2024,Engineering and Technology,1,1,1,1,Uttar Pradesh,1
1-36263134563,MGA INSTITUTE OF POLYTECHNIC,"ARAZI NO- 945 PURWAMEER, BLOCK SARSAUL, KANPUR-209402",KANPUR NAGAR,Private-Self Financing,N,N,1-2849220101,fetchdata,2023-2024,Engineering and Technology,1,1,1,1,Uttar Pradesh,1
1-36264712507,KOTHIWAL INSTITUTE OF TECHNOLOGY & PROFESSIONAL STUDIES,"PACHOKRA, HARIDWAR ROAD, MORADABAD  UTTAR PRADESH",MORADABAD,Private-Self Financing,N,N,1-5353321,fetchdata,2023-2024,Engineering and Technology,1,1,1,1,Uttar Pradesh,1
1-36264779149,KESHAV POLYTECHNIC,"NH-58, VILL. TEJALHERA BARLA-BASERA ROAD, MUZAFFRANAGAR",MUZAFFARNAGAR,Private-Self Financing,N,N,1-493088031,fetchdata,2023-2024,Engineering and Technology,1,1,1,1,Uttar Pradesh,1
1-36262438167,BHAAVYA TECHNICAL INSTITUTE,"KHASRA NO.829, VILL.-TEHRA, TEHSIL-KHERAGARH, DISTT.-AGRA",AGRA,Private-Self Financing,N,N,1-2064658621,fetchdata,2023-2024,Engineering and Technology,1,1,1,1,Uttar Pradesh,1
1-36262511512,SHREE SAI COLLEGE OF EDUCATION OF TECHNOLOGY,VILLAGE & POST-JANGETHI (NEAR P.H.C. GHASOLI) SARDHANA ROAD,MEERUT,Private-Self Financing,N,N,1-833085941,fetchdata,2023-2024,Engineering and Technology,1,1,1,1,Uttar Pradesh,1
1-36263334809,URMILA COLLEGE OF TECHNOLOGY @ MANAGEMENT,"VILLAGE- POST- KOTSARAI, TAHSIL- SOHAWAL, FAIZABAD",FAIZABAD,Private-Self Financing,N,N,1-463799471,fetchdata,2023-2024,Engineering and Technology,1,1,1,1,Uttar Pradesh,1
1-36261798379,BABA SAHEB  DR. BHIMRAO AMBEDKAR GOVERNMENT POLYTECHNIC HAIDARPUR AURAIYA,HAIDARPUR AURAIYA,AURAIYA,Government,N,N,1-506782631,fetchdata,2023-2024,Engineering and Technology,1,1,1,1,Uttar Pradesh,1
1-36261849821,GOVT. POLYTECHNIC  SANTKABIR NAGAR (CENTRAL AIDED),"GOVT. POLYTECHNIC SIRSI, DHANGHATA    SANT KABIR NAGAR",SANT KABIR NAGAR,Government,N,N,1-2863779331,fetchdata,2023-2024,Engineering and Technology,1,1,1,1,Uttar Pradesh,1
1-36261915738,IVS POLYTECHNIC,"123 MILESTONE, MATHURA-DELHI HIGHWAY (NH-2) AKBARPUR, MATHURA - 281406",MATHURA,Private-Self Financing,N,N,1-773259041,fetchdata,2023-2024,Engineering and Technology,1,1,1,1,Uttar Pradesh,1
1-36261984247,MMIT SIDDHARATHNAGAR,MMIT BANSI SIDDHARATHNAGAR,SIDDHARTHNAGAR,Government,N,N,1-2861912261,fetchdata,2023-2024,Engineering and Technology,1,1,1,1,Uttar Pradesh,1
1-36263600763,CH.CHARAN SINGH COLLEGE OF ENGINEERING,"JAUNCHANA,POT-MAHAMADPUR JADON,TEHSIL-JEWAR,DISTT-GAUTAM BUDDH NAGAR",GAUTAM BUDDHA NAGAR,Private-Self Financing,N,N,1-2499864601,fetchdata,2023-2024,Engineering and Technology,1,1,1,1,Uttar Pradesh,1
1-36265426088,"GOVERNMENT POLYTECHNIC, BINDKI, FATEHPUR","52 IMLI, NANDAPUR, BINDKI",FATEHPUR,Government,N,N,1-2873426841,fetchdata,2023-2024,Engineering and Technology,1,1,1,1,Uttar Pradesh,1
1-36265426589,R D ENGINEERING COLLEGE,"9TH KM MILE STONE ON NH-58  DELHI MEERUT ROAD DUHAI, GHAZIABAD",GHAZIABAD,Private-Self Financing,N,N,1-3548321,fetchdata,2023-2024,Engineering and Technology,1,1,1,1,Uttar Pradesh,1
1-36203376006,BUNDELKHAND INSTITUTE OF ENGINEERING & TECHNOLOGY JHANSI,KANPUR ROAD JHANSI,JHANSI,Government,N,N,1-449514562,fetchdata,2023-2024,Engineering and Technology,1,1,1,1,Uttar Pradesh,1
1-36235369087,SMT.FULEHRA SMARAK COLLEGE OF POLYTECHNIC,"KAMTAILLA, RASRA, BALLIA (U.P.)",BALLIA,Private-Self Financing,N,N,1-2201117141,fetchdata,2023-2024,Engineering and Technology,1,1,1,1,Uttar Pradesh,1
1-36233312317,JP INSTITUTE OF ENGINEERING & TECHNILOGY,"SALARPUR, JALALPUR MAWANA ROAD, MEERUT PIN-250001",MEERUT,Private-Self Financing,N,N,1-4824676,fetchdata,2023-2024,Engineering and Technology,1,1,1,1,Uttar Pradesh,1
1-36235434190,"GOVT. GIRLAS POLYTECHNIC, AMETHI",DHMAUR ROAD,AMETHI,Government,Y,N,1-505375991,fetchdata,2023-2024,Engineering and Technology,1,1,1,1,Uttar Pradesh,1
1-36236369696,NIRMALA DEVI POLYTECHNIC COLLEGE,NAYANSAND NEAR GAURABASHAHAPUR THANA,JAUNPUR,Private-Self Financing,N,N,1-3384352531,fetchdata,2023-2024,Engineering and Technology,1,1,1,1,Uttar Pradesh,1
1-36236979190,"GOVERNMENT POLYTECHNIC, PURANPUR (PILIBHIT)","GOVERNMENT POLYTECHNIC,VILL-TANDA GULABRAI, MADHOTANDA ROAD, PURANPUR DISTT-PILIBHIT (U.P.)",PILIBHIT,Government,N,N,1-2848956891,fetchdata,2023-2024,Engineering and Technology,1,1,1,1,Uttar Pradesh,1
1-36237926946,MAHA MANAV GAUTAM BUDDHA POLYTECHNIC," BANKATI KHURD, AHIRAULI",GORAKHPUR,Private-Self Financing,N,N,1-492831601,fetchdata,2023-2024,Engineering and Technology,1,1,1,1,Uttar Pradesh,1
1-36481585601,GOVERNMENT POLYTECHNIC SAHASWAN BUDAUN,"VILL- SAMDA, KACHHLA ROAD, SAHASWAN, BUDAUN",BUDAUN,Government,N,N,1-3626474381,fetchdata,2023-2024,Engineering and Technology,1,1,1,1,Uttar Pradesh,1
1-36234943927,"AZAD POLYTECHNIC, BHARTHIPUR","BHARTHIPUR, PALHNA, LALGANJ, AZAMGARH",AZAMGARH,Private-Self Financing,N,N,1-461664851,fetchdata,2023-2024,Engineering and Technology,1,1,1,1,Uttar Pradesh,1
1-36232043305,R V INSTITUTE OF TECHNOLOGY,"VILLAGE ALHEDADPUR, 9TH KM MILESTONE, BIJNOR MORADABAD ROAD, BIJNOR, UTTAR PRADESH-246701",BIJNOR,Private-Self Financing,N,N,1-11338124,fetchdata,2023-2024,Engineering and Technology,1,1,1,1,Uttar Pradesh,1
1-36238139402,"GOVERNMENT GIRLS POLYTECHNIC, RISIA, NANPARA, BAHRAICH","GOVERNMENT GIRLS POLYTECHNIC, RISIA, NANPARA, BAHRAICH",BAHRAICH,Government,Y,N,1-3382118561,fetchdata,2023-2024,Engineering and Technology,1,1,1,1,Uttar Pradesh,1
1-36238734361,MAHAMAYA IT POLYTECHNIC MAHARAJGANJ,DHANEVA DHANEYEE MAHARAJGANJ,MAHARAJGANJ,Government,N,N,1-2879995474,fetchdata,2023-2024,Engineering and Technology,1,1,1,1,Uttar Pradesh,1
1-36232443994,IMS COLLEGE OF POLYTECHNIC,"97 MILE STONE, NH-24,KAKATHER CROSSING, KHUNGAWALI, GAJRAULA, J.P. NAGAR",J P NAGAR,Private-Self Financing,N,N,1-524513341,fetchdata,2023-2024,Engineering and Technology,1,1,1,1,Uttar Pradesh,1
1-36238046496,SANT RAVIDAS GOVT POLYTECHNIC CHAKIYA CHANDAULI,RAMPUR DHUNNOO KERAM GARAUR,CHANDAULI,Government,N,N,1-3373244321,fetchdata,2023-2024,Engineering and Technology,1,1,1,1,Uttar Pradesh,1
1-36238306703,"GOVERNMENT POLYTECHNIC , MAINPURI",AGRA ROAD MAINPURI,MAINPURI,Government,N,N,1-518660891,fetchdata,2023-2024,Engineering and Technology,1,1,1,1,Uttar Pradesh,1
1-36238373921,"GOVERNMENT POLYTECHNIC, MANKEDA, AGRA",MANKEDA AGRA,AGRA,Government,N,N,1-1603766537,fetchdata,2023-2024,Engineering and Technology,1,1,1,1,Uttar Pradesh,1
1-36235072551,RAJARSHI RANANJAY SINH INSTITUTE OF MANAGEMENT & TECHNOLOGY,"RAJARSHI NAGAR, MUNSHIGANJ",SULTANPUR,Private-Self Financing,N,N,1-7612991,fetchdata,2023-2024,Engineering and Technology,1,1,1,1,Uttar Pradesh,1
1-36236499284,AMARDEEP POLYTECHNIC COLLEGE,"VILL-KAKRAU, JALESAR ROAD, POST- FIROZABAD",FIROZABAD,Private-Self Financing,N,N,1-2883352741,fetchdata,2023-2024,Engineering and Technology,1,1,1,1,Uttar Pradesh,1
1-36237751492,KIPM-COLLEGE OF ENGINEERING & TECHNOLOGY,"PLOT NO. BL-1 & 2,  SECTOR-9, GIDA",GORAKHPUR,Private-Self Financing,N,N,1-782665331,fetchdata,2023-2024,Engineering and Technology,1,1,1,1,Uttar Pradesh,1
1-36528342499,"RAJKIYA ENGINEERING COLLEGE,AZAMGARH (FORMERLY MANYAWAR KANSHIRAM ENGINEERING COLLEGE OF INFORMATION TECHNOLOGY,AZAMGARH)","RAJKIYA ENGINEERING COLLEGE, AZAMGARH",AZAMGARH,Government,N,N,1-3349902361,fetchdata,2023-2024,Engineering and Technology,1,1,1,1,Uttar Pradesh,1
1-36236604013,INSTITUTE OF TECHNOLOGY AND MANAGEMENT,"AL-1 SECTOR-7,  GIDA GORAKHPUR",GORAKHPUR,Private-Self Financing,N,N,1-4056851,fetchdata,2023-2024,Engineering and Technology,1,1,1,1,Uttar Pradesh,1
1-36236166849,MADHU VACHASPATI INSTITUTE OF ENGIENEERING & TECHNOLOGY,"VILL: RASOOLABAD, KOILAHA, G.T.ROAD, KAUSHAMBI",KAUSHAMBI,Private-Self Financing,N,N,1-8469061,fetchdata,2023-2024,Engineering and Technology,1,1,1,1,Uttar Pradesh,1
1-36526946193,GOVERNMENT POLYTECHNIC MOHAMMADI KHERI,GOLA ROAD MOHAMMADI KHERI,LAKHIMPUR-KHERI,Government,N,N,1-3381212461,fetchdata,2023-2024,Engineering and Technology,1,1,1,1,Uttar Pradesh,1
1-36236604933,GOVERNMENT POLYTECHNIC MAHOBA,GOVT. POLY. STATION ROAD MAHOBA,MAHOBA,Government,N,N,1-530694751,fetchdata,2023-2024,Engineering and Technology,1,1,1,1,Uttar Pradesh,1
1-36238572135,ITM COLLEGE OF POLYTECHNIC,"VILL-JUNGAL DUDHAI URF CHEHRI TAPPA KATHRA, POST- CHEHRI, TEHSIL- PHARENDA",MAHARAJGANJ,Private-Self Financing,N,N,1-2883509771,fetchdata,2023-2024,Engineering and Technology,1,1,1,1,Uttar Pradesh,1
1-36234797066,BANSAL INSTITUTE OF ENGINEERING AND TECNOLOGY,"NH-24, BEHIND SEWA HOSPITAL, SITAPUR ROAD, LUCKNOW",LUCKNOW,Private-Self Financing,N,N,1-6848541,fetchdata,2023-2024,Engineering and Technology,1,1,1,1,Uttar Pradesh,1
1-36958622303,MAHARANA PRATAAP COLLEGE OF ENGINEERING,"KALYANPUR-BITHOOR ROAD, BAIKUNTHPUR, KANPUR",KANPUR NAGAR,Private-Self Financing,N,N,1-8860461,fetchdata,2023-2024,Engineering and Technology,1,1,1,1,Uttar Pradesh,1
1-36235638079,GOVT. POLYTECHNIC BASTI,BANSI ROAD HATHIAGARH BASTI,BASTI,Government,N,N,1-480562801,fetchdata,2023-2024,Engineering and Technology,1,1,1,1,Uttar Pradesh,1
1-36233735044,KASHINATH INSTITUTE OF POLYTECHNIC,"VILLAGE- NARAYANPUR KAKARAHI, POST- DAULATPUR, GHAZIPUR",GHAZIPUR,Private-Self Financing,N,N,1-3400514101,fetchdata,2023-2024,Engineering and Technology,1,1,1,1,Uttar Pradesh,1
1-36234273865,GCRG COLLEGE OF  POLYTECHNIC,"PARVATPUR, CHANDRIKA DEVI ROAD, BAKSHI KA TALAB, LUCKNOW",LUCKNOW,Private-Self Financing,N,N,1-739347891,fetchdata,2023-2024,Engineering and Technology,1,1,1,1,Uttar Pradesh,1
1-36236743181,"SHRI RAM MURTI SMARAK COLLEGE OF ENGINEERING & TECHNOLOGY, BAREILLY","RAM MURTI PURAM VILL: GHANGHORA GHANGHORI 13 KM, BAREILLY-NAINITAL ROAD BAREILLY (U.P.)",BAREILLY,Private-Self Financing,N,N,1-4412641,fetchdata,2023-2024,Engineering and Technology,1,1,1,1,Uttar Pradesh,1
1-36236779822,LANDMARK TECHNICAL CAMPUS,VILLAGE DIDAULI DELHI MORADABAD ROAD,JYOTIBA PHULE NAGAR,Private-Self Financing,N,Y,1-414245441,fetchdata,2023-2024,Engineering and Technology,1,1,1,1,Uttar Pradesh,1
1-36237348513,KUNAL PROFESSIONAL EDUCATION ACADEMY,"TEHRA,GWALIOR ROAD,TEHSIL KHERAGARH AGRA",AGRA,Private-Self Financing,N,N,1-496788751,fetchdata,2023-2024,Engineering and Technology,1,1,1,1,Uttar Pradesh,1
1-36232262326,SHIVALIK INSTITUTE OF MANAGEMENT AND TECHNOLOGY,"VILL-SARAGTHAL MUSTAKAM, P.O- SADHOLI HARIYA,",SAHARANPUR,Private-Self Financing,N,N,1-2046377471,fetchdata,2023-2024,Engineering and Technology,1,1,1,1,Uttar Pradesh,1
1-36233245359,"MANYAVAR KASHI RAM GOVERNMENT POLYTECHNIC, KANNAUJ","DURGA NAGAR, TIRWA KAHS, KANNAUJ",KANNAUJ,Government,N,N,1-479023391,fetchdata,2023-2024,Engineering and Technology,1,1,1,1,Uttar Pradesh,1
1-36235332596,"GOVT. POLYTECHNIC,PILIBHIT(U.P)","GOVT. POLYTECHNIC,BILGAUN ROAD",PILIBHIT,Government,N,N,1-486883911,fetchdata,2023-2024,Engineering and Technology,1,1,1,1,Uttar Pradesh,1
1-36232332376,LUCKNOW MODEL INSTITUTE OF TECHNOLOGY & MANAGEMENT,"LUCKNOW MODEL INSTITUTE OF TECHNOLOGY & MANAGEMENT 4.0 K.M. STONE MOHANLALGANJ - KANPUR ROAD BYPASS VILLAGE: BHASANDA, PARGANA - NIGOHA TEHSIL: MOHANLALGANJ JANPAD LUCKNOW, U.P.",LUCKNOW,Private-Self Financing,N,N,1-8909931,fetchdata,2023-2024,Engineering and Technology,1,1,1,1,Uttar Pradesh,1
1-36238205501,GOVERNMENT POLYTECHNIC DEBAI BULANDSHAHR,DORAYA CHORAYA BEHIND DEBAI TEHSIL DEBAI,BULANDSHAHAR,Government,N,N,1-2852110421,fetchdata,2023-2024,Engineering and Technology,1,1,1,1,Uttar Pradesh,1
1-36233245850,MAHATMA JYOTIBA PHULE GOVERNMENT POLYTECHNIC KAUSHAMBI,VILL-TEWAN MANJHANPUR,KAUSHAMBI,Government,N,N,1-513929261,fetchdata,2023-2024,Engineering and Technology,1,1,1,1,Uttar Pradesh,1
1-36234836529,DAYALBAGH EDUCATIONAL INSTITUTE,"DAYALBAGH, AGRA - 282110, UTTAR PRADESH, INDIA.",AGRA,Govt aided,N,N,1-482451854,fetchdata,2023-2024,Engineering and Technology,1,1,1,1,Uttar Pradesh,1
1-36235807790,K.L. POLYTECHNIC,BHARAURA MALHANI PO:MALHANI BAZAR,JAUNPUR,Private-Self Financing,N,N,1-498207103,fetchdata,2023-2024,Engineering and Technology,1,1,1,1,Uttar Pradesh,1
1-36242284401,"GOVERNEMENT POLYTECHNIC, MANIKPUR",MANIKPUR,CHITRAKOOT,Government,N,N,1-493511761,fetchdata,2023-2024,Engineering and Technology,1,1,1,1,Uttar Pradesh,1
1-36241297219,MAHARANA INSTITUTE OF PROFESSIONAL STUDIES,"KALYANPUR- BITHOOR ROAD, BAIKUNTHPUR, KANPUR",KANPUR NAGAR,Private-Self Financing,N,N,1-7203021,fetchdata,2023-2024,Engineering and Technology,1,1,1,1,Uttar Pradesh,1
1-36243668710,ADHUNIK COLLEGE OF ENGINEERING,"9TH MILE STONE, DELHI MEERUT ROAD DUHAI, GHAZIABAD",GHAZIABAD,Private-Self Financing,N,N,1-510100011,fetchdata,2023-2024,Engineering and Technology,1,1,1,1,Uttar Pradesh,1
1-36241670924,MAHAMAYA POLYTECHNIC OF INFORMATION TECHNOLOGY,"PILIBHIT BHARATPUR ROAD,15 KM FROM SIKNDRA RAO TO HATHRAS",MAHAMAYA NAGAR,Government,N,N,1-495770371,fetchdata,2023-2024,Engineering and Technology,1,1,1,1,Uttar Pradesh,1
1-36481714225,GALGOTIAS COLLEGE OF ENGINEERING & TECHNOLOGY,"PLOT NO 1, KNOWLEDGE PARK, PHASE II, INSTITUTIONAL AREA, GREATER NOIDA, UP.",GAUTAM BUDDHA NAGAR,Private-Self Financing,N,N,1-21805422,fetchdata,2023-2024,Engineering and Technology,1,1,1,1,Uttar Pradesh,1
1-36240162264,GOVERNMENT POLYTECHNIC  BHAURAHI CHUNAR MIRZAPUR,VILLAGE: BHAURAHI TEHSIL: CHUNAR DIST: MIRZAPUR PIN: 231304,MIRZAPUR,Government,N,N,1-2863306591,fetchdata,2023-2024,Engineering and Technology,1,1,1,1,Uttar Pradesh,1
1-36241334113,P.C.P.S. COLLEGE OF TECHNOLOGY & MANAGEMENT,"P.C.P.S. COLLEGE OF TECHNOLOGY & MANAGEMENT VILL+POST:- USPHAR SONKH ROAD, MATHURA.",MATHURA,Private-Self Financing,N,N,1-416775421,fetchdata,2023-2024,Engineering and Technology,1,1,1,1,Uttar Pradesh,1
1-36240546207,"GOVERNMENT POLYTECHNIC, ALIYA, SITAPUR","VILL- SARAIJEET, PARGANA AND TAHSIL- SITAPUR",SITAPUR,Government,N,N,1-2875892471,fetchdata,2023-2024,Engineering and Technology,1,1,1,1,Uttar Pradesh,1
1-36240612137,RAJSHREE INSTITUTE OF MANAGEMENT & TECHNOLOGY,"VILLAGE-LABHERA TEHSIL-NAWABGANJ,BAREILLY",BAREILLY,Private-Self Financing,N,N,1-21575861,fetchdata,2023-2024,Engineering and Technology,1,1,1,1,Uttar Pradesh,1
1-36482972232,D.N.S. COLLEGE OF ENGINEERING & TECHNOLOGY,"NH-24 DIDAULI, AMROHA",J P NAGAR,Private-Self Financing,N,N,1-7750107,fetchdata,2023-2024,Engineering and Technology,1,1,1,1,Uttar Pradesh,1
1-36241946548,MAA BHAGWATI EDUCATIONAL INSTITUTE,"SATRIKH ROAD, NEAR INDIRA CANAL, VILLAGE -JUGGAUR, CHINHAT, LUCKNOW.",LUCKNOW,Private-Self Financing,N,N,1-451018511,fetchdata,2023-2024,Engineering and Technology,1,1,1,1,Uttar Pradesh,1
1-36242320708,IILM UNIVERSITY GREATER NOIDA UTTAR PRADESH,"PLOT NO. 17-18, KNOWLEDGE PARK-II GREATER NOIDA-201306",GAUTAM BUDDHA NAGAR,State Private University,N,N,1-6545116,fetchdata,2023-2024,Engineering and Technology,1,1,1,1,Uttar Pradesh,1
1-36241774262,GOVERNMENT POLYTECHNIC KANPUR,"GT ROAD, VIKAS NAGAR, NEAR GURUDEV PALACE",KANPUR NAGAR,Government,N,N,1-499378841,fetchdata,2023-2024,Engineering and Technology,1,1,1,1,Uttar Pradesh,1
1-36243087686,"SHANTI POLYTECHNIC [CE, CE(E&PC), ME(A), ME(P), EE","KURALI BAGHPAT ROAD,MEERUT",MEERUT,Private-Self Financing,N,N,1-455197861,fetchdata,2023-2024,Engineering and Technology,1,1,1,1,Uttar Pradesh,1
1-36483137436,ASHOKA INSTITUTE OF TECHNOLOGY AND MANAGEMENT,"AKTHA,SARNATH,VARANASI.",VARANASI,Private-Self Financing,N,N,1-5716861,fetchdata,2023-2024,Engineering and Technology,1,1,1,1,Uttar Pradesh,1
1-36238799293,LDC INSTITUTE OF TECNICAL STUDIES,ALLAHABAD PRATAPGARH ROAD  VILL: ABDALPUR TEH: SORAON,ALLAHABAD,Private-Self Financing,N,N,1-3810251,fetchdata,2023-2024,Engineering and Technology,1,1,1,1,Uttar Pradesh,1
1-36242011909,"INSTITUTE OF TOOL ROOM TRAINING U.P.,LUCKNOW","A/1 AMAUSI INDUSTRIAL AREA,NADARGANJ,KANPUR ROAD,LUCKNOW-226008",LUCKNOW,Govt aided,N,N,1-510006321,fetchdata,2023-2024,Engineering and Technology,1,1,1,1,Uttar Pradesh,1
1-36238897244,GOVERNMENT POLYTECHNIC ETAWAH,AGRA BY PASS ROAD NH-2 ETAWAH,ETAWAH,Government,N,N,1-500940531,fetchdata,2023-2024,Engineering and Technology,1,1,1,1,Uttar Pradesh,1
1-36238897764,JAWAHAR LAL NEHRU POLYTECHNIC,LAKHPERABAG,SITAPUR,Govt aided,N,N,1-492934391,fetchdata,2023-2024,Engineering and Technology,1,1,1,1,Uttar Pradesh,1
1-36239892925,S.V.M. TECHNICAL INSTITUTE,"LALGANJ, PRATAPGARH",PRATAPGARH,Private-Self Financing,N,N,1-2507214871,fetchdata,2023-2024,Engineering and Technology,1,1,1,1,Uttar Pradesh,1
1-36240716027,"NATIONAL INSTITUTE OF ELECTRONICS AND INFORMATION TECHNOLOGY, GORAKHPUR CENTRE","M.M.M. ENGINEERING COLLEGE CAMPUS, GORAKHPUR - 273010",GORAKHPUR,Government,N,N,1-27916062,fetchdata,2023-2024,Engineering and Technology,1,1,1,1,Uttar Pradesh,1
1-36241128733,BABU SANT BUX ENGG. COLLEGE NH-31 SUKHPALNAGAR,VILL. SANDAWA DUBAN POST. SAHABGANJ DISTT. PRATAPGARH U.P. 230137 PIN 230137,PRATAPGARH,Private-Self Financing,N,N,1-455224771,fetchdata,2023-2024,Engineering and Technology,1,1,1,1,Uttar Pradesh,1
1-36238962330,JYOTIRADITAYA INSTITUTE OF TECHNOLOGY MANAGEMENT AND RESEARCH,VILLEGE DHARAULI MADHUPUR KOHANDAUR TEHSIL PATTI DISTRICT PRATAPGARH UP PIN 230401,PRATAPGARH,Private-Self Financing,N,N,1-4290323357,fetchdata,2023-2024,Engineering and Technology,1,1,1,1,Uttar Pradesh,1
1-36241230242,TATHAGAT GAUTAM BUDH GOVERNMENT POLYTECHNIC SHRAVASTI,"SIRSIA, SHRAVASTI",SHRAVASTI,Government,N,N,1-507648541,fetchdata,2023-2024,Engineering and Technology,1,1,1,1,Uttar Pradesh,1
1-36242551255,DR. M.C. SAXENA COLLEGE OF ENGINEERING & TECHNOLOGY,"171, BARAWANKALA, MALL ROAD, IIM-DUBAGGA BYPASS, LUCKNOW",LUCKNOW,Private-Self Financing,N,N,1-39287261,fetchdata,2023-2024,Engineering and Technology,1,1,1,1,Uttar Pradesh,1
1-36238962798,GOVERNMENT POLYTECHNIC HAMIRPUR,"SUMERPUR,HAMIRPUR",HAMIRPUR,Government,N,N,1-498871051,fetchdata,2023-2024,Engineering and Technology,1,1,1,1,Uttar Pradesh,1
1-36240403417,RADHA VALLABH INSTITUTE OF TECHNOLOGY,EMAMPUR KUTHAN,JAUNPUR,Private-Self Financing,N,N,1-3400443061,fetchdata,2023-2024,Engineering and Technology,1,1,1,1,Uttar Pradesh,1
1-36242854792," GOVERNMENT POLYTECHNIC SHAHBAD, RAMPUR","NEAR DEPTY COLLECTOR BUNGLOW, SHAHBAD, RAMPUR, DISTRICT-RAMPUR, U.P.",RAMPUR,Government,N,N,1-1576339441,fetchdata,2023-2024,Engineering and Technology,1,1,1,1,Uttar Pradesh,1
1-36239610301,"DR. AMBEDKAR INSTITUTE OF TECHNOLOGY FOR HANDICAPPED, U.P.","AWADHPURI, KANPUR",KANPUR NAGAR,Govt aided,N,N,1-11565519,fetchdata,2023-2024,Engineering and Technology,1,1,1,1,Uttar Pradesh,1
1-36242077899,LLOYD INSTITUTE OF ENGINEERING AND TECHNOLOGY,"PLOT NO-3,  KNOWLEDGE PARK-II,  GREATER NOIDA,  DIST. GAUTAM BUDH NAGAR,  U.P. 201306",GAUTAM BUDDHA NAGAR,Private-Self Financing,N,N,1-7212911,fetchdata,2023-2024,Engineering and Technology,1,1,1,1,Uttar Pradesh,1
1-36239291119,LITTLE FLOWER POLYTECHNIC,POST BAG NO. 1 M M M ENGINEERING COLLEGE P.O. GORAKHPUR,GORAKHPUR,Private-Self Financing,N,Y,1-485055081,fetchdata,2023-2024,Engineering and Technology,1,1,1,1,Uttar Pradesh,1
1-36239291675,MAHARANA PRATAP ENGINEERING COLLEGE,"430, INDRAPURI, SHARDA NAGAR, KANPUR U.P.",KANPUR NAGAR,Private-Self Financing,N,N,1-21127301,fetchdata,2023-2024,Engineering and Technology,1,1,1,1,Uttar Pradesh,1
1-36240028851,GOVT. POLYTECHNIC CHHABILHAKHOR SADAR BASTI,GOVT. POLYTECHNIC CHHABILHAKHOR BASTI,BASTI,Government,N,N,1-2102064451,fetchdata,2023-2024,Engineering and Technology,1,1,1,1,Uttar Pradesh,1
1-36240850406,"GOVERNMENT POLYTECHNIC, GONDA","UTRAULA ROAD, BABHANI KANOONGO, GONDA",GONDA,Government,N,N,1-460503211,fetchdata,2023-2024,Engineering and Technology,1,1,1,1,Uttar Pradesh,1
1-36241670198,DELHI INSTITUTE OF ENGINEERING & TECHNOLOGY,"5TH KM, STONE, PARTAPUR BY PASS ROAD, GHAT INSTITUTIONAL AREA, NH-58, MEERUT, (U.P.)",MEERUT,Private-Self Financing,N,N,1-4267091,fetchdata,2023-2024,Engineering and Technology,1,1,1,1,Uttar Pradesh,1
1-36483136989,DREAMS COLLEGE OF POLYTECHNIQUE,5TH KM MILESTONE JANTA ROAD SAHARANPUR,SAHARANPUR,Private-Self Financing,N,N,1-784811821,fetchdata,2023-2024,Engineering and Technology,1,1,1,1,Uttar Pradesh,1
1-36246665319,LLOYD COLLEGE OF ENGINEERING,"PLOT NO 3, KNOWLEDGE PARK-II, GREATER NOIDA, GAUTAM BUDH NAGAR, UTTAR PRADESH 201308",GAUTAM BUDDHA NAGAR,Private-Self Financing,N,N,1-4631756641,fetchdata,2023-2024,Engineering and Technology,1,1,1,1,Uttar Pradesh,1
1-36245178913,UMRAO  TECHNOLOGICAL  INSTITUTE,GRAM & POST -ALAMPUR TEHSIL-BINDKI,FATEHPUR,Private-Self Financing,N,N,1-464969221,fetchdata,2023-2024,Engineering and Technology,1,1,1,1,Uttar Pradesh,1
1-36515436358,GOVERNMENT GIRLS POLYTECHNIC,"VILL. JAHANPUR, TEHSIL- TILHAR, POST- NIGOHI",SHAHJAHANPUR,Government,Y,N,1-3356005921,fetchdata,2023-2024,Engineering and Technology,1,1,1,1,Uttar Pradesh,1
1-36499301105,RAJIV GANDHI POLYTECHNIC,MUSAFIRKHANA DISTRICT AMETHI UP PIN 227813,AMETHI,Private-Self Financing,N,N,1-4398987541,fetchdata,2023-2024,Engineering and Technology,1,1,1,1,Uttar Pradesh,1
1-36515437043,"GOVERNMENT POLYTECHNIC, PURAINA SADAR, MAHARAJGANJ","VILL+PO- PURAINA KHANDI, TEHSIL- SADAR,  MAHARAJGANJ, U.P. 273302",MAHARAJGANJ,Government,N,N,1-3359245281,fetchdata,2023-2024,Engineering and Technology,1,1,1,1,Uttar Pradesh,1
1-36266653681,AMBALIKA INSTITUTE OF MANAGEMENT AND TECHNOLOGY,"GRAM TIKRA, MAURAWAN ROAD,MOHANLALGANJ . LUCKNOW",LUCKNOW,Private-Self Financing,N,N,1-5498631,fetchdata,2023-2024,Engineering and Technology,1,1,1,1,Uttar Pradesh,1
1-36266731479,ARYAVART INSTITUTE OF TECHNOLOGY & MANAGEMENT,"ARYAVART INSTITUTE OF TECHNOLOGY & MANAGEMENT, OPPOSITE-AMBEDKAR UNIVERSITY, SHAHEED PATH, RAEBARELI ROAD, LUCKNOW",LUCKNOW,Private-Self Financing,N,N,1-13456471,fetchdata,2023-2024,Engineering and Technology,1,1,1,1,Uttar Pradesh,1
