institute_id,institute_name,address,district,institution_type,women_only,minority,parent_id,method,year,program,level,institutiontype,Women,Minority,state,course
1-2809547748,JAWAHARLAL DARDA INSTITUTE OF ENGINEERING & TECHNOLOGY,"M.I.D.C., LOHARA, 
YAVATMAL-445001.",YAVATMAL,Unaided - Private,N,Y,1-4243471,fetchdata,2016-2017,Engineering and Technology,1,1,1,1,Maharashtra,1
1-2809551675,PRIYADARSHINI BHAGWATI  COLLEGE OF ENGINEERING,"HARPUR NAGAR, UMRER ROAD, NAGPUR - 440009",NAGPUR,Unaided - Private,N,Y,1-5931571,fetchdata,2016-2017,Engineering and Technology,1,1,1,1,Maharashtra,1
1-2809552500,Y. B. PATIL POLYTECHNIC,"PCNTDA, SECTOR-29,
AKURDI",PUNE,Unaided - Private,N,N,1-434118461,fetchdata,2016-2017,Engineering and Technology,1,1,1,1,Maharashtra,1
1-2809625143,SHREE SANTKRUPA INSTITUTE OF ENGINEERING & TECHNOLOGY,"A/P:-GHOGAON
(SHIVAJINAGAR)
TAL:-KARAD
DIST:-SATARA",SATARA,Unaided - Private,N,N,1-458668021,fetchdata,2016-2017,Engineering and Technology,1,1,1,1,Maharashtra,1
1-2809680126,SHREE DATTA POLYTECHNIC COLLEGE,"DATTANAGAR
416120
TAL:SHIROL
DIST:KOLHAPUR",KOLHAPUR,Unaided - Private,N,N,1-462450421,fetchdata,2016-2017,Engineering and Technology,1,1,1,1,Maharashtra,1
1-2809714587,LATE VASANTDADA POLYTECHNIC,"E-2/F-3., NEW NANDANVAN,NEAR WATER TANK, NAGPUR",NAGPUR,Unaided - Private,N,N,1-467832381,fetchdata,2016-2017,Engineering and Technology,1,1,1,1,Maharashtra,1
1-2809715022,DECCAN EDUCATION SOCIETYS TECHNICAL INSTITUTE,"BMCC ROAD, DECCAN GYMKHANA",PUNE,Govt aided,N,N,1-475340681,fetchdata,2016-2017,Engineering and Technology,1,1,1,1,Maharashtra,1
1-2809742294,"TRINITY POLYTECHNIC, PUNE","S.NO.25 & 27, KONDHAWA-SASWAD ROAD, NEAR BOPDEV GHAT, PUNE",PUNE,Unaided - Private,N,N,1-2064632551,fetchdata,2016-2017,Engineering and Technology,1,1,1,1,Maharashtra,1
1-2809742577,DR.D.Y.PATIL PRATISHTHAN'S CO,"R. S. NO. 865 A-WARD, SALOKHE NAGAR, KOLHAPUR",KOLHAPUR,Unaided - Private,N,N,1-2194159151,fetchdata,2016-2017,Engineering and Technology,1,1,1,1,Maharashtra,1
1-2809743516,JSPM NARHE TECHNICAL CAMPUS,"S.NO.12/2/2, 14/9, NARHE",PUNE,Unaided - Private,N,N,1-448618911,fetchdata,2016-2017,Engineering and Technology,1,1,1,1,Maharashtra,1
1-2809761187,SHRI SAI COLLEGE OF ENGINEERING,"GUT NO. 80, PADDARI VILLAGE, TAL. AURANGABAD, DIST. AURANGABAD,",AURANGABAD,Unaided - Private,N,N,1-34182281,fetchdata,2016-2017,Engineering and Technology,1,1,1,1,Maharashtra,1
1-2809761579,A.I.'S MOHAMMED HAJI SABOO SIDDIK POLYTECHNIC,"8, SABOO SIDDIK POLYTECHNIC ROAD,BYCULLA",MUMBAI CITY,Govt aided,N,Y,1-461316291,fetchdata,2016-2017,Engineering and Technology,1,1,1,1,Maharashtra,1
1-2809762315,DR. A. D. SHINDE COLLEGE OF ENGINEERING,"GUDDAI
A/P: BHADGAON
TAL: GADHINGLAJ
DIST : KOLHAPUR",KOLHAPUR,Unaided - Private,N,N,1-2183608891,fetchdata,2016-2017,Engineering and Technology,1,1,1,1,Maharashtra,1
1-2809791783,"VIDYA PRASARAK MANDAL'S POLYTECHNIC, THANE","'JANADWEEPA,' COLLEGE CAMPUS CHENDANI BUNDER ROAD, THANE (W) 400601",THANE,Unaided - Private,N,N,1-435547521,fetchdata,2016-2017,Engineering and Technology,1,1,1,1,Maharashtra,1
1-2809792310,ST. XAVIER'S TECHNICAL INSTITUTE,"MAHIM CAUSEWAY, MAHIM(WEST), MUMBAI 400016",MUMBAI CITY,Govt aided,N,Y,1-413785501,fetchdata,2016-2017,Engineering and Technology,1,1,1,1,Maharashtra,1
1-2809792461,SHRI MUKUNDRAO PANNASE POLYTECHNIC,"K.NO 42, PH.62 AT MAUZA MONDHA, PANJARI, HINGANA, NAGPUR.",NAGPUR,Unaided - Private,N,N,1-522894761,fetchdata,2016-2017,Engineering and Technology,1,1,1,1,Maharashtra,1
1-2809488438,DR.VARSHA PATIL INSTITUTE OF TECHNOLOGY,"GAT NO 57/1, 57/2, N.H.6, BHUSAWAL ROAD, NR. DR. ULHAS PATIL MEDICAL COLLEGE, KHIRID KH",JALGAON,Unaided - Private,N,N,1-403200961,fetchdata,2016-2017,Engineering and Technology,1,1,1,1,Maharashtra,1
1-2809555040,"SARASWATI COLLEGE OF ENGINEERING, KHARGHAR, NAVI-MUMBAI","PLOT NO-46
SECTOR-5
KHARGHAR
NAVI-MUMBAI",RAIGAD,Unaided - Private,N,N,1-1630347,fetchdata,2016-2017,Engineering and Technology,1,1,1,1,Maharashtra,1
1-2809557842,"PAD. DR. D. Y. PATIL INSTITUTE OF ENGINEERING, MANAGEMENT & RESEARCH","SECTOR 29, PCNTDA,(RAVET), NIGDI PRADHIKARAN, PUNE
411044",PUNE,Unaided - Private,N,N,1-788052211,fetchdata,2016-2017,Engineering and Technology,1,1,1,1,Maharashtra,1
1-2809629791,"COLLEGE OF ENGINEERING & TECHNOLOGY, NORTH MAHARASHTRA KNOWLEDGE CITY, JALGAON",GAT NO. 166 BAMBHORI TAL. DHARANGAON DIST.  JALGAON,JALGAON,Unaided - Private,N,N,1-456316141,fetchdata,2016-2017,Engineering and Technology,1,1,1,1,Maharashtra,1
1-2809630239,G. H. RAISONI POLYTECHNIC,"B-37/39-1, SHRADHA PARK, HINGNA-WADI LINK ROAD, NAGPUR-440028",NAGPUR,Unaided - Private,N,Y,1-462834281,fetchdata,2016-2017,Engineering and Technology,1,1,1,1,Maharashtra,1
1-2809683369,DR. ASHOK GUJAR TECHNICAL INSTITUTE'S DR. DAULATRAO AHER COLLEGE OF ENGINEERING,"VIDYANAGAR EXTENSION, BANAWADI, KARAD",SATARA,Unaided - Private,N,N,1-14782151,fetchdata,2016-2017,Engineering and Technology,1,1,1,1,Maharashtra,1
1-2809715423,"GOVERNMENT POLYTECHNIC,BRAMHAPURI","AT:-KHED,NAGBHID ROAD,BRAMHAPURI,TA:-BRAMHAPURI,DIST:-CHANDRAPUR",CHANDRAPUR,Government,N,N,1-492853671,fetchdata,2016-2017,Engineering and Technology,1,1,1,1,Maharashtra,1
1-2809716062,"LAL BAHADUR SHASTRI POLYTACHNIC INSTITUTE, TONDAR","AT/POST : TONDAR
TQ. : UDGIR
DIST. : LATUR",LATUR,Unaided - Private,N,N,1-463771133,fetchdata,2016-2017,Engineering and Technology,1,1,1,1,Maharashtra,1
1-2809716363,"SMT. RADHIKATAI PANDAV COLLEGE OF ENGINEERING,","NEAR DIGHORI NAKA, UMRER ROAD, NAGPUR",NAGPUR,Unaided - Private,N,N,1-6154233,fetchdata,2016-2017,Engineering and Technology,1,1,1,1,Maharashtra,1
1-2809717062,SHARADCHANDRA PAWAR COLLEGE OF ENGINEERING,"AT. DUMBARWADI , POST. KHAMUNDI, TAL- JUNNAR, DIST- PUNE 412409",PUNE,Unaided - Private,N,N,1-6092911,fetchdata,2016-2017,Engineering and Technology,1,1,1,1,Maharashtra,1
1-2809744457,NAGPUR INSTITUTE OF TECHNOLOGY,"SURVEY NO. 13/2, MAHURZARI, NEAR FETARI, KATOL ROAD, NAGPUR-441501",NAGPUR,Unaided - Private,N,N,1-4830701,fetchdata,2016-2017,Engineering and Technology,1,1,1,1,Maharashtra,1
1-2809745117,DHAMANGAON EDUCATION SOCIETY'S COLLEGE OF ENGINEERING & TECHNOLOGY,"KNOWLEDGE HUB, ANJANSINGI ROAD, DHAMANGAON RLY 
TQ- DHAMANGAON RLY DIST: AMRAVATI (MS)",AMRAVATI,Unaided - Private,N,N,1-6545176,fetchdata,2016-2017,Engineering and Technology,1,1,1,1,Maharashtra,1
1-2809745485,BAJAJ CHANDRAPUR POLYTECHNIC CHANDRAPUR,"BALAJI WARD,NEAR FISH MARKET,",CHANDRAPUR,Unaided - Private,N,Y,1-475182883,fetchdata,2016-2017,Engineering and Technology,1,1,1,1,Maharashtra,1
1-2809745934,"SANJIVANI K.B.P.POLYTECHNIC,KOPARGAON","AT-SAHAJANANDNAGAR
POST.SHINGANAPUR
TAL.KOPARGAON
DIST.AHMEDNAGAR",AHMEDNAGAR,Unaided - Private,N,N,1-405661531,fetchdata,2016-2017,Engineering and Technology,1,1,1,1,Maharashtra,1
1-2809762603,HI-TECH POLYTECHNIC,"P-119, BAJAJNAGAR,MIDC,WALUJ, AURANGABAD.",AURANGABAD,Unaided - Private,N,N,1-433799481,fetchdata,2016-2017,Engineering and Technology,1,1,1,1,Maharashtra,1
1-2809763023,K.C. COLLEGE OF ENGINEERING AND MANAGEMENT STUDIES AND RESEARCH,"NEAR SADGURU GARDEN, MITH BUNDER ROAD, KOPRI, THANE(E",THANE,Unaided - Private,N,Y,1-15514691,fetchdata,2016-2017,Engineering and Technology,1,1,1,1,Maharashtra,1
1-2809763522,HI-TECH INSTITUTE OF TECHNOLOGY,"P-119,BAJAJNAGAR NEAR HOTEL MRUGNAYNI
AURANGABAD
PIN CODE 431136",AURANGABAD,Unaided - Private,N,N,1-3290049,fetchdata,2016-2017,Engineering and Technology,1,1,1,1,Maharashtra,1
1-2809792635,"SHRI SOMESHWAR SHIKSHAN PRASARAK MANDALS, SOMESHWAR ENGINEERING COLLEGE","GAT.NO. 53, WAGHALWADI, POST SOMESHWARNAGAR,
TAL-BARAMATI, DIST PUNE.",PUNE,Unaided - Private,N,N,1-714167571,fetchdata,2016-2017,Engineering and Technology,1,1,1,1,Maharashtra,1
1-2809793797,"D.B.GROUP OF INSTITUTIONS, SCHOOL OF TECHNOLOGY"," OFF LATUT-NANDED
HIGHWAY,AT MAHALANGRA,TQ-CHAKUR,DIST-LATUR-412513",LATUR,Unaided - Private,N,N,1-1345983571,fetchdata,2016-2017,Engineering and Technology,1,1,1,1,Maharashtra,1
1-2809794091,"KDK COLLEGE OF ENGINEERING, UMRER, NAGPUR","STATE HIGHWAY NO. 9, OPP. W.C.L.,
UMRER PROJECT, UMRER,
DIST. NAGPUR, MAHARASHTRA STATE
INDIA-441204",NAGPUR,Unaided - Private,N,N,1-4429884,fetchdata,2016-2017,Engineering and Technology,1,1,1,1,Maharashtra,1
1-2809491323,"ITM COLLEGE OF ENGINEERING, NAGPUR","KHASRA NO.180, GHORPAD (SHIRPUR), TAL-KAMPTEE, DIST-NAGPUR, MAHARASHTRA",NAGPUR,Unaided - Private,N,Y,1-3761141,fetchdata,2016-2017,Engineering and Technology,1,1,1,1,Maharashtra,1
1-2809493761,"DR. RAJESH RAMDASJI KAMBE POLYTECHNIC COLLEGE, TURKHED, MURTIZAPUR, DIST- AKOLA","GAT NO. 8 , SERVEY NO. 13, TURKHED, TQ.MURTIZAPUR, DIST- AKOLA",AKOLA,Unaided - Private,N,N,1-464944731,fetchdata,2016-2017,Engineering and Technology,1,1,1,1,Maharashtra,1
1-2809494374,KAI PUJYA TRIMBAKAPPA BASAVANTAPPA GIRWALKAR POLYTECHNIC,YESHWANTRAO CHAVAN CHOWK AMBAJOGAI,BEED,Unaided - Private,N,N,1-511312441,fetchdata,2016-2017,Engineering and Technology,1,1,1,1,Maharashtra,1
1-2809633280,"GOVERNMENT POLYTECHNIC, PEN","SHIVAJINAGAR, RAMWADI, PEN",RAIGAD,Government,N,N,1-502653541,fetchdata,2016-2017,Engineering and Technology,1,1,1,1,Maharashtra,1
1-2809635623,INDO GERMAN TOOL ROOM,"P-31, MIDC, CHIKALTHANA INDUSTRIAL AREA,",AURANGABAD,Government,N,N,1-497619091,fetchdata,2016-2017,Engineering and Technology,1,1,1,1,Maharashtra,1
1-2809685042,MANAV SCHOOL OF ENGINEERING AND TECHNOLOGY,"GUT NO 1035, NAGPUR SURAT HIGHWAY NH 6, VYALA",AKOLA,Unaided - Private,N,N,1-728166611,fetchdata,2016-2017,Engineering and Technology,1,1,1,1,Maharashtra,1
1-2809717560,MAHARASHTRA SHIKSHAN VIKAS MANDAL LOKNETE GOPALRAOJI GULWE POLYTECHNIC,"SURVEY NO.35/1/2A,
VILHOLI,
TAL:NASHIK
DIST:NASHIK",NASHIK,Unaided - Private,N,N,1-425988481,fetchdata,2016-2017,Engineering and Technology,1,1,1,1,Maharashtra,1
1-2809717865,ZEAL POLYTECHNIC,"S NO 39 NARHE ,PUNE HAVELI",PUNE,Unaided - Private,N,N,1-425603821,fetchdata,2016-2017,Engineering and Technology,1,1,1,1,Maharashtra,1
1-2809746968,SURYODAYA COLLEGE OF ENGINEERING & TECHNOLOGY,"SURVEY NO. 117/1 & 117/3 A, VIHIRGAON,",NAGPUR,Unaided - Private,N,N,1-6595181,fetchdata,2016-2017,Engineering and Technology,1,1,1,1,Maharashtra,1
1-2809764039,GOVERNMENT POLYTECHNIC NAGPUR,"MANGALWARI BAZAR, SADAR NAGPUR",NAGPUR,Government,N,N,1-499418051,fetchdata,2016-2017,Engineering and Technology,1,1,1,1,Maharashtra,1
1-2809764717,NEW SATARA COLLEGE OF ENGINEERING & MANAGEMENT,"GUT NO. - 433/1/A, VILLAGE - KORTI, TAL - PANDHARPUR, DIST - SOLAPUR",SOLAPUR,Unaided - Private,N,N,1-508618511,fetchdata,2016-2017,Engineering and Technology,1,1,1,1,Maharashtra,1
1-2809765142,"BHIWSAN PATIL SHINDE SHIKSHAN GRAMIN VIKAS & BAHU. SANSTHA,SHINDE POLYTECHNIC,","SR.NO.643,647,
ANJANI (BK) MEHKAR DOGON HIGHWAY ROAD, TQ-MEHKAR DIST-BULDHANA",BULDHANA,Unaided - Private,N,N,1-437384411,fetchdata,2016-2017,Engineering and Technology,1,1,1,1,Maharashtra,1
1-2809796170,SYMBIOSIS INSTITUTE OF TECHNOLOGY,"SYMBIOSIS KNOWLEDGE VILLAGE PROJECT ,TAL MULSHI ,VILLAGE LAVALE/NANDE , DIST .PUNE-411042",PUNE,Deemed University(Private),N,N,1-10306294,fetchdata,2016-2017,Engineering and Technology,1,1,1,1,Maharashtra,1
1-2809797005,WALCHAND COLLEGE OF ENGINEERING,"OPP. WILLINGDON COLLEGE POST OFFICE
VISHRAMBAG",SANGLI,Govt aided,N,N,1-4197831,fetchdata,2016-2017,Engineering and Technology,1,1,1,1,Maharashtra,1
1-2809497701,NANASAHEB MAHADIK COLLEGE OF ENGINEERING,"GAT NO-894,2665 
A/P PETH NAKA",SANGLI,Unaided - Private,N,N,1-463276851,fetchdata,2016-2017,Engineering and Technology,1,1,1,1,Maharashtra,1
1-2809498204,K J COLLEGE OF ENGINEERING & MANAGEMENT RESEARCH,"SURVEY NO. 25&27 , PISOLI, NEAR BAPDEO GHAT,POST- YEWALEWADI TAL : HAVELI DIST : PUNE -411048",PUNE,Unaided - Private,N,N,1-4917161,fetchdata,2016-2017,Engineering and Technology,1,1,1,1,Maharashtra,1
1-2809500895,SAMARTH GROUP OF INSTITUTIONS,"A- BANGARWADI, P-BELHE,TAL- JUNNAR",PUNE,Unaided - Private,N,N,1-5099471,fetchdata,2016-2017,Engineering and Technology,1,1,1,1,Maharashtra,1
1-2809564223,SANJAY EDUCATION SOCIETY'S POLYTECHNIC,A/P WADIBHOKAR,DHULE,Unaided - Private,N,N,1-429487061,fetchdata,2016-2017,Engineering and Technology,1,1,1,1,Maharashtra,1
1-2809564574,B.H.S.S.TRUST'S POLYTECHNIC,"BHAYGAON ROAD ,MALEGAON CAMP",NASHIK,Unaided - Private,N,N,1-441945611,fetchdata,2016-2017,Engineering and Technology,1,1,1,1,Maharashtra,1
1-2809636243,"VISHWABHARATI ACADEMY'S COLLEGE OF ENGINEERING, AHMEDNAGAR","GAT NO. 171, 145/1, 2
VILLAGE SAROLA BADDI,
JAMKHED ROAD,
TQ. AHMEDNAGAR
DIST.  AHMEDNAGAR",AHMEDNAGAR,Unaided - Private,N,N,1-7718584,fetchdata,2016-2017,Engineering and Technology,1,1,1,1,Maharashtra,1
1-2809640003,"GOVERNMENT POYTECHNIC, THANE","OPP. BHARAT GEAR CO. LTD. PHADKE PADA, KHARDI GOAN, MUMBRA ( EAST )",THANE,Government,N,N,1-508835181,fetchdata,2016-2017,Engineering and Technology,1,1,1,1,Maharashtra,1
1-2809685414,D. Y. PATIL INSTITUTE OF ENGINEERING AND TECHNOLOGY,"S.NO 124,126 AT/POST AMBI,TALEGAON DHABADE,TAL-MAVAL,DIS- PUNE",PUNE,Unaided - Private,N,N,1-4277321,fetchdata,2016-2017,Engineering and Technology,1,1,1,1,Maharashtra,1
1-2809688204,"GOURIHAR POLYTECHNIC LIMB,SATARA.","SURVEY 990 NH4 SATARA PUNA HIGHWAY,AT POST LIMB,SATARA.",SATARA,Unaided - Private,N,N,1-452963869,fetchdata,2016-2017,Engineering and Technology,1,1,1,1,Maharashtra,1
1-2809718385,KASEGAON EDUCATION SOCIETYS RAJARAMBAPU INSTITUTE OF TECHNOLOGY,"RAJARAMNAGAR, SAKHARALE, TAL. WALWA, DIST. SANGLI",SANGLI,Unaided - Private,N,N,1-5373023,fetchdata,2016-2017,Engineering and Technology,1,1,1,1,Maharashtra,1
1-2809747801,SHAH AND ANCHOR KUTCHHI ENGINEERING COLLEGE,"W.T. PATIL MARG, MET CHOWK, CHEMBUR, MUMBAI-88",MUMBAI CITY,Unaided - Private,N,Y,1-2625316,fetchdata,2016-2017,Engineering and Technology,1,1,1,1,Maharashtra,1
1-2809765581,SOMAYYA DIPLOMA IN ENGINEERING,"WADGAON WARD, CHANDRAPUR. (M.S.)",CHANDRAPUR,Unaided - Private,N,N,1-522899491,fetchdata,2016-2017,Engineering and Technology,1,1,1,1,Maharashtra,1
1-2809501441,MANAV SCHOOL OF POLYTECHNIC,"SURAT NAGPUR HIGHWAY NH 6, VYALA, TAL BALAPUR",AKOLA,Unaided - Private,N,N,1-737388281,fetchdata,2016-2017,Engineering and Technology,1,1,1,1,Maharashtra,1
1-2809503614,VITTHAL PATIL POLYTECHNIC,"A/P INAM DHAMNI, TAL:- MIRAJ, DIST:- SANGLI-416416",SANGLI,Unaided - Private,N,N,1-431174941,fetchdata,2016-2017,Engineering and Technology,1,1,1,1,Maharashtra,1
1-2809503944,MAULANA MUKHTAR AHMAD NADVI TECHNICAL CAMPUS,"MANSOORA, MALEGAON-MANMAD ROAD,         P.O.BOX 144,",NASHIK,Unaided - Private,N,Y,1-756920924,fetchdata,2016-2017,Engineering and Technology,1,1,1,1,Maharashtra,1
1-2809504227,SHRI LAXMANRAO MANKAR COLLEGE OF POLYTECHNIC,AMGAON,GONDIA,Unaided - Private,N,N,1-455219361,fetchdata,2016-2017,Engineering and Technology,1,1,1,1,Maharashtra,1
1-2809567241,"INDO GERMAN TOOL ROOM, AURANGABAD","P-31, MIDC, CHIKALTHANA INDUSTRIAL AREA",AURANGABAD,Government,N,N,1-2516397461,fetchdata,2016-2017,Engineering and Technology,1,1,1,1,Maharashtra,1
1-2809567402,SHIVAJI POLYTECHNIC ATPADI,"NEAR SURESH INDANE GAS AGENCY, AT/POST/TAL-ATPADI DIST-SANGLI",SANGLI,Unaided - Private,N,N,1-456009201,fetchdata,2016-2017,Engineering and Technology,1,1,1,1,Maharashtra,1
1-2809569756,"SHRI BHAIRAVNATH NISARG MANDAL'S, DIPLOMA IN ENGINEERING & TECHNOLOGY(POLYTECHNIC)","GUT NO. 93,GEORAI TANDA, PAITHAN ROAD, AURANGABAD",AURANGABAD,Unaided - Private,N,N,1-412372851,fetchdata,2016-2017,Engineering and Technology,1,1,1,1,Maharashtra,1
1-2809570111,"SHRI SIDDHESHWAR DEVASTHAN TRUSTS,SHRI SIDDHESHWAR WOMENS POLYTECHNIC,SOLAPUR","T.P. II,PLOT NO 74,RUPA BHAVANI MANDIR ROAD,BHAVANI PETH,SOLAPUR",SOLAPUR,Unaided - Private,Y,Y,1-438785271,fetchdata,2016-2017,Engineering and Technology,1,1,1,1,Maharashtra,1
1-2809642671,SHRI SAI TAJ POLYTECHNIC,"DRUGDHAMNA, 8TH MILE,AMRAVATI ROAD, NAGPUR.",NAGPUR,Unaided - Private,N,N,1-451815071,fetchdata,2016-2017,Engineering and Technology,1,1,1,1,Maharashtra,1
1-2809748629,MUCHHALA POLYTECHNIC,"G. B. ROAD, KAVESAR, THANE(W),THANE",THANE,Unaided - Private,N,N,1-409574951,fetchdata,2016-2017,Engineering and Technology,1,1,1,1,Maharashtra,1
1-2809749020,BHARAT COLLEGE OF ENGINEERING,"KANHOR, BADLAPUR (WEST)",THANE,Unaided - Private,N,N,1-10998561,fetchdata,2016-2017,Engineering and Technology,1,1,1,1,Maharashtra,1
1-2809766963,ZAGDU SINGH CHARITABLE TRUST'S THAKUR POLYTECHNIC,"THAKUR COMPLEX,  KANDIVLI (E),
MUMBAI - 400101",MUMBAI SUBURBAN,Unaided - Private,N,Y,1-411241581,fetchdata,2016-2017,Engineering and Technology,1,1,1,1,Maharashtra,1
1-2809798843,"PADMABHOOSHAN VASANTDADA PATIL INSTITUTE OF TECHNOLOGY, PUNE","SR. NO. 33/22, BAVDHAN (KHURD)
OFF PIRANGUT ROAD,
NEAR CHANDANI CHOWK,
BAVDHAN, PUNE 21",PUNE,Unaided - Private,N,N,1-4068259,fetchdata,2016-2017,Engineering and Technology,1,1,1,1,Maharashtra,1
1-2809504533,M.M.'S BABASAHEB GAWDE INSTITUTE OF TECHNOLOGY,"MARATHA MANDIR ANNEX,DR. A.B.NAIR ROAD,BABASAHEB,GAWDE CHOWK,MUMBAI CENTRAL,MUMBAI-400008",MUMBAI CITY,Unaided - Private,N,N,1-457121925,fetchdata,2016-2017,Engineering and Technology,1,1,1,1,Maharashtra,1
1-2809506994,SHIVAJIRAO S JONDHALE POLYTECNIC,NAVRE NAGAR B CABIN ROAD AMBERNTH EAST,THANE,Unaided - Private,N,N,1-462248861,fetchdata,2016-2017,Engineering and Technology,1,1,1,1,Maharashtra,1
1-2809570475,"K.V.N.NAIK S.P.SANSTHA'S POLYTECHNIC,NASHIK","CANADA CORNER,NASHIK 422002",NASHIK,Unaided - Private,N,N,1-444260281,fetchdata,2016-2017,Engineering and Technology,1,1,1,1,Maharashtra,1
1-2809573993,KARMAVEER SHANKARRAO KALE EDUCATION SOCIETY'S  GAUTAM POLYTECHNIC INSTITUTE,"GAUTAM NAGAR, POST - KOLPEWADI, TAL. KOPARGAON",AHMEDNAGAR,Unaided - Private,N,N,1-1391096971,fetchdata,2016-2017,Engineering and Technology,1,1,1,1,Maharashtra,1
1-2809643359,HON. AJITDADA PAWAR DIPLOMA ENGINEERING COLLEGE,"A/P. ANE, GAT NO. 1034, TAL. JUNNAR, DIST. PUNE",PUNE,Unaided - Private,N,N,1-473835671,fetchdata,2016-2017,Engineering and Technology,1,1,1,1,Maharashtra,1
1-2809646887,TRIMURTI INSTITUTE OF TECHNOLOGY,"SURVEY NO. 227/2, PALDHI BK. , NEAR NORTH MAHARASHTRA UNIVERSITY, OPP. HOTEL GOVIND,",JALGAON,Unaided - Private,N,N,1-477920101,fetchdata,2016-2017,Engineering and Technology,1,1,1,1,Maharashtra,1
1-2809689915,JAIHIND POLYTECHNIC KURAN,"A/P. KURAN, TAL. JUNNAR, DIST. PUNE",PUNE,Unaided - Private,N,N,1-448090201,fetchdata,2016-2017,Engineering and Technology,1,1,1,1,Maharashtra,1
1-2809690509,"SVERI'S COLLEGE OF ENGINEERING, PANDHARPUR","P.B NO 54 GOPALPUR-RANJANI ROAD, GOPALPUR TAL.PANDHARPUR DIST.SOLAPUR 413304.",SOLAPUR,Unaided - Private,N,N,1-9554891,fetchdata,2016-2017,Engineering and Technology,1,1,1,1,Maharashtra,1
1-2809692408,SUSHGANGA POLYTECHNIC,"AT- NAIGAON, POST - KONA",YAVATMAL,Unaided - Private,N,N,1-455837081,fetchdata,2016-2017,Engineering and Technology,1,1,1,1,Maharashtra,1
1-2809694795,SINHGAD INSTITUTE OF TECHNOLOGY AND SCIENCE,"49/1 NARHE - AMBEGAON (BK.), OFF WESTERNLY BYPASS, PUNE - MUMBAI EXPRESSWAY, PUNE",PUNE,Unaided - Private,N,N,1-4606451,fetchdata,2016-2017,Engineering and Technology,1,1,1,1,Maharashtra,1
1-2809721460,VILASRAO DESHMUKH COLLEGE OF ENGINEERING & TECHNOLOGY,"SURVEY NO. 121 &  262, AT - MOUDA, TAH. - MOUDA, DIST. - NAGPUR",NAGPUR,Unaided - Private,N,N,1-14461931,fetchdata,2016-2017,Engineering and Technology,1,1,1,1,Maharashtra,1
1-2809721994,"SHRI AMBABAI TALIM SANSTHA'S SANJAY BHOKRE GROUP OF INSTITUTES, MIRAJ.","TILAKNAGAR,
POST-WANLESSWADI,",SANGLI,Unaided - Private,N,N,1-13181371,fetchdata,2016-2017,Engineering and Technology,1,1,1,1,Maharashtra,1
1-2809749456,GENBA SOPANRAO MOZE INSTITUTE OF TECHNOLOGY,"SERVE NO-25/1/3,
BALEWADI,HAVELI,
PUNE",PUNE,Unaided - Private,N,N,1-424568724,fetchdata,2016-2017,Engineering and Technology,1,1,1,1,Maharashtra,1
1-2809800143,"BHARATI VIDYAPEETH'S INSTITUTE OF TECHNOLOGY (POLY.), A/P: PALUS, TAL:PALUS, DIST:SANGLI, MAHARASHTRA, PIN:416310","A/P:PALUS, TAL:PALUS, DIST:SANGLI",SANGLI,Unaided - Private,N,N,1-429718053,fetchdata,2016-2017,Engineering and Technology,1,1,1,1,Maharashtra,1
1-2809507212,SURYODAYA INSTITUTE OF ENGINEERING AND POLYTECHNIC SATARA(MAHAGAON),GAT NO 1084 SATARA-KOREGAON ROAD NEAR NAVODAYA VIDHYALAYA SATARA (MAHAGAON ),SATARA,Unaided - Private,N,N,1-456662611,fetchdata,2016-2017,Engineering and Technology,1,1,1,1,Maharashtra,1
1-2809509643,SNJBS LATE SAU. KANTABAI BHAVARLALJI JAIN COLLEGE OF ENGINEERING,"NEMINAGAR,JAIN GURUKUL,
CHANDWAD",NASHIK,Unaided - Private,N,Y,1-8619361,fetchdata,2016-2017,Engineering and Technology,1,1,1,1,Maharashtra,1
1-2809510184,"MAULI GROUP OF INSTITUTIONS, COLLEGE OF ENGINEERING AND TECHNOLOGY","KHAMGAON ROAD,
SHEGAON",BULDHANA,Unaided - Private,N,N,1-404222571,fetchdata,2016-2017,Engineering and Technology,1,1,1,1,Maharashtra,1
1-2809574186,"âBHARATI VIDYAPEETHâS GROUP OF INSTITUTE, LAVALEâ, TECHNICAL CAMPUS","âBHARATI VIDYAPEETHâS GROUP OF INSTITUTE, LAVALEâ, TECHNICAL CAMPUS
AT-LAVALE, TAL-MULSHI, DIST-PUNE",PUNE,Unaided - Private,N,N,1-506962621,fetchdata,2016-2017,Engineering and Technology,1,1,1,1,Maharashtra,1
1-2809574549,SHRI RAMDEOBABA COLLEGE OF ENGINEERING AND MANAGEMENT,"RAMDEO TEKDI, KATOL ROAD,
GITTIKHADAN,
NAGPUR",NAGPUR,Unaided - Private,N,Y,1-3638154,fetchdata,2016-2017,Engineering and Technology,1,1,1,1,Maharashtra,1
1-2809578715,KALAWATIBAI COLLEGE OF ENGG & TECH(POLY),"LALWANDI ROAD , NAIGAON(BZ)",NANDED,Unaided - Private,N,N,1-475220731,fetchdata,2016-2017,Engineering and Technology,1,1,1,1,Maharashtra,1
1-2809647582,JSPM'S BHIVARABAI SAWANT INSTITUTE OF TECHNOLOGY & RESEARCH,"GAT NO. 720/1&2, PUNE â NAGAR ROAD, WAGHOLI,TALUKA-HAVELI,DISTRICT-PUNE. 412207",PUNE,Unaided - Private,N,N,1-6894281,fetchdata,2016-2017,Engineering and Technology,1,1,1,1,Maharashtra,1
1-2809651529,THE PEOPLES EDUCATION SOCIETY'S DIPLOMA COLLEGE OF ENGINEERING & TECHNOLOGY,"BEHIND POLICE QUARTERS, A/P. TAL. JMAKHED DIST. AHMEDNAGAR.",AHMEDNAGAR,Unaided - Private,N,N,1-428165701,fetchdata,2016-2017,Engineering and Technology,1,1,1,1,Maharashtra,1
1-2809723186,"MAHARASHTRA INSTITUTE OF TECHNOLOGY, PUNE","SURVEY NO. 124, PAUD ROAD, KOTHRUD, PUNE",PUNE,Unaided - Private,N,N,1-5179827,fetchdata,2016-2017,Engineering and Technology,1,1,1,1,Maharashtra,1
1-2809750245,PILLAI HOC POLYTECHNIC,"PILLAI'S HOCL EDUCATIONAL CAMPUS, RASAYANI, TAL KHALAPUR, VIA PANVEL, RAIGAD",RAIGAD,Unaided - Private,N,Y,1-425987621,fetchdata,2016-2017,Engineering and Technology,1,1,1,1,Maharashtra,1
1-2809751613,LATE HARIBAI WARPUDKAR POLYTECHNIC,"GAT NO. 104, KAREGAON, OPP. WATER FILTER PLANT, BASMAT ROAD, PARBHANI",PARBHANI,Unaided - Private,N,N,1-462941063,fetchdata,2016-2017,Engineering and Technology,1,1,1,1,Maharashtra,1
1-2809751900,"SMT. RADHIKATAI  PANDAV POLYTECHNIC, NAGPUR.","SUR. 57, MOUZA-BESA, NAGPUR.",NAGPUR,Unaided - Private,N,N,1-479994891,fetchdata,2016-2017,Engineering and Technology,1,1,1,1,Maharashtra,1
1-2809752249,LET. DR. D. B. DOD COLLEGE OF ENGINEERING,"SR.NO.32/4, ANJANGAO-PARATWADA ROAD, A/P JAMBLA, TQ. ACHALPUR",AMRAVATI,Unaided - Private,N,N,1-438905621,fetchdata,2016-2017,Engineering and Technology,1,1,1,1,Maharashtra,1
1-2809769149,JSPM'S RAJARSHI SHAHU COLLEGE OF ENGINEERING,"S. NO. 80, PUNE-MUMBAI BYPASS HIGHWAY,
TATHAWADE, PUNE-411033",PUNE,Unaided - Private,N,N,1-8068015,fetchdata,2016-2017,Engineering and Technology,1,1,1,1,Maharashtra,1
1-2809770501,A.G.PATIL POLYTECHNIC INSTITUTE,"18/2/2A PRATAP NAGAR, OPP. SRP CAMP, VIJAPUR ROAD, SOLAPUR",SOLAPUR,Unaided - Private,N,N,1-425580821,fetchdata,2016-2017,Engineering and Technology,1,1,1,1,Maharashtra,1
1-2809800897,DR. DY PATIL GROUP OF INSTITUTIONS (TECHNICAL CAMPUS),"DR. D. Y. PATIL KNOWELDGE CITY, S. NO. 136, CHARHOLI (BK),
VIA LOHEGAON, TAL.- HAVELI",PUNE,Unaided - Private,N,N,1-3847411,fetchdata,2016-2017,Engineering and Technology,1,1,1,1,Maharashtra,1
1-2809802687,"BAPURAO DESHMUKH COLLEGE OF ENGINEERING, SEWAGRAM","AT-SEWAGRAM
TAH & DIST. -WARDHA
MAHARASHTRA
PIN. 442 102",WARDHA,Unaided - Private,N,N,1-3548701,fetchdata,2016-2017,Engineering and Technology,1,1,1,1,Maharashtra,1
1-2809207691,"ABHINAV EDUCATION SOCIETY'S COLLEGE OF ENGINEERING AND TECHNOLOGY (DEGREE),WADWADI","S. NO 209
AT- WADWADI
TAL KHANDALA
DIST SATARA
STATE MAHARASHTRA",SATARA,Unaided - Private,N,N,1-4831184,fetchdata,2016-2017,Engineering and Technology,1,1,1,1,Maharashtra,1
1-2809208241,MARATHWADA MITRA MANDAL'S COLLEGE OF ENGINEERING,"SR.NO 18, PLOT NO.5/3,KARVENAGAR, PUNE 411 052",PUNE,Unaided - Private,N,N,1-8323471,fetchdata,2016-2017,Engineering and Technology,1,1,1,1,Maharashtra,1
1-2809459015,YASHODA TECHNICAL CAMPUS SATARA,"S. N. 242/1 AT POST - WADHE, TAL DIST - SATARA",SATARA,Unaided - Private,N,N,1-467424873,fetchdata,2016-2017,Engineering and Technology,1,1,1,1,Maharashtra,1
1-2809512648,NATH NANGE BABA MULTI PURPOSE MANDAL,"AT POST- WAGHARE 
TAL.- PAROLA, DIST.-JALGAON",JALGAON,Unaided - Private,N,N,1-510643281,fetchdata,2016-2017,Engineering and Technology,1,1,1,1,Maharashtra,1
1-2809512901,P.E.S. COLLEGE OF ENGINEERING,"UNIVERSITY ROAD, NEAR PANCHAKKI, NAGSENVANA,",AURANGABAD,Unaided - Private,N,N,1-3929261,fetchdata,2016-2017,Engineering and Technology,1,1,1,1,Maharashtra,1
1-2809513556,"S.B.PATIL POLYTECHNIC, INDAPUR","VILLAGE - VANGALI, PUNE SOLAPUR HIGHWAY, TAL - INDAPUR",PUNE,Unaided - Private,N,N,1-744895411,fetchdata,2016-2017,Engineering and Technology,1,1,1,1,Maharashtra,1
1-2809515917,JAGADAMBHA COLLEGE OF ENGG & TECHNOLOGY,"SURVEY NO:167/1,167/2,
163
ARNI ROAD,KINHI YAVATMAL-445001",YAVATMAL,Unaided - Private,N,N,1-5911301,fetchdata,2016-2017,Engineering and Technology,1,1,1,1,Maharashtra,1
1-2809579108,SHANTINIKETAN POLYTECHNIC,SECTOR NO-2 PLOT NO 27 NEW PANVEL(E),RAIGAD,Unaided - Private,N,N,1-463896781,fetchdata,2016-2017,Engineering and Technology,1,1,1,1,Maharashtra,1
1-2809582665,PUNE VIDYARTHI GRIHA'S COLLEGE OF ENGINEERING,"206, DINDORIROAD, BEHIND RELIANCE PETROL PUMP, MHASRUL, NASHIK 422004",NASHIK,Unaided - Private,N,N,1-413208103,fetchdata,2016-2017,Engineering and Technology,1,1,1,1,Maharashtra,1
1-2809653037,"SHIVGANGA CHARITABLE TRUST, SANGLI'S VISHVESHWARYA TECHNICAL CAMPUS, FACULTY OF DIPLOMA ENGINEERING, PATGAON, MIRAJ.","AT/POST-PATGAON, MIRAJ-PANDHARPUR ROAD,",SANGLI,Unaided - Private,N,N,1-835070791,fetchdata,2016-2017,Engineering and Technology,1,1,1,1,Maharashtra,1
1-2809654704,TERNA PUBLIC CHARITABLE TRUST'S  TERNA  ENGINEERING COLLEGE,"PLOT NO 12, SECTOR 22, PHASE II , 
OPPOSITE NERUL RAILWAY STATION,
NERUL (WEST)",THANE,Unaided - Private,N,N,1-4011650,fetchdata,2016-2017,Engineering and Technology,1,1,1,1,Maharashtra,1
1-2809696333,JAYWANT COLLEGE OF ENGINEERING & MANAGEMENT,"GAT NO,319/1,320,KILLEMACHNDRAGAD TAL- WALWA DIST- SANGLI",SANGLI,Unaided - Private,N,N,1-487157891,fetchdata,2016-2017,Engineering and Technology,1,1,1,1,Maharashtra,1
1-2809698009,S.V.P.M.'S COLLEGE OF ENGINEERING,"A/P- MALEGAON (BK), TAL- BARAMATI, DIST-PUNE, PIN- 413115, MAHARASHTRA, INDIA",PUNE,Unaided - Private,N,N,1-3548907,fetchdata,2016-2017,Engineering and Technology,1,1,1,1,Maharashtra,1
1-2809752469,YASHWANTRAO BHONSALE POLYTECHNIC,"A/P CHARATHE (VAZARWADI) 
TAL. SAWANTWADI
DIST. SINDHUDURG",SINDHUDURG,Unaided - Private,N,N,1-2051471401,fetchdata,2016-2017,Engineering and Technology,1,1,1,1,Maharashtra,1
1-2809752594,"KARMAVEER BHAURAO PATIL COLLEGE OF ENGINEERING, SATARA","SADAR BAZAR, NEAR RTO OFFICE,SATARA MAHARASHTRA",SATARA,Unaided - Private,N,N,1-12527441,fetchdata,2016-2017,Engineering and Technology,1,1,1,1,Maharashtra,1
1-2809774485,SHAH & ANCHOR KUTCHHI POLYTECHNIC,MAHAVIR EDUCATION TRUST CHOWK W.T.PATIL MARG NEXT TO DUKES CO.CHEMBUR MUMBAI 400 088.,MUMBAI SUBURBAN,Unaided - Private,N,Y,1-421236411,fetchdata,2016-2017,Engineering and Technology,1,1,1,1,Maharashtra,1
1-2809774767,SUHAS INSTITUTE OF TECHNOLOGY,"GAT NO. 254, JAVJIBUVACHIWADI,  POST: KASURDI, TALUKA - DAUND,",PUNE,Unaided - Private,N,N,1-812320421,fetchdata,2016-2017,Engineering and Technology,1,1,1,1,Maharashtra,1
1-2809806321,"K.K.WAGH POLYTECHNIC, CHANDORI, TAL:- NIPHAD","AT POST: CHANDORI
TAL :- NIPHAD",NASHIK,Unaided - Private,N,N,1-425998321,fetchdata,2016-2017,Engineering and Technology,1,1,1,1,Maharashtra,1
1-2809806753,RASIKLAL M. DHARIWAL SINHGAD TECHNICAL INSTITUTES CAMPUS,"111/1 WARJE, OFF KATRAJ - DEHUROAD BYEPASS, TALUKA HAVELI",PUNE,Unaided - Private,N,N,1-450175511,fetchdata,2016-2017,Engineering and Technology,1,1,1,1,Maharashtra,1
1-2809462773,SHRI VILE PARLE KELAVANI MANDAL'S DWARKADAS J. SANGHVI COLLEGE OF ENGINEERING,"PLOT U/15, BHAKTIVEDANTA SWAMI MARG, J. V. P. D. SCHEME, VILE PARLE (WEST), MUMBAI 400 046",MUMBAI SUBURBAN,Unaided - Private,N,Y,1-12053991,fetchdata,2016-2017,Engineering and Technology,1,1,1,1,Maharashtra,1
1-2809464629,SANT TUKARAM POLYTECHNIC,"GAT NO. 354/1, VILLAGE INDORI, TAL MAVAL",PUNE,Unaided - Private,N,N,1-2083687611,fetchdata,2016-2017,Engineering and Technology,1,1,1,1,Maharashtra,1
1-2809464773,"DR. BABASAHEB AMBEDKAR COLLEGE OF ENGINEERING AND RESEARCH,","WANADONGRI, HINGNA ROAD, NAGPUR.",NAGPUR,Unaided - Private,N,N,1-7662741,fetchdata,2016-2017,Engineering and Technology,1,1,1,1,Maharashtra,1
1-2809518073,AGNIHOTRI SCHOOL OF TECHNOLOGY,"AGNIHOTRI COLLEGE CAMPUS, BAPUJI WADI , RAMNAGAR, WARDHA",WARDHA,Unaided - Private,N,N,1-464255611,fetchdata,2016-2017,Engineering and Technology,1,1,1,1,Maharashtra,1
1-2809583181,"GOVERNMENT POLYTECHNIC, JINTUR","YELDARY ROAD, JINTUR",PARBHANI,Government,N,N,1-487484701,fetchdata,2016-2017,Engineering and Technology,1,1,1,1,Maharashtra,1
1-2809583439,G.H.RAISONI INSTITUTE OF ENGINEERING & MANAGEMENT,"GAT NO.57/1, SHIRSOLI ROAD, MOHADI",JALGAON,Unaided - Private,N,Y,1-6510076,fetchdata,2016-2017,Engineering and Technology,1,1,1,1,Maharashtra,1
1-2809586204,ISB&M SCHOOL OF  TECHNOLOGY,"SURVEY NO.44/1, 44/1/2, NANDE VILLAGE",PUNE,Unaided - Private,N,Y,1-4351941,fetchdata,2016-2017,Engineering and Technology,1,1,1,1,Maharashtra,1
1-2809655442,"PRIYADARSHINI J.L.COLLEGE OF ENGINEERING,NAGPUR","846,NEW NANDANVAN,NAGPUR",NAGPUR,Unaided - Private,N,Y,1-5935951,fetchdata,2016-2017,Engineering and Technology,1,1,1,1,Maharashtra,1
1-2809658013,G. V. ACHARYA POLYTECHNIC,"VEERACHARYA TECHNICAL EDUCATION CAMPUS,
OPP. SHELU SUBURBAN RAILWAY STATION,
SHELU/DAMAT,",RAIGAD,Unaided - Private,N,N,1-435619581,fetchdata,2016-2017,Engineering and Technology,1,1,1,1,Maharashtra,1
1-2809658344,BHARATI VIDYAPEETH DEEMED UNIVERSITY COLLEGE OF ENGINEERING,"PUNE-SATARA ROAD, DHANKAWADI, PUNE, MAHARASHTRA, INDIA. PIN - 411 043.",PUNE,Unaided - Private,N,N,1-9293531,fetchdata,2016-2017,Engineering and Technology,1,1,1,1,Maharashtra,1
1-2809700815,BRAHMA VALLEY COLLEGE OF TECHNICAL EDUCATION,"G.NO. 592/B, VILLAGE-ANJANERI, TAL. TRIMBAKESHWAR",NASHIK,Unaided - Private,N,N,1-449295711,fetchdata,2016-2017,Engineering and Technology,1,1,1,1,Maharashtra,1
1-2809701400,R. V. PARANKAR COLLEGE OF ENGINEERING & TECHNOLOGY,"SURVEY NO. 116/1 MOUZA SARANGPURI, TALAO ROAD, PARANKAR WADI, TAH.- ARVI. DIST.- WARDHA(M.S.)",WARDHA,Unaided - Private,N,N,1-2515038221,fetchdata,2016-2017,Engineering and Technology,1,1,1,1,Maharashtra,1
1-2809727556,RAJESHKUMAR WADHWAN POLYTECHNIC INSTITUTE,AT: KONGHARA   POST : PIMPRI  TAL : KELAPUR,YAVATMAL,Unaided - Private,N,N,1-473828641,fetchdata,2016-2017,Engineering and Technology,1,1,1,1,Maharashtra,1
1-2809727853,FINOLEX ACADEMY OF MANAGEMENT AND TECHNOLOGY,"P-60, P-60/1 MIDC,MIRJOLE RATNAGIRI,MAHARASHTRA",RATNAGIRI,Unaided - Private,N,N,1-3861731,fetchdata,2016-2017,Engineering and Technology,1,1,1,1,Maharashtra,1
1-2809729516,S K N SINHGAD COLLEGE OF ENGINEERING,"AT POST KORTI, TALUKA PANDHARPUR, PANDHARPUR - KARAD ROAD, DIST SOLAPUR -413304",SOLAPUR,Unaided - Private,N,N,1-6343361,fetchdata,2016-2017,Engineering and Technology,1,1,1,1,Maharashtra,1
1-2809753310,DR. D. Y. PATIL PRATISHTHANâS PADMASHREE DR. D. Y. PATIL POLYTECHNIC,"R. S. NO. 865, A-WARD, SALOKHE NAGAR, KOLHAPUR",KOLHAPUR,Unaided - Private,N,N,1-2049636521,fetchdata,2016-2017,Engineering and Technology,1,1,1,1,Maharashtra,1
1-2809753459,JAWAHAR EDUCATION SOCIETY'S A. C. PATIL COLLEGE OF ENGINEERING,"PLOT NO. 17, SECTOR 4, KHARGHAR, 
NAVI MUMBAI 410210",MUMBAI SUBURBAN,Unaided - Private,N,N,1-32561901,fetchdata,2016-2017,Engineering and Technology,1,1,1,1,Maharashtra,1
1-2809754523,SKN SINHGAD INSTITUTE OF TECHNOLOGY & SCIENCE,"GAT NO 309, KUSGAON (BK.), OFF MUMBAI - PUNE EXPRESSWAY",PUNE,Unaided - Private,N,N,1-459215421,fetchdata,2016-2017,Engineering and Technology,1,1,1,1,Maharashtra,1
1-2809775131,"GURU GOBIND SINGH POLYTECHNIC, NASHIK","KHALSA EDUCATIONAL COMPLEX, WADALA PATHARDI ROAD,GURU GOBIND SINGH MARG, NASHIK - 9",NASHIK,Unaided - Private,N,N,1-462563721,fetchdata,2016-2017,Engineering and Technology,1,1,1,1,Maharashtra,1
1-2809779671,D.Y.PATL COLLEGE OF ENGINEERING,"A/P AMBI,TAL-MAVAL,DIST-PUNE 410506",PUNE,Unaided - Private,N,N,1-10447061,fetchdata,2016-2017,Engineering and Technology,1,1,1,1,Maharashtra,1
1-2809807703,ALARD COLLEGE OF ENGINEERING & MANAGEMENT,"SURVAY  NO. 50, NEAR RAJEEV GANDHI INFOTECH PARK, PHASE II(HINJEWADI), MARUNJE, PUNE - 411057",PUNE,Unaided - Private,N,Y,1-6506121,fetchdata,2016-2017,Engineering and Technology,1,1,1,1,Maharashtra,1
1-2809808254,THAKUR COLLEGE OF ENGINEERING & TECHNOLOGY,"SHYAMNARAYAN THAKUR MARG, THAKUR VILLAGE, KANDIVALI             ( EAST ), MUMBAI -400101.",MUMBAI SUBURBAN,Unaided - Private,N,Y,1-5937743,fetchdata,2016-2017,Engineering and Technology,1,1,1,1,Maharashtra,1
1-2809465557,KHANDESH COLLEGE EDUCATION SOCIETY'S COLLEGE OF ENGINEERING & INFORMATION TECHNOLOGY,"CS NO- 7480 /7323
BEHIND DIC , OFF NH-6",JALGAON,Unaided - Private,N,N,1-10038704,fetchdata,2016-2017,Engineering and Technology,1,1,1,1,Maharashtra,1
1-2809468126,SHARADCHANDRA PAWAR INSTITUTE OF ENGINEERING & TECHNOLOGY,"AT-KHAMUNDI, PO-DUMBARWADI, TAL- JUNNAR, DIST-PUNE 412 409",PUNE,Unaided - Private,N,N,1-455617021,fetchdata,2016-2017,Engineering and Technology,1,1,1,1,Maharashtra,1
1-2809520088,CUSROW WADIA INSTITUTE OF TECHNOLOGY,"19, BUND GARDEN ROAD, PUNE",PUNE,Govt aided,N,N,1-459095821,fetchdata,2016-2017,Engineering and Technology,1,1,1,1,Maharashtra,1
1-2809523704,"OM COLLEGE OF ENGINEERING , WARDHA"," NEAR LOYDS STEEL INDUSTRIES LTD. HINGANGHAT ROAD , INZAPUR, WARDHA",WARDHA,Unaided - Private,N,N,1-2935391,fetchdata,2016-2017,Engineering and Technology,1,1,1,1,Maharashtra,1
1-2809588832,"SHRI BABULALJI AGNIHOTRI SCHOOL OF TECHNOLOGY, WARDHA","NAGTHANA RD. BYPASS HIGH WAY, SINDI (MEGHE), WARDHA",WARDHA,Unaided - Private,N,N,1-478264681,fetchdata,2016-2017,Engineering and Technology,1,1,1,1,Maharashtra,1
1-2809589293,KAMPTEE POLYTECHNIC KAMPTEE,NEAR DRAGON PALACE TEMPLE NEW KAMPTEE,NAGPUR,Unaided - Private,N,N,1-425537895,fetchdata,2016-2017,Engineering and Technology,1,1,1,1,Maharashtra,1
1-2809593962,ST. FRANCIS INSTITUTE OF TECHNOLOGY (ENGG. COLLEGE),"MT. POINSUR, S.V.P. ROAD, MANDAPESHWAR VILLAGE, BORIVLI (W)",MUMBAI CITY,Unaided - Private,N,Y,1-4154841,fetchdata,2016-2017,Engineering and Technology,1,1,1,1,Maharashtra,1
1-2809663908,D. Y. PATIL COLLEGE OF ENGINEERING & TECHNOLOGY,"KASABA - BAVADA, KOLHAPUR.",KOLHAPUR,Unaided - Private,N,N,1-5880923,fetchdata,2016-2017,Engineering and Technology,1,1,1,1,Maharashtra,1
1-2809664780,SAHYADRI VALLEY COLLEGE OF ENGINEERING & TECHNOLOGY,"AT GAT NO.1941, RAJURI, TALUKA: JUNNER",PUNE,Unaided - Private,N,N,1-476497031,fetchdata,2016-2017,Engineering and Technology,1,1,1,1,Maharashtra,1
1-2809702777,INDIRA GANDHI POLYTECHNIC BELWANDI(SUGAR),"A/P:BELWANDI(SUGAR),TAL:SHRIGONDA,DIST:AHMEDNAGAR,STATE:MAHARASHTRA",AHMEDNAGAR,Unaided - Private,N,N,1-445064011,fetchdata,2016-2017,Engineering and Technology,1,1,1,1,Maharashtra,1
1-2809703065,MAHARASHTRA POLYTECHNIC,"AT- SHENALE, POST - SOVELI, TAH- MANDANGAD",RATNAGIRI,Unaided - Private,N,N,1-2055043291,fetchdata,2016-2017,Engineering and Technology,1,1,1,1,Maharashtra,1
1-2809703243,"C. S. INSTITUTE OF TECHNOLOGY, DEORI, DIST- GONDIA","AT-PO-TA- DEORI, CHHATRAPATI SHIVAJI CAMPUS, CHICHGADH ROAD, DEORI, DIST- GONDIA.",GONDIA,Unaided - Private,N,N,1-467928841,fetchdata,2016-2017,Engineering and Technology,1,1,1,1,Maharashtra,1
1-2809703575,AGNIHOTRI COLLEGE OF ENGINEERING,"NEAR BYPASS HIGHWAY
NAGTHANA ROAD SINDI (MEGHE)
WARDHA",WARDHA,Unaided - Private,N,N,1-15049654,fetchdata,2016-2017,Engineering and Technology,1,1,1,1,Maharashtra,1
1-2809730158,"P R POTE(PATIL) EDUCATION & WELFARE TRUST'S, GROUP OF INSTITUTIONS, COLLEGE OF ENGINEERING & MANAGEMENT","
KATHORA ROAD
AMRAVATI",AMRAVATI,Unaided - Private,N,N,1-4459396,fetchdata,2016-2017,Engineering and Technology,1,1,1,1,Maharashtra,1
1-2809731120,WAINGANGA COLLEGE OF ENGINEERING AND MANAGEMENT,"DONGARGAON, NEAR GUMGAON RLY. STATION, POST-GUMGAON, WARDHA ROAD, NAGPUR.441114.",NAGPUR,Unaided - Private,N,N,1-4190881,fetchdata,2016-2017,Engineering and Technology,1,1,1,1,Maharashtra,1
1-2809732389,SHRI SANT GAJANAN MAHARAJ COLLEGE OF ENGINEERING,"ENGINEERING CAMPUS , KHAMGAON ROAD, 
SHEGAON 444 203
DIST BULDHANA
MAHARASHTRA",BULDHANA,Unaided - Private,N,N,1-4792001,fetchdata,2016-2017,Engineering and Technology,1,1,1,1,Maharashtra,1
1-2809780209,K.J. SOMAIYA INSTITUTE OF ENGINEERING & INFORMATION TECHNOLOGY,"SOMAIYA AYURVIHAR COMPLEX, EVERARD NAGAR, EASTERN EXPRESS HIGHWAY,SION,",MUMBAI CITY,Unaided - Private,N,Y,1-11306504,fetchdata,2016-2017,Engineering and Technology,1,1,1,1,Maharashtra,1
1-2809780798,"P.DR.V.V.P.INSTITUTE OF TECHONOLOGY & ENGINEERING (POLYTECHNIC), PRAVARANAGAR","A/P-LONI, TAL-RAHATA, DIST-AHMEDNAGAR (M.S.)",AHMEDNAGAR,Unaided - Private,N,N,1-421292021,fetchdata,2016-2017,Engineering and Technology,1,1,1,1,Maharashtra,1
1-2809809450,DEVI MAHALAXMI POLYTECHNIC COLLEGE,"MHASKAL,
NEAR GANESH TEMPLE,
TITWALA,
TAL KALYAN",THANE,Unaided - Private,N,N,1-1412925581,fetchdata,2016-2017,Engineering and Technology,1,1,1,1,Maharashtra,1
1-2809470757,VISHWAKARMA INSTITUTE OF INFORMATION TECHNOLOGY,"SURVEY NO. 3/4, KONDHWA (BUDRUK) 
PUNE -411048",PUNE,Unaided - Private,N,N,1-6647171,fetchdata,2016-2017,Engineering and Technology,1,1,1,1,Maharashtra,1
1-2809472698,NEW HORIZON INSTITUTE OF TECHNOLOGY & MANAGEMENT,"ANAND NAGAR, KAVESAR, OFF GHODBANDAR ROAD, THANE (WEST) 400615",THANE,Unaided - Private,Y,N,1-2185671511,fetchdata,2016-2017,Engineering and Technology,1,1,1,1,Maharashtra,1
1-2809472902,P.R.PATIL INSTITUTE OF POLYTECHNIC & TECHNOLOGY,"KATHORA ROAD , POTE ESTATE , MU. KATHORA,AMRAVATI",AMRAVATI,Unaided - Private,N,N,1-404262021,fetchdata,2016-2017,Engineering and Technology,1,1,1,1,Maharashtra,1
1-2809524408,ANJUMAN COLLEGE OF ENGINEERING & TECHNOLOGY,"MANGALWARI BAZAR,SADAR, NAGPUR",NAGPUR,Unaided - Private,N,Y,1-9904061,fetchdata,2016-2017,Engineering and Technology,1,1,1,1,Maharashtra,1
1-2809527075,PRIYADARSHINI INDIRA GANDHI COLLEGE OF ENGINEERING,"OPPOSITE LATA MANGESHKAR HOSPITAL, DIGDOH HILLS, HINGNA ROAD, NAGPUR",NAGPUR,Unaided - Private,N,Y,1-15912061,fetchdata,2016-2017,Engineering and Technology,1,1,1,1,Maharashtra,1
1-2809597958,"MARATHWADA MITRA MANDAL'S POLYTECHNIC, THERGAON, PUNE","S.NO. 4/17, SECTOR NO. 34, PCNTDA, OFF KALEWADI ROAD, THERGAON, PUNE",PUNE,Unaided - Private,N,N,1-421166773,fetchdata,2016-2017,Engineering and Technology,1,1,1,1,Maharashtra,1
1-2809598278,PIMPRI CHINCHWAD COLLEGE OF ENGINEERING,"SECTOR NO 26,PRADHIKARAN,NIGADI,PUNE 44",PUNE,Unaided - Private,N,N,1-6028469,fetchdata,2016-2017,Engineering and Technology,1,1,1,1,Maharashtra,1
1-2809665395,NIKAM INSTITUTE OF TECHNOLOGY (POLYTECHNIC),"MORANE-GONDURBYPASS ROAD,GONDUR TAL-DIST-DHULE (MS)",DHULE,Unaided - Private,N,N,1-1461615081,fetchdata,2016-2017,Engineering and Technology,1,1,1,1,Maharashtra,1
1-2809705076,NATH POLYTECHNIC PAITHAN,"PLOT NO.B-1, MIDC INDUSTRIAL AREA,AURANGABAD ROAD,PAITHAN",AURANGABAD,Unaided - Private,N,N,1-450062081,fetchdata,2016-2017,Engineering and Technology,1,1,1,1,Maharashtra,1
1-2809705346,DATTAKALA POLYTECHNIC,"GAT NO.541/2,
OFF PUNE-SOLAPUR HIGHWAY,
SWAMI-CHINCHOLI(BHIGWAN)
TAL:DAUND
DIST:PUNE",PUNE,Unaided - Private,N,N,1-449919241,fetchdata,2016-2017,Engineering and Technology,1,1,1,1,Maharashtra,1
1-2809706670,V J POLYTECHNIC,"AT- KHAMONA, TAH.- RAJURA, DIST.- CHANDRAPUR",CHANDRAPUR,Unaided - Private,N,N,1-510112701,fetchdata,2016-2017,Engineering and Technology,1,1,1,1,Maharashtra,1
1-2809707079,"GOVERNMENT POLYTECHNIC, KOLHAPUR","OLD. P. B. ROAD, VIDYANAGAR",KOLHAPUR,Government,N,N,1-475576863,fetchdata,2016-2017,Engineering and Technology,1,1,1,1,Maharashtra,1
1-2809733090,RATNESHWARI INSTITUTE OF POLYTECHNIC,"AT POST VISHNUPURI, NANDED, NEAR BY SRTMU UNIVERSITY,LATUR-NANDED HIGHWAY, NANDED",NANDED,Unaided - Private,N,N,1-2047593931,fetchdata,2016-2017,Engineering and Technology,1,1,1,1,Maharashtra,1
1-2809781874,"VIDYA VIKAS PRATISHTHAN INSTITUTE OF ENGINEERING & TECHNOLOGY,SOLAPUR","SOREGAON-DONGAON ROAD,SOREGAON,SOLAPUR-413004",SOLAPUR,Unaided - Private,N,N,1-4351754,fetchdata,2016-2017,Engineering and Technology,1,1,1,1,Maharashtra,1
1-2809782666,ZEAL COLLEGE OF ENGINEERING AND RESEARCH,"S. NO. 39, NARHE-DHAYARI ROAD, NARHE, PUNE-411 041.",PUNE,Unaided - Private,N,N,1-2895931,fetchdata,2016-2017,Engineering and Technology,1,1,1,1,Maharashtra,1
1-2809809901,TSSM'S BHIVARABAI SAWANT COLLEGE OF ENGINEERING AND RESEARCH,"S.NO. 12/1/2 AND 12/2/2, NARHE, TALUKA HAVELI, DIST: PUNE",PUNE,Unaided - Private,N,N,1-3669721,fetchdata,2016-2017,Engineering and Technology,1,1,1,1,Maharashtra,1
1-2809475821,POTDAR POLYTECHNIC,"BAMBRUD  ,SERVE NO.11,BHADGAON ROAD TAL -PACHORA DIST-JALGAON",JALGAON,Unaided - Private,N,N,1-2059464194,fetchdata,2016-2017,Engineering and Technology,1,1,1,1,Maharashtra,1
1-2809603620,PREMLILA VITHALDAS POLYTECHNIC,"SNDT WOMEN'S UNIVERSITY, VITHALDAS VIDYA VIHAR, JUHU ROAD, SANTACRZ WEST",MUMBAI SUBURBAN,University Managed-Govt,Y,N,1-817913391,fetchdata,2016-2017,Engineering and Technology,1,1,1,1,Maharashtra,1
1-2809604327,CENTRAL INDIA INSTITUTE OF POLYTECHNIC,"AT POST- LONARA, NEAR GODHNI  RAILWAY,",NAGPUR,Unaided - Private,N,Y,1-477036216,fetchdata,2016-2017,Engineering and Technology,1,1,1,1,Maharashtra,1
1-2809666605,SOU. SUSHILA DANCHAND GHODAWAT CHARITABLE TRUST'S SANJAY GHODAWAT POLYTECHNIC,"GAT NO 582, TAL- HATKANANGALE, DIST-KOLHAPUR",KOLHAPUR,Unaided - Private,N,N,1-827280391,fetchdata,2016-2017,Engineering and Technology,1,1,1,1,Maharashtra,1
1-2809667224,JAYAWANTRAO SAWANT POLYTECHNIC,"SR.NO.58,  HANDEWADI ROAD, HADAPSAR",PUNE,Unaided - Private,N,N,1-465949211,fetchdata,2016-2017,Engineering and Technology,1,1,1,1,Maharashtra,1
1-2809708613,SAI INSTITUTE OF ENGINEERING AND TECHNOLOTY,"SURVEY NO,170, SAI NAGAR, AURANGABAD- AJANTHA ROAD,JALGAON HAIGHWAY,VILLAGE-  BILDA, TAH. PHULAMBRI DIST. AURANGABAD",AURANGABAD,Unaided - Private,N,N,1-460722875,fetchdata,2016-2017,Engineering and Technology,1,1,1,1,Maharashtra,1
1-2809733502,JBES'S RAJIV GANDHI POLYTECHNIC,"SURYAPRAKASH SANKUL,S.NO.-108,ZIRAPWADI,PHALTAN GIRVI ROAD",SATARA,Unaided - Private,N,N,1-479296511,fetchdata,2016-2017,Engineering and Technology,1,1,1,1,Maharashtra,1
1-2809733749,JAYAWANTRAO SAWANT COLLEGE OF ENGINEERING,"S.NO. 58, HANDEWADI ROAD, HADAPSAR, PUNE-411028",PUNE,Unaided - Private,N,N,1-4738886,fetchdata,2016-2017,Engineering and Technology,1,1,1,1,Maharashtra,1
1-2809734914,DILKAP RESEARCH INSTITUTE OF ENGINEERING AND MANAGEMENT STUDIES,VILLAGE MAMDAPUR POST NERAL,RAIGAD,Unaided - Private,N,N,1-2029561,fetchdata,2016-2017,Engineering and Technology,1,1,1,1,Maharashtra,1
1-2809755297,JAMIA INSTITUTE OF ENGINEERING AND MANAGEMENT STUDIES,MOLGI ROAD,NANDURBAR,Unaided - Private,N,Y,1-5774831,fetchdata,2016-2017,Engineering and Technology,1,1,1,1,Maharashtra,1
1-2809783828,D.Y.PATIL COLLEGE OF ENGINEERING & POLYTECHNIC,"GAT NO - 85, A/P- TALSANDE, TAL-HATKANANGALE, DIST- KOLHAPUR",KOLHAPUR,Unaided - Private,N,N,1-455929981,fetchdata,2016-2017,Engineering and Technology,1,1,1,1,Maharashtra,1
1-2809784703,"PROGRESSIVE EDUCATION SOCIETY'S MODERN COLLEGE OF ENGINEERING, PUNE","1186 A, SHIVAJINAGAR, OFF. J.M. ROAD, TAL: HAVELI, PUNE-411005, MAHARASHTRA, INDIA",PUNE,Unaided - Private,N,N,1-4779181,fetchdata,2016-2017,Engineering and Technology,1,1,1,1,Maharashtra,1
1-2809811347,VISHWAKARMA INSTITUTE OF TECHNOLOGY,"666, UPPER INDIRANAGAR, BIBWEWADI",PUNE,Unaided - Private,N,N,1-3514117,fetchdata,2016-2017,Engineering and Technology,1,1,1,1,Maharashtra,1
1-2809812626,VIDYAVARDHINI'S BHAUSAHEB VARTAK POLYTECHNIC,VASAI ROAD RLY. STATION (W.RLY),THANE,Unaided - Private,N,N,1-412372261,fetchdata,2016-2017,Engineering and Technology,1,1,1,1,Maharashtra,1
1-2809476579," DEPARTMENT OF TECHNOLOGY, SHIVAJI UNIVERSITY, KOLHAPUR","VIDYANAR, KOLHAPUR (MAHARASHTRA STATE)",KOLHAPUR,University Managed-Govt,N,N,1-4518485,fetchdata,2016-2017,Engineering and Technology,1,1,1,1,Maharashtra,1
1-2809533705,"SMT. PREMALATAI CHAVAN POLYTECHNIC, KARAD","271, MANGALWAR PETH, KARAD",SATARA,Unaided - Private,N,Y,1-477725151,fetchdata,2016-2017,Engineering and Technology,1,1,1,1,Maharashtra,1
1-2809533987,MIT ACADEMY OF ENGINEERING,"ALANDI(D),TAL-KHED,DIST-PUNE",PUNE,Unaided - Private,N,N,1-23111191,fetchdata,2016-2017,Engineering and Technology,1,1,1,1,Maharashtra,1
1-2809536926,K.J.SOMAIYA POLYTECHNIC,"VIDYANAGARI,
VIDYAVIHAR(E)
MUMBAI",MUMBAI CITY,Govt aided,N,Y,1-467802101,fetchdata,2016-2017,Engineering and Technology,1,1,1,1,Maharashtra,1
1-2809608828,"MAHATMA GANDHI MISSION, MGM'S POLYTECHNIC","N-6, CIDCO, AURANGABAD. 431003",AURANGABAD,Unaided - Private,N,N,1-422740721,fetchdata,2016-2017,Engineering and Technology,1,1,1,1,Maharashtra,1
1-2809670244,S.N.RAI INSTITUTE OF ENGG& TECHNOLOGY,PUSAD ROAD MAHUR TQ MAHUR DIST NANDED,NANDED,Unaided - Private,N,N,1-459338411,fetchdata,2016-2017,Engineering and Technology,1,1,1,1,Maharashtra,1
1-2809670415,SIDDHARTH POLYTECHNIC,"672/1, SHEGAON ROAD",SANGLI,Unaided - Private,N,Y,1-463274081,fetchdata,2016-2017,Engineering and Technology,1,1,1,1,Maharashtra,1
1-2809709235,RAJIV GANDHI COLLEGE OF ENGINEERING,"VITTHAL NAGAR ,KOKATE VASTI, AT POST-KARJULE HARYA,TAL-PARNER,DIST-AHMEDNAGAR",AHMEDNAGAR,Unaided - Private,N,N,1-727961251,fetchdata,2016-2017,Engineering and Technology,1,1,1,1,Maharashtra,1
1-2809709507,MANOHARBHAI PATEL INSTITUTE OF ENGINEERING & TECHNOLOGY,"N.H.6,SHAHAPUR, BHANDARA",BHANDARA,Unaided - Private,N,N,1-3103701,fetchdata,2016-2017,Engineering and Technology,1,1,1,1,Maharashtra,1
1-2809710874,PADMABHOOSHAN VASANTRAODADA PATIL INSTITUTE OF TECHNOLOGY,SANGLI TASGAON ROAD,SANGLI,Unaided - Private,N,N,1-465762081,fetchdata,2016-2017,Engineering and Technology,1,1,1,1,Maharashtra,1
1-2809735323,LATTHE EDUCATION SOCIETY'S POLYTECHNIC,"P-41, MIDC, KUPWAD",SANGLI,Unaided - Private,N,Y,1-448588381,fetchdata,2016-2017,Engineering and Technology,1,1,1,1,Maharashtra,1
1-2809735766,DEFENCE INSTITUTE OF ADVANCED TECHNOLOGY,"GIRINAGAR, NEAR KHADAKWASALA DAM, KHADAKWASALA, PUNE - 411 025",PUNE,Government,N,N,1-770234221,fetchdata,2016-2017,Engineering and Technology,1,1,1,1,Maharashtra,1
1-2809736176,DR.SAU.KAMALTAI GAWAI INSTITUTE OF ENGINEERING & TECHNOLOGY DARAPUR,"AT. PO. DARAPUR,TQ.DARYAPUR, DIST.AMRAVATI, STATE MAHARASHTRA - 444 814",AMRAVATI,Unaided - Private,N,N,1-9713541,fetchdata,2016-2017,Engineering and Technology,1,1,1,1,Maharashtra,1
1-2809755692,"ANURADHA ENGINEERING COLLEGE, CHIKHLI","ANURADHA NAGAR, SAKEGAON ROAD, CHIKHLI-443201, DIST BULDANA (MAHARASHTRA STATE)",BULDHANA,Unaided - Private,N,N,1-4878796,fetchdata,2016-2017,Engineering and Technology,1,1,1,1,Maharashtra,1
1-2809757716,SHRI KRISHNARAO PANDAV POLYTECHNIC,BAHADURA,NAGPUR,Unaided - Private,N,N,1-475221403,fetchdata,2016-2017,Engineering and Technology,1,1,1,1,Maharashtra,1
1-2809785916,S LATE NARAYANDAS BHAWANDAS CHHABADA INSTITUTE OF ENGG,"SURVEY NO. 259 AT & POST RIGAON, TALUKA JAOLI, DIST: SATARA- 415020",SATARA,Unaided - Private,N,N,1-6551711,fetchdata,2016-2017,Engineering and Technology,1,1,1,1,Maharashtra,1
1-2809787853,SHRI SAI COLLEGE OF ENGINEERING & TECHNOLOGY,"NEAR VILLAGE LONARA, NAGPUR ROAD, TAH. BHADRAWATI, DIST. CHANDRAPUR (M.S.)",CHANDRAPUR,Unaided - Private,N,N,1-34086291,fetchdata,2016-2017,Engineering and Technology,1,1,1,1,Maharashtra,1
1-2809813345,VIVEKANAND EDUCATION SOCIETY'S INSTITUTE OF TECHNOLOGY,"HASHU ADVANI MEMORIAL  COMPLEX,  COLLECTOR'S COLONY, R.C. MARG, CHEMBUR, MUMBAI - 400074",MUMBAI SUBURBAN,Unaided - Private,N,Y,1-7118101,fetchdata,2016-2017,Engineering and Technology,1,1,1,1,Maharashtra,1
1-2809814007,TECHNICAL AND MEDICAL EDUCATION SOCIETY'S J. T. MAHAJAN POLYTECHNIC FAIZPUR,"JIVARAM NAGAR 
NHAVIMARG FAIZPUR
TAL:- YAWAL
DIST:- JALGAON
425524",JALGAON,Unaided - Private,N,N,1-427627533,fetchdata,2016-2017,Engineering and Technology,1,1,1,1,Maharashtra,1
1-2809539707,"RAJARSHI SHAHU MAHARAJ POLYTECHNIC, NASHIK","UDOJI MARATHA BOARDING CAMPUS, NEAR PUMPING STATION, GANGAPUR ROAD",NASHIK,Unaided - Private,N,N,1-405925043,fetchdata,2016-2017,Engineering and Technology,1,1,1,1,Maharashtra,1
1-2809540100,UNIVERSAL COLLEGE OF ENGINEERING,"KAMAN BHIWANDI ROAD, S.N. 146(PART),
KAMAN",THANE,Unaided - Private,N,Y,1-483654421,fetchdata,2016-2017,Engineering and Technology,1,1,1,1,Maharashtra,1
1-2809540381,"M.G.M'S COLLEGE OF ENGINEERING ,NANDED","NEAR AIRPORT,HINGOLI,ROAD,NANDED-431 605",NANDED,Unaided - Private,N,N,1-15937511,fetchdata,2016-2017,Engineering and Technology,1,1,1,1,Maharashtra,1
1-2809609354,BABURAOJI TIDKE POLYTECHNIC,"S.NO. 262, VILLAGE MOUDA",NAGPUR,Unaided - Private,N,N,1-425597381,fetchdata,2016-2017,Engineering and Technology,1,1,1,1,Maharashtra,1
1-2809611650,NAGNATHAPPA HALGE COLLEGE OF ENGINEERING," PARLI-BEED STATE HGHWAY, AT. BRAHMAWADI, POST: TOKWADI,
TALUKA- PARLI-VAIJNATH, DIST : BEED",BEED,Unaided - Private,N,N,1-5865411,fetchdata,2016-2017,Engineering and Technology,1,1,1,1,Maharashtra,1
1-2809612292,"SHRI CHHATRAPATI SHIVAJI SHIKSHAN SANSTHA ADAS, SANCHALIT VASANT POLYTECHNIC COLLEGE KAIJ",NEAR GOVT. ITI AMBAJOGAI ROAD KAIJ TQ KAIJ DIST BEED,BEED,Unaided - Private,N,N,1-506411851,fetchdata,2016-2017,Engineering and Technology,1,1,1,1,Maharashtra,1
1-2809671790,DON BOSCO INSTITUTE OF TECHNOLOGY,"PREMIER AUTOMOBILES ROAD, KURLA W - MUMBAI - 400 070",MUMBAI SUBURBAN,Unaided - Private,N,Y,1-2942301,fetchdata,2016-2017,Engineering and Technology,1,1,1,1,Maharashtra,1
1-2809672498,AABASAHEB SHIVAJIRAO SITARAM PATIL INSTITUTE OF  POLYTECHNIC,AT. CHINCHPURA PO. PIMPRI TAL. DHARANGAON DIST. JALGAON,JALGAON,Unaided - Private,N,N,1-457940921,fetchdata,2016-2017,Engineering and Technology,1,1,1,1,Maharashtra,1
1-2809737022,DHANANJAY MAHADIK GROUP OF INSTITUTIONS,"GAT. NO.-209/A,NH-4,VIKASWADI,KAGAL.",KOLHAPUR,Unaided - Private,N,N,1-8363021,fetchdata,2016-2017,Engineering and Technology,1,1,1,1,Maharashtra,1
1-2809737524,DATTAKALA GROUP OF INSTITUTIONS,"GAT NO. 541/2, 527 OFF.PUNE-SOLAPUR HIGHWAY NO. 9, A/P-SWAMI-CHINCHOLI, TAHSIL - DAUND, DIST-PUNE PIN-413130",PUNE,Unaided - Private,N,N,1-5986711,fetchdata,2016-2017,Engineering and Technology,1,1,1,1,Maharashtra,1
1-2809758125,SINHGAD ACADEMY OF ENGINEERING,"S.NO. 40, KONDHWA(BK), KONDHWA- SASWAD ROAD,
NEAR PMC OCTROI POST, PUNE-411048,
 MAHARASHTRA",PUNE,Unaided - Private,N,N,1-4676331,fetchdata,2016-2017,Engineering and Technology,1,1,1,1,Maharashtra,1
1-2809759755,ADARSH INSTITUTE OF TECHNOLOGY & RESERCH CENTRE.,"A/P:- KHAMBALE(BHA),VITA. GAT NO. 421, TAL - KHANAPUR, DIST- SANGLI, PIN- 415311",SANGLI,Unaided - Private,N,N,1-4836141,fetchdata,2016-2017,Engineering and Technology,1,1,1,1,Maharashtra,1
1-2809760316,"DHOLE PATIL EDUCATION SOCIETY'S, DHOLE PATIL COLLEGE OF ENGINEERING.","1284, UBALE NAGAR, WAGHOLI, PUNE - 412207.",PUNE,Unaided - Private,N,N,1-7337111,fetchdata,2016-2017,Engineering and Technology,1,1,1,1,Maharashtra,1
1-2809789019,BALLARPUR SEWASAMITI'S JAINUDDIN ZAWERI POLYTECHNIC,"UMRI REETH, TADOBA ROAD",CHANDRAPUR,Unaided - Private,N,Y,1-492805483,fetchdata,2016-2017,Engineering and Technology,1,1,1,1,Maharashtra,1
1-2809789184,BRAHMDEVDADA MANE INSTITUTE OF TECHNOLOGY,"A/P BELATI
TALUKA:NORTH SOLAPUR
DISTRICT :SOLAPUR",SOLAPUR,Unaided - Private,N,N,1-6940306,fetchdata,2016-2017,Engineering and Technology,1,1,1,1,Maharashtra,1
1-2809814873,NATIONAL FIRE SERVICE COLLEGE,RAJNAGAR TAKALI FEEDER ROAD  NEAR CID OFFICE,NAGPUR,Government,N,N,1-2464811091,fetchdata,2016-2017,Engineering and Technology,1,1,1,1,Maharashtra,1
1-2809481782,AAMDAR KASHINATHJI MENGAL POLYTECHNIC.,"AT-LAXMINAGAR,POST-MUNDEGAON,TAL-IGATPURI,DIST-NASHIK 422403",NASHIK,Unaided - Private,N,N,1-484796881,fetchdata,2016-2017,Engineering and Technology,1,1,1,1,Maharashtra,1
1-2809482316,"CHH. SHIVAJI POLYTECHNIC,VADUJ","A/P.VADUJ
TAL. KHATAV
DIST. SATARA",SATARA,Unaided - Private,N,N,1-423118991,fetchdata,2016-2017,Engineering and Technology,1,1,1,1,Maharashtra,1
1-2809542916,"VIDYA PRASARINI SABHA'S COLLEGE OF ENGINEERING & TECHNOLOGY, LONAVALA","GAT NO. 685, MOUJE - VAKSAI, TAH.- MAVAL, DIST.- PUNE",PUNE,Unaided - Private,N,N,1-1510254684,fetchdata,2016-2017,Engineering and Technology,1,1,1,1,Maharashtra,1
1-2809543109,SOU SHARDADEVI PANDIT POLYTECHNI INSTITUTE ALANI,AT GADPATI ALANI TQ.& DIST.OSMANABAD,OSMANABAD,Unaided - Private,N,N,1-475426153,fetchdata,2016-2017,Engineering and Technology,1,1,1,1,Maharashtra,1
1-2809614833,J D POLYTECHNIC,KHANDALA POST VALNI TALUKA KALMESHWAR,NAGPUR,Unaided - Private,N,Y,1-424083841,fetchdata,2016-2017,Engineering and Technology,1,1,1,1,Maharashtra,1
1-2809615464,S. B. PATIL COLLEGE OF ENGINEERING,"A/P-VANGALI, TAL-INDAPUR, DIST-PUNE 413106",PUNE,Unaided - Private,N,N,1-9647544,fetchdata,2016-2017,Engineering and Technology,1,1,1,1,Maharashtra,1
1-2809674196,SANJIVANI PRATISTHAN INSTITUTE OF TECHNOLOGY,"AT-KURUND, POST-RALEGAN THERPAL, TAL-PARNER, DIST-AHMEDNAGAR",AHMEDNAGAR,Unaided - Private,N,N,1-445019155,fetchdata,2016-2017,Engineering and Technology,1,1,1,1,Maharashtra,1
1-2809674514,ACHARYA VINOBA BHAVE INSTITUTE OF TECHNOLOGY,"S. NO. 320, CANAL ROAD,  PAWNAR,  WARDHA",WARDHA,Unaided - Private,N,N,1-4269393,fetchdata,2016-2017,Engineering and Technology,1,1,1,1,Maharashtra,1
1-2809712166,"BHAURAOJI TAYWADE POLYTECHNIC, KORADI","AT: MAHADULLA, KORADI, PO: KORADI COLONY, TAH: KAMPTEE, DIST: NAGPUR.",NAGPUR,Unaided - Private,N,N,1-441952981,fetchdata,2016-2017,Engineering and Technology,1,1,1,1,Maharashtra,1
1-2809713028,COLLEGE OF ENGINEERING,"SOLAPUR ROAD, OSMANABAD 413501",OSMANABAD,Unaided - Private,N,N,1-6908013,fetchdata,2016-2017,Engineering and Technology,1,1,1,1,Maharashtra,1
1-2809738882,PADMABHOOSHAN VASANTRAODADA PATIL INSTITUTE OF TECHNOLOGY,"AT- BUDHGAON, TALUKA- MIRAJ, DIST.- SANGLI.",SANGLI,Unaided - Private,N,N,1-10058361,fetchdata,2016-2017,Engineering and Technology,1,1,1,1,Maharashtra,1
1-2809789906,RAJENDRA MANE POLYTECHNIC,AT AND POST AMBAV DEVRUKH TAL. SANGAMESHWAR DIST RATNAGIRI,RATNAGIRI,Unaided - Private,N,N,1-409865251,fetchdata,2016-2017,Engineering and Technology,1,1,1,1,Maharashtra,1
1-2809482574,SHRI CHHATRAPATI SHIVAJIRAJE COLLEGE OF ENGINEERING,"S.NO. 237, DHANGWADI, TAL. BHOR, DIST. PUNE",PUNE,Unaided - Private,N,N,1-8370541,fetchdata,2016-2017,Engineering and Technology,1,1,1,1,Maharashtra,1
1-2809485255,SHIVAJIRAO S JONDHALE COLLEGE OF ENGINEERING,"BEHND VENKATESH PETROL PUMP, SONARPADA, DOMBIVLI EAST, TAL- KALYAN, DIST-THANE, PIN-421 204.",THANE,Unaided - Private,N,N,1-2891714,fetchdata,2016-2017,Engineering and Technology,1,1,1,1,Maharashtra,1
1-2809487926,INSTITUTE OF TECHNOLOGY AND ENGINEERING,MALEGAON (BK),PUNE,Unaided - Private,N,N,1-454208831,fetchdata,2016-2017,Engineering and Technology,1,1,1,1,Maharashtra,1
1-2809545795,K.V.N. NAIK S. P. SANSTHA'S LOKNETE GOPINATHJI MUNDE INSTITUTE OF ENGINEERING EDUCATION & RESEARCH,"KRANTIVEER VASANTRAO NAIK MARG,CANADA CORNER,NASHIK-422002",NASHIK,Unaided - Private,N,N,1-422436343,fetchdata,2016-2017,Engineering and Technology,1,1,1,1,Maharashtra,1
1-2809617993,RAJENDRA MANE COLLEGE OF ENGINEERING & TECHNOLOGY,"A/P- AMBAV, DEVRUKH,
TAL- SANGMESHWAR,
DIST- RATNAGIRI",RATNAGIRI,Unaided - Private,N,N,1-3885153,fetchdata,2016-2017,Engineering and Technology,1,1,1,1,Maharashtra,1
1-2809620261,MAULANA AZAD POLYTECHNIC,"603/4, NEW PACCHA  PETH, ASHOK CHOWK",SOLAPUR,Unaided - Private,N,Y,1-1357746137,fetchdata,2016-2017,Engineering and Technology,1,1,1,1,Maharashtra,1
1-2809622605,DR.D.Y.PATIL POLYTECHNIC,KASABA BAVADA,KOLHAPUR,Unaided - Private,N,N,1-435573621,fetchdata,2016-2017,Engineering and Technology,1,1,1,1,Maharashtra,1
1-2809676034,"SAU.SHANTIDEVI CHAVAN INSTITUTE OF ENGINEERING AND TECHNOLOGY,POLYTECHNIC","S.NO-94/3/1&2,
BHORAS,CHALISGAON,
DIST-JALGAON",JALGAON,Unaided - Private,N,N,1-459778831,fetchdata,2016-2017,Engineering and Technology,1,1,1,1,Maharashtra,1
1-2809676447,MADHUKARRAO PANDAV COLLEGE OF ENGINEERING,"AT-BHILEWADA
DIST.-BHANDARA (M.S.)",BHANDARA,Unaided - Private,N,N,1-22995711,fetchdata,2016-2017,Engineering and Technology,1,1,1,1,Maharashtra,1
1-2809677978,"ABHA GAIKWAD-PATIL COLLEGE OF ENGINEERING, NAGPUR","KH. NO. 8/1, (P.S.K. 74), MOHGAON, WARDHA ROAD, NAGPUR",NAGPUR,Unaided - Private,N,Y,1-6349161,fetchdata,2016-2017,Engineering and Technology,1,1,1,1,Maharashtra,1
1-2809713995,SAHAKAR MAHARSHI SHANKARRAO MOHITE-PATIL INSTITUTE OF TECHNOLOGY & RESEARCH,"GAT NO. 93/2/2, 94 AT/POST - YASHWANTNAGAR, TALUKA - MALSHIRAS, DISTRICT - SOLAPUR",SOLAPUR,Unaided - Private,N,N,1-481630821,fetchdata,2016-2017,Engineering and Technology,1,1,1,1,Maharashtra,1
1-2809740136,VIVA INSTITUTE OF TECHNOLOGY,"AT:- SHIRGAON, POST:- VIRAR (EAST),
TAL:- VASAI, DIST:- THANE.",THANE,Unaided - Private,N,N,1-7468271,fetchdata,2016-2017,Engineering and Technology,1,1,1,1,Maharashtra,1
1-2809741770,"SHANTI EDUCATION SOCIETY'S, A.G. PATIL INSTITUTE OF TECHNOLOGY","18(2/2A), PRATAP NAGAR, SOREGAON
TAL : NORTH SOLAPUR DIST. : SOLAPUR",SOLAPUR,Unaided - Private,N,N,1-2142081,fetchdata,2016-2017,Engineering and Technology,1,1,1,1,Maharashtra,1
1-2809790884,DR.D.Y.PATIL POLYTECHNIC,"DR. D.Y. PATIL VIDYANAGAR, DR.D.Y. PATIL POLYTECHNIC , SECTOR- 7 , PHASE - 1,",THANE,Unaided - Private,N,N,1-429714261,fetchdata,2016-2017,Engineering and Technology,1,1,1,1,Maharashtra,1
1-2809791142,SHRI TIRUPATI TANTRA NIKETAN,KESHAV NAGAR,AKOLA,Unaided - Private,N,N,1-483549151,fetchdata,2016-2017,Engineering and Technology,1,1,1,1,Maharashtra,1
1-2807675501,A. P. SHAH INSTITUTE OF TECHNOLOGY,"SURVEY NO. 12, OPP. HYPERCITY MALL, KASARVADAVALI, GHODBUNDER ROAD, THANE (W) - 400615",THANE,Unaided - Private,N,Y,1-1524174547,fetchdata,2016-2017,Engineering and Technology,1,1,1,1,Maharashtra,1
1-2807676801,VIDYALANKAR INSTITUTE OF TECHNOLOGY,"VIDYALANKAR MARG,
ANTOP HILL, WADALA(E)",MUMBAI CITY,Unaided - Private,N,N,1-14068819,fetchdata,2016-2017,Engineering and Technology,1,1,1,1,Maharashtra,1
1-2807677573,VEERMATA JIJABAI TECHNOLOGICAL INSTITUTE,"H R MAHAJANI MARG,
MATUNGA,
MUMBAI - 400 019",MUMBAI CITY,Govt aided,N,N,1-5149491,fetchdata,2016-2017,Engineering and Technology,1,1,1,1,Maharashtra,1
1-2809234158,"GOKHALE EDUCATION SOCIETY'S R. H. SAPAT COLLEGE OF ENGINEERING, MANAGEMENT STUDIES & RESEARCH","PRIN. T. A. KULKARNI VIDYANAGAR,
COLLEGE ROAD",NASHIK,Unaided - Private,N,N,1-6446231,fetchdata,2016-2017,Engineering and Technology,1,1,1,1,Maharashtra,1
1-2809234817,GOVERNMENT POLYTECHNIC HINGOLI,"P-9 M.I.D.C. LIMBALA
HINGOLI",HINGOLI,Government,N,N,1-501048591,fetchdata,2016-2017,Engineering and Technology,1,1,1,1,Maharashtra,1
1-2808436501,JAMIA ISLAMIA ISHAATUL ULOOM JAMIA POLYTECHNIC,"MOLGI ROAD, AMLIBARI FATA",NANDURBAR,Unaided - Private,N,Y,1-448291871,fetchdata,2016-2017,Engineering and Technology,1,1,1,1,Maharashtra,1
1-2808436862,VIVEKANAND EDUCATION SOCIETY'S POLYTECHNIC,"SINDHI SOCIETY, CHEMBUR, MUMBAI-400071",MUMBAI CITY,Unaided - Private,N,Y,1-424116251,fetchdata,2016-2017,Engineering and Technology,1,1,1,1,Maharashtra,1
1-2808437350,"TRINITY ACADEMY OF ENGINEERING, PUNE","S.NO.25 & 27,AT-PISOLI,POST-YEWALEWADI,NEAR BOPDEVGHAT,TAL-HAVELI,PUNE.",PUNE,Unaided - Private,N,N,1-3450001,fetchdata,2016-2017,Engineering and Technology,1,1,1,1,Maharashtra,1
1-2809183881,AGNEL TECHNICAL COLLEGE (POLYTECHNIC),"FR. AGNEL ASHRAM,
BANDSTAND,
BANDRA(W)",MUMBAI SUBURBAN,Govt aided,N,Y,1-487347841,fetchdata,2016-2017,Engineering and Technology,1,1,1,1,Maharashtra,1
1-2809184034,"KARMAYOGI ENGINEERING COLLEGE, SHELVE, PANDHARPUR.","GAT NO. 124 AND 125, AP. SHELVE,
TAL. PANDHARPUR, DIST. SOLAPUR.
PIN 413304. MAHARASHTRA",SOLAPUR,Unaided - Private,N,N,1-13499321,fetchdata,2016-2017,Engineering and Technology,1,1,1,1,Maharashtra,1
1-2809232723,"GOVERNMENT RESIDENTIAL WOMEN'S POLYTECHNIC,LATUR","NEAR GOVT.COLONY ,BARSHI ROAD,LATUR-413531(M.S.)",LATUR,Government,Y,N,1-2082034331,fetchdata,2016-2017,Engineering and Technology,1,1,1,1,Maharashtra,1
1-2809233094,"KADWA POLYTECHNIC,RAJARAM NAGAR","RAJARAM NAGAR,
TAL:DINDORI
DIST:NASHIK",NASHIK,Unaided - Private,N,N,1-445499041,fetchdata,2016-2017,Engineering and Technology,1,1,1,1,Maharashtra,1
1-2809372153,DR. D. Y. PATIL INSTITUTE OF TECHNOLOGY.,"OPPOSITE HINDUSTAN ANTIBIOTICS FACTORY,
SANT TUKARAM NAGAR,
PIMPRI, PUNE. 
(MAHARASHTRA) PIN-411018",PUNE,Unaided - Private,N,N,1-3858524,fetchdata,2016-2017,Engineering and Technology,1,1,1,1,Maharashtra,1
1-2809375146,GURUKUL EDUCATION SOCIETY'S INSTITUTE OF ENGINEERING & TECHNOLOGY,"SURVEY NO.34/1/B &34/2,AT- PHULENAGAR,POST NANDGAON  TAL-NANDGAON, DIST-NASHIK",NASHIK,Unaided - Private,N,N,1-816340371,fetchdata,2016-2017,Engineering and Technology,1,1,1,1,Maharashtra,1
1-2809406476,INDIRA COLLEGE OF ENGINEERING & MANAGEMENT,"SR. NO. 64 AND 65,
GAT NO. 276,
AT POST PARANDWADI, TAL- MAVAL,
DIST- PUNE. 410506",PUNE,Unaided - Private,N,N,1-7372541,fetchdata,2016-2017,Engineering and Technology,1,1,1,1,Maharashtra,1
1-2809408689,ANURADHA POLYTECHNIC,"ANURADHA NAGAR,
SAKEGAON ROAD,
CHIKHLI",BULDHANA,Unaided - Private,N,N,1-457154461,fetchdata,2016-2017,Engineering and Technology,1,1,1,1,Maharashtra,1
1-2809436546,RASIKLAL M. DHARIWAL INSTITUTE OF TECHNOLOGY,"FATTECHAND MARG, CHINCHWADGAON",PUNE,Unaided - Private,N,Y,1-445042521,fetchdata,2016-2017,Engineering and Technology,1,1,1,1,Maharashtra,1
1-2809463992,ADSUL'S TECHNICAL CAMPUS,"AT-CHAS, CHAS-NIMBLAK BYPASS ROAD, AHMEDNAGAR",AHMEDNAGAR,Unaided - Private,N,N,1-444222791,fetchdata,2016-2017,Engineering and Technology,1,1,1,1,Maharashtra,1
1-2809500162,SHRI JAYKUMAR RAWAL INSTITUTE OF TECHNOLOGY,"MANDAL ROAD , DONDIACHA",DHULE,Unaided - Private,N,N,1-484631901,fetchdata,2016-2017,Engineering and Technology,1,1,1,1,Maharashtra,1
1-2809532592,DKTE SOCIETY'S YASHWANTRAO CHAVAN POLYTECHNIC,"R.S.NO. 644, SANGLI ROAD, NEAR ADINATH  SOCIETY, ICHALKARANJI",KOLHAPUR,Unaided - Private,N,N,1-797101161,fetchdata,2016-2017,Engineering and Technology,1,1,1,1,Maharashtra,1
1-2809590705,"GOEVRNMENT POLYTECHNIC, WASHIM","RISOD ROAD, LAKHALA, WASHIM, DIST:WASHIM",WASHIM,Government,N,N,1-500353381,fetchdata,2016-2017,Engineering and Technology,1,1,1,1,Maharashtra,1
1-2809642355,"POTDAR FOUNDATION TALODA,POTDAR POLYTECHNIC, PATNE, MALEGAON, NASHIK","NEAR KALAVATI DEVI TEMPLE,SAYGAON.TAL-MALEGAON DIST-NASHIK",NASHIK,Unaided - Private,N,N,1-484758993,fetchdata,2016-2017,Engineering and Technology,1,1,1,1,Maharashtra,1
1-2809311438,SAU.SUNDARBAI MANIK ADSUL POLYTECHNIC,"AT-CHAS, CHAS-NIMBLAK BYPASS ROAD, AHMEDNAGAR.",AHMEDNAGAR,Unaided - Private,N,N,1-430212481,fetchdata,2016-2017,Engineering and Technology,1,1,1,1,Maharashtra,1
1-2809317779,SHIVAJIRAO S JONDHLE POLYTECHNIC,OPP ASANGAON RLY STATION ASANGAON NEAR GURUDWARA,THANE,Unaided - Private,N,N,1-460597801,fetchdata,2016-2017,Engineering and Technology,1,1,1,1,Maharashtra,1
1-2809318180,VIDYA NIKETAN COLLEGE OF ENGINEERING,"GAT NO. 670, VIDYANAGARI, PUNE- NASHIK ROAD, AT POST- BOTA, TAL-SANGAMNER, DIST- AHMEDNAGAR",AHMEDNAGAR,Unaided - Private,N,N,1-791148811,fetchdata,2016-2017,Engineering and Technology,1,1,1,1,Maharashtra,1
1-2809334211,"VIVEKANAND EDUCATION SOCIETY'S POLYTECHNIC,SITASAONGI","AT+PO-SITASAONGI,TAH-TUMSAR,DISTT.-BHANDARA(M.S)",BHANDARA,Unaided - Private,N,N,1-467599631,fetchdata,2016-2017,Engineering and Technology,1,1,1,1,Maharashtra,1
1-2809334508,SHRI SHIVAJI POLYTECHNIC INSTITUTE,WASMAT ROAD,PARBHANI,Unaided - Private,N,N,1-478264351,fetchdata,2016-2017,Engineering and Technology,1,1,1,1,Maharashtra,1
1-2809375425,"PRIYADARSHINI INSTITUTE OF ENGINEERING AND TECHNOLOGY,NAGPUR.","KHASRA NO 1/1 A, 1909/12C NEAR CRPF CAMPUS , MOUZA SHIVANGAON,  NAGPUR",NAGPUR,Unaided - Private,N,Y,1-5340141,fetchdata,2016-2017,Engineering and Technology,1,1,1,1,Maharashtra,1
1-2809377418,SHRI. SHIVAJIRAO DESHMUKH INSTITUTE OF TECHNOLOGY,"AT/POST- RED, SHIRALA, TAL- SHIRALA, DIST- SANGLI PIN-415408",SANGLI,Unaided - Private,N,N,1-477659611,fetchdata,2016-2017,Engineering and Technology,1,1,1,1,Maharashtra,1
1-2809439004,KARMAYOGI POLYTECHNIC COLLEGE,"A/P. SHELVE, TAL. PANDHARPUR",SOLAPUR,Unaided - Private,N,N,1-460082281,fetchdata,2016-2017,Engineering and Technology,1,1,1,1,Maharashtra,1
1-2809439447,SHIVNERI POLYTECHIC,"A/P - KHANAPUR, TAL - JUNNAR, DIST - PUNE.410502.
MAHARASHTRA STATE.",PUNE,Unaided - Private,N,N,1-434113021,fetchdata,2016-2017,Engineering and Technology,1,1,1,1,Maharashtra,1
1-2809440781,DR. N. J. PAULBUDHE INSTITUTE OF TECHNOLOGY,"SURVEY NO. 479, A/P- NARAYANDOHO, TAL, DIST- AHMEDNAGAR",AHMEDNAGAR,Unaided - Private,N,N,1-474113981,fetchdata,2016-2017,Engineering and Technology,1,1,1,1,Maharashtra,1
1-2809464460,SHRI. SHARADCHANDRA PAWAR POLYTECHNIC,"AT BHILLEWADA, TAH. & DISTT. BHANDARA.",BHANDARA,Unaided - Private,N,N,1-462880891,fetchdata,2016-2017,Engineering and Technology,1,1,1,1,Maharashtra,1
1-2809467019,BABASAHEB PHADTARE POLYTECHNIC,"SR.NO.40/1KALAMB-WALCHANDNAGAR, TALUKA - INDAPUR, DISTRICT - PUNE",PUNE,Unaided - Private,N,N,1-425517941,fetchdata,2016-2017,Engineering and Technology,1,1,1,1,Maharashtra,1
1-2809467403,SHRI SHIVAJI SHIKSHAN PRASARAK MANDAL  POLYTECHNIC,"823/I, KARMAVEER  NAGAR, BARSHI.",SOLAPUR,Unaided - Private,N,N,1-460807441,fetchdata,2016-2017,Engineering and Technology,1,1,1,1,Maharashtra,1
1-2809536371,SANMATI ENGINEERING COLLEGE,"SURVEY NO. 40
WASHIM-MALEGAON ROAD
AT. PO. SAWARGAON BARDE",WASHIM,Unaided - Private,N,Y,1-3640401,fetchdata,2016-2017,Engineering and Technology,1,1,1,1,Maharashtra,1
1-2809591030,SINDHUDURG SHIKSHAN PRASARAK MANDAL'S COLLEGE OF ENGINEERING,"HARKUL(BUDRUK) KANKAVLI
TAL:KANKAVLI",SINDHUDURG,Unaided - Private,N,N,1-4527041,fetchdata,2016-2017,Engineering and Technology,1,1,1,1,Maharashtra,1
1-2809312219,PILLAI HOC COLLEGE OF ENGINEERING AND TECHNOLOGY,"PILLAI'S HOCL EDUCATIONAL CAMPUS, RASAYANI, KHALAPUR, VIA PANVEL, RAIGAD",RAIGAD,Unaided - Private,N,Y,1-6758589,fetchdata,2016-2017,Engineering and Technology,1,1,1,1,Maharashtra,1
1-2809312943,INDIRA INSTITUTE OF DIPLOMA ENGINEERING,"A/P: SASURE-VAIRAG GAT NO. 67,DHENGALE-PATIL NAGAR TAL: BARSHI DIST: SOLAPUR",SOLAPUR,Unaided - Private,N,N,1-478133211,fetchdata,2016-2017,Engineering and Technology,1,1,1,1,Maharashtra,1
1-2809318736,P.L.GOVERNMENT POLYTECHNIC,"P.L.GOVERNMENT POLYTECHNIC,AUSA ROAD,LATUR",LATUR,Government,N,N,1-1497017841,fetchdata,2016-2017,Engineering and Technology,1,1,1,1,Maharashtra,1
1-2809319096,POLYTECHNIC COLLEGE DAHIWADI,"SHINAGANAPUR RAOD 
DAHIWADI
TAL: MAN
DIST:SATARA",SATARA,Unaided - Private,N,N,1-486710761,fetchdata,2016-2017,Engineering and Technology,1,1,1,1,Maharashtra,1
1-2809344708,KALYANI CHARITABLE TRUST'S LATE G.N.SAPKAL COLLEGE OF ENGINEERING,"SAPKAL KNOWLEDGE HUB,KALYANI HILLS,

ANJANERI-WADHOLI,TAL.TRIMBAKESHWAR,DIST.NASHIK (M.S.)

PIN-422 212",NASHIK,Unaided - Private,N,N,1-7351948,fetchdata,2016-2017,Engineering and Technology,1,1,1,1,Maharashtra,1
1-2809377851,"KONKAN GYANPEETH COLLEGE OF ENGINEERING, KARJAT","VENGAON ROAD, DAHIVALI,
TALUKA - KARJAT,
DISTRICT - RAIGAD, MAHARASHTRA (INDIA)
PIN - 410201",RAIGAD,Unaided - Private,N,N,1-8209546,fetchdata,2016-2017,Engineering and Technology,1,1,1,1,Maharashtra,1
1-2809410609,"GOVERNMENT POLYTECHNIC, ARVI","DEURWADA ROAD, ARVI DIST-WARDHA",WARDHA,Government,N,N,1-465680953,fetchdata,2016-2017,Engineering and Technology,1,1,1,1,Maharashtra,1
1-2809410989,ABHAYSINHRAJE BHONSLE INSTITUTE OF TECHNOLOGY (POLYTECHNIC),"A/P-SHAHUNAGAR-SHENDRE
TAL & DIST-SATARA",SATARA,Unaided - Private,N,N,1-467432523,fetchdata,2016-2017,Engineering and Technology,1,1,1,1,Maharashtra,1
1-2809411552,DR. A.D.SHINDE INSTITUTE OF TECHNOLOGY,"GUDDAI, A/P BHADGAON, TAL. GADHINGLAJ, DIST. KOLHAPUR",KOLHAPUR,Unaided - Private,N,N,1-451985031,fetchdata,2016-2017,Engineering and Technology,1,1,1,1,Maharashtra,1
1-2809441102,SUMAN RAMESH TULSIANI TECHNICAL CAMPUS- FACULTY OF ENGINEERING,"GAT NO. 81,82,91,92,94,97,99,101,102 &
106(PART)",PUNE,Unaided - Private,N,N,1-835210071,fetchdata,2016-2017,Engineering and Technology,1,1,1,1,Maharashtra,1
1-2809441422,N.B.S. INSTITUTE OF POLYTECHNIC,"S.NO.  225/B,225/C,225/D,225/E/6,225/5,233
NEAR POWER HOUSE, AUSA â 413 520 
DIST. LATUR (M.S.)",LATUR,Unaided - Private,N,Y,1-458678271,fetchdata,2016-2017,Engineering and Technology,1,1,1,1,Maharashtra,1
1-2809442694,DR. BAPUJI SALUNKHE INSTITUTE OF ENGINEERING AND TECHNOLOGY,"2130, E WARD, TARABAI PARK",KOLHAPUR,Unaided - Private,N,N,1-396064271,fetchdata,2016-2017,Engineering and Technology,1,1,1,1,Maharashtra,1
1-2809502609,"POOJYA SANE GURUJI VIDYA PRASARAK MANDAL'S G. M. CHAUDHARI, POLYTECHNIC, SHAHADA","THE PRINCIPAL
POOJYA SANE GURUJI VIDYA PRASARAK MANDAL'S G. M. CHAUDHARI, POLYTECHNIC, SHAHADA , TAL : SHAHADA, DIST : NANDURBAR.",NANDURBAR,Unaided - Private,N,N,1-452599631,fetchdata,2016-2017,Engineering and Technology,1,1,1,1,Maharashtra,1
1-2809502858,AMBARWADIKAR'S INSTITUTE OF TECHNOLOGY,"GUT NO 60,NAGAR ROAD,TOLL PLAZA,WALUJ,AURANGABAD.",AURANGABAD,Unaided - Private,N,N,1-451140871,fetchdata,2016-2017,Engineering and Technology,1,1,1,1,Maharashtra,1
1-2809539164,DHARTI JNSEVA PRATISHTHN'S DIPLOMA IN ENGINEERING & TECHNOLOGY INSTITUTE  (POLYTECHNIC),"GUT NO.159, ROHANWADI (AMBEWADI) REOGAON ROAD JALNA",JALNA,Unaided - Private,N,N,1-502053141,fetchdata,2016-2017,Engineering and Technology,1,1,1,1,Maharashtra,1
1-2809594952,M. D. JADHAV INSTITUTE OF TECHNOLOGY,"GAT NO 986
A/P: BHOSE
TAL: MIRAJ",SANGLI,Unaided - Private,N,N,1-475274531,fetchdata,2016-2017,Engineering and Technology,1,1,1,1,Maharashtra,1
1-2809595266,"G.H. RAISONI COLLEGE OF ENGINEERING AND MANAGEMENT, AMRAVATI",ANJANGAON BARI ROAD,AMRAVATI,Unaided - Private,N,Y,1-30834321,fetchdata,2016-2017,Engineering and Technology,1,1,1,1,Maharashtra,1
1-2809645566,"SVERI'S ,COLLEGE OF ENGINEERING (POLYTECHNIC),PANDHARPUR","GOPALPUR -RANJANI ROAD, GOPALPUR, P.B. NO. 54, TAL - PANDHARPUR- 413 304,
DIST.-  SOLAPUR (MAHARASHTRA)",SOLAPUR,Unaided - Private,N,N,1-455434311,fetchdata,2016-2017,Engineering and Technology,1,1,1,1,Maharashtra,1
1-2809319420,SHRI SHANKARPRASAD AGNIHOTRI COLLEGE OF ENGINEERING,"AGNIHOTRI COLLEGE CAMPUS 
BAPUJI WADI
SINDI MEGHE
WARDHA",WARDHA,Unaided - Private,N,N,1-15135074,fetchdata,2016-2017,Engineering and Technology,1,1,1,1,Maharashtra,1
1-2809321086,AGNIHOTRI POLYTECHNIC,"NAGTHANA ROAD, NEAR BYPASS HIGHWAY, SINDI (MEGHE), WARDHA",WARDHA,Unaided - Private,N,N,1-463964011,fetchdata,2016-2017,Engineering and Technology,1,1,1,1,Maharashtra,1
1-2809345546,KIRTI POLYTECHNIC,"UTTAM NAGAR, TQ.AMRAVATI, DIST.AMRAVATI
(M.S.)444606",AMRAVATI,Unaided - Private,N,N,1-2061229791,fetchdata,2016-2017,Engineering and Technology,1,1,1,1,Maharashtra,1
1-2809346761,"NASHIK DISTRICT MARATHA VIDYA PRASARAK SAMAJ'S  KARMAVEER BABURAO GANPATRAO THAKARE COLLEGE OF ENGINEERING, NASHIK","UDOJI MARATHA BOARDING CAMPUS, NEAR PUMPING STATION, GANGAPUR ROAD, NASHIK-422013, MAHARASHTRA",NASHIK,Unaided - Private,N,N,1-3565901,fetchdata,2016-2017,Engineering and Technology,1,1,1,1,Maharashtra,1
1-2809383416,"KDK NAGPUR POLYTECHNIC,NAGPUR","GREAT NAG ROAD,
JAGNADE SQUARE,
NANDANWAN",NAGPUR,Unaided - Private,N,N,1-445302991,fetchdata,2016-2017,Engineering and Technology,1,1,1,1,Maharashtra,1
1-2809443500,"GOVERNMENT POLYTECHNIC , RATNAGIRI","NEAR THIBAW PALACE , RATNAGIRI.",RATNAGIRI,Government,N,N,1-455597101,fetchdata,2016-2017,Engineering and Technology,1,1,1,1,Maharashtra,1
1-2809469977,"MARATHWADA INSTITUTE OF TECHNOLOGY, POLYTECHNIC ROTEGAON","AT. POST. ROTEGAON, NEAR RAILWAY STATION, TQ:VAIJAPUR, DIST:AURANGABAD",AURANGABAD,Unaided - Private,N,N,1-430159691,fetchdata,2016-2017,Engineering and Technology,1,1,1,1,Maharashtra,1
1-2809503443,SHRI SHIVAJI INSTITUTE OF ENGINEERING AND MANAGEMENT STUDIES,VASMAT ROAD,PARBHANI,Unaided - Private,N,N,1-3929271,fetchdata,2016-2017,Engineering and Technology,1,1,1,1,Maharashtra,1
1-2809539445,"DNYANESHWAR POLYTECHNIC, BHANASHIVARE","AT POST BHANASHIVARE, TAL-NEWASA",AHMEDNAGAR,Unaided - Private,N,N,1-453861811,fetchdata,2016-2017,Engineering and Technology,1,1,1,1,Maharashtra,1
1-2809597097,SHRI YOGESHWARI POLYTECHNIC COLLEGE,"S.NO.92, BEHIND YOGESHWARI COLLEGE, NAGZARI ROAD,
AMBAJOGAI.",BEED,Unaided - Private,N,N,1-511604771,fetchdata,2016-2017,Engineering and Technology,1,1,1,1,Maharashtra,1
1-2809597323,AL-AMEEN EDUCATIONAL & MEDICAL FOUNDATION'S COLLEGE OF ENGINEERING & MANAGEMENT STUDIES,"PIMPLE JAGTAP ROAD,SHARAD CAMPUS",PUNE,Unaided - Private,N,Y,1-7386063,fetchdata,2016-2017,Engineering and Technology,1,1,1,1,Maharashtra,1
1-2809599802,"BALAGHAT POLYTECHNIC,RUDDHA-AHMEDPUR","NANDED-LATUR HIGHWAY ROAD, RUDDHA-AHMEDPUR",LATUR,Unaided - Private,N,N,1-496120531,fetchdata,2016-2017,Engineering and Technology,1,1,1,1,Maharashtra,1
1-2809649387,AGNEL CHARITIES AGNEL POLYTECHNIC,"SECTOR-9A, VASHI,
NAVI MUMBAI
DIST.THANE.",THANE,Unaided - Private,N,Y,1-435792081,fetchdata,2016-2017,Engineering and Technology,1,1,1,1,Maharashtra,1
1-2809313504,VIDYALANKAR POLYTECHNIC,"VIDYALANKAR MARG,
WADALA -EAST",MUMBAI CITY,Unaided - Private,N,N,1-449869651,fetchdata,2016-2017,Engineering and Technology,1,1,1,1,Maharashtra,1
1-2809321620,INSTITUTE OF CIVIL AND RURAL ENGINEERING,"SHRI MOUNI VIDYAPEETH, MURALIDHAR NAGAR, GARGOTI, TAL- BHUDARGAD",KOLHAPUR,Govt aided,N,N,1-439989421,fetchdata,2016-2017,Engineering and Technology,1,1,1,1,Maharashtra,1
1-2809322225,"RAMRAO NIKAM POLYTECHNIC COLLEGE, INDOLI","A/P-INDOLI TAL-KARAD, DIST-SATARA",SATARA,Unaided - Private,N,N,1-455325061,fetchdata,2016-2017,Engineering and Technology,1,1,1,1,Maharashtra,1
1-2809338633,"SHIVAJIRAO DESAI COLLLEGE OF POLYTECHNIC,DAULATNAGAR","S.NO.149-1/2/3 DAULATNAGAR,A/P-DAULATNAGAR,TAL-PATAN,DIST-SATARA",SATARA,Unaided - Private,N,N,1-492801871,fetchdata,2016-2017,Engineering and Technology,1,1,1,1,Maharashtra,1
1-2809388363,MET'S INSTITUTE OF TECHNOLOGY-POLYTECHNIC,BHUJBAL KNOWLEDGE CITY GAT NO.1071 ADGAON,NASHIK,Unaided - Private,N,N,1-435827191,fetchdata,2016-2017,Engineering and Technology,1,1,1,1,Maharashtra,1
1-2809414481,"VINAYAKRAO PATIL SHIKSHAN PRASARAK MANDAL'S INSTITUTE OF ENGINEERING AND TECHNOLOGY, KANNAD","GUT NO. 30, HIWARKHEDA ROAD, KANNAD, DIST AURANGABAD (MAHARASHTRA)
PIN:- 431103",AURANGABAD,Unaided - Private,N,N,1-466056241,fetchdata,2016-2017,Engineering and Technology,1,1,1,1,Maharashtra,1
1-2809415773,"VIDYA VIKAS PRATISHTHAN POLYTECHNIC,SOLAPUR","GAT NO 72/2 PRATAPNAGAR, SOREGAON-DONGAON ROAD SOREGAON SOLAPUR",SOLAPUR,Unaided - Private,N,N,1-409588801,fetchdata,2016-2017,Engineering and Technology,1,1,1,1,Maharashtra,1
1-2809444946,"GOVERMENT POLYTECHNIC,YAVATMAL","DHAMANGAON ROAD,YAVATMAL",YAVATMAL,Government,N,N,1-486569621,fetchdata,2016-2017,Engineering and Technology,1,1,1,1,Maharashtra,1
1-2809506545,KAI.PARSHURAMJI JADHAV ENGINEERING  COLLEGE,"AT-KONHALI
.POST-KARJAL TAL-AKKALKOT DIST-SOLAPUR",SOLAPUR,Unaided - Private,N,N,1-504269371,fetchdata,2016-2017,Engineering and Technology,1,1,1,1,Maharashtra,1
1-2809313846,SMT GEETA D TATKARE POLYTECHNIC,"AT- GOVE, POST- KOLAD,  TAL-ROHA, DIST- RAIGAD",RAIGAD,Unaided - Private,N,N,1-744480121,fetchdata,2016-2017,Engineering and Technology,1,1,1,1,Maharashtra,1
1-2809347448,COLLEGE OF ENGINEERING & TECHNOLOGY,"N.H.NO 6, BABHULGAON, AKOLA",AKOLA,Unaided - Private,N,N,1-6174891,fetchdata,2016-2017,Engineering and Technology,1,1,1,1,Maharashtra,1
1-2809447183,NBN SINHGAD TECHNICAL INSTITUTES CAMPUS,"10/1 AMBEGAON (BK), TALUKA HAVELI, DIST. PUNE 411041",PUNE,Unaided - Private,N,N,1-461491971,fetchdata,2016-2017,Engineering and Technology,1,1,1,1,Maharashtra,1
1-2809470345,MATOSHRI PRATISHTHAN'S VISHWABHARTI POLYTECHNIC INSTITUTE,JIJAU NAGAR NANDED LATUR HIGHWAY KHUPSARWADI POST VISHNUPURI NANDED,NANDED,Unaided - Private,N,N,1-437494331,fetchdata,2016-2017,Engineering and Technology,1,1,1,1,Maharashtra,1
1-2809473708,"UNIVERSITY INSTITUTE OF CHEMICAL TECHNOLOGY, NORTH MAHARASHTRA UNIVERSITY, JALGAON","NORTH MAHARASHTRA UNIVERSITY, UMAVI NAGAR P. O. BOX. NO. 80, JALGAON",JALGAON,University Managed-Govt,N,N,1-28467561,fetchdata,2016-2017,Engineering and Technology,1,1,1,1,Maharashtra,1
1-2809542478,RENAISSANCE POLYTECHNIC  CHANDRAPUR,DATALA NEW CHANDRAPUR,CHANDRAPUR,Unaided - Private,N,N,1-1502020421,fetchdata,2016-2017,Engineering and Technology,1,1,1,1,Maharashtra,1
1-2809544679,"PRABHAT DIPLOMA COLLEGE OF ENGINEERING, RUI","GUT NO 90,102, MOUZA RUI, TA.BRAMHAPURI, DIST.CHANDRAPUR",CHANDRAPUR,Unaided - Private,N,N,1-476678311,fetchdata,2016-2017,Engineering and Technology,1,1,1,1,Maharashtra,1
1-2809603064,G.H. RAISONI INSTITUTE OF ENGINEERING & TECHNOLOGY,"GAT NO. 1200, DOMKHEL ROAD, WAGHOLI",PUNE,Unaided - Private,N,Y,1-1630281,fetchdata,2016-2017,Engineering and Technology,1,1,1,1,Maharashtra,1
1-2809654126,"SHRI SAIBABA INSTITUTE OF ENGINEERING, RESEARCH AND ALLIED SCIENCES","GRAMODAYA, 
AT/P:- RAHATA 
TAL:- RAHATA
DIST: AHMEDNAGAR
STATE: MAHARASHTRA",AHMEDNAGAR,Unaided - Private,N,N,1-424139091,fetchdata,2016-2017,Engineering and Technology,1,1,1,1,Maharashtra,1
1-2809314175,"SHRIRAM INSTITUTE OF ENGINEERING AND TECHNOLOGY(POLYTECHNIC), PANIV","AT/P - PANIV,
TAL- MALSHIRAS,
DIST - SOLAPUR",SOLAPUR,Unaided - Private,N,N,1-440681303,fetchdata,2016-2017,Engineering and Technology,1,1,1,1,Maharashtra,1
1-2809323736,RAJENDRA JOTIRAM PHULE POLYTECHNIC,"BELGAON ROAD, MIRAJGAON, TAL : KARJAT DIST : AHMEDNAGAR",AHMEDNAGAR,Unaided - Private,N,N,1-497473291,fetchdata,2016-2017,Engineering and Technology,1,1,1,1,Maharashtra,1
1-2809324014,"LOKNETE MA. HANMANTRAO PATIL CHARITABLE TRUST, VITA, ADARSH INSTITUTE OF TECHNOLOGY(POLYTECHNIC), VITA","GAT.NO.421, KHABALE (BHALAVNI), VITA, KHANAPUR, SANGLI",SANGLI,Unaided - Private,N,N,1-478111381,fetchdata,2016-2017,Engineering and Technology,1,1,1,1,Maharashtra,1
1-2809324499,MATA MAHAKALI POLYTECHNIC,"BYE PASS ROAD,WARORA",CHANDRAPUR,Unaided - Private,N,N,1-474573111,fetchdata,2016-2017,Engineering and Technology,1,1,1,1,Maharashtra,1
1-2809365545,"KDK POLYTECHNIC, UMRER, NAGPUR","M.S.H.NO.9,
OPP. W.C.L.,
UMRER PROJECT,
UMRER, 
DISTRICT- NAGPUR",NAGPUR,Unaided - Private,N,N,1-431167861,fetchdata,2016-2017,Engineering and Technology,1,1,1,1,Maharashtra,1
1-2809367177,PRATAP INSTITUTE OF MANAGEMENT AND TECHNOLOGY,"MOUJA WALKI 
( JAHANGIR ),
RISOD ROAD",WASHIM,Unaided - Private,N,N,1-445327272,fetchdata,2016-2017,Engineering and Technology,1,1,1,1,Maharashtra,1
1-2809390339,DR. ARUN MOTGHARE POLYTECHNIC,KOSRA-KONDHA,BHANDARA,Unaided - Private,N,N,1-420011951,fetchdata,2016-2017,Engineering and Technology,1,1,1,1,Maharashtra,1
1-2809390544,SAIKRUPA POLYTECHNIC,SURVEY NO.244 GHARGAON TAH SHRIGONDA DIST. AHAMDANAGAR,AHMEDNAGAR,Unaided - Private,N,N,1-476653971,fetchdata,2016-2017,Engineering and Technology,1,1,1,1,Maharashtra,1
1-2809418060,KALA VIDYA MANDIR INSTITUTE OF TECHNOLOGY [POLYTECHNIC],"PLOT NO. M-3 RSC 19, MHADA WORLD BANK PROJECT GAEKWAD NAGAR MALAD [WEST] MUMBAI 400095",MUMBAI SUBURBAN,Unaided - Private,N,N,1-454870201,fetchdata,2016-2017,Engineering and Technology,1,1,1,1,Maharashtra,1
1-2809449198,"ADARSH POLYTECHNIC,DHULE","155,NAKANE,NAKANE ROAD DEOPUR,DHULE (MS)",DHULE,Unaided - Private,N,N,1-1482808181,fetchdata,2016-2017,Engineering and Technology,1,1,1,1,Maharashtra,1
1-2809474137,"SHRI DADASAHEB GAWAI CHARITABLE TRUST, VIKRAMSHILA POLYTECHNIC","VIKRAMSHILA POLYTECHNIC,DARAPUR
TQ. DARYAPUR,DIST. AMRAVATI
PIN: 444814",AMRAVATI,Unaided - Private,N,N,1-421143073,fetchdata,2016-2017,Engineering and Technology,1,1,1,1,Maharashtra,1
1-2809545307,"SHIVAJI POLYTECHNIC COLLEGE, SANGOLA","SURVEY NO.76/1,77 ,SANGOLA-JATH ROAD SANGOLA",SOLAPUR,Unaided - Private,N,N,1-462213385,fetchdata,2016-2017,Engineering and Technology,1,1,1,1,Maharashtra,1
1-2809606554,SWVSM'S TATYASAHEB KORE INSTITUTE OF ENGINEERING AND TECHNOLOGY,"TATYASAHEB KORE INSTITUTE OF ENGINEERING AND TECHNOLOGY, WARANANAGAR, TAL.: PANHALA, 
DIST.: KOLHAPUR",KOLHAPUR,Unaided - Private,N,N,1-3674181,fetchdata,2016-2017,Engineering and Technology,1,1,1,1,Maharashtra,1
1-2809239701,APURVA POLYTECHNIC,"GAT NO. 88/02,
RAWALGAON ROAD,
SELU-431503,
DIST-PARBHANI,
MAHARASHTRA",PARBHANI,Unaided - Private,N,N,1-475419225,fetchdata,2016-2017,Engineering and Technology,1,1,1,1,Maharashtra,1
1-2809324764,NETAJI SUBHASHCHANDRA BOSE EDUCATION TRUST'S NETAJI POLYTECHNIC COLLEGE,"GAT NO 21/1,VILLAGE AJANG,PAROLA ROAD,N.H.6, ,DIST DHULE(M.S.)",DHULE,Unaided - Private,N,N,1-1505902131,fetchdata,2016-2017,Engineering and Technology,1,1,1,1,Maharashtra,1
1-2809325198,"VIDYA PRATISHTHANâS KAMALNAYAN BAJAJ INSTITUTE OF ENGINEERING & TECHNOLOGY, BARAMATI","VIDYANAGARI, MIDC (RESI. ZONE),
BARAMATI, DIST. PUNE - 413133, MAHARASHTRA STATE, INDIA",PUNE,Unaided - Private,N,N,1-1559911,fetchdata,2016-2017,Engineering and Technology,1,1,1,1,Maharashtra,1
1-2809338810,ARMY INSTITUTE OF TECHNOLOGY,"PUNE-ALANDI ROAD, DIGHI HILLS,  PUNE 411015",PUNE,Unaided - Private,N,N,1-14666921,fetchdata,2016-2017,Engineering and Technology,1,1,1,1,Maharashtra,1
1-2809368630, YASHWANTRAO CHAVAN INSTITUTE OF POLYTECHNIC,"SURVEY NO. 107, 109 WASANWADI TAL. BEED",BEED,Unaided - Private,N,N,1-486351161,fetchdata,2016-2017,Engineering and Technology,1,1,1,1,Maharashtra,1
1-2809392109,MDA INSTITUTE OF POLYTECHNIC KOLPA,AT. KOLPA POST. KASARKHEDA TQ. & DIST. LATUR,LATUR,Unaided - Private,N,N,1-421236331,fetchdata,2016-2017,Engineering and Technology,1,1,1,1,Maharashtra,1
1-2809418325,"GOVERNMENT POLYTECHNIC, OSMANABAD","TULJAPUR ROAD,
OSMANABAD",OSMANABAD,Government,N,N,1-486627323,fetchdata,2016-2017,Engineering and Technology,1,1,1,1,Maharashtra,1
1-2809474379,JMCT POLYTECHNIC NASHIK,"WADALA ROAD , WADALA NASHIK",NASHIK,Unaided - Private,N,Y,1-430193881,fetchdata,2016-2017,Engineering and Technology,1,1,1,1,Maharashtra,1
1-2809477653,"BALAGHAT ENGINEERING COLLEGE,RUDDHA","LATUR - NANDED HIGHWAY, RUDHA, AHMEDPUR, TALUKA - AHMEDPUR,DIST-LATUR (M.S.)",LATUR,Unaided - Private,N,N,1-6543583,fetchdata,2016-2017,Engineering and Technology,1,1,1,1,Maharashtra,1
1-2809509068,"D.Y.PATIL POLYTECHNIC,AMBI","SR. NO. 124 & 126, A/P AMBI, TALEGAON DABHADE, TAL-. MAVAL, DIST- PUNE",PUNE,Unaided - Private,N,N,1-437673521,fetchdata,2016-2017,Engineering and Technology,1,1,1,1,Maharashtra,1
1-2809509472,SANGHAVI COLLEGE OF ENGINEERING,"GUT NO.166, VARVANDI, TALUKA: DINDORI DIST.: NASHIK",NASHIK,Unaided - Private,N,N,1-461186721,fetchdata,2016-2017,Engineering and Technology,1,1,1,1,Maharashtra,1
1-2809512026,V M INSTITUTE OF ENGINEERING & TECHNOLOGY,"WARDHA ROAD (NH-7), NEAR DONGARGOAN NAGPUR",NAGPUR,Unaided - Private,N,N,1-414725591,fetchdata,2016-2017,Engineering and Technology,1,1,1,1,Maharashtra,1
1-2809549741,K. E. SOCIETY'S RAJARAMBAPU INSTITUTE OF TECHNIOLOGY(POLYTECHNIC) LOHAGAON PUNE,"S.NO-35/4,VADAGAON SHINDE ROAD LOHAGAON ,TAL:- HAVELI,DIST:- PUNE.",PUNE,Unaided - Private,N,N,1-424572491,fetchdata,2016-2017,Engineering and Technology,1,1,1,1,Maharashtra,1
1-2809610776,"SHRI SHIVAJI VIDYA PRASARAK SANSTHA'S LATE BAPUSAHEB SHIVAJIRAO DEORE POLYTECHNIC, DHULE","VIDYANAGARI DEOPUR, DHULE",DHULE,Unaided - Private,N,N,1-424082301,fetchdata,2016-2017,Engineering and Technology,1,1,1,1,Maharashtra,1
1-2809655806,MARATHWADA MITRA MANDAL'S INSTITUTE OF TECHNOLOGY,"S. NO. 35, PLOT NO. 5/6, LOHGAON, PUNE -411032",PUNE,Unaided - Private,N,N,1-9847593,fetchdata,2016-2017,Engineering and Technology,1,1,1,1,Maharashtra,1
1-2809656542,CHHATRAPATI SHIVAJI MAHARAJ INSTITUTE OF TECHNOLOGY,"92A/1, OLD MUMBAI PUNE HIGHWAY, NEAR SHEDUNG TOLL NAKA,",RAIGAD,Unaided - Private,N,N,1-2189696411,fetchdata,2016-2017,Engineering and Technology,1,1,1,1,Maharashtra,1
1-2809240290,SARDAR VALLBHBHAI PATEL POLYTECHNIC,I.C. COLONY BORIVALI (W),MUMBAI SUBURBAN,Unaided - Private,N,Y,1-435536633,fetchdata,2016-2017,Engineering and Technology,1,1,1,1,Maharashtra,1
1-2809314869,"GENBA SOPANRAO MOZE TRUST'S PARVATIBAI GENBA MOZE COLLEGE OF ENGINEERING,WAGHOLI, PUNE","GAT NO. 2181, WAGHOLI, TAL. HAVELI, DIST. PUNE",PUNE,Unaided - Private,N,N,1-10190374,fetchdata,2016-2017,Engineering and Technology,1,1,1,1,Maharashtra,1
1-2809325869,SHRI BALASAHEB MANE SHIKSHAN PRASARAK MANDAL ASHOKRAO MANE POLYTECHNIC,"GAT NO.475, 
AT POST- AMBAP
TALUKA-HATKANANGLE",KOLHAPUR,Unaided - Private,N,N,1-425453811,fetchdata,2016-2017,Engineering and Technology,1,1,1,1,Maharashtra,1
1-2809369164,"SHARAD INSTITUTE OF TECHNOLOGY, POLYTECHNIC, YADRAV","GAT NO. 476/A, JAY-SANGLI NAKA, YADRAV-ICHALKARANJI, TAL- SHIROL,DIST - KOLHAPUR",KOLHAPUR,Unaided - Private,N,N,1-415341911,fetchdata,2016-2017,Engineering and Technology,1,1,1,1,Maharashtra,1
1-2809369758,"GOVERNMENT POLYTECHNIC,BEED","NEAR KHANDESHWARI TEMPLE,NATHAPUR ROAD",BEED,Government,N,N,1-477730261,fetchdata,2016-2017,Engineering and Technology,1,1,1,1,Maharashtra,1
1-2809392431,V. J. SHINDE COLLEGE OF ENGINEERING,"GAT NO. 738, WARUDA ROAD, OSMANABAD.",OSMANABAD,Unaided - Private,N,N,1-797037901,fetchdata,2016-2017,Engineering and Technology,1,1,1,1,Maharashtra,1
1-2809393742,"SWAMI VIVEKANAND POLYTECHNIC,JOLA.","AT JOLA ,  POST DEVGAON,
TQ- KAIJ,DIST- BEED,
ST- MAHARASHTRA.",BEED,Unaided - Private,N,N,1-500892721,fetchdata,2016-2017,Engineering and Technology,1,1,1,1,Maharashtra,1
1-2809421104,L&T INSTITUTE OF TECHNOLOGY,"P.O. BOX 8975
SAKI VIHAR ROAD
POWAI",MUMBAI CITY,Unaided - Private,N,N,1-439836201,fetchdata,2016-2017,Engineering and Technology,1,1,1,1,Maharashtra,1
1-2809421271,"VASANTRAO NAIK INSTITUTE OF TECHNOLOGY,VASARNI,NANDED","GUT NO 24,VASARNI,NANDED",NANDED,Unaided - Private,N,N,1-463299131,fetchdata,2016-2017,Engineering and Technology,1,1,1,1,Maharashtra,1
1-2809477969,FLORA INSTITUTE OF TECHNOLOGY,"SR. NO.-49, 
VILLAGE - KHOPI,
TAL - BHOR,
DIST - PUNE",PUNE,Unaided - Private,N,N,1-456070991,fetchdata,2016-2017,Engineering and Technology,1,1,1,1,Maharashtra,1
1-2809512449,MOKASHI KRISHI VIKAS PRATISHTHAN'S DADASAHEB MOKASHI POLYTECHNIC,"SURVEY NO.75/1,75/2,
RAJMACHI,SADASHIVGAD,
TAL-KARAD,
DIST-SATARA",SATARA,Unaided - Private,N,N,1-455348061,fetchdata,2016-2017,Engineering and Technology,1,1,1,1,Maharashtra,1
1-2809514691,SIDDHIVINAYAK TECHNICAL CAMPUS,"GAT NO.133,134,140
                                                  SHEGAON-KHAMGAON ROAD, 
                                                  SHIRASGAON NILE, TQ:- SHEGAON",BULDHANA,Unaided - Private,N,N,1-465030131,fetchdata,2016-2017,Engineering and Technology,1,1,1,1,Maharashtra,1
1-2809550287,NANASAHEB  MAHADIK POLYTECHNIC INSTITUTE,GAT NO. 905 A/1 A/P - PETH NAKA,SANGLI,Unaided - Private,N,N,1-435886003,fetchdata,2016-2017,Engineering and Technology,1,1,1,1,Maharashtra,1
1-2809552697,XAVIER INSTITUTE OF  ENGINEERING,"MAHIM CAUSEWAY, MAHIM 
MAHIM (W), MUMBAI - 400 016",MUMBAI CITY,Unaided - Private,N,Y,1-4027961,fetchdata,2016-2017,Engineering and Technology,1,1,1,1,Maharashtra,1
1-2809553140,SHREE SAMARTH POLYTECHNIC,VIDYANAGAR MHASANE PHATA,AHMEDNAGAR,Unaided - Private,N,N,1-489030201,fetchdata,2016-2017,Engineering and Technology,1,1,1,1,Maharashtra,1
1-2809613919,AJITDADA PAWAR COLLEGE OF POLYTECHNIC,"SURVEY NO. 3&6/2, SHRIRAMPUR - NEWASA ROAD,      A/P: WADALA MAHADEV;
TAL: SHRIRAMPUR;
DIST: AHMEDNAGAR",AHMEDNAGAR,Unaided - Private,N,N,1-426033711,fetchdata,2016-2017,Engineering and Technology,1,1,1,1,Maharashtra,1
1-2809614372,"KARMAVEER BHAURAO PATIL POLYTECHNIC, SATARA.","GAT NO. 242/B/1
AT PANMALEWADI 
POST VARYE",SATARA,Unaided - Private,N,N,1-466046963,fetchdata,2016-2017,Engineering and Technology,1,1,1,1,Maharashtra,1
1-2809658719,BALASAHEB MHATRE POLYTECHNIC,"BADLAPUR(W), AT KANHOR , TALUKA AMBERNATH DIST THANE",THANE,Unaided - Private,N,N,1-450326751,fetchdata,2016-2017,Engineering and Technology,1,1,1,1,Maharashtra,1
1-2809658982,RANSAMRAT KREEDA MANDAL'S RAJARSHI SHAHU INSTITUTE OF TECHNOLOGY,"GAT NO 65 A 2
PARALI ROAD 
KALLAM TA.KALLAM
DIST.OSMANABAD
413507",OSMANABAD,Unaided - Private,N,N,1-498117111,fetchdata,2016-2017,Engineering and Technology,1,1,1,1,Maharashtra,1
1-2809659212,R. C. PATEL INSTITUTE OF TECHNOLOGY,"NEAR NIMZARI NAKA,SHAHADA ROAD, SHIRPUR",DHULE,Unaided - Private,N,Y,1-14601229,fetchdata,2016-2017,Engineering and Technology,1,1,1,1,Maharashtra,1
1-2809370119,"SHRI GULABRAO DEOKAR POLYTECHNIC, JALGAON","P B NO.113,
GAT NO.26/1,
MOHADI  SHIVAR,  JALGAON",JALGAON,Unaided - Private,N,N,1-439824195,fetchdata,2016-2017,Engineering and Technology,1,1,1,1,Maharashtra,1
1-2809394353,SHANTINIKETAN POLYTECHNIC,"SURVEY NO. 1911, SHANTINIKETAN LOKVIDYAPEETH,
OPPOSITE SUGAR FACTORY,
MADHAVNAGAR ROAD",SANGLI,Unaided - Private,N,N,1-412748343,fetchdata,2016-2017,Engineering and Technology,1,1,1,1,Maharashtra,1
1-2809451282,SHRI BHAGUBHAI MAFATLAL POLYTECHNIC,"IRLA-JUHU RD, NATAKKAR RAM GANESH GADKARI MARG, VILE PARLE(WEST)",MUMBAI SUBURBAN,Govt aided,N,Y,1-415325881,fetchdata,2016-2017,Engineering and Technology,1,1,1,1,Maharashtra,1
1-2809480688,IDEAL INSTITUTE OF TECHNOLOGY,"GUT NO. 40, PIMPLAJ ROAD, VILLAGE -POSHERI, TALUKA -WADA, DIST-THANA.",THANE,Unaided - Private,N,N,1-1499711421,fetchdata,2016-2017,Engineering and Technology,1,1,1,1,Maharashtra,1
1-2809515271,SHREE SANT MUKTABAI INSTITUTE OF TECHNOLOGY (POLYTECHNIC),"BHIKAMCHAND JAIN NAGAR, PIMPRALA ROAD,
P.O. BOX NO. 132, JALGAON",JALGAON,Unaided - Private,N,N,1-478403761,fetchdata,2016-2017,Engineering and Technology,1,1,1,1,Maharashtra,1
1-2809553375,SARDAR PATEL COLLEGE OF ENGINEERING,"MUNSHI NAGAR,
ANDHERI(W),",MUMBAI CITY,Govt aided,N,N,1-11307927,fetchdata,2016-2017,Engineering and Technology,1,1,1,1,Maharashtra,1
1-2809559744,SIDDHANT COLLEGE OF ENGINEERING,"GAT NO. 131
VILLAGE : SUDUMBARE, TALEGAON CHAKAN ROAD, TALUKA : MAVAL, DISTRICT : PUNE - 412109",PUNE,Unaided - Private,N,Y,1-3836111,fetchdata,2016-2017,Engineering and Technology,1,1,1,1,Maharashtra,1
1-2809616959,GOVERNMENT POLYTECHNIC DHULE,"VIDYANAGARI, DEOPUR, DHULE",DHULE,Government,N,N,1-461259591,fetchdata,2016-2017,Engineering and Technology,1,1,1,1,Maharashtra,1
1-2809305760,BHONSLA POLYTECHNIC,"SURVEY NO. 65, MOUZA - HINGNA BARLINGNA, AKOLA-WASHIM HIGHWAY, TAH. & DIST. AKOLA. (M.S)",AKOLA,Unaided - Private,N,N,1-464030461,fetchdata,2016-2017,Engineering and Technology,1,1,1,1,Maharashtra,1
1-2809306011,COLLEGE OF ENGINEERING VAIRAG,AT/P- SASURE- VAIRAG ON SOLAPUR BARSHI STATE HIGHWAY TAL-BARSHI DIST-SOLAPUR PIN-413 402   MAHARASHTRA,SOLAPUR,Unaided - Private,N,N,1-17707261,fetchdata,2016-2017,Engineering and Technology,1,1,1,1,Maharashtra,1
1-2809326468,SANIVANI RURAL EDUCATION SOCIETY'S  SANJIVANI COLLEGE OF ENGINEERING,"AT: SAHAJANANDNAGAR POST- SHINGNAPUR
TAL:-KOPARGAON DIST: AHMEDANAGR-423 603",AHMEDNAGAR,Unaided - Private,N,N,1-2896661,fetchdata,2016-2017,Engineering and Technology,1,1,1,1,Maharashtra,1
1-2809327312,DATTA MEGHE INSTITUTE OF ENGINEERING TECHNOLOGY AND RESEARCH,"SAWANGI (MEGHE)
WARDHA- 442004",WARDHA,Unaided - Private,N,N,1-6754053,fetchdata,2016-2017,Engineering and Technology,1,1,1,1,Maharashtra,1
1-2809350747,RAJIV GANDHI COLLEGE OF ENGINEERING AND RESEARCH,"WANADONGRI, HINGNA ROAD, NAGPUR",NAGPUR,Unaided - Private,N,N,1-8926061,fetchdata,2016-2017,Engineering and Technology,1,1,1,1,Maharashtra,1
1-2809395817,BRAHMDEVDADA MANE POLYTECHNIC,"SOLAPUR-MANGALWEDHA-KOLHAPUR HIGHWAY, A/P.- BELATI, TAL.-NORTH SOLAPUR, DIST.-SOLAPUR",SOLAPUR,Unaided - Private,N,N,1-407330281,fetchdata,2016-2017,Engineering and Technology,1,1,1,1,Maharashtra,1
1-2809396353,ADV. V. R. MANOHAR INSTITUTE OF DIPLOMA IN MEDICAL LABORATORY  TECHNOLOGY,"R-2, ELECTRONIC ZONE, M.I.D.C. NILDOH, HINGNA ROAD, NAGPUR",NAGPUR,Govt aided,N,N,1-451673051,fetchdata,2016-2017,Engineering and Technology,1,1,1,1,Maharashtra,1
1-2809422068,ABDUL RAZZAK KALSEKAR POLYTECHNIC,"PLOT NO. 3, SECTOR 16, KHANDAGAON, THANA NAKA, NEW PANVEL",MUMBAI SUBURBAN,Unaided - Private,N,Y,1-485854731,fetchdata,2016-2017,Engineering and Technology,1,1,1,1,Maharashtra,1
1-2809452698,"SHRI. SOMESHWAR  SHIKSHAN  PRASARAK MANDALS ,SOMESHWAR POLYTECHNIC COLLEGE","GAT. NO.-53,WAGHALWADI,POST-SOMESHWARNAGAR,TAL-BARAMATI,DIST-PUNE,412306",PUNE,Unaided - Private,N,N,1-433763741,fetchdata,2016-2017,Engineering and Technology,1,1,1,1,Maharashtra,1
1-2809453047,THEEM COLLEGE OF ENGINEERING,"AT VILLAGE BETEGAON, CHILLHAR RAOD, N.H.NO.8,NEAR UNION PARK BOISAR(E) TAL - PALGHAR DIST - THANE",THANE,Unaided - Private,N,Y,1-6351267,fetchdata,2016-2017,Engineering and Technology,1,1,1,1,Maharashtra,1
1-2809480954,YADAVRAO TASGAONKAR INSTITUTE OF ENGNEERING AND TECHNOLOGY,"VILLAGE,CHANDHI,NEAR BHIVPURI ROAD STATION,KARJAT,RAIGAD,PIN 410201",RAIGAD,Unaided - Private,N,N,1-4558233,fetchdata,2016-2017,Engineering and Technology,1,1,1,1,Maharashtra,1
1-2809483710,GURU SAI POLYTECHNIC,"MOUZA - DATALA, RAMNAGAR, DATALA SQUARE, TAH. & DIST. - CHANDRAPUR",CHANDRAPUR,Unaided - Private,N,N,1-467476193,fetchdata,2016-2017,Engineering and Technology,1,1,1,1,Maharashtra,1
1-2809484100,VIDARBHA INSTITUTE OF TECHNOLOGY,"VIDARBHA INSTITUTE OF TECHNOLOGY, MOUZA: UTI(BHIVAPUR),UMRER ROAD, NAGPUR",NAGPUR,Unaided - Private,N,Y,1-6190781,fetchdata,2016-2017,Engineering and Technology,1,1,1,1,Maharashtra,1
1-2809518904,"DR. PANJABRAO DESHMUKH POLYTECHNIC, AMRAVATI","SHIVAJI NAGAR,",AMRAVATI,Govt aided,N,N,1-424592181,fetchdata,2016-2017,Engineering and Technology,1,1,1,1,Maharashtra,1
1-2809519215,SHATABDI INSTITUTE OF ENGINEERING & RESEARCH,"AT POST : AGASKHIND,
VIA : DEOLALI CAMP-BHAGUR,
TAL. SINNAR, DIST : NASHIK
PIN : 422 502",NASHIK,Unaided - Private,N,Y,1-2558181,fetchdata,2016-2017,Engineering and Technology,1,1,1,1,Maharashtra,1
1-2809565724,NAVJEEVAN EDUCATION SOCIETY'S POLYTECHNIC,"GANESH NAGAR, GANESH PATH,",MUMBAI SUBURBAN,Unaided - Private,N,N,1-425541561,fetchdata,2016-2017,Engineering and Technology,1,1,1,1,Maharashtra,1
1-2809566064,SHRI DATTA MEGHE POLYTECHNIC,"248/3, HINGNA ROAD,",NAGPUR,Unaided - Private,N,N,1-412299001,fetchdata,2016-2017,Engineering and Technology,1,1,1,1,Maharashtra,1
1-2809569158,"GOVERNMENT POLYTECHNIC,KHAMGAON","JALAMB ROAD, OPP. I.T.I.",BULDHANA,Government,N,N,1-493065731,fetchdata,2016-2017,Engineering and Technology,1,1,1,1,Maharashtra,1
1-2809620964,K. D. K. COLLEGE OF ENGINEERING,"GREAT NAG ROAD, NANDANVAN, NAGPUR-440009",NAGPUR,Unaided - Private,N,N,1-4449691,fetchdata,2016-2017,Engineering and Technology,1,1,1,1,Maharashtra,1
1-2809306316,G. E. SOCIETY'S KATGARA POLYTECHNIC INSTITUTE,"AT POST BORDI, 
TAL. DAHANU",THANE,Unaided - Private,N,N,1-493178931,fetchdata,2016-2017,Engineering and Technology,1,1,1,1,Maharashtra,1
1-2809352691,K. P. PATIL INSTITUTE OF TECHNOLOGY (POLYTECHNIC),A/P MUDAL TAL. BHUDARGAD DIST. KOLHAPUR,KOLHAPUR,Unaided - Private,N,N,1-1538431511,fetchdata,2016-2017,Engineering and Technology,1,1,1,1,Maharashtra,1
1-2809425000,PULGAON POLYTECHNIC,"JAWAHAR COLONY , NACHANGAON ROAD EXPRESS HIGHWAY PULGAON TAH DEOLI DIST WARDHA",WARDHA,Unaided - Private,N,N,1-474065881,fetchdata,2016-2017,Engineering and Technology,1,1,1,1,Maharashtra,1
1-2809486914,PANKAJ LADDHAD INSTITUTE OF TECHNOLOGY AND MANAGEMENT STUDIES,"CHIKHLI ROAD, YELGAON, BULDANA",BULDHANA,Unaided - Private,N,N,1-5372125,fetchdata,2016-2017,Engineering and Technology,1,1,1,1,Maharashtra,1
1-2809522520,GOVERNMENT POLYTECHNIC JALNA,"GOVERNMENT POLYTECHNIC JALNA,NAGEWADI AURANGABAD ROAD JALNA.431203(M.S.)",JALNA,Government,N,N,1-804497011,fetchdata,2016-2017,Engineering and Technology,1,1,1,1,Maharashtra,1
1-2809572686,AKOLE TALUKA EDUCATION SOCIETY'S FACULTY OF POLYTECHNIC,"K G ROAD, AKOLE",AHMEDNAGAR,Unaided - Private,N,N,1-2105105891,fetchdata,2016-2017,Engineering and Technology,1,1,1,1,Maharashtra,1
1-2809629022,PADMASHREE DR.D.Y.PATIL POLYTECHNIC,"SECTOR 29,NIGDI PRADHIKARAN, AKURDI,PUNE",PUNE,Unaided - Private,N,N,1-433875501,fetchdata,2016-2017,Engineering and Technology,1,1,1,1,Maharashtra,1
1-2809629350,KINKAR INSTITUTE OF TECHNOLOGY,"REHAKI ROAD, SELOO",WARDHA,Unaided - Private,N,N,1-441658691,fetchdata,2016-2017,Engineering and Technology,1,1,1,1,Maharashtra,1
1-2809307215,SHRI SAI INSTITUTE OF TECHNOLOGY,"PLOT NO. P-75, BEHIND GARWARE POLYESTER LTD., MIDC, CHIKALTHANA, AURANGABAD",AURANGABAD,Unaided - Private,N,N,1-483703601,fetchdata,2016-2017,Engineering and Technology,1,1,1,1,Maharashtra,1
1-2809329023,JAYAWANT SHIKSHAN PRASARAK MANDAL'S IMPERIAL COLLEGE OF ENGINEERING AND RESEARCH,"GAT NO- 720 (1 AND 2) PUNE-NAGAR ROAD,
AT POST-WAGHOLI,TALUKA-HAVELI ,DISTRICT-PUNE,   PIN-412207",PUNE,Unaided - Private,N,N,1-5979543,fetchdata,2016-2017,Engineering and Technology,1,1,1,1,Maharashtra,1
1-2809330135,SANJEEVAN ENGINEERING & TECHNOLOGY INSTITUTE,"SANJEEVAN KNOWLEDGE CITY, SOMWAR PETH, TAL. PANHALA, DIST. KOLHAPUR. PIN 416201",KOLHAPUR,Unaided - Private,N,N,1-8019451,fetchdata,2016-2017,Engineering and Technology,1,1,1,1,Maharashtra,1
1-2809352899,ADITYA ENGINEERING COLLEGE,TELGAON ROAD BEED,BEED,Unaided - Private,N,N,1-40425501,fetchdata,2016-2017,Engineering and Technology,1,1,1,1,Maharashtra,1
1-2809425534,AURANGABAD COLLEGE OF ENGINEERING,"GAT NO 52, TULJAPUR SHIVAR,",AURANGABAD,Unaided - Private,N,N,1-6223991,fetchdata,2016-2017,Engineering and Technology,1,1,1,1,Maharashtra,1
1-2809426864,SHRI CHHATRAPATI SHIVAJI MAHARAJ COLLEGE OF ENGINEERING,"SURVEY NO. 162 & 163, NAGAR KALYAN ROAD,",AHMEDNAGAR,Unaided - Private,N,N,1-451404281,fetchdata,2016-2017,Engineering and Technology,1,1,1,1,Maharashtra,1
1-2809427223,"MATSYODARI SHIKSHAN SANSTHA'S COLLEGE OF ENGINEERING AND TECHNOLOGY, JALNA","AURANGABAD ROAD,
NAGEWADI",JALNA,Unaided - Private,N,N,1-18902034,fetchdata,2016-2017,Engineering and Technology,1,1,1,1,Maharashtra,1
1-2809428982,"GOVERNMENT POLYTECHNIC, MALVAN","A/P: KUMBHARMATH, 
TAL: MALVAN
DIST: SINDHUDURG",SINDHUDURG,Government,N,N,1-462877831,fetchdata,2016-2017,Engineering and Technology,1,1,1,1,Maharashtra,1
1-2809489474,GOVINDRAO WANJARI COLLEGE OF ENGINEERING & TECHNOLOGY,"148-149, SALAI GODHANI, NEAR CHIKNA VILLAGE, HUDKESHWAR ROAD, NAGPUR",NAGPUR,Unaided - Private,N,N,1-4776561,fetchdata,2016-2017,Engineering and Technology,1,1,1,1,Maharashtra,1
1-2809573589,OM POLYTECHNIC WARDHA,"SAMATA NAGAR, MASTER COLONY SAWANGI (MEGHE), WARDHA",WARDHA,Unaided - Private,N,N,1-413158501,fetchdata,2016-2017,Engineering and Technology,1,1,1,1,Maharashtra,1
1-2809631671,SANDIP INSTITUE OF ENGINEERING & MANAGEMENT,"TRIMBAK ROAD, MAHIRAVANI",NASHIK,Unaided - Private,N,N,1-1545691,fetchdata,2016-2017,Engineering and Technology,1,1,1,1,Maharashtra,1
1-2809632314,K.B.S.S'S.VAIRAG.R.R.POLYTECHNIC HASEGAON(K) TQ-KALLAM DIST-OSMANABAD.,A/P-HASEGAON(K).TQ-KALLAM. DIST-OSMANABAD.STATE-MAHARASHTRA.,OSMANABAD,Unaided - Private,N,N,1-494480521,fetchdata,2016-2017,Engineering and Technology,1,1,1,1,Maharashtra,1
1-2809632446,DR.D.Y.PATIL SCHOOL OF ENGINEERING AND TECHNOLOGY,"DR.D.Y.PATIL KNOWLEDGE CITY,S.NO-136,CHARHOLI(BK),VIA LOHEGAON,TAL-HAVELI,",PUNE,Unaided - Private,N,N,1-747612601,fetchdata,2016-2017,Engineering and Technology,1,1,1,1,Maharashtra,1
1-2809635081,WALCHAND INSTITUTE OF TECHNOLOGY,"SETH WALCHANAND HIRACHAND MARG
POST BOX NO. 634
ASHOK CHOWK",SOLAPUR,Unaided - Private,N,Y,1-3869061,fetchdata,2016-2017,Engineering and Technology,1,1,1,1,Maharashtra,1
1-2809315971,MANOHARBHAI PATEL INSTITUTE OF ENGINEERING & TECHNOLOGY,"KUDWA,
GONDIA 441614 (M.S.)",GONDIA,Unaided - Private,N,N,1-5372991,fetchdata,2016-2017,Engineering and Technology,1,1,1,1,Maharashtra,1
1-2809316625,USHA MITTAL INSTITUTE OF TECHNOLOGY,"S.N.D.T WOMEN'S UNIVERSITY, 
SIR VITHAL DAS VIHAR, SANTACRUZ(W),
MUMBAI",MUMBAI CITY,University Managed-Govt,Y,N,1-41838661,fetchdata,2016-2017,Engineering and Technology,1,1,1,1,Maharashtra,1
1-2809353344,GANGAI CHARITABLE TRUST ADARSH POLYTECHNIC,"SHERI (BK), ( KADA) TAL. ASHTI,
DIST. BEED",BEED,Unaided - Private,N,N,1-505907631,fetchdata,2016-2017,Engineering and Technology,1,1,1,1,Maharashtra,1
1-2809429597,BHONSLA COLLEGE OF ENGINEERING & REASEARCH,"SURVEY NO. 65, MOUZA - HINGNA BARLINGNA, AKOLA-WASHIM HIGHWAY, TAH. & DIST. AKOLA. (M.S)",AKOLA,Unaided - Private,N,N,1-7073511,fetchdata,2016-2017,Engineering and Technology,1,1,1,1,Maharashtra,1
1-2809456814,MAULI INSTITUTE OF TECHNOLOGY (POLYTECHNIC) AMALNER,"GUT NO 25/1/A, DHEKU ROAD, AMBASAN DHEKU,",JALGAON,Unaided - Private,N,N,1-1500823201,fetchdata,2016-2017,Engineering and Technology,1,1,1,1,Maharashtra,1
1-2809492348,NAGAR PARISHAD POLYTECHNIC ACHALPUR,AT: ACHALPUR,AMRAVATI,Unaided - Private,N,N,1-398340581,fetchdata,2016-2017,Engineering and Technology,1,1,1,1,Maharashtra,1
1-2809525080,METROPOLITAN INSTITUTE OF TECHNOLOGY AND MANAGEMENT,AT VILLAGE SUKHALWAD NEAR SINDHUDURG RLY. STATION POST ORAS TAL. MALVAN DIST. SINDHDURG,SINDHUDURG,Unaided - Private,N,N,1-461064671,fetchdata,2016-2017,Engineering and Technology,1,1,1,1,Maharashtra,1
1-2809576396,"Y.D.MANE INSTITUTE OF TECHNOLOGY,KAGAL","426/5, NEAR ALKA SHETI FARM,SANGOAN  ROAD, KAGAL,TAL.KAGAL,DIST.KOLHAPUR,STATE-MAHARASHTRA,INDIA",KOLHAPUR,Unaided - Private,N,N,1-456704601,fetchdata,2016-2017,Engineering and Technology,1,1,1,1,Maharashtra,1
1-2809579864,YADAVRAO TASGAONKAR COLLEGE OF ENGINEERING & MANAGEMENT,"DR. N. Y. TASGAONKAR TECHNICAL EDUCATION COMPLEX,
CHANDHAI, NERAL-KADAV ROAD, POST-NASRAPUR,
TAL-KARJAT, DIST-RAIGAD,
PIN-410201.",RAIGAD,Unaided - Private,N,N,1-4224475,fetchdata,2016-2017,Engineering and Technology,1,1,1,1,Maharashtra,1
1-2809580483,SHRI SAI POLYTECHNIC,"NEAR KUNDAN PLAZA HOTEL, NAGPUR ROAD, CHANDRAPUR",CHANDRAPUR,Unaided - Private,N,N,1-413854521,fetchdata,2016-2017,Engineering and Technology,1,1,1,1,Maharashtra,1
1-2809637277,SCTR'S PUNE INSTITUTE OF COMPUTER TECHNOLOGY,"S.NO.27, PUNE SATARA ROAD, DHANKAWADI",PUNE,Unaided - Private,N,N,1-5592509,fetchdata,2016-2017,Engineering and Technology,1,1,1,1,Maharashtra,1
1-2809331177,SHARADCHANDRAJI PAWAR POLYTECHNIC COLLEGE,"NEAR VIDEOCON COMMUNICATION LTD, BEED HIGHWAY ROAD,BHALGAON,DIST: AURANGABAD,431005",AURANGABAD,Unaided - Private,N,N,1-475136291,fetchdata,2016-2017,Engineering and Technology,1,1,1,1,Maharashtra,1
1-2809333608,"BALAJI POLYTECHNIC,SAWARLA","WANI WARORA ROAD,SAWARLA,TAI-WANI,DIST-YAVATMAL",YAVATMAL,Unaided - Private,N,N,1-435419521,fetchdata,2016-2017,Engineering and Technology,1,1,1,1,Maharashtra,1
1-2809339775,"JAWAHAR EDUCATION SOCIETY'S INSTITUTE OF TECHNOLOGY, MANAGEMENT AND RESEARCH NASHIK","SURVE NO. 48, GOWARDHAN, GANAGPUR ROAD NASHIK.",NASHIK,Unaided - Private,N,N,1-455790931,fetchdata,2016-2017,Engineering and Technology,1,1,1,1,Maharashtra,1
1-2809340251,MAHADEVRAO WANDRE POLYTECHNIC,"SURVEY NO-80 & 77, MOUJE- WAITAKWADI TAL-CHANDGAD",KOLHAPUR,Unaided - Private,N,N,1-2067945951,fetchdata,2016-2017,Engineering and Technology,1,1,1,1,Maharashtra,1
1-2809355735,WOMENS TECHNICAL EDUCATION & RESEARCH INSTITUTE,"LAD COLLEGE CAMPUS , SEMINARY HILLS , NAGPUR 440006",NAGPUR,Govt aided,Y,N,1-482159671,fetchdata,2016-2017,Engineering and Technology,1,1,1,1,Maharashtra,1
1-2809355914,MARATHWADA INSTITUTE OF TECHNOLOGY,"BEED BYPASS,
AURANGABAD",AURANGABAD,Unaided - Private,N,N,1-7162801,fetchdata,2016-2017,Engineering and Technology,1,1,1,1,Maharashtra,1
1-2809358919,ASHOKRAO MANE POLYTECHNIC,"GAT NO.113 A, NH4, PUNE-BENGALURU HIGHWAY",KOLHAPUR,Unaided - Private,N,N,1-454734055,fetchdata,2016-2017,Engineering and Technology,1,1,1,1,Maharashtra,1
1-2809431159,"AVDOOT DIPLOMA COLLEGE  OF ENGINEERING,KUHI","AT-AKOLI ROAD,MOUZA BHOJAPUR,KUHI,
TAH-KUHI,
DIST-NAGPUR",NAGPUR,Unaided - Private,N,N,1-475529453,fetchdata,2016-2017,Engineering and Technology,1,1,1,1,Maharashtra,1
1-2809431378,SHRI.SURESHCHANDRA DHARIWAL POLYTECHNIC,"GUT NO 86/1/2 & 86/2/1 
AT VILAGE PALASKHEDE (BK) TAL JAMNER 
DIST JALGAON 
PIN CODE 424206",JALGAON,Unaided - Private,N,Y,1-464922281,fetchdata,2016-2017,Engineering and Technology,1,1,1,1,Maharashtra,1
1-2809495871,CENTRAL INSTITUTE OF PLASTICS ENGINEERING & TECHNOLOGY,J-3/2 MIDC INDUSTRIAL AREA,AURANGABAD,Government,N,N,1-481299411,fetchdata,2016-2017,Engineering and Technology,1,1,1,1,Maharashtra,1
1-2809496097,"DEPARTMENT OF COMPUTER SCIENCE AND IT, DR. BABASAHEB AMBEDKAR MARATHWADA UNIVERSITY, AURANGABAD.","DEPARTMENT OF COMPUTER SCIENCE AND IT, DR. BABASAHEB AMBEDKAR MARATHWADA UNIVERSITY, AURANGABAD.
(MS) - INDIA",AURANGABAD,University Managed-Govt,N,N,1-785757044,fetchdata,2016-2017,Engineering and Technology,1,1,1,1,Maharashtra,1
1-2809496178,MAHARASHTRA EDUCATION SOCIETY'S MAHARASHTRA UDAYAGIRI ENGINEERING COLLEGE,"NANDED ROAD, SOMNATHPUR
UDGIR-413517
DIST -LATUR
MAHARASHTRA
INDIA",LATUR,Unaided - Private,N,N,1-10446591,fetchdata,2016-2017,Engineering and Technology,1,1,1,1,Maharashtra,1
1-2809527741,SHRI CHIMASAHEB JAGDALE INSTITUTE OF TECHNOLOGY,"ATPOST NARSOBAWADI
TAL. SHIROL",KOLHAPUR,Unaided - Private,N,N,1-1500593491,fetchdata,2016-2017,Engineering and Technology,1,1,1,1,Maharashtra,1
1-2809528029,DR. MANOJ  A. SHETE COLLEGE OF ENGINEERING AND TCHNOLOGY,AT POST KASARA S. NO. 11(OLD 88) TAL. SHAHAPUR DIST. THANE,THANE,Unaided - Private,N,N,1-456075541,fetchdata,2016-2017,Engineering and Technology,1,1,1,1,Maharashtra,1
1-2809528318,SHRIRAM INSTITUTE OF ENGINEERING AND TECHNOLOGY CENTRE,"AT/P-PANIV, TAL-MALSHIRAS, DIST-SOLAPUR, STATE- MAHARASHTRA",SOLAPUR,Unaided - Private,N,N,1-7029521,fetchdata,2016-2017,Engineering and Technology,1,1,1,1,Maharashtra,1
1-2809531646,"GOVERNMENT POLYTECHNIC, NANDED","VEER SAWARKAR MARG, BABA NAGAR,",NANDED,Government,N,N,1-503069261,fetchdata,2016-2017,Engineering and Technology,1,1,1,1,Maharashtra,1
1-2809582130,DR.D.Y.PATIL COLLEGE OF ENGINEERING & INNOVATION,"SR.NO.27/A/1/2K, NEAR TALEGAON RAILWAY STATION, A/P VARALE, TALEGAON, TAL-MAVAL,DIST PUNE 410507",PUNE,Unaided - Private,N,N,1-2181324871,fetchdata,2016-2017,Engineering and Technology,1,1,1,1,Maharashtra,1
1-2809582317,CSMSS CHH. SHAHU COLLEGE OF ENGINEERING,"KANCHANWADI, PAITHAN ROAD,
AURANGABAD",AURANGABAD,Unaided - Private,N,N,1-1450081741,fetchdata,2016-2017,Engineering and Technology,1,1,1,1,Maharashtra,1
1-2809584727,"MANDAR EDUCATION SOCIETY'S, RAJARAM SHINDE COLLEGE OF ENGINEERING,PEDHAMBE","AT PEDHAMBE, POST ALLORE,
TALLUKA:CHIPLUN,
DISTRICT:
RATNAGIRI,
STATE:CHIPLUN
PIN:415603",RATNAGIRI,Unaided - Private,N,N,1-4703945,fetchdata,2016-2017,Engineering and Technology,1,1,1,1,Maharashtra,1
1-2809308996,LAXMINARAYAN INSTITUTE OF TECHNOLOGY,"OPP. BHARAT NAGAR, AMRAVATI ROAD",NAGPUR,University Managed-Govt,N,N,1-536924901,fetchdata,2016-2017,Engineering and Technology,1,1,1,1,Maharashtra,1
1-2809309297,INTERNATIONAL CENTRE OF EXCELLENCE IN ENGINEERING & MANAGEMENT,"GUT NO- 4, OPPOSIT BAJAJ AUTO LTD. ,IN FRONT OF  MIDC FILTERATION  PLANT AURANGABAD - PUNE HIGHWAY,",AURANGABAD,Unaided - Private,N,N,1-455939013,fetchdata,2016-2017,Engineering and Technology,1,1,1,1,Maharashtra,1
1-2809340474,"SATARA POLYTECHNIC,SATARA","152,155 SONGAON TURF, 
NEAR NH-4,
SATARA.",SATARA,Unaided - Private,N,N,1-423150903,fetchdata,2016-2017,Engineering and Technology,1,1,1,1,Maharashtra,1
1-2809360606,SHRI BALASAHEB MANE SHIKSHAN PRASARAK MANDAL'S ASHOKRAO MANE GROUP OF INSTITUTIONS,"NH4, PUNE-BENGALURU HIGHWAY, VATHAR TARF VADGAON",KOLHAPUR,Unaided - Private,N,N,1-5828281,fetchdata,2016-2017,Engineering and Technology,1,1,1,1,Maharashtra,1
1-2809361594,"VAMANRAO ITAHPE POLYTECHNIC VELHALE, SANGAMNER","AP-VELHALE 
TAL-SANGAMNER
DIST-AHMEDNAGAR",AHMEDNAGAR,Unaided - Private,N,N,1-457063561,fetchdata,2016-2017,Engineering and Technology,1,1,1,1,Maharashtra,1
1-2809363350,"SATARA COLLEGE OF ENGINEERING & MANAGEMENT LIMB,SATARA","SURVEY NO. 989KA1/990, NH4, A/P-LIMB, T/D- SATARA",SATARA,Unaided - Private,N,N,1-6806714,fetchdata,2016-2017,Engineering and Technology,1,1,1,1,Maharashtra,1
1-2809403954,SHRI.JAYWANTRAO BHOSALE POLYTECHNIC,"SURVEY, NO.319/1,320, KILLEMACHINDRAGAD TAL-WALWA DIST- SANGLI",SANGLI,Unaided - Private,N,N,1-509701431,fetchdata,2016-2017,Engineering and Technology,1,1,1,1,Maharashtra,1
1-2809404260,"MATOSHRI COLLEGE OF ENGINEERING & RESEARCH CENTRE, NASHIK","EKLAHARE, NEAR ODHA GAON, AURANGABAD HIGHWAY,",NASHIK,Unaided - Private,N,N,1-2528171,fetchdata,2016-2017,Engineering and Technology,1,1,1,1,Maharashtra,1
1-2809433762,COLLEGE OF MILITARY ENGINEERING,"DAPODI, PUNE, MAHARASHTRA STATE",PUNE,Government,N,N,1-503347763,fetchdata,2016-2017,Engineering and Technology,1,1,1,1,Maharashtra,1
1-2809434119,SF'S SANDIP INSTITUTE OF TECHNOLOGY AND RESEARCH CENTRE,"TRIMBAK ROAD, MAHIRAVANI, NASHIK - 422213, MAHARASHTRA",NASHIK,Unaided - Private,N,N,1-2942871,fetchdata,2016-2017,Engineering and Technology,1,1,1,1,Maharashtra,1
1-2809460923,SANJAY EDUCATION SOCIETY'S COLLEGE OF ENGINEERING,"A/P - NAVALNAGAR,

TAL & DIST - DHULE,

PIN -424318",DHULE,Unaided - Private,N,N,1-4746394,fetchdata,2016-2017,Engineering and Technology,1,1,1,1,Maharashtra,1
1-2809461488,RAJARSHEE SHAHU MAHARAJ POLYTECHNIC KOTHARI (CHI.) TQ.KINWAT DIST.NANDED.,"SURVEY NO. 52, KOTHARI (CHI.)",NANDED,Unaided - Private,N,Y,1-513460971,fetchdata,2016-2017,Engineering and Technology,1,1,1,1,Maharashtra,1
1-2809496467,VIVA COLLEGE OF DIPLOMA ENGINEERING AND TECHNOLOGY,"AT:- BOLINJ, VIRAR(W),
401303",THANE,Unaided - Private,N,N,1-467821741,fetchdata,2016-2017,Engineering and Technology,1,1,1,1,Maharashtra,1
1-2809499795,LATE HON DASHARATHSETH RAOJI KAKADE RURAL INSTITUTE OF ENGINEERING & TECHNOLOGY,A/P: PIMPALWANDI,PUNE,Unaided - Private,N,N,1-459066431,fetchdata,2016-2017,Engineering and Technology,1,1,1,1,Maharashtra,1
1-2809531911,"RMP'S BHALCHANDRA POLYTECHNIC,PUNE","SR.NO.437,SHIKHAGO HILL'S,PANSHET ROAD,GORHE (KD),PUNE-42",PUNE,Unaided - Private,N,N,1-434161951,fetchdata,2016-2017,Engineering and Technology,1,1,1,1,Maharashtra,1
1-2809532173,MES'S RAJARAM SHINDE INSTITUTE OF ENGGINEERING AND TECHNOLOGY,"MANDAR EDUCATION SOCIETY, AT - PEDHAMBE, POST - ALORE, TAL- CHIPLUN, DIST - RATNAGIRI.",RATNAGIRI,Unaided - Private,N,N,1-427016251,fetchdata,2016-2017,Engineering and Technology,1,1,1,1,Maharashtra,1
1-2809585090,"ST. VINCENT PALLOTTI COLLEGE OF ENGG. & TECHNOLOGY, NAGPUR","GAVSI MANAPUR, WARDHA ROAD, NAGPUR 441108",NAGPUR,Unaided - Private,N,Y,1-8718443,fetchdata,2016-2017,Engineering and Technology,1,1,1,1,Maharashtra,1
1-2809587944,"MAHARASHTRA COLLEGE OF ENGINEERING, NILANGA","MAHARASHTRA COLLEGE OF ENGINEERING, 
MAIN ROAD, NILANGA DIST. LATUR 413521",LATUR,Unaided - Private,N,N,1-8033533,fetchdata,2016-2017,Engineering and Technology,1,1,1,1,Maharashtra,1
1-2809310614,PHOENIX INSTITUTE OF TECHNOLOGY,LODGA,LATUR,Unaided - Private,N,Y,1-474069551,fetchdata,2016-2017,Engineering and Technology,1,1,1,1,Maharashtra,1
1-2809310921,BHAGWANT INSTITUTE OF TECHNOLOGY,"GAT NUMBER â 1239/4/2,1240/4/2,1242/2, BARSHI,",SOLAPUR,Unaided - Private,N,N,1-475800583,fetchdata,2016-2017,Engineering and Technology,1,1,1,1,Maharashtra,1
1-2809304275,GRAMIN POLYTECHNIC,GRAMIN POLYTECHNIC VISHNUPURI NANDED,NANDED,Unaided - Private,N,N,1-428117711,fetchdata,2016-2017,Engineering and Technology,1,1,1,1,Maharashtra,1
1-2809332265,B.R. HARNE COLLEGE OF ENGINEERING & TECHNOLOGY,"SURVEY NO. 110/1A, 111/1,, 111/2B, 126/2,  VILLAGE - KARAV, NEAR VANGANI STATION, TAH. AMBARNATH, DIST. THANE.",THANE,Unaided - Private,N,N,1-473869761,fetchdata,2016-2017,Engineering and Technology,1,1,1,1,Maharashtra,1
1-2809424040,"SANDIP FOUNDATION'S, SANDIP POLYTECHNIC","AT. POST MAHIRAVANI,
TRIMBAK ROAD",NASHIK,Unaided - Private,N,N,1-450955961,fetchdata,2016-2017,Engineering and Technology,1,1,1,1,Maharashtra,1
1-2809425650,GURU NANAK INSTITUTE OF ENGNEERING & TECHNOLOGY,"KHASARA NO 95, MOUZA DAHEGAON, NAGPUR",NAGPUR,Unaided - Private,N,Y,1-3882211,fetchdata,2016-2017,Engineering and Technology,1,1,1,1,Maharashtra,1
1-2809445803,SHRI VYANKATESH POLYTECHNIC,YELAKELI  TH-SELOO DIST- WARDHA,WARDHA,Unaided - Private,N,N,1-492453991,fetchdata,2016-2017,Engineering and Technology,1,1,1,1,Maharashtra,1
1-2809446327,"S B JAIN INSTITUTE OF TECHNOLOGY, MANAGEMENT AND RESEARCH"," BEHIND ASARAM BAPU ASHRAM,
GRAM -YERALA, KATOL ROAD, NAGPUR",NAGPUR,Unaided - Private,N,Y,1-6383362,fetchdata,2016-2017,Engineering and Technology,1,1,1,1,Maharashtra,1
1-2809489850,GOURISHIV POLYTECHNIC KHATAV,"GAT NO. 1230 
A/P-KHATAV
TAL-KHATAV
DIST-SATARA",SATARA,Unaided - Private,N,N,1-449881911,fetchdata,2016-2017,Engineering and Technology,1,1,1,1,Maharashtra,1
1-2809554486,N. B. NAVALE SINHGAD COLLEGE OF ENGINEERING,"AT POST KEGAON, SOLAPUR - PUNE NATIONAL HIGHWAY, DIST SOLAPUR, MAHARASHTRA,  PIN- 413256",SOLAPUR,Unaided - Private,N,N,1-2945211,fetchdata,2016-2017,Engineering and Technology,1,1,1,1,Maharashtra,1
1-2809616349,HON SHRI BABANRAO PACHPUTE VICHARDHRA TRUST'S PARIKRAMA POLYTECHNIC,"A/P KASHTI,
TAL: SHRIGONDA,
DIST: AHMEDNAGAR
MAHARASHTRA 414701",AHMEDNAGAR,Unaided - Private,N,N,1-456333111,fetchdata,2016-2017,Engineering and Technology,1,1,1,1,Maharashtra,1
1-2809618826,"D.K.T.E.SOCIETY'S TEXTILE & ENGINEERING INSTITUTE, ICHALKARANJI","""RAJWADA"" POST BOX NO. 130",KOLHAPUR,Unaided - Private,N,N,1-451550371,fetchdata,2016-2017,Engineering and Technology,1,1,1,1,Maharashtra,1
1-2809619010,SANDIPANI TECHNICAL AND MEDICAL EDUCATION INSTITUTE'S SANDIPANI TECHNICAL CAMPUS - FACULTY OF ENGINEERING,"GAT NO.23, MAUJE - KOLPA, TAL. & DIST. LATUR",LATUR,Unaided - Private,N,N,1-449991893,fetchdata,2016-2017,Engineering and Technology,1,1,1,1,Maharashtra,1
1-2809671310,"BHARATI VIDYAPEETH COLLEGE OF ENGINEERING, NAVI MUMBAI","SECTOR-7, C.B.D., BELAPUR, NAVI MUMBAI-400614",THANE,Unaided - Private,N,N,1-4691071,fetchdata,2016-2017,Engineering and Technology,1,1,1,1,Maharashtra,1
1-2809673099,ALL INDIA SHRI SHIVAJI MEMORIAL SOCIETY'S INSTITUTE OF INFORMATION TECHNOLOGY,"KENNEDY ROAD, NEAR R.T.O, PUNE- 411 001",PUNE,Unaided - Private,N,N,1-5165001,fetchdata,2016-2017,Engineering and Technology,1,1,1,1,Maharashtra,1
1-2809277988,"ASHOKRAO MANE POLYTECHNIC, SAVE","GAT NO. 878, AT POST - SAVE, TALUKA - SHAHUWADI, DISTRICT - KOLHAPUR",KOLHAPUR,Unaided - Private,N,N,1-1449696124,fetchdata,2016-2017,Engineering and Technology,1,1,1,1,Maharashtra,1
1-2809278211,ANJUMAN POLYTECHNIC,"MANGALWARI BAZAR ROAD, SADAR, NAGPUR.",NAGPUR,Unaided - Private,N,Y,1-414227051,fetchdata,2016-2017,Engineering and Technology,1,1,1,1,Maharashtra,1
1-2809278642,SINHGAD INSTITUTE OF TECHNOLOGY,"GAT NO.309/310, OFF MUMBAI-PUNE EXPRESSWAY, KUSGAON (BK), LONAVALA, TAL - MAVAL, DIST - PUNE",PUNE,Unaided - Private,N,N,1-5285631,fetchdata,2016-2017,Engineering and Technology,1,1,1,1,Maharashtra,1
1-2809296621,"ANNASAHEB DANGE COLLEGE OF ENGINEERING AND TECHNOLOGY, ASHTA","NEAR OLD AIRPORT, A/P - ASHTA, TAL - WALWA, DIST - SANGLI",SANGLI,Unaided - Private,N,N,1-4318091,fetchdata,2016-2017,Engineering and Technology,1,1,1,1,Maharashtra,1
1-2809333282,DEPARTMENT OF CHEMICAL TECHNOLOGY,DR. BABASAHEB AMBEDKAR MARATHWADA UNIVERSITY,AURANGABAD,University Managed-Govt,N,N,1-479589481,fetchdata,2016-2017,Engineering and Technology,1,1,1,1,Maharashtra,1
1-2809378913,"G. H. RAISONI COLLEGE OF ENGINEERING, NAGPUR.","CRPF GATE NO.3, DIGDOH HILLS, MIDC AREA, HINGNA ROAD, NAGPUR",NAGPUR,Unaided - Private,N,Y,1-3285267,fetchdata,2016-2017,Engineering and Technology,1,1,1,1,Maharashtra,1
1-2809388675,LATE NARAYANDAS BHAWANDAS CHHABADA INSTITUTE OF TECHNOLOGY (POLYTECHNIC),"SURVEY NO. 259, AT/POST - RAIGAON TAL - JAOLI",SATARA,Unaided - Private,N,N,1-401777433,fetchdata,2016-2017,Engineering and Technology,1,1,1,1,Maharashtra,1
1-2809448252,"INS SHIVAJI, CENTRE OF MARINE ENGINEERING TECHNOLOGY",I.N.S. SHIVAJI,PUNE,Government,N,N,1-455915773,fetchdata,2016-2017,Engineering and Technology,1,1,1,1,Maharashtra,1
1-2809448349,"SWAMI VIVEKANAD INSTITUTE OF POLYTECHNIC,LATUR","BARSHI ROAD,NEAR PVR TAKIES,MIDC,LATUR",LATUR,Unaided - Private,N,N,1-1455267131,fetchdata,2016-2017,Engineering and Technology,1,1,1,1,Maharashtra,1
1-2809490201,RAJARSHI SHAHU COLLEGE OF ENGINEERING,"NEAR PALNA GHAR, SHAHU NAGAR, SAGWAN, BULDANA",BULDHANA,Unaided - Private,N,N,1-5942801,fetchdata,2016-2017,Engineering and Technology,1,1,1,1,Maharashtra,1
1-2809492908,RAJIV GANDHI INSTITUTE OF POLYTECHNIC,"EDUCATIONAL AREA. GURUNATHAPPA BAVAGE KNOWLEDGE CITY, HASEGAON",LATUR,Unaided - Private,N,N,1-452140361,fetchdata,2016-2017,Engineering and Technology,1,1,1,1,Maharashtra,1
1-2809493217,J D COLLEGE OF ENGINEERING AND MANAGEMENT,"AT:KHANDALA , POST: VALNI,KATOL ROAD, NAGPUR 441 501",NAGPUR,Unaided - Private,N,Y,1-8019991,fetchdata,2016-2017,Engineering and Technology,1,1,1,1,Maharashtra,1
1-2809557371,"NAGAON EDUCATION SOCIETY,S GANGAMAI POLYTECHNIC, NAGAON, DHULE",AT & POST NAGAON TAL & DIST DHULE,DHULE,Unaided - Private,N,N,1-462905091,fetchdata,2016-2017,Engineering and Technology,1,1,1,1,Maharashtra,1
1-2809619506,MAEER'S MIT POLYTECHNIC,"S/NO:124, EX-SERVICEMAN COLONY, MIT CAMPUS, PAUD ROAD KOTHRUD PUNE.",PUNE,Unaided - Private,N,N,1-419545563,fetchdata,2016-2017,Engineering and Technology,1,1,1,1,Maharashtra,1
1-2809675077,"DR.R.S.GUNJAL POLYTECHNIC,","AT.GUNJALWADI,
PO.WARUDIPATHAR,TAL.SANGAMNER,DIST. AHMEDNAGAR.
PIN 422605",AHMEDNAGAR,Unaided - Private,N,N,1-439862831,fetchdata,2016-2017,Engineering and Technology,1,1,1,1,Maharashtra,1
1-2809675391,ABHINAV EDUCATION SOCIETYS COLLEGE OF ENGINEERING AND TECHNOLOGY (POLYTECHNIC),"SR. NO.-209,
AT-WADWADI
POST- WING
TAL-KHANDALA
DIST-SATARA
PIN-412801",SATARA,Unaided - Private,N,N,1-426985841,fetchdata,2016-2017,Engineering and Technology,1,1,1,1,Maharashtra,1
1-2809677086,RAJARSHI SHAHU POLYTECHNIC,"NEAR PALNA GHAR, SAGWAN ROAD",BULDHANA,Unaided - Private,N,N,1-451678845,fetchdata,2016-2017,Engineering and Technology,1,1,1,1,Maharashtra,1
1-2809279684,G. H. RAISONI POLYTECHNIC,"GAT NO. 269, NEAR SHANBAG VIDYALAY, SAVKHEDA (BK)",JALGAON,Unaided - Private,N,Y,1-415281253,fetchdata,2016-2017,Engineering and Technology,1,1,1,1,Maharashtra,1
1-2809335723,BHARATI VIDYAPEETH'S JAWAHARLAL NEHRU INSTITUTE OF TECHNOLOGY,"PUNE SATARA ROAD, DHANKAWADI",PUNE,Unaided - Private,N,N,1-414751622,fetchdata,2016-2017,Engineering and Technology,1,1,1,1,Maharashtra,1
1-2809336381,RAJHIV GANDHI POLYTECHNIC COLLEGE MARKHEL,"AT,MARKHEL TQ.DEGLOOR",NANDED,Unaided - Private,N,N,1-812225461,fetchdata,2016-2017,Engineering and Technology,1,1,1,1,Maharashtra,1
1-2809336533,SHRI TULJABHAVANI COLLEGE OF ENGINEERING,"NALDURG ROAD
TULJAPUR - 413 601
DIST- OSMANABAD
[MAHARASHTRA STATE]",OSMANABAD,Unaided - Private,N,N,1-6075381,fetchdata,2016-2017,Engineering and Technology,1,1,1,1,Maharashtra,1
1-2809390765,DR. BHAUSAHEB NANDURKAR COLLEGE OF ENGG.,SHRI SATYA SAI KRIDA NAGARI WAGHAPUR ROAD YAVATMAL-445001.,YAVATMAL,Unaided - Private,N,N,1-19617351,fetchdata,2016-2017,Engineering and Technology,1,1,1,1,Maharashtra,1
1-2809449791,"SANDIP FOUNDATION,SANDIP INSTITUTE OF POLYTECHNIC","AT. POST MAHIRAVANI, TRIMBAK ROAD,",NASHIK,Unaided - Private,N,N,1-451824831,fetchdata,2016-2017,Engineering and Technology,1,1,1,1,Maharashtra,1
1-2809450228,SANTOSH N. DARADE POLYTECHNIC,"AT POST BABHULGAON, TAL.YEOLA, DIST.NASIK",NASHIK,Unaided - Private,N,N,1-425567771,fetchdata,2016-2017,Engineering and Technology,1,1,1,1,Maharashtra,1
1-2809499014,GURU NANAK INSTITUTE OF TECHNOLOGY,"KHASARA NO. 94, MOUZA DAHEGAON, KALMESHWAR ROAD, NAGPUR",NAGPUR,Unaided - Private,N,Y,1-7810573,fetchdata,2016-2017,Engineering and Technology,1,1,1,1,Maharashtra,1
1-2809560775,INDIRA INSTITUTE OF TECHNOLOGY (POLYTECHNIC),"GAT NO. 18 & 22
AT POST VISHNUPURI
TQ. & DIST. NANDED",NANDED,Unaided - Private,N,N,1-462119051,fetchdata,2016-2017,Engineering and Technology,1,1,1,1,Maharashtra,1
1-2809561456,SANT GAJANAN MAHARAJ RURAL POLYTECHNIC,"SITE - CHINCHEWADI, TAL - GADHINGLAJ, DIST. KOLHAPUR",KOLHAPUR,Unaided - Private,N,N,1-457154483,fetchdata,2016-2017,Engineering and Technology,1,1,1,1,Maharashtra,1
1-2809622508,"GOVERNMENT RESIDENCE WOMEN POLYTECHNIC, TASGAON","MANE RAJURI ROAD, TASGAON",SANGLI,Government,Y,N,1-444179601,fetchdata,2016-2017,Engineering and Technology,1,1,1,1,Maharashtra,1
1-2809677370,JHULELAL INSTITUTE OF TECHNOLOGY,"OFF KORADI ROAD, LONARA, NAGPUR",NAGPUR,Unaided - Private,N,Y,1-2757921,fetchdata,2016-2017,Engineering and Technology,1,1,1,1,Maharashtra,1
1-2809679220,GENBA SOPANRAO MOZE COLLEGE OF ENGINEERING,"S. NO. 25/1/3, BALEWADI,PUNE",PUNE,Unaided - Private,N,N,1-2055561,fetchdata,2016-2017,Engineering and Technology,1,1,1,1,Maharashtra,1
1-2809266893,H.V.P.MANDAL'S COLLEGE OF ENGINEERING & TECHNOLOGY," HANUMAN VYAYAM NAGAR,
HVPM CAMPUS  AMRAVATI-444605",AMRAVATI,Unaided - Private,N,N,1-7590971,fetchdata,2016-2017,Engineering and Technology,1,1,1,1,Maharashtra,1
1-2809267616,K. K. WAGH INSTITUTE OF ENGINEERING EDUCATION & RESEARCH,"HIRABAI HARIDAS VIDYANAGARI, AMRUTDHAM, PANCHAVATI, NASHIK",NASHIK,Unaided - Private,N,N,1-5942025,fetchdata,2016-2017,Engineering and Technology,1,1,1,1,Maharashtra,1
1-2809280249,P K TECHNICAL CAMPUS,"GAT NO. 714 ( OLD 1680)
AT: KADACHIWADI
CHAKAN, TALUKA:KHED
DISTRICT:PUNE-410501",PUNE,Unaided - Private,N,N,1-428206721,fetchdata,2016-2017,Engineering and Technology,1,1,1,1,Maharashtra,1
1-2809280695,SIPNA COLLEGE OF ENGINEERING & TECHNOLOGY,"SIPNA CAMPUS, INFRONT OF NEMANI GODOWN, BADNERA ROAD,
AMRAVATI",AMRAVATI,Unaided - Private,N,N,1-2945121,fetchdata,2016-2017,Engineering and Technology,1,1,1,1,Maharashtra,1
1-2809338543,"KANCHAN SUDHA POLYTECHNIC, DHANORE, YEOLA",AT.POST. DHANORE TAL. YEOLA DIST. NASIK,NASHIK,Unaided - Private,N,N,1-478394691,fetchdata,2016-2017,Engineering and Technology,1,1,1,1,Maharashtra,1
1-2809340824,"Nagesh Karajagi Orchid College of Engineering and Technology, Solapur.","POST BOX NO. 154, GUT NO. 16, SOLAPUR-TULJAPUR ROAD, TALE HIPPARAGA, 
SOLAPUR.  TAHSIL- NORTH SOLAPUR, DIST. SOLAPUR. PIN CODE- 413 002.  MAHARASHTRA.",SOLAPUR,Unaided - Private,N,N,1-2893356,fetchdata,2016-2017,Engineering and Technology,1,1,1,1,Maharashtra,1
1-2809392652,"MAHARASHTRA SHETKARI SEVA MANDAL, TRYAMBAKRAO SHEJAWAL INSTITUTE OF TECHNOLOGY (POLYTECHNIC)","RDC,ANAKWADE, YEOLA-MANMAD ROAD,MANMAD",NASHIK,Unaided - Private,N,N,1-484980531,fetchdata,2016-2017,Engineering and Technology,1,1,1,1,Maharashtra,1
1-2809393014,KHURANA SAWANT INSTITUTE OF ENGINEERING & TECHNOLOGY,"BALSOND, HINGOLI
TQ. & DIST. HINGOLI-431513 (M.S.)",HINGOLI,Unaided - Private,N,N,1-2608151,fetchdata,2016-2017,Engineering and Technology,1,1,1,1,Maharashtra,1
1-2809453798,KITS COLLEGE OF ENGINEERING,"AT POST- GOKUL SHIRGAON, TAL- KARVEER, DIST. KOLHPAUR.",KOLHAPUR,Unaided - Private,N,N,1-4830121,fetchdata,2016-2017,Engineering and Technology,1,1,1,1,Maharashtra,1
1-2809501843,"KARMAVEER KAKASAHEB WAGH POLYTECHNIC, NASHIK","HIRABAI HARIDAS VIDYANAGARI, AMRUTDHAM, PANCHAVATI, NASHIK",NASHIK,Unaided - Private,N,N,1-451476651,fetchdata,2016-2017,Engineering and Technology,1,1,1,1,Maharashtra,1
1-2809504611,ANANTRAO PAWAR COLLEGE OF ENGINEERING & RESEARCH,"S.NO. 103 PARVATI RAMANA, SHAHU COLLEGE ROAD, PUNE 411009",PUNE,Unaided - Private,N,N,1-765361541,fetchdata,2016-2017,Engineering and Technology,1,1,1,1,Maharashtra,1
1-2809504964,JSPM'S DR.N.P.HIRANI INSTITUTE OF POLYTECHNIC,KARLA ROAD,YAVATMAL,Unaided - Private,N,N,1-470930961,fetchdata,2016-2017,Engineering and Technology,1,1,1,1,Maharashtra,1
1-2809565058,PIMPRI CHINCHWAD POLYTECHNIC,"SECTOR 26, PRADHIKARAN, NIGDI, PUNE, 411044",PUNE,Unaided - Private,N,N,1-441996501,fetchdata,2016-2017,Engineering and Technology,1,1,1,1,Maharashtra,1
1-2809568165,VISHWANIKETAN'S INSTITUTE OF MANAGEMENT ENTREPRENEURSHIP AND ENGINEERING TECHNOLOGY (I MEET),"SURVEY NO. 52 KUMBHIVALI, ON MUMBAI-PUNE EXPRESSWAY, NEAR KHALAPUR TOLL NAKA ,TAL-KHALAPUR, DIST- RAIGAD",RAIGAD,Unaided - Private,N,N,1-1455436001,fetchdata,2016-2017,Engineering and Technology,1,1,1,1,Maharashtra,1
1-2809625892,DR BABASAHEB AMBEDKAR TECHNOLOGICAL UNIVERSITY INSTITUTE OF PETROCHEMICAL ENGINEERING,"A/P LONERE,
TAL - MANGAON,
DIST - RAIGAD",RAIGAD,Govt aided,N,N,1-479638061,fetchdata,2016-2017,Engineering and Technology,1,1,1,1,Maharashtra,1
1-2809626408,COLLEGE OF MILITARY ENGINEERING,"COLLEGE OF MILITARY ENGINEERING, PUNE-411 031",PUNE,Government,N,N,1-458581531,fetchdata,2016-2017,Engineering and Technology,1,1,1,1,Maharashtra,1
1-2809682310,"RAJIV GANDHI COLLEGE OF ENGINEERING, RESEARCH AND TECHNOLOGY","BALLARPUR ROAD, BABUPETH",CHANDRAPUR,Unaided - Private,N,N,1-7448591,fetchdata,2016-2017,Engineering and Technology,1,1,1,1,Maharashtra,1
1-2809269083,GHARDA FOUNDATION'S GHARDA INSTITUTE OF TECHNOLOGY,"AT & POST:LAVEL, TALUKA: KHED, DISTRICT. RATNAGIRI, MAHARASHTRA, PIN: 415 708.",RATNAGIRI,Unaided - Private,N,N,1-5277521,fetchdata,2016-2017,Engineering and Technology,1,1,1,1,Maharashtra,1
1-2809269759,ST. JOHN COLLEGE OF ENGINEERING AND MANAGEMENT,"ST. JOHN TECHNICAL EDUCATION COMPLEX, VEVOOR, MANOR ROAD, PALGHAR (E), THANE DISTRICT",THANE,Unaided - Private,N,Y,1-4790201,fetchdata,2016-2017,Engineering and Technology,1,1,1,1,Maharashtra,1
1-2809341530,SITARAMJI MUNDADA MARATHWADA POLYTECHNIC PARBHANI,KHANDOBA BAZAR PARBHANI,PARBHANI,Unaided - Private,N,N,1-480242611,fetchdata,2016-2017,Engineering and Technology,1,1,1,1,Maharashtra,1
1-2809394751,"V.J.SHINDE POLYTENIC COLLEGE, OSMANABAD","VARUDA ROAD, OSMANABAD",OSMANABAD,Unaided - Private,N,N,1-524787191,fetchdata,2016-2017,Engineering and Technology,1,1,1,1,Maharashtra,1
1-2809395031,VISHWATMAK OM GURUDEV COLLEGE OF ENGINEERING,"AATGAON ,TANSA - AGHAI ROAD,",THANE,Unaided - Private,N,N,1-481028141,fetchdata,2016-2017,Engineering and Technology,1,1,1,1,Maharashtra,1
1-2809395476,SHETH SHRI OTARMAL SHESHMAL PARMAR COLLEGE OF DIPLOMA ENGG.,"S.NO.349/350 VILLAGE, NAGOTHANE, TAL. ROHA,DIST. RAIGAD.",RAIGAD,Unaided - Private,N,N,1-445642511,fetchdata,2016-2017,Engineering and Technology,1,1,1,1,Maharashtra,1
1-2809456189,EVEREST EDUCATIONAL SOCIETYS GROUP OF INSTITUTIONS,"GUT NO. 187 & 189
OHAR, JATWADA ROAD
AURANGABAD",AURANGABAD,Unaided - Private,N,Y,1-4302111,fetchdata,2016-2017,Engineering and Technology,1,1,1,1,Maharashtra,1
1-2809505532,DR. UTTAMRAO MAHAJAN INSTITUTE OF ENGINEERING & TECHNOLOGY (DIPLOMA),"BILAKHED SHIVAR, TAL. CHALISGAON DIST. JALGAON-424101",JALGAON,Unaided - Private,N,N,1-496291671,fetchdata,2016-2017,Engineering and Technology,1,1,1,1,Maharashtra,1
1-2809568540,D Y PATIL EDUCATION SOCIETY'S D Y PAIL TECHNICAL CAMPUS FACULTY OF ENGINEERING AND FACULTY OF MANAGEMENT TALSANDE KOLHAPUR,"TALSANDE ,
TQ ""HATKANGALE KOLHAPUR",KOLHAPUR,Unaided - Private,N,N,1-456228303,fetchdata,2016-2017,Engineering and Technology,1,1,1,1,Maharashtra,1
1-2809571953,K. J. SOMAIYA COLLEGE OF ENGINEERING,"VIDYANAGAR , VIDYAVIHAR,
MUMBAI -400077",MUMBAI SUBURBAN,Unaided - Private,N,Y,1-3118891,fetchdata,2016-2017,Engineering and Technology,1,1,1,1,Maharashtra,1
1-2809630936,"G.H.RAISONI ACADEMY OF ENGINEERING & TECHNOLOGY, NAGPUR","37-39/1, SHRADHA PARK, HINGNA-WADI  LINK ROAD,MIDC.",NAGPUR,Unaided - Private,N,Y,1-2742801,fetchdata,2016-2017,Engineering and Technology,1,1,1,1,Maharashtra,1
1-2809684364,MKSSS'S CUMMINS COLLEGE OF ENGINEERING FOR WOMEN,"MOUJE SUKLI (GUPCHUP), TAL. HINGNA",NAGPUR,Unaided - Private,Y,N,1-10217584,fetchdata,2016-2017,Engineering and Technology,1,1,1,1,Maharashtra,1
1-2809237257,"SHRI SHIVAJI VIDYA PRASARAK SANSTHA'S LATE BAPUSAHEB SHIVAJIRAO DEORE COLLEGE OF ENGINEERING, DHULE","SHRI SHIVAJI VIDYA PRASARAK SANSTHA'S LATE BAPUSAHEB SHIVAJIRAO DEORE COLLEGE OF ENGINEERING, VIDYANAGARI, DEOPUR, DHULE (MS)-424 005",DHULE,Unaided - Private,N,N,1-10074451,fetchdata,2016-2017,Engineering and Technology,1,1,1,1,Maharashtra,1
1-2809239108,YASHWANTRAO CHAVAN SCHOOL OF RURAL DEVELOPMENT,SHIVAJI UNIVERSITY VIDYANAGAR KOLHAPUR,KOLHAPUR,Govt aided,N,N,1-2200341561,fetchdata,2016-2017,Engineering and Technology,1,1,1,1,Maharashtra,1
1-2809298375,"INS SHIVAJI, CENTRE OF MARINE ENGINEERING TECHNOLOGY","C/O INS SHIVAJI 
LONAVALA
DISTT:  PUNE
MAHARASTRA
410402",PUNE,Government,N,N,1-2494491551,fetchdata,2016-2017,Engineering and Technology,1,1,1,1,Maharashtra,1
1-2809342178,"SOLAPUR EDUCATION SOCIETY'S POLYTECHNIC, SOLAPUR","SAMRAT CHOWK, BUDHWAR PETH",SOLAPUR,Unaided - Private,N,N,1-433952121,fetchdata,2016-2017,Engineering and Technology,1,1,1,1,Maharashtra,1
1-2809343768,"SHRI GULABRAO DEOKAR COLLEGE OF ENGINEERING, JALGAON","GAT(SURVEY) NO.56, P.B. NO.113, SHIRSOLI ROAD, JALGAON",JALGAON,Unaided - Private,N,N,1-8286121,fetchdata,2016-2017,Engineering and Technology,1,1,1,1,Maharashtra,1
1-2809346354,"SHIVGANGA CHARITABLE TRUST, SANGLI'S VISHVESHWARYA TECHNICAL CAMPUS, FACULTY OF DEGREE ENGINEERING, PATGAON MIRAJ.","AT / POST- PATGAON, MIRAJ-PANDHARPUR ROAD,",SANGLI,Unaided - Private,N,N,1-754526009,fetchdata,2016-2017,Engineering and Technology,1,1,1,1,Maharashtra,1
1-2809396815,VPM'S MAHARSHI PARSHURAM COLLEGE OF ENGINEERING,"AT.POST. VELNESHWAR,
HEDVAI - PALSHET ROAD",RATNAGIRI,Unaided - Private,N,N,1-612895941,fetchdata,2016-2017,Engineering and Technology,1,1,1,1,Maharashtra,1
1-2809397485,G V ACHARYA INSTITUTE OF ENGINEERING AND TECHNOLOGY,"VERACHARYA TECHNICAL EDUCATION CAMPUS,  OPP. SHELU SUBURBAN RAILWAY STATION, SHELU/DAMAT,",RAIGAD,Unaided - Private,N,N,1-15804431,fetchdata,2016-2017,Engineering and Technology,1,1,1,1,Maharashtra,1
1-2809397846,BHARATI VIDYAPEETH INSTITUTE OF TECHNOLOGY,"SECTOR-7, C.B.D., BELPADA, OPP. KHARGHAR RAILWAY STATION, NAVI MUMBAI",THANE,Unaided - Private,N,N,1-401936901,fetchdata,2016-2017,Engineering and Technology,1,1,1,1,Maharashtra,1
1-2809398512,ANJUMAN-I-ISLAM'S M. H. SABOO SIDDIK COLLEGE OF ENGINEERING,"8, SABOO SIDDIK POLYTECHNIC ROAD, BYCULLA, MUMBAI",MUMBAI CITY,Unaided - Private,N,Y,1-6552785,fetchdata,2016-2017,Engineering and Technology,1,1,1,1,Maharashtra,1
1-2809427782,TULSIRAMJI GAIKWAD-PATIL COLLEGE OF ENGINEERING AND TECHNOLOGY,"KHASARA NO. 8/1, P.S.K. 74, MOHGAON, WARDHA ROAD, NAGPUR",NAGPUR,Unaided - Private,N,N,1-4187806,fetchdata,2016-2017,Engineering and Technology,1,1,1,1,Maharashtra,1
1-2809429968,GODAVARI COLLEGE OF ENGINEERING,"PLOT NO. P-51, ADDL MIDC, BHUSAWAL ROAD, DR. ULHAS PATIL NAGAR,",JALGAON,Unaided - Private,N,N,1-6138871,fetchdata,2016-2017,Engineering and Technology,1,1,1,1,Maharashtra,1
1-2809431715,MITTHULALJI SARDA POLYTECHNIC,NALWANDI ROAD SERVE NO. 123  BAHIRWADI,BEED,Unaided - Private,N,N,1-509138261,fetchdata,2016-2017,Engineering and Technology,1,1,1,1,Maharashtra,1
1-2809457994,M.S BIDVE ENGINEERING COLLEGE,"P.O BOX NO. 112, VASWADI, BARSHI ROAD, LATUR-413531",LATUR,Unaided - Private,N,N,1-2061292,fetchdata,2016-2017,Engineering and Technology,1,1,1,1,Maharashtra,1
1-2809461791,BHARAT RATNA LATA MANGESHKAR COLLEGE OF ENGINEERING AND TECHNOLOGY (DIPLOMA),"AT.POST AURAD SHAHAJANI TQ.NILNAGA,DIST.LATUR(MS)
PIN.413522",LATUR,Unaided - Private,N,N,1-466080731,fetchdata,2016-2017,Engineering and Technology,1,1,1,1,Maharashtra,1
1-2809508240,SANT GAJANAN MAHARAJ COLLEGE OF ENGINEERING,"SITE - CHINCHEWADI, TAL- GADHINGLAJ,",KOLHAPUR,Unaided - Private,N,N,1-773520091,fetchdata,2016-2017,Engineering and Technology,1,1,1,1,Maharashtra,1
1-2809508600,SHIKSHAN PRASARAK MANDAL'S POLYTECHNIC,"KUMATHE, NEAR AIR PORT, HOTAGI ROAD",SOLAPUR,Unaided - Private,N,N,1-429694481,fetchdata,2016-2017,Engineering and Technology,1,1,1,1,Maharashtra,1
1-2809574904,COLLEGE OF ENGINEERING,"HADAPSAR-MANJARI  ROAD,
MANJARI BK.",PUNE,Unaided - Private,N,N,1-4257884,fetchdata,2016-2017,Engineering and Technology,1,1,1,1,Maharashtra,1
1-2809575462,LATE.JULALSING MANGTU COLLEGE OF ENGINEERING {DIPLOMA},25/A PATNADEVI ROAD VALTHAN,JALGAON,Unaided - Private,N,N,1-449922591,fetchdata,2016-2017,Engineering and Technology,1,1,1,1,Maharashtra,1
1-2809577733,DHARAMPETH POLYTECHNIC,"NEAR AMBAZARI GARDEN, NORTH AMBAZARI ROAD, NAGPUR",NAGPUR,Unaided - Private,N,N,1-475206581,fetchdata,2016-2017,Engineering and Technology,1,1,1,1,Maharashtra,1
1-2809578065,NATIONAL POWER TRAINING INSTITUTE,SOUTH AMBAZARI ROAD GOPAL NAGAR,NAGPUR,Unaided - Private,N,N,1-12590881,fetchdata,2016-2017,Engineering and Technology,1,1,1,1,Maharashtra,1
1-2809634045,"MARATHWADA INSTITUTE OF TECHNOLOGY,AURANGABAD",BEED BY PASS ROAD,AURANGABAD,Unaided - Private,N,N,1-421178451,fetchdata,2016-2017,Engineering and Technology,1,1,1,1,Maharashtra,1
1-2809637683,SHRI. SEWAKBHAU WAGHAYE PATIL POLYTECHNIC,GADEGAON/LAKHANI,BHANDARA,Unaided - Private,N,N,1-511872301,fetchdata,2016-2017,Engineering and Technology,1,1,1,1,Maharashtra,1
1-2809637867,INTERNATIONAL INSTITUTE OF INFORMATION TECHNOLOGY (IÂ²IT),"P-14, RAJIV GANDHI INFOTECH PARK, HINJAWADI,PUNE",PUNE,Unaided - Private,N,N,1-448945341,fetchdata,2016-2017,Engineering and Technology,1,1,1,1,Maharashtra,1
1-2809685811,"GOURISHANKAR POLYTECHNIC, LIMB, SATARA","A/P LIMB, TALUKA & DIST. SATARA",SATARA,Unaided - Private,N,N,1-421836391,fetchdata,2016-2017,Engineering and Technology,1,1,1,1,Maharashtra,1
1-2809686385,SAMARTH SAMAJ S.H.JONDHALE POLYTECHNIC,"SHASTRI NAGAR
OPP.RAILWAY
STATION
DOMBIVALI WEST",THANE,Unaided - Private,N,N,1-414224371,fetchdata,2016-2017,Engineering and Technology,1,1,1,1,Maharashtra,1
1-2809688715,SHRIMAN BHAUSAHEB ZADBUKE INSTITUTE OF POLYTECHNIC,"GAT NO. 280,282,273,275,276 , AT.- PURI POST-GHARI",SOLAPUR,Unaided - Private,N,N,1-460091841,fetchdata,2016-2017,Engineering and Technology,1,1,1,1,Maharashtra,1
1-2809239144,"SHREEYASH PRATISHTHAN'S SHREEYASH POLYTECHNIC, AURANGABAD.","GUT NO. 258(P), SATARA TANDA, AURANGABAD-431005 DIST: AURANGABAD MAHARASHTRA",AURANGABAD,Unaided - Private,N,N,1-449988223,fetchdata,2016-2017,Engineering and Technology,1,1,1,1,Maharashtra,1
1-2809298584,SHRI SAI INSTITUTE OF TECHNOLOGY,"GAT NO. 15/1, DEVLI/DEVGAON, 
TAL. AMALNER,
DIST. JALGAON",JALGAON,Unaided - Private,N,N,1-2499591631,fetchdata,2016-2017,Engineering and Technology,1,1,1,1,Maharashtra,1
1-2809349756,"GOVERNMENT POLYTECHNIC, KARAD","AT POST - VIDYANAGAR, KARAD.",SATARA,Government,N,N,1-441962951,fetchdata,2016-2017,Engineering and Technology,1,1,1,1,Maharashtra,1
1-2809432015,G. H. RAISONI INSTITUTE OF ENGINEERING & TECHNOLOGY,"37-39/1, SHRADHA PARK, HARIGANGA,
HINGANA - WADI LINK ROAD,
NAGPUR-16",NAGPUR,Unaided - Private,Y,Y,1-8811246,fetchdata,2016-2017,Engineering and Technology,1,1,1,1,Maharashtra,1
1-2809433078,"ALL INDIA SHRI SHIVAJI MEMORIAL SOCIETY'S COLLEGE OF ENGINEERING, PUNE-1","KENNEDY ROAD, NEAR RTO, PUNE-411001.",PUNE,Unaided - Private,N,N,1-4279045,fetchdata,2016-2017,Engineering and Technology,1,1,1,1,Maharashtra,1
1-2809462360,"MATOSHRI AASARABAI POLYTECHNIC,EKLAHARE","EKLAHARE NEAR AURANGABAD HIGHWAY, ODHAGAON,TAL NASHIK",NASHIK,Unaided - Private,N,N,1-421103811,fetchdata,2016-2017,Engineering and Technology,1,1,1,1,Maharashtra,1
1-2809510966,SHRI PRINCE SHIVAJI MARATHA BOARDING HOUSE'S NEW POLYTECHNIC,"R.S. NO. 264, SHANTI NAGAR, UCHAGAON, KOLHAPUR - 416005",KOLHAPUR,Unaided - Private,N,N,1-442128781,fetchdata,2016-2017,Engineering and Technology,1,1,1,1,Maharashtra,1
1-2809511458, BRAHMA VALLEY COLLEGE OF ENGINEERING  AND REASERACH INSTITUTE,"BRAHMA VALLEY CAMPUS,ANJANERI, TRIMBAKESHWAR.",NASHIK,Unaided - Private,N,N,1-3359847,fetchdata,2016-2017,Engineering and Technology,1,1,1,1,Maharashtra,1
1-2809578228,NAVSAHYADRI EDUCATION SOCIETY'S GROUP OF INSTITUTIONS,"GAT. N0. 69,70,71, MOUJE : NAIGAON, TAL. BHOR, DIST. PUNE - 412205.",PUNE,Unaided - Private,N,N,1-3104081,fetchdata,2016-2017,Engineering and Technology,1,1,1,1,Maharashtra,1
1-2809638336,KBPSS-SAHYADRI POLYTECHNIC,"AT/POST. KIKAVI,
TAL. BHOR,",PUNE,Unaided - Private,N,N,1-505343821,fetchdata,2016-2017,Engineering and Technology,1,1,1,1,Maharashtra,1
1-2809640731,"NAGARJUNA INSTITUTE OF ENGINEERING, TECHNOLOGY & MANAGEMENT","KHASRA NO.27, 32B, VILLAGE SATNAVRI, AMRAVATI RAOD, NAGPUR",NAGPUR,Unaided - Private,N,N,1-3204361,fetchdata,2016-2017,Engineering and Technology,1,1,1,1,Maharashtra,1
1-2809689143,"P.R.PATIL INSTITUTE OF POLYTECHNIC & TECH.,","SUR. NO 533/3, ARVI ROAD, TALEGAON(SP) TQ. ASHTI DIST. WARDHA",WARDHA,Unaided - Private,N,N,1-459282671,fetchdata,2016-2017,Engineering and Technology,1,1,1,1,Maharashtra,1
1-2809350179,ADITYA POLYTECHNIC BEED,TELGOAN ROAD,BEED,Unaided - Private,N,N,1-509206951,fetchdata,2016-2017,Engineering and Technology,1,1,1,1,Maharashtra,1
1-2809350461,"K.T.PATIL COLLEGE OF ENGINEEGING & TECHNOLOGY , OSMANABAD","JADHAVWADI ROAD ,OSMANABAD",OSMANABAD,Unaided - Private,N,N,1-9310541,fetchdata,2016-2017,Engineering and Technology,1,1,1,1,Maharashtra,1
1-2809351868,"IDEMI, MUMBAI","S.T. TOPE MARG, SION, CHUNABHATTI (E)",MUMBAI CITY,Government,N,N,1-839862281,fetchdata,2016-2017,Engineering and Technology,1,1,1,1,Maharashtra,1
1-2809402802,"SMT.SHARCHCHANDRIKA SURESH PATIL INSTITUTE OF TECHNOLOGY (POLYTECHNIC), CHOPDA","MGSM'S CAMPUS, YAWAL ROAD, CHOPDA",JALGAON,Unaided - Private,N,N,1-460448591,fetchdata,2016-2017,Engineering and Technology,1,1,1,1,Maharashtra,1
1-2809435238,"MODERN EDUCATION SOCIETY'S COLLEGE OF ENGINEERING, PUNE","WADIA COLLEGE CAMPUS, 19 LATE PRIN V K JOAG PATH, PUNE 411 001",PUNE,Unaided - Private,N,N,1-5105511,fetchdata,2016-2017,Engineering and Technology,1,1,1,1,Maharashtra,1
1-2809466156,"RAMCHANDRA SANSKRITIK KRIDA MANDAL'S SHRI R.D.BHAKT POLYTECHNIC COLLEGE,JALNA","DAREGAON ROAD, JALNA",JALNA,Unaided - Private,N,N,1-475591623,fetchdata,2016-2017,Engineering and Technology,1,1,1,1,Maharashtra,1
1-2809581556,RAJ LAXMI FOUNDATION'S  SAHAKAR MAHARSHI RAJARAM BAPU PATIL POLYTECHNIC INSTITUTE,"GAT NO. 190/2 , MADADGAON (TAKALI-KAJI), TAL & DIST AHMEDNAGAR.",AHMEDNAGAR,Unaided - Private,N,N,1-473977601,fetchdata,2016-2017,Engineering and Technology,1,1,1,1,Maharashtra,1
1-2809641494,"PADMASHRI DR VITHALRAO VIKHE PATIL COLLEGE OF ENGINEERING, AHMEDNAGAR","P.O.- M I D C ,
VILAD GHAT ,
AHMEDNAGAR 414111
MAHARASHTRA",AHMEDNAGAR,Unaided - Private,N,N,1-2389691,fetchdata,2016-2017,Engineering and Technology,1,1,1,1,Maharashtra,1
1-2809690642,VIDYAVARDHINI INSTITUTE OF TECHNOLOGY,"A/P-PAL, TAL-BHUDARGAD,
DIST-KOLHAPUR,
PIN-416209.",KOLHAPUR,Unaided - Private,N,N,1-467753611,fetchdata,2016-2017,Engineering and Technology,1,1,1,1,Maharashtra,1
1-2809242602,"SURESH DESHMUKH COLLEGE OF ENGINEERING, SELUKATE","SURVEY NO. 161, MAUZA-SELUKATE,
NEAR LLOYDS STEEL PLANT,SELUKATE
TAH.& DIST. WARDHA
PIN-442 001
MAHARASHTRA",WARDHA,Unaided - Private,N,N,1-5297311,fetchdata,2016-2017,Engineering and Technology,1,1,1,1,Maharashtra,1
1-2809243169,PIMPRI CHINCHWAD EDUCATION TRUST'S PIMPRI CHINCHWAD COLLEGE OF ENGINEERING AND RESEARCH,"PLOT NO.B,OF SURVEY NO.110(1),110(2),110(3),AT LAXMINAGAR,RAVET,HAVELI,PUNE",PUNE,Unaided - Private,N,N,1-2181664251,fetchdata,2016-2017,Engineering and Technology,1,1,1,1,Maharashtra,1
1-2809271216,NATIONAL INSTITUTE OF ELECTRONICS & INFORMATION TECHNOLOGY (NIELIT).AURANGABAD,"DOEACC CENTRE AURANGABAD
DR. B.A.M. UNIVERSITY CAMPUS 
AURANGABAD",AURANGABAD,Government,N,N,1-421286153,fetchdata,2016-2017,Engineering and Technology,1,1,1,1,Maharashtra,1
1-2809282304,"MCT'S RAJIV GANDHI INSTITUTE OF TECHNOLOGY, MUMBAI","JUHU-VERSOVA LINK ROAD, VERSOVA,  ANDHERI (W),
MUMBAI-400 053",MUMBAI SUBURBAN,Unaided - Private,N,N,1-2403491,fetchdata,2016-2017,Engineering and Technology,1,1,1,1,Maharashtra,1
1-2809352086,SHRI GURU GOBIND SINGHJI INSTITUTE OF ENGINEERING AND TECHNOLOGY,VISHNUPURI,NANDED,Government,N,N,1-414200305,fetchdata,2016-2017,Engineering and Technology,1,1,1,1,Maharashtra,1
1-2809354096,"DR.RAJENDRA GODE INSTITUTE OF TECHNOLOGY AND RESEARCH,AMRAVATI","UNIVERSITY MARDI ROAD, OPP.HEART HOSPITAL,AMRAVATI",AMRAVATI,Unaided - Private,N,N,1-10295521,fetchdata,2016-2017,Engineering and Technology,1,1,1,1,Maharashtra,1
1-2809357201,SHREE KAPILDHARA POLYTECHNIC,"S.NO. 231, AT POST WAKI, KAWNAI ROAD, TAHSIL IGATPURI",NASHIK,Unaided - Private,N,N,1-505713481,fetchdata,2016-2017,Engineering and Technology,1,1,1,1,Maharashtra,1
1-2809403496,SASMIRA'S INSTITUTE OF MAN-MADE TEXTILES,"SASMIRA, OFF SASMIRA MARG, WORLI, DR. ANNIE BESANT ROAD, MUMBAI - 400030",MUMBAI CITY,Govt aided,N,N,1-783046151,fetchdata,2016-2017,Engineering and Technology,1,1,1,1,Maharashtra,1
1-2809437786,"SND COLLEGE OF ENGINEERING & RESEARCH CENTER, BABHULGAON","A/P BABHULGAON TAL. YEOLA DIST. NASHIK
STATE MAHARASHTRA
PIN CODE-423401",NASHIK,Unaided - Private,N,N,1-3396281,fetchdata,2016-2017,Engineering and Technology,1,1,1,1,Maharashtra,1
1-2809516910,GOVERNMENT POLYTECHNIC MIRAJ,"NEAR MAJI SAINIK VASAHAT VIDYANAGAR, MIRAJ",SANGLI,Government,N,N,1-453002861,fetchdata,2016-2017,Engineering and Technology,1,1,1,1,Maharashtra,1
1-2809583913,PRAVARA RURAL ENGINEERING COLLEGE,"A/P-LONI, TAL:RAHATA, DIST:AHMEDNAGAR",AHMEDNAGAR,Unaided - Private,N,N,1-2013661,fetchdata,2016-2017,Engineering and Technology,1,1,1,1,Maharashtra,1
1-2809645687,DR. R. N. LAHOTI POLYTECHNIC SULTANPUR,"JALNA ROAD SULTANPUR, TQ. LONAR, DIST. BULDANA",BULDHANA,Unaided - Private,N,N,1-475435423,fetchdata,2016-2017,Engineering and Technology,1,1,1,1,Maharashtra,1
1-2809646033,SHARAD INSTITUTE OF TECHNOLOGY COLLEGE OF ENGINEERING,"BEHIND ONKARESHWAR MANDIR, 
YADRAV-ICHALKARNJI 
TAL-SHIROL DIST.- KOLHAPUR 
MAHARASHTRA PIN- 416121",KOLHAPUR,Unaided - Private,N,N,1-4156934,fetchdata,2016-2017,Engineering and Technology,1,1,1,1,Maharashtra,1
1-2809691164,G H RAISONI POLYTECHNIC,"ANJANGAON BARI ROAD,",AMRAVATI,Unaided - Private,N,Y,1-445372741,fetchdata,2016-2017,Engineering and Technology,1,1,1,1,Maharashtra,1
1-2809691568,"SAHYADRI POLYTECHNIC, SAWARDE","A/P SAWARDE WAHAL PHATA, TECHNICAL CAMPUS,",RATNAGIRI,Unaided - Private,N,N,1-423856851,fetchdata,2016-2017,Engineering and Technology,1,1,1,1,Maharashtra,1
1-2809694089,MAHARASHTRA INSTITUTE OF POLYTECHNIC,"CHOUGAN PHATA,ARMORI ROAD,BETALA",CHANDRAPUR,Unaided - Private,N,N,1-451910481,fetchdata,2016-2017,Engineering and Technology,1,1,1,1,Maharashtra,1
1-2809243374,DR.J.J.MAGDUM POLYTECHNIC JAYSINGPUR,"SHIROL-WADI ROAD JAYSINGPUR ,
TAL:-SHIROL, DIST:-KOLHAPUR",KOLHAPUR,Unaided - Private,N,N,1-457314461,fetchdata,2016-2017,Engineering and Technology,1,1,1,1,Maharashtra,1
1-2809244205,HON.SHRI BABANRAO PACHPUTE VICHARDHARA TRUST'S GROUP OF INSTITUTIONS,"A/P KASHTI,
TAL: SHRIGONDA
DIST: AHMEDNAGAR
MAHARASHTRA - 414701",AHMEDNAGAR,Unaided - Private,N,N,1-12614931,fetchdata,2016-2017,Engineering and Technology,1,1,1,1,Maharashtra,1
1-2809271522,VISHWESHWARAYYA ABHIYANTRIKI PADVIKA MAHAVIDYALAYA,DILIP NAGAR ALMALA TQ AUSA DIST LATUR,LATUR,Unaided - Private,N,N,1-404261661,fetchdata,2016-2017,Engineering and Technology,1,1,1,1,Maharashtra,1
1-2809283466,PHALTAN EDUCATION SOCIETY'S COLLEGE OF ENGINEERING,"SR. NO.31 A/P, THAKURDI, TAL PHALTAN, DIST. SATARA",SATARA,Unaided - Private,N,N,1-460099321,fetchdata,2016-2017,Engineering and Technology,1,1,1,1,Maharashtra,1
1-2809357466,PRAVIN PATIL COLLEGE OF DIPLOMA ENGINEERING & TECHNOLOGY-,"MAHAVIDYALAYA MARG, NAVGHAR, WESTERN RAILWAY-BHAYANDAR(E)",THANE,Unaided - Private,N,N,1-466263861,fetchdata,2016-2017,Engineering and Technology,1,1,1,1,Maharashtra,1
1-2809405582,"CHHATRAPATI SHAHU MAHARAJ SHIKSHAN SANSTHA,C.S.M.S.S COLLEGE OF POLYTECHNIC","C.S.M.S.S COLLEGE OF POLYTECHNIC,
KANCHANWADI, PAITHAN ROAD, AURANGABAD",AURANGABAD,Unaided - Private,N,N,1-450637101,fetchdata,2016-2017,Engineering and Technology,1,1,1,1,Maharashtra,1
1-2809440367,"GOVERNMENT POLYTECHNIC, AMBAD.","MHADA COLONY, PACHOD ROAD, AMBAD.",JALNA,Government,N,N,1-506482491,fetchdata,2016-2017,Engineering and Technology,1,1,1,1,Maharashtra,1
1-2809466526,NUTAN MAHARASHTRA VIDYA POLYTECHNIC,"""VISHNUPURI"",TALEGAON DABHADE , TALEGAON STATION TAL MAVAL DIST PUNE",PUNE,Unaided - Private,N,N,1-413241561,fetchdata,2016-2017,Engineering and Technology,1,1,1,1,Maharashtra,1
1-2809468878,G. M. VEDAK INSTITUTE OF TECHNOLOGY,"AT POST AND TALUKA TALA, DIST RAIGAD, MAHARASHTRA",RAIGAD,Unaided - Private,N,N,1-526668681,fetchdata,2016-2017,Engineering and Technology,1,1,1,1,Maharashtra,1
1-2809521053,SIR VISVESVARAYA INSTITUTE OF TECHNOLOGY,"A/P: CHINCHOLI, TALUKA: SINNAR, DIST: NASHIK, MAHARASHTRA 422101",NASHIK,Unaided - Private,N,N,1-19640842,fetchdata,2016-2017,Engineering and Technology,1,1,1,1,Maharashtra,1
1-2809523050,ACHARYA SHRIMANANRAYAN POLYTECHNIC,"ARVI ROAD, 
PIPRI,
WARDHA.",WARDHA,Govt aided,N,Y,1-409528191,fetchdata,2016-2017,Engineering and Technology,1,1,1,1,Maharashtra,1
1-2809589632,RAMRAO ADIK INSTITUTE OF TECHNOLOGY,"DR D. Y. PATIL, VIDYANAGAR, SECTOR 7, NERUL",THANE,Unaided - Private,N,N,1-4274281,fetchdata,2016-2017,Engineering and Technology,1,1,1,1,Maharashtra,1
1-2809648441,B.J.E.S. AMRAVATI POLYTECHNIC,"SURVEY NO.5, AT  POST BHANKHEDA,VIA CHANDUR RLY.AMRAVATI.",AMRAVATI,Unaided - Private,N,N,1-447764031,fetchdata,2016-2017,Engineering and Technology,1,1,1,1,Maharashtra,1
1-2809696632,"P. E. S. POLYTECHNIC, AURANGABAD","DR. BABASAHEB AMBEDKAR MARATHWADA UNIVERSITY ROAD, NEAR PANCHAKKI, NAGSENVANA, AURANGABAD",AURANGABAD,Unaided - Private,N,N,1-459996711,fetchdata,2016-2017,Engineering and Technology,1,1,1,1,Maharashtra,1
1-2809245997,SAMARTH POLYTECHNIC,"A/P- BEHLE, (BANGARAWADI), TAL- JUNNAR, DIST -PUNE",PUNE,Unaided - Private,N,N,1-435426767,fetchdata,2016-2017,Engineering and Technology,1,1,1,1,Maharashtra,1
1-2809246444,"DEOGIRI INSTITUTE OF ENGINEERING AND MANAGEMENT STUDIES, AURANGABAD","DEOGIRI COLLEGE CAMPUS, STATION ROAD, AURANGABAD",AURANGABAD,Unaided - Private,N,N,1-3928641,fetchdata,2016-2017,Engineering and Technology,1,1,1,1,Maharashtra,1
1-2809272014,"KAVIKULGURU INSTITUTE OF TECHNOLOGY AND SCIENCE, RAMTEK","K.K. NAGAR, MOUDA ROAD
RAMTEK, DIST- NAGPUR -441106 (MAHARASTRA)",NAGPUR,Unaided - Private,N,N,1-4152791,fetchdata,2016-2017,Engineering and Technology,1,1,1,1,Maharashtra,1
1-2809273244,PADMASHRI DR. V.B.  KOLTE   COLLEGE  OF ENGINEERING,"MALKAPUR-443 101, 
DISTT. BULDANA.",BULDHANA,Unaided - Private,N,N,1-4781081,fetchdata,2016-2017,Engineering and Technology,1,1,1,1,Maharashtra,1
1-2809358456,NUVA COLLEGE OF ENGINEERING & TECHNOLOGY,"NAGPUR KATOL HIGHWAY, KHAPRI (KOTHE), TAH. KALMESHWAR, DIST. NAGPUR",NAGPUR,Unaided - Private,N,N,1-15322531,fetchdata,2016-2017,Engineering and Technology,1,1,1,1,Maharashtra,1
1-2809362165,D. Y. PATIL SCHOOL OF ENGINEERING ACADEMY,"SR. NO. 124 & 126, A/P AMBI, TALEGAON DABHADE, TQ. MAVAL, DIST. PUNE",PUNE,Unaided - Private,N,N,1-775019991,fetchdata,2016-2017,Engineering and Technology,1,1,1,1,Maharashtra,1
1-2809407063,ARVIND GAVALI COLLEGE OF ENGINEERING,"GAT NO. 247, PANMALEWADI, POST - VARYE,",SATARA,Unaided - Private,N,N,1-4210711,fetchdata,2016-2017,Engineering and Technology,1,1,1,1,Maharashtra,1
1-2809409657,BHARAT RATNA INDIRA GANDHI COLLEGE OF ENGINEERING,"GAT NO 58/3, PUNE- SOLAPUR NATIONAL HIGHWAY NO. 9, NEAR SOLAPUR UNIVERSITY, KEGAON, SOLAPUR.",SOLAPUR,Unaided - Private,N,N,1-3323061,fetchdata,2016-2017,Engineering and Technology,1,1,1,1,Maharashtra,1
1-2809412677,G.H.RAISONI COLLEGE OF ENGINEERING & MANAGEMENT,"GAT NO.1200, DOMKHEL ROAD, WAGHOLI, PUNE - 412 207",PUNE,Unaided - Private,N,Y,1-1720061,fetchdata,2016-2017,Engineering and Technology,1,1,1,1,Maharashtra,1
1-2809469257,"POONA DISTRICT EDUCATION ASSOCIATION S INSTITUTE OF TECHNOLOGY, HADAPSAR","A. M. COLLEGE CAMPUS, MAHADEO NAGAR, MANJARI ROAD, HADAPSAR",PUNE,Unaided - Private,N,N,1-412785161,fetchdata,2016-2017,Engineering and Technology,1,1,1,1,Maharashtra,1
1-2809471691,NUTAN MAHARASHTRA INSTITUTE OF ENGINEERING  & TECHNOLOGY,"""VISHNUPURI, TALEGAON STATION,
TAL : MAVAL, DIST : PUNE - 410507",PUNE,Unaided - Private,N,N,1-8618657,fetchdata,2016-2017,Engineering and Technology,1,1,1,1,Maharashtra,1
1-2809475026,SHANKARRAO DHAWAD POLYTECHNIC,"RAJIV NAGAR, SOMALWADA, WARDHA ROAD, NAGPUR",NAGPUR,Unaided - Private,N,N,1-447854691,fetchdata,2016-2017,Engineering and Technology,1,1,1,1,Maharashtra,1
1-2809523461,VASANTRAO MORE POLYTECHNIC,"TEHU,
TALUKA-PAROLA",JALGAON,Unaided - Private,N,N,1-437657381,fetchdata,2016-2017,Engineering and Technology,1,1,1,1,Maharashtra,1
1-2809651877,JSPM'S BHIVRABAI SAWANT POLYTECHNIC,"GAT NO.720,1&2 BAKORI PHATA PUNE-NAGAR ROAD, WAGHOLI",PUNE,Unaided - Private,N,N,1-412310651,fetchdata,2016-2017,Engineering and Technology,1,1,1,1,Maharashtra,1
1-2809247209,SAI POLYTECHNIC,"MAUZA-KINHI(J),
POST-DAHEGAON,TA-RALEGAON,
DIST-YAVATMAL.",YAVATMAL,Unaided - Private,N,N,1-399082231,fetchdata,2016-2017,Engineering and Technology,1,1,1,1,Maharashtra,1
1-2809283931,WAINGANGA POLYTECHNIC,"NAGZIRA ROAD, SAKOLI",BHANDARA,Unaided - Private,N,N,1-2047379791,fetchdata,2016-2017,Engineering and Technology,1,1,1,1,Maharashtra,1
1-2809364092,MET'S INSTITUTE OF ENGINEERING,"BHUJBAL KNOWLEDGE CITY, ADGAON",NASHIK,Unaided - Private,N,N,1-4441835,fetchdata,2016-2017,Engineering and Technology,1,1,1,1,Maharashtra,1
1-2809414820,M B E SOCIETY'S COLLEGE OF ENGINEERING AMBAJOGAI,"MOREWADI, NEAR YESHWANTRAO CHAVAN CIRCLE, AMBAJOGAI,
TQ:AMBAJOGAI, DIST: BEED (MS)-431517",BEED,Unaided - Private,N,N,1-4969921,fetchdata,2016-2017,Engineering and Technology,1,1,1,1,Maharashtra,1
1-2809526090,SINHGAD COLLEGE OF ENGINEERING,"S. NO. 44/1, VADGAON (BUDARUK)
OFF SINHGAD ROAD, PUNE",PUNE,Unaided - Private,N,N,1-3674191,fetchdata,2016-2017,Engineering and Technology,1,1,1,1,Maharashtra,1
1-2809532879,VILASRAO DESHMUKH FOUNDATION GROUP OF INSTITUTIONS,"PLOT NO.165A,ADDITIONAL MIDC, NEAR TO MANJARA SUGAR,BARSHI ROAD,LATUR.",LATUR,Unaided - Private,N,N,1-20530371,fetchdata,2016-2017,Engineering and Technology,1,1,1,1,Maharashtra,1
1-2809593131,MATOSHRI PRATISHTHAN'S GROUP OF INSTITUTION SCHOOL OF ENGINEERING AND SCHOOL OF MANAGEMENT,"JIJAU NAGAR,OFF LATUR NANDED HIGHWAY,AT KHUPSARWADI,PO.VISHNUPURI,",NANDED,Unaided - Private,N,N,1-6754941,fetchdata,2016-2017,Engineering and Technology,1,1,1,1,Maharashtra,1
1-2809595781,PRABHAKAR PATIL EDUCATION SOCIETY'S POLYTECHNIC,"S.NO.54A, AT - BHILAVALE, POST - WAVANDHAL, TALUKA - KHALAPUR, DIST - RAIGAD. PIN - 410202",RAIGAD,Unaided - Private,N,N,1-501263641,fetchdata,2016-2017,Engineering and Technology,1,1,1,1,Maharashtra,1
1-2809596022,D.Y.PATIL COLLEGE OF ENGINEERING,"SECTOR-29,NIGDI-PRADHIKARAN,AKURDI, PUNE-411044",PUNE,Unaided - Private,N,N,1-12346111,fetchdata,2016-2017,Engineering and Technology,1,1,1,1,Maharashtra,1
1-2809656653,"SONIYA GANDHI POLYTECHNIC, SHRIGONDA","BALAJINAGAR, SHRIGONDA",AHMEDNAGAR,Unaided - Private,N,N,1-451658073,fetchdata,2016-2017,Engineering and Technology,1,1,1,1,Maharashtra,1
1-2809698652,PVG'S MAHARASHTRA INSTITUTE OF PRINTING TECHNOLOGY,"1786,SADASHIV PETH,PUNE",PUNE,Govt aided,N,N,1-479033741,fetchdata,2016-2017,Engineering and Technology,1,1,1,1,Maharashtra,1
1-2809698921,INSTITUTE OF KNOWLEDGE-COLLEGE OF ENGINEERING,"S. NO. 60,PLOT NO -6 A/P . PIMPLE JAGTAP, 
TALUKA - SHIRUR, DISTRICT â PUNE",PUNE,Unaided - Private,N,N,1-4976011,fetchdata,2016-2017,Engineering and Technology,1,1,1,1,Maharashtra,1
1-2809247581,"VES'S AHINSA POLYTECHNIC, DONDAICHA","DHULE ROAD DONDAICHA 425408
TAL.- SHINDHKHEDA
DIS.- DHULE",DHULE,Unaided - Private,N,N,1-404124841,fetchdata,2016-2017,Engineering and Technology,1,1,1,1,Maharashtra,1
1-2809247969,SHRI NEMINATH JAIN BRAMHACHARYASHRAM SHRI. S.N.J.B. POLYTECHNIC,"NEMINAGAR, A/P:CHANDWAD
TAL: CHANDWAD
DIST: NASHIK
PIN:423101
MAHARASHTRA",NASHIK,Unaided - Private,N,Y,1-424721011,fetchdata,2016-2017,Engineering and Technology,1,1,1,1,Maharashtra,1
1-2809365879,KEYSTONE SCHOOL OF ENGINEERING,"SR. NO. 305/7, 306, 307/5 & 308/21
URULI DEVACHI, PUNE - 412308",PUNE,Unaided - Private,N,N,1-809266041,fetchdata,2016-2017,Engineering and Technology,1,1,1,1,Maharashtra,1
1-2809366295,NIT POLYTECHNIC,"SURVEY NO. 13/2, MAHURZARI, NEAR FETRI, KATOL ROAD, NAGPUR",NAGPUR,Unaided - Private,N,N,1-407026971,fetchdata,2016-2017,Engineering and Technology,1,1,1,1,Maharashtra,1
1-2809416830,SAMRAT ASHOK POLYTECHNIC,"SR.NO.410/1, DERABARDI,
DHULE ROAD, CHALISGAON â 424 101",JALGAON,Unaided - Private,N,N,1-444257561,fetchdata,2016-2017,Engineering and Technology,1,1,1,1,Maharashtra,1
1-2809417104,BALLARPUR INSTITUTE OF TECHNOLOGY,"MAUJA BAHMNI,RAJURA ROAD, TEHSIL BALLARPUR, DISTICT CHANDRAPUR.",CHANDRAPUR,Unaided - Private,N,N,1-7963511,fetchdata,2016-2017,Engineering and Technology,1,1,1,1,Maharashtra,1
1-2809418955,PROF RAM MEGHE COLLEGE OF ENGINEERING & MANAGEMENT,"NEW EXPRESS HIGHWAY, 
BADNERA-AMRAVATI",AMRAVATI,Unaided - Private,N,N,1-8266435,fetchdata,2016-2017,Engineering and Technology,1,1,1,1,Maharashtra,1
1-2809419540,"DR. PANJABRAO DESHMUKH GIRLS POLYTECHNIC,AMRAVATI.","RURAL CAMPUS SHIVAJI NAGAR, AMRAVATI",AMRAVATI,Unaided - Private,Y,N,1-434046721,fetchdata,2016-2017,Engineering and Technology,1,1,1,1,Maharashtra,1
1-2809477278,"SWAMI VIVEKANAND INSTITUTE OF TECHNOLOGY (POLYTECHNIC), SOLAPUR","GAT NO. 16/2, SOLAPUR-BARSHI ROAD, A/P. KHED, TALUKA- NORTH SOLAPUR.",SOLAPUR,Unaided - Private,N,N,1-458405201,fetchdata,2016-2017,Engineering and Technology,1,1,1,1,Maharashtra,1
1-2809534683,NIT'S LATE ANNASAHEB PATIL POLYTECHNIC,"SVR. NO.155 /1A , HIRAWADI , BEHIND HYDRO DIVISION ,CANOL ROAD ,PANCHAVATI",NASHIK,Unaided - Private,N,N,1-431327121,fetchdata,2016-2017,Engineering and Technology,1,1,1,1,Maharashtra,1
1-2809659661,VIDYAVARDHINI'S COLLEGE OF ENGINEERING AND TECHNOLOGY,K T MARG VASAI ROAD WEST,THANE,Unaided - Private,N,N,1-262262952,fetchdata,2016-2017,Engineering and Technology,1,1,1,1,Maharashtra,1
1-2809660219,KARMVEER KAKASAHEB WAGH WOMENâS POLYTECHNIC,"HIRABAI HARIDAS VIDYANAGARI, AMRUTDHAM, PANCHAVATI.",NASHIK,Unaided - Private,Y,N,1-426127551,fetchdata,2016-2017,Engineering and Technology,1,1,1,1,Maharashtra,1
1-2809699469,"PRIYADARSHINI POLYTECHNIC,NAGPUR","P-131,
ELECTRONICS ZONE, MIDC, HINGNA ROAD,
NAGPUR",NAGPUR,Unaided - Private,N,Y,1-455067971,fetchdata,2016-2017,Engineering and Technology,1,1,1,1,Maharashtra,1
1-2809248529,KOTI VIDYA CHARITABLE TRUST'S ALAMURI RATNAMALA INSTITUTE OF ENGINEERING AND TECHNOLOGY,"SHEREPADA,VILLAGE SAPGAON,TALUKA -SHAHAPUR,DISTRICT-THANE",THANE,Unaided - Private,N,Y,1-4565987,fetchdata,2016-2017,Engineering and Technology,1,1,1,1,Maharashtra,1
1-2809284098,RAMBHAU LINGADE POLYTECHNIC COLLEGE,"GAT NO 448,451 LINGADE KNOWLEDGE PARK, CHIKHALI ROAD, BULDHANA",BULDHANA,Unaided - Private,N,N,1-433883613,fetchdata,2016-2017,Engineering and Technology,1,1,1,1,Maharashtra,1
1-2809284345,BHARATI VIDYAPEETH 'S COLLEGE OF ENGINEERING FOR WOMEN,"PUNE â SATARA ROAD, DHANKAWADI, TAL :- HAWELI
  DIST :- PUNE. PIN :- 411 043.",PUNE,Unaided - Private,Y,N,1-13238621,fetchdata,2016-2017,Engineering and Technology,1,1,1,1,Maharashtra,1
1-2809300666,MAHARASHTRA INSTITUTE OF TECHNOLOGY,"NH-211,SATARA VILLAGE ROAD,",AURANGABAD,Unaided - Private,N,N,1-8344254,fetchdata,2016-2017,Engineering and Technology,1,1,1,1,Maharashtra,1
1-2809367759,JAIHIND COLLEGE OF ENGINEERING,"G. NO. 441, KURAN, TAL. JUNNAR, DIST. PUNE",PUNE,Unaided - Private,N,N,1-3287311,fetchdata,2016-2017,Engineering and Technology,1,1,1,1,Maharashtra,1
1-2809419830,ADITYA POLYTECHNIC,"GAT NO. 493, AT AND POST TALAWADE, COLLEGE ROAD, NEAR ADAVALI  RAILWAY STATION, TALUKA LANJA, DIST. RATNAGIRI, MAHARASHTRA",RATNAGIRI,Unaided - Private,N,N,1-1452943251,fetchdata,2016-2017,Engineering and Technology,1,1,1,1,Maharashtra,1
1-2809479973,VIDYA PRATISHTHAN'S POLYTECHNIC COLLEGE,"VIDYANAGARI, TARANGWADI",PUNE,Unaided - Private,N,N,1-440610371,fetchdata,2016-2017,Engineering and Technology,1,1,1,1,Maharashtra,1
1-2809480354,FABTECH TECHNICAL CAMPUS - COLLEGE OF ENGINEERING AND RESEARCH,"PANDHARPUR ROAD, GAT NO. 565/1, SANGOLA, TALUKA - SANGOLA,",SOLAPUR,Unaided - Private,N,N,1-403335391,fetchdata,2016-2017,Engineering and Technology,1,1,1,1,Maharashtra,1
1-2809482902, GUNAI  SHIKSHAN PRASARAK MANDAL'S RAJIV GANDHI POLYTECHNIC, UDGIR,LATUR,Unaided - Private,N,N,1-453048233,fetchdata,2016-2017,Engineering and Technology,1,1,1,1,Maharashtra,1
1-2809537707,GOVERNMENT POLYTECHNIC AURANGABAD,"OSMANPURA, AURANGABD",AURANGABAD,Government,N,N,1-493166031,fetchdata,2016-2017,Engineering and Technology,1,1,1,1,Maharashtra,1
1-2809601619,SHREE L.R. TIWARI COLLEGE OF ENGINEERING," NEAR COMMISIONER'S BUNGALOW,KANAKIYA PARK,MIRA ROAD (E),",THANE,Unaided - Private,N,Y,1-6969851,fetchdata,2016-2017,Engineering and Technology,1,1,1,1,Maharashtra,1
1-2809602063,PROF. RAM MEGHE INSTITUTE OF TECHNOLOGY AND RESEARCH,"ANJANGAON BARI ROAD, BADNERA",AMRAVATI,Unaided - Private,N,N,1-5296001,fetchdata,2016-2017,Engineering and Technology,1,1,1,1,Maharashtra,1
1-2809605260,OM POLYTECHNIC COLLEGE,"SURVEY NO. 79 & 85, MOUZA - PARSODI, TAH. - UMRED, DIST. - NAGPUR",NAGPUR,Unaided - Private,N,N,1-437703501,fetchdata,2016-2017,Engineering and Technology,1,1,1,1,Maharashtra,1
1-2809662843,FR. C. RODRIGUES INSTITUTE OF TECHNOLOGY,"FR. AGNEL TECHNICAL EDUCATION COMPLEX,
SECTOR 9 A, NEAR NOOR MD. MASJID.",THANE,Unaided - Private,N,Y,1-4849231,fetchdata,2016-2017,Engineering and Technology,1,1,1,1,Maharashtra,1
1-2809702163,"SHREEYASH PRATISHTHAN'S, SHREEYASH COLLEGE OF ENGINEERING & TECHNOLOGY","GUT NO. 258, SATARA TANDA, AURANGABAD-431005
DIST: AURANGABAD
MAHARASHTRA",AURANGABAD,Unaided - Private,N,N,1-7854956,fetchdata,2016-2017,Engineering and Technology,1,1,1,1,Maharashtra,1
1-2809249720,"KAI. SAU. SUNITATAI EKNATHRAO  DHAKANE POLYTECHNIC COLLEGE,SHEVGAON","A/P:-RAKSHI
TAL:-SHEVGAON",AHMEDNAGAR,Unaided - Private,N,N,1-474299561,fetchdata,2016-2017,Engineering and Technology,1,1,1,1,Maharashtra,1
1-2809274285,LAXMINARAYAN AGRAWAL MEMORIAL INSTITUTE OF TECHNOLOGY,"ANJANSINGHI ROAD
JUNA DHAMANGAON",AMRAVATI,Unaided - Private,N,N,1-458331831,fetchdata,2016-2017,Engineering and Technology,1,1,1,1,Maharashtra,1
1-2809275813,SOPHIA SHREE B.K.SOMANI MEMORIAL POLYTECHNIC,"BHULABHAI DESAI ROAD
MUMBAI 400 026",MUMBAI CITY,Govt aided,Y,Y,1-735366791,fetchdata,2016-2017,Engineering and Technology,1,1,1,1,Maharashtra,1
1-2809302214,G.H.RAISONI COLLEGE OF ENGINEERING AND MANAGEMENT,"GAT NO.1030, NAGAR PUNE HIGHWAY, CHAS, AHMEDNAGAR.",AHMEDNAGAR,Unaided - Private,N,Y,1-5943171,fetchdata,2016-2017,Engineering and Technology,1,1,1,1,Maharashtra,1
1-2809371027,"GOVERNMENT POLYTECHNIC,MURTIZAPUR","AT NH-6 AMRAVATI-AKOLA ROAD,HENDAJ,
MURTIZAPUR",AKOLA,Government,N,N,1-453355571,fetchdata,2016-2017,Engineering and Technology,1,1,1,1,Maharashtra,1
1-2809371393,DR BABASAHEB AMBEDKAR TECHNOLOGICAL UNIVERSITY LONERE,DR BABASAHEB AMBEDKAR TECHNOLOGICAL UNIVERSITY LONERE,RAIGAD,Govt aided,N,N,1-463267231,fetchdata,2016-2017,Engineering and Technology,1,1,1,1,Maharashtra,1
1-2809373147,ANJUMAN-I-ISLAM'S KALSEKAR TECHNICAL CAMPUS,"PLOT NOS. 2 & 3, SECTOR 16, KHANDAGAON, NEAR THANA NAKA",MUMBAI SUBURBAN,Unaided - Private,N,Y,1-482471901,fetchdata,2016-2017,Engineering and Technology,1,1,1,1,Maharashtra,1
1-2809538308,D.K.T.E. SOCIETY'S TEXTILE & ENGINEERING INSTITUTE,"""RAJWADA"" POST BOX NO. 130",KOLHAPUR,Unaided - Private,N,N,1-2404851,fetchdata,2016-2017,Engineering and Technology,1,1,1,1,Maharashtra,1
1-2809541361,"COLLEGE OF ENGINEERING, PUNE","WELLESLY ROAD, SHIVAJINAGAR, PUNE",PUNE,Government,N,N,1-14626132,fetchdata,2016-2017,Engineering and Technology,1,1,1,1,Maharashtra,1
1-2809546845,MAHARSHI KARVE STREE SHIKSHAN SAMSTHA'S CUMMINS COLLEGE OF ENGINEERING FOR WOMEN,"KARVENAGAR, PUNE 411 052",PUNE,Unaided - Private,Y,N,1-5901008,fetchdata,2016-2017,Engineering and Technology,1,1,1,1,Maharashtra,1
1-2809606662,"GRAMIN POLYTECHNIC DHARMAPURI, PARBHANI",GRAMIN POLYTECHNIC PARBHANI TQ. NANDKHEDA DIST. PARBHANI.431501,PARBHANI,Unaided - Private,N,N,1-463716241,fetchdata,2016-2017,Engineering and Technology,1,1,1,1,Maharashtra,1
1-2809667742,SMT. KASHIBAI NAVALE COLLEGE OF ENGINEERING,"S.NO. 44/1, VADGAON BK., OFF SINHGAD RD., PUNE",PUNE,Unaided - Private,N,N,1-4266964,fetchdata,2016-2017,Engineering and Technology,1,1,1,1,Maharashtra,1
1-2809704569,SDMVM'S ENGINEERING & TECHNOLOGY IN DIPLOMA (POLYTECHNIC),"HATTA, ZERO FATA,
TQ. BASMAT,
DIST -HINGOLI",HINGOLI,Unaided - Private,N,N,1-416779041,fetchdata,2016-2017,Engineering and Technology,1,1,1,1,Maharashtra,1
1-2809250384,ATHARVA COLLEGE OF ENGINEERING,"PLOT 8-12, CHARKOP NAKA, MALAD MARVE ROAD,MALAD WEST",MUMBAI CITY,Unaided - Private,N,N,1-5823533,fetchdata,2016-2017,Engineering and Technology,1,1,1,1,Maharashtra,1
1-2809251837,CHHATRAPATI SHAHU EDUCATION SOCIETY'S CHHATRAPATI SHAHU POLYTECHNIC,"PLOT NO:471, NH-4",SATARA,Unaided - Private,N,N,1-462292111,fetchdata,2016-2017,Engineering and Technology,1,1,1,1,Maharashtra,1
1-2809284914,"GOVERNMENT POLYTECHNIC,GONDIA","FULCHUR PETH,GOREGAON ROAD,GONDIA-441601",GONDIA,Government,N,N,1-503580441,fetchdata,2016-2017,Engineering and Technology,1,1,1,1,Maharashtra,1
1-2809373887,"VILASRAO DESHMUKH FOUNDATIONS, VDF SCHOOL OF POLYTECHNIC","""EDUCITY"", ADDITIONAL MIDC, PLOT NO.-165 A , NEAR MANJARA SUGAR",LATUR,Unaided - Private,N,N,1-445068681,fetchdata,2016-2017,Engineering and Technology,1,1,1,1,Maharashtra,1
1-2809374199,BHARATIYA VIDYA BHAVANS SARDAR PATEL INSTITUTE OF TECHNOLOGY,"BHAVANS CAMPUS, MUNSHI NAGAR, ANDHERI WEST MUMBAI",MUMBAI CITY,Unaided - Private,N,N,1-5754558,fetchdata,2016-2017,Engineering and Technology,1,1,1,1,Maharashtra,1
1-2809422914,J.T. MAHAJAN COLLEGE OF ENGINEERING,"JIVRAMNAGAR,
NHAVI-MARG, MSSK,
FAIZPUR,
TEHSIL - YAWAL, DISTRICT - JALGAON",JALGAON,Unaided - Private,N,N,1-2056282,fetchdata,2016-2017,Engineering and Technology,1,1,1,1,Maharashtra,1
1-2809441771,YADAVRAO TASGAONKAR POLYTECHNIC,"CHANDHAI, NASRAPUR, BHIVPURI, KARJAT, RAIGAD",RAIGAD,Unaided - Private,N,N,1-404247151,fetchdata,2016-2017,Engineering and Technology,1,1,1,1,Maharashtra,1
1-2809442273,GOVERNMENT POLYTECHNIC NANDURBAR,"MAUJE HOLE TARFE HAVELI,NEAR DUBKESHWAR MAHADEV MANDIR
NANDURBAR",NANDURBAR,Government,N,N,1-493083881,fetchdata,2016-2017,Engineering and Technology,1,1,1,1,Maharashtra,1
1-2809549021,SMT.RAJSHREE MULAK COLLEGE OF ENGINEERING FOR WOMEN,"GREAT NAG ROAD, NANDANVAN, NAGPUR-440009",NAGPUR,Unaided - Private,Y,N,1-6059776,fetchdata,2016-2017,Engineering and Technology,1,1,1,1,Maharashtra,1
1-2809550675,SSBT'S COLLEGE OF ENGINEERING & TECHNOLOGY,"POST BOX NO. 94
N.H. 6, BAMBHORI, JALGAON 425 001
MAHARASHTRA STATE",JALGAON,Unaided - Private,N,N,1-8773881,fetchdata,2016-2017,Engineering and Technology,1,1,1,1,Maharashtra,1
1-2809553808,ALL INDIA SHRI SHIVAJI MEMORIAL SOCIETYS POLYTECHNIC,"KENNEDY ROAD, NEAR RTO,
PUNE-411001",PUNE,Unaided - Private,N,N,1-457130041,fetchdata,2016-2017,Engineering and Technology,1,1,1,1,Maharashtra,1
1-2809607218,GANGAMAI COLLEGE OF ENGINEERING,AT POST NAGAON TAL. DIST. DHULE,DHULE,Unaided - Private,N,N,1-21313644,fetchdata,2016-2017,Engineering and Technology,1,1,1,1,Maharashtra,1
1-2809612735,"MAHARASHTRA ACADEMY OF ENGINEERING AND EDUCATIONAL RESEARCH, MIT COLLEGE OF ENGINEERING, PUNE","S.NO. 124, EX-SERVICEMAN COLONY, PAUD ROAD,
KOTHURD, PUNE 411038",PUNE,Unaided - Private,N,N,1-4898091,fetchdata,2016-2017,Engineering and Technology,1,1,1,1,Maharashtra,1
1-2809615740,SHREE MAHAVIR EDU. SOCIETY'S INSTITUTE OF TECHNOLOGY,"GUT NO. 166, MHASRUL-VARVANDI ROAD, TALUKA - DINDORI, DISTRICT - NASHIK. (M.S.)",NASHIK,Unaided - Private,N,N,1-420978581,fetchdata,2016-2017,Engineering and Technology,1,1,1,1,Maharashtra,1
1-2809669404,ANAND CHARITABLE SANSTA'S  DIPLOMA IN ENGINEERING & TECHNOLOGY,"GANGAI NAGAR, MURSHADPUR, TQ-ASHTI,DIST-BEED.",BEED,Unaided - Private,N,N,1-480219541,fetchdata,2016-2017,Engineering and Technology,1,1,1,1,Maharashtra,1
1-2809705904,NAMDEORAO POREDDIWAR COLLEGE OF ENGINEERING AND TECHNOLOGY,"AT MOUZA BODLI, DHANORA ROAD, GADCHIROLI
P.O. BOX. NO. 10",GADCHIROLI,Unaided - Private,N,N,1-8078801,fetchdata,2016-2017,Engineering and Technology,1,1,1,1,Maharashtra,1
1-2809706404,"EKALAVYA SHIKSHAN SANSTHA'S POLYTECHNIC,PUNE","S.NO.68/3/1,PAUD ROAD,KOTHRUD,PUNE",PUNE,Unaided - Private,N,N,1-433830775,fetchdata,2016-2017,Engineering and Technology,1,1,1,1,Maharashtra,1
1-2809252122,YOGWASHISTH SHIKSHAN PRASARK MANDASL Y.S.P.'S POLYTECHNIC.,GAT NO 35 BABHALGAON TQ DIST LATUR.,LATUR,Unaided - Private,N,N,1-475761341,fetchdata,2016-2017,Engineering and Technology,1,1,1,1,Maharashtra,1
1-2809252300,FR. CONCEICAO RODRIGUES COLLEGE OF ENGINEERING,"FR. AGNEL ASHRAM, BANDSTAND, BANDRA(W)",MUMBAI SUBURBAN,Unaided - Private,N,Y,1-4317814,fetchdata,2016-2017,Engineering and Technology,1,1,1,1,Maharashtra,1
1-2809292315,MAHARASHTRA COLLEGE OF ENGINEERING,"CHOUGAN PHATA, ARMORI ROAD (BETALA) TA.:- BRAMHAPURI DISTT.:- CHANDRAPUR (M. S.) 441 206",CHANDRAPUR,Unaided - Private,N,N,1-2511703381,fetchdata,2016-2017,Engineering and Technology,1,1,1,1,Maharashtra,1
1-2862025551,"TATYASAHEB KORE INSTITUTE OF ENGINEERING AND TECHNOLOGY (POLYTECHNIC), WARANANAGAR","A/P- WARANANAGAR, TAL- PANHALA,
DIST- KOLHAPUR",KOLHAPUR,Unaided - Private,N,N,,fetchdata,2016-2017,Engineering and Technology,1,1,1,1,Maharashtra,1
1-2816339692,PRIYADARSHINI COLLEGE OF ENGINEERING,"NEAR C.R.P.F. CAMPUS, HINGNA ROAD, NAGPUR",NAGPUR,Unaided - Private,N,Y,1-5435581,fetchdata,2016-2017,Engineering and Technology,1,1,1,1,Maharashtra,1
1-2816343073,BHARATI VIDYAPEETH'S COLLEGE OF ENGINEERING KOLHAPUR,"BHARATI VIDYAPEETH'S COLLEGE OF ENGINEERING, 
NEAR CHITRANAGARI,
 KOLHAPUR-416013",KOLHAPUR,Unaided - Private,N,N,1-7272341,fetchdata,2016-2017,Engineering and Technology,1,1,1,1,Maharashtra,1
1-2816343740,"HINDI SEVA MANDAL'S , SHRI SANT GADGE BABA COLLEGE OF ENGINEERING & TECHNOLOGY, BHUSAWAL.","NEAR Z.T.C., BHUSAWAL,
DIST.- JALGAON.
STATE-MAHARASHTRA",JALGAON,Unaided - Private,N,Y,1-3140633,fetchdata,2016-2017,Engineering and Technology,1,1,1,1,Maharashtra,1
1-2816346066,SHRI VATAVRIKSHA SWAMI MAHARAJ DEVASTHAN'S POLYTECHNIC,"GAT # 604/2,NEAR BHAKTA NIWAS, GANAGAPUR ROAD, AKKALKOT",SOLAPUR,Unaided - Private,N,N,1-426992791,fetchdata,2016-2017,Engineering and Technology,1,1,1,1,Maharashtra,1
1-2816346482,"DR.RAJENDRA GODE POLYTECHNIC,AMRAVATI","GHATKHED SURVEY NO.29,UNIVERSITY-MARDI ROAD,AMRAVATI",AMRAVATI,Unaided - Private,N,N,1-437094663,fetchdata,2016-2017,Engineering and Technology,1,1,1,1,Maharashtra,1
1-2816346950,UNIVERSAL COLLEGE OF ENGINEERING & RESEARCH,"GAT NO. 430, SASEWADI, TALUKA - BHOR,",PUNE,Unaided - Private,N,N,1-3101711,fetchdata,2016-2017,Engineering and Technology,1,1,1,1,Maharashtra,1
1-2816347601,DNYANSHREE INSTITUTE ENGINEERING AND TECHNOLOGY,"A/P:-SONVADI-GAJVADI,  SAJJANGAD ROAD,
TAL.-SATARA,
DIST.-SATARA.  MAHARASHTRA,INDIA",SATARA,Unaided - Private,N,N,1-773561721,fetchdata,2016-2017,Engineering and Technology,1,1,1,1,Maharashtra,1
1-2816350562,"SHRI SHIVAJI SHIKSHAN PRASARAK MANDAL, SHRI CHHATRAPATI SHIVAJI COLLEGE OF ENGINEERING","SHIRSHIVAJINAGAR (RAHURI FACTORY)
TAL: RAHURI, DIST: AHMEDNAGAR (MAHARASHTRA) 413706",AHMEDNAGAR,Unaided - Private,N,N,1-22837831,fetchdata,2016-2017,Engineering and Technology,1,1,1,1,Maharashtra,1
1-2816351033,TRINITY COLLEGE OF ENGINEERING & RESEARCH,"KONDHAWA-SASWAD ROAD, S. NO. 25 & 27, POST: PISOLI, POST/OFFICE: YEWALEWADI(BOPDEV GHAT), TAL: HAVELI, DIST: PUNE",PUNE,Unaided - Private,N,N,1-6066612,fetchdata,2016-2017,Engineering and Technology,1,1,1,1,Maharashtra,1
1-2816352357,MAHARASHTRA MUDRAN PARISHADS' INSTITUTE OF PRINTING TECHNOLOGY & RESEARCH,"PLOT NO. 3, SECTOR - 11, BALBHARATI MARG, KHANDA COLONY, NEW PANVEL, 410206",RAIGAD,Unaided - Private,N,N,1-539082885,fetchdata,2016-2017,Engineering and Technology,1,1,1,1,Maharashtra,1
1-2816352459,"MAHATMA GANDHI MISSION'S ,JAWAHARLAL NEHRU ENGINEERING COLLEGE","N-6,CIDCO,AURANGABAD- 431003",AURANGABAD,Unaided - Private,N,N,1-5377821,fetchdata,2016-2017,Engineering and Technology,1,1,1,1,Maharashtra,1
1-2816353638,SVKM'S NARSEE MONJEE INSTITUTE OF MANAGEMENT STUDIES,"BABHULDE, BANK OF TAPI RIVER, MUMBAI AGRA ROAD",DHULE,University Managed-Private,N,Y,1-513082061,fetchdata,2016-2017,Engineering and Technology,1,1,1,1,Maharashtra,1
1-2816354592,B.L.PATIL POLYTECHNIC,"NEAR OLD POLICE STATION KHOPOLI 
TAL KHALAPUR",RAIGAD,Unaided - Private,N,N,1-445051801,fetchdata,2016-2017,Engineering and Technology,1,1,1,1,Maharashtra,1
1-2816355388,"VIDARBHA YOUTH WELFARE SOCIETY'S POLYTECHNIC, BADNERA",ANJANGAON BARI ROAD BADNERA (RLY),AMRAVATI,Unaided - Private,N,N,1-406972591,fetchdata,2016-2017,Engineering and Technology,1,1,1,1,Maharashtra,1
1-2816356055,SHIVAJIRAO S. JONDHLE COLLEGE OF ENGINEERING &TECHNOLOGY,"AT ASANGAON, OPP RAILWAY STATION, ASANGAON TAL SHAHAPUR DIST THANE",THANE,Unaided - Private,N,N,1-21309801,fetchdata,2016-2017,Engineering and Technology,1,1,1,1,Maharashtra,1
1-2816357376,SHREE RAMCHANDRA COLLEGE OF ENGINNERING,"GUT NO-351/353, AT POST LONIKAND, TAL HAVELI, DIST PUNE.",PUNE,Unaided - Private,N,N,1-423117483,fetchdata,2016-2017,Engineering and Technology,1,1,1,1,Maharashtra,1
1-2816358021,"AMRUTVAHINI COLLEGE OF ENGINEERING, SANGAMNER","AMRUTNAGAR, GHULWADI, SANGAMNER , DIST - AHMEDNAGAR",AHMEDNAGAR,Unaided - Private,N,N,1-7576531,fetchdata,2016-2017,Engineering and Technology,1,1,1,1,Maharashtra,1
1-2816360003,SINHGAD TECHNICAL EDUCATION SOCIETY'S SOU. VENUTAI CHAVAN POLYTECHNIC,"S. NO. 44/1, OFF. SINHGAD, ROAD, VADGAON (BK), PUNE",PUNE,Unaided - Private,N,N,1-419413641,fetchdata,2016-2017,Engineering and Technology,1,1,1,1,Maharashtra,1
1-2816334598,YESHWANTRAO CHAVAN COLLEGE OF ENGINEERING,"WANADONGRI,
HINGNA ROAD,
NAGPUR - 441 110",NAGPUR,Unaided - Private,N,N,1-4736951,fetchdata,2016-2017,Engineering and Technology,1,1,1,1,Maharashtra,1
1-2816336573,"GURU GOBIND SINGH COLLEGE OF ENGINEERING AND RESEARCH CENTRE, NASHIK","KHALSA EDUCATIONAL COMPLEX, GURU GOBIND SINGH MARG, NASHIK",NASHIK,Unaided - Private,N,N,1-1404766831,fetchdata,2016-2017,Engineering and Technology,1,1,1,1,Maharashtra,1
1-2816337181,SHATABDI INSTITUTE OF TECHNOLOGY,"AT POST : AGASKHIND,
VIA : DEOLALI CAMP-BHAGUR,
TAL. SINNAR, DIST : NASHIK
PIN : 422 502",NASHIK,Unaided - Private,N,Y,1-413788101,fetchdata,2016-2017,Engineering and Technology,1,1,1,1,Maharashtra,1
1-2816338933,SONATAI PANDAV POLYTECHNIC,"SURVEY NO.73,AT. LAMDHAM, POST-PARADSINGA,TAH-KATOL.",NAGPUR,Unaided - Private,N,N,1-455493441,fetchdata,2016-2017,Engineering and Technology,1,1,1,1,Maharashtra,1
1-2815731115,"GOVERNMENT POLYTECHNIC, VIKRAMGAD","AT POST SHIL, SURVEY NO. 20",THANE,Government,N,N,1-513112193,fetchdata,2016-2017,Engineering and Technology,1,1,1,1,Maharashtra,1
1-2815731503, ASHOK INSTITUTE OF ENGINEERING AND TECHNOLOGY,"ASHOKNAGAR TAL. SHRIRAMPUR, DIST. AHMEDNAGAR",AHMEDNAGAR,Unaided - Private,N,N,1-478378551,fetchdata,2016-2017,Engineering and Technology,1,1,1,1,Maharashtra,1
1-2815731897,"POOJYA SANE GURUJI VIDYA PRASARAK MANDAL'S D. N. PATEL COLLEGE OF ENGINEERING, SHAHADA","POOJYA SANE GURUJI VIDYA PRASARAK MANDAL'S D. N. PATEL COLLEGE OF ENGINEERING, SHAHADA, DIST : NANDURBAR , MAHARASHTRA STATE, 
PIN : 425409.",NANDURBAR,Unaided - Private,N,N,1-2022661,fetchdata,2016-2017,Engineering and Technology,1,1,1,1,Maharashtra,1
1-2815732401,"GOVERNMENT COLLEGE OF ENGINEERING, AMRAVATI","GADGE NAGAR, VMV ROAD, NEAR KATHORA NAKA",AMRAVATI,Government,N,N,1-9598767,fetchdata,2016-2017,Engineering and Technology,1,1,1,1,Maharashtra,1
1-2815733283,"GOVERNMENT COLLEGE OF ENGINEERING, CHANDRAPUR","BALLARPUR BYPASS, BABUPETH, OPP. PRASANNA PETROL PUMP CHANDRAPUR-442 403  MAHARASHTRA",CHANDRAPUR,Government,N,N,1-8194771,fetchdata,2016-2017,Engineering and Technology,1,1,1,1,Maharashtra,1
1-2815712555,"GOVERNMENT RESIDENTIAL WOMENS POLYTECHNIC COLLEGE,YAVATMAL","DHAMANGAO ROAD,YAVATMAL",YAVATMAL,Government,Y,N,1-800693881,fetchdata,2016-2017,Engineering and Technology,1,1,1,1,Maharashtra,1
1-2815712978,"GOVERNMENT COLLEGE OF ENGINEERING, AURANGABAD (ACADEMIC AUTONOMOUS)","GOVERNMENT COLLEGE OF ENGINEERING
STATION ROAD
OSMANPURA,
AURANGABAD - 431 005 (MAHARASHTRA)",AURANGABAD,Government,N,N,1-35681791,fetchdata,2016-2017,Engineering and Technology,1,1,1,1,Maharashtra,1
1-2815713676,GOVERNMENT POLYTECHNICAL JALGAON,NATIONAL HIGHWAY NO 6 JILHAPETH JALGAON,JALGAON,Government,N,N,1-462258093,fetchdata,2016-2017,Engineering and Technology,1,1,1,1,Maharashtra,1
1-2815714187,"MATOSHRI INSTITUTE OF TECHNOLOGY, DHANORE","SUR.NO.101/3 A, 101/2/1, DHANORE, TAL: YEOLA, DIST: NASHIK",NASHIK,Unaided - Private,N,N,1-410954021,fetchdata,2016-2017,Engineering and Technology,1,1,1,1,Maharashtra,1
1-2815714848,"GOVERNMENT POLYTECHNIC, AWASARI (KHURD)","AT POST- AWASARI (KHURD), TAL- AMBEGAON, DIST- PUNE",PUNE,Government,N,N,1-475026781,fetchdata,2016-2017,Engineering and Technology,1,1,1,1,Maharashtra,1
1-2814421592,BABASAHEB NAIK COLLEGE OF ENGINEERING,"KAKADATI,
KARLA ROAD, PUSAD
DIST.YAVATMAL (MS)",YAVATMAL,Unaided - Private,N,N,1-4318017,fetchdata,2016-2017,Engineering and Technology,1,1,1,1,Maharashtra,1
1-2815715119,"GOVERNMENT POLYTECHNIC, SAKOLI","SHENDURWAFA, TALUKA-SAKOLI, DISTRICT- BHANDARA STATE-MAHARASHTRA",BHANDARA,Government,N,N,1-495149841,fetchdata,2016-2017,Engineering and Technology,1,1,1,1,Maharashtra,1
1-2815715361, SHREE SIDHIVINAYAK POLYTECHNIC,"SUR. NO. 86/1,,SIDHATEK BERDI,
TAL. KARJAT,,
AHMADNAGAR-414403",AHMEDNAGAR,Unaided - Private,N,N,1-476125311,fetchdata,2016-2017,Engineering and Technology,1,1,1,1,Maharashtra,1
1-2815715622,"GOVERNMENT INSTITUTE OF PRINTING TECHNOLOGY, MUMBAI","D.N. ROAD, SIR J.J. COLLEGE OF ART CAMPUS, NEAR CRAWFORD MARKET, MUMBAI",MUMBAI CITY,Government,N,N,1-504899711,fetchdata,2016-2017,Engineering and Technology,1,1,1,1,Maharashtra,1
1-2815715930,GOVERNMENT POLYTECHNIC MUMBAI,"49, KHERWADI ALIYAWAR JUNG MARG, BANDRA (EAST)
MUMBAI",MUMBAI SUBURBAN,Government,N,N,1-434680011,fetchdata,2016-2017,Engineering and Technology,1,1,1,1,Maharashtra,1
1-2815717572,GOVERNMENT POLYTECHNIC SOLAPUR,"AKKALKOT ROAD 
SHANTI CHOUK
SOLAPUR",SOLAPUR,Government,N,N,1-463156901,fetchdata,2016-2017,Engineering and Technology,1,1,1,1,Maharashtra,1
1-2815718418,INSTITUTE OF CHEMICAL TECHNOLOGY,"NATHALAL PAREKH MARG, MATUNGA",MUMBAI CITY,Govt aided,N,N,1-465973021,fetchdata,2016-2017,Engineering and Technology,1,1,1,1,Maharashtra,1
1-2815719168,"GOVERNMENT COLLEGE OF ENGINEERING ,JALGAON(M.S.)","NH-6,OPPOSITE TO DIC OFFICE,JALGAON -425002
MAHARASHTRA",JALGAON,Government,N,N,1-5025816,fetchdata,2016-2017,Engineering and Technology,1,1,1,1,Maharashtra,1
1-2815720629,SGB AMRAVATI UNIVERSITY,"TOPOWAN ROAD
CAMP",AMRAVATI,University Managed-Govt,N,N,1-34727050,fetchdata,2016-2017,Engineering and Technology,1,1,1,1,Maharashtra,1
1-2815720907,"GOVERNMENT POLYTECHNIC, NASHIK","NASHIK ROAD, NASHIK",NASHIK,Government,N,N,1-453230981,fetchdata,2016-2017,Engineering and Technology,1,1,1,1,Maharashtra,1
1-2815721434,AMRUTVAHINI POLYTECHNIC,"AMRUTNAGAR,
P.O. SANGAMNER S.K.
TAL: SANGAMNER
DIST: AHMEDNAGAR",AHMEDNAGAR,Unaided - Private,N,N,1-461211011,fetchdata,2016-2017,Engineering and Technology,1,1,1,1,Maharashtra,1
1-2815722026,P.R.PATIL COLLEGE OF ENGINEERING & TECHNOLOGY,"GAJANAN TOWNSHIP
POTE ESTATE KATHORA ROAD 
AMRAVATI",AMRAVATI,Unaided - Private,N,N,1-20600161,fetchdata,2016-2017,Engineering and Technology,1,1,1,1,Maharashtra,1
1-2815723618,"GOVERNMENT COLLEGE OF ENGINEERING, KARAD","VIDYANAGAR, KARAD-415124
DIST: SATARA, MAHARASHTRA",SATARA,Government,N,N,1-8833781,fetchdata,2016-2017,Engineering and Technology,1,1,1,1,Maharashtra,1
1-2815724280,"GOVERNMENT POLYTECHNIC, GADCHIROLI","MIDC ROAD, INDALA, GADCHIROLI",GADCHIROLI,Government,N,N,1-478389881,fetchdata,2016-2017,Engineering and Technology,1,1,1,1,Maharashtra,1
1-2815727357,GOVERNMENT POLYTECHNIC AMRAVATI,"GADGE NAGAR, AMRAVATI",AMRAVATI,Government,N,N,1-468116611,fetchdata,2016-2017,Engineering and Technology,1,1,1,1,Maharashtra,1
1-2815727886,GOVERNMENT POLYTECHNIC PUNE,"UNIVERSITY ROAD,GANESHKHID,PUNE",PUNE,Government,N,N,1-492904741,fetchdata,2016-2017,Engineering and Technology,1,1,1,1,Maharashtra,1
1-2815729556,"GOVERNMENT POLYTECHNIC, AHMEDNAGAR","NEAR I.T.I., BURUDGAON ROAD, AHMEDNAGAR - 414001",AHMEDNAGAR,Government,N,N,1-465626741,fetchdata,2016-2017,Engineering and Technology,1,1,1,1,Maharashtra,1
1-2815729823,GOVERNMENT COLLEGE OF ENGINEERING AND RESEARCH,"AVASARI (KHURD)
TAL. AMBEGAON, DIST. PUNE",PUNE,Government,N,N,1-10063464,fetchdata,2016-2017,Engineering and Technology,1,1,1,1,Maharashtra,1
1-2815730326,PUNE VIDYARTHI GRIHA'S COLLEGE OF ENGINEERING AND TECHNOLOGY,"S.NO.44,VIDYANAGARI,SHIVDARSHAN,PARVATI,PUNE",PUNE,Unaided - Private,N,N,1-7640651,fetchdata,2016-2017,Engineering and Technology,1,1,1,1,Maharashtra,1
1-2843792671,GOVERNMENT COLLEGE OF ENGINEERING NAGPUR,MIHAN REHABILITATION COLONY KHAPRI RAILWAY WARDHA ROAD NAGPUR,NAGPUR,Government,N,N,,fetchdata,2016-2017,Engineering and Technology,1,1,1,1,Maharashtra,1
1-2817102301,SOU.SUSHILA DANCHAND GHODAWAT CHARITABLE TRUST'S SANJAY GHODAWAT GROUP OF INSTITUTIONS,"GAT NO. 583 TO 585,
A/P- ATIGRE, 416 118
TAL - HATKANANGALE, DIST - KOLHAPUR
MAHARASHTRA",KOLHAPUR,Unaided - Private,N,N,1-4356481,fetchdata,2016-2017,Engineering and Technology,1,1,1,1,Maharashtra,1
1-2866116070,SIES GRADUATE SCHOOL OF TECHNOLOGY,"SRI CHANDRASEKARENDRA SARASWATHY VIDYAPURAM, SECTOR-V, NERUL, NAVI MUMBAI",THANE,Unaided - Private,N,Y,1-2933231,fetchdata,2016-2017,Engineering and Technology,1,1,1,1,Maharashtra,1
1-2866120241,SARASWATI INSTITUTE OF TECHNOLOGY,"PLOT-46/46A, BEHIND MSEB SUB STATION, SECT-5, NEAR UTSAV CHOWK, KHARGHAR",RAIGAD,Unaided - Private,N,N,1-419619921,fetchdata,2016-2017,Engineering and Technology,1,1,1,1,Maharashtra,1
1-2871856381,GOKHALE EDUCATION SOCIETY'S SIR DR. M. S. GOSAVI POLYTECHNIC INSTITUTE,"G.E.SOCIETY'S BYTCO COLLEGE CAMPUS, 
NASIK ROAD,
NASIK",NASHIK,Unaided - Private,N,N,,fetchdata,2016-2017,Engineering and Technology,1,1,1,1,Maharashtra,1
1-2871171571,NATIONAL INSTITUTE OF INDUSTRIAL ENGINEERING,"VIHAR LAKE
NITIE P.O.",MUMBAI SUBURBAN,Government,N,N,1-1519894261,fetchdata,2016-2017,Engineering and Technology,1,1,1,1,Maharashtra,1
1-2866110220,MGM'S COLLEGE OF ENGINEERING AND TECHNOLOGY,"AT JUNCTION NH-4,SION PANVEL EXPRESSWAY, SECTOR-18,KAMOTHE,NAVI MUMBAI.",RAIGAD,Unaided - Private,N,N,1-12120544,fetchdata,2016-2017,Engineering and Technology,1,1,1,1,Maharashtra,1
1-2866111722,LOKMANYA TILAK COLLEGE OF ENGINEERING,"SECTOR-4,KOPARKHAIRANE,
PLOT NO.17,18 & 19,
NAVI MUMBAI",MUMBAI CITY,Unaided - Private,N,Y,1-6317941,fetchdata,2016-2017,Engineering and Technology,1,1,1,1,Maharashtra,1
1-2874264611,"R. C. PATEL POLYTECHNIC, SHIRPUR","SURVEY NO. 41/1, NEAR BALAJI NAGAR, OPPOSITE TO R. C. PATEL EDUCATIONAL COMPLEX, KARAVAND ROAD, SHIRPUR - 425405; DIST: DHULE (MS)",DHULE,Unaided - Private,N,Y,,fetchdata,2016-2017,Engineering and Technology,1,1,1,1,Maharashtra,1
1-2866112231,DATTA MEGHE COLLEGE OF ENGINEERING,"PLOT NO.98.P.B.15,SECTOR3,CIDCO COLONY,AIROLI,NAVI MUMBAI,400708",THANE,Unaided - Private,N,N,1-11862950,fetchdata,2016-2017,Engineering and Technology,1,1,1,1,Maharashtra,1
1-2872554601,"INSTITUTE OF ENGINEERING AND TECHNOLOGY, NDA","MANOJ PANDEY BLOCK,
NDA
KHADAKWASLA
PUNE 
MAHARASHTRA
411023",PUNE,Government,N,N,,fetchdata,2016-2017,Engineering and Technology,1,1,1,1,Maharashtra,1
1-2864399364,PILLAI COLLEGE OF ENGINEERING,"DR. K. M. VASUDEVAN PILLAIS, SECTOR 16, NEW PANVEL, NAVI MUMBAI -410206",RAIGAD,Unaided - Private,N,Y,1-5772986,fetchdata,2016-2017,Engineering and Technology,1,1,1,1,Maharashtra,1
