institute_id,institute_name,address,district,institution_type,women_only,minority,parent_id,method,year,program,level,institutiontype,Women,Minority,state,course
1-2196411526,V.K.K VIJAYAN ENGINEERING COLLEGE,"102,
IRUNGATTUKOTTAI,",KANCHIPURAM,Unaided - Private,N,N,1-513985981,fetchdata,2014-2015,Engineering and Technology,1,1,1,1,Tamil Nadu,1
1-2062492931,SRI ANDAL NACHIYAR POLYTECHNIC COLLEGE,"ETHILAPPANAYAKKANPATTY VILLAGE, ETTAYAPURAM TALUK, TUTICORIN DISTRICT",THOOTHUKUDI,Unaided - Private,N,N,,fetchdata,2014-2015,Engineering and Technology,1,1,1,1,Tamil Nadu,1
1-2181710931,GOVERNMENT COLLEGE OF ENGINEERING,"MELACHOKKNATHAPURAM VILLAGE,
BODINAYAKKANUR",THENI,Government,N,N,,fetchdata,2014-2015,Engineering and Technology,1,1,1,1,Tamil Nadu,1
1-2068747811,EASWAR POLYTECHNIC COLLEGE,"RETTAKURURICHI(POST), TITTAGUDI(TALUK)CUDDALORE(DISTRICT)",CUDDALORE,Unaided - Private,N,N,,fetchdata,2014-2015,Engineering and Technology,1,1,1,1,Tamil Nadu,1
1-2098276502,SUN INSTITUTE OF TECHNOLOGY,"SUN NAGER
ERACHAKULAM & POST
NAGERCOIL
KANYA KUMARI DIST
TAMIL NADU",KANYAKUMARI,Unaided - Private,N,N,1-440344471,fetchdata,2014-2015,Engineering and Technology,1,1,1,1,Tamil Nadu,1
1-2098370208,M.G.R. GOVERNMENT FILM AND TELEVISION INSTITUTE,"C.I.T. CAMPUS,
THARAMANI,",CHENNAI,Government,N,N,1-723979581,fetchdata,2014-2015,Engineering and Technology,1,1,1,1,Tamil Nadu,1
1-2082325841,M.S.POLYTECHNIC COLLEGE,"KURUNTHIRAKOTTAI ROAD,
RAJENDRAPURAM VILLAGE,
ARANTHANGI TALUK,
PUDUKOTTAI DISTRICT -614 624",PUDUKKOTTAI,Unaided - Private,N,N,,fetchdata,2014-2015,Engineering and Technology,1,1,1,1,Tamil Nadu,1
1-2186354961,SRI JAYARAM INSTITUTE OF ENGINEERING AND TECHNOLOGY,"51 N ELAVUR, 58 N NATHAM VILLAGE,GUMUDIPOONDI TALUK, THIRUVALLUR DISTRICT, TAMIL NADU. PIN 601201",THIRUVALLUR,Unaided - Private,N,N,,fetchdata,2014-2015,Engineering and Technology,1,1,1,1,Tamil Nadu,1
1-2183174231,PSG INSTITUTE OF TECHNOLOGY AND APPLIED RESEARCH,"AVINASHI ROAD
NEELAMBUR 
PIN - 641062",COIMBATORE,Unaided - Private,N,N,,fetchdata,2014-2015,Engineering and Technology,1,1,1,1,Tamil Nadu,1
1-2016448267,SASURIE COLLEGE OF ENGINEERING,"VIJAYAMANGALAM
TIRUPPUR - 638 056",TIRUPPUR,Unaided - Private,N,N,1-6114086,fetchdata,2014-2015,Engineering and Technology,1,1,1,1,Tamil Nadu,1
1-2016451054,NADAR MAHAJANA SANGAM VIMALA CHELLADURAI POLYTECHNIC COLLEGE,"MALLAMPALAYAM, DHARAPURAM TALUK, TIRUPPUR DISTRICT",TIRUPPUR,Unaided - Private,N,N,1-788393901,fetchdata,2014-2015,Engineering and Technology,1,1,1,1,Tamil Nadu,1
1-2016428263,SRI VENKATESWARA COLLEGE OF ENGINEERING,"POST BAG NO 3,
PENNALUR,
SRIPERUMBUDUR,
TAMIL NADU
PIN - 602 105",KANCHIPURAM,Unaided - Private,N,Y,1-2492131,fetchdata,2014-2015,Engineering and Technology,1,1,1,1,Tamil Nadu,1
1-2016430789,KPR INSTITUTE OF ENGINEERING AND TECHNOLOGY,"SF: 204/2 & 204/4, KOLLUPALAYAM VILLAGE,
ARASUR PANCHAYAT, COIMBATORE - 641 407",COIMBATORE,Unaided - Private,N,N,1-2828971,fetchdata,2014-2015,Engineering and Technology,1,1,1,1,Tamil Nadu,1
1-2016431311,KUMARAN POLYTECHNIC COLLEGE,"KANIAMBAKKAM VILLAGE,DEVATHANAM POST,PONNERI TALUK",THIRUVALLUR,Unaided - Private,N,N,1-776709841,fetchdata,2014-2015,Engineering and Technology,1,1,1,1,Tamil Nadu,1
1-2016439291,VELAMMAL INSTITUTE OF TECHNOLOGY,"CHENNAI - KOLKATTA HIGH WAY
PANCHEETI VILLAGE
PONNERI TALUK
THIRUVALLUR DISTRICT
PIN 601 204",THIRUVALLUR,Unaided - Private,N,N,1-6111471,fetchdata,2014-2015,Engineering and Technology,1,1,1,1,Tamil Nadu,1
1-2016439706,SRI VENKATESWARAA COLLEGE OF TECHNOLOGY,"SIRUKULATHUR,VADAKAL VILLAGE,MATHUR POST SRIPERUMBHUDUR",KANCHIPURAM,Unaided - Private,N,N,1-7725831,fetchdata,2014-2015,Engineering and Technology,1,1,1,1,Tamil Nadu,1
1-2016464247,THE WINNERS POLYTECHNIC COLLEGE,"WINNERS CITY,PUDUPPAI NAAL ROAD,MULANUR-VELLAKOVIL MAIN ROAD,RACKIAVALASU (PO)MULANUR.",TIRUPPUR,Unaided - Private,N,N,1-506465731,fetchdata,2014-2015,Engineering and Technology,1,1,1,1,Tamil Nadu,1
1-2016431504,INDRA GANESAN COLLEGE OF ENGINEERING,"MADURAI MAIN ROAD,
MANIKANDAM,
TIRUCHIRAPPALLI
620012",TIRUCHIRAPPALLI,Unaided - Private,N,N,1-5177771,fetchdata,2014-2015,Engineering and Technology,1,1,1,1,Tamil Nadu,1
1-2016453212,BANNARI AMMAN INSTITUTE OF TECHNOLOGY,"SATHY-BHAVANI STATE HIGHWAY
ALATHUKOMBAI-POST
SATHYAMANGALAM-638401
ERODE DISTRICT
TAMIL NADU",ERODE,Unaided - Private,N,N,1-5146256,fetchdata,2014-2015,Engineering and Technology,1,1,1,1,Tamil Nadu,1
1-2016455821,SASURIE ACADEMY OF ENGINEERING,"NH - 209, SATHY MAIN ROAD,
KARIYAMPALAYAM POST,
COIMBATORE - 641 653.
TMAIL NADU
INDIA",COIMBATORE,Unaided - Private,N,N,1-7095791,fetchdata,2014-2015,Engineering and Technology,1,1,1,1,Tamil Nadu,1
1-2016432108,UNNAMALAI INSTITUTE OF TECHNOLOGY,"SUBA NAGAR,
AYYANERI POST,
KOVILPATTI,
THOOTHUKUDI DISTRICT",THOOTHUKUDI,Unaided - Private,N,N,1-4092411,fetchdata,2014-2015,Engineering and Technology,1,1,1,1,Tamil Nadu,1
1-2016433527,SRI VENKATESHWARA INSTITUTE OF ENGINEERING,"NH-7,BANGALORE MAIN ROAD
MELUMALAI VILLAGE
HOSUR TALUK
KRISHNAGIRI DISTRICT,
635115",KRISHNAGIRI,Unaided - Private,N,N,1-434044821,fetchdata,2014-2015,Engineering and Technology,1,1,1,1,Tamil Nadu,1
1-2016439953,SANKAR POLYTECHNIC COLLEGE,"SANKAR POLYTECHNIC COLLEGE,
SANKARNAGAR",TIRUNELVELI,Govt aided,N,N,1-430245341,fetchdata,2014-2015,Engineering and Technology,1,1,1,1,Tamil Nadu,1
1-2053503821,PERUNTHALAIVAR K KAMARAJAR POLYTECHNIC COLLEGE,"NEAR EB SUB STATION
VENGALAPURAM VILLAGE & POST
TIRUPATTUR TK",VELLORE,Unaided - Private,N,N,,fetchdata,2014-2015,Engineering and Technology,1,1,1,1,Tamil Nadu,1
1-2016433802,NACHIMUTHU POLYTECHNIC COLLEGE,"UDUMALAI ROAD
MAKKINAICKENPATTI POST",COIMBATORE,Govt aided,N,N,1-407397711,fetchdata,2014-2015,Engineering and Technology,1,1,1,1,Tamil Nadu,1
1-2016442299,"GOVERNMENT COLLEGE OF ENGINEERING, TIRUNELVELI","THE PRINCIPAL,
GOVERNMENT COLLEGE OF ENGINEERING,
TIRUNELVELI",TIRUNELVELI,Government,N,N,1-423131932,fetchdata,2014-2015,Engineering and Technology,1,1,1,1,Tamil Nadu,1
1-2016458653,MUSIRI INSTITUTE OF TECHNOLOGY,"ANNAI NAGAR,
M.PUDUPATTI(PO),
THURAIYUR MAIN ROAD,
MUSIRI - (TK)
TRICHY - (DT)",TIRUCHIRAPPALLI,Unaided - Private,N,N,1-445667701,fetchdata,2014-2015,Engineering and Technology,1,1,1,1,Tamil Nadu,1
1-2016435357,VEL TECH,"60,AVADI-VELTECH ROAD,
AVADI",THIRUVALLUR,Unaided - Private,N,Y,1-8635241,fetchdata,2014-2015,Engineering and Technology,1,1,1,1,Tamil Nadu,1
1-2016442706,AMRITA VISWA VIDYAPEETHAM,"AMRITA SCHOOL OF ENGINEERING
ETTIMADAI,
COIMBATORE-641 105",COIMBATORE,Deemed University(Private),N,N,1-414170221,fetchdata,2014-2015,Engineering and Technology,1,1,1,1,Tamil Nadu,1
1-2016446363,"R.V.S. EDUCATIONAL TRUST'S GROUP OF INSTITUTIONS  R.V.S. SCHOOL OF ENGINEERING & TECHNOLOGY, R.V.S. ","R.V.S. NAGAR
N.PARAIPATTI POST",DINDIGUL,Unaided - Private,N,N,1-447630411,fetchdata,2014-2015,Engineering and Technology,1,1,1,1,Tamil Nadu,1
1-2016446972,KAR POLYTECHNIC COLLEGE,"M.C. ROAD,
SOLUR VILLAGE,
AMBUR.",VELLORE,Unaided - Private,N,N,1-448394833,fetchdata,2014-2015,Engineering and Technology,1,1,1,1,Tamil Nadu,1
1-2016459018,SRI VIDYA COLLEGE OF ENGINEERING & TECHNOLOGY,"SIVAKASI MAIN ROAD,
P.KUMARALINGAPURAM,
VIRUDHUNAGAR-626005
TAMIL NADU.",VIRUDHUNAGAR,Unaided - Private,N,N,1-10093904,fetchdata,2014-2015,Engineering and Technology,1,1,1,1,Tamil Nadu,1
1-2016461112,RAMU - SEETHA POLYTECHNIC COLLEGE,"RAMU - SEETHA NAGAR
KARIAPATTI",VIRUDHUNAGAR,Unaided - Private,N,N,1-404662901,fetchdata,2014-2015,Engineering and Technology,1,1,1,1,Tamil Nadu,1
1-2016462449,RVS TECHNICAL CAMPUS-COIMBATORE,"KUMARAN KOTTAM CAMPUS
KANNAMPALAYAM
SULUR
COIMBATORE",COIMBATORE,Unaided - Private,N,N,1-4154504,fetchdata,2014-2015,Engineering and Technology,1,1,1,1,Tamil Nadu,1
1-2016330332,ARULMIGU KALASALINGAM POLYTECHNIC COLLEGE,"ANAND NAGAR,
KRISHNANKOIL",VIRUDHUNAGAR,Unaided - Private,N,N,1-494355911,fetchdata,2014-2015,Engineering and Technology,1,1,1,1,Tamil Nadu,1
1-2016330829,DR. SIVANTHI ADITANAR COLLEGE OF ENGINEERING,"TIRUNELVELI ROAD,
TIRUCHENDUR - 628215",THOOTHUKUDI,Unaided - Private,N,N,1-5775241,fetchdata,2014-2015,Engineering and Technology,1,1,1,1,Tamil Nadu,1
1-2016319112,PANIMALAR INSTITUTE OF TECHNOLOGY,"NO.391, BANGALORE TRUNK ROAD,
 VARADHARAJAPURAM,
 POONAMALLEE, 
CHENNAI - 600123
TAMILNADU",THIRUVALLUR,Unaided - Private,N,Y,1-5987871,fetchdata,2014-2015,Engineering and Technology,1,1,1,1,Tamil Nadu,1
1-2016320992,ADHIYAMAAN POLYTECHNIC COLLEGE,"DR.M.G.R.NAGAR,
CHENNATHUR",KRISHNAGIRI,Unaided - Private,N,N,1-398281221,fetchdata,2014-2015,Engineering and Technology,1,1,1,1,Tamil Nadu,1
1-2016331457,"PSNA COLLEGE OF ENGINEERING AND TECHNOLOGY , DINDIGUL","KOTHANDARAMAN NAGAR,
MUTHANAMPATTI ( PO),
DINDIGUL.- 624 622",DINDIGUL,Unaided - Private,N,N,1-5728161,fetchdata,2014-2015,Engineering and Technology,1,1,1,1,Tamil Nadu,1
1-2016333426,KONGU HI-TEK POLYTECHNIC COLLEGE,"S.F.NO.94/2 PUNGAMPADI WEST VILLAGE, KANAKUVELANPATTY POST, ARAVAKURICHI TALUK, KARUR DISTRICT, PIN 639 201",KARUR,Unaided - Private,N,N,1-743613981,fetchdata,2014-2015,Engineering and Technology,1,1,1,1,Tamil Nadu,1
1-2016333591,COIMBATORE INSTITUTE OF TECHNOLOGY,"AVINASHI ROAD,
AERODROMME POST",COIMBATORE,Govt aided,N,N,1-5213396,fetchdata,2014-2015,Engineering and Technology,1,1,1,1,Tamil Nadu,1
1-2016321395,SAMUEL POLYTECHNIC COLLEGE,"V.E.RAJA NAGAR,
MUDIVAITHANENDAL,
VAGAIKULAM
THOOTHUKUDI (DT)",THOOTHUKUDI,Unaided - Private,N,N,1-457130941,fetchdata,2014-2015,Engineering and Technology,1,1,1,1,Tamil Nadu,1
1-2016334776,PET POLYTECHNIC COLLEGE,"TIRUCHENDUR ROAD,VALLIOOR-627117,TIRUNELVELI DISTRICT,TAMIL NADU,INDIA.",TIRUNELVELI,Unaided - Private,N,Y,1-474065941,fetchdata,2014-2015,Engineering and Technology,1,1,1,1,Tamil Nadu,1
1-2016335204,EINSTEIN COLLEGE OF ENGINEERING,"SIR.C.V.RAMAN NAGAR
SEETHAPARPANALLUR
TIRUNELVELI-627012
TAMIL NADU",TIRUNELVELI,Unaided - Private,N,N,1-1932651,fetchdata,2014-2015,Engineering and Technology,1,1,1,1,Tamil Nadu,1
1-2016321690,SRI THIAGARAJAR POLYTECHNIC COLLEGE,"LAKSHMI NAGAR,
VALAPPADY (PO),
VALAPPADY (TK).",SALEM,Unaided - Private,N,N,1-439939011,fetchdata,2014-2015,Engineering and Technology,1,1,1,1,Tamil Nadu,1
1-2016335760,AKSHAYA COLLEGE OF ENGINEERING AND TECHNOLOGY,"SF NO.112/1CPT,114/1,115/1,116/2C,
BAGAVATHIPALAYAM ROAD, KINATHUKADAVU, COIMBATORE",COIMBATORE,Unaided - Private,N,N,1-4157792,fetchdata,2014-2015,Engineering and Technology,1,1,1,1,Tamil Nadu,1
1-2016322025,DUSI POLYTECHNIC COLLEGE,"DUSI VILLAGE &POST, CHEYYAR TALUK, TIRUVANNAMALAI DISTRICT",TIRUVANNAMALAI,Unaided - Private,N,N,1-438820481,fetchdata,2014-2015,Engineering and Technology,1,1,1,1,Tamil Nadu,1
1-2016330676,VARADHARAJAN POLYTECHNIC COLLEGE,"MUTHAL VARISAI PATTI, 
KUNNAM (TK)",PERAMBALUR,Unaided - Private,N,N,1-460411741,fetchdata,2014-2015,Engineering and Technology,1,1,1,1,Tamil Nadu,1
1-2016322332,ADHIYAMAAN COLLEGE OF ENGINEERING (ENGINEERING & TECHNOLOGY),"(ENGINEERING & TECHNOLOGY)
AERI CAMPUS
DR.M.G.R.NAGAR,
HOSUR-635 109
KRISHNAGIRI DISTRICT
TAMIL NADU",KRISHNAGIRI,Unaided - Private,N,N,1-5725821,fetchdata,2014-2015,Engineering and Technology,1,1,1,1,Tamil Nadu,1
1-2016280324,JAYARAM COLLEGE OF ENGINEERING AND TECHNOLOGY,"KARATTAMPATTY, PAGALAVADI, THURAIYUR TALUK, 
TIRUCHIRAPPALLI - 621 014",TIRUCHIRAPPALLI,Unaided - Private,N,N,1-16908673,fetchdata,2014-2015,Engineering and Technology,1,1,1,1,Tamil Nadu,1
1-2016314204,SIVAJI COLLEGE OF ENGINEERING & TECHNOLOGY,"MANIVILAI

MANIVILAI.P.O",KANYAKUMARI,Unaided - Private,N,N,1-8623201,fetchdata,2014-2015,Engineering and Technology,1,1,1,1,Tamil Nadu,1
1-2016325169,"GOVERNMENT COLLEGE OF ENGINEERING,SALEM","GOVERMENT COLLEGE OF ENGINEERING
BANGALORE HIGHWAYS
SALEM-11",SALEM,Government,N,N,1-8410741,fetchdata,2014-2015,Engineering and Technology,1,1,1,1,Tamil Nadu,1
1-2016314605,KURINJI COLLEGE OF ENGINEERING AND TECHNOLOGY,"VENGAIKURICHI VILLAGE
MALAIYADIPATTI POST
MANAPPARAI 
TIRUCHIRAPPALLI - 621307",TIRUCHIRAPPALLI,Unaided - Private,N,N,1-3282934,fetchdata,2014-2015,Engineering and Technology,1,1,1,1,Tamil Nadu,1
1-2016315491,PRINCE SHRI VENKATESHWARA PADMAVATHY ENGINERING COLLEGE,"MEDAVAKKAM - MAMBAKKAM ROAD
PONMAR,
CHENNAI - 600 048.",KANCHIPURAM,Unaided - Private,N,N,1-4160781,fetchdata,2014-2015,Engineering and Technology,1,1,1,1,Tamil Nadu,1
1-2016315981,MOUNT ZION COLLEGE OF ENGINEERING AND TECHNOLOGY,"LENA VILAKKU,
PILIVALAM PO,
PUDUKKOTTAI",PUDUKKOTTAI,Unaided - Private,N,N,1-2782864,fetchdata,2014-2015,Engineering and Technology,1,1,1,1,Tamil Nadu,1
1-2016317205,ANAND INSTITUTE OF HIGHER TECHNOLOGY,"KALASALINGAM NAGAR, OLD MAHABALIPURAM ROAD,
KAZHIPATTUR VILLAGE, CHENGALPATTU TALUK
KANCHEEPURAM DISTRICT",KANCHIPURAM,Unaided - Private,N,N,1-2606254,fetchdata,2014-2015,Engineering and Technology,1,1,1,1,Tamil Nadu,1
1-2016328529,INSTITUTE OF ROAD AND TRANSPORT TECHNOLOGY,"VASAVI COLLEGE(PO)
ERODE (DT)
PIN -638316",ERODE,Unaided - Private,N,N,1-7644701,fetchdata,2014-2015,Engineering and Technology,1,1,1,1,Tamil Nadu,1
1-2016329387,ARULMURUGAN POLYTECHNIC COLLEGE,"KARVAZHI ROAD
THENNILAI
ARAVAKURICHY-TK
KARUR-DT",KARUR,Unaided - Private,N,N,1-402581451,fetchdata,2014-2015,Engineering and Technology,1,1,1,1,Tamil Nadu,1
1-2016318453,JAWAHAR ENGINEERING COLLEGE,"""SABARMATHI"" NO.54 KALAINGNAR KARUNANITHI ROAD
KAVERI RANGAN NAGAR, SALIGRAMAM, CHENNAI - 600093",CHENNAI,Unaided - Private,N,N,1-7033311,fetchdata,2014-2015,Engineering and Technology,1,1,1,1,Tamil Nadu,1
1-2016339254,SRI RANGANATHAR INSTITUTE OF ENGINEERING AND TECHNOLOGY,"SF NO 162, ATHIPALAYAM VILLAGE,
THUDIYALUR - KOVILPALAYAM ROAD,
COIMBATORE 641110",COIMBATORE,Unaided - Private,N,N,1-476020081,fetchdata,2014-2015,Engineering and Technology,1,1,1,1,Tamil Nadu,1
1-2016360936,S.A.ENGINEERING COLLEGE,"POONAMALLEE-AVADI ROAD,
THIRUVERKADU POST,
CHENNAI-600077",THIRUVALLUR,Unaided - Private,N,Y,1-15813371,fetchdata,2014-2015,Engineering and Technology,1,1,1,1,Tamil Nadu,1
1-2016362782,MORNING STAR POLYTECHNIC COLLEGE,"THIRUMALAI,
CHUNKANKADAI.",KANYAKUMARI,Unaided - Private,N,Y,1-479984091,fetchdata,2014-2015,Engineering and Technology,1,1,1,1,Tamil Nadu,1
1-2016363122,JAYARAJ ANNAPACKIAM CSI COLLEGE OF ENGTINEERING,"MARGOSCHIS NAGAR,
NAZARETH
THOOTHUKUDI DISTRICT
TAMILNADU",THOOTHUKUDI,Unaided - Private,N,N,1-421788122,fetchdata,2014-2015,Engineering and Technology,1,1,1,1,Tamil Nadu,1
1-2016390890,SREE SOWDAMBIKA COLLEGE OF ENGINEERING,"CHETTIKURICHI
ARUPPUKOTTAI",VIRUDHUNAGAR,Unaided - Private,N,Y,1-396896621,fetchdata,2014-2015,Engineering and Technology,1,1,1,1,Tamil Nadu,1
1-2016406108,ROHINI COLLEGE OF ENGINEERING AND TECHNOLOGY,"PALKUMLAM
KANYAKUMARI DISTRICT",KANYAKUMARI,Unaided - Private,N,N,1-523681721,fetchdata,2014-2015,Engineering and Technology,1,1,1,1,Tamil Nadu,1
1-2016419088,C.ABDUL HAKEEM COLLEGE OF ENGINEERING & TECHNOLOGY,HAKEEM NAGAR,VELLORE,Unaided - Private,N,Y,1-429696611,fetchdata,2014-2015,Engineering and Technology,1,1,1,1,Tamil Nadu,1
1-2016339592,K.N.S.K COLLEGE OF ENGINEERING," P.C.P NAGAR,
THEREKALPUTHOOR,
THIRUPPATHISARAM POST
AGASTEESWARAM TALUK
NAGERCOIL - 629 901
KANYA KUMARI DISTRICT
TAMIL NADU",KANYAKUMARI,Unaided - Private,N,N,1-3369933,fetchdata,2014-2015,Engineering and Technology,1,1,1,1,Tamil Nadu,1
1-2016364919,K.L.N.COLLEGE OF ENGINEERING,"MADURAI - NEDUNKULAM ROAD
POTTAPALAYAM-630611
SIVAGANGAI DISTRICT
TAMILNADU",SIVAGANGA,Unaided - Private,N,Y,1-5127424,fetchdata,2014-2015,Engineering and Technology,1,1,1,1,Tamil Nadu,1
1-2016394235,PERIYAR CENTENARY POLYTECHNIC COLLEGE,PERIYAR NAGAR,THANJAVUR,Govt aided,N,N,1-413825331,fetchdata,2014-2015,Engineering and Technology,1,1,1,1,Tamil Nadu,1
1-2016407321,SRI SUBRAMANYA COLLEGE OF ENGG & TECH,SUKKAMANAICKENPATTI,DINDIGUL,Unaided - Private,N,N,1-3131574,fetchdata,2014-2015,Engineering and Technology,1,1,1,1,Tamil Nadu,1
1-2016340180,ST. JOSEPH'S COLLEGE OF ENGINEERING,"JEPPIAAR NAGAR
OLD MAMALLAPURAM ROAD",KANCHIPURAM,Unaided - Private,N,Y,1-434630173,fetchdata,2014-2015,Engineering and Technology,1,1,1,1,Tamil Nadu,1
1-2016342515,M.A.M. COLLEGE OF ENGINEERING,"TRICHY-CHENNAI TRUNK ROAD, SIRUGANUR, TIRUCHIRAPPALLI, TAMILNADU - 621105",TIRUCHIRAPPALLI,Unaided - Private,N,Y,1-4410164,fetchdata,2014-2015,Engineering and Technology,1,1,1,1,Tamil Nadu,1
1-2016394931,SUGUNA POLYHTECHNIC COLLEGE,"NEHRU NAGAR,
KALAPATTY ROAD,
CIVIL AERODROME 
PO,",COIMBATORE,Unaided - Private,N,N,1-435925181,fetchdata,2014-2015,Engineering and Technology,1,1,1,1,Tamil Nadu,1
1-2016407820,MAHATH AMMA INSTITUTE OF ENGINEERING AND TECHNOLOGY,"ARIYUR, MATHIYANALOOR -  POST
ANNAVASAL ROAD,
ILLUPUR TALUK",PUDUKKOTTAI,Unaided - Private,N,N,1-5029546,fetchdata,2014-2015,Engineering and Technology,1,1,1,1,Tamil Nadu,1
1-2016421997,DMI COLLEGE OF ENGINEERING,"ST.JOSEPH'S TOWN,
MEVALURKUPPAM B VILLAGE,
NAZARETHPET POST,
PALANCHUR,",KANCHIPURAM,Unaided - Private,N,Y,1-3584027,fetchdata,2014-2015,Engineering and Technology,1,1,1,1,Tamil Nadu,1
1-2016347244,SSM POLYTECHNIC COLLEGE,VALAYAKARANOOR,NAMAKKAL,Govt aided,N,N,1-447948571,fetchdata,2014-2015,Engineering and Technology,1,1,1,1,Tamil Nadu,1
1-2016368289,SRI RAMANA INSTITUTE OF POLYTECHNIC COLLEGE,MOOLAIKARAIPATTI,TIRUNELVELI,Unaided - Private,N,N,1-423280381,fetchdata,2014-2015,Engineering and Technology,1,1,1,1,Tamil Nadu,1
1-2016396309,JOHN BOSCO ENGINEERING COLLEGE,"TIRUVALLUR RAILWAY STATION,
TIRUVALLUR TALUK & DISTRICT,
TAMILNADU",THIRUVALLUR,Unaided - Private,N,N,1-439847081,fetchdata,2014-2015,Engineering and Technology,1,1,1,1,Tamil Nadu,1
1-2016411210,LATHA MATHAVAN POLYTECHNIC COLLEGE,"LATHA MATHAVAN NAGAR
KIDARIPATTI POST
ALAGARKOVIL
MELUR TALUK
MADURAI",MADURAI,Unaided - Private,N,N,1-442075131,fetchdata,2014-2015,Engineering and Technology,1,1,1,1,Tamil Nadu,1
1-2016347564,PANDIAN SARASWATHI YADAV ENGINEERING COLLEGE,"ARASANOOR VILLAGE 
THIRUMANSOLAI POST
SIVAGANAGI DISTRICT",SIVAGANGA,Unaided - Private,N,N,1-6571396,fetchdata,2014-2015,Engineering and Technology,1,1,1,1,Tamil Nadu,1
1-2016368536,DR.NAGARATHINAM'S COLLEGE OF ENGINEERING,"ANANTHAGOUNDAMPALAYAM ,
MINNAKKAL (POST),
MALLUR VIA,
RASIPURAM TALUK,
NAMAKKAL DT.",NAMAKKAL,Unaided - Private,N,N,1-4352751,fetchdata,2014-2015,Engineering and Technology,1,1,1,1,Tamil Nadu,1
1-2016396614,M.E.T. ENGINEERING COLLEGE,"NO:13/142A9/9, MOGALS GARDEN, CHENBAGARAMANPUTHUR, 
THOVALAI TALUK, KANYAKUMARI DIST. TAMIL NADU, PINCODE: 629304",KANYAKUMARI,Unaided - Private,N,N,1-5223351,fetchdata,2014-2015,Engineering and Technology,1,1,1,1,Tamil Nadu,1
1-2016411633,ANNAPOORANA ENGINEERING COLLEGE,"SANKARI MAIN ROAD, NH-47, PERIASEERAGAPADI",SALEM,Unaided - Private,N,N,1-7030281,fetchdata,2014-2015,Engineering and Technology,1,1,1,1,Tamil Nadu,1
1-2016369066,VEL TECH HIGH TECH DR.RANGARAJAN DR.SAKUNTHALA ENGINEERING COLLEGE,"NO-60,VELTECH ROAD,AVADI",THIRUVALLUR,Unaided - Private,N,Y,1-4011411,fetchdata,2014-2015,Engineering and Technology,1,1,1,1,Tamil Nadu,1
1-2016375086,POTHIGAI POLYTECHNIC COLLEGE,"POTHIGAI NAGAR
ELAMBALUR ROAD
PERAMBALUR",PERAMBALUR,Unaided - Private,N,N,1-434218951,fetchdata,2014-2015,Engineering and Technology,1,1,1,1,Tamil Nadu,1
1-2016377313,P.S.B. POLYTECHNIC COLLEGE,"RAJIV GANDHI ROAD (OMR)
#46, THAIYUR,
CHENNAI.",KANCHIPURAM,Unaided - Private,N,N,1-440056061,fetchdata,2014-2015,Engineering and Technology,1,1,1,1,Tamil Nadu,1
1-2016412022,SETHU INSTITUTE OF TECHNOLOGY,"PULLOOR
KARIAPATTI",VIRUDHUNAGAR,Unaided - Private,N,N,1-419556751,fetchdata,2014-2015,Engineering and Technology,1,1,1,1,Tamil Nadu,1
1-2016426447,MOHAMED SATHAK ENGINEERING COLLEGE,"SATHAK NAGAR,
EAST COAST ROAD,
PUDHU MAYAKULAM,
KILAKARAI,
RAMANATHAPURAM DIST",RAMANATHAPURAM,Unaided - Private,N,Y,1-4230157,fetchdata,2014-2015,Engineering and Technology,1,1,1,1,Tamil Nadu,1
1-2016377590,SEIKALATHUR KAMATCHI AMMAN POLYTECHNIC COLLEGE,"G.K.COMPLEX,
SEIKALATHUR MAIN ROAD,
MANAMADURAI.",SIVAGANGA,Unaided - Private,N,N,1-444176691,fetchdata,2014-2015,Engineering and Technology,1,1,1,1,Tamil Nadu,1
1-2016377939,KONGU POLYTECHNIC COLLEGE,"KEC CAMPUS, THOPPUPALAYAM, PERUNDURAI R.S.ROAD, PERUNDURAI",ERODE,Unaided - Private,N,N,1-427049031,fetchdata,2014-2015,Engineering and Technology,1,1,1,1,Tamil Nadu,1
1-2016397108,MOHAMED SATHAK A.J COLLEGE OF ENGINEERING,"#34,RAJIV GANDHI ROAD (OMR), IT HIGHWAY SIRUSERI,
EGATTUR, CHENNAI.
PIN-603 103",KANCHIPURAM,Unaided - Private,N,Y,1-9756351,fetchdata,2014-2015,Engineering and Technology,1,1,1,1,Tamil Nadu,1
1-2016350763,R.M.K. ENGINEERING COLLEGE,"RSM NAGAR, 
KAVARAIPETTAI,
GUMMIDIPOONDI TALUK,",THIRUVALLUR,Unaided - Private,N,Y,1-2019411,fetchdata,2014-2015,Engineering and Technology,1,1,1,1,Tamil Nadu,1
1-2016353848,THIRUMALAI POLYTECHNIC COLLEGE,"KILAMBI VILLAGE
KRISHNAPURAM POST
KANCHIPURAM TALUK & DISTRICT",KANCHIPURAM,Unaided - Private,N,N,1-475497154,fetchdata,2014-2015,Engineering and Technology,1,1,1,1,Tamil Nadu,1
1-2016423948, V.S.B. ENGINEERING COLLEGE,"N.H.67 COVAI ROAD,
KARUDAYAMPALAYAM (VILLAGE & POST),
ARAVAKURICHI (TK)
KARUR - 639 111.
TAMILNADU.",KARUR,Unaided - Private,N,N,1-2829001,fetchdata,2014-2015,Engineering and Technology,1,1,1,1,Tamil Nadu,1
1-2016354229,SRI SAI RAM ENGINEERING COLLEGE,"SAI LEO NAGAR, POONTHANDALAM VILLAGE, 
DHARKAST POST, WEST TAMBARAM",KANCHIPURAM,Unaided - Private,N,N,1-2028941,fetchdata,2014-2015,Engineering and Technology,1,1,1,1,Tamil Nadu,1
1-2016379667,PRATHYUSHA INSTITUTE OF TECHNOLOGY AND MANAGEMENT,"POONAMALLEE - TIRUVALLUR HIGH ROAD
ARANVOYALKUPPAM 
TIRUVALLUR - 602 025",THIRUVALLUR,Unaided - Private,N,Y,1-16570211,fetchdata,2014-2015,Engineering and Technology,1,1,1,1,Tamil Nadu,1
1-2016382898,SURYA GROUP OF INSTITUTIONS," NH-45,GST ROAD,",VILUPPURAM,Unaided - Private,N,N,1-5989201,fetchdata,2014-2015,Engineering and Technology,1,1,1,1,Tamil Nadu,1
1-2016399848,PERI INSTITUTE OF TECHNOLOGY,"MANNIVAKKAM, TAMBARAM, CHENNAI",KANCHIPURAM,Unaided - Private,N,N,1-5937291,fetchdata,2014-2015,Engineering and Technology,1,1,1,1,Tamil Nadu,1
1-2016414909,KONGUNADU COLLEGE OF ENGINEERING AND TECHNOLOGY,"THOLURPATTI, THOTTIAM",TIRUCHIRAPPALLI,Unaided - Private,N,N,1-2820021,fetchdata,2014-2015,Engineering and Technology,1,1,1,1,Tamil Nadu,1
1-2016416522,VSA EDUCATIONAL AND CHARITABLE TRUSTS GROUP OF INSTITUTIONS,"NH-47 MAIN ROAD
UTHAMASOLAPURAM (PO)
SALEM-636010",SALEM,Unaided - Private,N,N,1-5773001,fetchdata,2014-2015,Engineering and Technology,1,1,1,1,Tamil Nadu,1
1-2016416933,VEL TECH  POLYTECHNIC COLLEGE,"AVADI-VELTECH ROAD, CHENNAI-600062.",THIRUVALLUR,Unaided - Private,N,N,1-407301291,fetchdata,2014-2015,Engineering and Technology,1,1,1,1,Tamil Nadu,1
1-2016357367,SRI SAI RAM INSTITUTE OF TECHNOLOGY,"SAI LEO NAGAR, DHARKAST ROAD,
WEST TAMBARAM,
CHENNAI.600 044",KANCHIPURAM,Unaided - Private,N,N,1-2501960,fetchdata,2014-2015,Engineering and Technology,1,1,1,1,Tamil Nadu,1
1-2016401252,THIAGARAJAR POLYTECHNIC COLLEGE,"POST BOX NO 523
JUNCTION MAIN ROAD
SURAMANGALAM POST
SALEM",SALEM,Govt aided,N,N,1-409699763,fetchdata,2014-2015,Engineering and Technology,1,1,1,1,Tamil Nadu,1
1-2016401849,PANNAI COLLEGE OF ENGINEERING AND TECHNOLOGY,"296,KEELAKANDANI
SIVAGANGAI - 630561
TAMIL NADU",SIVAGANGA,Unaided - Private,N,N,1-11135071,fetchdata,2014-2015,Engineering and Technology,1,1,1,1,Tamil Nadu,1
1-2016403281,SUREYA COLLEGE OF ENGINEERING,"SOMU NAGAR,",TIRUCHIRAPPALLI,Unaided - Private,N,N,1-752005981,fetchdata,2014-2015,Engineering and Technology,1,1,1,1,Tamil Nadu,1
1-2016418540,GREENTECH COLLEGE OF ENGINEERING FOR WOMEN,"NH-68,NARASINGAPURAM (P.O),ATTUR (TK),SALEM(DT)",SALEM,Unaided - Private,Y,N,1-4814871,fetchdata,2014-2015,Engineering and Technology,1,1,1,1,Tamil Nadu,1
1-2016385121,TRICHY ENGINEERING COLLEGE,SOMU NAGAR,TIRUCHIRAPPALLI,Unaided - Private,N,Y,1-5390541,fetchdata,2014-2015,Engineering and Technology,1,1,1,1,Tamil Nadu,1
1-2016387835,SRI  SHAKTHI  INSTITUTE  OF  ENGINEERING  AND  TECHNOLOGY,"SRI  SHAKTHI  NAGAR, L & T  BY-PASS ROAD, CHINNIYAMPALAYAM  POST,",COIMBATORE,Unaided - Private,N,N,1-3968343,fetchdata,2014-2015,Engineering and Technology,1,1,1,1,Tamil Nadu,1
1-2016360453,RAMAKRISHNA MISSION POLYTECHNIC COLLEGE,"66, SIR P.S.SIVASAMI SALAI,
MYLAPORE,
CHENNAI",CHENNAI,Govt aided,N,N,1-430200571,fetchdata,2014-2015,Engineering and Technology,1,1,1,1,Tamil Nadu,1
1-2016389594,ST. PETER'S COLLEGE OF ENGINEERING AND TECHNOLOGY,"COLLEGE ROAD						AVADI
CHENNAI-600054						AVADI TALUK, TIRUVALLUR DISTRICT
TAMIL NADU",THIRUVALLUR,Unaided - Private,N,N,1-5148253,fetchdata,2014-2015,Engineering and Technology,1,1,1,1,Tamil Nadu,1
1-2016403990,ARUNAI ENGINEERING COLLEGE,"CHITOOR - CUDDALORE ROAD,
MATHUR,
TIRUVANNAMALAI",TIRUVANNAMALAI,Unaided - Private,N,N,1-5796751,fetchdata,2014-2015,Engineering and Technology,1,1,1,1,Tamil Nadu,1
1-2016337265,LORD VENKATESHWARAA ENGINEERING COLLEGE,"PULIAMBAKKAM,
WALAJABAD
KANCHIPURAM DT
TAMIL NADU
631605",KANCHIPURAM,Unaided - Private,N,N,1-8843583,fetchdata,2014-2015,Engineering and Technology,1,1,1,1,Tamil Nadu,1
1-2016337733,SACS M.A.V.M.M. ENGINEERING COLLEGE,"446,MELUR-ALAGARKOIL ROAD,
KIDARIPATTI (PO),
ALAGARKOIL (VIA),
MELUR TALUK,
MADURAI-625301.",MADURAI,Unaided - Private,N,N,1-4655811,fetchdata,2014-2015,Engineering and Technology,1,1,1,1,Tamil Nadu,1
1-2016360748,"IRT POLYTECHNIC COLLEGE,TIRUNELVELI","THIRUVANANTHAPURAM ROAD, KONGANTHANPARAI POST,",TIRUNELVELI,Unaided - Private,N,N,1-414161261,fetchdata,2014-2015,Engineering and Technology,1,1,1,1,Tamil Nadu,1
1-2016390683,VEDHANTHA INSTITUTE OF TECHNOLOGY,"VEDHANTHA NAGAR,CHENNAI HIGHWAY,   PADUR POST, ULUNDURPET TALUK, VILLUPURAM DT",VILUPPURAM,Unaided - Private,N,N,1-506694781,fetchdata,2014-2015,Engineering and Technology,1,1,1,1,Tamil Nadu,1
1-2016711608,ARASU ENGINEERING COLLEGE,"CHENNAI MAIN ROAD
THIRUVISANALLUR - VILLAGE, KUMBAKONAM-612501,
THIRUVIDAIMARUTHUR - TALUK",THANJAVUR,Unaided - Private,N,N,1-3930101,fetchdata,2014-2015,Engineering and Technology,1,1,1,1,Tamil Nadu,1
1-2016721087,CSI COLLEGE OF ENGINEERING,"CSI COLLEGE OF ENGINEERING
KETTI VALLEY
THE NILGIRIS-643 215.
TAMILNADU,SOUTH INDIA.",NILGIRIS,Unaided - Private,N,Y,1-36227871,fetchdata,2014-2015,Engineering and Technology,1,1,1,1,Tamil Nadu,1
1-2016645601,MEENAKSHI KRISHNAN POLYTECHNIC COLLEGE,"SHANKAR NAGAR,PAMMAL,CHENNAI",KANCHIPURAM,Unaided - Private,N,N,1-411314411,fetchdata,2014-2015,Engineering and Technology,1,1,1,1,Tamil Nadu,1
1-2016662250,RAJALAKSHMI POLYTECHNIC COLLEGE,"IYANGUNAM ROAD, SOMASIPADI VILLAGE & POST",TIRUVANNAMALAI,Unaided - Private,N,N,1-425803421,fetchdata,2014-2015,Engineering and Technology,1,1,1,1,Tamil Nadu,1
1-2016675594,RANIPPETTAI ENGINEERING COLLEGE,"THENKADAPANTHANGAL - 632513, WALLAJAH TALUK,
VELLORE DISTRICT, TAMILNADU.",VELLORE,Unaided - Private,N,N,1-5283611,fetchdata,2014-2015,Engineering and Technology,1,1,1,1,Tamil Nadu,1
1-2016687322,P.S.R. RENGASAMY COLLEGE OF ENGINEERING FOR WOMEN,"APPAYANAICKENPATTI
SEVALPATTI
SIVAKASI",VIRUDHUNAGAR,Unaided - Private,Y,Y,1-4410911,fetchdata,2014-2015,Engineering and Technology,1,1,1,1,Tamil Nadu,1
1-2016694662,PRIYADARSHINI ENGINEERING COLLEGE,"CHETTIYAPPANUR VILLAGE & POST,
VANIYAMBADI.",VELLORE,Unaided - Private,N,N,1-22286661,fetchdata,2014-2015,Engineering and Technology,1,1,1,1,Tamil Nadu,1
1-2016700912,CHEYYAR POLYTECHNIC COLLEGE,"CHEYYAR POLYTECHNIC COLLEGE
KULAMANDHAI VILLAGE
ERUMAIVETTI POST
CHEYYAR TALUK
PIN-604401
THIRUVANNAMALAI DISTRICT
TAMILNADU",TIRUVANNAMALAI,Unaided - Private,N,N,1-450995471,fetchdata,2014-2015,Engineering and Technology,1,1,1,1,Tamil Nadu,1
1-2016722581,SARASWATHY COLLEGE OF ENGINEERING AND TECHNOLOGY,"NH45 MAIN ROAD, OLAKKUR",VILUPPURAM,Unaided - Private,N,N,1-7775415,fetchdata,2014-2015,Engineering and Technology,1,1,1,1,Tamil Nadu,1
1-2016712736,AGNI COLLEGE OF TECHNOLOGY,"THALAMBUR
OFF. RAJIV GANDHI SALAI
CHENGALPATTU TALUK
KANCHEEPURAM DISTRICT
CHENNAI
PIN CODE : 603 103",KANCHIPURAM,Unaided - Private,N,N,1-3290934,fetchdata,2014-2015,Engineering and Technology,1,1,1,1,Tamil Nadu,1
1-2016722778,N.M.POLYTECHNIC COLLEGE,"ITCHADI,
VADAVALAM(POST)
PUDUKKOTTAI
PIN : 622 004",PUDUKKOTTAI,Unaided - Private,N,N,1-499995971,fetchdata,2014-2015,Engineering and Technology,1,1,1,1,Tamil Nadu,1
1-2016764064,S.VEERASAMY CHETTIAR COLLEGE OF ENGINEERING AND TECHNOLOGY,"S.V. NAGAR, PULIANGUDI (PO), SIVAGIRI (TK), TIRUNELVELI (DIST), TAMIL NADU, PIN-627855.",TIRUNELVELI,Unaided - Private,N,N,1-414297172,fetchdata,2014-2015,Engineering and Technology,1,1,1,1,Tamil Nadu,1
1-2016646086,SRINIVASA SUBBARAYA POLYTECHNIC COLLEGE,PUTHUR,NAGAPATTINAM,Government,N,N,1-487148641,fetchdata,2014-2015,Engineering and Technology,1,1,1,1,Tamil Nadu,1
1-2016663861,SRI RAMAKRISHNA MISSION VIDYALAYA POLYTECHNIC COLLEGE,"METTUPALAYAM MAIN ROAD,
SRKVIDYALAYA  POST,
PERIYANAICKENPALAYAM.",COIMBATORE,Govt aided,N,N,1-441479051,fetchdata,2014-2015,Engineering and Technology,1,1,1,1,Tamil Nadu,1
1-2016689285,SURYA ENGINEERING COLLEGE,"PERUNDURAI ROAD, 
MANAL MEDU,
METTUKADAI,
KATHIRAMPATTI POST",ERODE,Unaided - Private,N,N,1-2388434,fetchdata,2014-2015,Engineering and Technology,1,1,1,1,Tamil Nadu,1
1-2016690117,SRI RAMAKRISHNA POLYTECHNIC COLLEGE,"VATTAMALAIPALAYAM, N.G.G.O.COLONY(POST), COIMBATORE",COIMBATORE,Unaided - Private,N,N,1-422808431,fetchdata,2014-2015,Engineering and Technology,1,1,1,1,Tamil Nadu,1
1-2016697425,MNSK POLYTECHNIC COLLEGE,"VALLATHIRAKKOTTAI POST. ALANGUDI TALUK, PUDUKKOTTAI",PUDUKKOTTAI,Unaided - Private,N,N,1-475613401,fetchdata,2014-2015,Engineering and Technology,1,1,1,1,Tamil Nadu,1
1-2016703266,PONNAIYAH RAMAJAYAM COLLEGE OF ENGINEERING AND TECHNOLOGY,"THANJAVUR TO TRICHY HIGHWAYS
VALLAM
THANJAVUR
613 403",THANJAVUR,Unaided - Private,N,N,1-404175231,fetchdata,2014-2015,Engineering and Technology,1,1,1,1,Tamil Nadu,1
1-2016723024,BHARATHIYAR CENTENARY MEMORIAL GOVT WOMEN'S POLYTECHNIC COLLEGE,"BHARATHIAR CENTENARY MEMORIAL GOVERNMENT WOMEN'S POLYTECHNIC COLLEGE
ETTAYAPURAM
THOOTHUKUDI(DT)
628902",THOOTHUKUDI,Government,Y,N,1-476504581,fetchdata,2014-2015,Engineering and Technology,1,1,1,1,Tamil Nadu,1
1-2016704200,ERODE SENGUNTHAR ENGINEERING COLLEGE,"THUDUPATHI,
PERUNDURAI (TK),
ERODE DISTRICT",ERODE,Unaided - Private,N,N,1-5768853,fetchdata,2014-2015,Engineering and Technology,1,1,1,1,Tamil Nadu,1
1-2016648645,SHANMUGANATHAN ENGINEERING COLLEGE,"ARASAMPATTI,
PILIVALAM(PO)
THIRUMAYAM TK,
PUDUKKOTTAI DIST-622507
TAMILNADU",PUDUKKOTTAI,Unaided - Private,N,N,1-4163997,fetchdata,2014-2015,Engineering and Technology,1,1,1,1,Tamil Nadu,1
1-2016649653,MODERATOR GNANADASON POLYTECHNIC COLLEGE,"DISTILLERY ROAD, NAGERCOIL - 629001.
KANYAKUMARI DISTRICT.",KANYAKUMARI,Unaided - Private,N,Y,1-412318341,fetchdata,2014-2015,Engineering and Technology,1,1,1,1,Tamil Nadu,1
1-2016664332,SREE KRISHNA COLLEGE OF ENGINEERING,ANAICUT POST,VELLORE,Unaided - Private,N,N,1-5177941,fetchdata,2014-2015,Engineering and Technology,1,1,1,1,Tamil Nadu,1
1-2016678088,SHIVANII ENGINEERING COLLEGE,"POOLANGULATHUPATTI,
POOLANGULATHUPATTI(P.O),
SRIRANGAM(T.K),",TIRUCHIRAPPALLI,Unaided - Private,N,N,1-5039493,fetchdata,2014-2015,Engineering and Technology,1,1,1,1,Tamil Nadu,1
1-2016714803,KALAIGNAR KARUNANIDHI INSTITUTE OF TECHNOLOGY,"S.F. NO. 282, S.F. NO. 283
KANNAMPALAYAM  POST,
COIMBATORE",COIMBATORE,Unaided - Private,N,N,1-6089771,fetchdata,2014-2015,Engineering and Technology,1,1,1,1,Tamil Nadu,1
1-2016756082,UDAYA SCHOOL OF ENGINEERING,"UDAYA NAGAR
VELLAMADI JUNCTION,
AMMANDIVILAI POST,
KANYAKUMARI DISTRICT,
TAMIL NADU,
INDIA.",KANYAKUMARI,Unaided - Private,N,N,1-6104394,fetchdata,2014-2015,Engineering and Technology,1,1,1,1,Tamil Nadu,1
1-2016700293,ASL PAULS COLLEGE OF ENGINEERING AND TECHNOLOGY,"SOLAVAMPALAYAM VILLAGE & PANCHAYAT, POLLACHI  TALUK",COIMBATORE,Unaided - Private,N,N,1-462818292,fetchdata,2014-2015,Engineering and Technology,1,1,1,1,Tamil Nadu,1
1-2016725384,KARUR COLLEGE OF ENGINEERING,"SANJAY NAGAR
KARUR - ERODE MAIN ROAD ATHUR-POST,
KARUR-DT",KARUR,Unaided - Private,N,N,1-465819111,fetchdata,2014-2015,Engineering and Technology,1,1,1,1,Tamil Nadu,1
1-2016760760,"ANNAI COLLEGE OF POLYTECHNIC,","ANAKUDI ROAD,
KOVILACHERI, 
KUMBAKONAM",THANJAVUR,Unaided - Private,N,Y,1-401622983,fetchdata,2014-2015,Engineering and Technology,1,1,1,1,Tamil Nadu,1
1-2016652530,SRI ANNAI POLYTECHNIC COLLEGE,"INDIRA NAGAR, EARAYANKADU (VIL.)
PALLIGONDA (POST), VELLORE TALUK & DIST.",VELLORE,Unaided - Private,N,N,1-465653091,fetchdata,2014-2015,Engineering and Technology,1,1,1,1,Tamil Nadu,1
1-2016664888,ANNAI MATHAMMAL SHEELA ENGINEERING COLLEGE,"ERUMAPATTY POST
NAMAKKAL DISTRICT",NAMAKKAL,Unaided - Private,N,Y,1-12612941,fetchdata,2014-2015,Engineering and Technology,1,1,1,1,Tamil Nadu,1
1-2016680130,PONNAIYAH RAMAJAYAM POLYTECHNIC COLLEGE,"THANJAVUR - TRICHY HIGHWAYS 
VALLAM, 
THANJAVUR",THANJAVUR,Unaided - Private,N,N,1-505670061,fetchdata,2014-2015,Engineering and Technology,1,1,1,1,Tamil Nadu,1
1-2016693845,STELLA MARY'S COLLEGE OF ENGINEERING,"ARUNTHENKANVILAI, AZHIKAL",KANYAKUMARI,Unaided - Private,N,N,1-798094521,fetchdata,2014-2015,Engineering and Technology,1,1,1,1,Tamil Nadu,1
1-2016706498,ANNAMALAI POLYTECHNIC COLLEGE,CHETTINAD - 630 102,SIVAGANGA,Govt aided,N,N,1-459476713,fetchdata,2014-2015,Engineering and Technology,1,1,1,1,Tamil Nadu,1
1-2016634069,LITTLE FLOWER POLYTECHNIC COLLEGE,"NO.682, LAWRENCE NAGAR, MOULIVAKKAM, CHENNAI 600 125",KANCHIPURAM,Unaided - Private,N,N,1-500053181,fetchdata,2014-2015,Engineering and Technology,1,1,1,1,Tamil Nadu,1
1-2016716676,THE INDIAN POLYTECHNIC COLLEGE,"RAJA NAGAR , VADAKKANGULAM,
VADAKKANGULAM POST.",TIRUNELVELI,Unaided - Private,N,Y,1-445619821,fetchdata,2014-2015,Engineering and Technology,1,1,1,1,Tamil Nadu,1
1-2016725853,FATIMA MICHAEL COLLEGE OF ENGINEERING & TECHNOLOGY,"SENKOTTAI VILLAGE,
KALIMANGALAM PANCHAYAT,
SIVAGANGA MAIN ROAD,
MADURAI - 20",MADURAI,Unaided - Private,N,N,1-3239294,fetchdata,2014-2015,Engineering and Technology,1,1,1,1,Tamil Nadu,1
1-2016765084,SRI SOWDAMBIKA POLYTECHNIC COLLEGE,"THIRUCHULI ROAD
CHOCKALINGAPURAM",VIRUDHUNAGAR,Unaided - Private,N,N,1-467287581,fetchdata,2014-2015,Engineering and Technology,1,1,1,1,Tamil Nadu,1
1-2016670921,SIR ISSAC NEWTON COLLEGE OF ENGINEERING AND TECHNOLOGY,"ANDHANAPEETAI POST, PAPPAKOIL, NAGAPATTINAM 611 102",NAGAPATTINAM,Unaided - Private,N,N,1-13464971,fetchdata,2014-2015,Engineering and Technology,1,1,1,1,Tamil Nadu,1
1-2016682973,CENTRAL INSTITUTE OF PLASTICS ENGINEERING & TECHNOLOGY,"T.V.K INDUSUTRIAL ESTATE, GUINDY",CHENNAI,Government,N,N,1-506726551,fetchdata,2014-2015,Engineering and Technology,1,1,1,1,Tamil Nadu,1
1-2016694030,SRI KRISHNA POLYTECHNIC COLLEGE,"TCR COMPLEX,
TIRUTTANI HIGH ROAD,",VELLORE,Unaided - Private,N,N,1-458335301,fetchdata,2014-2015,Engineering and Technology,1,1,1,1,Tamil Nadu,1
1-2016707092,LOYOLA INSTITUTE OF TECHNOLOGY & SCIENCE,"P.BO.NO.2, THOVALAI - RAJAVOOR ROAD,
LOYOLA NAGAR,
THEROOR VILLAGE,
THOVALAI,
KANYAKUMARI DT.",KANYAKUMARI,Unaided - Private,N,Y,1-3409771,fetchdata,2014-2015,Engineering and Technology,1,1,1,1,Tamil Nadu,1
1-2016766487,"OAS INSTITUTE OF TECHNOLOGY AND MANAGEMENT, GROUP OF INSTITUTIONS","TIRUCHIRAPPALLI-THURAIYUR MAIN ROAD,
PULIVALAM  P.O MUSIRI TALUK",TIRUCHIRAPPALLI,Unaided - Private,N,N,1-5359211,fetchdata,2014-2015,Engineering and Technology,1,1,1,1,Tamil Nadu,1
1-2016635597,DHANALAKSHMI COLLEGE OF ENGINEERING,"MANIMANGALAM PUDUCHERI ROAD,
MANIMANGALAM, MANIMANGALAM POST, SRIPERUMBUDUR TALUK,
KANCHEEPURAM 
DIST., CHENNAI â 601301",KANCHIPURAM,Unaided - Private,N,N,1-4064279,fetchdata,2014-2015,Engineering and Technology,1,1,1,1,Tamil Nadu,1
1-2016636849,VKS COLLEGE OF ENGINEERING AND TECHNOLOGY,"DESIYAMANGALAM,
CHINNIYAMPALAYAM(PO),
VAIGAINALLUR(VIA)
KRISHNARAYAPURAM(TK)
KARUR(DT)",KARUR,Unaided - Private,N,N,1-7853426,fetchdata,2014-2015,Engineering and Technology,1,1,1,1,Tamil Nadu,1
1-2016653013,JAYAM COLLEGE OF ENGINEERING AND TECHNOLOGY,"HOGENAKKAL FALLS MAIN ROAD,
NALLANUR,
DHARMAPURI",DHARMAPURI,Unaided - Private,N,N,1-14311971,fetchdata,2014-2015,Engineering and Technology,1,1,1,1,Tamil Nadu,1
1-2016655807,SITARAJARAMPOLYTECHNICCOLLEGE,"MUTHUNAGAR
HIRANIYAMANGALAMMETTUPATTI
KULITALAITALUK
KARURDISTRICT
TAMILNADU",KARUR,Unaided - Private,N,N,1-473897431,fetchdata,2014-2015,Engineering and Technology,1,1,1,1,Tamil Nadu,1
1-2016637495,IMAYAM COLLEGE OF ENGINEERING,"KANNANUR,
THURAIYUR(T.K),
TRICHY(D.T),
621 206.",TIRUCHIRAPPALLI,Unaided - Private,N,N,1-7270423,fetchdata,2014-2015,Engineering and Technology,1,1,1,1,Tamil Nadu,1
1-2016708798,SIVAKASI INSTITUTE OF PRINTING TECHNOLOGY,"32/1, A. MEENAKSHIPURAM, ANAIKUTTAM (P.O).",VIRUDHUNAGAR,Unaided - Private,N,N,1-421207891,fetchdata,2014-2015,Engineering and Technology,1,1,1,1,Tamil Nadu,1
1-2016729542,AVINASHILINGAM DEEMED UNIVERSITY FOR WOMEN,"FACULTY OF ENGINEERING,
AVINASHILINGAM UNIVERSITY FOR WOMEN,
COIMBATORE - 641108",COIMBATORE,University Managed,Y,N,1-10952891,fetchdata,2014-2015,Engineering and Technology,1,1,1,1,Tamil Nadu,1
1-2016730098,CSIR - CENTRAL ELECTROCHEMICAL RESEARCH INSTITUTE,"CENTRAL ELECTROCHEMICAL RESEARCH INSTITUTE, KARAIKUDI",SIVAGANGA,Government,N,N,1-454237241,fetchdata,2014-2015,Engineering and Technology,1,1,1,1,Tamil Nadu,1
1-2016639751,CAUVERY COLLEGE OF ENGINEERING AND TECHNOLOGY,"PERUR,KULUMANI ROAD, SRIRANGAM (TK.)
TIRUCHIRAPPALLI
639103",TIRUCHIRAPPALLI,Unaided - Private,N,N,1-499150121,fetchdata,2014-2015,Engineering and Technology,1,1,1,1,Tamil Nadu,1
1-2016694303,INDIAN INSTITUTE OF HANDLOOM TECHNOLOGY,"FOULKE'S COMPOUND,THILLAI NAGAR",SALEM,Government,N,N,1-748077511,fetchdata,2014-2015,Engineering and Technology,1,1,1,1,Tamil Nadu,1
1-2016637800,SEMBODAI R.V.POLYTECHNIC COLLEGE,"SEMBODAI- POST
VEDARANIAM-TK
NAGAPATTINAM- DT
TAMILNADU",NAGAPATTINAM,Unaided - Private,N,N,1-421398371,fetchdata,2014-2015,Engineering and Technology,1,1,1,1,Tamil Nadu,1
1-2016640484,P.R.ENGINEERING COLLEGE,"THANJAVUR-TRICHY HIGH WAYS
VALLAM,THANJAVUR.",THANJAVUR,Unaided - Private,N,N,1-11077531,fetchdata,2014-2015,Engineering and Technology,1,1,1,1,Tamil Nadu,1
1-2016683302,PET ENGINEERING COLLEGE,"THIRUCHENDUR ROAD
VALLIOOR",TIRUNELVELI,Unaided - Private,N,Y,1-3766781,fetchdata,2014-2015,Engineering and Technology,1,1,1,1,Tamil Nadu,1
1-2016638118,UDAYA POLYTECHNIC COLLEGE,"UDAYA NAGER,
VELLAMODI JN,
ESANTHANGU,
AZHIKKAL POST,
KANYAKUMARI DISTRICT,
TAMILNADU.",KANYAKUMARI,Unaided - Private,N,N,1-435531783,fetchdata,2014-2015,Engineering and Technology,1,1,1,1,Tamil Nadu,1
1-2016709146,ULTRA COLLEGE OF ENGINEERING & TECHNOLOGY FOR WOMEN,"69/1, ULTRA NAGAR,
KODIKULAM I BIT,
MADURAI - CHENNAI HIGHWAY,
MADURAI - 625 104,
TAMIL NADU",MADURAI,Unaided - Private,Y,N,1-3341573,fetchdata,2014-2015,Engineering and Technology,1,1,1,1,Tamil Nadu,1
1-2016717009,RAJALAKSHMI ENGINEERING COLLEGE (ENGINEERING & TECHNOLOGY),"RAJALAKSHMI NAGAR,
THANDALAM,
CHENNAI -602105
TAMIL NADU",KANCHIPURAM,Unaided - Private,N,Y,1-5182261,fetchdata,2014-2015,Engineering and Technology,1,1,1,1,Tamil Nadu,1
1-2016644430,DON BOSCO POLYTECHNIC COLLEGE,"MAMALLAPURAM BYE-PASS ROAD, KOTHIMANGALAM
THIRUKAZHUKUNDRAM- 603 109",KANCHIPURAM,Unaided - Private,N,Y,1-413840661,fetchdata,2014-2015,Engineering and Technology,1,1,1,1,Tamil Nadu,1
1-2016694447,CHOLAN INSTITUTE OF TECHNOLOGY,"16 SEMBARAMBAKKAM
KARAI POST",KANCHIPURAM,Unaided - Private,N,N,1-444197801,fetchdata,2014-2015,Engineering and Technology,1,1,1,1,Tamil Nadu,1
1-2016720451,DHAYA COLLEGE OF ENGINEERING,"SIVARAKOTTAI  (POST), THIRUMANGALAM (TALUK), MADURAI (DIST)",MADURAI,Unaided - Private,N,N,1-461408861,fetchdata,2014-2015,Engineering and Technology,1,1,1,1,Tamil Nadu,1
1-2016656194,RATNAVEL SUBRAMANIAM COLLEGE OF ENGG. & TECH.,"RVS NAGAR
KARUR ROAD
N. PARAIPATTI POST",DINDIGUL,Unaided - Private,N,N,1-5793836,fetchdata,2014-2015,Engineering and Technology,1,1,1,1,Tamil Nadu,1
1-2016671589,PSN ENGINEERING COLLEGE,"MELATHEDIYOOR,
PALAYAMKOTTAI
TRIUNELVELI",TIRUNELVELI,Unaided - Private,N,N,1-421801471,fetchdata,2014-2015,Engineering and Technology,1,1,1,1,Tamil Nadu,1
1-2016686605,RANIPPETTAI INSTITUTE OF TECHNOLOGY,"THENKADAPANTHANGAL-632513, WALLAJAH TALUK, VELLORE DISTRICT",VELLORE,Unaided - Private,N,N,1-444172581,fetchdata,2014-2015,Engineering and Technology,1,1,1,1,Tamil Nadu,1
1-2016755546,INDUS COLLEGE OF ENGINEERING,"INDUS VALLEY, KALIMANGALAM, ALANDURAI POST, COIMBATORE DISTRICT, PIN - 641101",COIMBATORE,Unaided - Private,N,N,1-4167191,fetchdata,2014-2015,Engineering and Technology,1,1,1,1,Tamil Nadu,1
1-2016644873,BALAJI INSTITUTE OF ENGINEERING AND TECHNOLOGY,"THANDALAM VILLAGE,
THIRUPORUR,
CHENGALPATTU TALUK
KANCHEEPURAM DISTRICT",KANCHIPURAM,Unaided - Private,N,N,1-5357526,fetchdata,2014-2015,Engineering and Technology,1,1,1,1,Tamil Nadu,1
1-2016720601,GLOBAL INSTITUTE OF ENGINEERING AND TECHNOLOGY,"257/1 BANGALORE-CHENNAI HIGHWAY,
MELVISHARAM
VELLORE - 632509
TAMIL NADU",VELLORE,Unaided - Private,N,N,1-8097021,fetchdata,2014-2015,Engineering and Technology,1,1,1,1,Tamil Nadu,1
1-2016659801,JAYARAJ ANNAPACKIAM CSI POLYTECHNIC COLLEGE,MARGOSCHIS NAGAR,THOOTHUKUDI,Unaided - Private,N,Y,1-431264551,fetchdata,2014-2015,Engineering and Technology,1,1,1,1,Tamil Nadu,1
1-2016584140,MEENAKSHI SUNDARARAJAN ENGINEERING COLLEGE,"C/O I.I.E.T SOCIETY NO.363, ARCOT ROAD, KODAMBAKKAM,             CHENNAI - 600024
TAMIL NADU",CHENNAI,Unaided - Private,N,N,1-6312054,fetchdata,2014-2015,Engineering and Technology,1,1,1,1,Tamil Nadu,1
1-2016602035,DHANALAKSHMI SRINIVASAN INSTITUTE OF TECHNOLOGY,"NH45,
TRICHY-CHENNAI MAIN ROAD",TIRUCHIRAPPALLI,Unaided - Private,N,N,1-748062551,fetchdata,2014-2015,Engineering and Technology,1,1,1,1,Tamil Nadu,1
1-2016610444,RAJAGOPAL POLYTECHNIC COLLEGE,"KATPADI ROAD,
GANDHINAGAR
GUDIYATTAM-
632 602.",VELLORE,Govt aided,N,N,1-451449251,fetchdata,2014-2015,Engineering and Technology,1,1,1,1,Tamil Nadu,1
1-2016471581,MNSK COLLEGE OF ENGINEERING,"DHAKSHINAPURAM VILLAGE
VALLATHIRAKKOTTAI (POST)
ALANGUDI TALUK
PUDUKKOTTAI",PUDUKKOTTAI,Unaided - Private,N,N,1-5424141,fetchdata,2014-2015,Engineering and Technology,1,1,1,1,Tamil Nadu,1
1-2016534679,K S R POLYTECHNIC COLLEGE,"K S R KALVI NAGAR
THOKKAVADI",NAMAKKAL,Unaided - Private,N,N,1-421808231,fetchdata,2014-2015,Engineering and Technology,1,1,1,1,Tamil Nadu,1
1-2016535104,M.A.M. SCHOOL OF ENGINEERING,"TRICHY - CHENNAI TRUNK ROAD,SIRUGANUR,TIRUCHIRAPPALLI",TIRUCHIRAPPALLI,Unaided - Private,N,N,1-6609971,fetchdata,2014-2015,Engineering and Technology,1,1,1,1,Tamil Nadu,1
1-2016549028,JEEVA'S POLYTECHNIC COLLEGE,"SF NO. 383/1, MAYLERIPALLAYAM VILLAGE, OTHAKALMANDAPAM,ARISIPALAYAM (PO), 
COIMBATORE",COIMBATORE,Unaided - Private,N,N,1-404639443,fetchdata,2014-2015,Engineering and Technology,1,1,1,1,Tamil Nadu,1
1-2016568827,V V COLLEGE OF ENGINEERING,"V V NAGAR,
ARASUR VILLAGE,
IDAICHIVILAI POST,
SATHANKULAM TALUK,
TUTICORIN DISTRICT,
TAMIL NADU STATE,
PIN - 628656
SOUTH INDIA.",THOOTHUKUDI,Unaided - Private,N,N,1-3929123,fetchdata,2014-2015,Engineering and Technology,1,1,1,1,Tamil Nadu,1
1-2016574035,P.S.V.COLLEGE OF ENGINEERING AND TECHNOLOGY,"MITTAPALLI,
BALINAYANAPALLI (POST),
ELATHAGIRI (S.O),
KRISHNAGIRI (DISTRICT)
PIN CODE: 635 108.",KRISHNAGIRI,Unaided - Private,N,N,1-8517201,fetchdata,2014-2015,Engineering and Technology,1,1,1,1,Tamil Nadu,1
1-2016472175,PSN COLLEGE OF ENGINEERING AND TECHNOLOGY,"MELATHEDIYOOR, PALAYAMKOTTAI TALUK, TIRUNELVELI DISTRICT, PINCODE - 627152",TIRUNELVELI,Unaided - Private,N,N,1-10233347,fetchdata,2014-2015,Engineering and Technology,1,1,1,1,Tamil Nadu,1
1-2016519937,LOYOLA INSTITUTE OF TECHNOLOGY,"PALANCHUR
MEVALURKUPPAM""B"" VILLAGE
NAZARATHPET POST
SRIPERUMPUDUR TALUK
KANCHIPURAM DISTRICT
PIN- 600123",KANCHIPURAM,Unaided - Private,N,Y,1-4403224,fetchdata,2014-2015,Engineering and Technology,1,1,1,1,Tamil Nadu,1
1-2016549364,SREE SAKTHI ENGINEERING COLLEGE,"899/1&898/2 BETTATHAPURAM,BILICHI VILLAGE, KARAMADAI",COIMBATORE,Unaided - Private,N,N,1-3002821,fetchdata,2014-2015,Engineering and Technology,1,1,1,1,Tamil Nadu,1
1-2016569264,MAGNA COLLEGE OF ENGINEERING,"REDHILLS - TIRUVALLUR HIGH ROAD,
MAGARAL - CHENNAI - 55.",CHENNAI,Unaided - Private,N,Y,1-414666982,fetchdata,2014-2015,Engineering and Technology,1,1,1,1,Tamil Nadu,1
1-2016475438,VIRUDHUNAGAR S.VELLAICHAMY NADAR  POLYTECHNIC COLLEGE,"ROSALPATTI VILLAGE
VIRUDHUNAGAR",VIRUDHUNAGAR,Govt aided,N,N,1-421375471,fetchdata,2014-2015,Engineering and Technology,1,1,1,1,Tamil Nadu,1
1-2016475923,CMS COLLEGE OF ENGINEERING,"CMS NAGAR,
ERANAPURAM POST,",NAMAKKAL,Unaided - Private,N,N,1-4065001,fetchdata,2014-2015,Engineering and Technology,1,1,1,1,Tamil Nadu,1
1-2016522730,SAKTHI MARIAMMAN ENGINEERING COLLEGE,"NARAYANASAMI NAGAR,
55,THANDALAM",KANCHIPURAM,Unaided - Private,N,N,1-4240741,fetchdata,2014-2015,Engineering and Technology,1,1,1,1,Tamil Nadu,1
1-2016549798,CAPE POLYTECHNIC COLLEGE,"OPPOSITE TO MUPPANTAL TEMPLE THOVALAI TALUK,ARALVOIMOZHI",KANYAKUMARI,Unaided - Private,N,N,1-454891891,fetchdata,2014-2015,Engineering and Technology,1,1,1,1,Tamil Nadu,1
1-2016570104,NEW PRINCE SHRI BHAVANI COLLEGE OF ENGG & TECH,"VENGAIVASAL MAIN ROAD,
GOWRIVAKKAM,
CHENNAI - 600 073.",KANCHIPURAM,Unaided - Private,N,N,1-2941897,fetchdata,2014-2015,Engineering and Technology,1,1,1,1,Tamil Nadu,1
1-2016585057,JEPPIAAR ENGINEERING COLLEGE (E&T),"JEPPIAAR NAGAR
OLD MAMMALLAPURAM ROAD",KANCHIPURAM,Unaided - Private,N,Y,1-424068621,fetchdata,2014-2015,Engineering and Technology,1,1,1,1,Tamil Nadu,1
1-2016594264,RANE POLYTECHNIC TECHNICAL CAMPUS,"NO.82 SETHURAPATTI VILLAGE
FATHIMANAGAR P.O.",TIRUCHIRAPPALLI,Unaided - Private,N,N,1-458066531,fetchdata,2014-2015,Engineering and Technology,1,1,1,1,Tamil Nadu,1
1-2016610797,UNITED INSTITUTE OF TECHNOLOGY,"G.KOUNDAMPALAYAM,
PERIYANAICKENPALAYAM",COIMBATORE,Unaided - Private,N,N,1-3341681,fetchdata,2014-2015,Engineering and Technology,1,1,1,1,Tamil Nadu,1
1-2016621231,LORD  AYYAPPA INSTITUTE OF ENGINEERING & TECHNOLOGY,"UTHUKADU
WALAJABAD
KANCHEEPURAM DISTRICT",KANCHIPURAM,Unaided - Private,N,N,1-4837851,fetchdata,2014-2015,Engineering and Technology,1,1,1,1,Tamil Nadu,1
1-2016477646,SAKTHI ENGINEERING COLLEGE,"ST.MARY'S NAGAR,THIRUNINRAVUR,(NEAR AVADI), CHENNAI-602 024",THIRUVALLUR,Unaided - Private,N,Y,1-10762621,fetchdata,2014-2015,Engineering and Technology,1,1,1,1,Tamil Nadu,1
1-2016550088,NATIONAL COLLEGE OF ENGINEERING,MARUTHAKULAM P.O NANGUNERI TALUK,TIRUNELVELI,Unaided - Private,N,Y,1-4378723,fetchdata,2014-2015,Engineering and Technology,1,1,1,1,Tamil Nadu,1
1-2016570730,PARISUTHAM INSTITUTE OF TECHNOLOGY & SCIENCE,"NH 67 RING ROAD,
NANJIKOTTAI,        THANJAVUR - 613006,
TAMILNADU",THANJAVUR,Unaided - Private,N,Y,1-3797271,fetchdata,2014-2015,Engineering and Technology,1,1,1,1,Tamil Nadu,1
1-2016575147,MAHA BARATHI ENGINEERING COLLEGE,"A.VASUDEVANUR (P.O), CHINNASALEM",VILUPPURAM,Unaided - Private,N,N,1-5157651,fetchdata,2014-2015,Engineering and Technology,1,1,1,1,Tamil Nadu,1
1-2016586702,A.V.C.COLLEGE OF ENGINEERING,"MAYILADUTHURAI
MANNAMPANDAL",NAGAPATTINAM,Unaided - Private,N,N,1-3285877,fetchdata,2014-2015,Engineering and Technology,1,1,1,1,Tamil Nadu,1
1-2016614438,ELIZABETH COLLEGE OF ENGINEERING AND TECHNOLOGY,"SELCRIM LAND
ANNAMANGALAM-621102.
VEPPANTHATTAI-TK,
PERAMBALUR-DIST.,",PERAMBALUR,Unaided - Private,N,N,1-1361790601,fetchdata,2014-2015,Engineering and Technology,1,1,1,1,Tamil Nadu,1
1-2016478146,SRI PADMAM POLYTECHNIC COLLEGE,"441,PACHAL VILLAGE
TIRUPATTUR
VELLORE (DT)",VELLORE,Unaided - Private,N,N,1-460860281,fetchdata,2014-2015,Engineering and Technology,1,1,1,1,Tamil Nadu,1
1-2016526596,ANNAI VAILANKANNI COLLEGE OF ENGINEERING,"AVK NAGAR, POTHAIYADISALAI
POTTALKULAM
AZHAGAPPAPURAM.P.O
KANYA KUMARI DISTRICT - 629401.
TAMIL NADU",KANYAKUMARI,Unaided - Private,N,Y,1-6150161,fetchdata,2014-2015,Engineering and Technology,1,1,1,1,Tamil Nadu,1
1-2016538812,SRI KRISHNA COLLEGE OF TECHNOLOGY,KOVAIPUDUR POST,COIMBATORE,Unaided - Private,N,N,1-3643021,fetchdata,2014-2015,Engineering and Technology,1,1,1,1,Tamil Nadu,1
1-2016551735,VENKATRAMANA POLYTECHNIC COLLEGE,"VENKATTAPURAM,45A, VELLIYANAI SOUTH VILLAGE,
KARUR TALUK
KARUR DISTRICT",KARUR,Unaided - Private,N,N,1-410024651,fetchdata,2014-2015,Engineering and Technology,1,1,1,1,Tamil Nadu,1
1-2016577270,CAPE INSTITUTE OF TECHNOLOGY,"RAJAKRISHNAPURAM POST,
RADHAPURAM TALUK.",TIRUNELVELI,Unaided - Private,N,N,1-5206275,fetchdata,2014-2015,Engineering and Technology,1,1,1,1,Tamil Nadu,1
1-2016594841,RUDHRAVENI MUTHUSWAMY POLYTECHNIC COLLEGE,"PALAPPAMPATTI, S.V.MILLS POST",TIRUPPUR,Unaided - Private,N,N,1-429578191,fetchdata,2014-2015,Engineering and Technology,1,1,1,1,Tamil Nadu,1
1-2016478352,SRI RAMACHANDRA POLYTECHNIC COLLEGE,"104/7 ALAMELUPURAM(PO)
PAPPIREDDIPATI (TK)
DHARMAPURI (DT)",DHARMAPURI,Unaided - Private,N,N,1-421769571,fetchdata,2014-2015,Engineering and Technology,1,1,1,1,Tamil Nadu,1
1-2016527111,MADURAI INSTITUTE OF ENGINEERING & TECHNOLOGY,"POTTAPALAYAM VILLAGE
MANAMADURAI TALUK
SIVAGANGAI DISTRICT",SIVAGANGA,Unaided - Private,N,N,1-5729671,fetchdata,2014-2015,Engineering and Technology,1,1,1,1,Tamil Nadu,1
1-2016541063,ST.MOTHER THERESA ENGINEERING COLLEGE,"VAGAIKULAM

MUDIVAITHANENDAL POST

TUTICORIN DISTRICT

PIN CODE - 628102",THOOTHUKUDI,Unaided - Private,N,Y,1-6373301,fetchdata,2014-2015,Engineering and Technology,1,1,1,1,Tamil Nadu,1
1-2016551963,PSG COLLEGE OF TECHNOLOGY,"AVINASHI ROAD
PEELAMEDU",COIMBATORE,Govt aided,N,N,1-4165514,fetchdata,2014-2015,Engineering and Technology,1,1,1,1,Tamil Nadu,1
1-2016553962,THANTHAI ROEVER INSTITUTE OF POLYTECHNIC COLLEGE,"ELAMBALUR VILLAGE, PERAMBALUR POST & TALUK,
PERAMBALUR - DISTRICT",PERAMBALUR,Unaided - Private,N,N,1-405918065,fetchdata,2014-2015,Engineering and Technology,1,1,1,1,Tamil Nadu,1
1-2016554402,ST. JOSEPH'S COLLEGE OF ENGINEERING AND TECHNOLOGY,"A. S. NAGAR,
ELLUPATTI,
RAWASAPATTI POST,
INATHUKANPATTI VILLAGE,
THANJAVUR - 613 403.",THANJAVUR,Unaided - Private,N,Y,1-4410681,fetchdata,2014-2015,Engineering and Technology,1,1,1,1,Tamil Nadu,1
1-2016571393,SRI KRISHNA POLYTECHNIC COLLEGE,KOVAIPUDUR,COIMBATORE,Govt aided,N,N,1-446188791,fetchdata,2014-2015,Engineering and Technology,1,1,1,1,Tamil Nadu,1
1-2016588005,NANJAPPA POLYTECHNIC COLLEGE,"PALANISAME RAVI NAGAR, KARUMATHAMPATTI,",COIMBATORE,Unaided - Private,N,N,1-442022621,fetchdata,2014-2015,Engineering and Technology,1,1,1,1,Tamil Nadu,1
1-2016603073,RVS COLLEGE OF ENGINEERING AND TECHNOLOGY,"KUMARAN KOTTAM CAMPUS,
KANNAMPALAYAM POST,
COIMBATORE.",COIMBATORE,Unaided - Private,N,N,1-4285831,fetchdata,2014-2015,Engineering and Technology,1,1,1,1,Tamil Nadu,1
1-2016614554,SRI KRISHNA COLLEGE OF ENGINEERING,"T.R.S.CAMPUS,
SRI KRISHNA NAGAR,
TIRUTTANI ROAD,",VELLORE,Unaided - Private,N,N,1-6552301,fetchdata,2014-2015,Engineering and Technology,1,1,1,1,Tamil Nadu,1
1-2016630516,PPG INSTITUTE OF TECHNOLOGY,"RATHNAGIRI ROAD, SARAVANAMPATTI, COIMBATORE",COIMBATORE,Unaided - Private,N,N,1-6032491,fetchdata,2014-2015,Engineering and Technology,1,1,1,1,Tamil Nadu,1
1-2016632658,"ALAGAPPA POLYTECHNIC COLLEGE, KARAIKUDI","PRINCIPAL,
ALAGAPPA POLYTECHNIC COLLEGE",SIVAGANGA,Government,N,N,1-468153821,fetchdata,2014-2015,Engineering and Technology,1,1,1,1,Tamil Nadu,1
1-2016633084,"GOVERNMENT POLYTECHNIC COLLEGE, THIRUVARUR",KORUKKAI                   THIRUTHUTRAIPOONDI   THIRUVARUR,THIRUVARUR,Government,N,N,1-503531621,fetchdata,2014-2015,Engineering and Technology,1,1,1,1,Tamil Nadu,1
1-2016527703,TRP ENGINEERING COLLEGE,"IRUNGALUR
MANACHANALLUR TALUK",TIRUCHIRAPPALLI,Unaided - Private,N,N,1-6860571,fetchdata,2014-2015,Engineering and Technology,1,1,1,1,Tamil Nadu,1
1-2016542514,PARK COLLEGE OF ENGINEERING AND TECHNOLOGY,"AVINASHI ROAD(NH-47), 
KANIYUR,
COIMBATORE-641659.",COIMBATORE,Unaided - Private,N,N,1-5026891,fetchdata,2014-2015,Engineering and Technology,1,1,1,1,Tamil Nadu,1
1-2016555086,MOOKAMBIGAI COLLEGE OF ENGINEERING,"SRINIVASA NAGAR, KALAMAVUR(PO)",PUDUKKOTTAI,Unaided - Private,N,Y,1-5829693,fetchdata,2014-2015,Engineering and Technology,1,1,1,1,Tamil Nadu,1
1-2016479528,PSN INSTITUTE OF TECHNOLOGY,"PSN NAGER ,
RAMANATHICHANPUTHUR,
KUMARAPURAM THOPPUR POST
KANYAKUMARI DIST 629402",KANYAKUMARI,Unaided - Private,N,N,1-413810131,fetchdata,2014-2015,Engineering and Technology,1,1,1,1,Tamil Nadu,1
1-2016556222,CHANDY COLLEGE OF ENGINEERING,"CHANDY NAGAR,
MULLAKKADU,
THOOTHUKUDI",THOOTHUKUDI,Unaided - Private,N,N,1-8472709,fetchdata,2014-2015,Engineering and Technology,1,1,1,1,Tamil Nadu,1
1-2016578411,NACHIAPPA SWAMIGAL POLYTECHNIC COLLEGE,"KOVILOOR MADALAYAM, KOVILOOR,KARAIKUDI.",SIVAGANGA,Unaided - Private,N,N,1-455337361,fetchdata,2014-2015,Engineering and Technology,1,1,1,1,Tamil Nadu,1
1-2016596585,KOTTAI MARIYAMMAN POLYTECHNIC COLLEGE,"MINNAMPALLI(PO),
KARIPATTI(VIA),
SALEM",SALEM,Unaided - Private,N,N,1-457708191,fetchdata,2014-2015,Engineering and Technology,1,1,1,1,Tamil Nadu,1
1-2016605734,SRINIVASA POLYTECHNIC COLLEGE,"SRINIVASA NAGAR,
KALAMAVUR (PO)
KULATHUR TK
KEERANUR
PUDUKKOTTAI 622 502",PUDUKKOTTAI,Unaided - Private,N,Y,1-405508261,fetchdata,2014-2015,Engineering and Technology,1,1,1,1,Tamil Nadu,1
1-2016621888,DHAANISH AHMED COLLEGE OF ENGINEERING,"DHAANISH NAGAR, VANCHUVANCHERRY, PADAPPAI (NEAR TAMBARAM), SRIPERUMBUDUR TALUK, KANCHEEPURAM DISTRICT",KANCHIPURAM,Unaided - Private,N,Y,1-4636751,fetchdata,2014-2015,Engineering and Technology,1,1,1,1,Tamil Nadu,1
1-2016479954,SAPTHAGIRI  COLLEGE OF ENGINEERING,"N H - 7  KRISHNAGIRI MAIN ROAD, PALACODE  TALUK PERIYANAHALLI 
VILLAGE & POST DHARMAPURI DISTRICT
PIN CODE : 
635 205
TAMIL NADU
INDIA",DHARMAPURI,Unaided - Private,N,N,1-492879031,fetchdata,2014-2015,Engineering and Technology,1,1,1,1,Tamil Nadu,1
1-2016528123,VINS CHRISTIAN COLLEGE OF ENGINEERING,"VINS NAGER, CHUNKANKADAI, NAGERCOIL",KANYAKUMARI,Unaided - Private,N,Y,1-3990308,fetchdata,2014-2015,Engineering and Technology,1,1,1,1,Tamil Nadu,1
1-2016556738,ARUNACHALA COLLEGE OF ENGINEERING FOR WOMEN,"'THANKA GARDENS'
MANAVILAI, VELLICHANTHAI,
NAGERCOILL,
KANYAKUMARI DISTRICT",KANYAKUMARI,Unaided - Private,Y,N,1-6050501,fetchdata,2014-2015,Engineering and Technology,1,1,1,1,Tamil Nadu,1
1-2016557474,ROEVER ENGINEERING COLLEGE,"ELAMBALUR(POST)
PERAMBALUR",PERAMBALUR,Unaided - Private,N,Y,1-6294210,fetchdata,2014-2015,Engineering and Technology,1,1,1,1,Tamil Nadu,1
1-2016558159,RATHINAM TECHNICAL CAMPUS,"RATHINAM TECHZONE CAMPUS, POLLACHI ROAD,EACHANARI",COIMBATORE,Unaided - Private,N,N,1-451667801,fetchdata,2014-2015,Engineering and Technology,1,1,1,1,Tamil Nadu,1
1-2016558506,ROEVER COLLEGE OF ENGINEERING & TECHNOLOGY,"ELAMBALUR (VILLAGE)
PERAMBALUR(DISTRICT)
PIN-621 212",PERAMBALUR,Unaided - Private,N,N,1-4296202,fetchdata,2014-2015,Engineering and Technology,1,1,1,1,Tamil Nadu,1
1-2016572539,PANDIYAN POLYTECHNIC COLLEGE,"ADHIYUR VILLAGE
ELAVAMPATTI POST 
SALEM ROAD
TIRUPATTUR",VELLORE,Unaided - Private,N,N,1-433821191,fetchdata,2014-2015,Engineering and Technology,1,1,1,1,Tamil Nadu,1
1-2188291791,NARAYANAGURU SIDDHARTHA COLLEGE OF ENGINEERING,"ATHENCODE, METHUKUMMAL PANCHAYAT, KULAPPURAM VILLAGE NEAR PADANTHALUMOODU",KANYAKUMARI,Unaided - Private,N,Y,,fetchdata,2014-2015,Engineering and Technology,1,1,1,1,Tamil Nadu,1
1-2016609361,NPA CENTENARY POLYTECHNIC COLLEGE,SAKTHI MALAI ROAD,NILGIRIS,Govt aided,N,N,1-413241061,fetchdata,2014-2015,Engineering and Technology,1,1,1,1,Tamil Nadu,1
1-2016464613,KINGSTON ENGINEERING COLLEGE,"CHITTOOR MAIN ROAD,
CHRISTIANPET VILLAGE,
METTUKULAM PANCHAYAT,
KATPADI TALUK",VELLORE,Unaided - Private,N,N,1-4234205,fetchdata,2014-2015,Engineering and Technology,1,1,1,1,Tamil Nadu,1
1-2016480384,C.S.I. INSTITUTE OF TECHNOLOGY,"THOVALAI &  PO,
KANYAKUMARI DISTRICT",KANYAKUMARI,Unaided - Private,N,Y,1-4658711,fetchdata,2014-2015,Engineering and Technology,1,1,1,1,Tamil Nadu,1
1-2016531156,LORD JEGANNATH COLLEGE OF ENGINEERING AND TECHNOLOGY,"PSN NAGAR
RAMANATHICHANPUTHUR
MARUNGOOR
KANYAKUMARIDISTRICT",KANYAKUMARI,Unaided - Private,N,N,1-11652185,fetchdata,2014-2015,Engineering and Technology,1,1,1,1,Tamil Nadu,1
1-2016545367,A.R COLLEGE OF ENGINEERING & TECHNOLOGY,"KADAYAM-ALANGULAM ROAD,
NEAR RAILWAY STATION,
KADAYAM.",TIRUNELVELI,Unaided - Private,N,N,1-452090031,fetchdata,2014-2015,Engineering and Technology,1,1,1,1,Tamil Nadu,1
1-2016559108,ST.JOSEPH COLLEGE OF ENGINEERING,"TRINITY CAMPUS, NEMILI B BEEMANTHANGAL VILLAGE,
SRIPERUMBUDUR,
KANCHEEPURAM DISTRICT-602105.",KANCHIPURAM,Unaided - Private,N,Y,1-5216166,fetchdata,2014-2015,Engineering and Technology,1,1,1,1,Tamil Nadu,1
1-2016559810,INFANT JESUS COLLEGE OF ENGINEERING,"KAMARAJAR NAGAR, TIRUNELVELI - THOOTHUKUDI HIGHWAY (NH-7A),
KEELAVALLANADU VILLAGE,
ELLANAYAKKAN PATTI POST,
SRIVAIKUNDAM TALUK,
THOOTHUKUDI DISTR",THOOTHUKUDI,Unaided - Private,N,Y,1-4553557,fetchdata,2014-2015,Engineering and Technology,1,1,1,1,Tamil Nadu,1
1-2016572754,JAYARAM POLYTECHNIC COLLEGE,"KARATTAMPATTI,
PAGAVALADI(PO),
THURAIYAR(TK),",TIRUCHIRAPPALLI,Unaided - Private,N,N,1-448359251,fetchdata,2014-2015,Engineering and Technology,1,1,1,1,Tamil Nadu,1
1-2016578759,DR. G.U. POPE COLLEGE OF ENGINEERING,"POPE NAGAR, 
SAWYERPURAM",THOOTHUKUDI,Unaided - Private,N,N,1-423116251,fetchdata,2014-2015,Engineering and Technology,1,1,1,1,Tamil Nadu,1
1-2016589855,MARTHANDAM COLLEGE OF ENGINEERING AND TECHNOLOGY,"P.M. VILLAGE ROAD,
KUTTAKUZHI,
VEEYANNOOR POST,
KANYAKUMARI DISTRICT,
TAMIL NADU.",KANYAKUMARI,Unaided - Private,N,N,1-3131921,fetchdata,2014-2015,Engineering and Technology,1,1,1,1,Tamil Nadu,1
1-2016609736,JAIRUPAA COLLEGE OF ENGENEERING,"THOTTIAPALAYAM,
KATHANKANNI-PO,
KANGAYAM-TK.",TIRUPPUR,Unaided - Private,N,N,1-468167351,fetchdata,2014-2015,Engineering and Technology,1,1,1,1,Tamil Nadu,1
1-2016465333,THE RAJAAS ENGINEERING COLLEGE,"RAJA NAGAR,
VADAKKANGULAM",TIRUNELVELI,Unaided - Private,N,Y,1-6785781,fetchdata,2014-2015,Engineering and Technology,1,1,1,1,Tamil Nadu,1
1-2016481016,K S R COLLEGE OF ENGINEERING,"K S R KALVINAGAR, 
THOKKAVADI,
TIRUCHENGODE,
NAMAKKAL DIST,
TAMILNADU-637215.",NAMAKKAL,Unaided - Private,N,N,1-2942331,fetchdata,2014-2015,Engineering and Technology,1,1,1,1,Tamil Nadu,1
1-2016482587,SRI VENKATESWARA POLYTECHNIC COLLEGE,"NEXT TO GOVT.MEDICAL COLLEGE & HOSPITAL.
ADUKKAMPARAI,
VELLORE -632011",VELLORE,Unaided - Private,N,N,1-464388321,fetchdata,2014-2015,Engineering and Technology,1,1,1,1,Tamil Nadu,1
1-2016561373,JAYALAKSHMI  INSTITUTE  OF  TECHNOLOGY,"THOPPUR
DHARMAPURI (DT)",DHARMAPURI,Unaided - Private,N,N,1-5822911,fetchdata,2014-2015,Engineering and Technology,1,1,1,1,Tamil Nadu,1
1-2016573116,SUGUNA COLLEGE OF ENGINEERING,"NEHRU NAGAR 
(WEST), KALAPATTI ROAD, CIVIL AERODROME  (PO)",COIMBATORE,Unaided - Private,N,N,1-814729991,fetchdata,2014-2015,Engineering and Technology,1,1,1,1,Tamil Nadu,1
1-2016598772,SHANMUGHA POLYTECHNIC COLLEGE,SASTRA UNIVERSITY CAMPUS,THANJAVUR,Unaided - Private,N,N,1-409933451,fetchdata,2014-2015,Engineering and Technology,1,1,1,1,Tamil Nadu,1
1-2016614857,BETHLAHEM INSTITUTE OF ENGINEERING,"NADUTHERI
KARUNGAL",KANYAKUMARI,Unaided - Private,N,Y,1-5125301,fetchdata,2014-2015,Engineering and Technology,1,1,1,1,Tamil Nadu,1
1-2016625040,KINGS COLLEGE OF ENGINEERING,"PUNALKULAM VILLAGE
GANDARVAKKOTTAI (TK)
PUDUKKOTTAI (DIST)",PUDUKKOTTAI,Unaided - Private,N,N,1-2624954,fetchdata,2014-2015,Engineering and Technology,1,1,1,1,Tamil Nadu,1
1-2016466159,JAY SHRIRAM GROUP OF INSTITUTIONS,DHARAPURAM ROAD,TIRUPPUR,Unaided - Private,N,N,1-4165413,fetchdata,2014-2015,Engineering and Technology,1,1,1,1,Tamil Nadu,1
1-2016466657,J.J. COLLEGE OF ENGINEERING AND TECHNOLOGY,"AMMAPETTAI,
POOLANKULATHUPATTI POST,",TIRUCHIRAPPALLI,Unaided - Private,N,N,1-6323463,fetchdata,2014-2015,Engineering and Technology,1,1,1,1,Tamil Nadu,1
1-2016482929,VALLIAMMAI POLYTECHNIC COLLEGE,"SRM NAGAR
POTHERI
KATTANKULATHUR (PO)",KANCHIPURAM,Unaided - Private,N,Y,1-445115411,fetchdata,2014-2015,Engineering and Technology,1,1,1,1,Tamil Nadu,1
1-2016533808,VINS CHRISTIAN WOMEN`S COLLEGE OF ENGINEERING,"VINS NAGER, CHUNKANKADAI, NAGERCOIL",KANYAKUMARI,Unaided - Private,Y,Y,1-4351573,fetchdata,2014-2015,Engineering and Technology,1,1,1,1,Tamil Nadu,1
1-2016629270,SRI LAKSHMI AMMAL ENGINEERING COLLEGE,"THIRUVANCHERY, 
SELAIYUR POST, 
KANCHEEPURAM DIST",KANCHIPURAM,Unaided - Private,N,N,1-3283904,fetchdata,2014-2015,Engineering and Technology,1,1,1,1,Tamil Nadu,1
1-2016469208,VALLIAMMAI ENGINEERING COLLEGE,"SRM NAGAR
KATTANKULATHUR
CHENGALPATTU
KANCHEEPURAM",KANCHIPURAM,Unaided - Private,N,Y,1-5788131,fetchdata,2014-2015,Engineering and Technology,1,1,1,1,Tamil Nadu,1
1-2016470220,SRI RANGANATHAR INSTITUTE OF POLYTECHNIC COLLEGE,"D.NO 1/104A, ATHIPALAYAM VILLAGE, THUDIYALUR - KOVILPALAYAM ROAD, COIMBATORE 641110",COIMBATORE,Unaided - Private,N,N,1-476147571,fetchdata,2014-2015,Engineering and Technology,1,1,1,1,Tamil Nadu,1
1-2016470644,SRI BOGHAR POLYTECHNIC COLLEGE,"NO.2/158, THIRUCHULLI ROAD,
PANTHANAENTHAL VILLAGE, 
PUDHUPATTI (POST)
KARIAPATTI (TK)
VIRUDHUNAGAR (DIST)",VIRUDHUNAGAR,Unaided - Private,N,N,1-1358418621,fetchdata,2014-2015,Engineering and Technology,1,1,1,1,Tamil Nadu,1
1-2016485402,RAJIV GANDHI COLLEGE OF ENGINEERING,"NEMILI VILLAGE, SRIPERUMBUDUR,PIN - 602105",KANCHIPURAM,Unaided - Private,N,Y,1-463976071,fetchdata,2014-2015,Engineering and Technology,1,1,1,1,Tamil Nadu,1
1-2016545823,TAMILNADU COLLEGE OF ENGINEERING,"PALANISAME RAVI NAGAR 
KARUMATHAMPATTI POST",COIMBATORE,Unaided - Private,N,N,1-5104051,fetchdata,2014-2015,Engineering and Technology,1,1,1,1,Tamil Nadu,1
1-2016563536,MADHA ENGINEERING COLLEGE,"MADHA NAGAR, SOMANGALAM ROAD,
KUNDRATHUR, CHENNAI-600 069",KANCHIPURAM,Unaided - Private,N,Y,1-4680190,fetchdata,2014-2015,Engineering and Technology,1,1,1,1,Tamil Nadu,1
1-2016564326,M.A.M. COLLEGE OF ENGINEERING AND TECHNOLOGY,"TRICHY - CHENNAI TRUNK ROAD
SIRUGANUR
MANACHANALLUR (TK)
TIRUCHIRAPPALLI",TIRUCHIRAPPALLI,Unaided - Private,N,Y,1-5386171,fetchdata,2014-2015,Engineering and Technology,1,1,1,1,Tamil Nadu,1
1-2016566816,ARUNAI COLLEGE OF ENGINEERING,"VELU NAGAR
MATHUR
TIRUVANNAMALAI",TIRUVANNAMALAI,Unaided - Private,N,Y,1-5716171,fetchdata,2014-2015,Engineering and Technology,1,1,1,1,Tamil Nadu,1
1-2016573423,GANDHI POLYTECHNIC COLLEGE,"GANDHI KALVI NAGAR, SATHY- COIMBATORE NH ROAD, D.NO.394, VINNAPPALLI, SATHYAMANGALAM",ERODE,Unaided - Private,N,N,1-455201421,fetchdata,2014-2015,Engineering and Technology,1,1,1,1,Tamil Nadu,1
1-2016582424,P.B.COLLEGE OF ENGINEERING,"CHENNAI - BANGALORE HIGH WAY, 
IRUNGKATTUKOTTAI, SRIPERUMBUDUR TALUK, 
KANCHEEPURAM DIST. CHENNAI - 602 105
TAMIL NADU",KANCHIPURAM,Unaided - Private,N,Y,1-6275131,fetchdata,2014-2015,Engineering and Technology,1,1,1,1,Tamil Nadu,1
1-2016601486,VIDHYA MANDHIR INSTITUTE OF TECHNOLOGY,"PERUNDURAI - CHENNIMALAI STATE HIGHWAY,
INGUR -POST,
PERUNDURAI TALUK,
ERODE-638052",ERODE,Unaided - Private,N,N,1-440146201,fetchdata,2014-2015,Engineering and Technology,1,1,1,1,Tamil Nadu,1
1-2016610206,E.G.S. PILLAY POLYTECHNIC COLLEGE,"NAGORE MAIN ROAD,
NAGORE POST
NAGAPATTINAM",NAGAPATTINAM,Unaided - Private,N,N,1-463824941,fetchdata,2014-2015,Engineering and Technology,1,1,1,1,Tamil Nadu,1
1-2016620208,VIVEKANANDA POLYTECHNIC COLLEGE,"KARAIKUDI-THIRUPPATHUR MAIN ROAD, (PILLYARPPATTI ROAD),",SIVAGANGA,Unaided - Private,N,N,1-485960131,fetchdata,2014-2015,Engineering and Technology,1,1,1,1,Tamil Nadu,1
1-2016470708,VARUVAN VADIVELAN INSTITUTE OF TECHNOLOGY,"NH7 KRISHNAGIRI MAIN ROAD
GUNDALAPATTY,
DHARMAPURI.
TAMILNADU",DHARMAPURI,Unaided - Private,N,N,1-19730241,fetchdata,2014-2015,Engineering and Technology,1,1,1,1,Tamil Nadu,1
1-2016583366,P.S.R.POLYTECHNIC COLLEGE,"APPAIYANAICKENPATTI,
SIVAKASI TALUK,
VIRUDHUNAGAR DIST - 626 140",VIRUDHUNAGAR,Unaided - Private,N,N,1-429773891,fetchdata,2014-2015,Engineering and Technology,1,1,1,1,Tamil Nadu,1
1-2016591196,PSN POLYTECHNIC COLLEGE,"MELATHEDIYOOR,
PALAYAMKOTAI TK,
TIRUNELVELI DT,
PINCODE - 627152",TIRUNELVELI,Unaided - Private,N,N,1-498030456,fetchdata,2014-2015,Engineering and Technology,1,1,1,1,Tamil Nadu,1
1-2016471152,GOPAL RAMALINGAM MEMORIAL ENGINEERING COLLEGE,"RAJESHWARI NAGAR
PANAPPAKKAM
NEAR PADAPPAI",KANCHIPURAM,Unaided - Private,N,N,1-437545561,fetchdata,2014-2015,Engineering and Technology,1,1,1,1,Tamil Nadu,1
1-2016486167,KGISL INSTITUTE OF TECHNOLOGY,"365, KGISL CAMPUS,
THUDIYALUR ROAD,
SARAVANAMPATTI
COIMBATORE - 641 035",COIMBATORE,Unaided - Private,N,N,1-6278271,fetchdata,2014-2015,Engineering and Technology,1,1,1,1,Tamil Nadu,1
1-2016548650,SUBRAMANIAN POLYTECHNIC COLLEGE,"RAYAVARAM, THIRUMAYAM(TK)",PUDUKKOTTAI,Unaided - Private,N,N,1-488700101,fetchdata,2014-2015,Engineering and Technology,1,1,1,1,Tamil Nadu,1
1-2016567507,"UNIVERSITY COLLEGE OF ENGINEERING, BITCAMPUS TIRUCHIRAPPALLI",TRICHY PUTHUKKOTTAI NH47 ROAD SURIYUR VILLAGE.,TIRUCHIRAPPALLI,University Managed,N,N,1-1366332831,fetchdata,2014-2015,Engineering and Technology,1,1,1,1,Tamil Nadu,1
1-2016568219,ARULMIGU THIRUPURASUNDARI AMMAN POLYTECHNIC COLLEGE,"EGAI VILLAGE
PULIYUR POST
THIRUKKALUKUNDARAM",KANCHIPURAM,Unaided - Private,N,N,1-425524863,fetchdata,2014-2015,Engineering and Technology,1,1,1,1,Tamil Nadu,1
1-2016568474,S.A. POLYTECHNIC COLLEGE,"SUNDARASOLAVARAM, THIRUVERKADU POST, CHENNAI - 600077",THIRUVALLUR,Unaided - Private,N,N,1-440178891,fetchdata,2014-2015,Engineering and Technology,1,1,1,1,Tamil Nadu,1
1-2016517999,DR.KALAM POLYTECHNIC COLLEGE,"PERIYANAYAKIPURAM,
AVANAM (PO),
PERAVURANI (TK),
THANJAVAUR(DT),
TAMILNADU",THANJAVUR,Unaided - Private,N,N,1-474040451,fetchdata,2014-2015,Engineering and Technology,1,1,1,1,Tamil Nadu,1
1-2016532951,BHARATH NIKETAN ENGINEERING COLLEGE,"SHRI GOWRI NAGAR,
THIMMARASANAICKANOOR,
AUNDIPATTI,
THENI (DT).
TAMILNADU.625536",THENI,Unaided - Private,N,N,1-7787601,fetchdata,2014-2015,Engineering and Technology,1,1,1,1,Tamil Nadu,1
1-2016597683,RUKMINI SHANMUGAM POLYTECHNIC COLLEGE,"RUKMINI SHANMUGAM POLYTECHNIC COLLEGE
VARICHIYUR, MADURAI - 625 020
TAMILNADU",MADURAI,Govt aided,N,N,1-510342091,fetchdata,2014-2015,Engineering and Technology,1,1,1,1,Tamil Nadu,1
1-2016613560,SIVA POLYTECHNIC COLLEGE,"ZAMIN KOTTAMPATTI PIRIRVU,
SAMATHUR (PO)",COIMBATORE,Unaided - Private,N,N,1-518645961,fetchdata,2014-2015,Engineering and Technology,1,1,1,1,Tamil Nadu,1
1-2016641516,THAI MOOGAMBIGAI POLYTECHNIC COLLEGE,NERKUNDRAM (MUGAPPAIR),THIRUVALLUR,Unaided - Private,N,N,1-466150731,fetchdata,2014-2015,Engineering and Technology,1,1,1,1,Tamil Nadu,1
1-2016690959,SADASIVAM KATHIRKAMAVALLI POLYTECHNIC COLLEGE,"27.SERUMANGALAM-I,
MANNARGUDI",THIRUVARUR,Unaided - Private,N,N,1-482116771,fetchdata,2014-2015,Engineering and Technology,1,1,1,1,Tamil Nadu,1
1-2016507879,SRG POLYTECHNIC COLLEGE,"NH-7, SALEM - NAMAKKAL ROAD,
ATHANUR",NAMAKKAL,Unaided - Private,N,N,1-463362451,fetchdata,2014-2015,Engineering and Technology,1,1,1,1,Tamil Nadu,1
1-2016520279,BHARATH NIKETAN POLYTECHNIC COLLEGE,"SRI GOWRI NAGAR,",THENI,Unaided - Private,N,N,1-424764191,fetchdata,2014-2015,Engineering and Technology,1,1,1,1,Tamil Nadu,1
1-2016613759,MOTHERTERASA POLYTECHNIC COLLEGE,"METTUSALLAI
ILLUPPUR,
PUDUKKOTTAI(DT)
PIN-622102",PUDUKKOTTAI,Unaided - Private,N,N,1-457048161,fetchdata,2014-2015,Engineering and Technology,1,1,1,1,Tamil Nadu,1
1-2016641846,MEENAKSHI RAMASWAMY ENGINEERING COLLEGE,"MR KALVI NAGAR 
THATHANUR POST 
UDAYARPALAYAM TK 
ARIYALUR DT",ARIYALUR,Unaided - Private,N,N,1-2894158,fetchdata,2014-2015,Engineering and Technology,1,1,1,1,Tamil Nadu,1
1-2016660987,RV REHA POLYTECHNIC COLLEGE,"KR NAIDU NAGAR
PARUVAKUDI POST
KARIVALAM VIA
SANKARANKOIL TALUK
TIRUNELVELI DT",TIRUNELVELI,Unaided - Private,N,Y,1-1499476541,fetchdata,2014-2015,Engineering and Technology,1,1,1,1,Tamil Nadu,1
1-2016678728,GIRIVAASAN POLYTECHNIC COLLEGE,"PAUPARAPATTI MAIN ROAD
PACHANAMPATTI
DHARMAPURI",DHARMAPURI,Unaided - Private,N,N,1-779046081,fetchdata,2014-2015,Engineering and Technology,1,1,1,1,Tamil Nadu,1
1-2016838061,BHAKTHAVATSALAM POLYTECHNIC COLLEGE,KARAIPETTAI,KANCHIPURAM,Govt aided,N,N,1-455751941,fetchdata,2014-2015,Engineering and Technology,1,1,1,1,Tamil Nadu,1
1-2016520606,SENTHUR POLYTECHNIC COLLEGE,"SENTHUR POLYTECHNIC COLLEGE,                S.F NO. 449/1, NAMBIYUR -AVINASHI MAIN ROAD,SAVAKKATTUPALAYAM PO,AVINASHI TALUK, TIRUPPUR DISTRICT -638460",TIRUPPUR,Unaided - Private,N,N,1-426092643,fetchdata,2014-2015,Engineering and Technology,1,1,1,1,Tamil Nadu,1
1-2016536000,SWAMI VIVEKANANDA POLYTECHNIC COLLEGE,"KOTTARAKUNDRU ROAD,ARUMBAVUR POST,VEPPANTHATTAI TALUK,PERAMBALUR DISTRICT",PERAMBALUR,Unaided - Private,N,N,1-474311203,fetchdata,2014-2015,Engineering and Technology,1,1,1,1,Tamil Nadu,1
1-2016597927,NETHAJI SUBASH CHANDRA BOSE POLYTECHNIC COLLEGE,"NSC BOSE COLLEGE CAMPUS,SENTHAMANGALAM,TIRUVARUR - 610001",THIRUVARUR,Unaided - Private,N,N,1-454565561,fetchdata,2014-2015,Engineering and Technology,1,1,1,1,Tamil Nadu,1
1-2016661063,MAHAKAVI BHARATHIYAR COLLEGE OF ENGINEERING & TECHNOLOGY,"KOVIL NAGAR,
VASUDEVANALLUR.
SIVAGIRI (T.K),
TIRUNELVELI (DIST).",TIRUNELVELI,Unaided - Private,N,N,1-6161693,fetchdata,2014-2015,Engineering and Technology,1,1,1,1,Tamil Nadu,1
1-2016678937,"779,SAI JOTHI POLYTECHNIC COLLEGE","ELIYARPATHY VILLAGE,
MADURAI SOUTH TALUK,",MADURAI,Unaided - Private,N,N,1-435792611,fetchdata,2014-2015,Engineering and Technology,1,1,1,1,Tamil Nadu,1
1-2016520752,ST.JUDEâS POLYTECHNIC COLLEGE,"16-184-1,ANNAI NAGAR,THOLAYAVATTOM POST",KANYAKUMARI,Unaided - Private,N,N,1-759651851,fetchdata,2014-2015,Engineering and Technology,1,1,1,1,Tamil Nadu,1
1-2016539224,SRR ENGINEERING COLLEGE,"OLD MAAMALLAPURAM ROAD,
RAM NAGAR, PADUR,
CHENNAI - 603103",KANCHIPURAM,Unaided - Private,N,N,1-4427914,fetchdata,2014-2015,Engineering and Technology,1,1,1,1,Tamil Nadu,1
1-2016598177,AYYAPPA POLYTECHNIC COLLEGE,"AIVADHUGUDI,
ERANJI POST,
VIRUDHACHALAM TALUK,
CUDDALORE DISTRICT.",CUDDALORE,Unaided - Private,N,N,1-446164681,fetchdata,2014-2015,Engineering and Technology,1,1,1,1,Tamil Nadu,1
1-2016614129,INSTITUTE OF LEATHER TECHNOLOGY,"C I T CAMPUS,
RAJIV GANDHI SALAI,
THARAMANI,",CHENNAI,Government,N,N,1-511663341,fetchdata,2014-2015,Engineering and Technology,1,1,1,1,Tamil Nadu,1
1-2016646491,PARK AMC POLYTECHNIC COLLEGE,"PREMA RAVI NAGAR,",COIMBATORE,Unaided - Private,N,N,1-444183381,fetchdata,2014-2015,Engineering and Technology,1,1,1,1,Tamil Nadu,1
1-2016666464,INSTITUTE OF CERAMIC TECHNOLOGY,"ALADI ROAD
VRIDHACHALAM",CUDDALORE,Government,N,N,1-522882493,fetchdata,2014-2015,Engineering and Technology,1,1,1,1,Tamil Nadu,1
1-2016685246,P.S.G.PONNAMMAL POLYTECHNIC COLLEGE,"GOUNDAMPALAYAM, COIMBATORE ROAD",TIRUPPUR,Unaided - Private,N,N,1-1507864111,fetchdata,2014-2015,Engineering and Technology,1,1,1,1,Tamil Nadu,1
1-2016842346,GOVERNMENT TECHNICAL TRAINING CENTRE,"100 FEET ROAD,
INDUSTRIAL ESTATE, GUINDY, CHENNAI 32",CHENNAI,Government,N,N,1-512494351,fetchdata,2014-2015,Engineering and Technology,1,1,1,1,Tamil Nadu,1
1-2016856817,PEE GEE POLYTECHNIC COLLEGE,"NO. 7  KRISHNAGIRI MAIN ROAD PERIYANHALLI 
DHARMAPURI",DHARMAPURI,Unaided - Private,N,N,1-524786081,fetchdata,2014-2015,Engineering and Technology,1,1,1,1,Tamil Nadu,1
1-2016509429,KARTHIKEYA POLYTECHNIC COLLEGE,"KANNUDAYANPATTY VILLAGE,MUTHAPUDAYANPATTY POST",TIRUCHIRAPPALLI,Unaided - Private,N,N,1-460724841,fetchdata,2014-2015,Engineering and Technology,1,1,1,1,Tamil Nadu,1
1-2016520938,HAJI SHEIK ISMAIL POLYTECHNIC COLLEGE,"ESANOOR,
KEELAIYUR-PO,
THIRUKKUVALAI
-TK,
NAGAPATTINAM
-DT.",NAGAPATTINAM,Unaided - Private,N,N,1-447787151,fetchdata,2014-2015,Engineering and Technology,1,1,1,1,Tamil Nadu,1
1-2016539664,SRI BHARATHI VELU POLYTECHNIC COLLEGE,"JAMBUKULAM ROAD, MELVENKATAPURAM, KATRAMPAKAM POST",VELLORE,Unaided - Private,N,N,1-431009331,fetchdata,2014-2015,Engineering and Technology,1,1,1,1,Tamil Nadu,1
1-2016604485,N.P.R POLYTECHNIC COLLEGE,"N.P.R NAGAR
PUNNAPATTI POST
ULUPPAGUDI
NATHAM",DINDIGUL,Unaided - Private,N,N,1-510772911,fetchdata,2014-2015,Engineering and Technology,1,1,1,1,Tamil Nadu,1
1-2016619205,SENGUNTHAR COLLEGE OF ENGINEERING,"SATHINAICKENPALAYAM,
KUMARAMANGALAM,
TIRUCHENGODE, 
NAMAKKAL (DT).
PIN -  637 205.",NAMAKKAL,Unaided - Private,N,N,1-10097031,fetchdata,2014-2015,Engineering and Technology,1,1,1,1,Tamil Nadu,1
1-2016646854,SUN INSTITUTE OF POLYTECHNIC,"SUN NAGAR,
ERACHAKULAM,
ERACHAKULAM(PO)",KANYAKUMARI,Unaided - Private,N,N,1-475234701,fetchdata,2014-2015,Engineering and Technology,1,1,1,1,Tamil Nadu,1
1-2016685336,LOURDES MOUNT COLLEGE OF ENGINEERING AND TECHNOLOGY,"MARTHANDAM - KARUNGAL ROAD
CHUNDAVILAI
MULLANGANAVILAI
NATTALAM POST",KANYAKUMARI,Unaided - Private,N,N,1-1503749921,fetchdata,2014-2015,Engineering and Technology,1,1,1,1,Tamil Nadu,1
1-2016509728,ANGEL POLYTECHNIC COLLEGE,"R.S.NO.570
TIRUNELVELI ROAD
SOUTH VENGANALLUR 
RAJAPALAYAM TALUK",VIRUDHUNAGAR,Unaided - Private,N,N,1-419919593,fetchdata,2014-2015,Engineering and Technology,1,1,1,1,Tamil Nadu,1
1-2016524227,VIVEKANANDA POLYTECHNIC COLLEGE,"COLLEGE ROAD,
AGASTEESWARAM
KANYAKUMARI DIST
PIN-629701",KANYAKUMARI,Unaided - Private,N,N,1-467543583,fetchdata,2014-2015,Engineering and Technology,1,1,1,1,Tamil Nadu,1
1-2016539939,ANNAI MADHA POLYTECHNIC COLLEGE,"EDAICHERUVAI,
AKKANUR(PO),
TITTAGUDI(TK)",CUDDALORE,Unaided - Private,N,N,1-447740901,fetchdata,2014-2015,Engineering and Technology,1,1,1,1,Tamil Nadu,1
1-2016604887,THIRU SEVEN HILLS POLYTECHNIC COLLEGE,"ALAPAKKAM MAIN ROAD,MADURAVOYAL",THIRUVALLUR,Unaided - Private,N,Y,1-455330211,fetchdata,2014-2015,Engineering and Technology,1,1,1,1,Tamil Nadu,1
1-2016619852,SRI VINAYAGA POLYTECHNIC COLLEGE,"PUTHUMOTTUR VILLAGE
JINGALKATHIRMAPATTI  POST
POCHAMPALLI TK
KRISHNAGIRI DT",KRISHNAGIRI,Unaided - Private,N,N,1-512750241,fetchdata,2014-2015,Engineering and Technology,1,1,1,1,Tamil Nadu,1
1-2016666700,JAINEE COLLEGE OF ENGINEERING AND TECHNOLOGY,"DINDIGUL-THENI MAIN ROAD, (NHB EXTN.), AATHUPATTIPRIVU, VEERAKKAL B P O, N.PANJAMPATTI P. O., DINDIGUL-624303",DINDIGUL,Unaided - Private,N,Y,1-1496623711,fetchdata,2014-2015,Engineering and Technology,1,1,1,1,Tamil Nadu,1
1-2016842443,MUTHIAH POLYTECHNIC COLLEGE,"ANNAMALAINAGAR
CHIDAMBARAM
CUDDALORE DISTRICT
TAMILNADU
608 002",CUDDALORE,Govt aided,N,N,1-466239891,fetchdata,2014-2015,Engineering and Technology,1,1,1,1,Tamil Nadu,1
1-2016849653,SVA COLLEGE OF POLYTECHNIC,"NALLUR
N PUDUPPATTY",NAMAKKAL,Unaided - Private,N,N,1-473837791,fetchdata,2014-2015,Engineering and Technology,1,1,1,1,Tamil Nadu,1
1-2016857024,P.T.LEE CHENGALVARAYA NAICKER POLYTECHNIC COLLEGE,"P.T.LEE CHENGALVARAYA NAICKER POLYTECHNIC COLLEGE, 2&3,E.V.K SAMPATH SALAI,
VEPERY,CHENNAI -600007",CHENNAI,Govt aided,N,N,1-425577831,fetchdata,2014-2015,Engineering and Technology,1,1,1,1,Tamil Nadu,1
1-2016509931,CHETTINAD COLLEGE OF ENGINEERING & TECHNOLOGY,"NH 67, KARUR TO TRICHY HIGHWAY,PULIYUR CF, KARUR -  639 114, TAMILNADU, INDIA.",KARUR,Unaided - Private,N,N,1-14877641,fetchdata,2014-2015,Engineering and Technology,1,1,1,1,Tamil Nadu,1
1-2016543224,THE GANDHIGRAM RURAL INSTITUTE - DEEMED UNIVERSITY,"GANDHIGRAM
AUTHOOR TK.",DINDIGUL,Government,N,N,1-465941501,fetchdata,2014-2015,Engineering and Technology,1,1,1,1,Tamil Nadu,1
1-2016620155,GOVERNMENT POLYTECHNIC COLLEGE,"FINGER POST
UDHAGAMANDALAM
NILGIRIS",NILGIRIS,Government,N,N,1-498722191,fetchdata,2014-2015,Engineering and Technology,1,1,1,1,Tamil Nadu,1
1-2016666838,GOLDEN POLYTECHNIC COLLEGE,"9/366, PALLAKADU VILLAGE,NADUVALUR PO
GANGAVALLI TK",SALEM,Unaided - Private,N,N,1-429946931,fetchdata,2014-2015,Engineering and Technology,1,1,1,1,Tamil Nadu,1
1-2016685595,126-GOVERNMENT POLYTECHNIC COLLEGE,"THENI - KAMBUM MAIN ROAD, SAMUTHAYA KOODAM, KOTTUR-625534, THENI DISTRICT.",THENI,Government,N,N,1-466720281,fetchdata,2014-2015,Engineering and Technology,1,1,1,1,Tamil Nadu,1
1-2016524589,GOVERNMENT POLYTECHNIC COLLEGE,"GOVT. POLYTECHNIC COLLEGE,
KONAM
NAGERCOIL - 4",KANYAKUMARI,Government,N,N,1-431068831,fetchdata,2014-2015,Engineering and Technology,1,1,1,1,Tamil Nadu,1
1-2016543453,M.I.E.T. POLYTECHNIC COLLEGE,"TRICHY-PUDUKOTTAI ROAD, TRICHIRAPALLI - 620 007.",TIRUCHIRAPPALLI,Unaided - Private,N,N,1-424592671,fetchdata,2014-2015,Engineering and Technology,1,1,1,1,Tamil Nadu,1
1-2016607263,SUTHANTHIRA POLYTECHNIC COLLEGE,"KALAKANMAI
VILLAGE",SIVAGANGA,Unaided - Private,N,N,1-423082411,fetchdata,2014-2015,Engineering and Technology,1,1,1,1,Tamil Nadu,1
1-2016622354,HAJI SHEIK ISMAIL ENGINEERING COLLEGE,"ESANOOR,
KEELAIYUR-PO
THIRUKKUVALAI
-TK
NAGAPATTINAM
-DT",NAGAPATTINAM,Unaided - Private,N,N,1-1490035851,fetchdata,2014-2015,Engineering and Technology,1,1,1,1,Tamil Nadu,1
1-2016650368,SEETHAI AMMAL POLYTECHNIC COLLEGE,"S V  RAJA NAGAR
VEERAPANJAN
KARUPPAYURANI (PO)",MADURAI,Unaided - Private,N,N,1-525725721,fetchdata,2014-2015,Engineering and Technology,1,1,1,1,Tamil Nadu,1
1-2016685803,MAHATH AMMA POLYTECHNIC COLLEGE,"ANNAVASAL ROAD,ARIYUR,PUDUKKOTTAI",PUDUKKOTTAI,Unaided - Private,N,N,1-513913311,fetchdata,2014-2015,Engineering and Technology,1,1,1,1,Tamil Nadu,1
1-2016302492,KODAIKANAL INSTITUTE OF TECHNOLOGY,"MACHUR POST
KODAIKANAL",DINDIGUL,Unaided - Private,N,N,1-4271671,fetchdata,2014-2015,Engineering and Technology,1,1,1,1,Tamil Nadu,1
1-2016863388,MEENATCHI GOVINDARAJAN POLYTECHNIC COLLEGE,"45,NANJIKOTTAI POST",THANJAVUR,Unaided - Private,N,N,1-1553613581,fetchdata,2014-2015,Engineering and Technology,1,1,1,1,Tamil Nadu,1
1-2016286608,RAJAS INTERNATIONAL INSTITUTE OF TECHNOLOGY FOR WOMEN,"OZHUGINASERY, NAGERCOIL
KANYAKUMARI DIST.
TAMILNADU
SOUTH INDIA",KANYAKUMARI,Unaided - Private,Y,N,1-6872191,fetchdata,2014-2015,Engineering and Technology,1,1,1,1,Tamil Nadu,1
1-2016511927,V. RAMAKRISHNA POLYTECHNIC COLLEGE,"MANALI ROAD,
THIRUVOTTIYUR",CHENNAI,Unaided - Private,N,N,1-405639211,fetchdata,2014-2015,Engineering and Technology,1,1,1,1,Tamil Nadu,1
1-2016524905,THIRUVALLUVAR POLYTECHNIC COLLEGE,"SOOLAPPURAM, ELUMALAI, MADURAI DIST",MADURAI,Unaided - Private,N,N,1-511989461,fetchdata,2014-2015,Engineering and Technology,1,1,1,1,Tamil Nadu,1
1-2016543854,THENI KAMMAVAR SANGAM POLYTECHNIC COLLEGE,"KAMMAVAR NAGAR
KODUVILARPATTI
THENI",THENI,Unaided - Private,N,N,1-425578823,fetchdata,2014-2015,Engineering and Technology,1,1,1,1,Tamil Nadu,1
1-2016607411,PASUMPON NETHAJI POLYTECHNIC COLLEGE,"PASUMPON NETHAJI POLYTECHNIC COLLEGE
A.R.P.NAGAR
MELANEELITHANALLUR",TIRUNELVELI,Unaided - Private,N,N,1-479941681,fetchdata,2014-2015,Engineering and Technology,1,1,1,1,Tamil Nadu,1
1-2016287023,KAMATCHI POLYTECHNIC COLLEGE,"VASANTHA NAGAR,THOGAMALAI MAIN ROAD ,POTHAVUR VILLAGE,INAMPULIYUR POST,TIRUCHIRAPPALLI",TIRUCHIRAPPALLI,Unaided - Private,N,N,1-753723611,fetchdata,2014-2015,Engineering and Technology,1,1,1,1,Tamil Nadu,1
1-2016513376,ST.MARIAM POLYTECHNIC COLLEGE,"SIVALARKULAM VILLAGE, MARANTHA POST, ALANGULAM TALUK, TIRUNELVELI DIST",TIRUNELVELI,Unaided - Private,N,N,1-455746771,fetchdata,2014-2015,Engineering and Technology,1,1,1,1,Tamil Nadu,1
1-2016546204,GOMATHI AMBAL POLYTECHNIC COLLEGE,MAVEERAN POOLITHEVAN NAGAR,TIRUNELVELI,Unaided - Private,N,N,1-432349541,fetchdata,2014-2015,Engineering and Technology,1,1,1,1,Tamil Nadu,1
1-2016650645,GOVERNMENT POLYTECHNIC COLLEGE,"SUBBARAYAN  MAIN ROAD
NAMMALWARPET
CHENNAI",CHENNAI,Government,N,N,1-501927801,fetchdata,2014-2015,Engineering and Technology,1,1,1,1,Tamil Nadu,1
1-2016673333,THE KAVERY INSTITUTE OF TECHNOLOGY,"KAVERY NAGAR,
M.KALIPATTI (PO),MECHERI,
METTUR (TK),
SALEM (DT)",SALEM,Unaided - Private,N,N,1-465989121,fetchdata,2014-2015,Engineering and Technology,1,1,1,1,Tamil Nadu,1
1-2016529303,T.J.S.ENGINEERING COLLEGE,"PERUVOYAL ,
NEAR KAVARAIPETTAI, 
GUMMIDIPOONDI TALUK, 
THIRUVALLUR DISTRICT - 601 206. 
TAMIL NADU.",THIRUVALLUR,Unaided - Private,N,N,1-2610514,fetchdata,2014-2015,Engineering and Technology,1,1,1,1,Tamil Nadu,1
1-2016607702,ST XAVIER'S POLYTECHNIC COLLEGE,"THIRUPPATHUR ROAD,RAM NAGAR,",SIVAGANGA,Unaided - Private,N,Y,1-429709281,fetchdata,2014-2015,Engineering and Technology,1,1,1,1,Tamil Nadu,1
1-2016622649,ASIAN COLLEGE OF ENGINEERING AND TECHNOLOGY,"294/2, ASIAN COLLEGE ROAD,
KONDAYAMPALAYAM,
NEAR SARAVANAMPATTI,
COIMBATORE - 641 110",COIMBATORE,Unaided - Private,N,N,1-1481600021,fetchdata,2014-2015,Engineering and Technology,1,1,1,1,Tamil Nadu,1
1-2016650890,V.P.MUTHAIAH PILLAI MEENAKSHI AMMAL ENGINEERING COLLEGE FOR WOMEN,"V.P.M NAGAR,
KRISHNANKOVIL",VIRUDHUNAGAR,Unaided - Private,Y,N,1-8897103,fetchdata,2014-2015,Engineering and Technology,1,1,1,1,Tamil Nadu,1
1-2016303170,THIRU RAMAKRISHNA NALLAMMAI POLYTECHNIC COLLEGE,NALLAMMAI NAGAR,TIRUPPUR,Unaided - Private,N,N,1-428161181,fetchdata,2014-2015,Engineering and Technology,1,1,1,1,Tamil Nadu,1
1-2016850006,C.R.ENGINEERIN COLLEGE,"ALAGAR KOVIL MAINROAD,
VALAYAPATTI,
MADURAI DISTRICT",MADURAI,Unaided - Private,N,N,1-461081721,fetchdata,2014-2015,Engineering and Technology,1,1,1,1,Tamil Nadu,1
1-2016502545,THE KEVIN POLYTECHNIC COLLEGE,"RAJANAGAR,
PONNAKUDI,
TIRUNELVELI",TIRUNELVELI,Unaided - Private,N,N,1-479325151,fetchdata,2014-2015,Engineering and Technology,1,1,1,1,Tamil Nadu,1
1-2016513882,HINDUSTHAN INSTITUTE OF TECHNOLOGY,"OTHAKKALMANDAPAM
COIMBATORE",COIMBATORE,Unaided - Private,N,N,1-4294141,fetchdata,2014-2015,Engineering and Technology,1,1,1,1,Tamil Nadu,1
1-2016529674,SURYA POLYTECHNIC COLLEGE,"UDAYA NAGAR,
AMMANDIVILAI & POST",KANYAKUMARI,Unaided - Private,N,N,1-427026111,fetchdata,2014-2015,Engineering and Technology,1,1,1,1,Tamil Nadu,1
1-2016622769,MURUGESAN INSTITUTE OF TECHNOLOGY,"SALEM-ATTUR MAIN ROAD,
KARUMAPURAM
KARIPATTY(PO)
SALEM-106",SALEM,Unaided - Private,N,N,1-433678101,fetchdata,2014-2015,Engineering and Technology,1,1,1,1,Tamil Nadu,1
1-2016628219,THANTHAI PERIYAR E.V.RAMASAMY GOVERNMENT POLYTECHNIC COLLEGE,"BAGAYAM ROAD
THORAPADI P.O.",VELLORE,Government,N,N,1-457006281,fetchdata,2014-2015,Engineering and Technology,1,1,1,1,Tamil Nadu,1
1-2016628532,VETRI VINAYAHA COLLEGE OF ENGINEERING AND TECHNOLOGY,"VETRI VINAYAHA COLLEGE OF ENGINEERING AND TECHNOLOGY
THOLURPATTI, THOTTIAM-621215
TRICHY(DT).",TIRUCHIRAPPALLI,Unaided - Private,N,N,1-5338244,fetchdata,2014-2015,Engineering and Technology,1,1,1,1,Tamil Nadu,1
1-2016651183,EVEREST POLYTECHNIC COLLEGE,"EVEREST POLYTECHNIC COLLEGE,EVEREST NAGAR, NAINARAGARAM PANCHAYATH, TENKASI-MADURAI NH ROAD, ACHAMPATTI STOP, KADAYANALLUR,TENKASI TALUK,TIRUNELVELI D",TIRUNELVELI,Unaided - Private,N,N,1-479198411,fetchdata,2014-2015,Engineering and Technology,1,1,1,1,Tamil Nadu,1
1-2016673963,VIGNESHWARA POLYTECHNIC COLLEGE,"CUDDALORE-CHIDAMBARAM ECR HIGHWAY,
KEEZHPOOVANIKUPPAM,
ALAPAKKAM (PO),",CUDDALORE,Unaided - Private,N,N,1-460124211,fetchdata,2014-2015,Engineering and Technology,1,1,1,1,Tamil Nadu,1
1-2016837618,DEPARTMENT OF COMPUTER SCIENCE AND ENGINEERING,MANONMANIAM SUNDARANAR UVIVERSITY,TIRUNELVELI,Government,N,N,1-457344531,fetchdata,2014-2015,Engineering and Technology,1,1,1,1,Tamil Nadu,1
1-2016856209,STAR LION COLLEGE OF ENGINEERING AND TECHNOLOGY,"MAIN ROAD,
MANANKORAI",THANJAVUR,Unaided - Private,N,N,1-6588841,fetchdata,2014-2015,Engineering and Technology,1,1,1,1,Tamil Nadu,1
1-2016515451,CHRIST THE KING ENGINEERING COLLEGE,"CECILIA GARDENS,CHIKKARAMPALAYAM VILLAGE",COIMBATORE,Unaided - Private,N,N,1-4165591,fetchdata,2014-2015,Engineering and Technology,1,1,1,1,Tamil Nadu,1
1-2016546895,SHRI RAMANAS ABC POLYTECHNIC COLLEGE,"PALAM RAJAKKAPATTI
PAPPANAMPATTI POST
PALANI ROAD 
DINDIGUL",DINDIGUL,Unaided - Private,N,N,1-452838981,fetchdata,2014-2015,Engineering and Technology,1,1,1,1,Tamil Nadu,1
1-2016607952,SHRI ANGALAMMAN COLLEGE OF ENGINEERING AND TECHNOLOGY,"RAMANAN NAGAR
SIRUGANOOR
TIRUCHIRAPPALLI
TAMIL NADU - 621 105.",TIRUCHIRAPPALLI,Unaided - Private,N,N,1-5037801,fetchdata,2014-2015,Engineering and Technology,1,1,1,1,Tamil Nadu,1
1-2016628957,JEEVAN POLYTECHNIC COLLEGE,"
VINMATHEE NAGAR, NH-45, TRICHY-DINDIGUL ROAD, MUTHAPUDAIYANPATTY POST
MANAPPARAI",TIRUCHIRAPPALLI,Unaided - Private,N,N,1-474053841,fetchdata,2014-2015,Engineering and Technology,1,1,1,1,Tamil Nadu,1
1-2016674181,ARUL COLLEGE OF TECHNOLOGY,"RADHAPURAM,
TIRUNELVELI.",TIRUNELVELI,Unaided - Private,N,Y,1-429482431,fetchdata,2014-2015,Engineering and Technology,1,1,1,1,Tamil Nadu,1
1-2016863778,MODERN POLYTECHNIC COLLEGE,"VIRUTHACHALAM ROAD,MAHIMAIPURAM,JAYANKONDAM",ARIYALUR,Unaided - Private,N,N,1-508675161,fetchdata,2014-2015,Engineering and Technology,1,1,1,1,Tamil Nadu,1
1-2016502859,THIAGARAJAR COLLEGE OF ENGINEERING,"TIRUPARANKUNDRAM
MADURAI 625 015",MADURAI,Govt aided,N,N,1-429823423,fetchdata,2014-2015,Engineering and Technology,1,1,1,1,Tamil Nadu,1
1-2016504864,RENGANAYAGI VARATHARAJ COLLEGE OF ENGINEERING,"SALVARPATTI VILLAGE & POST, THAYILPATTI â VIA, 
SIVAKASI â TALUK.",VIRUDHUNAGAR,Unaided - Private,N,N,1-452560021,fetchdata,2014-2015,Engineering and Technology,1,1,1,1,Tamil Nadu,1
1-2016507204,MURUGA POLYTECHNIC COLLEGE,MELUR POST,VILUPPURAM,Unaided - Private,N,N,1-433761563,fetchdata,2014-2015,Engineering and Technology,1,1,1,1,Tamil Nadu,1
1-2016516008,INSTITUTE OF TEXTILE TECHNOLOGY,"C.I.T CAMPUS,
THARAMANI",CHENNAI,Government,N,N,1-500053382,fetchdata,2014-2015,Engineering and Technology,1,1,1,1,Tamil Nadu,1
1-2016530126,TIRUTTANI POLYTECHNIC COLLEGE,"LAKSHMAPURAM VILLAGE,
NABALURE  PO,
TIRUTTANI  TK,
THURUVALLURE  DT.",THIRUVALLUR,Unaided - Private,N,N,1-516015561,fetchdata,2014-2015,Engineering and Technology,1,1,1,1,Tamil Nadu,1
1-2016593210,SENGUNTHAR ENGINEERING COLLEGE,"KOSAVAMPALAYAM
KUMARAMANGALAM (PO)
NAMAKKAL(DIST)
637 205",NAMAKKAL,Unaided - Private,N,N,1-6816681,fetchdata,2014-2015,Engineering and Technology,1,1,1,1,Tamil Nadu,1
1-2016594185,ANNAI TERASA POLYTECHNIC COLLEGE,"VEERAPATTI PANCHAYAT,
ILLUPPUR  (TK)
PUDUKKOTTAI  (DT)-622 102",PUDUKKOTTAI,Unaided - Private,N,N,1-465421101,fetchdata,2014-2015,Engineering and Technology,1,1,1,1,Tamil Nadu,1
1-2016612558,ARIES POLYTECHNIC COLLEGE,KARUNGUZHI,CUDDALORE,Unaided - Private,N,N,1-420991455,fetchdata,2014-2015,Engineering and Technology,1,1,1,1,Tamil Nadu,1
1-2016656703,C.R.V  POLYTECHNIC COLLEGE,"SEVANTHAMPATTI,
THUVARANKURICHI,
MANAPPARAI(TK),
TRICHY(DT).",TIRUCHIRAPPALLI,Unaided - Private,N,N,1-467275591,fetchdata,2014-2015,Engineering and Technology,1,1,1,1,Tamil Nadu,1
1-2016678423,A V S COLLEGE OF TECHNOLOGY,"ATTUR MAIN ROAD , NEAR AVS COLLEGE OF ARTS & SCIENCE, CHINNAGOUNDAPURAM, SALEM - 636 106.",SALEM,Unaided - Private,N,N,1-1505869571,fetchdata,2014-2015,Engineering and Technology,1,1,1,1,Tamil Nadu,1
1-2016690483,"GOVERNMENT POLYTECHNIC COLLEGE, KANIYALAMPATTI","SINTHAMANIPATTI VIA,
KADAVUR TALUK
KARUR 
621301",KARUR,Government,N,N,1-456405373,fetchdata,2014-2015,Engineering and Technology,1,1,1,1,Tamil Nadu,1
1-2016516082,DHARMAPURI DISTRICT CO-OP SUGAR MILLS POLYTECHNIC COLLEGE,"DHARMAPURI DISTRICT CO-OP SUGAR MILLS POLYTECHNIC COLLEGE,PALACODE",DHARMAPURI,Unaided - Private,N,N,1-437046341,fetchdata,2014-2015,Engineering and Technology,1,1,1,1,Tamil Nadu,1
1-2016532307,PASTOR LENSSEN POLYTECHNIC COLLEGE,"LENSSEN NAGAR
KUTHENKULY",TIRUNELVELI,Unaided - Private,N,N,1-451473341,fetchdata,2014-2015,Engineering and Technology,1,1,1,1,Tamil Nadu,1
1-2016597427,ARAVINDHAR POLYTECHNIC COLLEGE,"POLUR TO CHENGAM ROAD
KANGAINUR POST & VILLAGE",TIRUVANNAMALAI,Unaided - Private,N,N,1-404271913,fetchdata,2014-2015,Engineering and Technology,1,1,1,1,Tamil Nadu,1
1-2016612924,IRT POLYTECHNIC COLLEGE(CHROMEPET),"BHARATHA MATHA ST,
BHARATHIPURAM,
CHROMEPET,",KANCHIPURAM,Unaided - Private,N,N,1-478448411,fetchdata,2014-2015,Engineering and Technology,1,1,1,1,Tamil Nadu,1
1-2016629190,PARAMVEER POLYTECHNIC COLLEGE,"DHARMAPURI MAIN ROAD, PAPPARAPATTI, DHARMAPURI.
636809",DHARMAPURI,Unaided - Private,N,N,1-505141471,fetchdata,2014-2015,Engineering and Technology,1,1,1,1,Tamil Nadu,1
1-2016656924,KARPAGAM POLYTECHNIC COLLEGE,"POLLACHI MAIN ROAD, EACHANARI (P.O), COIMBATORE 641021",COIMBATORE,Unaided - Private,N,N,1-465586101,fetchdata,2014-2015,Engineering and Technology,1,1,1,1,Tamil Nadu,1
1-2016660470,GOVERNMENT POLYTECHNIC COLLEGE FOR WOMEN,"TPK ROAD,MADURAI 625011",MADURAI,Government,Y,N,1-479782641,fetchdata,2014-2015,Engineering and Technology,1,1,1,1,Tamil Nadu,1
1-2016660677,"122,GOVERNMENT POLYTECHNIC COLLEGE,DHARMAPURI","TEMPORARY SITE:
COMMUNITY HALL, KERAKODAHALLI VILLAGE,KARIMANGALM POST ,PALACODE TALUK,DHARMAPURI DISTRICT -635111.
PERMANENT SITE:
SURVEY NO 211/1",DHARMAPURI,Government,N,N,1-478412091,fetchdata,2014-2015,Engineering and Technology,1,1,1,1,Tamil Nadu,1
1-2016690531,SRI RAMACHANDRA POLYTECHNIC COLLEGE,"DHARMANEEDHI VILLAGE, AYARPADI POST, ARAKKONAM TALUK, VELLORE DIST.",VELLORE,Unaided - Private,N,N,1-455192161,fetchdata,2014-2015,Engineering and Technology,1,1,1,1,Tamil Nadu,1
1-2016863919,SRI SANTHOSHI POLYTECHNIC COLLEGE,"09,PAIYAMBADI VILLAGE,MADURANTHAKAM(TK)",KANCHIPURAM,Unaided - Private,N,N,1-506494903,fetchdata,2014-2015,Engineering and Technology,1,1,1,1,Tamil Nadu,1
1-2016517369,EIT POLYTECHNIC COLLEGE,KAVINDAPADI,ERODE,Govt aided,N,N,1-401639081,fetchdata,2014-2015,Engineering and Technology,1,1,1,1,Tamil Nadu,1
1-2016532559,VETRI VINAYAHA POLYTECHNIC COLLEGE,"NAMAKKAL - TRICHY MAIN ROAD THOLURPATTI
THOTTIAM",TIRUCHIRAPPALLI,Unaided - Private,N,N,1-476149491,fetchdata,2014-2015,Engineering and Technology,1,1,1,1,Tamil Nadu,1
1-2016597574,ARIYALUR ENGINNERING COLLEGE,"TRICHY - CHIDAMBARAM MAIN ROAD, KARUPPUR - SENAPATHY (PO)",ARIYALUR,Unaided - Private,N,N,1-1488562551,fetchdata,2014-2015,Engineering and Technology,1,1,1,1,Tamil Nadu,1
1-2016613132,MOTHER TERASA COLLEGE OF ENGINEERING AND TECHNOLOGY,"METTUSALAI,
ILLUPPUR (POST & TALUK),
PUDUKKOTTAI - DIST,
PIN-622102.",PUDUKKOTTAI,Unaided - Private,N,N,1-4974801,fetchdata,2014-2015,Engineering and Technology,1,1,1,1,Tamil Nadu,1
1-2016633513,THE NEW ROYAL COLLEGE OF ENGINEERING AND TECHNOLOGY,"ECR ROAD, POONJERI, MAMALLAPURAM",KANCHIPURAM,Unaided - Private,N,N,1-4161381,fetchdata,2014-2015,Engineering and Technology,1,1,1,1,Tamil Nadu,1
1-2016837940,INSTITUTE OF CHEMICAL TECHNOLOGY,"C.I.T CAMPUS
TARAMANI
CHENNAI",KANCHIPURAM,Government,N,N,1-480361021,fetchdata,2014-2015,Engineering and Technology,1,1,1,1,Tamil Nadu,1
1-2016849351,GOVERNMENT POLYTECHNIC COLLEGE,"AMBALAKARANPATTI,
MELUR(T.K)",MADURAI,Government,N,N,1-487923953,fetchdata,2014-2015,Engineering and Technology,1,1,1,1,Tamil Nadu,1
1-2016517693,MRK POLYTECHNIC COLLEGE,"MRK POLYTECHNIC COLLEGE, NATTARMANGALAM & POST, KATTUMANNAR KOIL",CUDDALORE,Unaided - Private,N,N,1-444184611,fetchdata,2014-2015,Engineering and Technology,1,1,1,1,Tamil Nadu,1
1-2016847451,NIGHTINGATE INSTITUTE OF TECHNOLOGY,"M.G.R. NAGAR, L & T BY PASS,
MADUKARAI MARKET ROAD,
CHETTIPALAYAM ROAD,
MADUKARAI",COIMBATORE,Unaided - Private,N,N,1-746420171,fetchdata,2014-2015,Engineering and Technology,1,1,1,1,Tamil Nadu,1
1-2016876477,KAMARAJ POLYTECHNIC COLLEGE,"PAZHAVILAI,
PAZHAVILAI P.O.,",KANYAKUMARI,Govt aided,N,N,1-501741201,fetchdata,2014-2015,Engineering and Technology,1,1,1,1,Tamil Nadu,1
1-2016772008,SHRI ANDAL ALAGAR COLLEGE OF ENGINEERING,"#6, G.S.T. ROAD,
MAMANDUR",KANCHIPURAM,Unaided - Private,N,N,1-3633035,fetchdata,2014-2015,Engineering and Technology,1,1,1,1,Tamil Nadu,1
1-2016780768,SRI KRISHNA ENGINEERING COLLEGE,"PANAPAKKAM
NEAR PADAPPAI
VIA TAMBARAM
CHENNAI - 601301",KANCHIPURAM,Unaided - Private,N,N,1-423198001,fetchdata,2014-2015,Engineering and Technology,1,1,1,1,Tamil Nadu,1
1-2016798132,GNANAMANI COLLEGE OF TECHNOLOGY,"NH-7, A.K. SAMUTHIRAM,
PACHAL POST,
NAMAKKAL DISTRICT,
TAMILNADU
PIN 637018",NAMAKKAL,Unaided - Private,N,Y,1-4594881,fetchdata,2014-2015,Engineering and Technology,1,1,1,1,Tamil Nadu,1
1-2016807148,VALIVALAM DESIKAR POLYTECHNIC COLLEGE,"NAGORE MAIN ROAD
NAGAPATTINAM",NAGAPATTINAM,Govt aided,N,N,1-434084051,fetchdata,2014-2015,Engineering and Technology,1,1,1,1,Tamil Nadu,1
1-2016825420,INFANT JESUS COLLEGE OF ENGINEERING AND TECHNOLOGY,"KAMARAJAR NAGAR, TIRNELVELI - THOOTHUKUDI HOGHWAY (NH-7A),
KEELAVALLANADU VILLAGE,
ELLANAYAKAN PATTI POST,
SRIVAIKUNDAM TALUK,
THOOTHUKUDI DISTRIC",THOOTHUKUDI,Unaided - Private,N,Y,1-4575508,fetchdata,2014-2015,Engineering and Technology,1,1,1,1,Tamil Nadu,1
1-2016836604,ST. JOSEPH POLYTECHNIC COLLEGE,"VELANTHAVALAM ROAD, VEERAPPANUR, COIMBATORE",COIMBATORE,Unaided - Private,N,N,1-463879121,fetchdata,2014-2015,Engineering and Technology,1,1,1,1,Tamil Nadu,1
1-2016891277,MAR EPHRAEM COLLEGE OF ENGINEERING AND TECHNOLOGY,"MALANKARA HILLS,

ELAVUVILLAI,

KANYAKUMARI",KANYAKUMARI,Unaided - Private,N,Y,1-6547531,fetchdata,2014-2015,Engineering and Technology,1,1,1,1,Tamil Nadu,1
1-2016894761,S.M. ARUMUGAM POLYTECHNIC COLLEGE,"ADHIYAMAAN BYE PASS ROAD, A.REDDIHALLI, DHARMAPURI",DHARMAPURI,Unaided - Private,N,N,1-480387011,fetchdata,2014-2015,Engineering and Technology,1,1,1,1,Tamil Nadu,1
1-2016904559,ARAVINDAR POLYTECHNIC COLLEGE,NEAR ALAGIRI SPINNING MILLS,DINDIGUL,Unaided - Private,N,N,1-482019753,fetchdata,2014-2015,Engineering and Technology,1,1,1,1,Tamil Nadu,1
1-2016774621,NANDHA POLYTECHNIC COLLEGE,"232, CHENNIMALAIPALAYAM ROAD, PITCHANDAMAPALAYAM POST, ERODE - 638052",ERODE,Unaided - Private,N,N,1-465642921,fetchdata,2014-2015,Engineering and Technology,1,1,1,1,Tamil Nadu,1
1-2016775258,KRISHNASAMY MEMORIAL POLYTECHNIC COLLEGE,"NELLIKUPPAM HIGH ROAD,
S.KUMARAPURAM,
CUDDALORE  607 109",CUDDALORE,Unaided - Private,N,Y,1-430154931,fetchdata,2014-2015,Engineering and Technology,1,1,1,1,Tamil Nadu,1
1-2016816627,SANKARA POLYTECHNIC COLLEGE,"SARAVANAMPATTY
COIMBATORE",COIMBATORE,Unaided - Private,N,N,1-427010283,fetchdata,2014-2015,Engineering and Technology,1,1,1,1,Tamil Nadu,1
1-2016836842,KSK COLLEGE OF ENGINEERING AND TECHNOLOGY,"KSK COLLEGE OF ENGINEERING AND TECHNOLOGY,

THANJAVUR MAIN ROAD,AMMAPET (VILLAGE),DHARASURAM POST,

KUMBAKONAM TALUK,

THANJAVUR DISTRICT,

TA",THANJAVUR,Unaided - Private,N,N,1-425765501,fetchdata,2014-2015,Engineering and Technology,1,1,1,1,Tamil Nadu,1
1-2016847658,SRINIVASAN POLYTECHNIC COLLEGE,THURAIYUR ROAD,PERAMBALUR,Unaided - Private,N,N,1-434688101,fetchdata,2014-2015,Engineering and Technology,1,1,1,1,Tamil Nadu,1
1-2016870179,SRI ESHWAR COLLEGE OF ENGINEERING,"KONDAMPATTI POST
VADASITHUR VIA
COIMBATORE-641202
TAMILNADU",COIMBATORE,Unaided - Private,N,N,1-4166771,fetchdata,2014-2015,Engineering and Technology,1,1,1,1,Tamil Nadu,1
1-2016775696,LOYOLA-ICAM COLLEGE OF ENGINEERING AND TECHNOLOGY,LOYOLA COLLEGE CAMPUS,CHENNAI,Unaided - Private,N,Y,1-2029051,fetchdata,2014-2015,Engineering and Technology,1,1,1,1,Tamil Nadu,1
1-2016783244,ANNAI TERESA COLLEGE OF ENGINEERING,"THIRUNAVALUR, ULUNDURPET TALUK",VILUPPURAM,Unaided - Private,N,N,1-8546471,fetchdata,2014-2015,Engineering and Technology,1,1,1,1,Tamil Nadu,1
1-2016801814,T.S.M.JAIN COLLEGE OF TECHNOLOGY,"MELUR VILLAGE, KALLAKURICHI TALUK",VILUPPURAM,Unaided - Private,N,N,1-6200381,fetchdata,2014-2015,Engineering and Technology,1,1,1,1,Tamil Nadu,1
1-2016809493,A.R.ENGINEERING COLLEGE,"VADAKUCHIPALAYAM, 
KAPPIYAMPULIYUR POST,
VILLUPURAM-605 601,
TAMIL NADU,
INDIA.",VILUPPURAM,Unaided - Private,N,N,1-4168991,fetchdata,2014-2015,Engineering and Technology,1,1,1,1,Tamil Nadu,1
1-2016826109,ST. ANNE'S COLLEGE OF ENGINEERING AND TECHNOLOGY,"ANGUCHETTYPALAYAM 
SIRUVATHUR POST 
PANRUTI TALUK
CUDDALORE DISTRICT",CUDDALORE,Unaided - Private,N,Y,1-5036551,fetchdata,2014-2015,Engineering and Technology,1,1,1,1,Tamil Nadu,1
1-2016861338,SRG ENGINEERING COLLEGE,"SH-95, MOHANUR ROAD, ANIYAPURAM",NAMAKKAL,Unaided - Private,N,N,1-3762338,fetchdata,2014-2015,Engineering and Technology,1,1,1,1,Tamil Nadu,1
1-2016871791,LAKSHMI AMMAL POLYTECHNIC COLLEGE,"K.R NAGAR,
KOVILPATTI",THOOTHUKUDI,Unaided - Private,N,N,1-418164793,fetchdata,2014-2015,Engineering and Technology,1,1,1,1,Tamil Nadu,1
1-2016902006,THIRUVALLUVAR COLLEGE OF ENGINEERING  AND TECHNOLOGY,"ARUNACHAL CITY,
PONNUR HILLS,
VANDAVASI - 604 505
THIRUVANNAMALAI DISTRICT
TAMILNADU",TIRUVANNAMALAI,Unaided - Private,N,N,1-4790481,fetchdata,2014-2015,Engineering and Technology,1,1,1,1,Tamil Nadu,1
1-2016791125,DHIVYA POLYTECHNIC COLLEGE,"GINGEE ROAD, CHETPET, 
POLUR TALUK",TIRUVANNAMALAI,Unaided - Private,N,N,1-440210971,fetchdata,2014-2015,Engineering and Technology,1,1,1,1,Tamil Nadu,1
1-2016809934,ARULMIGU SENTHILANDAVAR POLYTECHNIC COLLEGE,"AYIKUDI (VIA)
TENKASI-627811",TIRUNELVELI,Unaided - Private,N,N,1-507818601,fetchdata,2014-2015,Engineering and Technology,1,1,1,1,Tamil Nadu,1
1-2016817046,SBM COLLEGE OF ENGINEERING & TECHNOLOGY,"SBM NAGAR, THAMARAIPADI (PO), TRICHY ROAD,
DINDIGUL - 624 005.",DINDIGUL,Unaided - Private,N,N,1-3483501,fetchdata,2014-2015,Engineering and Technology,1,1,1,1,Tamil Nadu,1
1-2016874220,JANSONS INSTITUTE OF TECHNOLOGY,"SF.NO 443/1,2, 442/1A & 442/1B
KARUMATHAMPATTY,
COIMBATORE  - 641659",COIMBATORE,Unaided - Private,N,N,1-6165951,fetchdata,2014-2015,Engineering and Technology,1,1,1,1,Tamil Nadu,1
1-2016876829,GOVERNMENT POLYTECHNIC COLLEGE.,"KANDACHIPURAM MAIN ROAD,
ARAGANDANALLUR,
TIRUKOVILUR(TALUK),
VILUPPURAM.",VILUPPURAM,Government,N,N,1-465223073,fetchdata,2014-2015,Engineering and Technology,1,1,1,1,Tamil Nadu,1
1-2016895016,GOVERNMENT POLYTECHNIC COLLEGE,"KARAPATTU VILLAGE
CHENGAM TK",TIRUVANNAMALAI,Government,N,N,1-465893641,fetchdata,2014-2015,Engineering and Technology,1,1,1,1,Tamil Nadu,1
1-2016897971,INDIRA GANDHI COLLEGE OF ENGINEERING AND TECHNOLOGY FOR WOMEN,"CHENGALPATTU-KANCHIPURAM HIGH ROAD,
ATHUR VILLAGE,CHENGALPATTU TALUK,KANCHIPURAM DIST,CHENNAI
TAMIL NADU
603101",KANCHIPURAM,Unaided - Private,Y,N,1-6253181,fetchdata,2014-2015,Engineering and Technology,1,1,1,1,Tamil Nadu,1
1-2016776033,ANNAI MIRA COLLEGE OF ENGINEERING AND TECHNOLOGY,"ARAPPAKKAM VILLAGE, ARCOT ROAD, WALAJA TALUK, VELLORE DIST.",VELLORE,Unaided - Private,N,N,1-404537421,fetchdata,2014-2015,Engineering and Technology,1,1,1,1,Tamil Nadu,1
1-2016802050,SRI KRISHNA INSTITUTE OF TECHNOLOGY,"NAVANEEDHAM NAGAR
PANAPAKKAM
NEAR PADAPPAI",KANCHIPURAM,Unaided - Private,N,N,1-439765872,fetchdata,2014-2015,Engineering and Technology,1,1,1,1,Tamil Nadu,1
1-2016861829,PONNAIYAH RAMAJAYAM POLYTECHNIC COLLEGE,"KEELAPALAYAR VILLAGE,
PATTEESWARAM (VIA),
KUMBAKONAM",THANJAVUR,Unaided - Private,N,N,1-448474883,fetchdata,2014-2015,Engineering and Technology,1,1,1,1,Tamil Nadu,1
1-2016896034,DR.MGR POLYTECHNIC COLLEGE,"ACS NAGAR,  IRUMBEDU VILLAGE, ARNI TALUK,
ARNI",TIRUVANNAMALAI,Unaided - Private,N,N,1-437652701,fetchdata,2014-2015,Engineering and Technology,1,1,1,1,Tamil Nadu,1
1-2016793447,GOJAN SCHOOL OF BUSINESS AND TECHNOLOGY,"80-FEET ROAD,
EDAPALAYAM,
RED HILLS,
CHENNAI-52",THIRUVALLUR,Unaided - Private,N,N,1-4776331,fetchdata,2014-2015,Engineering and Technology,1,1,1,1,Tamil Nadu,1
1-2016828429,S.VEERASAMY CHETTIAR POLYTECHNIC COLLEGE,"S.V.NAGAR
T.N.PUTHUKUDI
PULIANGUDI.",TIRUNELVELI,Unaided - Private,N,N,1-436289231,fetchdata,2014-2015,Engineering and Technology,1,1,1,1,Tamil Nadu,1
1-2016899652,VAIGAI COLLEGE OF ENGINEERING,"THERKUTHERU,
MELUR TALUK,
MADURAI",MADURAI,Unaided - Private,N,N,1-789295801,fetchdata,2014-2015,Engineering and Technology,1,1,1,1,Tamil Nadu,1
1-2016810759,SRS COLLEGE OF ENGINEERING & TECHNOLOGY,"HARUR MAIN ROAD, 
KUPPANUR (P.O), 
SALEM - 636 122
TAMIL NADU",SALEM,Unaided - Private,N,N,1-6690913,fetchdata,2014-2015,Engineering and Technology,1,1,1,1,Tamil Nadu,1
1-2016819562,SALEM COLLEGE OF ENGINEERING AND TECHNOLOGY,"SALEM-ATTUR MAIN ROAD , NH-68
METTUPATTY-PERUMAPALAYAM",SALEM,Unaided - Private,N,N,1-5167081,fetchdata,2014-2015,Engineering and Technology,1,1,1,1,Tamil Nadu,1
1-2016862076,MAHENDRA COLLEGE OF ENGINEERING,"12TH KM ATTUR MAIN ROAD 
MINNAMPALLI
SALEM",SALEM,Unaided - Private,N,N,1-7468481,fetchdata,2014-2015,Engineering and Technology,1,1,1,1,Tamil Nadu,1
1-2016865709,SRI RAMAKRISHNA COLLEGE OF ENGINEERING,"SRI SARADHA NAGAR, NH - 45,",PERAMBALUR,Unaided - Private,N,N,1-452176511,fetchdata,2014-2015,Engineering and Technology,1,1,1,1,Tamil Nadu,1
1-2016874838,PODHIGAI COLLEGE OF ENGINEERING & TECHNOLOGY,"SALEM MAIN ROAD, ADIYUR POST,TIRUPATTUR TALUK - 635 601.
VELLORE DIST
TAMILNADU",VELLORE,Unaided - Private,N,N,1-4152903,fetchdata,2014-2015,Engineering and Technology,1,1,1,1,Tamil Nadu,1
1-2016886260,DR.NAVALAR NEDUNCHEZHIYAN COLLEGE OF ENGINEERING,"RAJA NAGAR,VAITHIYANATHAPURAM,
THOLUDUR - 606 303,
CUDDALORE DISTRICT,TAMILNADU.",CUDDALORE,Unaided - Private,N,N,1-5767351,fetchdata,2014-2015,Engineering and Technology,1,1,1,1,Tamil Nadu,1
1-2016837148,SHREENIVASA ENGINEERING COLLEGE,"B.PALLIPATTI,
BOMMIDI,
PAPPIREDDIPATTI TALUK,
DHARMAPURI DISTRICT
TAMILNADU.",DHARMAPURI,Unaided - Private,N,N,1-5431161,fetchdata,2014-2015,Engineering and Technology,1,1,1,1,Tamil Nadu,1
1-2016851355,SCAD POLYTECHNIC COLLEGE,"KALAKAD ROAD
CHERANMAHADEVI",TIRUNELVELI,Unaided - Private,N,Y,1-464136493,fetchdata,2014-2015,Engineering and Technology,1,1,1,1,Tamil Nadu,1
1-2016878264,ADVANCED TOOLING & PLASTICS PRODUCT DEVELOPMENT CENTRE,"NO.35/1,1ST & 2ND FLOORS,TAMILNADU STATE AGRICULTURAL MARKETING BOARD,PADDY & FLOWER MARKET COMPLEX,MATTUTHAVANI.",MADURAI,Government,N,N,1-486840961,fetchdata,2014-2015,Engineering and Technology,1,1,1,1,Tamil Nadu,1
1-2016891840,ANNAI VELANKANNI POLYTECHNIC COLLEGE,"NO.8 SALEM MAIN ROAD,
ANGUCHETTYPALAYAM,
SIRUVATHUR POST,
PANRUTI TALUK
CUDDALORE DISTRICT
TAMILNADU",CUDDALORE,Unaided - Private,N,N,1-413810171,fetchdata,2014-2015,Engineering and Technology,1,1,1,1,Tamil Nadu,1
1-2016899771,SRI VENKATESWARA POLYTECHNIC COLLEGE,TRICHY NATIONAL HIGHWAY,CUDDALORE,Unaided - Private,N,N,1-522262181,fetchdata,2014-2015,Engineering and Technology,1,1,1,1,Tamil Nadu,1
1-2016802589,JEI MATHAAJEE COLLEGE OF ENGINEERING,"NO. 124, VISHAKANDIKUPPAM VILLAGE,
SIRUVAKKAM POST
KANCHIPURAM",KANCHIPURAM,Unaided - Private,N,N,1-17330985,fetchdata,2014-2015,Engineering and Technology,1,1,1,1,Tamil Nadu,1
1-2016878401,EXCEL POLYTECHNIC COLLEGE,"KUTTIKINATHOOR ROAD,
PALLAKAPALAYAM,
SANKARI WEST POST,
TIRUCHENGODE TALUK",NAMAKKAL,Unaided - Private,N,N,1-445360961,fetchdata,2014-2015,Engineering and Technology,1,1,1,1,Tamil Nadu,1
1-2016877047,J.K.K.NATTRAJA COLLEGE OF ENGINEERING & TECHNOLOGY,"NATARAJAPURAM, NH-47 (SALEM TO COIMBATORE), KOMARAPALAYAM - 638 183. NAMAKKAL DT. TAMIL NADU.",NAMAKKAL,Unaided - Private,N,N,1-8323181,fetchdata,2014-2015,Engineering and Technology,1,1,1,1,Tamil Nadu,1
1-2016777426,ARS COLLEGE OF ENGINEERING,"SATTTAMANGALAM, MARAIMALAI NAGAR, CHENGALPATTU TALK.",KANCHIPURAM,Unaided - Private,N,N,1-457352971,fetchdata,2014-2015,Engineering and Technology,1,1,1,1,Tamil Nadu,1
1-2016828983,SRI VENGATESWARAA POLYTECHNIC COLLEGE,5/202-3,NAMAKKAL,Unaided - Private,N,N,1-435898281,fetchdata,2014-2015,Engineering and Technology,1,1,1,1,Tamil Nadu,1
1-2016840713,KING COLLEGE OF TECHNOLOGY,"NALLUR ,N.PUDUPATTY -PO,
NAMAKKAL-DT,
TAMILNADU-637020",NAMAKKAL,Unaided - Private,N,N,1-4026486,fetchdata,2014-2015,Engineering and Technology,1,1,1,1,Tamil Nadu,1
1-2016851746,ST.MICHAEL COLLEGE OF ENGINEERING & TECHNOLOGY,"ST.SANTHIAGAPER NAGAR,
KALAYARKOIL,
SIVAGANGA DISTRICT.",SIVAGANGA,Unaided - Private,N,Y,1-3214121,fetchdata,2014-2015,Engineering and Technology,1,1,1,1,Tamil Nadu,1
1-2016895172,ST. JOSEPH POLYTECHNIC COLLEGE,KARAIKUDI MAIN ROAD,PUDUKKOTTAI,Unaided - Private,N,Y,1-409727411,fetchdata,2014-2015,Engineering and Technology,1,1,1,1,Tamil Nadu,1
1-2016901385,"RAJA COLLEGE OF ENGINEERING AND TECHNOLOGY,","RAJA COLLEGE OF ENGINEERING AND TECHNOLOGY,
S.V. RAJA NAGAR,
VEERAPANJAN,
MADURAII- 625 020",MADURAI,Unaided - Private,N,N,1-6780865,fetchdata,2014-2015,Engineering and Technology,1,1,1,1,Tamil Nadu,1
1-2016768875,CHENDHURAN POLYTECHNIC COLLEGE,"MADURAI ROAD,
PULIVALAM(PO)",PUDUKKOTTAI,Unaided - Private,N,N,1-450416791,fetchdata,2014-2015,Engineering and Technology,1,1,1,1,Tamil Nadu,1
1-2016794059,DR. PAULS ENGINEERING COLLEGE,"PAULS NAGAR, NH-66, PULICHAPALLAM VILLAGE, VANUR TALUK, VILLUPURAM DISTRICT",VILUPPURAM,Unaided - Private,N,Y,1-23577171,fetchdata,2014-2015,Engineering and Technology,1,1,1,1,Tamil Nadu,1
1-2016802923,UNIVERSAL COLLEGE OF ENGINEERING & TECHNOLOGY,"ANBAGAM CAMPUS,
KADAMBANKULAM VILLAKKU,
RADHAPURAM ROAD,
VALLIOOR",TIRUNELVELI,Unaided - Private,N,N,1-480945431,fetchdata,2014-2015,Engineering and Technology,1,1,1,1,Tamil Nadu,1
1-2016813437,N.A.MANJAMMAL POLYTECHNIC COLLEGE,"M.P.K POST (VIA)
RAJAPALAYAM",VIRUDHUNAGAR,Unaided - Private,N,N,1-490560413,fetchdata,2014-2015,Engineering and Technology,1,1,1,1,Tamil Nadu,1
1-2016830307,SHREE VENKATESHWARA HI-TECH ENGINEERING COLLEGE,"SRI KALAIVANI NAGAR,
ERODE-SATHY MAIN ROAD,
OTHAKUTHIRAI,
K.METTUPALAYAM (PO)
GOBICHETTIPALAYAM - 638 455
ERODE (DISTRICT), 
TAMILNADU,
INDIA.",ERODE,Unaided - Private,N,N,1-2024231,fetchdata,2014-2015,Engineering and Technology,1,1,1,1,Tamil Nadu,1
1-2016899971,FX POLYTECHNIC COLLEGE,AMBAI ROAD THARUVAI TIRUNELVELI,TIRUNELVELI,Unaided - Private,N,Y,1-495583181,fetchdata,2014-2015,Engineering and Technology,1,1,1,1,Tamil Nadu,1
1-2016769276,K. RAMAKRISHNAN COLLEGE OF ENGINEERING,"KARIYAMANICKAM ROAD,
SAMAYAPURAM,",TIRUCHIRAPPALLI,Unaided - Private,N,N,1-421206141,fetchdata,2014-2015,Engineering and Technology,1,1,1,1,Tamil Nadu,1
1-2016786296,SREE SASTHA INSTITUTE OF ENGINEERING AND TECHNOLOGY,"CHENNAI - BANGALORE HIGHWAY 
CHEMBARAMBAKKAM 
CHENNAI - 600123.",THIRUVALLUR,Unaided - Private,N,Y,1-445813093,fetchdata,2014-2015,Engineering and Technology,1,1,1,1,Tamil Nadu,1
1-2016830924,TAGORE INSTITUTE OF ENGINEERING AND TECHNOLOGY,"SALEM-CHENNAI MAIN ROAD, DEVIYAKURICHI - 636 112, ATTUR(TK), SALEM(DT), TAMIL NADU",SALEM,Unaided - Private,N,N,1-4247981,fetchdata,2014-2015,Engineering and Technology,1,1,1,1,Tamil Nadu,1
1-2016844549,GANADIPATHY TULSI'S JAIN ENGINEERING COLLEGE,"CHITTOOR-CUDDALORE ROAD,
KANIYAMBADI,
VELLORE.",VELLORE,Unaided - Private,N,N,1-8340341,fetchdata,2014-2015,Engineering and Technology,1,1,1,1,Tamil Nadu,1
1-2016854675,EXCEL COLLEGE OF ENGINEERING & TECHNOLOGY,"NH 47 SALEM  MAIN ROAD
SANKARI WEST POST,
TIRUCHENGODE TALUK,
PALLAKAPALAYAM - 637303
NAMAKKAL DISTRICT
TAMILNADU",NAMAKKAL,Unaided - Private,N,N,1-8022246,fetchdata,2014-2015,Engineering and Technology,1,1,1,1,Tamil Nadu,1
1-2016855184,S K R ENGINEERING COLLEGE,"AGARMEL, POONAMALLEE, CHENNAI - 600123",THIRUVALLUR,Unaided - Private,N,Y,1-5681261,fetchdata,2014-2015,Engineering and Technology,1,1,1,1,Tamil Nadu,1
1-2016769907,JAI KRISHNA POLYTECHNIC COLLEGE,"104,KIILKOVALA VEDU VILLAGE,
 WANDAVASI TALUK, 
THIRUVANNAMALAI DISTRICT, 
TAMILNADU",TIRUVANNAMALAI,Unaided - Private,N,N,1-1390404971,fetchdata,2014-2015,Engineering and Technology,1,1,1,1,Tamil Nadu,1
1-2016786981,NANDHA ENGINEERING COLLEGE,"28, CHENNIMALAIPALAYAM ROAD, 
PITCHANDAMPALAYAM (PO), 
ERODE",ERODE,Unaided - Private,N,N,1-6156963,fetchdata,2014-2015,Engineering and Technology,1,1,1,1,Tamil Nadu,1
1-2016803097,ASAN MEMORIAL COLLEGE OF ENGINEERING AND TECHNOLOGY,"ASAN NAGAR
9TH KILOMETER
CHENGALPATTU-MAHABALIPURAM HIGHWAY
POST BOX NO:6
CHENGALPATTU-603001",KANCHIPURAM,Unaided - Private,N,Y,1-3446974,fetchdata,2014-2015,Engineering and Technology,1,1,1,1,Tamil Nadu,1
1-2016813688,P.A.C. RAMASAMY RAJA POLYTECHNIC COLLEGE,K.R. NAGAR POST,VIRUDHUNAGAR,Govt aided,N,N,1-429469401,fetchdata,2014-2015,Engineering and Technology,1,1,1,1,Tamil Nadu,1
1-2016822598,ARULMURUGAN COLLEGE OF ENGINEERING,"KARVAZHI ROAD
THENNILAI
ARAVAKURICHY TALUK
KARUR-639206",KARUR,Unaided - Private,N,N,1-711818921,fetchdata,2014-2015,Engineering and Technology,1,1,1,1,Tamil Nadu,1
1-2016833521,PAVENDAR BHARATHIDASAN INSTITUTE OF INFORMATION TECHNOLOGY,"THANJAI NATARAJAN NAGAR, 
OPP. TO BHARATHIDASAN UNIVERSITY,
PUDUKKOTTAI MAIN ROAD,
MATHUR, 
KULATHUR TK",PUDUKKOTTAI,Unaided - Private,N,N,1-11359974,fetchdata,2014-2015,Engineering and Technology,1,1,1,1,Tamil Nadu,1
1-2016866150,SURYA POLYTECHNIC COLLEGE,"SURYA NAGAR,GST ROAD,KEEZHAKONDAI,VIKRAVANDI
VILLUPURAM TALUK & DISTRICT",VILUPPURAM,Unaided - Private,N,N,1-453395091,fetchdata,2014-2015,Engineering and Technology,1,1,1,1,Tamil Nadu,1
1-2016879031,RECT POLYTECHNIC COLLEGE,"MAIN ROAD,
SOUTH VIJAYANARAYANAM",TIRUNELVELI,Unaided - Private,N,N,1-476496781,fetchdata,2014-2015,Engineering and Technology,1,1,1,1,Tamil Nadu,1
1-2016892174,A.C.T COLLEGE OF ENGINEERING AND TECHNOLOGY,"BUKKATHURAI-UTHIRAMERUR HIGH ROAD, NELVOY VILLAGE, MADHURANTHAGAM TALUK, KANCHEEPURAM DISTRICT
PIN CODE:603 107",KANCHIPURAM,Unaided - Private,N,N,1-30022324,fetchdata,2014-2015,Engineering and Technology,1,1,1,1,Tamil Nadu,1
1-2016769980,P.V.POLYTECHNIC COLLEGE,"GINGEE ROAD,
PELAKUPPAM VILLAGE",VILUPPURAM,Unaided - Private,N,N,1-431177501,fetchdata,2014-2015,Engineering and Technology,1,1,1,1,Tamil Nadu,1
1-2016788848,SHREENIVASA POLYTECHNIC COLLEGE,"B.PALLIPATTI (P.O),
PAPPIREDDIPATTI (T.K),
DHARMAPURI (D.T),
PIN - 635 301.",DHARMAPURI,Unaided - Private,N,N,1-441537821,fetchdata,2014-2015,Engineering and Technology,1,1,1,1,Tamil Nadu,1
1-2016816221,SRI MUTHALAMMAN POLYTECHNIC COLLEGE,"SOMANATHAPURAM, T.NALLUR POST",RAMANATHAPURAM,Unaided - Private,N,N,1-452747911,fetchdata,2014-2015,Engineering and Technology,1,1,1,1,Tamil Nadu,1
1-2016822829,INSTITUTE OF FOOD AND DAIRY TECHNOLOGY,"KODUVALLI
ALAMATHI P.O.,
RED HILLS (VIA),
CHENNAI 600 052",THIRUVALLUR,Government,N,N,1-14962834,fetchdata,2014-2015,Engineering and Technology,1,1,1,1,Tamil Nadu,1
1-2016833848,PAVENDAR BHARATHIDASAN POLYTECHNIC COLLEGE,"NATARAJ NAGAR,
MATHUR, PUDUKKOTTAI MAIN ROAD, TRICHY-620024",TIRUCHIRAPPALLI,Unaided - Private,N,N,1-440472491,fetchdata,2014-2015,Engineering and Technology,1,1,1,1,Tamil Nadu,1
1-2016859941,SRM POLYTECHNIC COLLEGE,"SRM NAGAR, POTHERI,
KATTANKULATHUR (PO)",KANCHIPURAM,Unaided - Private,N,Y,1-430856601,fetchdata,2014-2015,Engineering and Technology,1,1,1,1,Tamil Nadu,1
1-2016882270,KINGS ENGINEERING COLLEGE,"IRUNGATTUKOTTAI
OPP. HYUNDAI CAR COMPANY",KANCHIPURAM,Unaided - Private,N,Y,1-413844974,fetchdata,2014-2015,Engineering and Technology,1,1,1,1,Tamil Nadu,1
1-2016771257,SRI VENKATESWARA INSTITUTE OF SCIENCE & TECHNOLOGY,"KOLUNDHALUR, THIRUVALLUR TALUK & DISTRICT,               TAMIL NADU STATE",THIRUVALLUR,Unaided - Private,N,Y,1-4838164,fetchdata,2014-2015,Engineering and Technology,1,1,1,1,Tamil Nadu,1
1-2016780324,SHIVANI COLLEGE OF ENGINEERING AND TECHNOLOGY,"91,NAVLUR KUTTAPATTU,
TRICHY - DINDUGAL MAIN ROAD,
TIRUCHIRAPPALLI - 620 009",TIRUCHIRAPPALLI,Unaided - Private,N,N,1-4442561,fetchdata,2014-2015,Engineering and Technology,1,1,1,1,Tamil Nadu,1
1-2016834182,MUTHAYAMMAL POLYTECHNIC INSTITUTION,"ATTUR MAIN ROAD, KAKKAVERI (PO) RASIPURAM TK, NAMAKKAL DT.TAMILNADU",NAMAKKAL,Unaided - Private,N,N,1-467566801,fetchdata,2014-2015,Engineering and Technology,1,1,1,1,Tamil Nadu,1
1-2016869469,CHENDHURAN COLLEGE OF ENGINEERING & TECHNOLOGY,"MADURAI MAIN RAOD,
LENA VILAKKU,
PILIVALAM POST,
THIRUMAYAM TALUK,
PUDUKKOTTAI DIST-622 507.",PUDUKKOTTAI,Unaided - Private,N,N,1-6417641,fetchdata,2014-2015,Engineering and Technology,1,1,1,1,Tamil Nadu,1
1-2016876245,PADMASHREE POLYTECHNIC COLLEGE,"1076/2 ,VATTAMALAI VILLAGE,
DHARAPURAM ROAD,
AVINASHIPALAYAMPUDUR POST",TIRUPPUR,Unaided - Private,N,N,1-1549517321,fetchdata,2014-2015,Engineering and Technology,1,1,1,1,Tamil Nadu,1
1-2016888415,ANNAI COLLEGE OF ENGINEERING & TECHNOLOGY,"ANAKUDI ROAD,
KOVILACHERI,
KUMBAKONAM,
THANJAVUR - DISTRICT,
TAMIL NADU",THANJAVUR,Unaided - Private,N,Y,1-11237794,fetchdata,2014-2015,Engineering and Technology,1,1,1,1,Tamil Nadu,1
1-2016895615,NOORUL ISLAM POLYTECHNIC COLLEGE,"PUNKARAI
THIRUVITHAMCODE (P.O)
K.K.DIST
TAMIL NADU
PINCODE-629174",KANYAKUMARI,Unaided - Private,N,N,1-404525741,fetchdata,2014-2015,Engineering and Technology,1,1,1,1,Tamil Nadu,1
1-2016790341,SRIGURU INSTITUTE OF TECHNOLOGY,"VARATHAIYANGARPALAYAM,
KONDAYAMPALAYAM POST,
NEAR SARAVANAMPATTI , 
COIMBATORE - 641110",COIMBATORE,Unaided - Private,N,N,1-2649823,fetchdata,2014-2015,Engineering and Technology,1,1,1,1,Tamil Nadu,1
1-2016822949,GNANAMANI COLLEGE OF ENGINEERING,"NH-7, A.K. SAMUTHIRAM,
PACHAL POST,
NAMAKKAL DISTRICT,
TAMILNADU.
PIN 637018.",NAMAKKAL,Unaided - Private,N,Y,1-4224633,fetchdata,2014-2015,Engineering and Technology,1,1,1,1,Tamil Nadu,1
1-2017137404,KAMARAJAR POLYTECHNIC COLLEGE,"1016, THIRUPPANINATHAM,
ENNANAGARAM POST,
CHIDAMBARAM TALUK.
CUDDALORE DISTRICT,
TAMILNADU.",CUDDALORE,Unaided - Private,N,N,1-1433116641,fetchdata,2014-2015,Engineering and Technology,1,1,1,1,Tamil Nadu,1
1-2017001090,IFET COLLEGE OF ENGINEERING,"IFET NAGAR, GANGARAMPALAYA M,VALAVANUR POST, VILLUPURAM DISTRICT, TAMILNADU 605 108",VILUPPURAM,Unaided - Private,N,N,1-8141341,fetchdata,2014-2015,Engineering and Technology,1,1,1,1,Tamil Nadu,1
1-2017085996,SRI VENKATACHALAPATHY POLYTECHNIC COLLEGE,"VADAKUCHIPALAYAM VILLAGE, KAPPIYAMPULIYUR POST, VILLUPURAM",VILUPPURAM,Unaided - Private,N,N,1-460693031,fetchdata,2014-2015,Engineering and Technology,1,1,1,1,Tamil Nadu,1
1-2017093509,SREE KRISHNA POLYTECHNIC COLLEGE,"""DWARAKA"", 
KALLIANACAUD
NAGERCOIL",KANYAKUMARI,Unaided - Private,N,N,1-409749991,fetchdata,2014-2015,Engineering and Technology,1,1,1,1,Tamil Nadu,1
1-2017099419,KIT & KIM TECHNICAL CAMPUS,"KEERANIPATTI VILLAGE,
THALAKKAVUR PANCHAYAT,
KARAIKUDI",SIVAGANGA,Unaided - Private,N,N,1-477606471,fetchdata,2014-2015,Engineering and Technology,1,1,1,1,Tamil Nadu,1
1-2017126963,K S RANGASAMY INSTITUTE OF TECHNOLOGY,"K S R KALVI NAGAR THOKKAVADI PO
TIRUCHENGODE TK
NAMAKKAL DT
TAMIL NADU
PIN: 637 215",NAMAKKAL,Unaided - Private,N,N,1-444988331,fetchdata,2014-2015,Engineering and Technology,1,1,1,1,Tamil Nadu,1
1-2017077459,M.A.R POLYTECHNIC COLLEGE,"TIRUCHIRAPPALLI - VIRALIMALAI MAIN ROAD
BOOTHAKUDI, RASANAIKENPATTY POST
ILLUPPUR TALUK
PUDUKKOTTAI DISTRICT
PINCODE - 621 316",PUDUKKOTTAI,Unaided - Private,N,N,1-438808021,fetchdata,2014-2015,Engineering and Technology,1,1,1,1,Tamil Nadu,1
1-2017119938,PAAVAI POLYTECHNIC COLLEGE,"NH - 7, PAAVAI NAGAR, PACHAL",NAMAKKAL,Unaided - Private,N,N,1-429457251,fetchdata,2014-2015,Engineering and Technology,1,1,1,1,Tamil Nadu,1
1-2017010969,MARUTHI POLYTECHNIC COLLEGE,"MANIVIZHUNDAN
SOUTH POST
ATTUR-636121",SALEM,Unaided - Private,N,N,1-429826871,fetchdata,2014-2015,Engineering and Technology,1,1,1,1,Tamil Nadu,1
1-2017065370,"GOVERNMENT COLLEGE OF ENGINEERING,BARGUR","GOVERNMENT COLLEGE OF ENGINEERING,BARGUR
MADEPALLI POST
BARGUR",KRISHNAGIRI,Government,N,N,1-435593652,fetchdata,2014-2015,Engineering and Technology,1,1,1,1,Tamil Nadu,1
1-2017065726,BHARATHPOLYTECHNICCOLLEGE,"AGARAM THEN ROAD, PUTHUR, THIRUVANCHERY, SELAIYUR",KANCHIPURAM,Unaided - Private,N,N,1-404392831,fetchdata,2014-2015,Engineering and Technology,1,1,1,1,Tamil Nadu,1
1-2017088389,VICKRAM POLYTECHNIC COLLEGE,"SREENIVASA GARDENS, MADURAI SIVAGANGAI ROAD,",SIVAGANGA,Unaided - Private,N,N,1-461529121,fetchdata,2014-2015,Engineering and Technology,1,1,1,1,Tamil Nadu,1
1-2017093979,RAMCO INSTITUTE OF TECHNOLOGY,"NORTH VENGANALLUR VILLAGE,
KRISHNAPURAM PANCHAYAT,
RAJAPALAYAM",VIRUDHUNAGAR,Unaided - Private,N,N,1-1423258331,fetchdata,2014-2015,Engineering and Technology,1,1,1,1,Tamil Nadu,1
1-2017099745,ALAGAPPA CHETTIAR COLLEGE OF ENGINEERING AND TECHNOLOGY,KARAIKUDI SIVAGANGA DISTRICT PIN-630004 TAMILNADU,SIVAGANGA,Government,N,N,1-476065432,fetchdata,2014-2015,Engineering and Technology,1,1,1,1,Tamil Nadu,1
1-2017129377,JAYA SURIYA ENGINEERING COLLEGE,"REDHILLS-
THIRUVALLUR HIGH ROAD
KODUVELI
CHENNAI",THIRUVALLUR,Unaided - Private,N,N,1-10603013,fetchdata,2014-2015,Engineering and Technology,1,1,1,1,Tamil Nadu,1
1-2017137486,AISHWARYA COLLEGE OF ENGINEERING AND TECHNOLOGY,"ERRATTAIKARAD,
PARUVACHI(PO),
ANTHIYUR
BHAVANI(TK),
ERODE(DT)",ERODE,Unaided - Private,N,N,1-425538501,fetchdata,2014-2015,Engineering and Technology,1,1,1,1,Tamil Nadu,1
1-2017077844,SRI BALAJI POLYTECHNIC COLLEGE,"BALAJI NAGAR
KOLAPAKKAM
VANDALUR",KANCHIPURAM,Unaided - Private,N,N,1-452885211,fetchdata,2014-2015,Engineering and Technology,1,1,1,1,Tamil Nadu,1
1-2017112813,SSR POLYTECHNIC COLLEGE,"MADHIYANI VILLAGE, KANDEDUTHANPATTY, ARASAMALAI PANCHAYAT, PONNAMARAVATHY TALUK",PUDUKKOTTAI,Unaided - Private,N,N,1-457994881,fetchdata,2014-2015,Engineering and Technology,1,1,1,1,Tamil Nadu,1
1-2017132068,THE SURABI COLLEGE OF POLYTECHNIC,"NAMAKKAL - TIRUCHENGODE ROAD,
MANIKATTIPUDUR,
NALLIPALAYAM POST
NAMAKKAL",NAMAKKAL,Unaided - Private,N,N,1-480917461,fetchdata,2014-2015,Engineering and Technology,1,1,1,1,Tamil Nadu,1
1-2017137762,ERODE INSTITUTE OF CHEMICAL TECHNOLOGY  POLYTECHNIC COLLEGE,"UTHUKULI MAIN ROAD,NADUPATTI POST,VIJAYAMANGALAM(VIA)",TIRUPPUR,Unaided - Private,N,N,1-423154421,fetchdata,2014-2015,Engineering and Technology,1,1,1,1,Tamil Nadu,1
1-2017013516,KNOWLEDGE INSTITUTE OF TECHNOLOGY,"KIOT CAMPUS, KAKAPALAYAM(PO), SALEM - 637504",SALEM,Unaided - Private,N,N,1-2745081,fetchdata,2014-2015,Engineering and Technology,1,1,1,1,Tamil Nadu,1
1-2017016219,VEL TECH MULTI TECH DR.RANGARAJAN DR.SAKUNTHALA ENGINEERING COLLEGE,"42,VELTECH ROAD,AVADI",THIRUVALLUR,Unaided - Private,N,Y,1-4011594,fetchdata,2014-2015,Engineering and Technology,1,1,1,1,Tamil Nadu,1
1-2017019242,MUTHAYAMMAL ENGINEERING COLLEGE,"KAKKAVERI,
RASIPURAM (TK),
NAMAKKAL (DT).
TAMIL NADU",NAMAKKAL,Unaided - Private,N,N,1-4156434,fetchdata,2014-2015,Engineering and Technology,1,1,1,1,Tamil Nadu,1
1-2017096225,RVS POLYTECHNIC COLLEGE,"KUMARAN KOTTAM CAMPUS
KANNAMPALAYAM
SULUR",COIMBATORE,Unaided - Private,N,N,1-424068551,fetchdata,2014-2015,Engineering and Technology,1,1,1,1,Tamil Nadu,1
1-2017140808,KARPAGA VINAYAGA COLLEGE OF ENGINEERING AND TECHNOLOGY,"GST ROAD, CHINNA KOLAMBAKKAM, PALAYANOOR PO, MADURANTAGAM TK,KANCHEEPURAM DIST-603308
TAMILNADU, INDIA.",KANCHIPURAM,Unaided - Private,N,N,1-3930191,fetchdata,2014-2015,Engineering and Technology,1,1,1,1,Tamil Nadu,1
1-2017145166,PAVAI VARAM POLYTECHNIC COLLEGE,"NH-7, PAAVAI NAGAR,",NAMAKKAL,Unaided - Private,N,N,1-429718511,fetchdata,2014-2015,Engineering and Technology,1,1,1,1,Tamil Nadu,1
1-2017066127,ALPHA COLLEGE OF ENGINEERING,"NO.34, UDAYAVAR KOIL STREET,
THIRUMAZHISAI,
CHENNAI - 600124.",THIRUVALLUR,Unaided - Private,N,N,1-11017229,fetchdata,2014-2015,Engineering and Technology,1,1,1,1,Tamil Nadu,1
1-2017078193,T.J. INSTITUTE OF TECHNOLOGY,"RAJIV GANDHI SALAI,
KARAPAKKAM,
CHENNAI - 97",CHENNAI,Unaided - Private,N,Y,1-273386441,fetchdata,2014-2015,Engineering and Technology,1,1,1,1,Tamil Nadu,1
1-2017070787,THE SALEM CO-OPERATIVE SUGAR MILLS POLYTECHNIC COLLEGE,"PETTAPALAYAM VILLAGE,
MOHANUR (PO)
NAMAKKAL(DT)
TAMILNADU",NAMAKKAL,Unaided - Private,N,N,1-487651221,fetchdata,2014-2015,Engineering and Technology,1,1,1,1,Tamil Nadu,1
1-2017088924,KALAIVANI COLLEGE OF TECHNOLOGY,"ALAGU NACHIAMMAN KOIL ROAD
PALATHURAI (PO)
COIMBATORE - 641 105",COIMBATORE,Unaided - Private,N,N,1-6124036,fetchdata,2014-2015,Engineering and Technology,1,1,1,1,Tamil Nadu,1
1-2017096551,AAA COLLEGE OF ENGINEERING AND TECHNOLOGY,AMATHUR VILLAGE,VIRUDHUNAGAR,Unaided - Private,N,N,1-1437622971,fetchdata,2014-2015,Engineering and Technology,1,1,1,1,Tamil Nadu,1
1-2017102700,THANGAVELU ENGINEERING COLLEGE,"RAJIV GANDHI SALAI
KARAPAKKAM
CHENNAI - 600 097",CHENNAI,Unaided - Private,N,N,1-11778261,fetchdata,2014-2015,Engineering and Technology,1,1,1,1,Tamil Nadu,1
1-2017113118,THENI KAMMAVAR SANGAM COLLEGE OF TECHNOLOGY,"THENI MAIN ROAD,
KODUVILARPATTI (P.O)
VEERAPANDI (VIA),
THENI-DT- 625534",THENI,Unaided - Private,N,N,1-14439301,fetchdata,2014-2015,Engineering and Technology,1,1,1,1,Tamil Nadu,1
1-2017129708,THIRUMALAI ENGINEERING COLLEGE,"KILAMBI
KRISHNAPURAM POST",KANCHIPURAM,Unaided - Private,N,N,1-6374003,fetchdata,2014-2015,Engineering and Technology,1,1,1,1,Tamil Nadu,1
1-2017134434,SRI JAY MARUTHI POLYTECHNIC COLLEGE,"MANIVIZHUNDAN SOUTH(POST)
ATTUR(TK)
SALEM(DT)",SALEM,Unaided - Private,N,N,1-425600713,fetchdata,2014-2015,Engineering and Technology,1,1,1,1,Tamil Nadu,1
1-2017138183,CHENDU COLLEGE OF ENGINEERING AND TECHNOLOGY,ZAMIN ENDATHUR VILLAGE,KANCHIPURAM,Unaided - Private,N,Y,1-8102521,fetchdata,2014-2015,Engineering and Technology,1,1,1,1,Tamil Nadu,1
1-2017146562,POLLACHI INSTITUTE OF ENGINEERING AND TECHNOLOGY,"S.F.NO:107/1,
POOSARIPATTI VILLAGE
POLLACHI TO DHARAPURAM ROAD,
POOSARIPATTI(POST)
POLLACHI 642205",COIMBATORE,Unaided - Private,N,N,1-706724951,fetchdata,2014-2015,Engineering and Technology,1,1,1,1,Tamil Nadu,1
1-2016275482,ARJUN COLLEGE OF TECHNOLOGY,"310/1B, CHETTIYAKKAPALAYAM, KINATHUKADAVU, COIMBATORE",COIMBATORE,Unaided - Private,N,N,1-1522183741,fetchdata,2014-2015,Engineering and Technology,1,1,1,1,Tamil Nadu,1
1-2017115614,CMS COLLEGE OF ENGINEERING AND TECHNOLOGY,"APPACHIGOUNDENPATHY, KUMITTIPATHI (PO), OTHAKKALMANDAPAM (VIA), COIMBATORE - 641 032",COIMBATORE,Unaided - Private,N,N,1-4211871,fetchdata,2014-2015,Engineering and Technology,1,1,1,1,Tamil Nadu,1
1-2016275630,NELLIANDAVAR INSTITUTE OF TECHNOLOGY,"NERUNJIKORAI VILLAGE, PUDHUPALAYAM, ARIYALUR TK & DT",ARIYALUR,Unaided - Private,N,N,1-1550031721,fetchdata,2014-2015,Engineering and Technology,1,1,1,1,Tamil Nadu,1
1-2017080966,RAJALAKSHMI INSTITUTE OF TECHNOLOGY,"BANGALORE HIGHWAY ROAD
KUTHAMBAKKAM
CHENNAI - 600 124",THIRUVALLUR,Unaided - Private,N,Y,1-10086261,fetchdata,2014-2015,Engineering and Technology,1,1,1,1,Tamil Nadu,1
1-2017082443,RRASE COLLEGE OF ENGINEERING,"VANJUVANCHERRY,
PADAPPAI,
SRIPERUMBADUR,
KANCHEEPURAM",KANCHIPURAM,Unaided - Private,N,N,1-25754471,fetchdata,2014-2015,Engineering and Technology,1,1,1,1,Tamil Nadu,1
1-2017122824,DEVANGAR POLYTECHNIC COLLEGE,"D.VADIPATTI VILLAGE
PERIYAKULAM TALUK
THENI DISTRICT
TAMILNADU

PIN 625602",THENI,Unaided - Private,N,N,1-449988231,fetchdata,2014-2015,Engineering and Technology,1,1,1,1,Tamil Nadu,1
1-2017061765,CHANDY POLYTECHNIC COLLEGE,"CHANDY NAGAR, MULLAKKADU, THOOTHUKUDI",THOOTHUKUDI,Unaided - Private,N,N,1-424086761,fetchdata,2014-2015,Engineering and Technology,1,1,1,1,Tamil Nadu,1
1-2017071120,"MASS POLYTECHNIC COLLEGE, KUMBAKONAM","CHENNAI SALAI, KALLAPULIYUR VILLAGE, KUMBAKONAM",THANJAVUR,Unaided - Private,N,N,1-451567391,fetchdata,2014-2015,Engineering and Technology,1,1,1,1,Tamil Nadu,1
1-2017107453,SATYAM COLLEGE OF ENGINEERING & TECHNOLOGY,"SATYAM NAGAR,
KANNAPPANNALUR,
ARALVOIMOZHI,
KANYAKUMARI DISTRICT.",KANYAKUMARI,Unaided - Private,N,N,1-5018761,fetchdata,2014-2015,Engineering and Technology,1,1,1,1,Tamil Nadu,1
1-2017131248,SCAD INSTITUTE OF TECHNOLOGY,"ANUPATTI
POLLACHI-PALLADAM HIGHWAYS
PALLADAM
TIRUPPUR DISTRICT
TAMILNADU",TIRUPPUR,Unaided - Private,N,Y,1-773451931,fetchdata,2014-2015,Engineering and Technology,1,1,1,1,Tamil Nadu,1
1-2017140463,PALLAVA RAJA COLLEGE OF ENGINEERING,"KOLIVAKKAM
IYYENGARKULAM POST
KANCHIPURAM",KANCHIPURAM,Unaided - Private,N,N,1-445325232,fetchdata,2014-2015,Engineering and Technology,1,1,1,1,Tamil Nadu,1
1-2016276051,VISHNU LAKSHMI COLLEGE OF ENGINEERING & TECHNOLOGY,"10/1, KAMBAR STREET,
KANJIKONAM PALAYAM,
VELLALORE (PO),
COIMBATORE SOUTH(TK).",COIMBATORE,Unaided - Private,N,N,1-1538446771,fetchdata,2014-2015,Engineering and Technology,1,1,1,1,Tamil Nadu,1
1-2017062107,RATNAVEL SUBRAMANIAM POLYTECHNIC COLLEGE,"RVS NAGAR, KARUR ROAD, DINDIGUL.",DINDIGUL,Unaided - Private,N,N,1-465935091,fetchdata,2014-2015,Engineering and Technology,1,1,1,1,Tamil Nadu,1
1-2017096787,A.R.J POLYTECHNIC COLLEGE,"EDAYARNATHAM
THIRUMAKKOTTAI MAIN ROAD
SERANGULAM POST
MANNARGUDI TK
THIRUVARUR DT.",THIRUVARUR,Unaided - Private,N,N,1-431277511,fetchdata,2014-2015,Engineering and Technology,1,1,1,1,Tamil Nadu,1
1-2017109820,ADIPARASAKTHI POLYTECHNIC COLLEGE,"ERUMIYAMPATTI-VILLAGE
KOKKARAPATTI-PO
PAPPIREDDIPATTI-TK,
DHARMAPURI-DT",DHARMAPURI,Unaided - Private,N,N,1-496776521,fetchdata,2014-2015,Engineering and Technology,1,1,1,1,Tamil Nadu,1
1-2017134829,PSV POLYTECHNIC COLLEGE,"EMBAL MAIN ROAD
MIRATTUNILAI (VILLAGE & POST)
THIRUMAYAM TALUK
PUDUKKOTAI DISTRICT",PUDUKKOTTAI,Unaided - Private,N,N,1-465044147,fetchdata,2014-2015,Engineering and Technology,1,1,1,1,Tamil Nadu,1
1-2016276130,MANGAYARKARASI COLLEGE OF ENGINEERING,"7-1-139, 1ST STREET, MANGAYARKARASI NAGAR, PARAVAI, MADURAI - 625402.",MADURAI,Unaided - Private,N,N,1-1549625394,fetchdata,2014-2015,Engineering and Technology,1,1,1,1,Tamil Nadu,1
1-2017073566,VEERAMMAL ENGINEERING COLLEGE,"PVP NAGAR
K.SINGRAKKOTTAI
DINDIGUL DISTRICT-624 708
TAMILNADU",DINDIGUL,Unaided - Private,Y,N,1-9103125,fetchdata,2014-2015,Engineering and Technology,1,1,1,1,Tamil Nadu,1
1-2017108037,JKK MUNIRAJAH COLLEGE OF TECHNOLOGY,"377/1A,PUNJAI THURAYAMPALAYAM,
THOOKKANICKENPALAYAM(POST),
THOOKKANICKENPALAYAM,
GOBI (TK)
ERODE",ERODE,Unaided - Private,N,N,1-11002585,fetchdata,2014-2015,Engineering and Technology,1,1,1,1,Tamil Nadu,1
1-2017123084,MIT POLYTECHNIC COLLEGE,"CAUVERY CROSS
NAVAPATTY POST
METTUR-BHAVANI MAIN ROAD
METTUR DAM - 636452",SALEM,Unaided - Private,N,N,1-450923291,fetchdata,2014-2015,Engineering and Technology,1,1,1,1,Tamil Nadu,1
1-2016276199,P.S.V.POLYTECHNIC COLLEGE,"MITTAPALLI ( VILLAGE), BALINAYANAPALLI (POST), KRISHNAGIRI (DISTRICT) PIN CODE: 635 108.",KRISHNAGIRI,Unaided - Private,N,N,1-1349697224,fetchdata,2014-2015,Engineering and Technology,1,1,1,1,Tamil Nadu,1
1-2017063641,N.P.R COLLEGE OF ENGINEERING & TECHNOLOGY,"PUNNAPPATTI VILLAGE
ULUPPAKUDI 
NATHAM
DINDIGUL (DT)",DINDIGUL,Unaided - Private,N,N,1-2402534,fetchdata,2014-2015,Engineering and Technology,1,1,1,1,Tamil Nadu,1
1-2017073979,AMMA PLOYTECHNIC COLLEGE,"VILANGADU,
EDUMBAVANAM - PO,
THIRUTHURAIPOONDI - TK,
THIRUVAROOR - DT.",THIRUVARUR,Unaided - Private,N,N,1-426006601,fetchdata,2014-2015,Engineering and Technology,1,1,1,1,Tamil Nadu,1
1-2017082888,C.A.R.E. GROUP OF INSTITUTIONS,"NO. 27, THAYANOOR VILLAGE, KUTTAPATTI",TIRUCHIRAPPALLI,Unaided - Private,N,N,1-12383211,fetchdata,2014-2015,Engineering and Technology,1,1,1,1,Tamil Nadu,1
1-2017090752,V.S.B. COLLEGE OF ENGINEERING TECHNICAL CAMPUS,"S.F NO.91/2A, 91/2B, 252, 253/1 SOLAVAMPALAYAM VILLAGE, KINATHUKADAVU, POLLACHI TALUK,
COIMBATORE DISTRICT",COIMBATORE,Unaided - Private,N,N,1-721886391,fetchdata,2014-2015,Engineering and Technology,1,1,1,1,Tamil Nadu,1
1-2017097068,SRIRAM POLYTECHNIC COLLEGE,PERUMALPATTU,THIRUVALLUR,Unaided - Private,N,Y,1-431017001,fetchdata,2014-2015,Engineering and Technology,1,1,1,1,Tamil Nadu,1
1-2017110143,SRI SAIRAM POLYTECHNIC COLLEG,"SAI LEO NAGAR,
WEST TAMBARAM,
CHENNAI -44",KANCHIPURAM,Unaided - Private,N,N,1-430192721,fetchdata,2014-2015,Engineering and Technology,1,1,1,1,Tamil Nadu,1
1-2017131490,SVS POLYTECHNIC COLLEGE,"R.PUDUPPALAYAM,
MEL SATHAMPOOR ROAD,",NAMAKKAL,Unaided - Private,N,N,1-441516041,fetchdata,2014-2015,Engineering and Technology,1,1,1,1,Tamil Nadu,1
1-2017119611,GOVERNMENT POLYTECHNIC COLLEGE FOR WOMEN,"BHARATHIYAR ROAD,
NEW SIDDHAPUDUR,
COIMBATORE.",COIMBATORE,Government,Y,N,1-462386831,fetchdata,2014-2015,Engineering and Technology,1,1,1,1,Tamil Nadu,1
1-2017126447,AISHWARYA POLYTECHNIC COLLEGE,"ERRATTAIKARADU, PARUVACH(PO), BHAVANI(TK), ERODE(DT)",ERODE,Unaided - Private,N,N,1-425541591,fetchdata,2014-2015,Engineering and Technology,1,1,1,1,Tamil Nadu,1
1-2017135089,RVS PADHMAVATHY COLLEGE OF ENGINEERING AND TECHNOLOGY,"13,SETHILPAKKAM VILLAGE,PEPPAMARIKUPPAM(PO),GUMMIDIPOONDY(TK),THIRUVALLUR(DIST)",THIRUVALLUR,Unaided - Private,N,N,1-412353291,fetchdata,2014-2015,Engineering and Technology,1,1,1,1,Tamil Nadu,1
1-2017000484,ANNAI VEILANKANNIS COLLEGE OF ENGINEERING,"33 GANDHI ROAD,NEDUNGUNDRAM",CHENNAI,Unaided - Private,N,N,1-483503761,fetchdata,2014-2015,Engineering and Technology,1,1,1,1,Tamil Nadu,1
1-2017074099,PAAVENDHAR POLYTECHNIC COLLEGE,"MANIVIZHUNTHAN SOUTH POST,
SALEM - CHENNAI HIGHWAY(N H-68)",SALEM,Unaided - Private,N,N,1-434194991,fetchdata,2014-2015,Engineering and Technology,1,1,1,1,Tamil Nadu,1
1-2017090975,KANCHI PALLAVAN ENGINEERING COLLEGE,"IYYENGARKULAM POST, KOLIVAKKAM, KANCHIPURAM - 631502",KANCHIPURAM,Unaided - Private,N,N,1-10133101,fetchdata,2014-2015,Engineering and Technology,1,1,1,1,Tamil Nadu,1
1-2017000642,CIT SANDWICH POLYTECHNIC COLLEGE,"AVANASHI ROAD,
CIVIL AERODROME (POST)
COIMBATORE",COIMBATORE,Govt aided,N,N,1-455084151,fetchdata,2014-2015,Engineering and Technology,1,1,1,1,Tamil Nadu,1
1-2017005229,SRI RAMAKRISHNA POLYTECHNIC COLLEGE,"KOOTHAMBAKKAM VILLAGE
BANAVARAM POST 
ARAKKONAM TK 
VELLORE DISTRICT
TAMILNADU 632 505",VELLORE,Unaided - Private,N,N,1-462120351,fetchdata,2014-2015,Engineering and Technology,1,1,1,1,Tamil Nadu,1
1-2017033306,DR N.G.P.INSTITUTE OF TECHNOLOGY,"DR N.G.P.NAGAR,
KALAPATTI ROAD
COIMBATORE
PIN :641 048",COIMBATORE,Unaided - Private,N,N,1-4311754,fetchdata,2014-2015,Engineering and Technology,1,1,1,1,Tamil Nadu,1
1-2017042659,SRI RAMANUJAR ENGINEERING COLLEGE,"VANDALUR,
KOLAPAKKAM,
CHENNAI,
TAMIL NADU",KANCHIPURAM,Unaided - Private,N,N,1-8824101,fetchdata,2014-2015,Engineering and Technology,1,1,1,1,Tamil Nadu,1
1-2016940004,KONGUNADU POLYTECHNIC COLLEGE,"NAMAKKAL - TRICHY MAIN ROAD, THOLURPATTI.",TIRUCHIRAPPALLI,Unaided - Private,N,N,1-451870255,fetchdata,2014-2015,Engineering and Technology,1,1,1,1,Tamil Nadu,1
1-2016973318,ELUMALAIYAN POLYTECHNIC COLLEGE,"THIRUVARUR MAIN  ROAD,
KOLLUMANGUDI,
NANNILAM TALUK",THIRUVARUR,Unaided - Private,N,N,1-435504153,fetchdata,2014-2015,Engineering and Technology,1,1,1,1,Tamil Nadu,1
1-2016997226,K.L.NAGASWAMY MEMORIAL POLYTECHNIC COLLEGE,"KOZHIMEDU, VIRAGANOOR POST, MADURAI- 625 009.",MADURAI,Unaided - Private,N,Y,1-429932921,fetchdata,2014-2015,Engineering and Technology,1,1,1,1,Tamil Nadu,1
1-2017061387,SRI VIGNESH POLYTECHNIC COLLEGE,"TRICHY - CHENNAI TRUNK ROAD, KOOTHUR - POST",TIRUCHIRAPPALLI,Unaided - Private,N,N,1-452979601,fetchdata,2014-2015,Engineering and Technology,1,1,1,1,Tamil Nadu,1
1-2016923535,DHIRAJLAL GANDHI COLLEGE OF TECHNOLOGY,"SIKKANAMPATTY, OPPOSITE TO AIRPORT,
OMALUR TK.
SALEM DT",SALEM,Unaided - Private,N,N,1-424089211,fetchdata,2014-2015,Engineering and Technology,1,1,1,1,Tamil Nadu,1
1-2016964849,EASWARI ENGINEERING COLLEGE,"BHARATHI SALAI, RAMAPURAM, CHENNAI - 600 089",THIRUVALLUR,Unaided - Private,N,Y,1-4156271,fetchdata,2014-2015,Engineering and Technology,1,1,1,1,Tamil Nadu,1
1-2016979223,THANTHAI PERIYAR GOVERNMENT INSTITUTE OF TECHNOLOGY,"BAGAYAM
VELLORE-2",VELLORE,Government,N,N,1-14155411,fetchdata,2014-2015,Engineering and Technology,1,1,1,1,Tamil Nadu,1
1-2017005458,VAIRAMANI RAMASAMY POLYTECHNIC COLLEGE,THAMBIKKOTTAI VADAKKADU,THANJAVUR,Unaided - Private,N,N,1-428171841,fetchdata,2014-2015,Engineering and Technology,1,1,1,1,Tamil Nadu,1
1-2017020983,A M K TECHNOLOGICAL POLYTECHNIC COLLEGE,CHENNAI-BANGALARU HIGHWAY,THIRUVALLUR,Govt aided,N,N,1-405645191,fetchdata,2014-2015,Engineering and Technology,1,1,1,1,Tamil Nadu,1
1-2017034002,K.K.S. MANI POLYTECHNIC COLLEGE,"NO.78.C.C. ROAD,
KANNAMANGALAM (VIA),
VALLAM VILLAGE,
VELLORE TALUK & DISTRICT",VELLORE,Unaided - Private,N,N,1-458944651,fetchdata,2014-2015,Engineering and Technology,1,1,1,1,Tamil Nadu,1
1-2017043172,ANNAI J.K.K.SAMPOORANI AMMAL POLYTECHNIC COLLEGE,"THOOKKANAICKENPALAYAM POST, GOBICHETTIPALAYAM TALUK.",ERODE,Unaided - Private,N,N,1-426981261,fetchdata,2014-2015,Engineering and Technology,1,1,1,1,Tamil Nadu,1
1-2016923877,PAVENDAR BHARATHIDASAN COLLEGE OF ENGINEERING & TECHNOLOGY,"THANJAI NATARAJAN NAGAR,
OPP. TO BHARATHIDASAN UNIVERSITY,
PUDUKKOTTAI MAIN ROAD,
MATHUR, KULATHUR,
PUDUKKOTTAI.
622515",PUDUKKOTTAI,Unaided - Private,N,N,1-3477251,fetchdata,2014-2015,Engineering and Technology,1,1,1,1,Tamil Nadu,1
1-2016941456,SIR ISSAC NEWTON POLYTECHNIC COLLEGE,"PAPPAKOIL
ANDHANAPETTAI (POST),
NAGAPATTINAM",NAGAPATTINAM,Unaided - Private,N,N,1-435561771,fetchdata,2014-2015,Engineering and Technology,1,1,1,1,Tamil Nadu,1
1-2016997813,DHANALAKSHMI SRINIVASAN INSTITUTE OF RESEARCH AND TECHNOLOGY,"NH 45,               TRICHY - CHENNAI MAIN ROAD",PERAMBALUR,Unaided - Private,N,N,1-748068151,fetchdata,2014-2015,Engineering and Technology,1,1,1,1,Tamil Nadu,1
1-2017010073,K.M.G POLYTECHNIC COLLEGE,"VALPARAI MAIN ROAD,ANGALAKURICHI,",COIMBATORE,Unaided - Private,N,N,1-519164011,fetchdata,2014-2015,Engineering and Technology,1,1,1,1,Tamil Nadu,1
1-2016941786,CHERAN POLYTECHNIC COLLEGE,"KADACHANALLUR VILLAGE,
S.P.B.COLONY POST,
TIRUCHENGODE TALUK
NAMAKKAL DISTRICT
638 010",NAMAKKAL,Unaided - Private,N,N,1-451774951,fetchdata,2014-2015,Engineering and Technology,1,1,1,1,Tamil Nadu,1
1-2016949173,R.M.D. ENGINEERING COLLEGE,"R.S.M. NAGAR, 
GUMMIDIPOONDI TALUK",THIRUVALLUR,Unaided - Private,N,Y,1-3136641,fetchdata,2014-2015,Engineering and Technology,1,1,1,1,Tamil Nadu,1
1-2016954945,SRI SHANMUGHA COLLEGE OF ENGINEERING AND TECHNOLOGY,"PULLIPALAYAM, MORUR(PO) SANKARI TALUK, SALEM DISTRICT, TAMIL NADU",SALEM,Unaided - Private,N,N,1-458679111,fetchdata,2014-2015,Engineering and Technology,1,1,1,1,Tamil Nadu,1
1-2016966007,MRK INSTITUTE OF TECHNOLOGY,"NATTARMANGALAM & POST,
KATTUMANNARKOIL,
PIN:608301",CUDDALORE,Unaided - Private,N,N,1-4235331,fetchdata,2014-2015,Engineering and Technology,1,1,1,1,Tamil Nadu,1
1-2016973695,SRI MAHALAKSHMI POLYTECHNIC COLLEGE,"VAIRANKUPPAM,
SEMMANKUPPAM VILLAGE,
POONDIYANKUPPAM POST,
CUDDALORE",CUDDALORE,Unaided - Private,N,N,1-459828611,fetchdata,2014-2015,Engineering and Technology,1,1,1,1,Tamil Nadu,1
1-2016979490,PAAVAAI GROUP OF INSTITUTIONS,"SF  NO. 446/1, 2A, 2B, 436/2A,447/1B1A, PAAVAI VIDHYA NAGAR, NH -7, R.PULIYAMPATTI, PUDUCHATRAM (PO),",NAMAKKAL,Unaided - Private,N,N,1-10994721,fetchdata,2014-2015,Engineering and Technology,1,1,1,1,Tamil Nadu,1
1-2017023287,VIVEKANANDHA COLLEGE OF TECHNOLOGY FOR WOMEN,"SATHINAICKENPALAYAM
ELAYAMPALAYAM, TIRUCHENGODE
NAMAKKAL - DT",NAMAKKAL,Unaided - Private,Y,N,1-5112281,fetchdata,2014-2015,Engineering and Technology,1,1,1,1,Tamil Nadu,1
1-2017049975,P.A.COLLEGE OF ENGINEERING AND TECHNOLOGY,"PALLADAM ROAD
POLLACHI
COIMBATORE - 642002",COIMBATORE,Unaided - Private,N,N,1-3330811,fetchdata,2014-2015,Engineering and Technology,1,1,1,1,Tamil Nadu,1
1-2016942077,AALIM MUHAMMED SALEGH POLYTECHNIC COLLEGE,NIZARA EDUCATIONAL CAMPUS MUTHAPUDUPET AVADI IAF,THIRUVALLUR,Unaided - Private,N,N,1-426071661,fetchdata,2014-2015,Engineering and Technology,1,1,1,1,Tamil Nadu,1
1-2016998179,DHANALAKSHMI SRINIVASAN COLLEGE OF ENGINEERING,THURAIYUR ROAD.,PERAMBALUR,Unaided - Private,N,N,1-748008761,fetchdata,2014-2015,Engineering and Technology,1,1,1,1,Tamil Nadu,1
1-2017023870,SRI BALAMURUGAN POLYTECHNIC COLLEGE,"UDUMALAI  ROAD, THALAIYUTHU ,PALANI",DINDIGUL,Unaided - Private,N,N,1-449520751,fetchdata,2014-2015,Engineering and Technology,1,1,1,1,Tamil Nadu,1
1-2017037374,KATHIR COLLEGE OF ENGINEERING,"WISDOM TREE,
AVINASHI ROAD,
NEELAMBUR,
COIMBATORE - 641 062",COIMBATORE,Unaided - Private,N,N,1-2389972,fetchdata,2014-2015,Engineering and Technology,1,1,1,1,Tamil Nadu,1
1-2017038069,HINDUSTHAN POLYTECHNIC COLLEGE,"OTHAKALMANDAPAM, COIMBATORE-32",COIMBATORE,Unaided - Private,N,N,1-423199941,fetchdata,2014-2015,Engineering and Technology,1,1,1,1,Tamil Nadu,1
1-2017044744,HOLYCROSS ENGINEERING COLLEGE,"7/131, VAGAIKULAM SRIVAIKUNTAM EXPRESS ROAD
SRI MULAKARAI,
THANNOOTHU VILLAGE,SRIVAIKUNTAM TALUK",THOOTHUKUDI,Unaided - Private,N,N,1-3888371,fetchdata,2014-2015,Engineering and Technology,1,1,1,1,Tamil Nadu,1
1-2017051676,A.K.T.MEMORIAL COLLEGE OF ENGINEERING & TECHNOLOGY,"NEELAMANGALAM ( POST),
KALLAKURICHI-TK
VILLUPURAM-DIST
PIN-606 202
TAMIL NADU",VILUPPURAM,Unaided - Private,N,N,1-17747367,fetchdata,2014-2015,Engineering and Technology,1,1,1,1,Tamil Nadu,1
1-2017059268,MARIA COLLEGE OF ENGINEERING AND TECHNOLOGY,"ATTOOR PULIYAMOODU JUNCTION
THIRUVATTAR P.O",KANYAKUMARI,Unaided - Private,N,Y,1-5878861,fetchdata,2014-2015,Engineering and Technology,1,1,1,1,Tamil Nadu,1
1-2017060032,CHRIST THE KING POLYTECHNIC COLLEGE,"CHRIST THE KING POLYTECHNIC COLLEGE, OTHAKKALMANDAPAM, COIMBATORE - 32",COIMBATORE,Unaided - Private,N,N,1-461962591,fetchdata,2014-2015,Engineering and Technology,1,1,1,1,Tamil Nadu,1
1-2016926485,MAHENDRA ENGINEERING COLLEGE,"MAHENDHIRAPURI,
MALLASAMUDRAM WEST,
VADUGAPALAYAM POST,
TRICHENGODU TK.,
NAMAKKAL DIST.",NAMAKKAL,Unaided - Private,N,N,1-7412871,fetchdata,2014-2015,Engineering and Technology,1,1,1,1,Tamil Nadu,1
1-2016979974,C..M.ANNAMALAI POLYTECHNIC COLLEGE,"THIRUTHANI HIGH ROAD,
VELLATHUR VILLAGE,
ADHIVARAGAPURAM  POST,
PALLIPET TALUK,
THIRUVALLUR DISTRICT",THIRUVALLUR,Unaided - Private,N,N,1-413854711,fetchdata,2014-2015,Engineering and Technology,1,1,1,1,Tamil Nadu,1
1-2017005674,JAYA ENGINEERING COLLEGE,"PRAKASH NAGAR,
THIRUNINRAVUR,
THIRUVALLUR  DIST,
CHENNAI - 602024",THIRUVALLUR,Unaided - Private,N,Y,1-9855475,fetchdata,2014-2015,Engineering and Technology,1,1,1,1,Tamil Nadu,1
1-2017027656,NARASU'S SARATHY INSTITUTE OF TECHNOLOGY,"POOSARIPATTY (PO),
OMALUR TALUK,
SALEM",SALEM,Unaided - Private,N,N,1-5220438,fetchdata,2014-2015,Engineering and Technology,1,1,1,1,Tamil Nadu,1
1-2016932816,SCAD ENGINEERING COLLEGE,"SCAD NAGAR, CHERANMAHADEVI â 627 414.
  TIRUNELVELI DISTRICT.",TIRUNELVELI,Unaided - Private,N,Y,1-6345861,fetchdata,2014-2015,Engineering and Technology,1,1,1,1,Tamil Nadu,1
1-2016957317,THE KAVERY ENGINEERING COLLEGE,"M.KALIPATTI, 
MECHERI (POST),
METTUR TALUK,
SALEM (DT)",SALEM,Unaided - Private,N,N,1-3678211,fetchdata,2014-2015,Engineering and Technology,1,1,1,1,Tamil Nadu,1
1-2016958113,SRI ANNAMALAI POLYTECHNIC COLLEGE,"CHENNAI HIGH WAY,PADUR (POST), ULUNDURPET (TALUK),  VILLUPURAM (DT),
PIN :606115",VILUPPURAM,Unaided - Private,N,N,1-441812371,fetchdata,2014-2015,Engineering and Technology,1,1,1,1,Tamil Nadu,1
1-2016980186,DHANALAKSHMI SRINIVASAN COLLEGE OF ENGINEERING AND TECHNOLOGY,"ECR, POONJERI, MAMALLAPURAM, TAMIL NADU",KANCHIPURAM,Unaided - Private,N,Y,1-2497331,fetchdata,2014-2015,Engineering and Technology,1,1,1,1,Tamil Nadu,1
1-2017025203,SRI SUBABHARATHI POLYTECHNIC COLLEGE,"KALLALANGUDI(PO),
ALANGUDI(TK),
PUDUKKOTTAI(DT),
622301",PUDUKKOTTAI,Unaided - Private,N,N,1-497077711,fetchdata,2014-2015,Engineering and Technology,1,1,1,1,Tamil Nadu,1
1-2017046304,PSN INSTITUTE OF TECHNOLOGY & SCIENCE,"MELATHEDIYOOR,
PALAYAMKOTTAI TALUK,
TIRUNELVELI",TIRUNELVELI,Unaided - Private,N,N,1-10064364,fetchdata,2014-2015,Engineering and Technology,1,1,1,1,Tamil Nadu,1
1-2016945538,KTVR KNOWLEDGE PARK FOR ENGINEERING & TECHNOLOGY,"PERIAMADDAMPALAYAM
BILLICHI POST
COIMBATORE - 641 019",COIMBATORE,Unaided - Private,N,N,1-5045181,fetchdata,2014-2015,Engineering and Technology,1,1,1,1,Tamil Nadu,1
1-2016974180,MAILAM ENGINEERING COLLEGE,"MAILAM, 
TINDIVANAM TALUK,
VILLUPURAM DIST.
PIN : 604 304.",VILUPPURAM,Unaided - Private,N,N,1-10688251,fetchdata,2014-2015,Engineering and Technology,1,1,1,1,Tamil Nadu,1
1-2016983136,SRINIVASAN ENGINEERING COLLEGE,THURAIYUR ROAD,PERAMBALUR,Unaided - Private,N,Y,1-4211511,fetchdata,2014-2015,Engineering and Technology,1,1,1,1,Tamil Nadu,1
1-2016994884,SRI  RAJIV GANDHI POLYTECHNIC COLLEGE,"ERODE - CHENNIMALAI MAIN ROAD, MYLADI, CHENNIMALAI, ERODE -638 112",ERODE,Unaided - Private,N,N,1-482788911,fetchdata,2014-2015,Engineering and Technology,1,1,1,1,Tamil Nadu,1
1-2017028164,SYED AMMAL ENGINEERING COLLEGE,"DR.E.M.ABDULLAH CAMPUS
LANTHAI,ACHUNTHANVAYAL POST,",RAMANATHAPURAM,Unaided - Private,N,Y,1-5803481,fetchdata,2014-2015,Engineering and Technology,1,1,1,1,Tamil Nadu,1
1-2017039388,DHANALAKSHMI SRINIVASAN ENGINEERING COLLEGE,"THURAIYUR ROAD,
PERAMBALUR-621212",PERAMBALUR,Unaided - Private,N,Y,1-4370591,fetchdata,2014-2015,Engineering and Technology,1,1,1,1,Tamil Nadu,1
1-2016933291,MADHA INSTITUTE OF ENGINEERING AND TECHNOLOGY,"IRANDAAM KATTALAI,
SADHANANTHAPURAM,
THANDALAM (P.O),
CHENNAI - 600122",CHENNAI,Unaided - Private,N,Y,1-17346571,fetchdata,2014-2015,Engineering and Technology,1,1,1,1,Tamil Nadu,1
1-2016969198,THIRUMATHI ELIZABETH POLYTECHNIC COLLEGE,"SELCRIM LAND
ANNAMANGALAM- 621102.
VEPPANTHATTAI-TK
PERAMBALUR-DIST.",PERAMBALUR,Unaided - Private,N,N,1-499944794,fetchdata,2014-2015,Engineering and Technology,1,1,1,1,Tamil Nadu,1
1-2017012578,JCT COLLEGE OF ENGINEERING AND TECHNOLOGY,"PICHANUR,
COIMBATORE SOUTH TALUK,
COIMBATORE - 641105.",COIMBATORE,Unaided - Private,N,N,1-5218873,fetchdata,2014-2015,Engineering and Technology,1,1,1,1,Tamil Nadu,1
1-2017053276,PANIMALAR POLYTECHNIC COLLEGE,"23, RAILWAY COLONY II STREET, NELSON MANICKAM ROAD, CHENNAI.",CHENNAI,Unaided - Private,N,N,1-720615521,fetchdata,2014-2015,Engineering and Technology,1,1,1,1,Tamil Nadu,1
1-2016906922,DHANALAKSHMI SRINIVASAN POLYTECHNIC COLLEGE,"THURAIYUR ROAD
PERAMBALUR",PERAMBALUR,Unaided - Private,N,N,1-444227391,fetchdata,2014-2015,Engineering and Technology,1,1,1,1,Tamil Nadu,1
1-2016908631,SUN COLLEGE OF ENGINEERING AND TECHNOLOGY,"SUN NAGAR,
ERACHAKULAM POST,
NAGERCOIL,
PIN-629902",KANYAKUMARI,Unaided - Private,N,N,1-454166791,fetchdata,2014-2015,Engineering and Technology,1,1,1,1,Tamil Nadu,1
1-2016946049,MAHENDRA POLYTECHNIC COLLEGE,"MAHENDIRAPURI,MALLASAMUDRAM(W),VADUGAPALAYAM(POST),
TIRUCHENGODE(T.K),NAMMAKKAL(D.T)",NAMAKKAL,Unaided - Private,N,N,1-449987971,fetchdata,2014-2015,Engineering and Technology,1,1,1,1,Tamil Nadu,1
1-2016958369,JOE SURESH ENGINEERING COLLEGE,"JOE SURESH ENGINEERING COLLEGE
RAJA NAGAR
PONNAKUDI
MUNDRADAIPPU
TIRUNELVELI-627 152",TIRUNELVELI,Unaided - Private,N,N,1-7190111,fetchdata,2014-2015,Engineering and Technology,1,1,1,1,Tamil Nadu,1
1-2017040470,KRS COLLEGE OF ENGINEERING,"ELANGADU,VANDAVASI,VANDAVASI TALUK,THIRUVANAMALAI DISTRICT-604408",TIRUVANNAMALAI,Unaided - Private,N,N,1-10406098,fetchdata,2014-2015,Engineering and Technology,1,1,1,1,Tamil Nadu,1
1-2017046835,GUDIYATTAM POLYTECHNIC COLLEGE,"KAKATHOPPU,
GUDIYATTAM",VELLORE,Unaided - Private,N,N,1-456570201,fetchdata,2014-2015,Engineering and Technology,1,1,1,1,Tamil Nadu,1
1-2016913314,SRI ADHISANKARAR POLYTECHNIC COLLEGE,"NATIONAL HIGH WAYS,NEAR RAMAR KOIL",TIRUCHIRAPPALLI,Unaided - Private,N,N,1-458725891,fetchdata,2014-2015,Engineering and Technology,1,1,1,1,Tamil Nadu,1
1-2016958761,MAHENDRA INSTITUTE OF TECHNOLOGY,"MAHENDIRAPURI, MALLASAMUDRAM WEST, VADUGAPALAYAM POST, TIRUCHENGODE TALUK, NAMAKKAL DISTRICT",NAMAKKAL,Unaided - Private,N,N,1-9851811,fetchdata,2014-2015,Engineering and Technology,1,1,1,1,Tamil Nadu,1
1-2016970561,MAHENDRA INSTITUTE OF ENGINEERING AND TECHNOLOGY,"MAHENDIRAPURI, MALLASAMUDRAM WEST, VADUGAPLAYAM POST, TIRUCHENGODE TALUK, NAMAKKAL DISTRICT",NAMAKKAL,Unaided - Private,N,N,1-9870741,fetchdata,2014-2015,Engineering and Technology,1,1,1,1,Tamil Nadu,1
1-2016995196,U.S.P.POLYTECHNIC COLLEGE,"USP NAGAR,
KODIKURICHI,
TENKASI.",TIRUNELVELI,Unaided - Private,N,N,1-445022371,fetchdata,2014-2015,Engineering and Technology,1,1,1,1,Tamil Nadu,1
1-2017001761,OXFORD COLLEGE OF ENGINEERING,"VENMANI VILLAGE, KARAIPOONDI POST,
POLUR 606 803",TIRUVANNAMALAI,Unaided - Private,N,N,1-22539953,fetchdata,2014-2015,Engineering and Technology,1,1,1,1,Tamil Nadu,1
1-2017007914,SARDAR RAJA COLLEGE OF ENGINEERING,"RAJA NAGAR,
ALANGULAM,
TIRUNELVELI DIST,
TAMILNADU.",TIRUNELVELI,Unaided - Private,N,N,1-2894011,fetchdata,2014-2015,Engineering and Technology,1,1,1,1,Tamil Nadu,1
1-2017029859,ST. XAVIER'S CATHOLIC COLLEGE OF ENGINEERING,"CHUNKANKADAI,
KANYAKUMARI DISTRICT,
TAMILNADU,
PIN-629003",KANYAKUMARI,Unaided - Private,N,Y,1-7826511,fetchdata,2014-2015,Engineering and Technology,1,1,1,1,Tamil Nadu,1
1-2017053575,PAAVAI COLLEGE OF ENGINEERING,"PAAVAI NAGAR, NH-7, PACHAL
NAMAKKAL-637018, TAMILNADU",NAMAKKAL,Unaided - Private,N,N,1-6400991,fetchdata,2014-2015,Engineering and Technology,1,1,1,1,Tamil Nadu,1
1-2016936613,SRI RAMAKRISHNA INSTITUTE OF TECHNOLOGY,"PACHAPALAYAM, PERUR CHETTIPALAYAM
COIMBATORE - 641010",COIMBATORE,Unaided - Private,N,N,1-7841521,fetchdata,2014-2015,Engineering and Technology,1,1,1,1,Tamil Nadu,1
1-2016962297,SNS COLLEGE OF TECHNOLOGY,"SATHY MAIN ROAD, VAZHIYAMPALAYAM
SARAVANAMPATTI POST
COIMBATORE",COIMBATORE,Unaided - Private,N,N,1-2494761,fetchdata,2014-2015,Engineering and Technology,1,1,1,1,Tamil Nadu,1
1-2016976199,DON BOSCO POLYTECHNIC COLLEGE,"ECR MAIN ROAD,
KAZHIAPPANALLUR POST, 
THARANGAMBADI TK,
NAGAPATTINAM DT",NAGAPATTINAM,Unaided - Private,N,N,1-458276801,fetchdata,2014-2015,Engineering and Technology,1,1,1,1,Tamil Nadu,1
1-2016995440,AL ISLAMIYA POLYTECHNIC COLLEGE,"SENGANUR VILLAGE
RAJAVUR PO
PENNAGARAM TK
DHARMAPURI DT
TAMILNADU",DHARMAPURI,Unaided - Private,N,Y,1-516735331,fetchdata,2014-2015,Engineering and Technology,1,1,1,1,Tamil Nadu,1
1-2017001993,NANJIAH LINGAMMAL POLYTECHNIC COLLEGE,"SIRUMUGAI ROAD, METTUPALAYAM",COIMBATORE,Unaided - Private,N,N,1-440229621,fetchdata,2014-2015,Engineering and Technology,1,1,1,1,Tamil Nadu,1
1-2017013196,THE KAVERY COLLEGE OF ENGINEERING,"M.KALIPATTI POST, MECHERI,
METTUR TALUK,
SALEM (DT).",SALEM,Unaided - Private,N,N,1-4555431,fetchdata,2014-2015,Engineering and Technology,1,1,1,1,Tamil Nadu,1
1-2017017783,INSTITUTE OF ROAD TRANSPORT POLYTECHNIC COLLEGE(BARGUR),"CHENNAI-BENGALURU NATIONAL HIGHWAYS,
ORAPPAM POST,
ELATHAGIRI (VIA),
KRISHNAGIRI TK.",KRISHNAGIRI,Unaided - Private,N,N,1-487083191,fetchdata,2014-2015,Engineering and Technology,1,1,1,1,Tamil Nadu,1
1-2017040749,SREE VAIKUNDAR POLYTECHNIC COLLEGE,"PILLAYARPURAM, MONIKETTIPOTTAL POST",KANYAKUMARI,Unaided - Private,N,N,1-410940821,fetchdata,2014-2015,Engineering and Technology,1,1,1,1,Tamil Nadu,1
1-2016913882,MOHAMED SATHAK POLYTECHIC COLLEGE,"CHAIRMAN SATHAK SALAI POST
EAST COAST ROAD
KILAKARAI",RAMANATHAPURAM,Govt aided,N,N,1-461168981,fetchdata,2014-2015,Engineering and Technology,1,1,1,1,Tamil Nadu,1
1-2016963575,JAYA POLYTECHNIC COLLEGE,"PRAKASH NAGAR,
THIRUNINRAVUR",THIRUVALLUR,Unaided - Private,N,Y,1-440336561,fetchdata,2014-2015,Engineering and Technology,1,1,1,1,Tamil Nadu,1
1-2016971255,ARULMIGU MEENAKSHI AMMAN COLLEGE OF ENGINEERING,"ARULMIGU MEENAKSHI AMMAN COLLEGE OF ENGINEERING
VADAMAVANDAL VILLAGE, NAMANDI POST,(NEAR KANCHIPURAM),",TIRUVANNAMALAI,Unaided - Private,N,Y,1-4184374,fetchdata,2014-2015,Engineering and Technology,1,1,1,1,Tamil Nadu,1
1-2017017959,CSI POLYTECHNIC COLLEGE,"19, YERCAUD MAIN ROAD,
HASTHAMPATTY",SALEM,Unaided - Private,N,Y,1-463251785,fetchdata,2014-2015,Engineering and Technology,1,1,1,1,Tamil Nadu,1
1-2017047185,VELAMMAL ENGINEERING COLLEGE (ENGG. & TECH),"VELAMMAL NAGAR
AMBATTUR-REDHILLS ROAD
SURAPET
CHENNAI - 600 066
TAMIL NADU",THIRUVALLUR,Unaided - Private,N,N,1-22834965,fetchdata,2014-2015,Engineering and Technology,1,1,1,1,Tamil Nadu,1
1-2017049278,CMS POLYTECHNIC COLLEGE,"CMS NAGAR
ERANAPURAM (POST)
NAMAKKAL",NAMAKKAL,Unaided - Private,N,N,1-473952651,fetchdata,2014-2015,Engineering and Technology,1,1,1,1,Tamil Nadu,1
1-2017055356,M.KUMARASAMY COLLEGE OF ENGINEERING,"M KUMARASAMY COLLEGE OF ENGINEERING, THALAVAPALAYAM, KARUR - 639113",KARUR,Unaided - Private,N,N,1-422748121,fetchdata,2014-2015,Engineering and Technology,1,1,1,1,Tamil Nadu,1
1-2017056413,NAGASIVA POLYTECHNIC COLLEGE,"NEDUNGULAM VILLAGE,VIRATHANOOR(PO),MADURAI SOUTH TK,MADURAI",MADURAI,Unaided - Private,N,N,1-473841301,fetchdata,2014-2015,Engineering and Technology,1,1,1,1,Tamil Nadu,1
1-2016937177,NEHRU INSTITUTE OF ENGINEERING AND TECHNOLOGY,"""NEHRU GARDENS""
THIRUMALAYAMPALAYAM (PO)
COIMBATORE-641105",COIMBATORE,Unaided - Private,N,N,1-4151744,fetchdata,2014-2015,Engineering and Technology,1,1,1,1,Tamil Nadu,1
1-2016977417,NEHRU INSTITUTE OF TECHNOLOGY,"JAWAHAR GARDENS
KALIAPURAM
THIRUMALAYAMPALAYAM
COIMBATORE-641105",COIMBATORE,Unaided - Private,N,N,1-3892556,fetchdata,2014-2015,Engineering and Technology,1,1,1,1,Tamil Nadu,1
1-2017004472,P. A. POLYTECHNIC COLLEGE,POLLACHI,COIMBATORE,Unaided - Private,N,N,1-466447981,fetchdata,2014-2015,Engineering and Technology,1,1,1,1,Tamil Nadu,1
1-2017020385,THE KONGU POLYTECHNIC COLLEGE,"KALLIYANVALASU,
NH-7, TRICHY MAIN ROAD,
MUKKUTHIPALAYAM (POST),
MALLUR(VIA),",SALEM,Unaided - Private,N,N,1-486943331,fetchdata,2014-2015,Engineering and Technology,1,1,1,1,Tamil Nadu,1
1-2017026030,ACHARYA POLYTECHNIC COLLEGE,"MEIKKAL REDDIYUR, VELLARI VELLI (PO),
POOLAMPATTI MAIN ROAD,
EDAPPADI (TK),
SALEM(DT),
TAMILNADU - 637101",SALEM,Unaided - Private,N,N,1-450459671,fetchdata,2014-2015,Engineering and Technology,1,1,1,1,Tamil Nadu,1
1-2017041023,ST.JOHNâS COLLEGE OF ENGINEERING,"DHARMAVARAM ROAD,
PENNATHUR ,T.B.SANITORIUM POST,
VELLORE-632 011 TAMIL NADU.",VELLORE,Unaided - Private,Y,N,1-467465971,fetchdata,2014-2015,Engineering and Technology,1,1,1,1,Tamil Nadu,1
1-2016916348,E.S.ENGINEERING COLLEGE,"CHENNAI TRUNK ROAD, 
AYYANKOILPATTU,",VILUPPURAM,Unaided - Private,N,N,1-3858465,fetchdata,2014-2015,Engineering and Technology,1,1,1,1,Tamil Nadu,1
1-2016917008,MAHENDRA ENGINEERING COLLEGE FOR WOMEN,"KOMARAMANAGALAM POST, TIRUCHENGODE TALUK, NAMAKKAL DT",NAMAKKAL,Unaided - Private,Y,N,1-9882271,fetchdata,2014-2015,Engineering and Technology,1,1,1,1,Tamil Nadu,1
1-2016948397,M.S.P.VELAYUTHA NADAR LAKSHMI THAIAMMAL POLYTECHNIC COLLEGE,"50/2
PAVOORCHATRAM,
[AT] SIVAGAMIPURAM,
ALANGULAM TAULK.",TIRUNELVELI,Unaided - Private,N,N,1-407024373,fetchdata,2014-2015,Engineering and Technology,1,1,1,1,Tamil Nadu,1
1-2016964083,SBM POLYTECHNIC COLLEGE,"SBM NAGAR, THAMARAIPADI(PO), TRICHY ROAD, DINDIGUL - 5.",DINDIGUL,Unaided - Private,N,N,1-450592343,fetchdata,2014-2015,Engineering and Technology,1,1,1,1,Tamil Nadu,1
1-2016972118,CHERAN COLLEGE OF ENGINEERING,"CHERAN NAGAR, KARUR-COIMBATORE NH 67, ARAVAKURICHI TALUK, K. PARAMATHI VILLAGE, KARUR DISTRICT - 639111",KARUR,Unaided - Private,N,N,1-769736991,fetchdata,2014-2015,Engineering and Technology,1,1,1,1,Tamil Nadu,1
1-2016995694,PALLAVAN COLLEGE OF ENGINEERING,THIMMASAMUDRAM,KANCHIPURAM,Unaided - Private,N,N,1-4478531,fetchdata,2014-2015,Engineering and Technology,1,1,1,1,Tamil Nadu,1
1-2017020812,HOSUR INSTITUTE OF TECHNOLOGY AND SCIENCE,"ERRANDAPALLI VILLAGE,
HOSUR TALUK,
KRISHNAGIRI DIST.",KRISHNAGIRI,Unaided - Private,N,N,1-748085771,fetchdata,2014-2015,Engineering and Technology,1,1,1,1,Tamil Nadu,1
1-2017042246,KONGHU VELALAR POLYTECHNIC COLLEGE,"PERUMAPALAYAM,
SULLIPALAYAM(POST),
THUDUPPATHI (VIA) 
PERUNDURAI",ERODE,Unaided - Private,N,N,1-424547721,fetchdata,2014-2015,Engineering and Technology,1,1,1,1,Tamil Nadu,1
1-2017056874,MARIA POLYTECHNIC COLLEGE,"CHANIVILAI
KUMARANKUDI,
CHENKODI P.O",KANYAKUMARI,Unaided - Private,N,N,1-447979811,fetchdata,2014-2015,Engineering and Technology,1,1,1,1,Tamil Nadu,1
1-2016920464,SRI SIVASUBRMANIYA NADAR COLLEGE OF ENGINEERING,"RAJIV GANDHI SALAI (OMR)
KALAVAKKAM - 603 110
KANCHIPURAM DIST
TAMIL NADU",KANCHIPURAM,Unaided - Private,N,N,1-1229101,fetchdata,2014-2015,Engineering and Technology,1,1,1,1,Tamil Nadu,1
1-2016939730,MEENAKSHI POLYTECHNIC COLLEGE,"REGADAHALLI (PO), BOMMIDI (VIA), PAPPIREDDIPATTI (TK), DHARAMAPURI (DT)-635301.",DHARMAPURI,Unaided - Private,N,N,1-448378441,fetchdata,2014-2015,Engineering and Technology,1,1,1,1,Tamil Nadu,1
1-2016964497,N.V.POLYTECHNIC COLLEGE,"SOMAVARAPATTI VILLAGE,PETHAPPAMPATTY,MADATHUKULAM TK,TIRUPUR DT",TIRUPPUR,Unaided - Private,N,N,1-425736861,fetchdata,2014-2015,Engineering and Technology,1,1,1,1,Tamil Nadu,1
1-2016977833,CENTRAL INSTITUTE OF PLASTICS ENGINEERING AND TECHNOLOGY,"CIPET (MINISTRY OF CHEMICALS AND FERTILIZERS),
GOVT. OF INDIA,
GUINDY,
CHENNAI-600 032.",CHENNAI,Government,N,N,1-2610054,fetchdata,2014-2015,Engineering and Technology,1,1,1,1,Tamil Nadu,1
1-2017356261,"GOVERNMENT POLYTECHNIC COLLEGE , ARANTHANGI","AVUDAIYAR KOIL ROAD
ARANTHANGI",PUDUKKOTTAI,Government,N,N,1-461813733,fetchdata,2014-2015,Engineering and Technology,1,1,1,1,Tamil Nadu,1
1-2017338687,SUDHARSAN ENGINEERING COLLEGE,"SATHIYAMANGALAM
KULATHUR TALUK
PUDKKOTTAI DISTRICT 622501",PUDUKKOTTAI,Unaided - Private,N,N,1-3956901,fetchdata,2014-2015,Engineering and Technology,1,1,1,1,Tamil Nadu,1
1-2017361713,VI INSTITUTE OF TECHNOLOGY,"NO. 96, SIRUNKUNDRAM POST,
CHENGALPATTU TALUK
KANCHEEPURAM DIST",KANCHIPURAM,Unaided - Private,N,N,1-8398021,fetchdata,2014-2015,Engineering and Technology,1,1,1,1,Tamil Nadu,1
1-2017363272,NADAR SARASWATHI COLLEGE OF ENGINEERING & TECHNOLOGY,"VADAPUDUPATTI, ANNANJI (PO)",THENI,Unaided - Private,N,N,1-4431961,fetchdata,2014-2015,Engineering and Technology,1,1,1,1,Tamil Nadu,1
1-2016922884,MISRIMAL NAVAJEE MUNOTH JAIN ENGINEERING COLLEGE,"GURU MARUDHAR KESARI BUILDING,
JYOTHI NAGAR, THORAPAKKAM,
CHENNAI - 600097.",CHENNAI,Unaided - Private,N,Y,1-4796841,fetchdata,2014-2015,Engineering and Technology,1,1,1,1,Tamil Nadu,1
1-2016925653,M.A.M. POLYTECHNIC COLLEGE,"TRICHY - CHENNAI TRUNK ROAD,",TIRUCHIRAPPALLI,Unaided - Private,N,N,1-422436441,fetchdata,2014-2015,Engineering and Technology,1,1,1,1,Tamil Nadu,1
1-2016955601,SRI KRISHNA POLYTECHNIC COLLEGE,"MADURAI MAINROAD,
BATLAGUNDU",DINDIGUL,Unaided - Private,N,N,1-475207451,fetchdata,2014-2015,Engineering and Technology,1,1,1,1,Tamil Nadu,1
1-2017379138,M.I.E.T. ENGINEERING COLLEGE,"TRICHY - PUDUKKOTTAI  ROAD
GUNDUR
TIRUCHIRAPPALLI - 620 007",TIRUCHIRAPPALLI,Unaided - Private,N,Y,1-7532291,fetchdata,2014-2015,Engineering and Technology,1,1,1,1,Tamil Nadu,1
1-2017265851,SNS COLLEGE OF ENGINEERING,"SATHY MAIN ROAD 
KURUMBAPALAYAM (PO),
COIMBATORE - 641 107",COIMBATORE,Unaided - Private,N,N,1-13177981,fetchdata,2014-2015,Engineering and Technology,1,1,1,1,Tamil Nadu,1
1-2017268618,SUDHARSHANA POLYTECHNIC COLLEGE,"KALIPATTI  VILLAGE
AMMAPATTI POST
THURAIYUR TK
TRICHY DT
PIN:621 014",TIRUCHIRAPPALLI,Unaided - Private,N,N,1-413109001,fetchdata,2014-2015,Engineering and Technology,1,1,1,1,Tamil Nadu,1
1-2017280520,GOVERNMENT POLYTECHNIC COLLEGE,"KEELAKANAVAI
VELUR POST",PERAMBALUR,Government,N,N,1-434019891,fetchdata,2014-2015,Engineering and Technology,1,1,1,1,Tamil Nadu,1
1-2017288620,VENKATAESVARA POLYTECHNIC COLLEGE,"KAIKURUCHI
ARANTHANGI ROAD",PUDUKKOTTAI,Unaided - Private,N,N,1-490060591,fetchdata,2014-2015,Engineering and Technology,1,1,1,1,Tamil Nadu,1
1-2017307875,S.R.I. COLLEGE OF ENGINEERING & TECHNOLOGY,"321/15, MELMARUVATHUR ROAD, BIRUDUR, VANDAVASI",TIRUVANNAMALAI,Unaided - Private,N,N,1-4831705,fetchdata,2014-2015,Engineering and Technology,1,1,1,1,Tamil Nadu,1
1-2017313468,MAHARANI POLYTECHNIC COLLEGE,"1/74, NANJIYAMPALAYAM",TIRUPPUR,Unaided - Private,N,N,1-454135583,fetchdata,2014-2015,Engineering and Technology,1,1,1,1,Tamil Nadu,1
1-2017328211,SASTHAA POLYTECHNIC COLLEGE,"KARAIKUDI - ARANTHANGI MAIN ROAD,",PUDUKKOTTAI,Unaided - Private,N,N,1-421340621,fetchdata,2014-2015,Engineering and Technology,1,1,1,1,Tamil Nadu,1
1-2017343896,ADHIPARASAKTHI COLLEGE OF ENGINEERING,"G.B. NAGAR
KALAVAI 
ARCOT TALUK
VELLORE DISTRICT
TAMILNADU
PIN - 632 506.",VELLORE,Unaided - Private,N,N,1-5138551,fetchdata,2014-2015,Engineering and Technology,1,1,1,1,Tamil Nadu,1
1-2017356483,SUDHARSAN POLYTECHNIC COLLEGE,"NH 210,
SATHIYAMANGALAM, KULATHUR - TALUK,
PUDUKKOTTAI - DT. 622 501.",PUDUKKOTTAI,Unaided - Private,N,N,1-425521611,fetchdata,2014-2015,Engineering and Technology,1,1,1,1,Tamil Nadu,1
1-2016929210,AS-SALAM COLLEGE OF ENGINEERING AND TECHNOLOGY,"THIRUMANGALAKUDI - ADUTHURAI
THIRUVIDAIMARUTHUR - 612 102
THANJAVUR DISTRICT",THANJAVUR,Unaided - Private,N,N,1-3459931,fetchdata,2014-2015,Engineering and Technology,1,1,1,1,Tamil Nadu,1
1-2016955976,816 SHREE VENKATESHWARA HI TECH POLYTECHNIC COLLEGE,"ERODE-GOBI MAIN ROAD,SRIKALAIVANI NAGAR,OTHAKUTHIRAI,K.METTUPALAYAM-PO,GOBI-TK,ERODE-DT",ERODE,Unaided - Private,N,N,1-431725341,fetchdata,2014-2015,Engineering and Technology,1,1,1,1,Tamil Nadu,1
1-2017380856,ERODE BUILDER EDUCATIONAL TRUST'S GROUP OF INSTITUTIONS,"EBET KNOWLEDGE PARK
ERODE ROAD
NATHAKADAIYUR
KANGEYAM",TIRUPPUR,Unaided - Private,N,N,1-3289861,fetchdata,2014-2015,Engineering and Technology,1,1,1,1,Tamil Nadu,1
1-2017381731,N.S.N. COLLEGE OF ENGINEERING AND TECHNOLOGY,"N. S. N. KALVI NAGAR
KARUR-MADURAI NH-7
MANALMEDU
THALAPATTI(PO)",KARUR,Unaided - Private,N,N,1-398066391,fetchdata,2014-2015,Engineering and Technology,1,1,1,1,Tamil Nadu,1
1-2017353217,VIGNESH POLYTECHNIC COLLEGE,"MELPUTHIYANDAL VILLAGE, 
TIRUVANNAMALAI",TIRUVANNAMALAI,Unaided - Private,N,N,1-454848061,fetchdata,2014-2015,Engineering and Technology,1,1,1,1,Tamil Nadu,1
1-2016929555,ST.MICHAEL POLYTECHNIC COLLEGE,"ST.SANTHIAGAPER NAGAR, KALAYARKOIL - 630551.",SIVAGANGA,Unaided - Private,N,Y,1-424559401,fetchdata,2014-2015,Engineering and Technology,1,1,1,1,Tamil Nadu,1
1-2017268951,SRI BALAJI CHOCKALINGAM ENGINEERING COLLEGE,"IRUMBEDU, ARNI T.K.,
ARNI
TIRUVANNAMALAI DIST.,",TIRUVANNAMALAI,Unaided - Private,N,N,1-2189847,fetchdata,2014-2015,Engineering and Technology,1,1,1,1,Tamil Nadu,1
1-2017288971,JNN INSTITUTE OF ENGINEERING,"USHAA GARDEN, 90, KANNIGAIPAIR VILLAGE, UTHUKOTTAI TALUK,",THIRUVALLUR,Unaided - Private,N,N,1-10769834,fetchdata,2014-2015,Engineering and Technology,1,1,1,1,Tamil Nadu,1
1-2017313827,JAYA INSTITUTE OF TECHNOLOGY,"KANCHIPADI,
THIRUVALLUR-THIRUTHANI NH ROAD,
THIRUVALLUR TK,
THIRUVALLUR DT.",THIRUVALLUR,Unaided - Private,N,Y,1-10920321,fetchdata,2014-2015,Engineering and Technology,1,1,1,1,Tamil Nadu,1
1-2017319966,K.S.M. POLYTECHNIC COLLEGE,"PAPAMADAI, RAJAGAMBEERAM POST, MANAMADURAI",SIVAGANGA,Unaided - Private,N,N,1-461642301,fetchdata,2014-2015,Engineering and Technology,1,1,1,1,Tamil Nadu,1
1-2017328529,MAHARAJA ENGINEERING COLLEGE,"MAHARAJA ENGINEERING COLLEGE,KUPPANDAMPALAYAM(POST),AVINASHI",TIRUPPUR,Unaided - Private,N,N,1-463260371,fetchdata,2014-2015,Engineering and Technology,1,1,1,1,Tamil Nadu,1
1-2017339687,SRI RAMANATHAN ENGINEERING COLLEGE,"UTHUKULI MAIN ROAD,VIJAYAMANGALAM VIA,
NADUPATTI POST,
TIRUPPUR - 638 056",TIRUPPUR,Unaided - Private,N,N,1-6156361,fetchdata,2014-2015,Engineering and Technology,1,1,1,1,Tamil Nadu,1
1-2017353578,T.S.SRINIVASAN CENTRE FOR POLYTECHNIC COLLEGE  AND ADVANCED TRAINING,"NO.1, TVS SCHOOL ROAD
VANAGARAM",THIRUVALLUR,Unaided - Private,N,N,1-463882101,fetchdata,2014-2015,Engineering and Technology,1,1,1,1,Tamil Nadu,1
1-2017298525,SRI RANGAPOOPATHI COLLEGE OF ENGINEERING,"ALAMPOONDI VILLAGE & POST,
GINGEE TALUK,
VILLUPURAM DISTRICT",VILUPPURAM,Unaided - Private,N,N,1-8270741,fetchdata,2014-2015,Engineering and Technology,1,1,1,1,Tamil Nadu,1
1-2017345394,MAHARAJA INSTITUTE OF TECHNOLOGY,"MAHARAJA INSTITUTE OF TECHNOLOGY,
ARASUR
COIMBATORE - 641 407",COIMBATORE,Unaided - Private,N,N,1-7341265,fetchdata,2014-2015,Engineering and Technology,1,1,1,1,Tamil Nadu,1
1-2017272489,SEVA RATHNA VALLAL RCK COLLEGE OF ENGINEERING,"VALLAL RCK NAGAR, 
VENGAL THIRUVALLUR TALUK AND DISTRICT",THIRUVALLUR,Unaided - Private,N,N,1-424626151,fetchdata,2014-2015,Engineering and Technology,1,1,1,1,Tamil Nadu,1
1-2017280947,S.A.RAJAS POLYTECHNIC COLLEGE,"RAJA NAGAR
VADAKKANGULAM
TIRUNELVELI DIST",TIRUNELVELI,Unaided - Private,N,N,1-467250051,fetchdata,2014-2015,Engineering and Technology,1,1,1,1,Tamil Nadu,1
1-2017291473,SRINIVASA INSTITUTE OF ENGINEERING & TECHNOLOGY,"POONAMALLEE BY PASS ROAD, PARIVAKKAM
CHENNAI",THIRUVALLUR,Unaided - Private,N,Y,1-5171127,fetchdata,2014-2015,Engineering and Technology,1,1,1,1,Tamil Nadu,1
1-2017298902,VPV COLLEGE OF ENGINEERING,"D.VADIPATTI
DEVATHANAPATTI
THENI (DT)
PIN - 625602",THENI,Unaided - Private,N,N,1-461687451,fetchdata,2014-2015,Engineering and Technology,1,1,1,1,Tamil Nadu,1
1-2017263475,E.G.S. PILLAY ENGINEERING COLLEGE,"OLD NAGORE ROAD,
NAGORE POST,
NAGAPATTINAM DT
TAMIL NADU STATE
PIN: 611 002",NAGAPATTINAM,Unaided - Private,N,N,1-5857311,fetchdata,2014-2015,Engineering and Technology,1,1,1,1,Tamil Nadu,1
1-2017264054,ANGEL COLLEGE OF ENGINEERING AND TECHNOLOGY,"ANGEL COLLEGE OF ENGINEERING AND TECHNOLOGY
P.K. PALAYAM, UGAYANUR VILLAGE, DHARAPURAM MAIN ROAD, 
TIRUPUR",TIRUPPUR,Unaided - Private,N,N,1-4247542,fetchdata,2014-2015,Engineering and Technology,1,1,1,1,Tamil Nadu,1
1-2017266440,SRI RAMAKRISHNA ENGINEERING COLLEGE,"VATTAMALAIPALAYAM,
N.G.G.O COLONY(POST),
COIMABATORE-641022.
TAMILNADU.",COIMBATORE,Unaided - Private,N,N,1-11762850,fetchdata,2014-2015,Engineering and Technology,1,1,1,1,Tamil Nadu,1
1-2017272151,KAMARAJ COLLEGE OF ENGINEERING & TECHNOLOGY,"S.P.G.C.NAGAR POST BOX 12
K. VELLAKULAM
VIRUDHUNAGAR",VIRUDHUNAGAR,Unaided - Private,N,N,1-10939912,fetchdata,2014-2015,Engineering and Technology,1,1,1,1,Tamil Nadu,1
1-2017317708,ARM COLLEGE OF ENGINEERING AND TECHNOLOGY,"SATTAMANGALAM,
MARAIMALAI NAGAR,
CHENGALPET TK.
KANCHIPURAM DIST.",KANCHIPURAM,Unaided - Private,N,N,1-9656461,fetchdata,2014-2015,Engineering and Technology,1,1,1,1,Tamil Nadu,1
1-2017321317,K S R INSTITUTE FOR ENGINEERING AND TECHNOLOGY,"KSR KALVI NAGAR, TIRUCHENGODE.",NAMAKKAL,Unaided - Private,N,N,1-501005591,fetchdata,2014-2015,Engineering and Technology,1,1,1,1,Tamil Nadu,1
1-2017322248,MANORA POLYTECHNIC COLLEGE,"KOTTAKUDI-POST
PATTUKKOTTAI-TKTHANJAVUR-DT",THANJAVUR,Unaided - Private,N,N,1-424541291,fetchdata,2014-2015,Engineering and Technology,1,1,1,1,Tamil Nadu,1
1-2017327803,VIVEKANANDHA COLLEGE OF ENGINEERING FOR WOMEN,"ELAYAMPALAYAM, TIRUCHENGODE, NAMAKKAL - DT
TAMILNADU
PIN : 637205",NAMAKKAL,Unaided - Private,Y,N,1-5126364,fetchdata,2014-2015,Engineering and Technology,1,1,1,1,Tamil Nadu,1
1-2017329652,HINDUSTHAN COLLEGE OF ENGINEERING AND TECHNOLOGY,"OTHAKKALMANDAPAM VILLAGE,COIMBATORE SOUTH TAULK,
COIMBATORE DISTRICT- 641032.",COIMBATORE,Unaided - Private,N,N,1-22291621,fetchdata,2014-2015,Engineering and Technology,1,1,1,1,Tamil Nadu,1
1-2017346165,SRI VATSA POLYTECHNIC COLLEGE,"E.KUMARALINGAPURAM ROAD,
METTAMALAI,
SATTUR-626203,
VIRUDHUNAGAR DISTRICT.",VIRUDHUNAGAR,Unaided - Private,N,N,1-475193221,fetchdata,2014-2015,Engineering and Technology,1,1,1,1,Tamil Nadu,1
1-2017363606,K.S.RANGASAMY COLLEGE OF TECHNOLOGY,"K.S.R KALVI NAGAR,
THOKKAVADI,
TIRUCHENGODE TK,
637 215.",NAMAKKAL,Unaided - Private,N,N,1-2494827,fetchdata,2014-2015,Engineering and Technology,1,1,1,1,Tamil Nadu,1
1-2017366242,ADHIPARASAKTHI ENGINEERING COLLEGE,"MELMARUVATHUR,
CHEYYUR TALUK,
KANCHEEPURAM DISTRICT,
TAMILNADU,
INDIA",KANCHIPURAM,Unaided - Private,N,N,1-3036221,fetchdata,2014-2015,Engineering and Technology,1,1,1,1,Tamil Nadu,1
1-2017367155,GOVERNMENT COLLEGE OF TECHNOLOGY,"THADAGAM ROAD
COIMBATORE",COIMBATORE,Government,N,N,1-410916521,fetchdata,2014-2015,Engineering and Technology,1,1,1,1,Tamil Nadu,1
1-2017367628,VIVEKANANDHA ENGINEERING COLLEGE FOR WOMEN,"NH-47,SALEM-KOVAI EXPRESS HIGH WAY,
VEERACHIPALAYAM,
SANKARI WEST POST,
SANKARI TALUK,
SALEM DISTRICT,
TAMILNADU PIN 637 303",SALEM,Unaided - Private,Y,N,1-497567711,fetchdata,2014-2015,Engineering and Technology,1,1,1,1,Tamil Nadu,1
1-2017284293,S.PADMAVATHY POLYTECHNIC,"ATTUR MAIN ROAD,MURUGUR VILLAGE,THURAIYUR TK,TRICHY DT",TIRUCHIRAPPALLI,Unaided - Private,N,N,1-513694591,fetchdata,2014-2015,Engineering and Technology,1,1,1,1,Tamil Nadu,1
1-2017278600,PANIMALAR ENGINEERING COLLEGE,"BANGALORE TRUNK ROAD,
NAZARATHPET,
VARADHARAJAPURAM,
POONAMALLEE,
THIRUVALLUR(DT)",THIRUVALLUR,Unaided - Private,N,Y,1-4022409,fetchdata,2014-2015,Engineering and Technology,1,1,1,1,Tamil Nadu,1
1-2017281749,RANGANATHAN ENGINEERING COLLEGE,"VIRALIYUR (PO),THONDAMUTHUR (VIA),
COIMBATORE-641 109, TAMILNADU.",COIMBATORE,Unaided - Private,N,N,1-11104730,fetchdata,2014-2015,Engineering and Technology,1,1,1,1,Tamil Nadu,1
1-2017283331,S.K.P. ENGINEERING COLLEGE,"CHINNKANGIYANUR,
SOMASIPADI POST,
TIRUVANNAMALAI TALUK,
TIRUVANNAMALAI DIST",TIRUVANNAMALAI,Unaided - Private,N,N,1-1710591,fetchdata,2014-2015,Engineering and Technology,1,1,1,1,Tamil Nadu,1
1-2017286198,SKP INSTITUTE OF TECHNOLOGY,"SKP INSTITUTE OF TECHNOLOGY
CHINNAKANGIYANUR
SOMASIPADI POST
TIRUVANNAMALAI
TAMIL NADU-606611",TIRUVANNAMALAI,Unaided - Private,N,N,1-1723411,fetchdata,2014-2015,Engineering and Technology,1,1,1,1,Tamil Nadu,1
1-2017321704,ADHIPARASAKTHI POLYTECHNIC COLLEGE,"ADHIPARASAKTHI POLYTECHNIC COLLEGE, MELMARUVATHUR & POST, CHEYYUR TALUK",KANCHIPURAM,Unaided - Private,N,N,1-412359851,fetchdata,2014-2015,Engineering and Technology,1,1,1,1,Tamil Nadu,1
1-2017333314,T.J.S.POLYTECHNIC COLLEGE,"T.J.S.NAGAR, PERUVOYAL",THIRUVALLUR,Unaided - Private,N,N,1-452881331,fetchdata,2014-2015,Engineering and Technology,1,1,1,1,Tamil Nadu,1
1-2016935211,ST.JOSEPH'S INSTITUTE OF TECHNOLOGY,"JEPPIAAR NAGAR, OLD MAMALLAPURAM ROAD, CHENNAI-600119",KANCHIPURAM,Unaided - Private,N,Y,1-465995545,fetchdata,2014-2015,Engineering and Technology,1,1,1,1,Tamil Nadu,1
1-2017370289,MEPCO SCHLENK ENGINEERING COLLEGE,"SIVAKASI, MEPCO ENGINEERING COLLEGE POST - 626 005 VIRUDHUNAGAR DISTRICT, TAMILNADU",VIRUDHUNAGAR,Unaided - Private,N,N,1-26270263,fetchdata,2014-2015,Engineering and Technology,1,1,1,1,Tamil Nadu,1
1-2017286845,SVS COLLEGE OF ENGINEERING,"ARASAMPALAYAM(POST)
POLLACHI
COIMBATORE",COIMBATORE,Unaided - Private,N,N,1-5019701,fetchdata,2014-2015,Engineering and Technology,1,1,1,1,Tamil Nadu,1
1-2017290376,PAAVAI ENGINEERING COLLEGE,"NH-7, PAAVAI NAGAR,
PACHAL, NAMAKKAL
PIN - 637 018
TAMILNADU",NAMAKKAL,Unaided - Private,N,N,1-4077897,fetchdata,2014-2015,Engineering and Technology,1,1,1,1,Tamil Nadu,1
1-2017292312,SAVEETHA ENGINEERING COLLEGE,"SAVEETHA NAGAR
THANDALAM POST
SRIPERUMBUDUR TALUK
KANCHEEPURAM DISTRICT
PIN CODE 602 105",KANCHIPURAM,Unaided - Private,N,N,1-6943529,fetchdata,2014-2015,Engineering and Technology,1,1,1,1,Tamil Nadu,1
1-2017331677,ARASAN GANESAN POLYTECHNIC COLLEGE,"VIRUDHUNAGAR MAIN ROAD, ANAIKUTTAM (PO)",VIRUDHUNAGAR,Govt aided,N,N,1-449922153,fetchdata,2014-2015,Engineering and Technology,1,1,1,1,Tamil Nadu,1
1-2017333629,MAAMALLAN INSTITUTE OF TECHNOLOGY,"MAAMALLAN NAGAR, VADAMANGALAM, SRIPERUMPUDUR",KANCHIPURAM,Unaided - Private,N,N,1-463913523,fetchdata,2014-2015,Engineering and Technology,1,1,1,1,Tamil Nadu,1
1-2017341201,PADMABHUSHAN SRI N RAMASWAMI AYYAR MEMORIAL POLYTECHNIC COLLEGE FOR GIRLS,"NO. 5 SANKARAN PILLAI ROAD,           TIRUCHIRAPPALLI",TIRUCHIRAPPALLI,Govt aided,Y,N,1-421870511,fetchdata,2014-2015,Engineering and Technology,1,1,1,1,Tamil Nadu,1
1-2017347520,ERODE KONGU COLLEGE OF POLYTECHNIC,"VELEVA GARDEN
CHENNIMALAI ROAD GNANIPALAYAM (POST)",ERODE,Unaided - Private,N,N,1-445516531,fetchdata,2014-2015,Engineering and Technology,1,1,1,1,Tamil Nadu,1
1-2016935569,BWDA POLYTECHNIC COLLEGE,"BWDA NAGER,
KAPPIVILAI,
VENDALICODE,
KULASEKHARAM",KANYAKUMARI,Unaided - Private,N,N,1-422715511,fetchdata,2014-2015,Engineering and Technology,1,1,1,1,Tamil Nadu,1
1-2017272750,ROYAL POLYTECHNIC COLLEGE,KULATHUR POST,PUDUKKOTTAI,Unaided - Private,N,N,1-454848011,fetchdata,2014-2015,Engineering and Technology,1,1,1,1,Tamil Nadu,1
1-2017292160,WORKSHOP TRAINING INSTITUTE,"WTI, AIR FORCE STATION TAMBARAM,
CHENNAI-46",KANCHIPURAM,Government,N,N,1-1455442721,fetchdata,2014-2015,Engineering and Technology,1,1,1,1,Tamil Nadu,1
1-2017303216,VANDAYAR ENGINEERING COLLEGE,"PULAVARNATHAM(PO),
MARIAMMANKOVIL(VIA),
NAGAI MAIN ROAD,
THANJAVUR - 613501.
TAMIL NADU",THANJAVUR,Unaided - Private,N,N,1-4697197,fetchdata,2014-2015,Engineering and Technology,1,1,1,1,Tamil Nadu,1
1-2017292988,EXCEL ENGINEERING COLLEGE,"NH 47-SALEM  MAIN ROAD
SANKARI WEST POST,
TIRUCHENGODE TALUK,
PALLLAKAPALAYAM - 637303
NAMAKKAL DISTRICT
TAMILNADU",NAMAKKAL,Unaided - Private,N,N,1-8213921,fetchdata,2014-2015,Engineering and Technology,1,1,1,1,Tamil Nadu,1
1-2017295958,A.D.J.DHARMAMBAL POLYTECHNIC COLLEGE,"NAGORE MAIN ROAD, 
KADAMBADI,
NAGAPATTINAM",NAGAPATTINAM,Govt aided,N,N,1-411302291,fetchdata,2014-2015,Engineering and Technology,1,1,1,1,Tamil Nadu,1
1-2017297241,KARPAGAM COLLEGE OF ENGINEERING," SF NO : 758, 759, 760
OTHAKKAL MANDAPAM
COIMBATORE - 641 032",COIMBATORE,Unaided - Private,N,N,1-4285391,fetchdata,2014-2015,Engineering and Technology,1,1,1,1,Tamil Nadu,1
1-2017301026,TAGORE ENGINEERING COLLEGE,"RATHINAMANGALAM
VANDALUR
CHENNAI - 600 048",KANCHIPURAM,Unaided - Private,N,N,1-9722913,fetchdata,2014-2015,Engineering and Technology,1,1,1,1,Tamil Nadu,1
1-2016935844,ER. PERUMAL MANIMEKALAI COLLEGE OF ENGINEERING,"17TH KM HOSUR - KRISHNAGIRI NH7,
NALLAGANAKOTHAPALLI,
NEAR KONERIPALLI,
HOSUR TALUK.
KRISHANGIRI DISTRICT
TAMILNADU
PIN: 635 117",KRISHNAGIRI,Unaided - Private,N,Y,1-2590786,fetchdata,2014-2015,Engineering and Technology,1,1,1,1,Tamil Nadu,1
1-2016938596,PRINCE DR. K. VASUDEVAN COLLEGE OF ENGINEERING AND TECHNOLOGY,"MEDAVAKKAM - MAMBAKKAM ROAD,
PONMAR, CHENNAI - 600 048.",KANCHIPURAM,Unaided - Private,N,N,1-4199411,fetchdata,2014-2015,Engineering and Technology,1,1,1,1,Tamil Nadu,1
1-2017373554,VELALAR COLLEGE OF ENGINEERING AND TECHNOLOGY,"PERUNDURAI ROAD
THINDAL POST
ERODE",ERODE,Unaided - Private,N,N,1-3451381,fetchdata,2014-2015,Engineering and Technology,1,1,1,1,Tamil Nadu,1
1-2017284417,ST.JOSEPH'S POLYTECHNIC COLLEGE,"PAPPU NAGAR, NEAR R.M.T.C.NAGAR,
REDDIAPATTI POST
DINDIGUL,
TAMILNADU.
PIN:624003",DINDIGUL,Unaided - Private,N,N,1-465719371,fetchdata,2014-2015,Engineering and Technology,1,1,1,1,Tamil Nadu,1
1-2017305054,PAVAI COLLEGE OF TECHNOLOGY,"NH-7, SALEM-NAMAKKAL HIGHWAYS,
PACHAL POST,
NAMAKKAL DT. TAMIL NADU
PIN:637 018",NAMAKKAL,Unaided - Private,N,N,1-4319191,fetchdata,2014-2015,Engineering and Technology,1,1,1,1,Tamil Nadu,1
1-2017306585,NANDHA COLLEGE OF TECHNOLOGY,"235, CHENNIMALAIPALAYAM ROAD
PITCHANDAMPALAYAM POST
VEPPAMPALAYAM VILLAGE
ERODE - 638 052",ERODE,Unaided - Private,N,N,1-5019688,fetchdata,2014-2015,Engineering and Technology,1,1,1,1,Tamil Nadu,1
1-2017309706,PATTUKKOTTAI POLYTECHNIC COLLEGE,"PALAYAM, SANTHANGADU,",THANJAVUR,Govt aided,N,N,1-421820701,fetchdata,2014-2015,Engineering and Technology,1,1,1,1,Tamil Nadu,1
1-2017322052,SAKTHI POLYTECHNIC COLLEGE,"NACHIMUTHUPURAM
SAKTHI NAGAR
APPAKUDAL",ERODE,Govt aided,N,N,1-445676291,fetchdata,2014-2015,Engineering and Technology,1,1,1,1,Tamil Nadu,1
1-2017322646,GOVERNMENT POLYTECHNIC COLLEGE - THOOTHUKUDI,PALAYAMKOTTAI ROAD,THOOTHUKUDI,Government,N,N,1-477802431,fetchdata,2014-2015,Engineering and Technology,1,1,1,1,Tamil Nadu,1
1-2017334123,MARUTAM NELLI POLYTECHNIC COLLEGE,"2/1. AGRI THOTTAM, PALLAPATTY, NATHATAHALLI, DHARMAPURI-636803",DHARMAPURI,Unaided - Private,N,N,1-478268271,fetchdata,2014-2015,Engineering and Technology,1,1,1,1,Tamil Nadu,1
1-2017341393,IMAYAM POLYTECHNIC COLLEGE,"KANNANUR[PO]
THURAIYUR [TK]
TRICHY[DT]
PIN-621206",TIRUCHIRAPPALLI,Unaided - Private,N,N,1-444928741,fetchdata,2014-2015,Engineering and Technology,1,1,1,1,Tamil Nadu,1
1-2016910375,INSTITUTE OF PRINTING TECHNOLOGY,"CIT CAMPUS
THARAMANI
CHENNAI",CHENNAI,Government,N,N,1-500984231,fetchdata,2014-2015,Engineering and Technology,1,1,1,1,Tamil Nadu,1
1-2016939050,PSG POLYTECHNIC COLLEGE,"AVINASHI ROAD, PEELAMEDU",COIMBATORE,Govt aided,N,N,1-424095781,fetchdata,2014-2015,Engineering and Technology,1,1,1,1,Tamil Nadu,1
1-2016943713,PARK COLLEGE OF TECHNOLOGY,"PREMA RAVI NAGAR,
KARUMATHAMPATTY,
COIMBATORE - 641659",COIMBATORE,Unaided - Private,N,N,1-2073181,fetchdata,2014-2015,Engineering and Technology,1,1,1,1,Tamil Nadu,1
1-2017310660,V.K.P.POLYTECHNIC COLLEGE,"MADURAI MAIN ROAD,CHOCKAMPATTI.",TIRUNELVELI,Unaided - Private,N,N,1-466034941,fetchdata,2014-2015,Engineering and Technology,1,1,1,1,Tamil Nadu,1
1-2017312379,ANJALAI AMMAL MAHALINGAM ENGINEERING COLLEGE,ANJALAI AMMAL MAHALINGAM ENGG COLLEGE KOVILVENNI,THIRUVARUR,Unaided - Private,N,N,1-474076001,fetchdata,2014-2015,Engineering and Technology,1,1,1,1,Tamil Nadu,1
1-2017322912,SHAKTHI INSTITUTE OF FASHION TECHNOLOGY,"S.F.NO.250-251,
A.PERIYAPALAYAM, TIRUPUR.641607.
TAMILNADU.",TIRUPPUR,Unaided - Private,N,N,1-407308481,fetchdata,2014-2015,Engineering and Technology,1,1,1,1,Tamil Nadu,1
1-2017332125,VIVEKANANDHA INSTITUTE OF ENGINEERING AND TECHNOLOGY FOR WOMEN,"SATHINAICKENPALAYAM VILLAGE,
ELAYAMPALAYAM(POST),
THIRUCHENGODE(T.K),
NAMAKKAL(D.T),
TAMIL NADU,
INDIA.",NAMAKKAL,Unaided - Private,Y,N,1-4645686,fetchdata,2014-2015,Engineering and Technology,1,1,1,1,Tamil Nadu,1
1-2017336462,DR.NALLINI INSTITUTE OF ENGINEERING AND TECHNOLOGY,"68, RAM NAGAR,
PALANI ROAD,
ACHIYUR POST,
DHARAPURAM,
TIRUPUR DISTRICT",TIRUPPUR,Unaided - Private,N,N,1-3322801,fetchdata,2014-2015,Engineering and Technology,1,1,1,1,Tamil Nadu,1
1-2017347988,RAMYA SATHIANATHAN POLYTECHNIC COLLEGE,"SENGIPPATTY TO BUDHALUR ROAD
PUDUPPATTY VILLAGE
THANJAVUR DISTRICT
TAMIL NADU",THANJAVUR,Unaided - Private,N,N,1-459233181,fetchdata,2014-2015,Engineering and Technology,1,1,1,1,Tamil Nadu,1
1-2016910511,LALGUDI COOPERATIVE POLYTECHNIC COLLEGE,"AYYAN VAIKKAL ROAD,ANGARAI VILLAGE,LALGUDI TK",TIRUCHIRAPPALLI,Unaided - Private,N,N,1-455767611,fetchdata,2014-2015,Engineering and Technology,1,1,1,1,Tamil Nadu,1
1-2017262759,PGP COLLEGE OF ENGINEERING AND TECHNOLOGY,"NH 7, NAMAKKAL - KARUR MAIN ROAD,
PARAMATHI VELUR,
NAMAKKAL.",NAMAKKAL,Unaided - Private,N,N,1-6240341,fetchdata,2014-2015,Engineering and Technology,1,1,1,1,Tamil Nadu,1
1-2017294409,GOVERNMENT POLYTECHNIC COLLEGE,CHENNAI ROAD,KRISHNAGIRI,Government,N,N,1-475703651,fetchdata,2014-2015,Engineering and Technology,1,1,1,1,Tamil Nadu,1
1-2017303713,VANDAYAR POLYTECHNIC COLLEGE,"PULAVARNATHAM (PO),MARIAMMAN KOVIL (VIA)
THANJAVUR - 613501.",THANJAVUR,Unaided - Private,N,N,1-404277901,fetchdata,2014-2015,Engineering and Technology,1,1,1,1,Tamil Nadu,1
1-2017313146,P.T.R. COLLEGE OF ENGINEERING & TECHNOLOGY,"THANAPANDIYAN NAGAR,
MADURAI - TIRUMANGALAM ROAD,
MADURAI - 625 008",MADURAI,Unaided - Private,N,N,1-35288461,fetchdata,2014-2015,Engineering and Technology,1,1,1,1,Tamil Nadu,1
1-2017314521,GRG POLYTECHNIC COLLEGE,"KUPPEPALAYAM
S.S.KULAM POST
COIMBATORE",COIMBATORE,Govt aided,N,N,1-456255941,fetchdata,2014-2015,Engineering and Technology,1,1,1,1,Tamil Nadu,1
1-2017316540,LATHA MATHAVAN ENGINEERING COLLEGE,"LATHA MATHAVAN NAGAR
KIDARIPATTI
MELUR TALUK
MADURAI DISTRICT",MADURAI,Unaided - Private,N,N,1-5828514,fetchdata,2014-2015,Engineering and Technology,1,1,1,1,Tamil Nadu,1
1-2017323775,AGRICULTURAL ENGINEERING COLLEGE AND RESEARCH INSTITUTE,"TAMIL NADU AGRICULTURAL UNIVERSITY, LAWLEY ROAD, P.O., COIMBATORE - 641 003. TAMIL NADU",COIMBATORE,Government,N,N,1-451453421,fetchdata,2014-2015,Engineering and Technology,1,1,1,1,Tamil Nadu,1
1-2017323197,THANGAM-MUTHU POLYTECHNIC COLLEGE,"MADURAI MAIN ROAD, VELNAGAR, PERIYAKULAM EAST",THENI,Unaided - Private,N,N,1-461642271,fetchdata,2014-2015,Engineering and Technology,1,1,1,1,Tamil Nadu,1
1-2016946216,AYYANADAR JANAKIAMMAL POLYTECHNIC COLLEGE,CHINNAKKAMANPATTI,VIRUDHUNAGAR,Govt aided,N,N,1-445619201,fetchdata,2014-2015,Engineering and Technology,1,1,1,1,Tamil Nadu,1
1-2016946599,KUMARAN POYTECHNIC COLLEGE,"VELU NAGAR
MATHUR
TIRUVANNAMALAI",TIRUVANNAMALAI,Unaided - Private,N,N,1-499988491,fetchdata,2014-2015,Engineering and Technology,1,1,1,1,Tamil Nadu,1
1-2016946832,COIMBATORE INSTITUTE OF ENGINEERING AND TECHNOLOGY,"VELLIMALAIPATTINAM, 
NARASIPURAM POST,
THONDAMUTHUR VIA,
COIMBATORE - 641 109",COIMBATORE,Unaided - Private,N,N,1-4830453,fetchdata,2014-2015,Engineering and Technology,1,1,1,1,Tamil Nadu,1
1-2017273143,EASA COLLEGE OF ENGINEERING & TECHNOLOGY,"NH-47, PALAKKAD MAIN ROAD, NAVAKKARAI(PO), COIMBATORE-641105",COIMBATORE,Unaided - Private,N,N,1-4367535,fetchdata,2014-2015,Engineering and Technology,1,1,1,1,Tamil Nadu,1
1-2017294658,A.K.T. MEMORIALPOLYTECHNIC COLLEGE,"A.K.T.NAGAR
NEELAMANGALAM VILLAGE",VILUPPURAM,Unaided - Private,N,N,1-456830121,fetchdata,2014-2015,Engineering and Technology,1,1,1,1,Tamil Nadu,1
1-2017314897,MUTHAYAMMAL COLLEGE OF ENGINEERING,"KAKKAVERI
RASIPURAM",NAMAKKAL,Unaided - Private,N,N,1-511454251,fetchdata,2014-2015,Engineering and Technology,1,1,1,1,Tamil Nadu,1
1-2017325583,THE SELVAM WOMEN EXCELLENCE ENGINEERING TECHNOLOGY,RAJA NAGAR,TIRUCHIRAPPALLI,Unaided - Private,Y,Y,1-437662571,fetchdata,2014-2015,Engineering and Technology,1,1,1,1,Tamil Nadu,1
1-2017336857,NEW CAPE POLYTECHNIC,"OPPOSITE TO MUPPANTHAL TEMPLE,THOVALAI TALUK,ARALVOIMOZHI,KANYAKUMARI,629301",KANYAKUMARI,Unaided - Private,N,N,1-459809441,fetchdata,2014-2015,Engineering and Technology,1,1,1,1,Tamil Nadu,1
1-2017341753,GGR COLLEGE OF ENGINEERING,"CHENNAI-BANGALORE HIGHWAY, 
PILLAIYARKUPPAM,
PERUMUGAI,
VELLORE",VELLORE,Unaided - Private,N,N,1-434666781,fetchdata,2014-2015,Engineering and Technology,1,1,1,1,Tamil Nadu,1
1-2016910732,PROFESSIONAL GROUP OF INSTITUTIONS,"SFNO 166 , 167 PROFESSIONAL NAGAR",TIRUPPUR,Unaided - Private,N,N,1-6423781,fetchdata,2014-2015,Engineering and Technology,1,1,1,1,Tamil Nadu,1
1-2016949572,BHAVANI POLYTECHNIC COLLEGE,"VARADHANALLUR(P.O),BHAVANI(T.K),ERODE(D.T)",ERODE,Unaided - Private,N,N,1-434712951,fetchdata,2014-2015,Engineering and Technology,1,1,1,1,Tamil Nadu,1
1-2017284808,THE KAVERY POLYTECHNIC COLLEGE,"M. KALIPATTI POST,
MECHERI,
METTUR TALUK,
SALEM DISTRICT.",SALEM,Unaided - Private,N,N,1-435919431,fetchdata,2014-2015,Engineering and Technology,1,1,1,1,Tamil Nadu,1
1-2017323999,PONJESLY COLLEGE OF ENGINEERING,"NEAR PARVATHIPURAM, ALAMPARAI,
VETURNIMADAM POST,
NAGERCOIL 
629 003.
KANYAKUMARI DIST.,
TAMIL NADU.",KANYAKUMARI,Unaided - Private,N,Y,1-4230371,fetchdata,2014-2015,Engineering and Technology,1,1,1,1,Tamil Nadu,1
1-2017325785,VIVEKANANDA POLYTECHNIC COLLEGE,"NEYVELI MAIN ROAD, SEPLANATHAM & PO, NEYVELI,
KURINJIPADI TALUK.",CUDDALORE,Unaided - Private,N,N,1-451963041,fetchdata,2014-2015,Engineering and Technology,1,1,1,1,Tamil Nadu,1
1-2017350318,PGP POLYTECHNIC COLLEGE,"PGP COLLEGE CAMPUS,
NH-7, KARUR MAIN ROAD,
VILLIPALAYAM",NAMAKKAL,Unaided - Private,N,N,1-478375891,fetchdata,2014-2015,Engineering and Technology,1,1,1,1,Tamil Nadu,1
1-2016917317,KAPI POLYTECHNIC COLLEGE,"GANDHIGRAM MAMA DR G RAMACHNDRAN NAGAR,SITHAYANKOTTAI POST, PALAYAMKOTTAI VIA,DINDIGUL DISTRICT",DINDIGUL,Unaided - Private,N,N,1-476324101,fetchdata,2014-2015,Engineering and Technology,1,1,1,1,Tamil Nadu,1
1-2016949904,ST.JOSEPH'S POLYTECHNIC COLLEGE,"OPP TO SOOLAMALI BUS STOP , PERIYA PANAMUTLU, THIRUVANNAMALAI,ANCHOOR POST , KRISHNAGIRI  - 635 108",KRISHNAGIRI,Unaided - Private,N,N,1-479774571,fetchdata,2014-2015,Engineering and Technology,1,1,1,1,Tamil Nadu,1
1-2017265612,KONGUNADU POLYTECHNIC COLLEGE,"PALAYAM (VIA)
PUSARIPATTI PIRIVU",DINDIGUL,Unaided - Private,N,N,1-475245811,fetchdata,2014-2015,Engineering and Technology,1,1,1,1,Tamil Nadu,1
1-2017277843,AKSHEYAA COLLEGE OF ENGINEERING,"PULUDIVAKKAM
MADHURANTAGAM TALUK
KANCHEEPURAM DISTRICT",KANCHIPURAM,Unaided - Private,N,N,1-3969771,fetchdata,2014-2015,Engineering and Technology,1,1,1,1,Tamil Nadu,1
1-2017295033,GANESH COLLEGE OF ENGINEERING,"ATTUR MAIN ROAD,
METTUPATTI,
SALEM",SALEM,Unaided - Private,N,N,1-408958931,fetchdata,2014-2015,Engineering and Technology,1,1,1,1,Tamil Nadu,1
1-2017304082,MAHARAJA PRITHVI ENGINEERING COLLEGE,"KUPPANADAMPALAYAM PO,
PALANKARAI VILLAGE,
AVINASHI TK,
TIRUPUR DT-641654.",TIRUPPUR,Unaided - Private,N,N,1-4851061,fetchdata,2014-2015,Engineering and Technology,1,1,1,1,Tamil Nadu,1
1-2017313302,THE NEW POLYTECHNIC COLLEGE,"TRICHY-MANAPARAI MAIN ROAD,INAMKULATHUR(PO),VELLIVAD,TRICHY",TIRUCHIRAPPALLI,Unaided - Private,N,N,1-479832441,fetchdata,2014-2015,Engineering and Technology,1,1,1,1,Tamil Nadu,1
1-2017335683,P.S.R.ENGINEERING COLLEGE,"APPAYANAICKENPATTY,
SEVALPATTY,
SIVAKASI-626 140,
VIRUDHUNAGAR(DIST).",VIRUDHUNAGAR,Unaided - Private,N,Y,1-3760792,fetchdata,2014-2015,Engineering and Technology,1,1,1,1,Tamil Nadu,1
1-2017337098,NATIONAL INSTITUTE OF POLYTECHNIC,TRICHY ROAD,ARIYALUR,Unaided - Private,N,N,1-425453871,fetchdata,2014-2015,Engineering and Technology,1,1,1,1,Tamil Nadu,1
1-2017343321,SRI DURGADEVI POLYTECHNIC COLLEGE,"R.S.M. NAGAR, KAVARAIPETTAI, GUMMIDIPOONDI TALUK",THIRUVALLUR,Unaided - Private,N,Y,1-407010941,fetchdata,2014-2015,Engineering and Technology,1,1,1,1,Tamil Nadu,1
1-2017350618,G.P.POLYTECHNIC COLLEGE,"VANIYAMBADI ROAD,
SALAI NAGAR
TIRUPATTUR",VELLORE,Unaided - Private,N,N,1-513982421,fetchdata,2014-2015,Engineering and Technology,1,1,1,1,Tamil Nadu,1
1-2017354106,THIRUMAGAL POLYTECHNIC COLLEGE,"144,VANCHUVANCHERY,PADAPPAI POST,KANCHIPURAM DISTRICT",KANCHIPURAM,Unaided - Private,N,N,1-801525501,fetchdata,2014-2015,Engineering and Technology,1,1,1,1,Tamil Nadu,1
1-2016917611,AALIM MUHAMMED SALEGH COLLEGE OF ENGINEERING,"NIZARA EDUCATIONAL CAMPUS, MUTHAPUDUPET, AVADI-IAF,",THIRUVALLUR,Unaided - Private,N,Y,1-428224561,fetchdata,2014-2015,Engineering and Technology,1,1,1,1,Tamil Nadu,1
1-2017288430,KALSAR COLLEGE OF ENGINEERING,"109, MANNUR, VALARPURAM POST SRIPERAMBUDUR TK, KANCHEEPURAM DIST-602 105",KANCHIPURAM,Unaided - Private,N,Y,1-485744191,fetchdata,2014-2015,Engineering and Technology,1,1,1,1,Tamil Nadu,1
1-2017307746,PARIMALA PANDURANGAN POLYTECHNIC COLLEGE,"NO,55,CHITHATHUR VILLAGE
WALAJAPET TALUK, 
VELLORE DISTRICT
TAMILNADU",VELLORE,Unaided - Private,N,N,1-750694384,fetchdata,2014-2015,Engineering and Technology,1,1,1,1,Tamil Nadu,1
1-2017326045,VANDAVASI POLYTECHNIC COLLEGE,"MELMARUVATHUR ROAD, CHENNAVARAM VILLAGE, VANDAVASI",TIRUVANNAMALAI,Unaided - Private,N,N,1-476559861,fetchdata,2014-2015,Engineering and Technology,1,1,1,1,Tamil Nadu,1
1-2016922359,SAMS COLLEGE OF ENGINEERING AND TECHNOLOGY,"82, PANAPAKKAM, CHENNAI - TIRUPATHI ROAD, UTHUKOTTAI TALUK, THIRUVALLUR DIST.- 601102.",CHENNAI,Unaided - Private,N,N,1-37176461,fetchdata,2014-2015,Engineering and Technology,1,1,1,1,Tamil Nadu,1
1-2016955267,SMR EAST COAST COLLEGE OF ENGINEERING AND TECHNOLOGY,"EAST COAST ROAD, SOMANATHAPATTINAM,",THANJAVUR,Unaided - Private,N,N,1-4791491,fetchdata,2014-2015,Engineering and Technology,1,1,1,1,Tamil Nadu,1
1-2017374338,BHAJARANG ENGINEERING COLLEGE,"AYATHUR VILLAGE, VEPPAMPATTU(R.S)",THIRUVALLUR,Unaided - Private,N,Y,1-4289448,fetchdata,2014-2015,Engineering and Technology,1,1,1,1,Tamil Nadu,1
1-2017317320,SESHASAYEE INSTITUTE OF TECHNOLOGY,"10, TANJORE ROAD,
INDUSTRIAL COLONY (PO),
ARIYAMANGALAM",TIRUCHIRAPPALLI,Govt aided,N,N,1-451886891,fetchdata,2014-2015,Engineering and Technology,1,1,1,1,Tamil Nadu,1
1-2017192231,MEENAKSHI COLLEGE OF ENGINEERING,"12, VEMBULI AMMAN KOIL STREET, WEST K K NAGAR, CHENNAI - 600 078",CHENNAI,Unaided - Private,N,Y,1-14418245,fetchdata,2014-2015,Engineering and Technology,1,1,1,1,Tamil Nadu,1
1-2017199372,NOORUL ISLAM COLLEGE OF ENGINEERING,"NOORUL ISLAM COLLEGE OF ENGINEERING
KUMARACOIL TEMPLE ROAD
KALKULAM VILLAGE
THUCKALAY
KANYAKUMARI DISTRICT",KANYAKUMARI,University Managed,N,N,1-10525271,fetchdata,2014-2015,Engineering and Technology,1,1,1,1,Tamil Nadu,1
1-2017205049,SRI RAAJA RAAJAN COLLEGE OF ENGINEERING AND TECHNOLOGY,"NO:146/4B1,AMARAVATHI VILLAGE,AMARAVATHYPUDHUR(POST),KARAIKUDI(TALUK)
SIVAGANGAI(DISTRICT)",SIVAGANGA,Unaided - Private,N,N,1-7277651,fetchdata,2014-2015,Engineering and Technology,1,1,1,1,Tamil Nadu,1
1-2017215629,JERUSALEM COLLEGE OF ENGINEERING,"VELACHERY-TAMBARAM MAIN ROAD,
NARAYANAPURAM, PALLIKKARANAI,
CHENNAI-600 100",CHENNAI,Unaided - Private,N,N,1-10612311,fetchdata,2014-2015,Engineering and Technology,1,1,1,1,Tamil Nadu,1
1-2017216735,SRI S.RAMASAMY NAIDU MEMORIAL POLYTECHNIC COLLEGE,VENKATACHALAPURAM,VIRUDHUNAGAR,Unaided - Private,N,N,1-426109571,fetchdata,2014-2015,Engineering and Technology,1,1,1,1,Tamil Nadu,1
1-2017217457,K.L.N. COLLEGE OF INFORMATION TECHNOLOGY,"MADURAI - POTTAPALAYAM-KUSAVAPATTI ROAD,
POTTAPALAYAM VILLAGE,
MANAMADURAI TALUK,
SIVAGANGAI DISTRICT.",SIVAGANGA,Unaided - Private,N,Y,1-4917231,fetchdata,2014-2015,Engineering and Technology,1,1,1,1,Tamil Nadu,1
1-2017217111,TEJAA SHAKTHI INSTITUTE OF TECHNOLOGY FOR WOMEN,"NEAR CHENNIANDAVAR KOIL
NH-47, AVINASHI ROAD
KARUMATHAMPATTI
COIMBATORE 641 659.",COIMBATORE,Unaided - Private,Y,N,1-2906311,fetchdata,2014-2015,Engineering and Technology,1,1,1,1,Tamil Nadu,1
1-2017228384,CPCL POLYTECHNIC COLLEGE,"NEDUNCHEZHIAN SALAI,
MANALI,
CHENNAI-600 068",THIRUVALLUR,Unaided - Private,N,N,1-425559741,fetchdata,2014-2015,Engineering and Technology,1,1,1,1,Tamil Nadu,1
1-2017235848,SRI KARPAGA POLYTECHNIC COLLEGE,"ACHUKATTU VILLAGE, 
OLIMUGAMADPETTAI POST,
KANCHIPURAM",KANCHIPURAM,Unaided - Private,N,N,1-451958991,fetchdata,2014-2015,Engineering and Technology,1,1,1,1,Tamil Nadu,1
1-2017242755,KALASALINGAM INSTITUTE OF TECHNOLOGY,"ANAND NAGAR, 
KRISHNANKOIL,
VIRUDHUNAGAR DIST,
TAMILNADU",VIRUDHUNAGAR,Unaided - Private,N,N,1-5777491,fetchdata,2014-2015,Engineering and Technology,1,1,1,1,Tamil Nadu,1
1-2017153712,BHARATHIDASAN ENGINEERING COLLEGE,"K BANDARAPALLI POST
NATTRAMPALLI
VELLORE DIST - 635 854",VELLORE,Unaided - Private,N,N,1-4439477,fetchdata,2014-2015,Engineering and Technology,1,1,1,1,Tamil Nadu,1
1-2017158969,SRI  NALLALAGHU  NADAR  POLYTECHNIC  COLLEGE,"GNT ROAD,
PUZHAL,
CHENNAI - 66",THIRUVALLUR,Unaided - Private,N,N,1-452668973,fetchdata,2014-2015,Engineering and Technology,1,1,1,1,Tamil Nadu,1
1-2017189246,ELUMALAIPOLYTECHNIC COLLEGE,"4/202,
TRICHY TRUNK ROAD,
NEAR NEW BUS STAND,
SALAMEDU,",VILUPPURAM,Unaided - Private,N,N,1-477970935,fetchdata,2014-2015,Engineering and Technology,1,1,1,1,Tamil Nadu,1
1-2017236089,SREE ARUMUGHAM POLYTECHNIC COLLEGE,"RAJA NAGAR,
VAITHIYANATHAPURAM,
THOLUDUR POST,
TITTAGUDI TALUK",CUDDALORE,Unaided - Private,N,N,1-455561401,fetchdata,2014-2015,Engineering and Technology,1,1,1,1,Tamil Nadu,1
1-2017251496,RAJAJI INSTITUTE OF TECHNOLOGY,"PERIA SEERAGAPADI (B.O),
VEERAPANDI (VIA),
SALEM",SALEM,Unaided - Private,N,N,1-479388911,fetchdata,2014-2015,Engineering and Technology,1,1,1,1,Tamil Nadu,1
1-2017255888,KUMARAGURU COLLEGE OF TECHNOLOGY,CHINNAVEDAMPATTI,COIMBATORE,Unaided - Private,N,N,1-3641071,fetchdata,2014-2015,Engineering and Technology,1,1,1,1,Tamil Nadu,1
1-2017262389,SREE KUMARAGURU POLYTECHNIC COLLEGE,"KUMARAGURU NAGAR,
KOKKARAPATTY (PO),
P.R.PATTY (TK),
GOPINATHAMPATTY CROSS ROAD,",DHARMAPURI,Unaided - Private,N,N,1-446151383,fetchdata,2014-2015,Engineering and Technology,1,1,1,1,Tamil Nadu,1
1-2017160343,SARANATHAN COLLEGE OF ENGINEERING,"VENKATESWARA NAGAR
EDAMALAIPATTIPUDUR POST
PANJAPPUR VILLAGE
SRIRANGAM TALUK",TIRUCHIRAPPALLI,Unaided - Private,N,N,1-4190371,fetchdata,2014-2015,Engineering and Technology,1,1,1,1,Tamil Nadu,1
1-2017167803,MEENAAKSHI RAMASAMY POLYTECHNIC COLLEGE,"M.R KALVI NAGAR,TRICHY MAIN ROAD,THATHANUR(PO),UDAYARPALAYAM(TK),ARIYALUR(DT)621804",ARIYALUR,Unaided - Private,N,N,1-439833891,fetchdata,2014-2015,Engineering and Technology,1,1,1,1,Tamil Nadu,1
1-2017192838,INDIRA INSTITUTE OF ENGINEERING AND TECHNOLOGY,"NO 1 V.G.R NAGAR
V.G.R GARDENS
PANDUR
THIRUVALLUR",THIRUVALLUR,Unaided - Private,N,N,1-10706530,fetchdata,2014-2015,Engineering and Technology,1,1,1,1,Tamil Nadu,1
1-2017206370,SCAD COLLEGE OF ENGINEERING AND TECHNOLOGY,"SCAD COLLEGE OF ENGINEERING AND TECHNOLOGY
SCAD NAGAR
CHERANMAHADEVI
TIRUNELVELI",TIRUNELVELI,Unaided - Private,N,Y,1-4314861,fetchdata,2014-2015,Engineering and Technology,1,1,1,1,Tamil Nadu,1
1-2017207064,TIRUMALA POLYTECHNIC COLLEGE,"NALLAN PILLAIPETRAL VILLAGE
PALLIKONDAPATTU POST
TIRUVANNAMALAI TALUK
TIRUVANNAMALAI DISTRICT
PIN 606611",TIRUVANNAMALAI,Unaided - Private,N,N,1-419944661,fetchdata,2014-2015,Engineering and Technology,1,1,1,1,Tamil Nadu,1
1-2017219823,ADITHYA INSTITUTE OF TECHNOLOGY,"SF NO. 348/1, 349/1,
KURUMBAPALAYAM VILLAGE,
SS KULUM POST,
COIMBATORE",COIMBATORE,University Managed,N,N,1-2013051,fetchdata,2014-2015,Engineering and Technology,1,1,1,1,Tamil Nadu,1
1-2017228745,S.S.K POLYTECHNIC COLLEGE,"TRICHY-DINDUGAL NATIONAL HIGHWAYS, POOLANGULATHUPATTI(PO), AMMAPETTAI, SRIRANGAM (TK),",TIRUCHIRAPPALLI,Unaided - Private,N,N,1-429708841,fetchdata,2014-2015,Engineering and Technology,1,1,1,1,Tamil Nadu,1
1-2017237484,MUTHAYAMMAL POLYTECHNIC COLLEGE,"KAKKAVERI POST ,
RASIPURAM TALUK,
NAMAKKAL DISTRICT,",NAMAKKAL,Unaided - Private,N,N,1-451434901,fetchdata,2014-2015,Engineering and Technology,1,1,1,1,Tamil Nadu,1
1-2017243019,DMI ENGINEERING COLLEGE,"KUMARAPURAM ROAD,
ARALVAIMOZHI,
KANYAKUMARI DIST-629301",KANYAKUMARI,Unaided - Private,N,Y,1-4225700,fetchdata,2014-2015,Engineering and Technology,1,1,1,1,Tamil Nadu,1
1-2017251940,RAJA DESINGH POLYTECHNIC COLLEGE,"RAJA DESINGH POLYTECHNIC COLLEGE
KALAIYUR & POST, GINGEE T.K.,",VILUPPURAM,Unaided - Private,N,N,1-440197611,fetchdata,2014-2015,Engineering and Technology,1,1,1,1,Tamil Nadu,1
1-2017154181,ANNDAVAR POLYTECHNIC COLLEGE,"GOBI - SATHY MAIN ROAD,
KOVAI PIRIVU,
ALUKULLI POST,",ERODE,Unaided - Private,N,N,1-453821961,fetchdata,2014-2015,Engineering and Technology,1,1,1,1,Tamil Nadu,1
1-2017161193,SHRI SITHESWARAR POLYTECHNIC COLLEGE,"KALAVAI ROAD
POONGODU
ARCOT - 632503
VELLORE DISTRICT",VELLORE,Unaided - Private,N,N,1-445034801,fetchdata,2014-2015,Engineering and Technology,1,1,1,1,Tamil Nadu,1
1-2017189707,MAISURII POLYTECHNIC COLLEGE,"NH-47 SANKARI MAIN ROAD,
KANAKAGIRI COLONY,
KAKAPALAYAM POST,
SANKARI TK,
SALEM - 637 504",SALEM,Unaided - Private,N,N,1-424562161,fetchdata,2014-2015,Engineering and Technology,1,1,1,1,Tamil Nadu,1
1-2017222527,R.M.K. COLLEGE OF ENGINEERING AND TECHNOLOGY,"R.S.M. NAGAR
PUDUVOYAL - 601 206
GUMMIDIPOONDI TALUK
THIRUVALLUR DISTRICT
TAMILNADU",THIRUVALLUR,Unaided - Private,N,Y,1-2511917,fetchdata,2014-2015,Engineering and Technology,1,1,1,1,Tamil Nadu,1
1-2017223090,J.J. POLYTECHNIC COLLEGE,"AMMAPETTAI,
POOLANGULATHUPPATTI POST.",TIRUCHIRAPPALLI,Unaided - Private,N,N,1-405756891,fetchdata,2014-2015,Engineering and Technology,1,1,1,1,Tamil Nadu,1
1-2017229080,SRI VENKATESWARA POLYTECHNIC COLLEGE,"PARASUR VILLAGE
CHEYYAR TALUK
THIRUVANNAMALAI DISTRICT",TIRUVANNAMALAI,Unaided - Private,N,N,1-499333761,fetchdata,2014-2015,Engineering and Technology,1,1,1,1,Tamil Nadu,1
1-2017238097,MAHARAJA POLYTECHNIC COLLEGE,"ARALIPATTI VILAKKU,THIRUPPATHUR-DINDIGUL MAIN ROAD,",SIVAGANGA,Unaided - Private,N,N,1-488757261,fetchdata,2014-2015,Engineering and Technology,1,1,1,1,Tamil Nadu,1
1-2017200835,SARASWATHI VELU COLLEGE OF ENGINEERING,"JAMBUKULAM ROAD,
MELVENKATAPURAM
SHOLINGHUR",VELLORE,Unaided - Private,N,N,1-7995581,fetchdata,2014-2015,Engineering and Technology,1,1,1,1,Tamil Nadu,1
1-2017207366,MECHANICAL TRAINING INSTITUTE,"MTI,AIR FORCE STATION TAMBARAM, EAST TAMBARAM",KANCHIPURAM,Government,N,N,1-1443729831,fetchdata,2014-2015,Engineering and Technology,1,1,1,1,Tamil Nadu,1
1-2017211147,SWAMY ABEDHANANDHA POLYTECHNIC COLLEGE,"THELLAR
 
VANDAVASI - TINDIVANAM HIGHWAY",TIRUVANNAMALAI,Unaided - Private,N,N,1-451838221,fetchdata,2014-2015,Engineering and Technology,1,1,1,1,Tamil Nadu,1
1-2017224540,SRI SAKTHI POLYTECHNIC COLLEGE,"CHE.NACHIPATTU  &POST,",TIRUVANNAMALAI,Unaided - Private,N,N,1-437704191,fetchdata,2014-2015,Engineering and Technology,1,1,1,1,Tamil Nadu,1
1-2017244481,PRIYADARSHINI POLYTECHNIC COLLEGE,"BARATH NAGAR, CHETTIYAPPANUR (VILLAGE & POST )
VANIYAMBADI",VELLORE,Unaided - Private,N,N,1-461205761,fetchdata,2014-2015,Engineering and Technology,1,1,1,1,Tamil Nadu,1
1-2017155548,LAXMINARAYANA POLYTECHNIC COLLEGE,"SALEM DHARMAPURI MAIN ROAD, BAGALAHALLI(PO),DHARMAPURI(TK)",DHARMAPURI,Unaided - Private,N,N,1-405934101,fetchdata,2014-2015,Engineering and Technology,1,1,1,1,Tamil Nadu,1
1-2017168155,NARASIMMA PALLAVAN POLYTECHNIC COLLEGE,"THIMMASAMUDRAM VILLAGE,
WHITE GATE
KANCHIPURAM
PIN:631502
TAMILNADU",KANCHIPURAM,Unaided - Private,N,N,1-425987701,fetchdata,2014-2015,Engineering and Technology,1,1,1,1,Tamil Nadu,1
1-2017190067,J.R POLYTECHNIC COLLEGE,"SOORAIKUDIPATTI VILLIAGE
NAGAMANGALAM POST 
ALUNDHUR",TIRUCHIRAPPALLI,Unaided - Private,N,N,1-423137401,fetchdata,2014-2015,Engineering and Technology,1,1,1,1,Tamil Nadu,1
1-2017210031,IMMANUEL ARASAR JJ COLLEGE OF ENGINEERING,"EDAVILAGAM
NATTALAM
MARTHANDAM",KANYAKUMARI,Unaided - Private,N,N,1-12822363,fetchdata,2014-2015,Engineering and Technology,1,1,1,1,Tamil Nadu,1
1-2017220230,UDAYA INSTITUTE OF TECHNOLOGY,"UDAYA NAGAR,
AMMANDI VILAI & POST",KANYAKUMARI,Unaided - Private,N,N,1-425528111,fetchdata,2014-2015,Engineering and Technology,1,1,1,1,Tamil Nadu,1
1-2017220484,ADHI COLLEGE OF ENGINEERING AND TECNOLOGY,"6, MUNU ADHI NAGAR, SANKARAPURAM, PULIAMBAKKAM POST, NEAR WALLAJABAD, KANCHEEPURAM",KANCHIPURAM,Unaided - Private,N,N,1-34863771,fetchdata,2014-2015,Engineering and Technology,1,1,1,1,Tamil Nadu,1
1-2017228096,SRI RAMAKRISHNA POLYTECHNIC COLLEGE,"SRI SARADHA NAGAR,
NH 43",PERAMBALUR,Unaided - Private,N,N,1-456781091,fetchdata,2014-2015,Engineering and Technology,1,1,1,1,Tamil Nadu,1
1-2017229377,NATIONAL ENGINEERING COLLEGE,"K.R.NAGAR, NALATTINPUTHUR, KOVILPATTI, TUTICORIN DISTRICT, TAMILNADU.",THOOTHUKUDI,Unaided - Private,N,N,1-6350609,fetchdata,2014-2015,Engineering and Technology,1,1,1,1,Tamil Nadu,1
1-2017230234,SRI NANDHANAM COLLEGE OF ENGINEERING & TECHNOLOGY,"MOLAGARAMPATTI
TIRUPATTUR",VELLORE,Unaided - Private,N,Y,1-4330451,fetchdata,2014-2015,Engineering and Technology,1,1,1,1,Tamil Nadu,1
1-2017231501,MECHANICAL TRANSPORT TRAINING INSTITUTE,"MECHANICAL TRANSPORT TRAINING INSTITUTE, AIR FORCE STATION AVADI, CHENNAI- 600 055",THIRUVALLUR,Government,N,N,1-1451375411,fetchdata,2014-2015,Engineering and Technology,1,1,1,1,Tamil Nadu,1
1-2017241092,VIDYAA VIKAS COLLEGE OF ENGINEERING AND TECHNOLOGY,"VARAHOORAMPATTI VILLAGE,
TIRUCHENGODE TALUK,
NAMAKKAL DISTRICT,
TAMILNADU.
PIN: 637214",NAMAKKAL,Unaided - Private,N,N,1-4023089,fetchdata,2014-2015,Engineering and Technology,1,1,1,1,Tamil Nadu,1
1-2017243857,SRI ANNAI ABHIRAMI POLYTECHNIC COLLEGE,"PUDUKKOTTAI TO THANJAVUR ROAD,PERUNGALUR(POST),PUDUKKOTTAI,PUDUKKOTTAI-DIST,PIN-622203.",PUDUKKOTTAI,Unaided - Private,N,N,1-448339453,fetchdata,2014-2015,Engineering and Technology,1,1,1,1,Tamil Nadu,1
1-2017258907,MAHALAKSHMI ENGINEERING COLLEGE,"MAHALAKSHMI NAGAR, TRICHY - SALEM MAIN ROAD",TIRUCHIRAPPALLI,Unaided - Private,N,N,1-400503141,fetchdata,2014-2015,Engineering and Technology,1,1,1,1,Tamil Nadu,1
1-2017195397,VELLORE POLYTECHNIC COLLEGE,"OYYATHUR VILLAGE,TIRIMANI POST, KATPADI TALUK, VELLORE",VELLORE,Unaided - Private,N,N,1-484034091,fetchdata,2014-2015,Engineering and Technology,1,1,1,1,Tamil Nadu,1
1-2016304758,SRI AYYAPPA POLYTECHNIC COLLEGE,"AIVADHUGUDI,
ERANJI POST,
VIRUDHACHALAM TALUK,
CUDDALORE DISTRICT.",CUDDALORE,Unaided - Private,N,N,1-446181421,fetchdata,2014-2015,Engineering and Technology,1,1,1,1,Tamil Nadu,1
1-2017212620,THEVANESAM  ERUDHAYA AMMAL POLYTECHNIC COLLEGE,"SF NO 153,154,155 , VEMBER              THOOTHUKUDI DISTRICT,  TAMIL NADU-628906",THOOTHUKUDI,Unaided - Private,N,N,1-458286343,fetchdata,2014-2015,Engineering and Technology,1,1,1,1,Tamil Nadu,1
1-2017213701,SSM INSTITUTE OF ENGINEERING AND TECHNOLOGY,"KUTTATHUPATTI VILLAGE, BEGAMBUR POST, DINDIGUL TALUK, DINDIGUL DISTRICT, TAMILNADU",DINDIGUL,Unaided - Private,N,N,1-415294961,fetchdata,2014-2015,Engineering and Technology,1,1,1,1,Tamil Nadu,1
1-2017230823,KALAIVANAR NSK POLYTECHNIC COLLEGE,"VOC NAGAR
CHENBAGARAMANPUTHOOR",KANYAKUMARI,Unaided - Private,N,N,1-412675211,fetchdata,2014-2015,Engineering and Technology,1,1,1,1,Tamil Nadu,1
1-2017231523,THANAPANDIYAN POLYTECHNIC COLLEGE,"THANAPANDIYAN NAGAR,
AUSTINPATTY ROAD,",MADURAI,Unaided - Private,N,N,1-507374661,fetchdata,2014-2015,Engineering and Technology,1,1,1,1,Tamil Nadu,1
1-2017236419,FRANCIS XAVIER ENGINEERING COLLEGE,"103 G2, BY PASS ROAD,
VANNARPETTAI
TIRUNELVELI - 627 003",TIRUNELVELI,Unaided - Private,N,Y,1-4821331,fetchdata,2014-2015,Engineering and Technology,1,1,1,1,Tamil Nadu,1
1-2017244739,KUMARAN POLYTECHNIC COLLEGE,"ARRIYUR,
MATHIANALLUR(PO)",PUDUKKOTTAI,Unaided - Private,N,N,1-446057201,fetchdata,2014-2015,Engineering and Technology,1,1,1,1,Tamil Nadu,1
1-2017162797,CHAMBER OF COMMERCE MANALI RAMAKRISHNA POLYTECHNIC COLLEGE,"KURUVADI
RAMAPURAM POST",THANJAVUR,Unaided - Private,N,N,1-494595791,fetchdata,2014-2015,Engineering and Technology,1,1,1,1,Tamil Nadu,1
1-2017169482,THE SALEM POLYTECHNIC COLLEGE,"GAJJALNAICKENPATTY,
PANAMARATHUPATTY PIRIVU ROAD,
SALEM.",SALEM,Unaided - Private,N,N,1-425306601,fetchdata,2014-2015,Engineering and Technology,1,1,1,1,Tamil Nadu,1
1-2017190319,SIGA POLYTECHNIC COLLEGE,"#49, TAYLORS ROAD,
KILPAUK",CHENNAI,Unaided - Private,N,Y,1-519326961,fetchdata,2014-2015,Engineering and Technology,1,1,1,1,Tamil Nadu,1
1-2017195675,SAINT MICHAEL'S POLYTECHNIC COLLEGE,"SANTHOSH GARDEN, SANTHAPURAM, VELLANUR, AVADI",THIRUVALLUR,Unaided - Private,N,N,1-450230741,fetchdata,2014-2015,Engineering and Technology,1,1,1,1,Tamil Nadu,1
1-2017202320,SRI VENKATESWARA COLLEGE OF ENGINEEIRNG & TECHNOLOGY,"THIRUPACHUR
THIRUVALLUR TALUK AND DISTRICT",THIRUVALLUR,Unaided - Private,N,Y,1-447612612,fetchdata,2014-2015,Engineering and Technology,1,1,1,1,Tamil Nadu,1
1-2017221104,S.THANGAPAZHAM POLYTECHNIC COLLEGE,"CHINTHAMANIPERI PUTHUR,
AUTHUVAZHI POST,
SIVAGIRI TALUK.",TIRUNELVELI,Unaided - Private,N,N,1-433797571,fetchdata,2014-2015,Engineering and Technology,1,1,1,1,Tamil Nadu,1
1-2017231870,SEMBODAI RUKMANI VARATHARAJAN ENGINEERING COLLEGE,"SEMBODAI-POST,
VEDARANIAM-TK,
NAGAPATTINAM-DT
TAMILNADU-614 820.",NAGAPATTINAM,Unaided - Private,N,N,1-12371754,fetchdata,2014-2015,Engineering and Technology,1,1,1,1,Tamil Nadu,1
1-2017239645,RANGANATHAN POLYTECHNIC COLLEGE,"JAHIRNAICKANPALAYAM,
VIRALIYUR POST,
COIMBATORE",COIMBATORE,Unaided - Private,N,N,1-431206441,fetchdata,2014-2015,Engineering and Technology,1,1,1,1,Tamil Nadu,1
1-2017244064,V.R.S. COLLEGE OF ENGINEERING AND TECHNOLOGY,"ARASUR 
ARASUR & POST
ULUNDURPET TALUK
VILLUPURAM DISTRICT
TAMIL NADU
INDIA
607107",VILUPPURAM,Unaided - Private,N,N,1-3036031,fetchdata,2014-2015,Engineering and Technology,1,1,1,1,Tamil Nadu,1
1-2017157250,SRI RAGAVENDRA POLYTECHNIC COLLEGE,"ROTARY NAGAR, NEW PALLIPALAYAM ROAD, KOMARAPALAYAM, TIRUCHENGODU TALUK, NAMAKKAL DISTRICT.",NAMAKKAL,Unaided - Private,N,N,1-435225131,fetchdata,2014-2015,Engineering and Technology,1,1,1,1,Tamil Nadu,1
1-2017214089,S.R.I. POLYTECHNIC COLLEGE,"MELMARUVATHUR ROAD
BIRUDUR VILLAGE
VANDAVASI TALUK
TIRUVANNAMALAI D.T, PIN-604408",TIRUVANNAMALAI,Unaided - Private,N,N,1-423214147,fetchdata,2014-2015,Engineering and Technology,1,1,1,1,Tamil Nadu,1
1-2017223447,TAMILNADU PHYSICAL EDUCATION AND SPORTS UNIVERSITY,"DEPARTMENT OF SPORTS TECHNOLOGY, 
TAMIL NADU PHYSICAL EDUCATION AND SPORTS UNIVERSITY, MELAKOTTAIYUR, CHENGALPATTU TALUK, KANCHEEPURAM DISTRICT, CHEN",CHENNAI,Government,N,N,1-444215911,fetchdata,2014-2015,Engineering and Technology,1,1,1,1,Tamil Nadu,1
1-2017232250,TAMIZHAN COLLEGE OF ENGINEERING & TECHNOLOGY,"TAMIZHAN NAGER,
CHENBAGARAMANPUTHOOR P.O
KANYAKUMARI DIST,",KANYAKUMARI,Unaided - Private,N,N,1-6706904,fetchdata,2014-2015,Engineering and Technology,1,1,1,1,Tamil Nadu,1
1-2017244977,SHRI SAPTHAGIRI INSTITUTE OF TECHNOLOGY,"381, MBT ROAD, OCHERI, ARAKKONAM TALUK, VELLORE DISTRICT- 632531",VELLORE,Unaided - Private,N,N,1-3638161,fetchdata,2014-2015,Engineering and Technology,1,1,1,1,Tamil Nadu,1
1-2017246827,DHANALAKSHMI SRINIVASAN COLLEGE OF ENGINEERING,"NH-47, PALAKKAD MAIN ROAD
NAVAKKARAI POST
COIMBATORE",COIMBATORE,Unaided - Private,N,N,1-4824541,fetchdata,2014-2015,Engineering and Technology,1,1,1,1,Tamil Nadu,1
1-2017252992,MERIT POLYTECHNIC COLLEGE,KADAYAM - MUKKUDAL ROAD,TIRUNELVELI,Unaided - Private,N,N,1-416002203,fetchdata,2014-2015,Engineering and Technology,1,1,1,1,Tamil Nadu,1
1-2017196103,SRI ARAVINDAR ENGINEERING COLLEGE,"PONDY - MAILAM MAIN ROAD,
SEDARAPET POST,
AKASAMPET,
VANUR TALUK,
VILLUPURAM DISTRICT,
TAMILNADU.",VILUPPURAM,Unaided - Private,N,N,1-5161683,fetchdata,2014-2015,Engineering and Technology,1,1,1,1,Tamil Nadu,1
1-2017203028,CHENNAI INSTITUTE OF TECHNOLOGY,"PUDUPER VILLAGE,NANDAMBAKKAM(PO)",KANCHIPURAM,Unaided - Private,N,N,1-6324891,fetchdata,2014-2015,Engineering and Technology,1,1,1,1,Tamil Nadu,1
1-2017207820,SREE SASTHA COLLEGE OF ENGINEERING,"CHEMBARAMBAKKAM VILLAGE ROAD.,
CHEMBARAMBAKKAM
CHENNAI",THIRUVALLUR,Unaided - Private,N,Y,1-10255711,fetchdata,2014-2015,Engineering and Technology,1,1,1,1,Tamil Nadu,1
1-2016305038,ANNAMALAIAR COLLEGE OF ENGINEERING,"CHETPET-POLUR ROAD
POLUR T.K
THIRUVANNAMALAI DIST",TIRUVANNAMALAI,Unaided - Private,N,N,1-20016232,fetchdata,2014-2015,Engineering and Technology,1,1,1,1,Tamil Nadu,1
1-2017212991,KALAPANDIAN POLYTECHNI COLLEGE,SILLAMARATHUPATTI,THENI,Unaided - Private,N,N,1-473835571,fetchdata,2014-2015,Engineering and Technology,1,1,1,1,Tamil Nadu,1
1-2017223510,GANAPATHY CHETTIAR COLLEGE OF ENGINEERING AND TECHNOLOGY,"MELAKAVANUR(PO)
PARAMAKUDI
RAMANATHAPURAM(DIST)
TAMILNADU",RAMANATHAPURAM,Unaided - Private,N,N,1-33257691,fetchdata,2014-2015,Engineering and Technology,1,1,1,1,Tamil Nadu,1
1-2017254355,BHARATH POLYTECHNIC COLLEGE,"MANICKAMPALAYAM, TIRUCHENGODE (TK)",NAMAKKAL,Unaided - Private,N,N,1-488121675,fetchdata,2014-2015,Engineering and Technology,1,1,1,1,Tamil Nadu,1
1-2017147110,VELAMMAL COLLEGE OF ENGINEERING & TECHNOLOGY,"VELAMMAL NAGAR,
VIRAGANOOR, MADURAI",MADURAI,Unaided - Private,N,N,1-8119871,fetchdata,2014-2015,Engineering and Technology,1,1,1,1,Tamil Nadu,1
1-2017157719,SRIRAM ENGINEERING COLLEGE,"PERUMALPATTU, VEPPAMPATTU R.S.
TIRUVALLUR DISTRICT  602 024",THIRUVALLUR,Unaided - Private,N,Y,1-2931121,fetchdata,2014-2015,Engineering and Technology,1,1,1,1,Tamil Nadu,1
1-2017163103,SRI MUTHUKUMARAN INSTITUTE OF TECHNOLOGY,"CHIKKARAYAPURAM
NEAR MANGADU
CHENNAI-600 069.",KANCHIPURAM,Unaided - Private,N,Y,1-12940021,fetchdata,2014-2015,Engineering and Technology,1,1,1,1,Tamil Nadu,1
1-2017169912,S.M.S POLYTECHNIC COLLEGE,"KALLAMANAICKANPATTI
SIVAKASI - TALUK
VIRUDHUNAGAR - DISTRICT",VIRUDHUNAGAR,Unaided - Private,N,N,1-429391671,fetchdata,2014-2015,Engineering and Technology,1,1,1,1,Tamil Nadu,1
1-2017190591,SRI RENGA POLYTECHNIC COLLEGE,"3/169, CHENNAI BY PASS,
SIRUGANUR",TIRUCHIRAPPALLI,Unaided - Private,N,N,1-501105191,fetchdata,2014-2015,Engineering and Technology,1,1,1,1,Tamil Nadu,1
1-2017208070,JAYAM POLYTECHNIC COLLEGE,"NALLANUR VILLAGE, KONANGIHALLI POST, PENNAGARAM TALUK",DHARMAPURI,Unaided - Private,N,N,1-444208811,fetchdata,2014-2015,Engineering and Technology,1,1,1,1,Tamil Nadu,1
1-2017214363,SRI BALAKRISHNA POLYTECHNIC COLLEGE,"OPP. SALEM AIRPORT,  NH-7, KUPPUR, OMALUR(T.K),SALEM(D.T)-636 309",SALEM,Unaided - Private,N,N,1-461126651,fetchdata,2014-2015,Engineering and Technology,1,1,1,1,Tamil Nadu,1
1-2017224813,JAMES COLLEGE OF ENGINEERING AND TECHNOLOGY,"JAMESPURAM,
NAVALKADU,
ESANTHIMANGALAMPOST,
KANYAKUMARI DISTRICT - 629852.",KANYAKUMARI,Unaided - Private,N,N,1-2023597,fetchdata,2014-2015,Engineering and Technology,1,1,1,1,Tamil Nadu,1
1-2017226554,DHAANISH AHMED INSTITUTE OF TECHNOLOGY,PICHANUR VILLAGE,COIMBATORE,Unaided - Private,N,N,1-1448217351,fetchdata,2014-2015,Engineering and Technology,1,1,1,1,Tamil Nadu,1
1-2017232660,PMR ENGINEERING COLLEGE,"ADAYALAMPATTU,
CHENNAI-95",THIRUVALLUR,Unaided - Private,N,Y,1-16638665,fetchdata,2014-2015,Engineering and Technology,1,1,1,1,Tamil Nadu,1
1-2017255218,TAMILNADU POLYTECHNIC COLLEGE,"TPK ROAD 
MADURAI",MADURAI,Government,N,N,1-506518011,fetchdata,2014-2015,Engineering and Technology,1,1,1,1,Tamil Nadu,1
1-2017176920,A.R.J COLLEGE OF ENGINEERING AND TECHNOLOGY,"THIRUMAKKOTTAI MAIN ROAD
EDAYARNATHAM VILLAGE",THIRUVARUR,Unaided - Private,N,N,1-4252413,fetchdata,2014-2015,Engineering and Technology,1,1,1,1,Tamil Nadu,1
1-2017197534,J.P. COLLEGE OF ENGINEERING,"COLLEGE ROAD
AYIKUDY
TENKASI
TIRUNELVELI DIST
TAMILNADU
PIN - 627852",TIRUNELVELI,Unaided - Private,N,Y,1-2819861,fetchdata,2014-2015,Engineering and Technology,1,1,1,1,Tamil Nadu,1
1-2017204423,VOICE OF GOD POLYTECHNIC COLLEGE,DEVARAYAPURAM POST,NAMAKKAL,Unaided - Private,N,N,1-440311961,fetchdata,2014-2015,Engineering and Technology,1,1,1,1,Tamil Nadu,1
1-2017225483,G K M COLLEGE OF ENGINEERING AND TECHNOLOGY,"G K M NAGAR
ALAPPAKKAM - MAPPEDU ROAD
NEW PERUGALATHUR
CHENNAI -600063.",KANCHIPURAM,Unaided - Private,N,N,1-2496711,fetchdata,2014-2015,Engineering and Technology,1,1,1,1,Tamil Nadu,1
1-2017233270,M.P.NACHIMUTHU M.JAGANATHAN ENGINEERING COLLEGE,"CHENNIMALAI, ERODE - 638 112.",ERODE,Unaided - Private,N,N,1-5323603,fetchdata,2014-2015,Engineering and Technology,1,1,1,1,Tamil Nadu,1
1-2017239878,VETHATHIRI MAHARISHI INSTITUE OF TECHNOLOGY,"KODIVALASAI VILLAGE, ATHIMANJERIPET,
PALLIPET ROAD.",THIRUVALLUR,Unaided - Private,N,N,1-451819501,fetchdata,2014-2015,Engineering and Technology,1,1,1,1,Tamil Nadu,1
1-2017247332,BHARATHIYAR INSTITUTE OF ENGINEERING FOR WOMEN,"43/3, DEVIYAKURICHI - 636 112
ATTUR TK,
SALEM DT.",SALEM,Unaided - Private,Y,N,1-4229501,fetchdata,2014-2015,Engineering and Technology,1,1,1,1,Tamil Nadu,1
1-2017151858,HI-TECH POLYTECHNIC COLLEGE,"SAMUGARANGAPURAM
RADHAPURAM TALUK
TIRUNELVELI DISTRICT",TIRUNELVELI,Unaided - Private,N,Y,1-501779781,fetchdata,2014-2015,Engineering and Technology,1,1,1,1,Tamil Nadu,1
1-2017158378,GOVERNMENT POLYTECHNIC COLLEGE,"CIVIL AERODROME POST,
AVINASHI ROAD",COIMBATORE,Government,N,N,1-455756111,fetchdata,2014-2015,Engineering and Technology,1,1,1,1,Tamil Nadu,1
1-2017163966,THIRUVALLUVAR POLYTECHNIC COLLEGE,"KALIPALAYAM
VEERAPANDI(VIA)
COIMBATORE.",COIMBATORE,Unaided - Private,N,N,1-429407261,fetchdata,2014-2015,Engineering and Technology,1,1,1,1,Tamil Nadu,1
1-2017170156,VICKRAM COLLEGE OF ENGINEERING,"SREENIVASA GARDENS, MADURAI SIVAGANGAI ROAD,
ENATHI.",SIVAGANGA,Unaided - Private,N,N,1-39624141,fetchdata,2014-2015,Engineering and Technology,1,1,1,1,Tamil Nadu,1
1-2017171648,AL AMEEN POLYTECHNIC COLLEGE,"KARUNDEVANPALAYAM,
NANJAI UTHUKKULI (PO),
ERODE.",ERODE,Unaided - Private,N,N,1-410915017,fetchdata,2014-2015,Engineering and Technology,1,1,1,1,Tamil Nadu,1
1-2017172056,AAROORAN POLYTECHNIC COLLEGE,"MAYILADUTHURAI MAIN ROAD,
SORAKKUDI,
KANGALANCHERI (PO)
NANNILAM(TK) THIRUVARUR",THIRUVARUR,Unaided - Private,N,N,1-455832283,fetchdata,2014-2015,Engineering and Technology,1,1,1,1,Tamil Nadu,1
1-2017187044,INFO INSTITUTE OF ENGINEERING,"S F NO.194-200, N.H.209, SATHY ROAD,
SARAKARSAMAKULAM, KOVILPALAYAM,
COIMBATORE-641107.",COIMBATORE,Unaided - Private,N,N,1-5978774,fetchdata,2014-2015,Engineering and Technology,1,1,1,1,Tamil Nadu,1
1-2017210380,LAKSHMI  SUBRAMANIAN POLYTECHNIC COLLEGE,MELAKKAL,MADURAI,Unaided - Private,N,N,1-474205681,fetchdata,2014-2015,Engineering and Technology,1,1,1,1,Tamil Nadu,1
1-2017215292,SRI NANDHANAM POLYTECHNIC COLLEGE,"MOLAGARAMPATTI,TIRUPATTUR-635601",VELLORE,Unaided - Private,N,Y,1-473846691,fetchdata,2014-2015,Engineering and Technology,1,1,1,1,Tamil Nadu,1
1-2017227489,RAASI POLYTECHNIC COLLEGE,"68/2, ATTUR MAIN ROAD, AAYILPATTY (POST), RASIPURAM (TK), NAMAKKAL (DT.)",NAMAKKAL,Unaided - Private,N,N,1-426093581,fetchdata,2014-2015,Engineering and Technology,1,1,1,1,Tamil Nadu,1
1-2017233154,THIRUMALAI MADHANUR POLYTECHNIC COLLEGE,"MADHANUR-AGARAM ROAD,THIRUMALAIKUPPAM VILLAGE, PALUR POST",VELLORE,Unaided - Private,N,N,1-455503501,fetchdata,2014-2015,Engineering and Technology,1,1,1,1,Tamil Nadu,1
1-2017240435,SRI BHARATHI POLYTECHNIC COLLEGE FOR WOMEN,"KAIKKURICHI (POST),
ALANGUDI(TK),
ARANTHANGI ROAD",PUDUKKOTTAI,Unaided - Private,Y,N,1-498658531,fetchdata,2014-2015,Engineering and Technology,1,1,1,1,Tamil Nadu,1
1-2017255531,SRI RENUGAMBAL POLYTECHNIC COLLEGE,"C.C ROAD,
ETTIVADI,
POLUR TALUK,
T.V. MALAI DT.",TIRUVANNAMALAI,Unaided - Private,N,N,1-457079051,fetchdata,2014-2015,Engineering and Technology,1,1,1,1,Tamil Nadu,1
1-2017175351,C.K. COLLEGE OF ENGINEERING & TECHNOLOGY,"JAYARAM NAGAR, CHELLANGKUPPAM, 

CUDDALORE,

TAMILNADU - 607 003",CUDDALORE,Unaided - Private,N,N,1-4294856,fetchdata,2014-2015,Engineering and Technology,1,1,1,1,Tamil Nadu,1
1-2017209370,CENTRAL POLYTECHNIC COLLEGE,"CIT CAMPUS, 
THARAMANI",CHENNAI,Government,N,N,1-453814511,fetchdata,2014-2015,Engineering and Technology,1,1,1,1,Tamil Nadu,1
1-2017214716,K RAMAKRISHNAN COLLEGE OF TECHNOLOGY,"KARIYAMANICKAM ROAD, MANNACHANALLUR TALUK",TIRUCHIRAPPALLI,Unaided - Private,N,N,1-1209121,fetchdata,2014-2015,Engineering and Technology,1,1,1,1,Tamil Nadu,1
1-2017226644,THE KARUR POLYTECHNIC COLLEGE,"SANJAY NAGAR
KARUR-ERODE MAIN ROAD
ATHUR-POST
KARUR-DISTRICT
TAMIL NADU",KARUR,Unaided - Private,N,N,1-412750281,fetchdata,2014-2015,Engineering and Technology,1,1,1,1,Tamil Nadu,1
1-2017234497,THAMIRABHARANI ENGINEERING COLLEGE,"WARD-1 THATCHANALLUR,
CHATTIRAM PUTHUKULLAM VILLAGE,
VEPAKULLAM -CHIDHABRA NAGAR ROAD",TIRUNELVELI,Unaided - Private,N,N,1-441567601,fetchdata,2014-2015,Engineering and Technology,1,1,1,1,Tamil Nadu,1
1-2017240147,MAHARAJA ENGINEERING COLLEGE FOR WOMEN,"MAHARAJA ENGINEERING COLLEGE FOR WOMEN, ERODE ROAD, PERUNDURAI.",ERODE,Unaided - Private,Y,N,1-4066271,fetchdata,2014-2015,Engineering and Technology,1,1,1,1,Tamil Nadu,1
1-2017248779,SRI RENGESWARAR POLYTECHNIC COLLEGE,"3/333,
POTTIREDDIPATTI POST,
NAMAKKAL DISTRICT.",NAMAKKAL,Unaided - Private,N,N,1-446140711,fetchdata,2014-2015,Engineering and Technology,1,1,1,1,Tamil Nadu,1
1-2017254717,CHRISTIAN COLLEGE OF ENGINEERING AND TECHNOLOGY,"CHRISTIAN COLLEGE OF ENGINEERING AND TECHNOLOGY,
NEAR CHECK POST,
ODDANCHATRAM - 624 619,
DINDIGUL DISTRICT,
TAMILNADU.",DINDIGUL,Unaided - Private,N,Y,1-4661491,fetchdata,2014-2015,Engineering and Technology,1,1,1,1,Tamil Nadu,1
1-2017165371,AL-AMEEN ENGINEERING COLLEGE,"KARUNDEVANPALAYAM,
NANJAI UTHUKKULI (POST)
ERODE,
ERODE DISTRICT,
PINCODE-638104
TAMIL NADU",ERODE,Unaided - Private,N,Y,1-3762161,fetchdata,2014-2015,Engineering and Technology,1,1,1,1,Tamil Nadu,1
1-2017175925,AMMAIAPPAR POLYTECHNIC COLLEGE,"PUTHUR- MEENATCHIYAPURAM ROAD,
MEENATCHIYAPURAM",VIRUDHUNAGAR,Unaided - Private,N,N,1-1437395791,fetchdata,2014-2015,Engineering and Technology,1,1,1,1,Tamil Nadu,1
1-2017190957,SHRI KRISHNA POLYTECHNIC COLLEGE,"R.GOBINATHAMPATTY POST, 
HARUR TALUK,
DHARMAPURI DISTRICT",DHARMAPURI,Unaided - Private,N,N,1-476099451,fetchdata,2014-2015,Engineering and Technology,1,1,1,1,Tamil Nadu,1
1-2017210590,UDHAYAM POLYTECHNIC COLLEGE,"THENKUDA, THANGACHIMADAM",RAMANATHAPURAM,Unaided - Private,N,N,1-457956483,fetchdata,2014-2015,Engineering and Technology,1,1,1,1,Tamil Nadu,1
1-2017216278,SHREE SATHYAM COLLEGE OF ENGINEERING AND TECHNOLOGY,"MANJAKKALPATTI
KUPPANUR. POST
SANKARI.TALUK
SALEM. DISTRICT",SALEM,Unaided - Private,N,N,1-464456581,fetchdata,2014-2015,Engineering and Technology,1,1,1,1,Tamil Nadu,1
1-2017227841,THAAI POLYTECHNIC COLLEGE,"UNION OFFICE ROAD, NEERATHAN",MADURAI,Unaided - Private,N,N,1-521025701,fetchdata,2014-2015,Engineering and Technology,1,1,1,1,Tamil Nadu,1
1-2017234124,KARPAGAM INSTITUTE OF TECHNOLOGY,"KARPAGAM INSTITUTE OF TECHNOLOGY
S.F.NO:247,248. L&T BYPASS ROAD
SEERAPALAYAM VILLAGE
BODIPALAYAM POST
COIMBATORE - 641 105
TAMILNADU",COIMBATORE,Unaided - Private,N,N,1-8932081,fetchdata,2014-2015,Engineering and Technology,1,1,1,1,Tamil Nadu,1
1-2017240697,THE CHRISTIAN INSTITUTE FOR TECHNICAL EDUCATION (POLYTECHNIC COLLEGE),"CHRISTIAN POLYTECHNIC COLLEGE, NEAR CHECK POST, ODDANCHATRAM - 624 619, DINDIGUL DIST, TAMILNADU.",DINDIGUL,Unaided - Private,N,Y,1-441418921,fetchdata,2014-2015,Engineering and Technology,1,1,1,1,Tamil Nadu,1
1-2017248007,DPC POLYTECHNIC COLLEGE,"CHETTIAR KADAI BUS STOP
PAGALPATTI-PO
SALEM-DT",SALEM,Unaided - Private,N,N,1-437352431,fetchdata,2014-2015,Engineering and Technology,1,1,1,1,Tamil Nadu,1
1-2017152115,M.A.R. COLLEGE OF ENGINEERING AND TECHNOLOLGY,"TRICHY - VIRALIMALAI MAIN ROAD
BOOTHAKUDI, RASANAICKENPATTY PO,
ILLUPPUR TALUK,
PUDUKKOTTAI DISTRICT,
621 316.
TAMIL NADU.",PUDUKKOTTAI,Unaided - Private,N,Y,1-7158603,fetchdata,2014-2015,Engineering and Technology,1,1,1,1,Tamil Nadu,1
1-2017158610,370 PALLAVAN POLYTECHNIC COLLEGE,"KOLIVAKKAM,
IYYENGARKULAM,
KANCHIPURAM DISTRICT",KANCHIPURAM,Unaided - Private,N,N,1-431033065,fetchdata,2014-2015,Engineering and Technology,1,1,1,1,Tamil Nadu,1
1-2017165813,PADALESUWARAR POLYTECHNIC COLLEGE,"K. K. NAGAR
VANNARAPALAYAM
CUDDALORE",CUDDALORE,Unaided - Private,N,N,1-458309533,fetchdata,2014-2015,Engineering and Technology,1,1,1,1,Tamil Nadu,1
1-2017175987,SRI BHARATHI ENGINEERING COLLEGE FOR WOMEN,"ARANTHANGI ROAD,KAIKURICHI
ALANGUDI TALUK,
PUDUKKOTTAI DT,622 303",PUDUKKOTTAI,Unaided - Private,Y,N,1-18911704,fetchdata,2014-2015,Engineering and Technology,1,1,1,1,Tamil Nadu,1
1-2017187990,SRI RAMANA MAHARISHI COLLEGE OF ENGINEERING,"THUMBAI VILLAGE,CHEYYAR TALUK, THIRUVANNAMALAI DISTRICT,TAMIL NADU. PIN CODE 604407",TIRUVANNAMALAI,Unaided - Private,N,N,1-5127303,fetchdata,2014-2015,Engineering and Technology,1,1,1,1,Tamil Nadu,1
1-2017204854,JEYA POLYTECHNIC COLLEGE,"KAMARAJ NAGAR, SAKKAMALPURAM, SAWYERPURAM POST.",THOOTHUKUDI,Unaided - Private,N,N,1-431834421,fetchdata,2014-2015,Engineering and Technology,1,1,1,1,Tamil Nadu,1
1-2017226943,P.T.LEE CHENGALVARAYA NAICKER COLLEGE OF ENGINEERING & TECHNOLOGY,"OOVERY,
VELIYUR POST,
KANCHIPURAM,
KANCHIPURAM DT.
PIN : 631 502.
TAMIL NADU,
SOUTH INDIA.",KANCHIPURAM,Unaided - Private,N,N,1-8155938,fetchdata,2014-2015,Engineering and Technology,1,1,1,1,Tamil Nadu,1
1-2017234838,MEENAKSHI AMMAL POLYTECHNIC COLLEGE,MALLIYANKARANAI,KANCHIPURAM,Unaided - Private,N,Y,1-464322751,fetchdata,2014-2015,Engineering and Technology,1,1,1,1,Tamil Nadu,1
1-2017255173,AVS ENGINEERING COLLEGE,"MILITARY ROAD,
AMMAPET,
SALEM",SALEM,Unaided - Private,N,N,1-2012681,fetchdata,2014-2015,Engineering and Technology,1,1,1,1,Tamil Nadu,1
1-2017166049,KRISHNASAMY COLLEGE OF ENGINEERING & TECHNOLOGY,"NELLIKUPPAM MAIN ROAD,
S. KUMARAPURAM,
CUDDALORE,
TAMIL NADU,
SOUTH INDIA",CUDDALORE,Unaided - Private,N,Y,1-7482741,fetchdata,2014-2015,Engineering and Technology,1,1,1,1,Tamil Nadu,1
1-2017176338,ARIGNAR ANNA INSTITUTE OF SCIENCE AND TECHNOLOGY,"PENNALUR,
SRIPERUMBUDUR - 602 105,
KANCHEEPURAM DIST,
TAMILNADU.",KANCHIPURAM,Unaided - Private,N,N,1-4193903,fetchdata,2014-2015,Engineering and Technology,1,1,1,1,Tamil Nadu,1
1-2183040621,SSM COLLEGE OF ENGINEERING,"NH-47 SALEM MAIN ROAD,
KOMARAPALAYAM
NAMKKAL DISTRICT",NAMAKKAL,Unaided - Private,N,N,1-2737891,fetchdata,2014-2015,Engineering and Technology,1,1,1,1,Tamil Nadu,1
1-2018585859, SONA COLLEGE OF TECHNOLOGY,"SONA NAGAR, 
THIAGARAJAR POLYTECHNIC COLLEGE ROAD, 
SURAMANGALAM (PO), 
SALEM DISTRICT, 
TAMILNADU",SALEM,Unaided - Private,N,N,1-14145641,fetchdata,2014-2015,Engineering and Technology,1,1,1,1,Tamil Nadu,1
1-2018587195,MURUGAPPA POLYTECHNIC COLLEGE,"SATHYAMURTHY NAGAR
AVADI
CHENNAI-600 062",THIRUVALLUR,Govt aided,N,N,1-420973431,fetchdata,2014-2015,Engineering and Technology,1,1,1,1,Tamil Nadu,1
1-2017411422,SALEM KONGU POLYTECHNIC COLLEGE,"6/34, THIRUCHENGODU MAIN ROAD, ARIYANOOR, VEERAPANDI (PO), SALEM (DT)",SALEM,Unaided - Private,N,N,1-435613801,fetchdata,2014-2015,Engineering and Technology,1,1,1,1,Tamil Nadu,1
1-2017385248,DR.MAHALINGAM COLLEGE OF ENGINEERING AND TECHNOLOGY,"MACKKINAICKENPATTI (POST),
UDUMALAI ROAD,
POLLACHI 642003",COIMBATORE,Unaided - Private,N,N,1-5756261,fetchdata,2014-2015,Engineering and Technology,1,1,1,1,Tamil Nadu,1
1-2017386438,KONGU ENGINEERING COLLEGE,"PERUNDURAI RAILWAY STATION ROAD, 
THOPPUPALAYAM
PERUNDURAI, ERODE - 638 052",ERODE,Unaided - Private,N,N,1-3589631,fetchdata,2014-2015,Engineering and Technology,1,1,1,1,Tamil Nadu,1
1-2017389617,SELVAM COLLEGE OF TECHNOLOGY,"SELVAM COLLEGE OF TECHNOLOGY, PONNUSAMY NAGAR,
PAPPINAICKENPATTI,
SALEM ROAD - NH-7,
NAMAKKAL",NAMAKKAL,Unaided - Private,N,N,1-4579266,fetchdata,2014-2015,Engineering and Technology,1,1,1,1,Tamil Nadu,1
1-2017390261,ER. PERUMAL MANIMEKALAI POLYTECHNIC COLLEGE,"17TH KM HOSUR - KRISHNAGIRI ROAD,
NH7, 101, NALLAGANAKOTHAPALLI, SHOLLAGIRI POST, 
HOSUR TALUK,
KRISHNAGIRI DIST
PIN 635117",KRISHNAGIRI,Unaided - Private,N,Y,1-451556641,fetchdata,2014-2015,Engineering and Technology,1,1,1,1,Tamil Nadu,1
1-2017411773,SREE NARAYANA GURU POLYTECHNIC COLLEGE,SREE NARAYANA GURU NAGAR,COIMBATORE,Unaided - Private,N,N,1-439892161,fetchdata,2014-2015,Engineering and Technology,1,1,1,1,Tamil Nadu,1
1-2017390645,SRI KRISHNA COLLEGE OF ENGINEERING AND TECHNOLOGY,"SUGUNAPURAM
KUNIAMUTHUR POST
COIMBATORE - 641 008",COIMBATORE,Unaided - Private,N,N,1-3955612,fetchdata,2014-2015,Engineering and Technology,1,1,1,1,Tamil Nadu,1
1-2017421036,OXFORD ENGINEERING COLLEGE,PIRATTIYUR,TIRUCHIRAPPALLI,Unaided - Private,N,N,1-6539141,fetchdata,2014-2015,Engineering and Technology,1,1,1,1,Tamil Nadu,1
1-2017426831,SRI MOOGAMBIGAI POLYTECHNIC COLLEGE,"HOSUR MAIN ROAD,MADHAMPATTI,
NEAR VELLICHANDHAI, DHANDUKARANAHALLI- POST",DHARMAPURI,Unaided - Private,N,N,1-423179251,fetchdata,2014-2015,Engineering and Technology,1,1,1,1,Tamil Nadu,1
1-2017393435,SRI VENKATESVARA POLYTECHNIC COLLEGE," ARANTHANGI ROAD, KAIKURICHI, PUDUKKOTTAI",PUDUKKOTTAI,Unaided - Private,N,N,1-494311941,fetchdata,2014-2015,Engineering and Technology,1,1,1,1,Tamil Nadu,1
1-2017414380,IDHAYA ENGINEERING COLLEGE FOR WOMEN,"NAINARPALAYAM ROAD 
CHINNA SALEM
VILLUPURAM DT",VILUPPURAM,Unaided - Private,Y,Y,1-10765421,fetchdata,2014-2015,Engineering and Technology,1,1,1,1,Tamil Nadu,1
1-2017414865,SUN POLYTECHNIC COLLEGE,"SUN NAGAR
ERACHAKULAM",KANYAKUMARI,Unaided - Private,N,N,1-444205261,fetchdata,2014-2015,Engineering and Technology,1,1,1,1,Tamil Nadu,1
1-2017422841,V.J.P. POLYTECHNIC COLLEGE,TRICHY-CHENNAI HIGHWAYS,TIRUCHIRAPPALLI,Unaided - Private,N,N,1-456809141,fetchdata,2014-2015,Engineering and Technology,1,1,1,1,Tamil Nadu,1
1-2017405207,ARCHANA INSTITUTE OF TECHNOLOGY,"NH-7, SALEM MAIN ROAD
THIMMAPURAM
KRISHNAGIRI ( TALUK & DISTRICT)",KRISHNAGIRI,Unaided - Private,N,N,1-3483543,fetchdata,2014-2015,Engineering and Technology,1,1,1,1,Tamil Nadu,1
1-2017416922,ARINGER ANNA COLLEGE OF ENGINEERING AND TECHNOLOGY,"SF.NO.145/1A1,METTUPATTY VILLAGE,PALANI TALUK,DINDIGUL DIST, TAMILNADU",DINDIGUL,Unaided - Private,N,N,1-1484495891,fetchdata,2014-2015,Engineering and Technology,1,1,1,1,Tamil Nadu,1
1-2017424392,SRI VENKATESHWARAA POLYTECHNIC COLLEGE,"PAPINAYAKANAHALI VILLAGE
SOGATHUR POST
DHARMAPURI",DHARMAPURI,Unaided - Private,N,N,1-434093371,fetchdata,2014-2015,Engineering and Technology,1,1,1,1,Tamil Nadu,1
1-2017405863,ADHITHYA POLYTECHNIC COLLEGE,"S197 & 198,
RAMAKOODAL,
PULLAGOUNDAMPATTI(POST)
THEVUR(VIA),
SANKARI(TK),
SALEM(DT).",SALEM,Unaided - Private,N,N,1-481878661,fetchdata,2014-2015,Engineering and Technology,1,1,1,1,Tamil Nadu,1
1-2017417002,ARULMIGU PALANIANDAVAR POLYTECHNIC COLLEGE,"DINDUGAL ROAD
PALANI - 624601
TAMILNADU",DINDIGUL,Govt aided,N,N,1-435399441,fetchdata,2014-2015,Engineering and Technology,1,1,1,1,Tamil Nadu,1
1-2017418429,INFANT JESUS POLYTECHNC COLLEGE,"K.KALLIKUDI
RAMJEE NAGAR
TRICHY 620009",TIRUCHIRAPPALLI,Unaided - Private,N,N,1-433907341,fetchdata,2014-2015,Engineering and Technology,1,1,1,1,Tamil Nadu,1
1-2017418803,VAANI POLYTECHNIC COLLEGE,"BETHAKALLUPALLI VILLAGE
THEKKUPATTU POST
AMBALUR VIA",VELLORE,Unaided - Private,N,N,1-455571083,fetchdata,2014-2015,Engineering and Technology,1,1,1,1,Tamil Nadu,1
1-2017424736,INSTITUTE OF TOOL ENGINEERING,"S.R.MILLS ROAD,
NEAR SIDCO INDUSTRIAL ESTATE,",DINDIGUL,Government,N,N,1-512465051,fetchdata,2014-2015,Engineering and Technology,1,1,1,1,Tamil Nadu,1
1-2017406169,APOLLO ENGINEERING COLLEGE,"MEVALOORKUPPAM, VALARPURAM POST, SRIPERUMBUDUR TALUK, KANCHIPURAM DISTRICT, TAMILNADU.",KANCHIPURAM,Unaided - Private,N,N,1-28447791,fetchdata,2014-2015,Engineering and Technology,1,1,1,1,Tamil Nadu,1
1-2017419076,GURU RAAGAVINDRA POLYTECHNIC COLLEGE,"VEPPOOR VILLAGE,
KATPADI TALUK,",VELLORE,Unaided - Private,N,N,1-445053081,fetchdata,2014-2015,Engineering and Technology,1,1,1,1,Tamil Nadu,1
1-2017424811,ARULMIGU KALLALAKAR POLYTECHNIC COLLEGE,"RATHINAM NAGAR, ATTUKULAM",MADURAI,Unaided - Private,N,N,1-492953871,fetchdata,2014-2015,Engineering and Technology,1,1,1,1,Tamil Nadu,1
1-2017408017,APOLLO SUBBULAKSHMI POLYTECHNIC COLLEGE,"KUNNATHUR VILLAGE, ILLUPUR, PUDUKKOTTAI DISTRICT",PUDUKKOTTAI,Unaided - Private,N,N,1-455259971,fetchdata,2014-2015,Engineering and Technology,1,1,1,1,Tamil Nadu,1
1-2017420287,K E T POLYTECHNIC COLLEGE,"CHINNAPANAMUTLU VILLAGE, ANCHOOR POST, T.V. MALAI N.H 66, KRISHNAGIRI",KRISHNAGIRI,Unaided - Private,N,N,1-462883441,fetchdata,2014-2015,Engineering and Technology,1,1,1,1,Tamil Nadu,1
1-2017425026,GOVERNMENT POLYTECHNIC COLLEGE TIRUCHIRAPPALLI,"THUVAKKUDI MALAI
TIRUCHIRAPPALII",TIRUCHIRAPPALLI,Government,N,N,1-439920471,fetchdata,2014-2015,Engineering and Technology,1,1,1,1,Tamil Nadu,1
1-2017409357,APOLLO POLYTECHNIC COLLEGE,"PANRUTTI VILLAGE NEAR ORAGADAM KOOT ROAD, THENNERI VIA, VANDALORE, KANCHIPURAM-631 604",KANCHIPURAM,Unaided - Private,N,N,1-455858691,fetchdata,2014-2015,Engineering and Technology,1,1,1,1,Tamil Nadu,1
1-2017426428,DR DHARMAMBAL GOVT POLYTECHNIC COLLEGE FOR WOMEN,"THARAMANI
CHENNAI-600113",CHENNAI,Government,Y,N,1-433844241,fetchdata,2014-2015,Engineering and Technology,1,1,1,1,Tamil Nadu,1
1-2017409870,APOLLO PRIYADARSHANAM INSTITUTE OF TECHNOLOGY,"PANRUTTI, NEAR ORAGADAM JUNCTION, SRIPERUMBUDUR TALUK,KANCHIPURAM DT, TAMIL NADU",KANCHIPURAM,Unaided - Private,N,N,1-7676341,fetchdata,2014-2015,Engineering and Technology,1,1,1,1,Tamil Nadu,1
1-2016218664,SREE VARI MAYASUDHAN COLLEGE OF POLYTECHNIC,"IDAYAR KUDI IRRUPPU, PARTHIBANUR[P0ST]  PIN 623608 PARAMAKUDI[TALUK],RAMANATHAPURAM[DISTRICT] TAMIL NADU",RAMANATHAPURAM,Unaided - Private,N,N,1-501464161,fetchdata,2014-2015,Engineering and Technology,1,1,1,1,Tamil Nadu,1
1-2197135511,INDIAN INSTITUTE OF CROP PROCESSING TECHNOLOGY,"MINISTRY OF FOOD PROCESSING INDUSTRIES, GOVERNEMNT OF INDIA, PUDUKOTTAI ROAD, THANJAVUR-613005, TAMIL NADU",THANJAVUR,Government,N,N,,fetchdata,2014-2015,Engineering and Technology,1,1,1,1,Tamil Nadu,1
1-2060195521,OMM MURUGA POLYTECHNIC COLLEGE,"POTTAVELI VILLAGE,
VIRUPATCHI (PO),
KURINJIPADI",CUDDALORE,Unaided - Private,N,N,,fetchdata,2014-2015,Engineering and Technology,1,1,1,1,Tamil Nadu,1
1-2059146721,JCT POLYTECHNIC COLLEGE,"PICHANUR,
COIMBATORE SOUTH TALUK,
COIMBATORE-641105",COIMBATORE,Unaided - Private,N,N,,fetchdata,2014-2015,Engineering and Technology,1,1,1,1,Tamil Nadu,1
1-2071188253,VELUDAIYAR POLYTECHNIC COLLEGE,"PAVUKKARA ST, NEW ROAD, AMMAIYAPPAN, KODAVASAL TK",THIRUVARUR,Unaided - Private,N,N,1-450152041,fetchdata,2014-2015,Engineering and Technology,1,1,1,1,Tamil Nadu,1
1-2196350581,JAYAMATHA ENGINEERING COLLEGE,"THIRURAJAPURAM
MUPPANDAL
ARALVAIMOZHI",KANYAKUMARI,Unaided - Private,N,Y,1-11931373,fetchdata,2014-2015,Engineering and Technology,1,1,1,1,Tamil Nadu,1
1-2196354041,ODAIYAPPA COLLEGE OF ENGINEERING AND TECHNOLOGY,"P.T.R.PALANIVEL RAJAN NAGAR,
VADAPUTHUPATTY PANCHYAT,
KUNNUR (PO),",THENI,Unaided - Private,N,N,1-421807411,fetchdata,2014-2015,Engineering and Technology,1,1,1,1,Tamil Nadu,1
1-2196357382,EXCEL COLLEGE OF TECHNOLOGY,"NH 47 SALEM MAIN ROAD,
PALLAKAPALAYAM
SANKARI WEST POST-637303,TIRUCHENGODE TALUK,
NAMAKKAL DISTRICT,
TAMILNADU.",NAMAKKAL,Unaided - Private,N,N,1-7905243,fetchdata,2014-2015,Engineering and Technology,1,1,1,1,Tamil Nadu,1
1-2020010600,SHREE MOTILAL KANHAIYALAL FOMRA INSTITUTE OF TECHNOLOGY,"OLD MAHABALIPURAM ROAD, IT HIGHWAY,
THAIYUR,
NEAR KELAMBAKKAM,",KANCHIPURAM,Unaided - Private,N,Y,1-4496136,fetchdata,2014-2015,Engineering and Technology,1,1,1,1,Tamil Nadu,1
1-2020011504,GMS-MAVMM POLYTECHNIC COLLEGE,"ALAGARKOVIL,
MADURAI.",MADURAI,Unaided - Private,N,N,1-457465291,fetchdata,2014-2015,Engineering and Technology,1,1,1,1,Tamil Nadu,1
1-2020011836,HINDUSTAN INSTITUTE OF ENGINEERING TECHNOLOGY  POLYTECHNIC COLLEGE,"HIET POLYTECHNIC COLLEGE
NAVALUR ROAD,
VELLARITHANGAL VILLAGE
SEREPENANCHERY POST,
SRIPERUMBADUR TALUK,
KANCHEEPURAM DISTRICT - 601 301.",KANCHIPURAM,Unaided - Private,N,Y,1-477475681,fetchdata,2014-2015,Engineering and Technology,1,1,1,1,Tamil Nadu,1
1-2020012201,GRT INSTITUTE OF ENGINEERING AND TECHNOLOGY,"GRT MAHALAKSHMI  NAGAR
CHENNAI-TIRUPATHI  HIGH WAY 
TIRUTTANI-631209",THIRUVALLUR,Unaided - Private,N,N,1-22710593,fetchdata,2014-2015,Engineering and Technology,1,1,1,1,Tamil Nadu,1
1-2020012718,KCG COLLEGE OF TECHNOLOGY,"RAJIV GANDHI SALAI
KARAPAKKAM
CHENNAI - 600 097",KANCHIPURAM,Unaided - Private,N,Y,1-4401459,fetchdata,2014-2015,Engineering and Technology,1,1,1,1,Tamil Nadu,1
