institute_id,institute_name,address,district,institution_type,women_only,minority,parent_id,method,year,program,level,institutiontype,Women,Minority,state,course
1-1357560084,PSN INSTITUTE OF TECHNOLOGY,"PSN NAGER ,
RAMANATHICHANPUTHUR,
KUMARAPURAM THOPPUR POST
KANYAKUMARI DIST 629402",KANYAKUMARI,Unaided - Private,N,N,1-413810131,fetchdata,2013-2014,Engineering and Technology,1,1,1,1,Tamil Nadu,1
1-1357507842,PSN COLLEGE OF ENGINEERING AND TECHNOLOGY,"MELATHEDIYOOR, PALAYAMKOTTAI TALUK, TIRUNELVELI DISTRICT, PINCODE - 627152",TIRUNELVELI,Unaided - Private,N,N,1-10233347,fetchdata,2013-2014,Engineering and Technology,1,1,1,1,Tamil Nadu,1
1-1357507152,"GOVERNMENT COLLEGE OF ENGINEERING, TIRUNELVELI","THE PRINCIPAL,
GOVERNMENT COLLEGE OF ENGINEERING,
TIRUNELVELI",TIRUNELVELI,Government,N,N,1-423131932,fetchdata,2013-2014,Engineering and Technology,1,1,1,1,Tamil Nadu,1
1-1349495262,SAMS COLLEGE OF ENGINEERING AND TECHNOLOGY,"82, PANAPAKKAM, CHENNAI - TIRUPATHI ROAD, UTHUKOTTAI TALUK, THIRUVALLUR DIST.- 601102.",CHENNAI,Unaided - Private,N,N,1-37176461,fetchdata,2013-2014,Engineering and Technology,1,1,1,1,Tamil Nadu,1
1-1360440772,ST. JOSEPH'S COLLEGE OF ENGINEERING AND TECHNOLOGY,"A. S. NAGAR,
ELLUPATTI,
RAWASAPATTI POST,
INATHUKANPATTI VILLAGE,
THANJAVUR - 613 403.",THANJAVUR,Unaided - Private,N,Y,1-4410681,fetchdata,2013-2014,Engineering and Technology,1,1,1,1,Tamil Nadu,1
1-1361702441,RATHINAM TECHNICAL CAMPUS,"RATHINAM TECHZONE CAMPUS, POLLACHI ROAD,EACHANARI",COIMBATORE,Unaided - Private,N,N,1-451667801,fetchdata,2013-2014,Engineering and Technology,1,1,1,1,Tamil Nadu,1
1-1362373544,RVS COLLEGE OF ENGINEERING AND TECHNOLOGY,"KUMARAN KOTTAM CAMPUS,
KANNAMPALAYAM POST,
COIMBATORE.",COIMBATORE,Unaided - Private,N,N,1-4285831,fetchdata,2013-2014,Engineering and Technology,1,1,1,1,Tamil Nadu,1
1-1364075948,BHAVANI POLYTECHNIC COLLEGE,"VARADHANALLUR(P.O),BHAVANI(T.K),ERODE(D.T)",ERODE,Unaided - Private,N,N,1-434712951,fetchdata,2013-2014,Engineering and Technology,1,1,1,1,Tamil Nadu,1
1-1390210952,ARS COLLEGE OF ENGINEERING,"SATTTAMANGALAM, MARAIMALAI NAGAR, CHENGALPATTU TALK.",KANCHIPURAM,Unaided - Private,N,N,1-457352971,fetchdata,2013-2014,Engineering and Technology,1,1,1,1,Tamil Nadu,1
1-1361925142,SHIVANII ENGINEERING COLLEGE,"POOLANGULATHUPATTI,
POOLANGULATHUPATTI(P.O),
SRIRANGAM(T.K),",TIRUCHIRAPPALLI,Unaided - Private,N,N,1-5039493,fetchdata,2013-2014,Engineering and Technology,1,1,1,1,Tamil Nadu,1
1-1361839652,MADHA ENGINEERING COLLEGE,"MADHA NAGAR, SOMANGALAM ROAD,
KUNDRATHUR, CHENNAI-600 069",KANCHIPURAM,Unaided - Private,N,Y,1-4680190,fetchdata,2013-2014,Engineering and Technology,1,1,1,1,Tamil Nadu,1
1-1359508752,VIRUDHUNAGAR S.VELLAICHAMY NADAR  POLYTECHNIC COLLEGE,"ROSALPATTI VILLAGE
VIRUDHUNAGAR",VIRUDHUNAGAR,Govt aided,N,N,1-421375471,fetchdata,2013-2014,Engineering and Technology,1,1,1,1,Tamil Nadu,1
1-1358396154,VALLIAMMAI ENGINEERING COLLEGE,"SRM NAGAR
KATTANKULATHUR
CHENGALPATTU
KANCHEEPURAM",KANCHIPURAM,Unaided - Private,N,Y,1-5788131,fetchdata,2013-2014,Engineering and Technology,1,1,1,1,Tamil Nadu,1
1-1359486442,SRI RANGANATHAR INSTITUTE OF POLYTECHNIC COLLEGE,"D.NO 1/104A, ATHIPALAYAM VILLAGE, THUDIYALUR - KOVILPALAYAM ROAD, COIMBATORE 641110",COIMBATORE,Unaided - Private,N,N,1-476147571,fetchdata,2013-2014,Engineering and Technology,1,1,1,1,Tamil Nadu,1
1-1359889332,JEEVA'S POLYTECHNIC COLLEGE,"SF NO. 383/1, MAYLERIPALLAYAM VILLAGE, OTHAKALMANDAPAM,ARISIPALAYAM (PO), 
COIMBATORE",COIMBATORE,Unaided - Private,N,N,1-404639443,fetchdata,2013-2014,Engineering and Technology,1,1,1,1,Tamil Nadu,1
1-1360450002,SREE SAKTHI ENGINEERING COLLEGE,"899/1&898/2 BETTATHAPURAM,BILICHI VILLAGE, KARAMADAI",COIMBATORE,Unaided - Private,N,N,1-3002821,fetchdata,2013-2014,Engineering and Technology,1,1,1,1,Tamil Nadu,1
1-1359429965,SRI RAMACHANDRA POLYTECHNIC COLLEGE,"104/7 ALAMELUPURAM(PO)
PAPPIREDDIPATI (TK)
DHARMAPURI (DT)",DHARMAPURI,Unaided - Private,N,N,1-421769571,fetchdata,2013-2014,Engineering and Technology,1,1,1,1,Tamil Nadu,1
1-1359841302,AYYANADAR JANAKIAMMAL POLYTECHNIC COLLEGE,CHINNAKKAMANPATTI,VIRUDHUNAGAR,Govt aided,N,N,1-445619201,fetchdata,2013-2014,Engineering and Technology,1,1,1,1,Tamil Nadu,1
1-1360008801,C.S.I. INSTITUTE OF TECHNOLOGY,"THOVALAI &  PO,
KANYAKUMARI DISTRICT",KANYAKUMARI,Unaided - Private,N,Y,1-4658711,fetchdata,2013-2014,Engineering and Technology,1,1,1,1,Tamil Nadu,1
1-1364600514,ARULMIGU THIRUPURASUNDARI AMMAN POLYTECHNIC COLLEGE,"EGAI VILLAGE
PULIYUR POST
THIRUKKALUKUNDARAM",KANCHIPURAM,Unaided - Private,N,N,1-425524863,fetchdata,2013-2014,Engineering and Technology,1,1,1,1,Tamil Nadu,1
1-1357631332,SRI VENKATESWARAA COLLEGE OF TECHNOLOGY,"SIRUKULATHUR,VADAKAL VILLAGE,MATHUR POST SRIPERUMBHUDUR",KANCHIPURAM,Unaided - Private,N,N,1-7725831,fetchdata,2013-2014,Engineering and Technology,1,1,1,1,Tamil Nadu,1
1-1360024462,M.A.M. SCHOOL OF ENGINEERING,"TRICHY - CHENNAI TRUNK ROAD,SIRUGANUR,TIRUCHIRAPPALLI",TIRUCHIRAPPALLI,Unaided - Private,N,N,1-6609971,fetchdata,2013-2014,Engineering and Technology,1,1,1,1,Tamil Nadu,1
1-1359777993,SAKTHI MARIAMMAN ENGINEERING COLLEGE,"NARAYANASAMI NAGAR,
55,THANDALAM",KANCHIPURAM,Unaided - Private,N,N,1-4240741,fetchdata,2013-2014,Engineering and Technology,1,1,1,1,Tamil Nadu,1
1-1359872566,K S R POLYTECHNIC COLLEGE,"K S R KALVI NAGAR
THOKKAVADI",NAMAKKAL,Unaided - Private,N,N,1-421808231,fetchdata,2013-2014,Engineering and Technology,1,1,1,1,Tamil Nadu,1
1-1357883338,SAPTHAGIRI  COLLEGE OF ENGINEERING,"N H - 7  KRISHNAGIRI MAIN ROAD, PALACODE  TALUK PERIYANAHALLI 
VILLAGE & POST DHARMAPURI DISTRICT
PIN CODE : 
635 205
TAMIL NADU
INDIA",DHARMAPURI,Unaided - Private,N,N,1-492879031,fetchdata,2013-2014,Engineering and Technology,1,1,1,1,Tamil Nadu,1
1-1359757302,VALLIAMMAI POLYTECHNIC COLLEGE,"SRM NAGAR
POTHERI
KATTANKULATHUR (PO)",KANCHIPURAM,Unaided - Private,N,Y,1-445115411,fetchdata,2013-2014,Engineering and Technology,1,1,1,1,Tamil Nadu,1
1-1360584304,ROEVER COLLEGE OF ENGINEERING & TECHNOLOGY,"ELAMBALUR (VILLAGE)
PERAMBALUR(DISTRICT)
PIN-621 212",PERAMBALUR,Unaided - Private,N,N,1-4296202,fetchdata,2013-2014,Engineering and Technology,1,1,1,1,Tamil Nadu,1
1-1361594262,THANTHAI ROEVER INSTITUTE OF POLYTECHNIC COLLEGE,"ELAMBALUR VILLAGE, PERAMBALUR POST & TALUK,
PERAMBALUR - DISTRICT",PERAMBALUR,Unaided - Private,N,N,1-405918065,fetchdata,2013-2014,Engineering and Technology,1,1,1,1,Tamil Nadu,1
1-1362182602,PPG INSTITUTE OF TECHNOLOGY,"RATHNAGIRI ROAD, SARAVANAMPATTI, COIMBATORE",COIMBATORE,Unaided - Private,N,N,1-6032491,fetchdata,2013-2014,Engineering and Technology,1,1,1,1,Tamil Nadu,1
1-1359715129,SAKTHI ENGINEERING COLLEGE,"ST.MARY'S NAGAR,THIRUNINRAVUR,(NEAR AVADI), CHENNAI-602 024",THIRUVALLUR,Unaided - Private,N,N,1-10762621,fetchdata,2013-2014,Engineering and Technology,1,1,1,1,Tamil Nadu,1
1-1363735534,JAYARAM POLYTECHNIC COLLEGE,"KARATTAMPATTI,
PAGAVALADI(PO),
THURAIYAR(TK),",TIRUCHIRAPPALLI,Unaided - Private,N,N,1-448359251,fetchdata,2013-2014,Engineering and Technology,1,1,1,1,Tamil Nadu,1
1-1364656896,GANDHI POLYTECHNIC COLLEGE,"GANDHI KALVI NAGAR, SATHY- COIMBATORE NH ROAD, D.NO.394, VINNAPPALLI, SATHYAMANGALAM",ERODE,Unaided - Private,N,N,1-455201421,fetchdata,2013-2014,Engineering and Technology,1,1,1,1,Tamil Nadu,1
1-1390460613,JEI MATHAAJEE COLLEGE OF ENGINEERING,"NO. 124, VISHAKANDIKUPPAM VILLAGE,
SIRUVAKKAM POST
KANCHIPURAM",KANCHIPURAM,Unaided - Private,N,N,1-17330985,fetchdata,2013-2014,Engineering and Technology,1,1,1,1,Tamil Nadu,1
1-1390514593,MEENAKSHI AMMAL POLYTECHNIC COLLEGE,MALLIYANKARANAI,KANCHIPURAM,Unaided - Private,N,Y,1-464322751,fetchdata,2013-2014,Engineering and Technology,1,1,1,1,Tamil Nadu,1
1-1361878733,MARUTHI POLYTECHNIC COLLEGE,"MANIVIZHUNDAN
SOUTH POST
ATTUR-636121",SALEM,Unaided - Private,N,N,1-429826871,fetchdata,2013-2014,Engineering and Technology,1,1,1,1,Tamil Nadu,1
1-1360044818,TAMILNADU COLLEGE OF ENGINEERING,"PALANISAME RAVI NAGAR 
KARUMATHAMPATTI POST",COIMBATORE,Unaided - Private,N,N,1-5104051,fetchdata,2013-2014,Engineering and Technology,1,1,1,1,Tamil Nadu,1
1-1359743742,K.S.RANGASAMY COLLEGE OF TECHNOLOGY,"K.S.R KALVI NAGAR,
THOKKAVADI,
TIRUCHENGODE TK,
637 215.",NAMAKKAL,Unaided - Private,N,N,1-2494827,fetchdata,2013-2014,Engineering and Technology,1,1,1,1,Tamil Nadu,1
1-1359523332,ANNAI VAILANKANNI COLLEGE OF ENGINEERING,"AVK NAGAR, POTHAIYADISALAI
POTTALKULAM
AZHAGAPPAPURAM.P.O
KANYA KUMARI DISTRICT - 629401.
TAMIL NADU",KANYAKUMARI,Unaided - Private,N,Y,1-6150161,fetchdata,2013-2014,Engineering and Technology,1,1,1,1,Tamil Nadu,1
1-1364224402,KINGS COLLEGE OF ENGINEERING,"PUNALKULAM VILLAGE
GANDARVAKKOTTAI (TK)
PUDUKKOTTAI (DIST)",PUDUKKOTTAI,Unaided - Private,N,N,1-2624954,fetchdata,2013-2014,Engineering and Technology,1,1,1,1,Tamil Nadu,1
1-1364209612,NADAR SARASWATHI COLLEGE OF ENGINEERING & TECHNOLOGY,"VADAPUDUPATTI, ANNANJI (PO)",THENI,Unaided - Private,N,N,1-4431961,fetchdata,2013-2014,Engineering and Technology,1,1,1,1,Tamil Nadu,1
1-1337602602,AKSHAYA COLLEGE OF ENGINEERING AND TECHNOLOGY,"SF NO.112/1CPT,114/1,115/1,116/2C,
BAGAVATHIPALAYAM ROAD, KINATHUKADAVU, COIMBATORE",COIMBATORE,Unaided - Private,N,N,1-4157792,fetchdata,2013-2014,Engineering and Technology,1,1,1,1,Tamil Nadu,1
1-1362118852,GRT INSTITUTE OF ENGINEERING AND TECHNOLOGY,"GRT MAHALAKSHMI  NAGAR
CHENNAI-TIRUPATHI  HIGH WAY 
TIRUTTANI-631209",THIRUVALLUR,Unaided - Private,N,N,1-22710593,fetchdata,2013-2014,Engineering and Technology,1,1,1,1,Tamil Nadu,1
1-1362180224,ARUNAI COLLEGE OF ENGINEERING,"VELU NAGAR
MATHUR
TIRUVANNAMALAI",TIRUVANNAMALAI,Unaided - Private,N,Y,1-5716171,fetchdata,2013-2014,Engineering and Technology,1,1,1,1,Tamil Nadu,1
1-1362111385,MARTHANDAM COLLEGE OF ENGINEERING AND TECHNOLOGY,"P.M. VILLAGE ROAD,
KUTTAKUZHI,
VEEYANNOOR POST,
KANYAKUMARI DISTRICT,
TAMIL NADU.",KANYAKUMARI,Unaided - Private,N,N,1-3131921,fetchdata,2013-2014,Engineering and Technology,1,1,1,1,Tamil Nadu,1
1-1361839618,NACHIAPPA SWAMIGAL POLYTECHNIC COLLEGE,"KOVILOOR MADALAYAM, KOVILOOR,KARAIKUDI.",SIVAGANGA,Unaided - Private,N,N,1-455337361,fetchdata,2013-2014,Engineering and Technology,1,1,1,1,Tamil Nadu,1
1-1363935853,PSN POLYTECHNIC COLLEGE,"MELATHEDIYOOR,
PALAYAMKOTAI TK,
TIRUNELVELI DT,
PINCODE - 627152",TIRUNELVELI,Unaided - Private,N,N,1-498030456,fetchdata,2013-2014,Engineering and Technology,1,1,1,1,Tamil Nadu,1
1-1358466908,KINGSTON ENGINEERING COLLEGE,"CHITTOOR MAIN ROAD,
CHRISTIANPET VILLAGE,
METTUKULAM PANCHAYAT,
KATPADI TALUK",VELLORE,Unaided - Private,N,N,1-4234205,fetchdata,2013-2014,Engineering and Technology,1,1,1,1,Tamil Nadu,1
1-1358041690,LOYOLA INSTITUTE OF TECHNOLOGY,"PALANCHUR
MEVALURKUPPAM""B"" VILLAGE
NAZARATHPET POST
SRIPERUMPUDUR TALUK
KANCHIPURAM DISTRICT
PIN- 600123",KANCHIPURAM,Unaided - Private,N,Y,1-4403224,fetchdata,2013-2014,Engineering and Technology,1,1,1,1,Tamil Nadu,1
1-1358048456,BANNARI AMMAN INSTITUTE OF TECHNOLOGY,"SATHY-BHAVANI STATE HIGHWAY
ALATHUKOMBAI-POST
SATHYAMANGALAM-638401
ERODE DISTRICT
TAMIL NADU",ERODE,Unaided - Private,N,N,1-5146256,fetchdata,2013-2014,Engineering and Technology,1,1,1,1,Tamil Nadu,1
1-1358418621,SRI BOGHAR POLYTECHNIC COLLEGE,"NO.2/158, THIRUCHULLI ROAD,
PANTHANAENTHAL VILLAGE, 
PUDHUPATTI (POST)
KARIAPATTI (TK)
VIRUDHUNAGAR (DIST)",VIRUDHUNAGAR,Unaided - Private,N,N,,fetchdata,2013-2014,Engineering and Technology,1,1,1,1,Tamil Nadu,1
1-1357979343,NADAR MAHAJANA SANGAM VIMALA CHELLADURAI POLYTECHNIC COLLEGE,"MALLAMPALAYAM, DHARAPURAM TALUK, TIRUPPUR DISTRICT",TIRUPPUR,Unaided - Private,N,N,1-788393901,fetchdata,2013-2014,Engineering and Technology,1,1,1,1,Tamil Nadu,1
1-1358393834,CAPE POLYTECHNIC COLLEGE,"OPPOSITE TO MUPPANTAL TEMPLE THOVALAI TALUK,ARALVOIMOZHI",KANYAKUMARI,Unaided - Private,N,N,1-454891891,fetchdata,2013-2014,Engineering and Technology,1,1,1,1,Tamil Nadu,1
1-1357912044,SASURIE ACADEMY OF ENGINEERING,"NH - 209, SATHY MAIN ROAD,
KARIYAMPALAYAM POST,
COIMBATORE - 641 653.
TMAIL NADU
INDIA",COIMBATORE,Unaided - Private,N,N,1-7095791,fetchdata,2013-2014,Engineering and Technology,1,1,1,1,Tamil Nadu,1
1-1360412772,VINS CHRISTIAN COLLEGE OF ENGINEERING,"VINS NAGER, CHUNKANKADAI, NAGERCOIL",KANYAKUMARI,Unaided - Private,N,Y,1-3990308,fetchdata,2013-2014,Engineering and Technology,1,1,1,1,Tamil Nadu,1
1-1361600015,PSG COLLEGE OF TECHNOLOGY,"AVINASHI ROAD
PEELAMEDU",COIMBATORE,Govt aided,N,N,1-4165514,fetchdata,2013-2014,Engineering and Technology,1,1,1,1,Tamil Nadu,1
1-1360450382,LORD JEGANNATH COLLEGE OF ENGINEERING AND TECHNOLOGY,"PSN NAGAR
RAMANATHICHANPUTHUR
MARUNGOOR
KANYAKUMARIDISTRICT",KANYAKUMARI,Unaided - Private,N,N,1-11652185,fetchdata,2013-2014,Engineering and Technology,1,1,1,1,Tamil Nadu,1
1-1390404971,JAI KRISHNA POLYTECHNIC COLLEGE,"104,KIILKOVALA VEDU VILLAGE,
 WANDAVASI TALUK, 
THIRUVANNAMALAI DISTRICT, 
TAMILNADU",TIRUVANNAMALAI,Unaided - Private,N,N,,fetchdata,2013-2014,Engineering and Technology,1,1,1,1,Tamil Nadu,1
1-1390514102,INDUS COLLEGE OF ENGINEERING,"INDUS VALLEY, KALIMANGALAM, ALANDURAI POST, COIMBATORE DISTRICT, PIN - 641101",COIMBATORE,Unaided - Private,N,N,1-4167191,fetchdata,2013-2014,Engineering and Technology,1,1,1,1,Tamil Nadu,1
1-1362123082,P.S.V.COLLEGE OF ENGINEERING AND TECHNOLOGY,"MITTAPALLI,
BALINAYANAPALLI (POST),
ELATHAGIRI (S.O),
KRISHNAGIRI (DISTRICT)
PIN CODE: 635 108.",KRISHNAGIRI,Unaided - Private,N,N,1-8517201,fetchdata,2013-2014,Engineering and Technology,1,1,1,1,Tamil Nadu,1
1-1362088982,V V COLLEGE OF ENGINEERING,"V V NAGAR,
ARASUR VILLAGE,
IDAICHIVILAI POST,
SATHANKULAM TALUK,
TUTICORIN DISTRICT,
TAMIL NADU STATE,
PIN - 628656
SOUTH INDIA.",THOOTHUKUDI,Unaided - Private,N,N,1-3929123,fetchdata,2013-2014,Engineering and Technology,1,1,1,1,Tamil Nadu,1
1-1361836432,CAPE INSTITUTE OF TECHNOLOGY,"RAJAKRISHNAPURAM POST,
RADHAPURAM TALUK.",TIRUNELVELI,Unaided - Private,N,N,1-5206275,fetchdata,2013-2014,Engineering and Technology,1,1,1,1,Tamil Nadu,1
1-1357720533,SANKAR POLYTECHNIC COLLEGE,"SANKAR POLYTECHNIC COLLEGE,
SANKARNAGAR",TIRUNELVELI,Govt aided,N,N,1-430245341,fetchdata,2013-2014,Engineering and Technology,1,1,1,1,Tamil Nadu,1
1-1357751848,THE RAJAAS ENGINEERING COLLEGE,"RAJA NAGAR,
VADAKKANGULAM",TIRUNELVELI,Unaided - Private,N,Y,1-6785781,fetchdata,2013-2014,Engineering and Technology,1,1,1,1,Tamil Nadu,1
1-1359759382,AGRICULTURAL ENGINEERING COLLEGE AND RESEARCH INSTITUTE,"TAMIL NADU AGRICULTURAL UNIVERSITY, LAWLEY ROAD, P.O., COIMBATORE - 641 003. TAMIL NADU",COIMBATORE,Government,N,N,1-451453421,fetchdata,2013-2014,Engineering and Technology,1,1,1,1,Tamil Nadu,1
1-1360443662,ROEVER ENGINEERING COLLEGE,"ELAMBALUR(POST)
PERAMBALUR",PERAMBALUR,Unaided - Private,N,Y,1-6294210,fetchdata,2013-2014,Engineering and Technology,1,1,1,1,Tamil Nadu,1
1-1359718422,K S R COLLEGE OF ENGINEERING,"K S R KALVINAGAR, 
THOKKAVADI,
TIRUCHENGODE,
NAMAKKAL DIST,
TAMILNADU-637215.",NAMAKKAL,Unaided - Private,N,N,1-2942331,fetchdata,2013-2014,Engineering and Technology,1,1,1,1,Tamil Nadu,1
1-1390386094,K. RAMAKRISHNAN COLLEGE OF ENGINEERING,"KARIYAMANICKAM ROAD,
SAMAYAPURAM,",TIRUCHIRAPPALLI,Unaided - Private,N,N,1-421206141,fetchdata,2013-2014,Engineering and Technology,1,1,1,1,Tamil Nadu,1
1-1364017284,P.B.COLLEGE OF ENGINEERING,"CHENNAI - BANGALORE HIGH WAY, 
IRUNGKATTUKOTTAI, SRIPERUMBUDUR TALUK, 
KANCHEEPURAM DIST. CHENNAI - 602 105
TAMIL NADU",KANCHIPURAM,Unaided - Private,N,Y,1-6275131,fetchdata,2013-2014,Engineering and Technology,1,1,1,1,Tamil Nadu,1
1-1364155196,SUGUNA COLLEGE OF ENGINEERING,"NEHRU NAGAR 
(WEST), KALAPATTI ROAD, CIVIL AERODROME  (PO)",COIMBATORE,Unaided - Private,N,N,1-814729991,fetchdata,2013-2014,Engineering and Technology,1,1,1,1,Tamil Nadu,1
1-1364089060,MAHA BARATHI ENGINEERING COLLEGE,"A.VASUDEVANUR (P.O), CHINNASALEM",VILUPPURAM,Unaided - Private,N,N,1-5157651,fetchdata,2013-2014,Engineering and Technology,1,1,1,1,Tamil Nadu,1
1-1364207496,NPA CENTENARY POLYTECHNIC COLLEGE,SAKTHI MALAI ROAD,NILGIRIS,Govt aided,N,N,1-413241061,fetchdata,2013-2014,Engineering and Technology,1,1,1,1,Tamil Nadu,1
1-1358028134,MNSK COLLEGE OF ENGINEERING,"DHAKSHINAPURAM VILLAGE
VALLATHIRAKKOTTAI (POST)
ALANGUDI TALUK
PUDUKKOTTAI",PUDUKKOTTAI,Unaided - Private,N,N,1-5424141,fetchdata,2013-2014,Engineering and Technology,1,1,1,1,Tamil Nadu,1
1-1357691794,SASURIE COLLEGE OF ENGINEERING,"VIJAYAMANGALAM
TIRUPPUR - 638 056",TIRUPPUR,Unaided - Private,N,N,1-6114086,fetchdata,2013-2014,Engineering and Technology,1,1,1,1,Tamil Nadu,1
1-1359456702,NATIONAL COLLEGE OF ENGINEERING,MARUTHAKULAM P.O NANGUNERI TALUK,TIRUNELVELI,Unaided - Private,N,Y,1-4378723,fetchdata,2013-2014,Engineering and Technology,1,1,1,1,Tamil Nadu,1
1-1358394512,IMMANUEL ARASAR JJ COLLEGE OF ENGINEERING,"EDAVILAGAM
NATTALAM
MARTHANDAM",KANYAKUMARI,Unaided - Private,N,N,1-12822363,fetchdata,2013-2014,Engineering and Technology,1,1,1,1,Tamil Nadu,1
1-1359469211,PARK COLLEGE OF ENGINEERING AND TECHNOLOGY,"AVINASHI ROAD(NH-47), 
KANIYUR,
COIMBATORE-641659.",COIMBATORE,Unaided - Private,N,N,1-5026891,fetchdata,2013-2014,Engineering and Technology,1,1,1,1,Tamil Nadu,1
1-1359528614,MUSIRI INSTITUTE OF TECHNOLOGY,"ANNAI NAGAR,
M.PUDUPATTI(PO),
THURAIYUR MAIN ROAD,
MUSIRI - (TK)
TRICHY - (DT)",TIRUCHIRAPPALLI,Unaided - Private,N,N,1-445667701,fetchdata,2013-2014,Engineering and Technology,1,1,1,1,Tamil Nadu,1
1-1359653832,MADURAI INSTITUTE OF ENGINEERING & TECHNOLOGY,"POTTAPALAYAM VILLAGE
MANAMADURAI TALUK
SIVAGANGAI DISTRICT",SIVAGANGA,Unaided - Private,N,N,1-5729671,fetchdata,2013-2014,Engineering and Technology,1,1,1,1,Tamil Nadu,1
1-1359725172,J.J. COLLEGE OF ENGINEERING AND TECHNOLOGY,"AMMAPETTAI,
POOLANKULATHUPATTI POST,",TIRUCHIRAPPALLI,Unaided - Private,N,N,1-6323463,fetchdata,2013-2014,Engineering and Technology,1,1,1,1,Tamil Nadu,1
1-1359508532,SRI PADMAM POLYTECHNIC COLLEGE,"441,PACHAL VILLAGE
TIRUPATTUR
VELLORE (DT)",VELLORE,Unaided - Private,N,N,1-460860281,fetchdata,2013-2014,Engineering and Technology,1,1,1,1,Tamil Nadu,1
1-1358509378,K.L.N. COLLEGE OF INFORMATION TECHNOLOGY,"MADURAI - POTTAPALAYAM-KUSAVAPATTI ROAD,
POTTAPALAYAM VILLAGE,
MANAMADURAI TALUK,
SIVAGANGAI DISTRICT.",SIVAGANGA,Unaided - Private,N,Y,1-4917231,fetchdata,2013-2014,Engineering and Technology,1,1,1,1,Tamil Nadu,1
1-1362218172,UNITED INSTITUTE OF TECHNOLOGY,"G.KOUNDAMPALAYAM,
PERIYANAICKENPALAYAM",COIMBATORE,Unaided - Private,N,N,1-3341681,fetchdata,2013-2014,Engineering and Technology,1,1,1,1,Tamil Nadu,1
1-1361831202,ST.JOSEPH COLLEGE OF ENGINEERING,"TRINITY CAMPUS, NEMILI B BEEMANTHANGAL VILLAGE,
SRIPERUMBUDUR,
KANCHEEPURAM DISTRICT-602105.",KANCHIPURAM,Unaided - Private,N,Y,1-5216166,fetchdata,2013-2014,Engineering and Technology,1,1,1,1,Tamil Nadu,1
1-1361790601,ELIZABETH COLLEGE OF ENGINEERING AND TECHNOLOGY,"SELCRIM LAND
ANNAMANGALAM-621102.
VEPPANTHATTAI-TK,
PERAMBALUR-DIST.,",PERAMBALUR,Unaided - Private,N,N,,fetchdata,2013-2014,Engineering and Technology,1,1,1,1,Tamil Nadu,1
1-1365747222,MAGNA COLLEGE OF ENGINEERING,"REDHILLS - TIRUVALLUR HIGH ROAD,
MAGARAL - CHENNAI - 55.",CHENNAI,Unaided - Private,N,Y,1-414666982,fetchdata,2013-2014,Engineering and Technology,1,1,1,1,Tamil Nadu,1
1-1364119443,ST.JOSEPH'S POLYTECHNIC COLLEGE,"OPP TO SOOLAMALI BUS STOP , PERIYA PANAMUTLU, THIRUVANNAMALAI,ANCHOOR POST , KRISHNAGIRI  - 635 108",KRISHNAGIRI,Unaided - Private,N,N,1-479774571,fetchdata,2013-2014,Engineering and Technology,1,1,1,1,Tamil Nadu,1
1-1364075189,LORD  AYYAPPA INSTITUTE OF ENGINEERING & TECHNOLOGY,"UTHUKADU
WALAJABAD
KANCHEEPURAM DISTRICT",KANCHIPURAM,Unaided - Private,N,N,1-4837851,fetchdata,2013-2014,Engineering and Technology,1,1,1,1,Tamil Nadu,1
1-1366332831,"UNIVERSITY COLLEGE OF ENGINEERING, BITCAMPUS TIRUCHIRAPPALLI",TRICHY PUTHUKKOTTAI NH47 ROAD SURIYUR VILLAGE.,TIRUCHIRAPPALLI,University Managed,N,N,,fetchdata,2013-2014,Engineering and Technology,1,1,1,1,Tamil Nadu,1
1-1366887192,E.G.S. PILLAY ENGINEERING COLLEGE,"OLD NAGORE ROAD,
NAGORE POST,
NAGAPATTINAM DT
TAMIL NADU STATE
PIN: 611 002",NAGAPATTINAM,Unaided - Private,N,N,1-5857311,fetchdata,2013-2014,Engineering and Technology,1,1,1,1,Tamil Nadu,1
1-1366256482,SRI KRISHNA POLYTECHNIC COLLEGE,KOVAIPUDUR,COIMBATORE,Govt aided,N,N,1-446188791,fetchdata,2013-2014,Engineering and Technology,1,1,1,1,Tamil Nadu,1
1-1359589986,RAMU - SEETHA POLYTECHNIC COLLEGE,"RAMU - SEETHA NAGAR
KARIAPATTI",VIRUDHUNAGAR,Unaided - Private,N,N,1-404662901,fetchdata,2013-2014,Engineering and Technology,1,1,1,1,Tamil Nadu,1
1-1358435152,SRI VIDYA COLLEGE OF ENGINEERING & TECHNOLOGY,"SIVAKASI MAIN ROAD,
P.KUMARALINGAPURAM,
VIRUDHUNAGAR-626005
TAMIL NADU.",VIRUDHUNAGAR,Unaided - Private,N,N,1-10093904,fetchdata,2013-2014,Engineering and Technology,1,1,1,1,Tamil Nadu,1
1-1359461738,VARUVAN VADIVELAN INSTITUTE OF TECHNOLOGY,"NH7 KRISHNAGIRI MAIN ROAD
GUNDALAPATTY,
DHARMAPURI.
TAMILNADU",DHARMAPURI,Unaided - Private,N,N,1-19730241,fetchdata,2013-2014,Engineering and Technology,1,1,1,1,Tamil Nadu,1
1-1359509378,RVS TECHNICAL CAMPUS-COIMBATORE,"KUMARAN KOTTAM CAMPUS
KANNAMPALAYAM
SULUR
COIMBATORE",COIMBATORE,Unaided - Private,N,N,1-4154504,fetchdata,2013-2014,Engineering and Technology,1,1,1,1,Tamil Nadu,1
1-1359423762,CMS COLLEGE OF ENGINEERING,"CMS NAGAR,
ERANAPURAM POST,",NAMAKKAL,Unaided - Private,N,N,1-4065001,fetchdata,2013-2014,Engineering and Technology,1,1,1,1,Tamil Nadu,1
1-1359654343,TRP ENGINEERING COLLEGE,"IRUNGALUR
MANACHANALLUR TALUK",TIRUCHIRAPPALLI,Unaided - Private,N,N,1-6860571,fetchdata,2013-2014,Engineering and Technology,1,1,1,1,Tamil Nadu,1
1-1359549252,ERODE BUILDER EDUCATIONAL TRUST'S GROUP OF INSTITUTIONS,"EBET KNOWLEDGE PARK
ERODE ROAD
NATHAKADAIYUR
KANGEYAM",TIRUPPUR,Unaided - Private,N,N,1-3289861,fetchdata,2013-2014,Engineering and Technology,1,1,1,1,Tamil Nadu,1
1-1359756932,SRI VENKATESWARA POLYTECHNIC COLLEGE,"NEXT TO GOVT.MEDICAL COLLEGE & HOSPITAL.
ADUKKAMPARAI,
VELLORE -632011",VELLORE,Unaided - Private,N,N,1-464388321,fetchdata,2013-2014,Engineering and Technology,1,1,1,1,Tamil Nadu,1
1-1360433602,VINS CHRISTIAN WOMEN`S COLLEGE OF ENGINEERING,"VINS NAGER, CHUNKANKADAI, NAGERCOIL",KANYAKUMARI,Unaided - Private,Y,Y,1-4351573,fetchdata,2013-2014,Engineering and Technology,1,1,1,1,Tamil Nadu,1
1-1363654694,DHANALAKSHMI COLLEGE OF ENGINEERING,"MANIMANGALAM PUDUCHERI ROAD,
MANIMANGALAM, MANIMANGALAM POST, SRIPERUMBUDUR TALUK,
KANCHEEPURAM 
DIST., CHENNAI â 601301",KANCHIPURAM,Unaided - Private,N,N,1-4064279,fetchdata,2013-2014,Engineering and Technology,1,1,1,1,Tamil Nadu,1
1-1362283435,KGISL INSTITUTE OF TECHNOLOGY,"365, KGISL CAMPUS,
THUDIYALUR ROAD,
SARAVANAMPATTI
COIMBATORE - 641 035",COIMBATORE,Unaided - Private,N,N,1-6278271,fetchdata,2013-2014,Engineering and Technology,1,1,1,1,Tamil Nadu,1
1-1361878582,DHANALAKSHMI SRINIVASAN INSTITUTE OF TECHNOLOGY,"NH45,
TRICHY-CHENNAI MAIN ROAD",TIRUCHIRAPPALLI,Unaided - Private,N,N,1-748062551,fetchdata,2013-2014,Engineering and Technology,1,1,1,1,Tamil Nadu,1
1-1364304752,MEENAKSHI SUNDARARAJAN ENGINEERING COLLEGE,"C/O I.I.E.T SOCIETY NO.363, ARCOT ROAD, KODAMBAKKAM,             CHENNAI - 600024
TAMIL NADU",CHENNAI,Unaided - Private,N,N,1-6312054,fetchdata,2013-2014,Engineering and Technology,1,1,1,1,Tamil Nadu,1
1-1338339242,SIVAJI COLLEGE OF ENGINEERING & TECHNOLOGY,"MANIVILAI

MANIVILAI.P.O",KANYAKUMARI,Unaided - Private,N,N,1-8623201,fetchdata,2013-2014,Engineering and Technology,1,1,1,1,Tamil Nadu,1
1-1339837072,KURINJI COLLEGE OF ENGINEERING AND TECHNOLOGY,"VENGAIKURICHI VILLAGE
MALAIYADIPATTI POST
MANAPPARAI 
TIRUCHIRAPPALLI - 621307",TIRUCHIRAPPALLI,Unaided - Private,N,N,1-3282934,fetchdata,2013-2014,Engineering and Technology,1,1,1,1,Tamil Nadu,1
1-1337585595,ANAND INSTITUTE OF HIGHER TECHNOLOGY,"KALASALINGAM NAGAR, OLD MAHABALIPURAM ROAD,
KAZHIPATTUR VILLAGE, CHENGALPATTU TALUK
KANCHEEPURAM DISTRICT",KANCHIPURAM,Unaided - Private,N,N,1-2606254,fetchdata,2013-2014,Engineering and Technology,1,1,1,1,Tamil Nadu,1
1-1337611542,SRI THIAGARAJAR POLYTECHNIC COLLEGE,"LAKSHMI NAGAR,
VALAPPADY (PO),
VALAPPADY (TK).",SALEM,Unaided - Private,N,N,1-439939011,fetchdata,2013-2014,Engineering and Technology,1,1,1,1,Tamil Nadu,1
1-1441280819,SRI ARAVINDAR ENGINEERING COLLEGE,"PONDY - MAILAM MAIN ROAD,
SEDARAPET POST,
AKASAMPET,
VANUR TALUK,
VILLUPURAM DISTRICT,
TAMILNADU.",VILUPPURAM,Unaided - Private,N,N,1-5161683,fetchdata,2013-2014,Engineering and Technology,1,1,1,1,Tamil Nadu,1
1-1365834822,M.A.M. COLLEGE OF ENGINEERING AND TECHNOLOGY,"TRICHY - CHENNAI TRUNK ROAD
SIRUGANUR
MANACHANALLUR (TK)
TIRUCHIRAPPALLI",TIRUCHIRAPPALLI,Unaided - Private,N,Y,1-5386171,fetchdata,2013-2014,Engineering and Technology,1,1,1,1,Tamil Nadu,1
1-1404854284,N.P.R COLLEGE OF ENGINEERING & TECHNOLOGY,"PUNNAPPATTI VILLAGE
ULUPPAKUDI 
NATHAM
DINDIGUL (DT)",DINDIGUL,Unaided - Private,N,N,1-2402534,fetchdata,2013-2014,Engineering and Technology,1,1,1,1,Tamil Nadu,1
1-1366443312,PMR ENGINEERING COLLEGE,"ADAYALAMPATTU,
CHENNAI-95",THIRUVALLUR,Unaided - Private,N,Y,1-16638665,fetchdata,2013-2014,Engineering and Technology,1,1,1,1,Tamil Nadu,1
1-1368209403,MURUGAPPA POLYTECHNIC COLLEGE,"SATHYAMURTHY NAGAR
AVADI
CHENNAI-600 062",THIRUVALLUR,Govt aided,N,N,1-420973431,fetchdata,2013-2014,Engineering and Technology,1,1,1,1,Tamil Nadu,1
1-1339034287,MUTHAYAMMAL ENGINEERING COLLEGE,"KAKKAVERI,
RASIPURAM (TK),
NAMAKKAL (DT).
TAMIL NADU",NAMAKKAL,Unaided - Private,N,N,1-4156434,fetchdata,2013-2014,Engineering and Technology,1,1,1,1,Tamil Nadu,1
1-1366399442,JEPPIAAR ENGINEERING COLLEGE (E&T),"JEPPIAAR NAGAR
OLD MAMMALLAPURAM ROAD",KANCHIPURAM,Unaided - Private,N,Y,1-424068621,fetchdata,2013-2014,Engineering and Technology,1,1,1,1,Tamil Nadu,1
1-1473151892,CHETTINAD COLLEGE OF ENGINEERING & TECHNOLOGY,"NH 67, KARUR TO TRICHY HIGHWAY,PULIYUR CF, KARUR -  639 114, TAMILNADU, INDIA.",KARUR,Unaided - Private,N,N,1-14877641,fetchdata,2013-2014,Engineering and Technology,1,1,1,1,Tamil Nadu,1
1-1351391442,C.ABDUL HAKEEM COLLEGE OF ENGINEERING & TECHNOLOGY,HAKEEM NAGAR,VELLORE,Unaided - Private,N,Y,1-429696611,fetchdata,2013-2014,Engineering and Technology,1,1,1,1,Tamil Nadu,1
1-1477855595,BHARATH NIKETAN ENGINEERING COLLEGE,"SHRI GOWRI NAGAR,
THIMMARASANAICKANOOR,
AUNDIPATTI,
THENI (DT).
TAMILNADU.625536",THENI,Unaided - Private,N,N,1-7787601,fetchdata,2013-2014,Engineering and Technology,1,1,1,1,Tamil Nadu,1
1-1473427912,KARTHIKEYA POLYTECHNIC COLLEGE,"KANNUDAYANPATTY VILLAGE,MUTHAPUDAYANPATTY POST",TIRUCHIRAPPALLI,Unaided - Private,N,N,1-460724841,fetchdata,2013-2014,Engineering and Technology,1,1,1,1,Tamil Nadu,1
1-1343891564,PRATHYUSHA INSTITUTE OF TECHNOLOGY AND MANAGEMENT,"POONAMALLEE - TIRUVALLUR HIGH ROAD
ARANVOYALKUPPAM 
TIRUVALLUR - 602 025",THIRUVALLUR,Unaided - Private,N,Y,1-16570211,fetchdata,2013-2014,Engineering and Technology,1,1,1,1,Tamil Nadu,1
1-1353539440,INFANT JESUS COLLEGE OF ENGINEERING,"KAMARAJAR NAGAR, TIRUNELVELI - THOOTHUKUDI HIGHWAY (NH-7A),
KEELAVALLANADU VILLAGE,
ELLANAYAKKAN PATTI POST,
SRIVAIKUNDAM TALUK,
THOOTHUKUDI DISTR",THOOTHUKUDI,Unaided - Private,N,Y,1-4553557,fetchdata,2013-2014,Engineering and Technology,1,1,1,1,Tamil Nadu,1
1-1351725932,DR.MAHALINGAM COLLEGE OF ENGINEERING AND TECHNOLOGY,"MACKKINAICKENPATTI (POST),
UDUMALAI ROAD,
POLLACHI 642003",COIMBATORE,Unaided - Private,N,N,1-5756261,fetchdata,2013-2014,Engineering and Technology,1,1,1,1,Tamil Nadu,1
1-1372082382,SREE KRISHNA COLLEGE OF ENGINEERING,ANAICUT POST,VELLORE,Unaided - Private,N,N,1-5177941,fetchdata,2013-2014,Engineering and Technology,1,1,1,1,Tamil Nadu,1
1-1341228166,SAMUEL POLYTECHNIC COLLEGE,"V.E.RAJA NAGAR,
MUDIVAITHANENDAL,
VAGAIKULAM
THOOTHUKUDI (DT)",THOOTHUKUDI,Unaided - Private,N,N,1-457130941,fetchdata,2013-2014,Engineering and Technology,1,1,1,1,Tamil Nadu,1
1-1355358172,SRI KRISHNA COLLEGE OF TECHNOLOGY,KOVAIPUDUR POST,COIMBATORE,Unaided - Private,N,N,1-3643021,fetchdata,2013-2014,Engineering and Technology,1,1,1,1,Tamil Nadu,1
1-1352088081,ST.MOTHER THERESA ENGINEERING COLLEGE,"VAGAIKULAM

MUDIVAITHANENDAL POST

TUTICORIN DISTRICT

PIN CODE - 628102",THOOTHUKUDI,Unaided - Private,N,Y,1-6373301,fetchdata,2013-2014,Engineering and Technology,1,1,1,1,Tamil Nadu,1
1-1355956564,AMRITA VISWA VIDYAPEETHAM,"AMRITA SCHOOL OF ENGINEERING
ETTIMADAI,
COIMBATORE-641 105",COIMBATORE,Deemed University(Private),N,N,1-414170221,fetchdata,2013-2014,Engineering and Technology,1,1,1,1,Tamil Nadu,1
1-1457892232,ARASAN GANESAN POLYTECHNIC COLLEGE,"VIRUDHUNAGAR MAIN ROAD, ANAIKUTTAM (PO)",VIRUDHUNAGAR,Govt aided,N,N,1-449922153,fetchdata,2013-2014,Engineering and Technology,1,1,1,1,Tamil Nadu,1
1-1346022442,"IRT POLYTECHNIC COLLEGE,TIRUNELVELI","THIRUVANANTHAPURAM ROAD, KONGANTHANPARAI POST,",TIRUNELVELI,Unaided - Private,N,N,1-414161261,fetchdata,2013-2014,Engineering and Technology,1,1,1,1,Tamil Nadu,1
1-1454405932,SRINIVASA INSTITUTE OF ENGINEERING & TECHNOLOGY,"POONAMALLEE BY PASS ROAD, PARIVAKKAM
CHENNAI",THIRUVALLUR,Unaided - Private,N,Y,1-5171127,fetchdata,2013-2014,Engineering and Technology,1,1,1,1,Tamil Nadu,1
1-1351659012,VELAMMAL INSTITUTE OF TECHNOLOGY,"CHENNAI - KOLKATTA HIGH WAY
PANCHEETI VILLAGE
PONNERI TALUK
THIRUVALLUR DISTRICT
PIN 601 204",THIRUVALLUR,Unaided - Private,N,N,1-6111471,fetchdata,2013-2014,Engineering and Technology,1,1,1,1,Tamil Nadu,1
1-1368152202,PARISUTHAM INSTITUTE OF TECHNOLOGY & SCIENCE,"NH 67 RING ROAD,
NANJIKOTTAI,        THANJAVUR - 613006,
TAMILNADU",THANJAVUR,Unaided - Private,N,Y,1-3797271,fetchdata,2013-2014,Engineering and Technology,1,1,1,1,Tamil Nadu,1
1-1339358075,ANNAMALAIAR COLLEGE OF ENGINEERING,"CHETPET-POLUR ROAD
POLUR T.K
THIRUVANNAMALAI DIST",TIRUVANNAMALAI,Unaided - Private,N,N,1-20016232,fetchdata,2013-2014,Engineering and Technology,1,1,1,1,Tamil Nadu,1
1-1341337143,DR. SIVANTHI ADITANAR COLLEGE OF ENGINEERING,"TIRUNELVELI ROAD,
TIRUCHENDUR - 628215",THOOTHUKUDI,Unaided - Private,N,N,1-5775241,fetchdata,2013-2014,Engineering and Technology,1,1,1,1,Tamil Nadu,1
1-1443729923,TAMILNADU POLYTECHNIC COLLEGE,"TPK ROAD 
MADURAI",MADURAI,Government,N,N,1-506518011,fetchdata,2013-2014,Engineering and Technology,1,1,1,1,Tamil Nadu,1
1-1367873622,G K M COLLEGE OF ENGINEERING AND TECHNOLOGY,"G K M NAGAR
ALAPPAKKAM - MAPPEDU ROAD
NEW PERUGALATHUR
CHENNAI -600063.",KANCHIPURAM,Unaided - Private,N,N,1-2496711,fetchdata,2013-2014,Engineering and Technology,1,1,1,1,Tamil Nadu,1
1-1347090752, V.S.B. ENGINEERING COLLEGE,"N.H.67 COVAI ROAD,
KARUDAYAMPALAYAM (VILLAGE & POST),
ARAVAKURICHI (TK)
KARUR - 639 111.
TAMILNADU.",KARUR,Unaided - Private,N,N,1-2829001,fetchdata,2013-2014,Engineering and Technology,1,1,1,1,Tamil Nadu,1
1-1491225163,JEEVAN POLYTECHNIC COLLEGE,"
VINMATHEE NAGAR, NH-45, TRICHY-DINDIGUL ROAD, MUTHAPUDAIYANPATTY POST
MANAPPARAI",TIRUCHIRAPPALLI,Unaided - Private,N,N,1-474053841,fetchdata,2013-2014,Engineering and Technology,1,1,1,1,Tamil Nadu,1
1-1349701613,SUREYA COLLEGE OF ENGINEERING,"SOMU NAGAR,",TIRUCHIRAPPALLI,Unaided - Private,N,N,1-752005981,fetchdata,2013-2014,Engineering and Technology,1,1,1,1,Tamil Nadu,1
1-1366634672,KOTTAI MARIYAMMAN POLYTECHNIC COLLEGE,"MINNAMPALLI(PO),
KARIPATTI(VIA),
SALEM",SALEM,Unaided - Private,N,N,1-457708191,fetchdata,2013-2014,Engineering and Technology,1,1,1,1,Tamil Nadu,1
1-1465307362,VANDAVASI POLYTECHNIC COLLEGE,"MELMARUVATHUR ROAD, CHENNAVARAM VILLAGE, VANDAVASI",TIRUVANNAMALAI,Unaided - Private,N,N,1-476559861,fetchdata,2013-2014,Engineering and Technology,1,1,1,1,Tamil Nadu,1
1-1372247522,PONNAIYAH RAMAJAYAM POLYTECHNIC COLLEGE,"THANJAVUR - TRICHY HIGHWAYS 
VALLAM, 
THANJAVUR",THANJAVUR,Unaided - Private,N,N,1-505670061,fetchdata,2013-2014,Engineering and Technology,1,1,1,1,Tamil Nadu,1
1-1459144192,KALAIVANAR NSK POLYTECHNIC COLLEGE,"VOC NAGAR
CHENBAGARAMANPUTHOOR",KANYAKUMARI,Unaided - Private,N,N,1-412675211,fetchdata,2013-2014,Engineering and Technology,1,1,1,1,Tamil Nadu,1
1-1341555754,ARULMIGU KALASALINGAM POLYTECHNIC COLLEGE,"ANAND NAGAR,
KRISHNANKOIL",VIRUDHUNAGAR,Unaided - Private,N,N,1-494355911,fetchdata,2013-2014,Engineering and Technology,1,1,1,1,Tamil Nadu,1
1-1341827332,VARADHARAJAN POLYTECHNIC COLLEGE,"MUTHAL VARISAI PATTI, 
KUNNAM (TK)",PERAMBALUR,Unaided - Private,N,N,1-460411741,fetchdata,2013-2014,Engineering and Technology,1,1,1,1,Tamil Nadu,1
1-1369868736,SRI KRISHNA COLLEGE OF ENGINEERING,"T.R.S.CAMPUS,
SRI KRISHNA NAGAR,
TIRUTTANI ROAD,",VELLORE,Unaided - Private,N,N,1-6552301,fetchdata,2013-2014,Engineering and Technology,1,1,1,1,Tamil Nadu,1
1-1372059192,LOYOLA INSTITUTE OF TECHNOLOGY & SCIENCE,"P.BO.NO.2, THOVALAI - RAJAVOOR ROAD,
LOYOLA NAGAR,
THEROOR VILLAGE,
THOVALAI,
KANYAKUMARI DT.",KANYAKUMARI,Unaided - Private,N,Y,1-3409771,fetchdata,2013-2014,Engineering and Technology,1,1,1,1,Tamil Nadu,1
1-1351725384,A.R COLLEGE OF ENGINEERING & TECHNOLOGY,"KADAYAM-ALANGULAM ROAD,
NEAR RAILWAY STATION,
KADAYAM.",TIRUNELVELI,Unaided - Private,N,N,1-452090031,fetchdata,2013-2014,Engineering and Technology,1,1,1,1,Tamil Nadu,1
1-1370364462,SUDHARSAN ENGINEERING COLLEGE,"SATHIYAMANGALAM
KULATHUR TALUK
PUDKKOTTAI DISTRICT 622501",PUDUKKOTTAI,Unaided - Private,N,N,1-3956901,fetchdata,2013-2014,Engineering and Technology,1,1,1,1,Tamil Nadu,1
1-1341393162,"GOVERNMENT COLLEGE OF ENGINEERING,SALEM","GOVERMENT COLLEGE OF ENGINEERING
BANGALORE HIGHWAYS
SALEM-11",SALEM,Government,N,N,1-8410741,fetchdata,2013-2014,Engineering and Technology,1,1,1,1,Tamil Nadu,1
1-1345460124,INDRA GANESAN COLLEGE OF ENGINEERING,"MADURAI MAIN ROAD,
MANIKANDAM,
TIRUCHIRAPPALLI
620012",TIRUCHIRAPPALLI,Unaided - Private,N,N,1-5177771,fetchdata,2013-2014,Engineering and Technology,1,1,1,1,Tamil Nadu,1
1-1423674552,RVS POLYTECHNIC COLLEGE,"KUMARAN KOTTAM CAMPUS
KANNAMPALAYAM
SULUR",COIMBATORE,Unaided - Private,N,N,1-424068551,fetchdata,2013-2014,Engineering and Technology,1,1,1,1,Tamil Nadu,1
1-1357506412,PRINCE DR. K. VASUDEVAN COLLEGE OF ENGINEERING AND TECHNOLOGY,"MEDAVAKKAM - MAMBAKKAM ROAD,
PONMAR, CHENNAI - 600 048.",KANCHIPURAM,Unaided - Private,N,N,1-4199411,fetchdata,2013-2014,Engineering and Technology,1,1,1,1,Tamil Nadu,1
1-1372253002,SITARAJARAMPOLYTECHNICCOLLEGE,"MUTHUNAGAR
HIRANIYAMANGALAMMETTUPATTI
KULITALAITALUK
KARURDISTRICT
TAMILNADU",KARUR,Unaided - Private,N,N,1-473897431,fetchdata,2013-2014,Engineering and Technology,1,1,1,1,Tamil Nadu,1
1-1487247054,GOVERNMENT POLYTECHNIC COLLEGE TIRUCHIRAPPALLI,"THUVAKKUDI MALAI
TIRUCHIRAPPALII",TIRUCHIRAPPALLI,Government,N,N,1-439920471,fetchdata,2013-2014,Engineering and Technology,1,1,1,1,Tamil Nadu,1
1-1371866589,ANNAMALAI POLYTECHNIC COLLEGE,CHETTINAD - 630 102,SIVAGANGA,Govt aided,N,N,1-459476713,fetchdata,2013-2014,Engineering and Technology,1,1,1,1,Tamil Nadu,1
1-1372185262,P.S.R. RENGASAMY COLLEGE OF ENGINEERING FOR WOMEN,"APPAYANAICKENPATTI
SEVALPATTI
SIVAKASI",VIRUDHUNAGAR,Unaided - Private,Y,Y,1-4410911,fetchdata,2013-2014,Engineering and Technology,1,1,1,1,Tamil Nadu,1
1-1371994312,RATNAVEL SUBRAMANIAM COLLEGE OF ENGG. & TECH.,"RVS NAGAR
KARUR ROAD
N. PARAIPATTI POST",DINDIGUL,Unaided - Private,N,N,1-5793836,fetchdata,2013-2014,Engineering and Technology,1,1,1,1,Tamil Nadu,1
1-1348343038,VEDHANTHA INSTITUTE OF TECHNOLOGY,"VEDHANTHA NAGAR,CHENNAI HIGHWAY,   PADUR POST, ULUNDURPET TALUK, VILLUPURAM DT",VILUPPURAM,Unaided - Private,N,N,1-506694781,fetchdata,2013-2014,Engineering and Technology,1,1,1,1,Tamil Nadu,1
1-1370097074,P.R.ENGINEERING COLLEGE,"THANJAVUR-TRICHY HIGH WAYS
VALLAM,THANJAVUR.",THANJAVUR,Unaided - Private,N,N,1-11077531,fetchdata,2013-2014,Engineering and Technology,1,1,1,1,Tamil Nadu,1
1-1371787654,SRI RAMAKRISHNA MISSION VIDYALAYA POLYTECHNIC COLLEGE,"METTUPALAYAM MAIN ROAD,
SRKVIDYALAYA  POST,
PERIYANAICKENPALAYAM.",COIMBATORE,Govt aided,N,N,1-441479051,fetchdata,2013-2014,Engineering and Technology,1,1,1,1,Tamil Nadu,1
1-1474452362,SRI NANDHANAM POLYTECHNIC COLLEGE,"MOLAGARAMPATTI,TIRUPATTUR-635601",VELLORE,Unaided - Private,N,Y,1-473846691,fetchdata,2013-2014,Engineering and Technology,1,1,1,1,Tamil Nadu,1
1-1370201622,CAUVERY COLLEGE OF ENGINEERING AND TECHNOLOGY,"PERUR,KULUMANI ROAD, SRIRANGAM (TK.)
TIRUCHIRAPPALLI
639103",TIRUCHIRAPPALLI,Unaided - Private,N,N,1-499150121,fetchdata,2013-2014,Engineering and Technology,1,1,1,1,Tamil Nadu,1
1-1502268112,C.R.ENGINEERIN COLLEGE,"ALAGAR KOVIL MAINROAD,
VALAYAPATTI,
MADURAI DISTRICT",MADURAI,Unaided - Private,N,N,1-461081721,fetchdata,2013-2014,Engineering and Technology,1,1,1,1,Tamil Nadu,1
1-1343968912,MOHAMED SATHAK ENGINEERING COLLEGE,"SATHAK NAGAR,
EAST COAST ROAD,
PUDHU MAYAKULAM,
KILAKARAI,
RAMANATHAPURAM DIST",RAMANATHAPURAM,Unaided - Private,N,Y,1-4230157,fetchdata,2013-2014,Engineering and Technology,1,1,1,1,Tamil Nadu,1
1-1343748112,JERUSALEM COLLEGE OF ENGINEERING,"VELACHERY-TAMBARAM MAIN ROAD,
NARAYANAPURAM, PALLIKKARANAI,
CHENNAI-600 100",CHENNAI,Unaided - Private,N,N,1-10612311,fetchdata,2013-2014,Engineering and Technology,1,1,1,1,Tamil Nadu,1
1-1370352940,DON BOSCO POLYTECHNIC COLLEGE,"MAMALLAPURAM BYE-PASS ROAD, KOTHIMANGALAM
THIRUKAZHUKUNDRAM- 603 109",KANCHIPURAM,Unaided - Private,N,Y,1-413840661,fetchdata,2013-2014,Engineering and Technology,1,1,1,1,Tamil Nadu,1
1-1345981502,SRI  SHAKTHI  INSTITUTE  OF  ENGINEERING  AND  TECHNOLOGY,"SRI  SHAKTHI  NAGAR, L & T  BY-PASS ROAD, CHINNIYAMPALAYAM  POST,",COIMBATORE,Unaided - Private,N,N,1-3968343,fetchdata,2013-2014,Engineering and Technology,1,1,1,1,Tamil Nadu,1
1-1345287614,PANNAI COLLEGE OF ENGINEERING AND TECHNOLOGY,"296,KEELAKANDANI
SIVAGANGAI - 630561
TAMIL NADU",SIVAGANGA,Unaided - Private,N,N,1-11135071,fetchdata,2013-2014,Engineering and Technology,1,1,1,1,Tamil Nadu,1
1-1345151577,SETHU INSTITUTE OF TECHNOLOGY,"PULLOOR
KARIAPATTI",VIRUDHUNAGAR,Unaided - Private,N,N,1-419556751,fetchdata,2013-2014,Engineering and Technology,1,1,1,1,Tamil Nadu,1
1-1348030255,NATIONAL ENGINEERING COLLEGE,"K.R.NAGAR, NALATTINPUTHUR, KOVILPATTI, TUTICORIN DISTRICT, TAMILNADU.",THOOTHUKUDI,Unaided - Private,N,N,1-6350609,fetchdata,2013-2014,Engineering and Technology,1,1,1,1,Tamil Nadu,1
1-1478382706,IDHAYA ENGINEERING COLLEGE FOR WOMEN,"NAINARPALAYAM ROAD 
CHINNA SALEM
VILLUPURAM DT",VILUPPURAM,Unaided - Private,Y,Y,1-10765421,fetchdata,2013-2014,Engineering and Technology,1,1,1,1,Tamil Nadu,1
1-1469150247,GOVERNMENT POLYTECHNIC COLLEGE - THOOTHUKUDI,PALAYAMKOTTAI ROAD,THOOTHUKUDI,Government,N,N,1-477802431,fetchdata,2013-2014,Engineering and Technology,1,1,1,1,Tamil Nadu,1
1-1351500794,UNNAMALAI INSTITUTE OF TECHNOLOGY,"SUBA NAGAR,
AYYANERI POST,
KOVILPATTI,
THOOTHUKUDI DISTRICT",THOOTHUKUDI,Unaided - Private,N,N,1-4092411,fetchdata,2013-2014,Engineering and Technology,1,1,1,1,Tamil Nadu,1
1-1351719312,SRI VENKATESHWARA INSTITUTE OF ENGINEERING,"NH-7,BANGALORE MAIN ROAD
MELUMALAI VILLAGE
HOSUR TALUK
KRISHNAGIRI DISTRICT,
635115",KRISHNAGIRI,Unaided - Private,N,N,1-434044821,fetchdata,2013-2014,Engineering and Technology,1,1,1,1,Tamil Nadu,1
1-1371722943,BALAJI INSTITUTE OF ENGINEERING AND TECHNOLOGY,"THANDALAM VILLAGE,
THIRUPORUR,
CHENGALPATTU TALUK
KANCHEEPURAM DISTRICT",KANCHIPURAM,Unaided - Private,N,N,1-5357526,fetchdata,2013-2014,Engineering and Technology,1,1,1,1,Tamil Nadu,1
1-1345264402,GANAPATHY CHETTIAR COLLEGE OF ENGINEERING AND TECHNOLOGY,"MELAKAVANUR(PO)
PARAMAKUDI
RAMANATHAPURAM(DIST)
TAMILNADU",RAMANATHAPURAM,Unaided - Private,N,N,1-33257691,fetchdata,2013-2014,Engineering and Technology,1,1,1,1,Tamil Nadu,1
1-1349585073,M.E.T. ENGINEERING COLLEGE,"NO:13/142A9/9, MOGALS GARDEN, CHENBAGARAMANPUTHUR, 
THOVALAI TALUK, KANYAKUMARI DIST. TAMIL NADU, PINCODE: 629304",KANYAKUMARI,Unaided - Private,N,N,1-5223351,fetchdata,2013-2014,Engineering and Technology,1,1,1,1,Tamil Nadu,1
1-1371736522,PSN ENGINEERING COLLEGE,"MELATHEDIYOOR,
PALAYAMKOTTAI
TRIUNELVELI",TIRUNELVELI,Unaided - Private,N,N,1-421801471,fetchdata,2013-2014,Engineering and Technology,1,1,1,1,Tamil Nadu,1
1-1371842252,SRI ANNAI POLYTECHNIC COLLEGE,"INDIRA NAGAR, EARAYANKADU (VIL.)
PALLIGONDA (POST), VELLORE TALUK & DIST.",VELLORE,Unaided - Private,N,N,1-465653091,fetchdata,2013-2014,Engineering and Technology,1,1,1,1,Tamil Nadu,1
1-1372755162,PET ENGINEERING COLLEGE,"THIRUCHENDUR ROAD
VALLIOOR",TIRUNELVELI,Unaided - Private,N,Y,1-3766781,fetchdata,2013-2014,Engineering and Technology,1,1,1,1,Tamil Nadu,1
1-1372804642,RANIPPETTAI INSTITUTE OF TECHNOLOGY,"THENKADAPANTHANGAL-632513, WALLAJAH TALUK, VELLORE DISTRICT",VELLORE,Unaided - Private,N,N,1-444172581,fetchdata,2013-2014,Engineering and Technology,1,1,1,1,Tamil Nadu,1
1-1448217351,DHAANISH AHMED INSTITUTE OF TECHNOLOGY,PICHANUR VILLAGE,COIMBATORE,Unaided - Private,N,N,,fetchdata,2013-2014,Engineering and Technology,1,1,1,1,Tamil Nadu,1
1-1372223872,CHEYYAR POLYTECHNIC COLLEGE,"CHEYYAR POLYTECHNIC COLLEGE
KULAMANDHAI VILLAGE
ERUMAIVETTI POST
CHEYYAR TALUK
PIN-604401
THIRUVANNAMALAI DISTRICT
TAMILNADU",TIRUVANNAMALAI,Unaided - Private,N,N,1-450995471,fetchdata,2013-2014,Engineering and Technology,1,1,1,1,Tamil Nadu,1
1-1372920962,SURYA ENGINEERING COLLEGE,"PERUNDURAI ROAD, 
MANAL MEDU,
METTUKADAI,
KATHIRAMPATTI POST",ERODE,Unaided - Private,N,N,1-2388434,fetchdata,2013-2014,Engineering and Technology,1,1,1,1,Tamil Nadu,1
1-1355654534,KAR POLYTECHNIC COLLEGE,"M.C. ROAD,
SOLUR VILLAGE,
AMBUR.",VELLORE,Unaided - Private,N,N,1-448394833,fetchdata,2013-2014,Engineering and Technology,1,1,1,1,Tamil Nadu,1
1-1349676590,ANNAPOORANA ENGINEERING COLLEGE,"SANKARI MAIN ROAD, NH-47, PERIASEERAGAPADI",SALEM,Unaided - Private,N,N,1-7030281,fetchdata,2013-2014,Engineering and Technology,1,1,1,1,Tamil Nadu,1
1-1488103472,NETHAJI SUBASH CHANDRA BOSE POLYTECHNIC COLLEGE,"NSC BOSE COLLEGE CAMPUS,SENTHAMANGALAM,TIRUVARUR - 610001",THIRUVARUR,Unaided - Private,N,N,1-454565561,fetchdata,2013-2014,Engineering and Technology,1,1,1,1,Tamil Nadu,1
1-1372309712,MEENAKSHI KRISHNAN POLYTECHNIC COLLEGE,"SHANKAR NAGAR,PAMMAL,CHENNAI",KANCHIPURAM,Unaided - Private,N,N,1-411314411,fetchdata,2013-2014,Engineering and Technology,1,1,1,1,Tamil Nadu,1
1-1432885212,RAJALAKSHMI INSTITUTE OF TECHNOLOGY,"BANGALORE HIGHWAY ROAD
KUTHAMBAKKAM
CHENNAI - 600 124",THIRUVALLUR,Unaided - Private,N,Y,1-10086261,fetchdata,2013-2014,Engineering and Technology,1,1,1,1,Tamil Nadu,1
1-1345147031,MUTHAYAMMAL COLLEGE OF ENGINEERING,"KAKKAVERI
RASIPURAM",NAMAKKAL,Unaided - Private,N,N,1-511454251,fetchdata,2013-2014,Engineering and Technology,1,1,1,1,Tamil Nadu,1
1-1349697224,P.S.V.POLYTECHNIC COLLEGE,"MITTAPALLI ( VILLAGE), BALINAYANAPALLI (POST), KRISHNAGIRI (DISTRICT) PIN CODE: 635 108.",KRISHNAGIRI,Unaided - Private,N,N,,fetchdata,2013-2014,Engineering and Technology,1,1,1,1,Tamil Nadu,1
1-1355871672,MISRIMAL NAVAJEE MUNOTH JAIN ENGINEERING COLLEGE,"GURU MARUDHAR KESARI BUILDING,
JYOTHI NAGAR, THORAPAKKAM,
CHENNAI - 600097.",CHENNAI,Unaided - Private,N,Y,1-4796841,fetchdata,2013-2014,Engineering and Technology,1,1,1,1,Tamil Nadu,1
1-1341711456,PET POLYTECHNIC COLLEGE,"TIRUCHENDUR ROAD,VALLIOOR-627117,TIRUNELVELI DISTRICT,TAMIL NADU,INDIA.",TIRUNELVELI,Unaided - Private,N,Y,1-474065941,fetchdata,2013-2014,Engineering and Technology,1,1,1,1,Tamil Nadu,1
1-1370089562,SHANMUGHA POLYTECHNIC COLLEGE,SASTRA UNIVERSITY CAMPUS,THANJAVUR,Unaided - Private,N,N,1-409933451,fetchdata,2013-2014,Engineering and Technology,1,1,1,1,Tamil Nadu,1
1-1372768122,RANIPPETTAI ENGINEERING COLLEGE,"THENKADAPANTHANGAL - 632513, WALLAJAH TALUK,
VELLORE DISTRICT, TAMILNADU.",VELLORE,Unaided - Private,N,N,1-5283611,fetchdata,2013-2014,Engineering and Technology,1,1,1,1,Tamil Nadu,1
1-1345250572,MAHATH AMMA INSTITUTE OF ENGINEERING AND TECHNOLOGY,"ARIYUR, MATHIYANALOOR -  POST
ANNAVASAL ROAD,
ILLUPUR TALUK",PUDUKKOTTAI,Unaided - Private,N,N,1-5029546,fetchdata,2013-2014,Engineering and Technology,1,1,1,1,Tamil Nadu,1
1-1372735026,ARASU ENGINEERING COLLEGE,"CHENNAI MAIN ROAD
THIRUVISANALLUR - VILLAGE, KUMBAKONAM-612501,
THIRUVIDAIMARUTHUR - TALUK",THANJAVUR,Unaided - Private,N,N,1-3930101,fetchdata,2013-2014,Engineering and Technology,1,1,1,1,Tamil Nadu,1
1-1346000584,TAGORE ENGINEERING COLLEGE,"RATHINAMANGALAM
VANDALUR
CHENNAI - 600 048",KANCHIPURAM,Unaided - Private,N,N,1-9722913,fetchdata,2013-2014,Engineering and Technology,1,1,1,1,Tamil Nadu,1
1-1372471192,NARAYANAGURU COLLEGE OF ENGINEERING,"CHITTADAVU,
MANJALUMOODU
VILAVANCODE TALUK,
KANYAKUMARI DIST,
PIN - 629151",KANYAKUMARI,Unaided - Private,N,Y,1-6067221,fetchdata,2013-2014,Engineering and Technology,1,1,1,1,Tamil Nadu,1
1-1345383141,JOHN BOSCO ENGINEERING COLLEGE,"TIRUVALLUR RAILWAY STATION,
TIRUVALLUR TALUK & DISTRICT,
TAMILNADU",THIRUVALLUR,Unaided - Private,N,N,1-439847081,fetchdata,2013-2014,Engineering and Technology,1,1,1,1,Tamil Nadu,1
1-1487914732,RATHNA POLYTECHNIC COLLEGE,"POLUR TO CHENGAM ROAD
KANGAINUR POST & VILLAGE",TIRUVANNAMALAI,Unaided - Private,N,N,1-404271913,fetchdata,2013-2014,Engineering and Technology,1,1,1,1,Tamil Nadu,1
1-1370373224,"ALAGAPPA POLYTECHNIC COLLEGE, KARAIKUDI","PRINCIPAL,
ALAGAPPA POLYTECHNIC COLLEGE",SIVAGANGA,Government,N,N,1-468153821,fetchdata,2013-2014,Engineering and Technology,1,1,1,1,Tamil Nadu,1
1-1370373352,"GOVERNMENT POLYTECHNIC COLLEGE, THIRUVARUR",KORUKKAI                   THIRUTHUTRAIPOONDI   THIRUVARUR,THIRUVARUR,Government,N,N,1-503531621,fetchdata,2013-2014,Engineering and Technology,1,1,1,1,Tamil Nadu,1
1-1341759682,CIT SANDWICH POLYTECHNIC COLLEGE,"AVANASHI ROAD,
CIVIL AERODROME (POST)
COIMBATORE",COIMBATORE,Govt aided,N,N,1-455084151,fetchdata,2013-2014,Engineering and Technology,1,1,1,1,Tamil Nadu,1
1-1349597562,THIAGARAJAR POLYTECHNIC COLLEGE,"POST BOX NO 523
JUNCTION MAIN ROAD
SURAMANGALAM POST
SALEM",SALEM,Govt aided,N,N,1-409699763,fetchdata,2013-2014,Engineering and Technology,1,1,1,1,Tamil Nadu,1
1-1373997810,INDIAN INSTITUTE OF HANDLOOM TECHNOLOGY,"FOULKE'S COMPOUND,THILLAI NAGAR",SALEM,Government,N,N,1-748077511,fetchdata,2013-2014,Engineering and Technology,1,1,1,1,Tamil Nadu,1
1-1341471493,UNION CHRISTIAN POLYTECHNIC COLLEGE,"KUTTAICODE,
MELPALAI.P.O",KANYAKUMARI,Unaided - Private,N,N,1-456662651,fetchdata,2013-2014,Engineering and Technology,1,1,1,1,Tamil Nadu,1
1-1372315302,ULTRA COLLEGE OF ENGINEERING & TECHNOLOGY FOR WOMEN,"69/1, ULTRA NAGAR,
KODIKULAM I BIT,
MADURAI - CHENNAI HIGHWAY,
MADURAI - 625 104,
TAMIL NADU",MADURAI,Unaided - Private,Y,N,1-3341573,fetchdata,2013-2014,Engineering and Technology,1,1,1,1,Tamil Nadu,1
1-1347639672,LORD VENKATESHWARAA ENGINEERING COLLEGE,"PULIAMBAKKAM,
WALAJABAD
KANCHIPURAM DT
TAMIL NADU
631605",KANCHIPURAM,Unaided - Private,N,N,1-8843583,fetchdata,2013-2014,Engineering and Technology,1,1,1,1,Tamil Nadu,1
1-1373902193,ANNAI MATHAMMAL SHEELA ENGINEERING COLLEGE,"ERUMAPATTY POST
NAMAKKAL DISTRICT",NAMAKKAL,Unaided - Private,N,Y,1-12612941,fetchdata,2013-2014,Engineering and Technology,1,1,1,1,Tamil Nadu,1
1-1341741962,ARULMURUGAN POLYTECHNIC COLLEGE,"KARVAZHI ROAD
THENNILAI
ARAVAKURICHY-TK
KARUR-DT",KARUR,Unaided - Private,N,N,1-402581451,fetchdata,2013-2014,Engineering and Technology,1,1,1,1,Tamil Nadu,1
1-1345997126,ST. PETER'S COLLEGE OF ENGINEERING AND TECHNOLOGY,"COLLEGE ROAD						AVADI
CHENNAI-600054						AVADI TALUK, TIRUVALLUR DISTRICT
TAMIL NADU",THIRUVALLUR,Unaided - Private,N,N,1-5148253,fetchdata,2013-2014,Engineering and Technology,1,1,1,1,Tamil Nadu,1
1-1374000832,CHOLAN INSTITUTE OF TECHNOLOGY,"16 SEMBARAMBAKKAM
KARAI POST",KANCHIPURAM,Unaided - Private,N,N,1-444197801,fetchdata,2013-2014,Engineering and Technology,1,1,1,1,Tamil Nadu,1
1-1455221067,SRI KARPAGA POLYTECHNIC COLLEGE,"ACHUKATTU VILLAGE, 
OLIMUGAMADPETTAI POST,
KANCHIPURAM",KANCHIPURAM,Unaided - Private,N,N,1-451958991,fetchdata,2013-2014,Engineering and Technology,1,1,1,1,Tamil Nadu,1
1-1492848532,C.R.V  POLYTECHNIC COLLEGE,"SEVANTHAMPATTI,
THUVARANKURICHI,
MANAPPARAI(TK),
TRICHY(DT).",TIRUCHIRAPPALLI,Unaided - Private,N,N,1-467275591,fetchdata,2013-2014,Engineering and Technology,1,1,1,1,Tamil Nadu,1
1-1372856845,SRI KRISHNA POLYTECHNIC COLLEGE,"TCR COMPLEX,
TIRUTTANI HIGH ROAD,",VELLORE,Unaided - Private,N,N,1-458335301,fetchdata,2013-2014,Engineering and Technology,1,1,1,1,Tamil Nadu,1
1-1373966352,STELLA MARY'S COLLEGE OF ENGINEERING,"ARUNTHENKANVILAI, AZHIKAL",KANYAKUMARI,Unaided - Private,N,N,1-798094521,fetchdata,2013-2014,Engineering and Technology,1,1,1,1,Tamil Nadu,1
1-1374009802,ASL PAULS COLLEGE OF ENGINEERING AND TECHNOLOGY,"SOLAVAMPALAYAM VILLAGE & PANCHAYAT, POLLACHI  TALUK",COIMBATORE,Unaided - Private,N,N,1-462818292,fetchdata,2013-2014,Engineering and Technology,1,1,1,1,Tamil Nadu,1
1-1347904424,K.L.N.COLLEGE OF ENGINEERING,"MADURAI - NEDUNKULAM ROAD
POTTAPALAYAM-630611
SIVAGANGAI DISTRICT
TAMILNADU",SIVAGANGA,Unaided - Private,N,Y,1-5127424,fetchdata,2013-2014,Engineering and Technology,1,1,1,1,Tamil Nadu,1
1-1341274172,ADHIYAMAAN POLYTECHNIC COLLEGE,"DR.M.G.R.NAGAR,
CHENNATHUR",KRISHNAGIRI,Unaided - Private,N,N,1-398281221,fetchdata,2013-2014,Engineering and Technology,1,1,1,1,Tamil Nadu,1
1-1345236481,VSA EDUCATIONAL AND CHARITABLE TRUSTS GROUP OF INSTITUTIONS,"NH-47 MAIN ROAD
UTHAMASOLAPURAM (PO)
SALEM-636010",SALEM,Unaided - Private,N,N,1-5773001,fetchdata,2013-2014,Engineering and Technology,1,1,1,1,Tamil Nadu,1
1-1351761282,THE WINNERS POLYTECHNIC COLLEGE,"WINNERS CITY,PUDUPPAI NAAL ROAD,MULANUR-VELLAKOVIL MAIN ROAD,RACKIAVALASU (PO)MULANUR.",TIRUPPUR,Unaided - Private,N,N,1-506465731,fetchdata,2013-2014,Engineering and Technology,1,1,1,1,Tamil Nadu,1
1-1373969192,SRI RAMAKRISHNA POLYTECHNIC COLLEGE,"VATTAMALAIPALAYAM, N.G.G.O.COLONY(POST), COIMBATORE",COIMBATORE,Unaided - Private,N,N,1-422808431,fetchdata,2013-2014,Engineering and Technology,1,1,1,1,Tamil Nadu,1
1-1345192000,SRI VENKATESWARA COLLEGE OF ENGINEERING,"POST BAG NO 3,
PENNALUR,
SRIPERUMBUDUR,
TAMIL NADU
PIN - 602 105",KANCHIPURAM,Unaided - Private,N,Y,1-2492131,fetchdata,2013-2014,Engineering and Technology,1,1,1,1,Tamil Nadu,1
1-1345541702,KONGU ENGINEERING COLLEGE,"PERUNDURAI RAILWAY STATION ROAD, 
THOPPUPALAYAM
PERUNDURAI, ERODE - 638 052",ERODE,Unaided - Private,N,N,1-3589631,fetchdata,2013-2014,Engineering and Technology,1,1,1,1,Tamil Nadu,1
1-1373874992,SIR ISSAC NEWTON COLLEGE OF ENGINEERING AND TECHNOLOGY,"ANDHANAPEETAI POST, PAPPAKOIL, NAGAPATTINAM 611 102",NAGAPATTINAM,Unaided - Private,N,N,1-13464971,fetchdata,2013-2014,Engineering and Technology,1,1,1,1,Tamil Nadu,1
1-1467788692,MAHARAJA ENGINEERING COLLEGE,"MAHARAJA ENGINEERING COLLEGE,KUPPANDAMPALAYAM(POST),AVINASHI",TIRUPPUR,Unaided - Private,N,N,1-463260371,fetchdata,2013-2014,Engineering and Technology,1,1,1,1,Tamil Nadu,1
1-1348389269,DR.NAGARATHINAM'S COLLEGE OF ENGINEERING,"ANANTHAGOUNDAMPALAYAM ,
MINNAKKAL (POST),
MALLUR VIA,
RASIPURAM TALUK,
NAMAKKAL DT.",NAMAKKAL,Unaided - Private,N,N,1-4352751,fetchdata,2013-2014,Engineering and Technology,1,1,1,1,Tamil Nadu,1
1-1349618892,PERI INSTITUTE OF TECHNOLOGY,"MANNIVAKKAM, TAMBARAM, CHENNAI",KANCHIPURAM,Unaided - Private,N,N,1-5937291,fetchdata,2013-2014,Engineering and Technology,1,1,1,1,Tamil Nadu,1
1-1364697782,816 SHREE VENKATESHWARA HI TECH POLYTECHNIC COLLEGE,"ERODE-GOBI MAIN ROAD,SRIKALAIVANI NAGAR,OTHAKUTHIRAI,K.METTUPALAYAM-PO,GOBI-TK,ERODE-DT",ERODE,Unaided - Private,N,N,1-431725341,fetchdata,2013-2014,Engineering and Technology,1,1,1,1,Tamil Nadu,1
1-1345974642,THIRUMALAI POLYTECHNIC COLLEGE,"KILAMBI VILLAGE
KRISHNAPURAM POST
KANCHIPURAM TALUK & DISTRICT",KANCHIPURAM,Unaided - Private,N,N,1-475497154,fetchdata,2013-2014,Engineering and Technology,1,1,1,1,Tamil Nadu,1
1-1347484572,SRI SAI RAM INSTITUTE OF TECHNOLOGY,"SAI LEO NAGAR, DHARKAST ROAD,
WEST TAMBARAM,
CHENNAI.600 044",KANCHIPURAM,Unaided - Private,N,N,1-2501960,fetchdata,2013-2014,Engineering and Technology,1,1,1,1,Tamil Nadu,1
1-1341254132,DUSI POLYTECHNIC COLLEGE,"DUSI VILLAGE &POST, CHEYYAR TALUK, TIRUVANNAMALAI DISTRICT",TIRUVANNAMALAI,Unaided - Private,N,N,1-438820481,fetchdata,2013-2014,Engineering and Technology,1,1,1,1,Tamil Nadu,1
1-1341081042,JAWAHAR ENGINEERING COLLEGE,"""SABARMATHI"" NO.54 KALAINGNAR KARUNANITHI ROAD
KAVERI RANGAN NAGAR, SALIGRAMAM, CHENNAI - 600093",CHENNAI,Unaided - Private,N,N,1-7033311,fetchdata,2013-2014,Engineering and Technology,1,1,1,1,Tamil Nadu,1
1-1341182593,PANIMALAR INSTITUTE OF TECHNOLOGY,"NO.391, BANGALORE TRUNK ROAD,
 VARADHARAJAPURAM,
 POONAMALLEE, 
CHENNAI - 600123
TAMILNADU",THIRUVALLUR,Unaided - Private,N,Y,1-5987871,fetchdata,2013-2014,Engineering and Technology,1,1,1,1,Tamil Nadu,1
1-1349983739,KPR INSTITUTE OF ENGINEERING AND TECHNOLOGY,"SF: 204/2 & 204/4, KOLLUPALAYAM VILLAGE,
ARASUR PANCHAYAT, COIMBATORE - 641 407",COIMBATORE,Unaided - Private,N,N,1-2828971,fetchdata,2013-2014,Engineering and Technology,1,1,1,1,Tamil Nadu,1
1-1347374887,SRI RANGANATHAR INSTITUTE OF ENGINEERING AND TECHNOLOGY,"SF NO 162, ATHIPALAYAM VILLAGE,
THUDIYALUR - KOVILPALAYAM ROAD,
COIMBATORE 641110",COIMBATORE,Unaided - Private,N,N,1-476020081,fetchdata,2013-2014,Engineering and Technology,1,1,1,1,Tamil Nadu,1
1-1369792412,AALIM MUHAMMED SALEGH COLLEGE OF ENGINEERING,"NIZARA EDUCATIONAL CAMPUS, MUTHAPUDUPET, AVADI-IAF,",THIRUVALLUR,Unaided - Private,N,Y,1-428224561,fetchdata,2013-2014,Engineering and Technology,1,1,1,1,Tamil Nadu,1
1-1348459886,VEL TECH HIGH TECH DR.RANGARAJAN DR.SAKUNTHALA ENGINEERING COLLEGE,"NO-60,VELTECH ROAD,AVADI",THIRUVALLUR,Unaided - Private,N,Y,1-4011411,fetchdata,2013-2014,Engineering and Technology,1,1,1,1,Tamil Nadu,1
1-1374224063,JAYARAJ ANNAPACKIAM CSI POLYTECHNIC COLLEGE,MARGOSCHIS NAGAR,THOOTHUKUDI,Unaided - Private,N,Y,1-431264551,fetchdata,2013-2014,Engineering and Technology,1,1,1,1,Tamil Nadu,1
1-1346057552,DMI COLLEGE OF ENGINEERING,"ST.JOSEPH'S TOWN,
MEVALURKUPPAM B VILLAGE,
NAZARETHPET POST,
PALANCHUR,",KANCHIPURAM,Unaided - Private,N,Y,1-3584027,fetchdata,2013-2014,Engineering and Technology,1,1,1,1,Tamil Nadu,1
1-1341166682,ADHIYAMAAN COLLEGE OF ENGINEERING (ENGINEERING & TECHNOLOGY),"(ENGINEERING & TECHNOLOGY)
AERI CAMPUS
DR.M.G.R.NAGAR,
HOSUR-635 109
KRISHNAGIRI DISTRICT
TAMIL NADU",KRISHNAGIRI,Unaided - Private,N,N,1-5725821,fetchdata,2013-2014,Engineering and Technology,1,1,1,1,Tamil Nadu,1
1-1471658625,MRK POLYTECHNIC COLLEGE,"MRK POLYTECHNIC COLLEGE, NATTARMANGALAM & POST, KATTUMANNAR KOIL",CUDDALORE,Unaided - Private,N,N,1-444184611,fetchdata,2013-2014,Engineering and Technology,1,1,1,1,Tamil Nadu,1
1-1345714244,SELVAM COLLEGE OF TECHNOLOGY,"SELVAM COLLEGE OF TECHNOLOGY, PONNUSAMY NAGAR,
PAPPINAICKENPATTI,
SALEM ROAD - NH-7,
NAMAKKAL",NAMAKKAL,Unaided - Private,N,N,1-4579266,fetchdata,2013-2014,Engineering and Technology,1,1,1,1,Tamil Nadu,1
1-1347240314,SACS M.A.V.M.M. ENGINEERING COLLEGE,"446,MELUR-ALAGARKOIL ROAD,
KIDARIPATTI (PO),
ALAGARKOIL (VIA),
MELUR TALUK,
MADURAI-625301.",MADURAI,Unaided - Private,N,N,1-4655811,fetchdata,2013-2014,Engineering and Technology,1,1,1,1,Tamil Nadu,1
1-1345982724,SSM POLYTECHNIC COLLEGE,VALAYAKARANOOR,NAMAKKAL,Govt aided,N,N,1-447948571,fetchdata,2013-2014,Engineering and Technology,1,1,1,1,Tamil Nadu,1
1-1355858342,RAJIV GANDHI COLLEGE OF ENGINEERING,"NEMILI VILLAGE, SRIPERUMBUDUR,PIN - 602105",KANCHIPURAM,Unaided - Private,N,Y,1-463976071,fetchdata,2013-2014,Engineering and Technology,1,1,1,1,Tamil Nadu,1
1-1355860706,JAY SHRIRAM GROUP OF INSTITUTIONS,DHARAPURAM ROAD,TIRUPPUR,Unaided - Private,N,N,1-4165413,fetchdata,2013-2014,Engineering and Technology,1,1,1,1,Tamil Nadu,1
1-1345999304,ST. JOSEPH'S COLLEGE OF ENGINEERING,"JEPPIAAR NAGAR
OLD MAMALLAPURAM ROAD",KANCHIPURAM,Unaided - Private,N,Y,1-434630173,fetchdata,2013-2014,Engineering and Technology,1,1,1,1,Tamil Nadu,1
1-1350574182,GREENTECH COLLEGE OF ENGINEERING FOR WOMEN,"NH-68,NARASINGAPURAM (P.O),ATTUR (TK),SALEM(DT)",SALEM,Unaided - Private,Y,N,1-4814871,fetchdata,2013-2014,Engineering and Technology,1,1,1,1,Tamil Nadu,1
1-1432780246,KRISHNASAMY COLLEGE OF ENGINEERING & TECHNOLOGY,"NELLIKUPPAM MAIN ROAD,
S. KUMARAPURAM,
CUDDALORE,
TAMIL NADU,
SOUTH INDIA",CUDDALORE,Unaided - Private,N,Y,1-7482741,fetchdata,2013-2014,Engineering and Technology,1,1,1,1,Tamil Nadu,1
1-1350384674,KONGUNADU COLLEGE OF ENGINEERING AND TECHNOLOGY,"THOLURPATTI, THOTTIAM",TIRUCHIRAPPALLI,Unaided - Private,N,N,1-2820021,fetchdata,2013-2014,Engineering and Technology,1,1,1,1,Tamil Nadu,1
1-1357441462,"R.V.S. EDUCATIONAL TRUST'S GROUP OF INSTITUTIONS  R.V.S. SCHOOL OF ENGINEERING & TECHNOLOGY, R.V.S. ","R.V.S. NAGAR
N.PARAIPATTI POST",DINDIGUL,Unaided - Private,N,N,1-447630411,fetchdata,2013-2014,Engineering and Technology,1,1,1,1,Tamil Nadu,1
1-1370006204,P.S.R.POLYTECHNIC COLLEGE,"APPAIYANAICKENPATTI,
SIVAKASI TALUK,
VIRUDHUNAGAR DIST - 626 140",VIRUDHUNAGAR,Unaided - Private,N,N,1-429773891,fetchdata,2013-2014,Engineering and Technology,1,1,1,1,Tamil Nadu,1
1-1347342097,IFET COLLEGE OF ENGINEERING,"IFET NAGAR, GANGARAMPALAYA M,VALAVANUR POST, VILLUPURAM DISTRICT, TAMILNADU 605 108",VILUPPURAM,Unaided - Private,N,N,1-8141341,fetchdata,2013-2014,Engineering and Technology,1,1,1,1,Tamil Nadu,1
1-1461826272,THE SELVAM WOMEN EXCELLENCE ENGINEERING TECHNOLOGY,RAJA NAGAR,TIRUCHIRAPPALLI,Unaided - Private,Y,Y,1-437662571,fetchdata,2013-2014,Engineering and Technology,1,1,1,1,Tamil Nadu,1
1-1369931722,SRINIVASA POLYTECHNIC COLLEGE,"SRINIVASA NAGAR,
KALAMAVUR (PO)
KULATHUR TK
KEERANUR
PUDUKKOTTAI 622 502",PUDUKKOTTAI,Unaided - Private,N,Y,1-405508261,fetchdata,2013-2014,Engineering and Technology,1,1,1,1,Tamil Nadu,1
1-1364607689,S.A. POLYTECHNIC COLLEGE,"SUNDARASOLAVARAM, THIRUVERKADU POST, CHENNAI - 600077",THIRUVALLUR,Unaided - Private,N,N,1-440178891,fetchdata,2013-2014,Engineering and Technology,1,1,1,1,Tamil Nadu,1
1-1339269762,JAYARAM COLLEGE OF ENGINEERING AND TECHNOLOGY,"KARATTAMPATTY, PAGALAVADI, THURAIYUR TALUK, 
TIRUCHIRAPPALLI - 621 014",TIRUCHIRAPPALLI,Unaided - Private,N,N,1-16908673,fetchdata,2013-2014,Engineering and Technology,1,1,1,1,Tamil Nadu,1
1-1465763212,APOLLO ENGINEERING COLLEGE,"MEVALOORKUPPAM, VALARPURAM POST, SRIPERUMBUDUR TALUK, KANCHIPURAM DISTRICT, TAMILNADU.",KANCHIPURAM,Unaided - Private,N,N,1-28447791,fetchdata,2013-2014,Engineering and Technology,1,1,1,1,Tamil Nadu,1
1-1339417603, SONA COLLEGE OF TECHNOLOGY,"SONA NAGAR, 
THIAGARAJAR POLYTECHNIC COLLEGE ROAD, 
SURAMANGALAM (PO), 
SALEM DISTRICT, 
TAMILNADU",SALEM,Unaided - Private,N,N,1-14145641,fetchdata,2013-2014,Engineering and Technology,1,1,1,1,Tamil Nadu,1
1-1339928656,SREE VARI MAYASUDHAN COLLEGE OF POLYTECHNIC,"IDAYAR KUDI IRRUPPU, PARTHIBANUR[P0ST]  PIN 623608 PARAMAKUDI[TALUK],RAMANATHAPURAM[DISTRICT] TAMIL NADU",RAMANATHAPURAM,Unaided - Private,N,N,1-501464161,fetchdata,2013-2014,Engineering and Technology,1,1,1,1,Tamil Nadu,1
1-1337566852,SAKTHI POLYTECHNIC COLLEGE,"NACHIMUTHUPURAM
SAKTHI NAGAR
APPAKUDAL",ERODE,Govt aided,N,N,1-445676291,fetchdata,2013-2014,Engineering and Technology,1,1,1,1,Tamil Nadu,1
1-1390500703,SHREENIVASA POLYTECHNIC COLLEGE,"B.PALLIPATTI (P.O),
PAPPIREDDIPATTI (T.K),
DHARMAPURI (D.T),
PIN - 635 301.",DHARMAPURI,Unaided - Private,N,N,1-441537821,fetchdata,2013-2014,Engineering and Technology,1,1,1,1,Tamil Nadu,1
1-1345196952,ROHINI COLLEGE OF ENGINEERING AND TECHNOLOGY,"PALKUMLAM
KANYAKUMARI DISTRICT",KANYAKUMARI,Unaided - Private,N,N,1-523681721,fetchdata,2013-2014,Engineering and Technology,1,1,1,1,Tamil Nadu,1
1-1345183962,POTHIGAI POLYTECHNIC COLLEGE,"POTHIGAI NAGAR
ELAMBALUR ROAD
PERAMBALUR",PERAMBALUR,Unaided - Private,N,N,1-434218951,fetchdata,2013-2014,Engineering and Technology,1,1,1,1,Tamil Nadu,1
1-1437363962,KALAIVANI COLLEGE OF TECHNOLOGY,"ALAGU NACHIAMMAN KOIL ROAD
PALATHURAI (PO)
COIMBATORE - 641 105",COIMBATORE,Unaided - Private,N,N,1-6124036,fetchdata,2013-2014,Engineering and Technology,1,1,1,1,Tamil Nadu,1
1-1344309022,PANIMALAR ENGINEERING COLLEGE,"BANGALORE TRUNK ROAD,
NAZARATHPET,
VARADHARAJAPURAM,
POONAMALLEE,
THIRUVALLUR(DT)",THIRUVALLUR,Unaided - Private,N,Y,1-4022409,fetchdata,2013-2014,Engineering and Technology,1,1,1,1,Tamil Nadu,1
1-1339679273,PRINCE SHRI VENKATESHWARA PADMAVATHY ENGINERING COLLEGE,"MEDAVAKKAM - MAMBAKKAM ROAD
PONMAR,
CHENNAI - 600 048.",KANCHIPURAM,Unaided - Private,N,N,1-4160781,fetchdata,2013-2014,Engineering and Technology,1,1,1,1,Tamil Nadu,1
1-1340975832,MOUNT ZION COLLEGE OF ENGINEERING AND TECHNOLOGY,"LENA VILAKKU,
PILIVALAM PO,
PUDUKKOTTAI",PUDUKKOTTAI,Unaided - Private,N,N,1-2782864,fetchdata,2013-2014,Engineering and Technology,1,1,1,1,Tamil Nadu,1
1-1345304152,TRICHY ENGINEERING COLLEGE,SOMU NAGAR,TIRUCHIRAPPALLI,Unaided - Private,N,Y,1-5390541,fetchdata,2013-2014,Engineering and Technology,1,1,1,1,Tamil Nadu,1
1-1348353712,KUMARAGURU COLLEGE OF TECHNOLOGY,CHINNAVEDAMPATTI,COIMBATORE,Unaided - Private,N,N,1-3641071,fetchdata,2013-2014,Engineering and Technology,1,1,1,1,Tamil Nadu,1
1-1457537402,MAHARAJA POLYTECHNIC COLLEGE,"ARALIPATTI VILAKKU,THIRUPPATHUR-DINDIGUL MAIN ROAD,",SIVAGANGA,Unaided - Private,N,N,1-488757261,fetchdata,2013-2014,Engineering and Technology,1,1,1,1,Tamil Nadu,1
1-1351989002,CHANDY COLLEGE OF ENGINEERING,"CHANDY NAGAR,
MULLAKKADU,
THOOTHUKUDI",THOOTHUKUDI,Unaided - Private,N,N,1-8472709,fetchdata,2013-2014,Engineering and Technology,1,1,1,1,Tamil Nadu,1
1-1366197254,JAIRUPAA COLLEGE OF ENGENEERING,"THOTTIAPALAYAM,
KATHANKANNI-PO,
KANGAYAM-TK.",TIRUPPUR,Unaided - Private,N,N,1-468167351,fetchdata,2013-2014,Engineering and Technology,1,1,1,1,Tamil Nadu,1
1-1453072632,KONGUNADU POLYTECHNIC COLLEGE,"PALAYAM (VIA)
PUSARIPATTI PIRIVU",DINDIGUL,Unaided - Private,N,N,1-475245811,fetchdata,2013-2014,Engineering and Technology,1,1,1,1,Tamil Nadu,1
1-1458721829,KALSAR COLLEGE OF ENGINEERING,"109, MANNUR, VALARPURAM POST SRIPERAMBUDUR TK, KANCHEEPURAM DIST-602 105",KANCHIPURAM,Unaided - Private,N,Y,1-485744191,fetchdata,2013-2014,Engineering and Technology,1,1,1,1,Tamil Nadu,1
1-1349326702,KONGU POLYTECHNIC COLLEGE,"KEC CAMPUS, THOPPUPALAYAM, PERUNDURAI R.S.ROAD, PERUNDURAI",ERODE,Unaided - Private,N,N,1-427049031,fetchdata,2013-2014,Engineering and Technology,1,1,1,1,Tamil Nadu,1
1-1364597962,SRI LAKSHMI AMMAL ENGINEERING COLLEGE,"THIRUVANCHERY, 
SELAIYUR POST, 
KANCHEEPURAM DIST",KANCHIPURAM,Unaided - Private,N,N,1-3283904,fetchdata,2013-2014,Engineering and Technology,1,1,1,1,Tamil Nadu,1
1-1366339342,DR. G.U. POPE COLLEGE OF ENGINEERING,"POPE NAGAR, 
SAWYERPURAM",THOOTHUKUDI,Unaided - Private,N,N,1-423116251,fetchdata,2013-2014,Engineering and Technology,1,1,1,1,Tamil Nadu,1
1-1347619043,S.A.ENGINEERING COLLEGE,"POONAMALLEE-AVADI ROAD,
THIRUVERKADU POST,
CHENNAI-600077",THIRUVALLUR,Unaided - Private,N,Y,1-15813371,fetchdata,2013-2014,Engineering and Technology,1,1,1,1,Tamil Nadu,1
1-1341630403,EINSTEIN COLLEGE OF ENGINEERING,"SIR.C.V.RAMAN NAGAR
SEETHAPARPANALLUR
TIRUNELVELI-627012
TAMIL NADU",TIRUNELVELI,Unaided - Private,N,N,1-1932651,fetchdata,2013-2014,Engineering and Technology,1,1,1,1,Tamil Nadu,1
1-1345983738,R.M.K. ENGINEERING COLLEGE,"RSM NAGAR, 
KAVARAIPETTAI,
GUMMIDIPOONDI TALUK,",THIRUVALLUR,Unaided - Private,N,Y,1-2019411,fetchdata,2013-2014,Engineering and Technology,1,1,1,1,Tamil Nadu,1
1-1366254012,E.G.S. PILLAY POLYTECHNIC COLLEGE,"NAGORE MAIN ROAD,
NAGORE POST
NAGAPATTINAM",NAGAPATTINAM,Unaided - Private,N,N,1-463824941,fetchdata,2013-2014,Engineering and Technology,1,1,1,1,Tamil Nadu,1
1-1347656264,MORNING STAR POLYTECHNIC COLLEGE,"THIRUMALAI,
CHUNKANKADAI.",KANYAKUMARI,Unaided - Private,N,Y,1-479984091,fetchdata,2013-2014,Engineering and Technology,1,1,1,1,Tamil Nadu,1
1-1370108652,PATTUKKOTTAI POLYTECHNIC COLLEGE,"PALAYAM, SANTHANGADU,",THANJAVUR,Govt aided,N,N,1-421820701,fetchdata,2013-2014,Engineering and Technology,1,1,1,1,Tamil Nadu,1
1-1349336196,SUGUNA POLYHTECHNIC COLLEGE,"NEHRU NAGAR,
KALAPATTY ROAD,
CIVIL AERODROME 
PO,",COIMBATORE,Unaided - Private,N,N,1-435925181,fetchdata,2013-2014,Engineering and Technology,1,1,1,1,Tamil Nadu,1
1-1349328411,DON BOSCO POLYTECHNIC  COLLEGE,"106 D'CASTOR ROAD,  BASIN BRIDGE",CHENNAI,Unaided - Private,N,Y,,fetchdata,2013-2014,Engineering and Technology,1,1,1,1,Tamil Nadu,1
1-1445953845,VOICE OF GOD POLYTECHNIC COLLEGE,DEVARAYAPURAM POST,NAMAKKAL,Unaided - Private,N,N,1-440311961,fetchdata,2013-2014,Engineering and Technology,1,1,1,1,Tamil Nadu,1
1-1348425703,SRI RAMANA INSTITUTE OF POLYTECHNIC COLLEGE,MOOLAIKARAIPATTI,TIRUNELVELI,Unaided - Private,N,N,1-423280381,fetchdata,2013-2014,Engineering and Technology,1,1,1,1,Tamil Nadu,1
1-1346002463,VELALAR COLLEGE OF ENGINEERING AND TECHNOLOGY,"PERUNDURAI ROAD
THINDAL POST
ERODE",ERODE,Unaided - Private,N,N,1-3451381,fetchdata,2013-2014,Engineering and Technology,1,1,1,1,Tamil Nadu,1
1-1494127562,"122,GOVERNMENT POLYTECHNIC COLLEGE,DHARMAPURI","TEMPORARY SITE:
COMMUNITY HALL, KERAKODAHALLI VILLAGE,KARIMANGALM POST ,PALACODE TALUK,DHARMAPURI DISTRICT -635111.
PERMANENT SITE:
SURVEY NO 211/1",DHARMAPURI,Government,N,N,1-478412091,fetchdata,2013-2014,Engineering and Technology,1,1,1,1,Tamil Nadu,1
1-1366281742,SRI RAMAKRISHNA ENGINEERING COLLEGE,"VATTAMALAIPALAYAM,
N.G.G.O COLONY(POST),
COIMABATORE-641022.
TAMILNADU.",COIMBATORE,Unaided - Private,N,N,1-11762850,fetchdata,2013-2014,Engineering and Technology,1,1,1,1,Tamil Nadu,1
1-1366939872,RANE POLYTECHNIC TECHNICAL CAMPUS,"NO.82 SETHURAPATTI VILLAGE
FATHIMANAGAR P.O.",TIRUCHIRAPPALLI,Unaided - Private,N,N,1-458066531,fetchdata,2013-2014,Engineering and Technology,1,1,1,1,Tamil Nadu,1
1-1374426182,PRIYADARSHINI ENGINEERING COLLEGE,"CHETTIYAPPANUR VILLAGE & POST,
VANIYAMBADI.",VELLORE,Unaided - Private,N,N,1-22286661,fetchdata,2013-2014,Engineering and Technology,1,1,1,1,Tamil Nadu,1
1-1374026205,SRINIVASA SUBBARAYA POLYTECHNIC COLLEGE,PUTHUR,NAGAPATTINAM,Government,N,N,1-487148641,fetchdata,2013-2014,Engineering and Technology,1,1,1,1,Tamil Nadu,1
1-1374315689,SHANMUGANATHAN ENGINEERING COLLEGE,"ARASAMPATTI,
PILIVALAM(PO)
THIRUMAYAM TK,
PUDUKKOTTAI DIST-622507
TAMILNADU",PUDUKKOTTAI,Unaided - Private,N,N,1-4163997,fetchdata,2013-2014,Engineering and Technology,1,1,1,1,Tamil Nadu,1
1-1443712752,S.S.K POLYTECHNIC COLLEGE,"TRICHY-DINDUGAL NATIONAL HIGHWAYS, POOLANGULATHUPATTI(PO), AMMAPETTAI, SRIRANGAM (TK),",TIRUCHIRAPPALLI,Unaided - Private,N,N,1-429708841,fetchdata,2013-2014,Engineering and Technology,1,1,1,1,Tamil Nadu,1
1-1374165312,PONNAIYAH RAMAJAYAM COLLEGE OF ENGINEERING AND TECHNOLOGY,"THANJAVUR TO TRICHY HIGHWAYS
VALLAM
THANJAVUR
613 403",THANJAVUR,Unaided - Private,N,N,1-404175231,fetchdata,2013-2014,Engineering and Technology,1,1,1,1,Tamil Nadu,1
1-1366009812,VIVEKANANDA POLYTECHNIC COLLEGE,"KARAIKUDI-THIRUPPATHUR MAIN ROAD, (PILLYARPPATTI ROAD),",SIVAGANGA,Unaided - Private,N,N,1-485960131,fetchdata,2013-2014,Engineering and Technology,1,1,1,1,Tamil Nadu,1
1-1370088862,VIDHYA MANDHIR INSTITUTE OF TECHNOLOGY,"PERUNDURAI - CHENNIMALAI STATE HIGHWAY,
INGUR -POST,
PERUNDURAI TALUK,
ERODE-638052",ERODE,Unaided - Private,N,N,1-440146201,fetchdata,2013-2014,Engineering and Technology,1,1,1,1,Tamil Nadu,1
1-1341487647,KONGU HI-TEK POLYTECHNIC COLLEGE,"S.F.NO.94/2 PUNGAMPADI WEST VILLAGE, KANAKUVELANPATTY POST, ARAVAKURICHI TALUK, KARUR DISTRICT, PIN 639 201",KARUR,Unaided - Private,N,N,1-743613981,fetchdata,2013-2014,Engineering and Technology,1,1,1,1,Tamil Nadu,1
1-1347260353,K.N.S.K COLLEGE OF ENGINEERING," P.C.P NAGAR,
THEREKALPUTHOOR,
THIRUPPATHISARAM POST
AGASTEESWARAM TALUK
NAGERCOIL - 629 901
KANYA KUMARI DISTRICT
TAMIL NADU",KANYAKUMARI,Unaided - Private,N,N,1-3369933,fetchdata,2013-2014,Engineering and Technology,1,1,1,1,Tamil Nadu,1
1-1349453717,LATHA MATHAVAN POLYTECHNIC COLLEGE,"LATHA MATHAVAN NAGAR
KIDARIPATTI POST
ALAGARKOVIL
MELUR TALUK
MADURAI",MADURAI,Unaided - Private,N,N,1-442075131,fetchdata,2013-2014,Engineering and Technology,1,1,1,1,Tamil Nadu,1
1-1455066103,S.A.RAJAS POLYTECHNIC COLLEGE,"RAJA NAGAR
VADAKKANGULAM
TIRUNELVELI DIST",TIRUNELVELI,Unaided - Private,N,N,1-467250051,fetchdata,2013-2014,Engineering and Technology,1,1,1,1,Tamil Nadu,1
1-1366456953,NANJAPPA POLYTECHNIC COLLEGE,"PALANISAME RAVI NAGAR, KARUMATHAMPATTI,",COIMBATORE,Unaided - Private,N,N,1-442022621,fetchdata,2013-2014,Engineering and Technology,1,1,1,1,Tamil Nadu,1
1-1345722934,SEIKALATHUR KAMATCHI AMMAN POLYTECHNIC COLLEGE,"G.K.COMPLEX,
SEIKALATHUR MAIN ROAD,
MANAMADURAI.",SIVAGANGA,Unaided - Private,N,N,1-444176691,fetchdata,2013-2014,Engineering and Technology,1,1,1,1,Tamil Nadu,1
1-1374538962,CENTRAL INSTITUTE OF PLASTICS ENGINEERING & TECHNOLOGY,"T.V.K INDUSUTRIAL ESTATE, GUINDY",CHENNAI,Government,N,N,1-506726551,fetchdata,2013-2014,Engineering and Technology,1,1,1,1,Tamil Nadu,1
1-1473213062,M.I.E.T. POLYTECHNIC COLLEGE,"TRICHY-PUDUKOTTAI ROAD, TRICHIRAPALLI - 620 007.",TIRUCHIRAPPALLI,Unaided - Private,N,N,1-424592671,fetchdata,2013-2014,Engineering and Technology,1,1,1,1,Tamil Nadu,1
1-1376349272,SRI VENKATESWARA INSTITUTE OF SCIENCE & TECHNOLOGY,"KOLUNDHALUR, THIRUVALLUR TALUK & DISTRICT,               TAMIL NADU STATE",THIRUVALLUR,Unaided - Private,N,Y,1-4838164,fetchdata,2013-2014,Engineering and Technology,1,1,1,1,Tamil Nadu,1
1-1366332884,A.V.C.COLLEGE OF ENGINEERING,"MAYILADUTHURAI
MANNAMPANDAL",NAGAPATTINAM,Unaided - Private,N,N,1-3285877,fetchdata,2013-2014,Engineering and Technology,1,1,1,1,Tamil Nadu,1
1-1366444012,RANGANATHAN ENGINEERING COLLEGE,"VIRALIYUR (PO),THONDAMUTHUR (VIA),
COIMBATORE-641 109, TAMILNADU.",COIMBATORE,Unaided - Private,N,N,1-11104730,fetchdata,2013-2014,Engineering and Technology,1,1,1,1,Tamil Nadu,1
1-1376613312,GNANAMANI COLLEGE OF ENGINEERING,"NH-7, A.K. SAMUTHIRAM,
PACHAL POST,
NAMAKKAL DISTRICT,
TAMILNADU.
PIN 637018.",NAMAKKAL,Unaided - Private,N,Y,1-4224633,fetchdata,2013-2014,Engineering and Technology,1,1,1,1,Tamil Nadu,1
1-1447598752,SRI RAAJA RAAJAN COLLEGE OF ENGINEERING AND TECHNOLOGY,"NO:146/4B1,AMARAVATHI VILLAGE,AMARAVATHYPUDHUR(POST),KARAIKUDI(TALUK)
SIVAGANGAI(DISTRICT)",SIVAGANGA,Unaided - Private,N,N,1-7277651,fetchdata,2013-2014,Engineering and Technology,1,1,1,1,Tamil Nadu,1
1-1341810255,INSTITUTE OF ROAD AND TRANSPORT TECHNOLOGY,"VASAVI COLLEGE(PO)
ERODE (DT)
PIN -638316",ERODE,Unaided - Private,N,N,1-7644701,fetchdata,2013-2014,Engineering and Technology,1,1,1,1,Tamil Nadu,1
1-1345372372,MOHAMED SATHAK A.J COLLEGE OF ENGINEERING,"#34,RAJIV GANDHI ROAD (OMR), IT HIGHWAY SIRUSERI,
EGATTUR, CHENNAI.
PIN-603 103",KANCHIPURAM,Unaided - Private,N,Y,1-9756351,fetchdata,2013-2014,Engineering and Technology,1,1,1,1,Tamil Nadu,1
1-1343621702,SRI SUBRAMANYA COLLEGE OF ENGG & TECH,SUKKAMANAICKENPATTI,DINDIGUL,Unaided - Private,N,N,1-3131574,fetchdata,2013-2014,Engineering and Technology,1,1,1,1,Tamil Nadu,1
1-1476385502,THE CHRISTIAN INSTITUTE FOR TECHNICAL EDUCATION (POLYTECHNIC COLLEGE),"CHRISTIAN POLYTECHNIC COLLEGE, NEAR CHECK POST, ODDANCHATRAM - 624 619, DINDIGUL DIST, TAMILNADU.",DINDIGUL,Unaided - Private,N,Y,1-441418921,fetchdata,2013-2014,Engineering and Technology,1,1,1,1,Tamil Nadu,1
1-1345324582,PERIYAR CENTENARY POLYTECHNIC COLLEGE,PERIYAR NAGAR,THANJAVUR,Govt aided,N,N,1-413825331,fetchdata,2013-2014,Engineering and Technology,1,1,1,1,Tamil Nadu,1
1-1341752653,COIMBATORE INSTITUTE OF TECHNOLOGY,"AVINASHI ROAD,
AERODROMME POST",COIMBATORE,Govt aided,N,N,1-5213396,fetchdata,2013-2014,Engineering and Technology,1,1,1,1,Tamil Nadu,1
1-1366400013,NEW PRINCE SHRI BHAVANI COLLEGE OF ENGG & TECH,"VENGAIVASAL MAIN ROAD,
GOWRIVAKKAM,
CHENNAI - 600 073.",KANCHIPURAM,Unaided - Private,N,N,1-2941897,fetchdata,2013-2014,Engineering and Technology,1,1,1,1,Tamil Nadu,1
1-1355546222,TAMIZHAN COLLEGE OF ENGINEERING & TECHNOLOGY,"TAMIZHAN NAGER,
CHENBAGARAMANPUTHOOR P.O
KANYAKUMARI DIST,",KANYAKUMARI,Unaided - Private,N,N,1-6706904,fetchdata,2013-2014,Engineering and Technology,1,1,1,1,Tamil Nadu,1
1-1370201214,VKS COLLEGE OF ENGINEERING AND TECHNOLOGY,"DESIYAMANGALAM,
CHINNIYAMPALAYAM(PO),
VAIGAINALLUR(VIA)
KRISHNARAYAPURAM(TK)
KARUR(DT)",KARUR,Unaided - Private,N,N,1-7853426,fetchdata,2013-2014,Engineering and Technology,1,1,1,1,Tamil Nadu,1
1-1441210626,CHENNAI INSTITUTE OF TECHNOLOGY,"PUDUPER VILLAGE,NANDAMBAKKAM(PO)",KANCHIPURAM,Unaided - Private,N,N,1-6324891,fetchdata,2013-2014,Engineering and Technology,1,1,1,1,Tamil Nadu,1
1-1376251032,SRIGURU INSTITUTE OF TECHNOLOGY,"VARATHAIYANGARPALAYAM,
KONDAYAMPALAYAM POST,
NEAR SARAVANAMPATTI , 
COIMBATORE - 641110",COIMBATORE,Unaided - Private,N,N,1-2649823,fetchdata,2013-2014,Engineering and Technology,1,1,1,1,Tamil Nadu,1
1-1376156242,ARULMIGU SENTHILANDAVAR POLYTECHNIC COLLEGE,"AYIKUDI (VIA)
TENKASI-627811",TIRUNELVELI,Unaided - Private,N,N,1-507818601,fetchdata,2013-2014,Engineering and Technology,1,1,1,1,Tamil Nadu,1
1-1374097172,S.K.P. ENGINEERING COLLEGE,"CHINNKANGIYANUR,
SOMASIPADI POST,
TIRUVANNAMALAI TALUK,
TIRUVANNAMALAI DIST",TIRUVANNAMALAI,Unaided - Private,N,N,1-1710591,fetchdata,2013-2014,Engineering and Technology,1,1,1,1,Tamil Nadu,1
1-1374164882,SKP INSTITUTE OF TECHNOLOGY,"SKP INSTITUTE OF TECHNOLOGY
CHINNAKANGIYANUR
SOMASIPADI POST
TIRUVANNAMALAI
TAMIL NADU-606611",TIRUVANNAMALAI,Unaided - Private,N,N,1-1723411,fetchdata,2013-2014,Engineering and Technology,1,1,1,1,Tamil Nadu,1
1-1376150632,ST.MICHAEL POLYTECHNIC COLLEGE,"ST.SANTHIAGAPER NAGAR, KALAYARKOIL - 630551.",SIVAGANGA,Unaided - Private,N,Y,1-424559401,fetchdata,2013-2014,Engineering and Technology,1,1,1,1,Tamil Nadu,1
1-1345987557,PANDIAN SARASWATHI YADAV ENGINEERING COLLEGE,"ARASANOOR VILLAGE 
THIRUMANSOLAI POST
SIVAGANAGI DISTRICT",SIVAGANGA,Unaided - Private,N,N,1-6571396,fetchdata,2013-2014,Engineering and Technology,1,1,1,1,Tamil Nadu,1
1-1346084942,SRI SAI RAM ENGINEERING COLLEGE,"SAI LEO NAGAR, POONTHANDALAM VILLAGE, 
DHARKAST POST, WEST TAMBARAM",KANCHIPURAM,Unaided - Private,N,N,1-2028941,fetchdata,2013-2014,Engineering and Technology,1,1,1,1,Tamil Nadu,1
1-1437395791,AMMAIAPPAR POLYTECHNIC COLLEGE,"PUTHUR- MEENATCHIYAPURAM ROAD,
MEENATCHIYAPURAM",VIRUDHUNAGAR,Unaided - Private,N,N,,fetchdata,2013-2014,Engineering and Technology,1,1,1,1,Tamil Nadu,1
1-1376135372,KALAIGNAR KARUNANIDHI INSTITUTE OF TECHNOLOGY,"S.F. NO. 282, S.F. NO. 283
KANNAMPALAYAM  POST,
COIMBATORE",COIMBATORE,Unaided - Private,N,N,1-6089771,fetchdata,2013-2014,Engineering and Technology,1,1,1,1,Tamil Nadu,1
1-1376266513,CSIR - CENTRAL ELECTROCHEMICAL RESEARCH INSTITUTE,"CENTRAL ELECTROCHEMICAL RESEARCH INSTITUTE, KARAIKUDI",SIVAGANGA,Government,N,N,1-454237241,fetchdata,2013-2014,Engineering and Technology,1,1,1,1,Tamil Nadu,1
1-1376340934,THE INDIAN POLYTECHNIC COLLEGE,"RAJA NAGAR , VADAKKANGULAM,
VADAKKANGULAM POST.",TIRUNELVELI,Unaided - Private,N,Y,1-445619821,fetchdata,2013-2014,Engineering and Technology,1,1,1,1,Tamil Nadu,1
1-1369813379,PANDIYAN POLYTECHNIC COLLEGE,"ADHIYUR VILLAGE
ELAVAMPATTI POST 
SALEM ROAD
TIRUPATTUR",VELLORE,Unaided - Private,N,N,1-433821191,fetchdata,2013-2014,Engineering and Technology,1,1,1,1,Tamil Nadu,1
1-1435082781,GOVERNMENT POLYTECHNIC COLLEGE FOR WOMEN,"BHARATHIYAR ROAD,
NEW SIDDHAPUDUR,
COIMBATORE.",COIMBATORE,Government,Y,N,1-462386831,fetchdata,2013-2014,Engineering and Technology,1,1,1,1,Tamil Nadu,1
1-1374900752,A.D.J.DHARMAMBAL POLYTECHNIC COLLEGE,"NAGORE MAIN ROAD, 
KADAMBADI,
NAGAPATTINAM",NAGAPATTINAM,Govt aided,N,N,1-411302291,fetchdata,2013-2014,Engineering and Technology,1,1,1,1,Tamil Nadu,1
1-1374868404,ERODE SENGUNTHAR ENGINEERING COLLEGE,"THUDUPATHI,
PERUNDURAI (TK),
ERODE DISTRICT",ERODE,Unaided - Private,N,N,1-5768853,fetchdata,2013-2014,Engineering and Technology,1,1,1,1,Tamil Nadu,1
1-1376193954,KARUR COLLEGE OF ENGINEERING,"SANJAY NAGAR
KARUR - ERODE MAIN ROAD ATHUR-POST,
KARUR-DT",KARUR,Unaided - Private,N,N,1-465819111,fetchdata,2013-2014,Engineering and Technology,1,1,1,1,Tamil Nadu,1
1-1376197572,SANKARA POLYTECHNIC COLLEGE,"SARAVANAMPATTY
COIMBATORE",COIMBATORE,Unaided - Private,N,N,1-427010283,fetchdata,2013-2014,Engineering and Technology,1,1,1,1,Tamil Nadu,1
1-1374938083,P.S.R.ENGINEERING COLLEGE,"APPAYANAICKENPATTY,
SEVALPATTY,
SIVAKASI-626 140,
VIRUDHUNAGAR(DIST).",VIRUDHUNAGAR,Unaided - Private,N,Y,1-3760792,fetchdata,2013-2014,Engineering and Technology,1,1,1,1,Tamil Nadu,1
1-1376037252,AS-SALAM COLLEGE OF ENGINEERING AND TECHNOLOGY,"THIRUMANGALAKUDI - ADUTHURAI
THIRUVIDAIMARUTHUR - 612 102
THANJAVUR DISTRICT",THANJAVUR,Unaided - Private,N,N,1-3459931,fetchdata,2013-2014,Engineering and Technology,1,1,1,1,Tamil Nadu,1
1-1376199152,FATIMA MICHAEL COLLEGE OF ENGINEERING & TECHNOLOGY,"SENKOTTAI VILLAGE,
KALIMANGALAM PANCHAYAT,
SIVAGANGA MAIN ROAD,
MADURAI - 20",MADURAI,Unaided - Private,N,N,1-3239294,fetchdata,2013-2014,Engineering and Technology,1,1,1,1,Tamil Nadu,1
1-1376386361,N.M.POLYTECHNIC COLLEGE,"ITCHADI,
VADAVALAM(POST)
PUDUKKOTTAI
PIN : 622 004",PUDUKKOTTAI,Unaided - Private,N,N,1-499995971,fetchdata,2013-2014,Engineering and Technology,1,1,1,1,Tamil Nadu,1
1-1439484542,THENI KAMMAVAR SANGAM COLLEGE OF TECHNOLOGY,"THENI MAIN ROAD,
KODUVILARPATTI (P.O)
VEERAPANDI (VIA),
THENI-DT- 625534",THENI,Unaided - Private,N,N,1-14439301,fetchdata,2013-2014,Engineering and Technology,1,1,1,1,Tamil Nadu,1
1-1376567262,SHRI ANDAL ALAGAR COLLEGE OF ENGINEERING,"#6, G.S.T. ROAD,
MAMANDUR",KANCHIPURAM,Unaided - Private,N,N,1-3633035,fetchdata,2013-2014,Engineering and Technology,1,1,1,1,Tamil Nadu,1
1-1376715724,SALEM COLLEGE OF ENGINEERING AND TECHNOLOGY,"SALEM-ATTUR MAIN ROAD , NH-68
METTUPATTY-PERUMAPALAYAM",SALEM,Unaided - Private,N,N,1-5167081,fetchdata,2013-2014,Engineering and Technology,1,1,1,1,Tamil Nadu,1
1-1467218752,MAHARAJA PRITHVI ENGINEERING COLLEGE,"KUPPANADAMPALAYAM PO,
PALANKARAI VILLAGE,
AVINASHI TK,
TIRUPUR DT-641654.",TIRUPPUR,Unaided - Private,N,N,1-4851061,fetchdata,2013-2014,Engineering and Technology,1,1,1,1,Tamil Nadu,1
1-1471239260,SRR ENGINEERING COLLEGE,"OLD MAAMALLAPURAM ROAD,
RAM NAGAR, PADUR,
CHENNAI - 603103",KANCHIPURAM,Unaided - Private,N,N,1-4427914,fetchdata,2013-2014,Engineering and Technology,1,1,1,1,Tamil Nadu,1
1-1374491552,MNSK POLYTECHNIC COLLEGE,"VALLATHIRAKKOTTAI POST. ALANGUDI TALUK, PUDUKKOTTAI",PUDUKKOTTAI,Unaided - Private,N,N,1-475613401,fetchdata,2013-2014,Engineering and Technology,1,1,1,1,Tamil Nadu,1
1-1376178665,AGNI COLLEGE OF TECHNOLOGY,"THALAMBUR
OFF. RAJIV GANDHI SALAI
CHENGALPATTU TALUK
KANCHEEPURAM DISTRICT
CHENNAI
PIN CODE : 603 103",KANCHIPURAM,Unaided - Private,N,N,1-3290934,fetchdata,2013-2014,Engineering and Technology,1,1,1,1,Tamil Nadu,1
1-1370256657,KNOWLEDGE INSTITUTE OF TECHNOLOGY,"KIOT CAMPUS, KAKAPALAYAM(PO), SALEM - 637504",SALEM,Unaided - Private,N,N,1-2745081,fetchdata,2013-2014,Engineering and Technology,1,1,1,1,Tamil Nadu,1
1-1375097732,ST.MICHAEL COLLEGE OF ENGINEERING & TECHNOLOGY,"ST.SANTHIAGAPER NAGAR,
KALAYARKOIL,
SIVAGANGA DISTRICT.",SIVAGANGA,Unaided - Private,N,Y,1-3214121,fetchdata,2013-2014,Engineering and Technology,1,1,1,1,Tamil Nadu,1
1-1376034662,ARM COLLEGE OF ENGINEERING AND TECHNOLOGY,"SATTAMANGALAM,
MARAIMALAI NAGAR,
CHENGALPET TK.
KANCHIPURAM DIST.",KANCHIPURAM,Unaided - Private,N,N,1-9656461,fetchdata,2013-2014,Engineering and Technology,1,1,1,1,Tamil Nadu,1
1-1370099206,DHAANISH AHMED COLLEGE OF ENGINEERING,"DHAANISH NAGAR, VANCHUVANCHERRY, PADAPPAI (NEAR TAMBARAM), SRIPERUMBUDUR TALUK, KANCHEEPURAM DISTRICT",KANCHIPURAM,Unaided - Private,N,Y,1-4636751,fetchdata,2013-2014,Engineering and Technology,1,1,1,1,Tamil Nadu,1
1-1376593897,SBM COLLEGE OF ENGINEERING & TECHNOLOGY,"SBM NAGAR, THAMARAIPADI (PO), TRICHY ROAD,
DINDIGUL - 624 005.",DINDIGUL,Unaided - Private,N,N,1-3483501,fetchdata,2013-2014,Engineering and Technology,1,1,1,1,Tamil Nadu,1
1-1376601765,T.S.M.JAIN COLLEGE OF TECHNOLOGY,"MELUR VILLAGE, KALLAKURICHI TALUK",VILUPPURAM,Unaided - Private,N,N,1-6200381,fetchdata,2013-2014,Engineering and Technology,1,1,1,1,Tamil Nadu,1
1-1355352712,PSG POLYTECHNIC COLLEGE,"AVINASHI ROAD, PEELAMEDU",COIMBATORE,Govt aided,N,N,1-424095781,fetchdata,2013-2014,Engineering and Technology,1,1,1,1,Tamil Nadu,1
1-1508762656,THIRUMALAI MADHANUR POLYTECHNIC COLLEGE,"MADHANUR-AGARAM ROAD,THIRUMALAIKUPPAM VILLAGE, PALUR POST",VELLORE,Unaided - Private,N,N,1-455503501,fetchdata,2013-2014,Engineering and Technology,1,1,1,1,Tamil Nadu,1
1-1376714692,GLOBAL INSTITUTE OF ENGINEERING AND TECHNOLOGY,"257/1 BANGALORE-CHENNAI HIGHWAY,
MELVISHARAM
VELLORE - 632509
TAMIL NADU",VELLORE,Unaided - Private,N,N,1-8097021,fetchdata,2013-2014,Engineering and Technology,1,1,1,1,Tamil Nadu,1
1-1378084352,"ANNAI COLLEGE OF POLYTECHNIC,","ANAKUDI ROAD,
KOVILACHERI, 
KUMBAKONAM",THANJAVUR,Unaided - Private,N,Y,1-401622983,fetchdata,2013-2014,Engineering and Technology,1,1,1,1,Tamil Nadu,1
1-1472641862,CHRIST THE KING ENGINEERING COLLEGE,"CECILIA GARDENS,CHIKKARAMPALAYAM VILLAGE",COIMBATORE,Unaided - Private,N,N,1-4165591,fetchdata,2013-2014,Engineering and Technology,1,1,1,1,Tamil Nadu,1
1-1341271042,SRI KALAIMAGAL COLLEGE OF ENGINEERING,"MADRAS - ARAKONAM ROAD, KONDANCHERRY VILLAGE, NEAR PERAMBAKKAM,",THIRUVALLUR,Unaided - Private,N,N,1-501877251,fetchdata,2013-2014,Engineering and Technology,1,1,1,1,Tamil Nadu,1
1-1345148022,VEL TECH,"60,AVADI-VELTECH ROAD,
AVADI",THIRUVALLUR,Private-Aided,N,Y,1-8635241,fetchdata,2013-2014,Engineering and Technology,1,1,1,1,Tamil Nadu,1
1-1377167712,SHIVANI COLLEGE OF ENGINEERING AND TECHNOLOGY,"91,NAVLUR KUTTAPATTU,
TRICHY - DINDUGAL MAIN ROAD,
TIRUCHIRAPPALLI - 620 009",TIRUCHIRAPPALLI,Unaided - Private,N,N,1-4442561,fetchdata,2013-2014,Engineering and Technology,1,1,1,1,Tamil Nadu,1
1-1377029562,AVINASHILINGAM DEEMED UNIVERSITY FOR WOMEN,"FACULTY OF ENGINEERING,
AVINASHILINGAM UNIVERSITY FOR WOMEN,
COIMBATORE - 641108",COIMBATORE,University Managed,Y,N,1-10952891,fetchdata,2013-2014,Engineering and Technology,1,1,1,1,Tamil Nadu,1
1-1376229592,ANNAI MIRA COLLEGE OF ENGINEERING AND TECHNOLOGY,"ARAPPAKKAM VILLAGE, ARCOT ROAD, WALAJA TALUK, VELLORE DIST.",VELLORE,Unaided - Private,N,N,1-404537421,fetchdata,2013-2014,Engineering and Technology,1,1,1,1,Tamil Nadu,1
1-1341089604,SRI KRISHNA COLLEGE OF ENGINEERING AND TECHNOLOGY,"SUGUNAPURAM
KUNIAMUTHUR POST
COIMBATORE - 641 008",COIMBATORE,Unaided - Private,N,N,1-3955612,fetchdata,2013-2014,Engineering and Technology,1,1,1,1,Tamil Nadu,1
1-1380037301,KRISHNASAMY MEMORIAL POLYTECHNIC COLLEGE,"NELLIKUPPAM HIGH ROAD,
S.KUMARAPURAM,
CUDDALORE  607 109",CUDDALORE,Unaided - Private,N,Y,1-430154931,fetchdata,2013-2014,Engineering and Technology,1,1,1,1,Tamil Nadu,1
1-1374838472,SIVAKASI INSTITUTE OF PRINTING TECHNOLOGY,"32/1, A. MEENAKSHIPURAM, ANAIKUTTAM (P.O).",VIRUDHUNAGAR,Unaided - Private,N,N,1-421207891,fetchdata,2013-2014,Engineering and Technology,1,1,1,1,Tamil Nadu,1
1-1378305073,BHARATHIYAR CENTENARY MEMORIAL GOVT WOMEN'S POLYTECHNIC COLLEGE,"BHARATHIAR CENTENARY MEMORIAL GOVERNMENT WOMEN'S POLYTECHNIC COLLEGE
ETTAYAPURAM
THOOTHUKUDI(DT)
628902",THOOTHUKUDI,Government,Y,N,1-476504581,fetchdata,2013-2014,Engineering and Technology,1,1,1,1,Tamil Nadu,1
1-1355384432,ARUNACHALA COLLEGE OF ENGINEERING FOR WOMEN,"'THANKA GARDENS'
MANAVILAI, VELLICHANTHAI,
NAGERCOILL,
KANYAKUMARI DISTRICT",KANYAKUMARI,Unaided - Private,Y,N,1-6050501,fetchdata,2013-2014,Engineering and Technology,1,1,1,1,Tamil Nadu,1
1-1451375411,MECHANICAL TRANSPORT TRAINING INSTITUTE,"MECHANICAL TRANSPORT TRAINING INSTITUTE, AIR FORCE STATION AVADI, CHENNAI- 600 055",THIRUVALLUR,Government,N,N,,fetchdata,2013-2014,Engineering and Technology,1,1,1,1,Tamil Nadu,1
1-1549625394,MANGAYARKARASI COLLEGE OF ENGINEERING,"7-1-139, 1ST STREET, MANGAYARKARASI NAGAR, PARAVAI, MADURAI - 625402.",MADURAI,Unaided - Private,N,N,,fetchdata,2013-2014,Engineering and Technology,1,1,1,1,Tamil Nadu,1
1-1380517642,DHAYA COLLEGE OF ENGINEERING,"SIVARAKOTTAI  (POST), THIRUMANGALAM (TALUK), MADURAI (DIST)",MADURAI,Unaided - Private,N,N,1-461408861,fetchdata,2013-2014,Engineering and Technology,1,1,1,1,Tamil Nadu,1
1-1349332856,SURYA GROUP OF INSTITUTIONS," NH-45,GST ROAD,",VILUPPURAM,Unaided - Private,N,N,1-5989201,fetchdata,2013-2014,Engineering and Technology,1,1,1,1,Tamil Nadu,1
1-1347776614,VEL TECH MULTI TECH DR.RANGARAJAN DR.SAKUNTHALA ENGINEERING COLLEGE,"42,VELTECH ROAD,AVADI",THIRUVALLUR,Unaided - Private,N,Y,1-4011594,fetchdata,2013-2014,Engineering and Technology,1,1,1,1,Tamil Nadu,1
1-1473953456,GOVERNMENT POLYTECHNIC COLLEGE,"GOVT. POLYTECHNIC COLLEGE,
KONAM
NAGERCOIL - 4",KANYAKUMARI,Government,N,N,1-431068831,fetchdata,2013-2014,Engineering and Technology,1,1,1,1,Tamil Nadu,1
1-1376430582,GNANAMANI COLLEGE OF TECHNOLOGY,"NH-7, A.K. SAMUTHIRAM,
PACHAL POST,
NAMAKKAL DISTRICT,
TAMILNADU
PIN 637018",NAMAKKAL,Unaided - Private,N,Y,1-4594881,fetchdata,2013-2014,Engineering and Technology,1,1,1,1,Tamil Nadu,1
1-1380533832,INFANT JESUS COLLEGE OF ENGINEERING AND TECHNOLOGY,"KAMARAJAR NAGAR, TIRNELVELI - THOOTHUKUDI HOGHWAY (NH-7A),
KEELAVALLANADU VILLAGE,
ELLANAYAKAN PATTI POST,
SRIVAIKUNDAM TALUK,
THOOTHUKUDI DISTRIC",THOOTHUKUDI,Unaided - Private,N,Y,1-4575508,fetchdata,2013-2014,Engineering and Technology,1,1,1,1,Tamil Nadu,1
1-1378481752,UNIVERSAL COLLEGE OF ENGINEERING & TECHNOLOGY,"ANBAGAM CAMPUS,
KADAMBANKULAM VILLAKKU,
RADHAPURAM ROAD,
VALLIOOR",TIRUNELVELI,Unaided - Private,N,N,1-480945431,fetchdata,2013-2014,Engineering and Technology,1,1,1,1,Tamil Nadu,1
1-1378310232,CSI COLLEGE OF ENGINEERING,"CSI COLLEGE OF ENGINEERING
KETTI VALLEY
THE NILGIRIS-643 215.
TAMILNADU,SOUTH INDIA.",NILGIRIS,Unaided - Private,N,Y,1-36227871,fetchdata,2013-2014,Engineering and Technology,1,1,1,1,Tamil Nadu,1
1-1439211052,PAVAI VARAM POLYTECHNIC COLLEGE,"NH-7, PAAVAI NAGAR,",NAMAKKAL,Unaided - Private,N,N,1-429718511,fetchdata,2013-2014,Engineering and Technology,1,1,1,1,Tamil Nadu,1
1-1345639523,ST.JOSEPH'S INSTITUTE OF TECHNOLOGY,"JEPPIAAR NAGAR, OLD MAMALLAPURAM ROAD, CHENNAI-600119",KANCHIPURAM,Unaided - Private,N,Y,1-465995545,fetchdata,2013-2014,Engineering and Technology,1,1,1,1,Tamil Nadu,1
1-1485441032,INFANT JESUS POLYTECHNC COLLEGE,"K.KALLIKUDI
RAMJEE NAGAR
TRICHY 620009",TIRUCHIRAPPALLI,Unaided - Private,N,N,1-433907341,fetchdata,2013-2014,Engineering and Technology,1,1,1,1,Tamil Nadu,1
1-1380205141,SREE SASTHA INSTITUTE OF ENGINEERING AND TECHNOLOGY,"CHENNAI - BANGALORE HIGHWAY 
CHEMBARAMBAKKAM 
CHENNAI - 600123.",THIRUVALLUR,Unaided - Private,N,Y,1-445813093,fetchdata,2013-2014,Engineering and Technology,1,1,1,1,Tamil Nadu,1
1-1433116641,KAMARAJAR POLYTECHNIC COLLEGE,"1016, THIRUPPANINATHAM,
ENNANAGARAM POST,
CHIDAMBARAM TALUK.
CUDDALORE DISTRICT,
TAMILNADU.",CUDDALORE,Unaided - Private,N,N,,fetchdata,2013-2014,Engineering and Technology,1,1,1,1,Tamil Nadu,1
1-1380499986,SARASWATHY COLLEGE OF ENGINEERING AND TECHNOLOGY,"NH45 MAIN ROAD, OLAKKUR",VILUPPURAM,Unaided - Private,N,N,1-7775415,fetchdata,2013-2014,Engineering and Technology,1,1,1,1,Tamil Nadu,1
1-1347788826,JAYARAJ ANNAPACKIAM CSI COLLEGE OF ENGTINEERING,"MARGOSCHIS NAGAR,
NAZARETH
THOOTHUKUDI DISTRICT
TAMILNADU",THOOTHUKUDI,Unaided - Private,N,N,1-421788122,fetchdata,2013-2014,Engineering and Technology,1,1,1,1,Tamil Nadu,1
1-1350276393,KUMARAN POLYTECHNIC COLLEGE,"KANIAMBAKKAM VILLAGE,DEVATHANAM POST,PONNERI TALUK",THIRUVALLUR,Unaided - Private,N,N,1-776709841,fetchdata,2013-2014,Engineering and Technology,1,1,1,1,Tamil Nadu,1
1-1345192109,N.S.N. COLLEGE OF ENGINEERING AND TECHNOLOGY,"N. S. N. KALVI NAGAR
KARUR-MADURAI NH-7
MANALMEDU
THALAPATTI(PO)",KARUR,Unaided - Private,N,N,1-398066391,fetchdata,2013-2014,Engineering and Technology,1,1,1,1,Tamil Nadu,1
1-1378489062,ASAN MEMORIAL COLLEGE OF ENGINEERING AND TECHNOLOGY,"ASAN NAGAR
9TH KILOMETER
CHENGALPATTU-MAHABALIPURAM HIGHWAY
POST BOX NO:6
CHENGALPATTU-603001",KANCHIPURAM,Unaided - Private,N,Y,1-3446974,fetchdata,2013-2014,Engineering and Technology,1,1,1,1,Tamil Nadu,1
1-1477908763,SENTHUR POLYTECHNIC COLLEGE,"SENTHUR POLYTECHNIC COLLEGE,                S.F NO. 449/1, NAMBIYUR -AVINASHI MAIN ROAD,SAVAKKATTUPALAYAM PO,AVINASHI TALUK, TIRUPPUR DISTRICT -638460",TIRUPPUR,Unaided - Private,N,N,1-426092643,fetchdata,2013-2014,Engineering and Technology,1,1,1,1,Tamil Nadu,1
1-1349327354,SREE SOWDAMBIKA COLLEGE OF ENGINEERING,"CHETTIKURICHI
ARUPPUKOTTAI",VIRUDHUNAGAR,Unaided - Private,N,Y,1-396896621,fetchdata,2013-2014,Engineering and Technology,1,1,1,1,Tamil Nadu,1
1-1380315032,RAJALAKSHMI ENGINEERING COLLEGE (ENGINEERING & TECHNOLOGY),"RAJALAKSHMI NAGAR,
THANDALAM,
CHENNAI -602105
TAMIL NADU",KANCHIPURAM,Unaided - Private,N,Y,1-5182261,fetchdata,2013-2014,Engineering and Technology,1,1,1,1,Tamil Nadu,1
1-1481183673,SENGUNTHAR ENGINEERING COLLEGE,"KOSAVAMPALAYAM
KUMARAMANGALAM (PO)
NAMAKKAL(DIST)
637 205",NAMAKKAL,Unaided - Private,N,N,1-6816681,fetchdata,2013-2014,Engineering and Technology,1,1,1,1,Tamil Nadu,1
1-1345122008,NACHIMUTHU POLYTECHNIC COLLEGE,"UDUMALAI ROAD
MAKKINAICKENPATTI POST",COIMBATORE,Govt aided,N,N,1-407397711,fetchdata,2013-2014,Engineering and Technology,1,1,1,1,Tamil Nadu,1
1-1345816342,M.A.M. COLLEGE OF ENGINEERING,"TRICHY-CHENNAI TRUNK ROAD, SIRUGANUR, TIRUCHIRAPPALLI, TAMILNADU - 621105",TIRUCHIRAPPALLI,Unaided - Private,N,Y,1-4410164,fetchdata,2013-2014,Engineering and Technology,1,1,1,1,Tamil Nadu,1
1-1357488212,M.A.M. POLYTECHNIC COLLEGE,"TRICHY - CHENNAI TRUNK ROAD,",TIRUCHIRAPPALLI,Unaided - Private,N,N,1-422436441,fetchdata,2013-2014,Engineering and Technology,1,1,1,1,Tamil Nadu,1
1-1355633977,SUBRAMANIAN POLYTECHNIC COLLEGE,"RAYAVARAM, THIRUMAYAM(TK)",PUDUKKOTTAI,Unaided - Private,N,N,1-488700101,fetchdata,2013-2014,Engineering and Technology,1,1,1,1,Tamil Nadu,1
1-1350236322,VEL TECH  POLYTECHNIC COLLEGE,"AVADI-VELTECH ROAD, CHENNAI-600062.",THIRUVALLUR,Unaided - Private,N,N,1-407301291,fetchdata,2013-2014,Engineering and Technology,1,1,1,1,Tamil Nadu,1
1-1455442721,WORKSHOP TRAINING INSTITUTE,"WTI, AIR FORCE STATION TAMBARAM,
CHENNAI-46",KANCHIPURAM,Government,N,N,,fetchdata,2013-2014,Engineering and Technology,1,1,1,1,Tamil Nadu,1
1-1367850896,RUDHRAVENI MUTHUSWAMY POLYTECHNIC COLLEGE,"PALAPPAMPATTI, S.V.MILLS POST",TIRUPPUR,Unaided - Private,N,N,1-429578191,fetchdata,2013-2014,Engineering and Technology,1,1,1,1,Tamil Nadu,1
1-1369825962,RAJAGOPAL POLYTECHNIC COLLEGE,"KATPADI ROAD,
GANDHINAGAR
GUDIYATTAM-
632 602.",VELLORE,Govt aided,N,N,1-451449251,fetchdata,2013-2014,Engineering and Technology,1,1,1,1,Tamil Nadu,1
1-1370092112,BETHLAHEM INSTITUTE OF ENGINEERING,"NADUTHERI
KARUNGAL",KANYAKUMARI,Unaided - Private,N,Y,1-5125301,fetchdata,2013-2014,Engineering and Technology,1,1,1,1,Tamil Nadu,1
1-1345537132,P.S.B. POLYTECHNIC COLLEGE,"RAJIV GANDHI ROAD (OMR)
#46, THAIYUR,
CHENNAI.",KANCHIPURAM,Unaided - Private,N,N,1-440056061,fetchdata,2013-2014,Engineering and Technology,1,1,1,1,Tamil Nadu,1
1-1382558642,BWDA POLYTECHNIC COLLEGE,"BWDA NAGER,
KAPPIVILAI,
VENDALICODE,
KULASEKHARAM",KANYAKUMARI,Unaided - Private,N,N,1-422715511,fetchdata,2013-2014,Engineering and Technology,1,1,1,1,Tamil Nadu,1
1-1467298602,VANDAYAR ENGINEERING COLLEGE,"PULAVARNATHAM(PO),
MARIAMMANKOVIL(VIA),
NAGAI MAIN ROAD,
THANJAVUR - 613501.
TAMIL NADU",THANJAVUR,Unaided - Private,N,N,1-4697197,fetchdata,2013-2014,Engineering and Technology,1,1,1,1,Tamil Nadu,1
1-1468361034,VANDAYAR POLYTECHNIC COLLEGE,"PULAVARNATHAM (PO),MARIAMMAN KOVIL (VIA)
THANJAVUR - 613501.",THANJAVUR,Unaided - Private,N,N,1-404277901,fetchdata,2013-2014,Engineering and Technology,1,1,1,1,Tamil Nadu,1
1-1450129202,CPCL POLYTECHNIC COLLEGE,"NEDUNCHEZHIAN SALAI,
MANALI,
CHENNAI-600 068",THIRUVALLUR,Unaided - Private,N,N,1-425559741,fetchdata,2013-2014,Engineering and Technology,1,1,1,1,Tamil Nadu,1
1-1351805492,MOOKAMBIGAI COLLEGE OF ENGINEERING,"SRINIVASA NAGAR, KALAMAVUR(PO)",PUDUKKOTTAI,Unaided - Private,N,Y,1-5829693,fetchdata,2013-2014,Engineering and Technology,1,1,1,1,Tamil Nadu,1
1-1384987532,SRI SOWDAMBIKA POLYTECHNIC COLLEGE,"THIRUCHULI ROAD
CHOCKALINGAPURAM",VIRUDHUNAGAR,Unaided - Private,N,N,1-467287581,fetchdata,2013-2014,Engineering and Technology,1,1,1,1,Tamil Nadu,1
1-1341511112,"PSNA COLLEGE OF ENGINEERING AND TECHNOLOGY , DINDIGUL","KOTHANDARAMAN NAGAR,
MUTHANAMPATTI ( PO),
DINDIGUL.- 624 622",DINDIGUL,Unaided - Private,N,N,1-5728161,fetchdata,2013-2014,Engineering and Technology,1,1,1,1,Tamil Nadu,1
1-1374215212,JAYAM COLLEGE OF ENGINEERING AND TECHNOLOGY,"HOGENAKKAL FALLS MAIN ROAD,
NALLANUR,
DHARMAPURI",DHARMAPURI,Unaided - Private,N,N,1-14311971,fetchdata,2013-2014,Engineering and Technology,1,1,1,1,Tamil Nadu,1
1-1374300262,RAJALAKSHMI POLYTECHNIC COLLEGE,"IYANGUNAM ROAD, SOMASIPADI VILLAGE & POST",TIRUVANNAMALAI,Unaided - Private,N,N,1-425803421,fetchdata,2013-2014,Engineering and Technology,1,1,1,1,Tamil Nadu,1
1-1487179416,MOTHERTERASA POLYTECHNIC COLLEGE,"METTUSALLAI
ILLUPPUR,
PUDUKKOTTAI(DT)
PIN-622102",PUDUKKOTTAI,Unaided - Private,N,N,1-457048161,fetchdata,2013-2014,Engineering and Technology,1,1,1,1,Tamil Nadu,1
1-1377062164,UDAYA SCHOOL OF ENGINEERING,"UDAYA NAGAR
VELLAMADI JUNCTION,
AMMANDIVILAI POST,
KANYAKUMARI DISTRICT,
TAMIL NADU,
INDIA.",KANYAKUMARI,Unaided - Private,N,N,1-6104394,fetchdata,2013-2014,Engineering and Technology,1,1,1,1,Tamil Nadu,1
1-1355938833,GOPAL RAMALINGAM MEMORIAL ENGINEERING COLLEGE,"RAJESHWARI NAGAR
PANAPPAKKAM
NEAR PADAPPAI",KANCHIPURAM,Unaided - Private,N,N,1-437545561,fetchdata,2013-2014,Engineering and Technology,1,1,1,1,Tamil Nadu,1
1-1345363444,JOHN BOSCO POLYTECHNIC COLLEGE,"PERIYAKUPPAM, TIRUVALLUR RAILWAY STATION, TIRUVALLUR, TIRUVALLUR TK & DT, TAMILNADU",THIRUVALLUR,Unaided - Private,N,N,1-455243423,fetchdata,2013-2014,Engineering and Technology,1,1,1,1,Tamil Nadu,1
1-1385159623,ARULMURUGAN COLLEGE OF ENGINEERING,"KARVAZHI ROAD
THENNILAI
ARAVAKURICHY TALUK
KARUR-639206",KARUR,Unaided - Private,N,N,1-711818921,fetchdata,2013-2014,Engineering and Technology,1,1,1,1,Tamil Nadu,1
1-1382716622,SRI KRISHNA INSTITUTE OF TECHNOLOGY,"NAVANEEDHAM NAGAR
PANAPAKKAM
NEAR PADAPPAI",KANCHIPURAM,Unaided - Private,N,N,1-439765872,fetchdata,2013-2014,Engineering and Technology,1,1,1,1,Tamil Nadu,1
1-1382077151,SRI KRISHNA ENGINEERING COLLEGE,"PANAPAKKAM
NEAR PADAPPAI
VIA TAMBARAM
CHENNAI - 601301",KANCHIPURAM,Unaided - Private,N,N,1-423198001,fetchdata,2013-2014,Engineering and Technology,1,1,1,1,Tamil Nadu,1
1-1384557481,ER. PERUMAL MANIMEKALAI COLLEGE OF ENGINEERING,"17TH KM HOSUR - KRISHNAGIRI NH7,
NALLAGANAKOTHAPALLI,
NEAR KONERIPALLI,
HOSUR TALUK.
KRISHANGIRI DISTRICT
TAMILNADU
PIN: 635 117",KRISHNAGIRI,Unaided - Private,N,Y,1-2590786,fetchdata,2013-2014,Engineering and Technology,1,1,1,1,Tamil Nadu,1
1-1357480392,VENKATRAMANA POLYTECHNIC COLLEGE,"VENKATTAPURAM,45A, VELLIYANAI SOUTH VILLAGE,
KARUR TALUK
KARUR DISTRICT",KARUR,Unaided - Private,N,N,1-410024651,fetchdata,2013-2014,Engineering and Technology,1,1,1,1,Tamil Nadu,1
1-1374152919,MODERATOR GNANADASON POLYTECHNIC COLLEGE,"DISTILLERY ROAD, NAGERCOIL - 629001.
KANYAKUMARI DISTRICT.",KANYAKUMARI,Unaided - Private,N,Y,1-412318341,fetchdata,2013-2014,Engineering and Technology,1,1,1,1,Tamil Nadu,1
1-1503091214,KARPAGAM COLLEGE OF ENGINEERING," SF NO : 758, 759, 760
OTHAKKAL MANDAPAM
COIMBATORE - 641 032",COIMBATORE,Unaided - Private,N,N,1-4285391,fetchdata,2013-2014,Engineering and Technology,1,1,1,1,Tamil Nadu,1
1-1347656032,RAMAKRISHNA MISSION POLYTECHNIC COLLEGE,"66, SIR P.S.SIVASAMI SALAI,
MYLAPORE,
CHENNAI",CHENNAI,Govt aided,N,N,1-430200571,fetchdata,2013-2014,Engineering and Technology,1,1,1,1,Tamil Nadu,1
1-1461776992,THE KEVIN POLYTECHNIC COLLEGE,"RAJANAGAR,
PONNAKUDI,
TIRUNELVELI",TIRUNELVELI,Unaided - Private,N,N,1-479325151,fetchdata,2013-2014,Engineering and Technology,1,1,1,1,Tamil Nadu,1
1-1487142300,GOVERNMENT POLYTECHNIC COLLEGE FOR WOMEN,"TPK ROAD,MADURAI 625011",MADURAI,Government,Y,N,1-479782641,fetchdata,2013-2014,Engineering and Technology,1,1,1,1,Tamil Nadu,1
1-1351941122,JAYALAKSHMI  INSTITUTE  OF  TECHNOLOGY,"THOPPUR
DHARMAPURI (DT)",DHARMAPURI,Unaided - Private,N,N,1-5822911,fetchdata,2013-2014,Engineering and Technology,1,1,1,1,Tamil Nadu,1
1-1349701032,ARUNAI ENGINEERING COLLEGE,"CHITOOR - CUDDALORE ROAD,
MATHUR,
TIRUVANNAMALAI",TIRUVANNAMALAI,Unaided - Private,N,N,1-5796751,fetchdata,2013-2014,Engineering and Technology,1,1,1,1,Tamil Nadu,1
1-1394538112,MAILAM ENGINEERING COLLEGE,"MAILAM, 
TINDIVANAM TALUK,
VILLUPURAM DIST.
PIN : 604 304.",VILUPPURAM,Unaided - Private,N,N,1-10688251,fetchdata,2013-2014,Engineering and Technology,1,1,1,1,Tamil Nadu,1
1-1398718802,NEHRU INSTITUTE OF TECHNOLOGY,"JAWAHAR GARDENS
KALIAPURAM
THIRUMALAYAMPALAYAM
COIMBATORE-641105",COIMBATORE,Unaided - Private,N,N,1-3892556,fetchdata,2013-2014,Engineering and Technology,1,1,1,1,Tamil Nadu,1
1-1406871202,K.L.NAGASWAMY MEMORIAL POLYTECHNIC COLLEGE,"KOZHIMEDU, VIRAGANOOR POST, MADURAI- 625 009.",MADURAI,Unaided - Private,N,Y,1-429932921,fetchdata,2013-2014,Engineering and Technology,1,1,1,1,Tamil Nadu,1
1-1402872972,KAMARAJ COLLEGE OF ENGINEERING & TECHNOLOGY,"S.P.G.C.NAGAR POST BOX 12
K. VELLAKULAM
VIRUDHUNAGAR",VIRUDHUNAGAR,Unaided - Private,N,N,1-10939912,fetchdata,2013-2014,Engineering and Technology,1,1,1,1,Tamil Nadu,1
1-1442017714,SRI SAKTHI POLYTECHNIC COLLEGE,"CHE.NACHIPATTU  &POST,",TIRUVANNAMALAI,Unaided - Private,N,N,1-437704191,fetchdata,2013-2014,Engineering and Technology,1,1,1,1,Tamil Nadu,1
1-1390171072,SRI MUTHALAMMAN POLYTECHNIC COLLEGE,"SOMANATHAPURAM, T.NALLUR POST",RAMANATHAPURAM,Unaided - Private,N,N,1-452747911,fetchdata,2013-2014,Engineering and Technology,1,1,1,1,Tamil Nadu,1
1-1480504593,VETRI VINAYAHA COLLEGE OF ENGINEERING AND TECHNOLOGY,"VETRI VINAYAHA COLLEGE OF ENGINEERING AND TECHNOLOGY
THOLURPATTI, THOTTIAM-621215
TRICHY(DT).",TIRUCHIRAPPALLI,Unaided - Private,N,N,1-5338244,fetchdata,2013-2014,Engineering and Technology,1,1,1,1,Tamil Nadu,1
1-1443282902,P.T.LEE CHENGALVARAYA NAICKER COLLEGE OF ENGINEERING & TECHNOLOGY,"OOVERY,
VELIYUR POST,
KANCHIPURAM,
KANCHIPURAM DT.
PIN : 631 502.
TAMIL NADU,
SOUTH INDIA.",KANCHIPURAM,Unaided - Private,N,N,1-8155938,fetchdata,2013-2014,Engineering and Technology,1,1,1,1,Tamil Nadu,1
1-1388777452,ST. ANNE'S COLLEGE OF ENGINEERING AND TECHNOLOGY,"ANGUCHETTYPALAYAM 
SIRUVATHUR POST 
PANRUTI TALUK
CUDDALORE DISTRICT",CUDDALORE,Unaided - Private,N,Y,1-5036551,fetchdata,2013-2014,Engineering and Technology,1,1,1,1,Tamil Nadu,1
1-1392321942,KSK COLLEGE OF ENGINEERING AND TECHNOLOGY,"KSK COLLEGE OF ENGINEERING AND TECHNOLOGY,

THANJAVUR MAIN ROAD,AMMAPET (VILLAGE),DHARASURAM POST,

KUMBAKONAM TALUK,

THANJAVUR DISTRICT,

TA",THANJAVUR,Unaided - Private,N,N,1-425765501,fetchdata,2013-2014,Engineering and Technology,1,1,1,1,Tamil Nadu,1
1-1394780092,S K R ENGINEERING COLLEGE,"AGARMEL, POONAMALLEE, CHENNAI - 600123",THIRUVALLUR,Unaided - Private,N,Y,1-5681261,fetchdata,2013-2014,Engineering and Technology,1,1,1,1,Tamil Nadu,1
1-1468684912,MAAMALLAN INSTITUTE OF TECHNOLOGY,"MAAMALLAN NAGAR, VADAMANGALAM, SRIPERUMPUDUR",KANCHIPURAM,Unaided - Private,N,N,1-463913523,fetchdata,2013-2014,Engineering and Technology,1,1,1,1,Tamil Nadu,1
1-1392408592,SRI RAMAKRISHNA COLLEGE OF ENGINEERING,"SRI SARADHA NAGAR, NH - 45,",PERAMBALUR,Unaided - Private,N,N,1-452176511,fetchdata,2013-2014,Engineering and Technology,1,1,1,1,Tamil Nadu,1
1-1401554842,SHREE MOTILAL KANHAIYALAL FOMRA INSTITUTE OF TECHNOLOGY,"OLD MAHABALIPURAM ROAD, IT HIGHWAY,
THAIYUR,
NEAR KELAMBAKKAM,",KANCHIPURAM,Unaided - Private,N,Y,1-4496136,fetchdata,2013-2014,Engineering and Technology,1,1,1,1,Tamil Nadu,1
1-1432826614,SRIRAM POLYTECHNIC COLLEGE,PERUMALPATTU,THIRUVALLUR,Unaided - Private,N,Y,1-431017001,fetchdata,2013-2014,Engineering and Technology,1,1,1,1,Tamil Nadu,1
1-1392509372,EXCEL POLYTECHNIC COLLEGE,"KUTTIKINATHOOR ROAD,
PALLAKAPALAYAM,
SANKARI WEST POST,
TIRUCHENGODE TALUK",NAMAKKAL,Unaided - Private,N,N,1-445360961,fetchdata,2013-2014,Engineering and Technology,1,1,1,1,Tamil Nadu,1
1-1465250223,ERODE KONGU COLLEGE OF POLYTECHNIC,"VELEVA GARDEN
CHENNIMALAI ROAD GNANIPALAYAM (POST)",ERODE,Unaided - Private,N,N,1-445516531,fetchdata,2013-2014,Engineering and Technology,1,1,1,1,Tamil Nadu,1
1-1402653103,MAHENDRA COLLEGE OF ENGINEERING,"12TH KM ATTUR MAIN ROAD 
MINNAMPALLI
SALEM",SALEM,Unaided - Private,N,N,1-7468481,fetchdata,2013-2014,Engineering and Technology,1,1,1,1,Tamil Nadu,1
1-1392335215,DR.NAVALAR NEDUNCHEZHIYAN COLLEGE OF ENGINEERING,"RAJA NAGAR,VAITHIYANATHAPURAM,
THOLUDUR - 606 303,
CUDDALORE DISTRICT,TAMILNADU.",CUDDALORE,Unaided - Private,N,N,1-5767351,fetchdata,2013-2014,Engineering and Technology,1,1,1,1,Tamil Nadu,1
1-1404639342,MOHAMED SATHAK POLYTECHIC COLLEGE,"CHAIRMAN SATHAK SALAI POST
EAST COAST ROAD
KILAKARAI",RAMANATHAPURAM,Govt aided,N,N,1-461168981,fetchdata,2013-2014,Engineering and Technology,1,1,1,1,Tamil Nadu,1
1-1404690812,ARULMIGU MEENAKSHI AMMAN COLLEGE OF ENGINEERING,"ARULMIGU MEENAKSHI AMMAN COLLEGE OF ENGINEERING
VADAMAVANDAL VILLAGE, NAMANDI POST,(NEAR KANCHIPURAM),",TIRUVANNAMALAI,Unaided - Private,N,Y,1-4184374,fetchdata,2013-2014,Engineering and Technology,1,1,1,1,Tamil Nadu,1
1-1392181332,NOORUL ISLAM POLYTECHNIC COLLEGE,"PUNKARAI
THIRUVITHAMCODE (P.O)
K.K.DIST
TAMIL NADU
PINCODE-629174",KANYAKUMARI,Unaided - Private,N,N,1-404525741,fetchdata,2013-2014,Engineering and Technology,1,1,1,1,Tamil Nadu,1
1-1435163253,SRI SAIRAM POLYTECHNIC COLLEG,"SAI LEO NAGAR,
WEST TAMBARAM,
CHENNAI -44",KANCHIPURAM,Unaided - Private,N,N,1-430192721,fetchdata,2013-2014,Engineering and Technology,1,1,1,1,Tamil Nadu,1
1-1407282892,DR N.G.P.INSTITUTE OF TECHNOLOGY,"DR N.G.P.NAGAR,
KALAPATTI ROAD
COIMBATORE
PIN :641 048",COIMBATORE,Unaided - Private,N,N,1-4311754,fetchdata,2013-2014,Engineering and Technology,1,1,1,1,Tamil Nadu,1
1-1502200942,"779,SAI JOTHI POLYTECHNIC COLLEGE","ELIYARPATHY VILLAGE,
MADURAI SOUTH TALUK,",MADURAI,Unaided - Private,N,N,1-435792611,fetchdata,2013-2014,Engineering and Technology,1,1,1,1,Tamil Nadu,1
1-1417417492,SRI ANNAI ABHIRAMI POLYTECHNIC COLLEGE,"PUDUKKOTTAI TO THANJAVUR ROAD,PERUNGALUR(POST),PUDUKKOTTAI,PUDUKKOTTAI-DIST,PIN-622203.",PUDUKKOTTAI,Unaided - Private,N,N,1-448339453,fetchdata,2013-2014,Engineering and Technology,1,1,1,1,Tamil Nadu,1
1-1417793572,K S RANGASAMY INSTITUTE OF TECHNOLOGY,"K S R KALVI NAGAR THOKKAVADI PO
TIRUCHENGODE TK
NAMAKKAL DT
TAMIL NADU
PIN: 637 215",NAMAKKAL,Unaided - Private,N,N,1-444988331,fetchdata,2013-2014,Engineering and Technology,1,1,1,1,Tamil Nadu,1
1-1434993152,GOVERNMENT POLYTECHNIC COLLEGE,"CIVIL AERODROME POST,
AVINASHI ROAD",COIMBATORE,Government,N,N,1-455756111,fetchdata,2013-2014,Engineering and Technology,1,1,1,1,Tamil Nadu,1
1-1443273242,ANGEL COLLEGE OF ENGINEERING AND TECHNOLOGY,"ANGEL COLLEGE OF ENGINEERING AND TECHNOLOGY
P.K. PALAYAM, UGAYANUR VILLAGE, DHARAPURAM MAIN ROAD, 
TIRUPUR",TIRUPPUR,Unaided - Private,N,N,1-4247542,fetchdata,2013-2014,Engineering and Technology,1,1,1,1,Tamil Nadu,1
1-1394560293,SRM POLYTECHNIC COLLEGE,"SRM NAGAR, POTHERI,
KATTANKULATHUR (PO)",KANCHIPURAM,Unaided - Private,N,Y,1-430856601,fetchdata,2013-2014,Engineering and Technology,1,1,1,1,Tamil Nadu,1
1-1398540443,INDIRA GANDHI COLLEGE OF ENGINEERING AND TECHNOLOGY FOR WOMEN,"CHENGALPATTU-KANCHIPURAM HIGH ROAD,
ATHUR VILLAGE,CHENGALPATTU TALUK,KANCHIPURAM DIST,CHENNAI
TAMIL NADU
603101",KANCHIPURAM,Unaided - Private,Y,N,1-6253181,fetchdata,2013-2014,Engineering and Technology,1,1,1,1,Tamil Nadu,1
1-1404407783,MAHENDRA POLYTECHNIC COLLEGE,"MAHENDIRAPURI,MALLASAMUDRAM(W),VADUGAPALAYAM(POST),
TIRUCHENGODE(T.K),NAMMAKKAL(D.T)",NAMAKKAL,Unaided - Private,N,N,1-449987971,fetchdata,2013-2014,Engineering and Technology,1,1,1,1,Tamil Nadu,1
1-1419617644,BHARATHIDASAN ENGINEERING COLLEGE,"K BANDARAPALLI POST
NATTRAMPALLI
VELLORE DIST - 635 854",VELLORE,Unaided - Private,N,N,1-4439477,fetchdata,2013-2014,Engineering and Technology,1,1,1,1,Tamil Nadu,1
1-1437233412,SSR POLYTECHNIC COLLEGE,"MADHIYANI VILLAGE, KANDEDUTHANPATTY, ARASAMALAI PANCHAYAT, PONNAMARAVATHY TALUK",PUDUKKOTTAI,Unaided - Private,N,N,1-457994881,fetchdata,2013-2014,Engineering and Technology,1,1,1,1,Tamil Nadu,1
1-1392274803,JOE SURESH ENGINEERING COLLEGE,"JOE SURESH ENGINEERING COLLEGE
RAJA NAGAR
PONNAKUDI
MUNDRADAIPPU
TIRUNELVELI-627 152",TIRUNELVELI,Unaided - Private,N,N,1-7190111,fetchdata,2013-2014,Engineering and Technology,1,1,1,1,Tamil Nadu,1
1-1406526292,NAGASIVA POLYTECHNIC COLLEGE,"NEDUNGULAM VILLAGE,VIRATHANOOR(PO),MADURAI SOUTH TK,MADURAI",MADURAI,Unaided - Private,N,N,1-473841301,fetchdata,2013-2014,Engineering and Technology,1,1,1,1,Tamil Nadu,1
1-1407091372,SRI RAMANUJAR ENGINEERING COLLEGE,"VANDALUR,
KOLAPAKKAM,
CHENNAI,
TAMIL NADU",KANCHIPURAM,Unaided - Private,N,N,1-8824101,fetchdata,2013-2014,Engineering and Technology,1,1,1,1,Tamil Nadu,1
1-1436843022,ERODE INSTITUTE OF CHEMICAL TECHNOLOGY  POLYTECHNIC COLLEGE,"UTHUKULI MAIN ROAD,NADUPATTI POST,VIJAYAMANGALAM(VIA)",TIRUPPUR,Unaided - Private,N,N,1-423154421,fetchdata,2013-2014,Engineering and Technology,1,1,1,1,Tamil Nadu,1
1-1403007122,SCAD ENGINEERING COLLEGE,"SCAD NAGAR, CHERANMAHADEVI â 627 414.
  TIRUNELVELI DISTRICT.",TIRUNELVELI,Unaided - Private,N,Y,1-6345861,fetchdata,2013-2014,Engineering and Technology,1,1,1,1,Tamil Nadu,1
1-1433112923,NARASIMMA PALLAVAN POLYTECHNIC COLLEGE,"THIMMASAMUDRAM VILLAGE,
WHITE GATE
KANCHIPURAM
PIN:631502
TAMILNADU",KANCHIPURAM,Unaided - Private,N,N,1-425987701,fetchdata,2013-2014,Engineering and Technology,1,1,1,1,Tamil Nadu,1
1-1402561932,PONNAIYAH RAMAJAYAM POLYTECHNIC COLLEGE,"KEELAPALAYAR VILLAGE,
PATTEESWARAM (VIA),
KUMBAKONAM",THANJAVUR,Unaided - Private,N,N,1-448474883,fetchdata,2013-2014,Engineering and Technology,1,1,1,1,Tamil Nadu,1
1-1398780532,CHENDHURAN COLLEGE OF ENGINEERING & TECHNOLOGY,"MADURAI MAIN RAOD,
LENA VILAKKU,
PILIVALAM POST,
THIRUMAYAM TALUK,
PUDUKKOTTAI DIST-622 507.",PUDUKKOTTAI,Unaided - Private,N,N,1-6417641,fetchdata,2013-2014,Engineering and Technology,1,1,1,1,Tamil Nadu,1
1-1404701765,THANTHAI PERIYAR GOVERNMENT INSTITUTE OF TECHNOLOGY,"BAGAYAM
VELLORE-2",VELLORE,Government,N,N,1-14155411,fetchdata,2013-2014,Engineering and Technology,1,1,1,1,Tamil Nadu,1
1-1421224892,SRI VENKATACHALAPATHY POLYTECHNIC COLLEGE,"VADAKUCHIPALAYAM VILLAGE, KAPPIYAMPULIYUR POST, VILLUPURAM",VILUPPURAM,Unaided - Private,N,N,1-460693031,fetchdata,2013-2014,Engineering and Technology,1,1,1,1,Tamil Nadu,1
1-1439242602,KARPAGA VINAYAGA COLLEGE OF ENGINEERING AND TECHNOLOGY,"GST ROAD, CHINNA KOLAMBAKKAM, PALAYANOOR PO, MADURANTAGAM TK,KANCHEEPURAM DIST-603308
TAMILNADU, INDIA.",KANCHIPURAM,Unaided - Private,N,N,1-3930191,fetchdata,2013-2014,Engineering and Technology,1,1,1,1,Tamil Nadu,1
1-1443722488,JEYA POLYTECHNIC COLLEGE,"KAMARAJ NAGAR, SAKKAMALPURAM, SAWYERPURAM POST.",THOOTHUKUDI,Unaided - Private,N,N,1-431834421,fetchdata,2013-2014,Engineering and Technology,1,1,1,1,Tamil Nadu,1
1-1392555132,EXCEL COLLEGE OF ENGINEERING & TECHNOLOGY,"NH 47 SALEM  MAIN ROAD
SANKARI WEST POST,
TIRUCHENGODE TALUK,
PALLAKAPALAYAM - 637303
NAMAKKAL DISTRICT
TAMILNADU",NAMAKKAL,Unaided - Private,N,N,1-8022246,fetchdata,2013-2014,Engineering and Technology,1,1,1,1,Tamil Nadu,1
1-1406589512,VEERAMMAL ENGINEERING COLLEGE,"PVP NAGAR
K.SINGRAKKOTTAI
DINDIGUL DISTRICT-624 708
TAMILNADU",DINDIGUL,Unaided - Private,Y,N,1-9103125,fetchdata,2013-2014,Engineering and Technology,1,1,1,1,Tamil Nadu,1
1-1484691775,INSTITUTE OF TOOL ENGINEERING,"S.R.MILLS ROAD,
NEAR SIDCO INDUSTRIAL ESTATE,",DINDIGUL,Government,N,N,1-512465051,fetchdata,2013-2014,Engineering and Technology,1,1,1,1,Tamil Nadu,1
1-1400457552,PODHIGAI COLLEGE OF ENGINEERING & TECHNOLOGY,"SALEM MAIN ROAD, ADIYUR POST,TIRUPATTUR TALUK - 635 601.
VELLORE DIST
TAMILNADU",VELLORE,Unaided - Private,N,N,1-4152903,fetchdata,2013-2014,Engineering and Technology,1,1,1,1,Tamil Nadu,1
1-1480971204,ANNAI TERASA POLYTECHNIC COLLEGE,"VEERAPATTI PANCHAYAT,
ILLUPPUR  (TK)
PUDUKKOTTAI  (DT)-622 102",PUDUKKOTTAI,Unaided - Private,N,N,1-465421101,fetchdata,2013-2014,Engineering and Technology,1,1,1,1,Tamil Nadu,1
1-1436893773,SCAD INSTITUTE OF TECHNOLOGY,"ANUPATTI
POLLACHI-PALLADAM HIGHWAYS
PALLADAM
TIRUPPUR DISTRICT
TAMILNADU",TIRUPPUR,Unaided - Private,N,Y,1-773451931,fetchdata,2013-2014,Engineering and Technology,1,1,1,1,Tamil Nadu,1
1-1404706818,AAROORAN POLYTECHNIC COLLEGE,"MAYILADUTHURAI MAIN ROAD,
SORAKKUDI,
KANGALANCHERI (PO)
NANNILAM(TK) THIRUVARUR",THIRUVARUR,Unaided - Private,N,N,1-455832283,fetchdata,2013-2014,Engineering and Technology,1,1,1,1,Tamil Nadu,1
1-1387059662,CHENDHURAN POLYTECHNIC COLLEGE,"MADURAI ROAD,
PULIVALAM(PO)",PUDUKKOTTAI,Unaided - Private,N,N,1-450416791,fetchdata,2013-2014,Engineering and Technology,1,1,1,1,Tamil Nadu,1
1-1433558934,SRI RAGAVENDRA POLYTECHNIC COLLEGE,"ROTARY NAGAR, NEW PALLIPALAYAM ROAD, KOMARAPALAYAM, TIRUCHENGODU TALUK, NAMAKKAL DISTRICT.",NAMAKKAL,Unaided - Private,N,N,1-435225131,fetchdata,2013-2014,Engineering and Technology,1,1,1,1,Tamil Nadu,1
1-1386993112,"OAS INSTITUTE OF TECHNOLOGY AND MANAGEMENT, GROUP OF INSTITUTIONS","TIRUCHIRAPPALLI-THURAIYUR MAIN ROAD,
PULIVALAM  P.O MUSIRI TALUK",TIRUCHIRAPPALLI,Unaided - Private,N,N,1-5359211,fetchdata,2013-2014,Engineering and Technology,1,1,1,1,Tamil Nadu,1
1-1405360262,M.KUMARASAMY COLLEGE OF ENGINEERING,"M KUMARASAMY COLLEGE OF ENGINEERING, THALAVAPALAYAM, KARUR - 639113",KARUR,Unaided - Private,N,N,1-422748121,fetchdata,2013-2014,Engineering and Technology,1,1,1,1,Tamil Nadu,1
1-1441138132,PROFESSIONAL GROUP OF INSTITUTIONS,"SFNO 166 , 167 PROFESSIONAL NAGAR",TIRUPPUR,Unaided - Private,N,N,1-6423781,fetchdata,2013-2014,Engineering and Technology,1,1,1,1,Tamil Nadu,1
1-1468936522,THE NEW POLYTECHNIC COLLEGE,"TRICHY-MANAPARAI MAIN ROAD,INAMKULATHUR(PO),VELLIVAD,TRICHY",TIRUCHIRAPPALLI,Unaided - Private,N,N,1-479832441,fetchdata,2013-2014,Engineering and Technology,1,1,1,1,Tamil Nadu,1
1-1394587374,THIRUVALLUVAR COLLEGE OF ENGINEERING  AND TECHNOLOGY,"ARUNACHAL CITY,
PONNUR HILLS,
VANDAVASI - 604 505
THIRUVANNAMALAI DISTRICT
TAMILNADU",TIRUVANNAMALAI,Unaided - Private,N,N,1-4790481,fetchdata,2013-2014,Engineering and Technology,1,1,1,1,Tamil Nadu,1
1-1404478382,AALIM MUHAMMED SALEGH POLYTECHNIC COLLEGE,NIZARA EDUCATIONAL CAMPUS MUTHAPUDUPET AVADI IAF,THIRUVALLUR,Unaided - Private,N,N,1-426071661,fetchdata,2013-2014,Engineering and Technology,1,1,1,1,Tamil Nadu,1
1-1435079992,PALLAVA RAJA COLLEGE OF ENGINEERING,"KOLIVAKKAM
IYYENGARKULAM POST
KANCHIPURAM",KANCHIPURAM,Unaided - Private,N,N,1-445325232,fetchdata,2013-2014,Engineering and Technology,1,1,1,1,Tamil Nadu,1
1-1443729831,MECHANICAL TRAINING INSTITUTE,"MTI,AIR FORCE STATION TAMBARAM, EAST TAMBARAM",KANCHIPURAM,Government,N,N,,fetchdata,2013-2014,Engineering and Technology,1,1,1,1,Tamil Nadu,1
1-1406624392,MARIA POLYTECHNIC COLLEGE,"CHANIVILAI
KUMARANKUDI,
CHENKODI P.O",KANYAKUMARI,Unaided - Private,N,N,1-447979811,fetchdata,2013-2014,Engineering and Technology,1,1,1,1,Tamil Nadu,1
1-1406669244,BHARATHPOLYTECHNICCOLLEGE,"AGARAM THEN ROAD, PUTHUR, THIRUVANCHERY, SELAIYUR",KANCHIPURAM,Unaided - Private,N,N,1-404392831,fetchdata,2013-2014,Engineering and Technology,1,1,1,1,Tamil Nadu,1
1-1406726662,ALPHA COLLEGE OF ENGINEERING,"NO.34, UDAYAVAR KOIL STREET,
THIRUMAZHISAI,
CHENNAI - 600124.",THIRUVALLUR,Unaided - Private,N,N,1-11017229,fetchdata,2013-2014,Engineering and Technology,1,1,1,1,Tamil Nadu,1
1-1392551913,NEHRU INSTITUTE OF ENGINEERING AND TECHNOLOGY,"""NEHRU GARDENS""
THIRUMALAYAMPALAYAM (PO)
COIMBATORE-641105",COIMBATORE,Unaided - Private,N,N,1-4151744,fetchdata,2013-2014,Engineering and Technology,1,1,1,1,Tamil Nadu,1
1-1446161482,SRI RENGA POLYTECHNIC COLLEGE,"3/169, CHENNAI BY PASS,
SIRUGANUR",TIRUCHIRAPPALLI,Unaided - Private,N,N,1-501105191,fetchdata,2013-2014,Engineering and Technology,1,1,1,1,Tamil Nadu,1
1-1406797236,PAAVAAI GROUP OF INSTITUTIONS,"SF  NO. 446/1, 2A, 2B, 436/2A,447/1B1A, PAAVAI VIDHYA NAGAR, NH -7, R.PULIYAMPATTI, PUDUCHATRAM (PO),",NAMAKKAL,Unaided - Private,N,N,1-10994721,fetchdata,2013-2014,Engineering and Technology,1,1,1,1,Tamil Nadu,1
1-1423139912,S.M.S POLYTECHNIC COLLEGE,"KALLAMANAICKANPATTI
SIVAKASI - TALUK
VIRUDHUNAGAR - DISTRICT",VIRUDHUNAGAR,Unaided - Private,N,N,1-429391671,fetchdata,2013-2014,Engineering and Technology,1,1,1,1,Tamil Nadu,1
1-1473949712,PASTOR LENSSEN POLYTECHNIC COLLEGE,"LENSSEN NAGAR
KUTHENKULY",TIRUNELVELI,Unaided - Private,N,N,1-451473341,fetchdata,2013-2014,Engineering and Technology,1,1,1,1,Tamil Nadu,1
1-1406890603,KATHIR COLLEGE OF ENGINEERING,"WISDOM TREE,
AVINASHI ROAD,
NEELAMBUR,
COIMBATORE - 641 062",COIMBATORE,Unaided - Private,N,N,1-2389972,fetchdata,2013-2014,Engineering and Technology,1,1,1,1,Tamil Nadu,1
1-1396544503,KONGUNADU POLYTECHNIC COLLEGE,"NAMAKKAL - TRICHY MAIN ROAD, THOLURPATTI.",TIRUCHIRAPPALLI,Unaided - Private,N,N,1-451870255,fetchdata,2013-2014,Engineering and Technology,1,1,1,1,Tamil Nadu,1
1-1553613581,MEENATCHI GOVINDARAJAN POLYTECHNIC COLLEGE,"45,NANJIKOTTAI POST",THANJAVUR,Unaided - Private,N,N,,fetchdata,2013-2014,Engineering and Technology,1,1,1,1,Tamil Nadu,1
1-1435481712,DEVANGAR POLYTECHNIC COLLEGE,"D.VADIPATTI VILLAGE
PERIYAKULAM TALUK
THENI DISTRICT
TAMILNADU

PIN 625602",THENI,Unaided - Private,N,N,1-449988231,fetchdata,2013-2014,Engineering and Technology,1,1,1,1,Tamil Nadu,1
1-1390772702,S.VEERASAMY CHETTIAR POLYTECHNIC COLLEGE,"S.V.NAGAR
T.N.PUTHUKUDI
PULIANGUDI.",TIRUNELVELI,Unaided - Private,N,N,1-436289231,fetchdata,2013-2014,Engineering and Technology,1,1,1,1,Tamil Nadu,1
1-1402518133,MAHENDRA ENGINEERING COLLEGE FOR WOMEN,"KOMARAMANAGALAM POST, TIRUCHENGODE TALUK, NAMAKKAL DT",NAMAKKAL,Unaided - Private,Y,N,1-9882271,fetchdata,2013-2014,Engineering and Technology,1,1,1,1,Tamil Nadu,1
1-1407050104,RATNAVEL SUBRAMANIAM POLYTECHNIC COLLEGE,"RVS NAGAR, KARUR ROAD, DINDIGUL.",DINDIGUL,Unaided - Private,N,N,1-465935091,fetchdata,2013-2014,Engineering and Technology,1,1,1,1,Tamil Nadu,1
1-1413182904,K.M.G POLYTECHNIC COLLEGE,"VALPARAI MAIN ROAD,ANGALAKURICHI,",COIMBATORE,Unaided - Private,N,N,1-519164011,fetchdata,2013-2014,Engineering and Technology,1,1,1,1,Tamil Nadu,1
1-1415284072,P.A.COLLEGE OF ENGINEERING AND TECHNOLOGY,"PALLADAM ROAD
POLLACHI
COIMBATORE - 642002",COIMBATORE,Unaided - Private,N,N,1-3330811,fetchdata,2013-2014,Engineering and Technology,1,1,1,1,Tamil Nadu,1
1-1406776492,THE SALEM CO-OPERATIVE SUGAR MILLS POLYTECHNIC COLLEGE,"PETTAPALAYAM VILLAGE,
MOHANUR (PO)
NAMAKKAL(DT)
TAMILNADU",NAMAKKAL,Unaided - Private,N,N,1-487651221,fetchdata,2013-2014,Engineering and Technology,1,1,1,1,Tamil Nadu,1
1-1406826332,NANJIAH LINGAMMAL POLYTECHNIC COLLEGE,"SIRUMUGAI ROAD, METTUPALAYAM",COIMBATORE,Unaided - Private,N,N,1-440229621,fetchdata,2013-2014,Engineering and Technology,1,1,1,1,Tamil Nadu,1
1-1415747189,PAVAI COLLEGE OF TECHNOLOGY,"NH-7, SALEM-NAMAKKAL HIGHWAYS,
PACHAL POST,
NAMAKKAL DT. TAMIL NADU
PIN:637 018",NAMAKKAL,Unaided - Private,N,N,1-4319191,fetchdata,2013-2014,Engineering and Technology,1,1,1,1,Tamil Nadu,1
1-1441234202,SAINT MICHAEL'S POLYTECHNIC COLLEGE,"SANTHOSH GARDEN, SANTHAPURAM, VELLANUR, AVADI",THIRUVALLUR,Unaided - Private,N,N,1-450230741,fetchdata,2013-2014,Engineering and Technology,1,1,1,1,Tamil Nadu,1
1-1430800962,SATYAM COLLEGE OF ENGINEERING & TECHNOLOGY,"SATYAM NAGAR,
KANNAPPANNALUR,
ARALVOIMOZHI,
KANYAKUMARI DISTRICT.",KANYAKUMARI,Unaided - Private,N,N,1-5018761,fetchdata,2013-2014,Engineering and Technology,1,1,1,1,Tamil Nadu,1
1-1415307286,SREE VAIKUNDAR POLYTECHNIC COLLEGE,"PILLAYARPURAM, MONIKETTIPOTTAL POST",KANYAKUMARI,Unaided - Private,N,N,1-410940821,fetchdata,2013-2014,Engineering and Technology,1,1,1,1,Tamil Nadu,1
1-1419118302,T.J. INSTITUTE OF TECHNOLOGY,"RAJIV GANDHI SALAI,
KARAPAKKAM,
CHENNAI - 97",CHENNAI,Unaided - Private,N,Y,1-273386441,fetchdata,2013-2014,Engineering and Technology,1,1,1,1,Tamil Nadu,1
1-1398489712,ANNAI COLLEGE OF ENGINEERING & TECHNOLOGY,"ANAKUDI ROAD,
KOVILACHERI,
KUMBAKONAM,
THANJAVUR - DISTRICT,
TAMIL NADU",THANJAVUR,Unaided - Private,N,Y,1-11237794,fetchdata,2013-2014,Engineering and Technology,1,1,1,1,Tamil Nadu,1
1-1498552015,THAI MOOGAMBIGAI POLYTECHNIC COLLEGE,NERKUNDRAM (MUGAPPAIR),THIRUVALLUR,Unaided - Private,N,N,1-466150731,fetchdata,2013-2014,Engineering and Technology,1,1,1,1,Tamil Nadu,1
1-1408578504,HINDUSTHAN POLYTECHNIC COLLEGE,"OTHAKALMANDAPAM, COIMBATORE-32",COIMBATORE,Unaided - Private,N,N,1-423199941,fetchdata,2013-2014,Engineering and Technology,1,1,1,1,Tamil Nadu,1
1-1390296772,NANDHA POLYTECHNIC COLLEGE,"232, CHENNIMALAIPALAYAM ROAD, PITCHANDAMAPALAYAM POST, ERODE - 638052",ERODE,Unaided - Private,N,N,1-465642921,fetchdata,2013-2014,Engineering and Technology,1,1,1,1,Tamil Nadu,1
1-1393111404,DR.MGR POLYTECHNIC COLLEGE,"ACS NAGAR,  IRUMBEDU VILLAGE, ARNI TALUK,
ARNI",TIRUVANNAMALAI,Unaided - Private,N,N,1-437652701,fetchdata,2013-2014,Engineering and Technology,1,1,1,1,Tamil Nadu,1
1-1411205582,VIDYAA VIKAS COLLEGE OF ENGINEERING AND TECHNOLOGY,"VARAHOORAMPATTI VILLAGE,
TIRUCHENGODE TALUK,
NAMAKKAL DISTRICT,
TAMILNADU.
PIN: 637214",NAMAKKAL,Unaided - Private,N,N,1-4023089,fetchdata,2013-2014,Engineering and Technology,1,1,1,1,Tamil Nadu,1
1-1440968705,VELLORE POLYTECHNIC COLLEGE,"OYYATHUR VILLAGE,TIRIMANI POST, KATPADI TALUK, VELLORE",VELLORE,Unaided - Private,N,N,1-484034091,fetchdata,2013-2014,Engineering and Technology,1,1,1,1,Tamil Nadu,1
1-1388216002,DHIVYA POLYTECHNIC COLLEGE,"GINGEE ROAD, CHETPET, 
POLUR TALUK",TIRUVANNAMALAI,Unaided - Private,N,N,1-440210971,fetchdata,2013-2014,Engineering and Technology,1,1,1,1,Tamil Nadu,1
1-1387088022,GOJAN SCHOOL OF BUSINESS AND TECHNOLOGY,"80-FEET ROAD,
EDAPALAYAM,
RED HILLS,
CHENNAI-52",THIRUVALLUR,Unaided - Private,N,N,1-4776331,fetchdata,2013-2014,Engineering and Technology,1,1,1,1,Tamil Nadu,1
1-1388214744,DR. PAULS ENGINEERING COLLEGE,"PAULS NAGAR, NH-66, PULICHAPALLAM VILLAGE, VANUR TALUK, VILLUPURAM DISTRICT",VILUPPURAM,Unaided - Private,N,Y,1-23577171,fetchdata,2013-2014,Engineering and Technology,1,1,1,1,Tamil Nadu,1
1-1408836052,VELAMMAL ENGINEERING COLLEGE (ENGG. & TECH),"VELAMMAL NAGAR
AMBATTUR-REDHILLS ROAD
SURAPET
CHENNAI - 600 066
TAMIL NADU",THIRUVALLUR,Unaided - Private,N,N,1-22834965,fetchdata,2013-2014,Engineering and Technology,1,1,1,1,Tamil Nadu,1
1-1432856903,SHRI SITHESWARAR POLYTECHNIC COLLEGE,"KALAVAI ROAD
POONGODU
ARCOT - 632503
VELLORE DISTRICT",VELLORE,Unaided - Private,N,N,1-445034801,fetchdata,2013-2014,Engineering and Technology,1,1,1,1,Tamil Nadu,1
1-1435475853,POLLACHI INSTITUTE OF ENGINEERING AND TECHNOLOGY,"S.F.NO:107/1,
POOSARIPATTI VILLAGE
POLLACHI TO DHARAPURAM ROAD,
POOSARIPATTI(POST)
POLLACHI 642205",COIMBATORE,Unaided - Private,N,N,1-706724951,fetchdata,2013-2014,Engineering and Technology,1,1,1,1,Tamil Nadu,1
1-1403011022,SBM POLYTECHNIC COLLEGE,"SBM NAGAR, THAMARAIPADI(PO), TRICHY ROAD, DINDIGUL - 5.",DINDIGUL,Unaided - Private,N,N,1-450592343,fetchdata,2013-2014,Engineering and Technology,1,1,1,1,Tamil Nadu,1
1-1417168573,SAVEETHA ENGINEERING COLLEGE,"SAVEETHA NAGAR
THANDALAM POST
SRIPERUMBUDUR TALUK
KANCHEEPURAM DISTRICT
PIN CODE 602 105",KANCHIPURAM,Unaided - Private,N,N,1-6943529,fetchdata,2013-2014,Engineering and Technology,1,1,1,1,Tamil Nadu,1
1-1445332113,INDIRA INSTITUTE OF ENGINEERING AND TECHNOLOGY,"NO 1 V.G.R NAGAR
V.G.R GARDENS
PANDUR
THIRUVALLUR",THIRUVALLUR,Unaided - Private,N,N,1-10706530,fetchdata,2013-2014,Engineering and Technology,1,1,1,1,Tamil Nadu,1
1-1388208693,A.R.ENGINEERING COLLEGE,"VADAKUCHIPALAYAM, 
KAPPIYAMPULIYUR POST,
VILLUPURAM-605 601,
TAMIL NADU,
INDIA.",VILUPPURAM,Unaided - Private,N,N,1-4168991,fetchdata,2013-2014,Engineering and Technology,1,1,1,1,Tamil Nadu,1
1-1392868382,MEENAKSHI POLYTECHNIC COLLEGE,"REGADAHALLI (PO), BOMMIDI (VIA), PAPPIREDDIPATTI (TK), DHARAMAPURI (DT)-635301.",DHARMAPURI,Unaided - Private,N,N,1-448378441,fetchdata,2013-2014,Engineering and Technology,1,1,1,1,Tamil Nadu,1
1-1417339282,M.A.R POLYTECHNIC COLLEGE,"TIRUCHIRAPPALLI - VIRALIMALAI MAIN ROAD
BOOTHAKUDI, RASANAIKENPATTY POST
ILLUPPUR TALUK
PUDUKKOTTAI DISTRICT
PINCODE - 621 316",PUDUKKOTTAI,Unaided - Private,N,N,1-438808021,fetchdata,2013-2014,Engineering and Technology,1,1,1,1,Tamil Nadu,1
1-1388341140,P.A.C. RAMASAMY RAJA POLYTECHNIC COLLEGE,K.R. NAGAR POST,VIRUDHUNAGAR,Govt aided,N,N,1-429469401,fetchdata,2013-2014,Engineering and Technology,1,1,1,1,Tamil Nadu,1
1-1398313582,DHIRAJLAL GANDHI COLLEGE OF TECHNOLOGY,"SIKKANAMPATTY, OPPOSITE TO AIRPORT,
OMALUR TK.
SALEM DT",SALEM,Unaided - Private,N,N,1-424089211,fetchdata,2013-2014,Engineering and Technology,1,1,1,1,Tamil Nadu,1
1-1412746082,VIVEKANANDHA COLLEGE OF TECHNOLOGY FOR WOMEN,"SATHINAICKENPALAYAM
ELAYAMPALAYAM, TIRUCHENGODE
NAMAKKAL - DT",NAMAKKAL,Unaided - Private,Y,N,1-5112281,fetchdata,2013-2014,Engineering and Technology,1,1,1,1,Tamil Nadu,1
1-1412891932,SRI BALAMURUGAN POLYTECHNIC COLLEGE,"UDUMALAI  ROAD, THALAIYUTHU ,PALANI",DINDIGUL,Unaided - Private,N,N,1-449520751,fetchdata,2013-2014,Engineering and Technology,1,1,1,1,Tamil Nadu,1
1-1433758212,SRIRAM ENGINEERING COLLEGE,"PERUMALPATTU, VEPPAMPATTU R.S.
TIRUVALLUR DISTRICT  602 024",THIRUVALLUR,Unaided - Private,N,Y,1-2931121,fetchdata,2013-2014,Engineering and Technology,1,1,1,1,Tamil Nadu,1
1-1423173342,PADALESUWARAR POLYTECHNIC COLLEGE,"K. K. NAGAR
VANNARAPALAYAM
CUDDALORE",CUDDALORE,Unaided - Private,N,N,1-458309533,fetchdata,2013-2014,Engineering and Technology,1,1,1,1,Tamil Nadu,1
1-1390628482,ST.XAVIER'S POLYTECHNIC COLLEGE,"SEYDUNGANALLUR,",THOOTHUKUDI,Unaided - Private,N,Y,1-475279121,fetchdata,2013-2014,Engineering and Technology,1,1,1,1,Tamil Nadu,1
1-1408965484,PALLAVAN COLLEGE OF ENGINEERING,THIMMASAMUDRAM,KANCHIPURAM,Unaided - Private,N,N,1-4478531,fetchdata,2013-2014,Engineering and Technology,1,1,1,1,Tamil Nadu,1
1-1409184405,NARASU'S SARATHY INSTITUTE OF TECHNOLOGY,"POOSARIPATTY (PO),
OMALUR TALUK,
SALEM",SALEM,Unaided - Private,N,N,1-5220438,fetchdata,2013-2014,Engineering and Technology,1,1,1,1,Tamil Nadu,1
1-1437522672,PSV POLYTECHNIC COLLEGE,"EMBAL MAIN ROAD
MIRATTUNILAI (VILLAGE & POST)
THIRUMAYAM TALUK
PUDUKKOTAI DISTRICT",PUDUKKOTTAI,Unaided - Private,N,N,1-465044147,fetchdata,2013-2014,Engineering and Technology,1,1,1,1,Tamil Nadu,1
1-1435012706,VICKRAM COLLEGE OF ENGINEERING,"SREENIVASA GARDENS, MADURAI SIVAGANGAI ROAD,
ENATHI.",SIVAGANGA,Unaided - Private,N,N,1-39624141,fetchdata,2013-2014,Engineering and Technology,1,1,1,1,Tamil Nadu,1
1-1441149803,ADITHYA INSTITUTE OF TECHNOLOGY,"SF NO. 348/1, 349/1,
KURUMBAPALAYAM VILLAGE,
SS KULUM POST,
COIMBATORE",COIMBATORE,University Managed,N,N,1-2013051,fetchdata,2013-2014,Engineering and Technology,1,1,1,1,Tamil Nadu,1
1-1392392583,EXCEL ENGINEERING COLLEGE,"NH 47-SALEM  MAIN ROAD
SANKARI WEST POST,
TIRUCHENGODE TALUK,
PALLLAKAPALAYAM - 637303
NAMAKKAL DISTRICT
TAMILNADU",NAMAKKAL,Unaided - Private,N,N,1-8213921,fetchdata,2013-2014,Engineering and Technology,1,1,1,1,Tamil Nadu,1
1-1400442585,A.C.T COLLEGE OF ENGINEERING AND TECHNOLOGY,"BUKKATHURAI-UTHIRAMERUR HIGH ROAD, NELVOY VILLAGE, MADHURANTHAGAM TALUK, KANCHEEPURAM DISTRICT
PIN CODE:603 107",KANCHIPURAM,Unaided - Private,N,N,1-30022324,fetchdata,2013-2014,Engineering and Technology,1,1,1,1,Tamil Nadu,1
1-1457315814,CHRISTIAN COLLEGE OF ENGINEERING AND TECHNOLOGY,"CHRISTIAN COLLEGE OF ENGINEERING AND TECHNOLOGY,
NEAR CHECK POST,
ODDANCHATRAM - 624 619,
DINDIGUL DISTRICT,
TAMILNADU.",DINDIGUL,Unaided - Private,N,Y,1-4661491,fetchdata,2013-2014,Engineering and Technology,1,1,1,1,Tamil Nadu,1
1-1419621047,SRI NALLALAGHU POLYTECHIC COLLEGE,"GNT ROAD,
PUZHAL,
CHENNAI - 66",THIRUVALLUR,Unaided - Private,N,N,1-452668973,fetchdata,2013-2014,Engineering and Technology,1,1,1,1,Tamil Nadu,1
1-1443883062,SRI BALAKRISHNA POLYTECHNIC COLLEGE,"OPP. SALEM AIRPORT,  NH-7, KUPPUR, OMALUR(T.K),SALEM(D.T)-636 309",SALEM,Unaided - Private,N,N,1-461126651,fetchdata,2013-2014,Engineering and Technology,1,1,1,1,Tamil Nadu,1
1-1413285003,CSI POLYTECHNIC COLLEGE,"19, YERCAUD MAIN ROAD,
HASTHAMPATTY",SALEM,Unaided - Private,N,Y,1-463251785,fetchdata,2013-2014,Engineering and Technology,1,1,1,1,Tamil Nadu,1
1-1423290522,J.R POLYTECHNIC COLLEGE,"SOORAIKUDIPATTI VILLIAGE
NAGAMANGALAM POST 
ALUNDHUR",TIRUCHIRAPPALLI,Unaided - Private,N,N,1-423137401,fetchdata,2013-2014,Engineering and Technology,1,1,1,1,Tamil Nadu,1
1-1477873613,VETRI VINAYAHA POLYTECHNIC COLLEGE,"NAMAKKAL - TRICHY MAIN ROAD THOLURPATTI
THOTTIAM",TIRUCHIRAPPALLI,Unaided - Private,N,N,1-476149491,fetchdata,2013-2014,Engineering and Technology,1,1,1,1,Tamil Nadu,1
1-1432901344,A.R.J COLLEGE OF ENGINEERING AND TECHNOLOGY,"THIRUMAKKOTTAI MAIN ROAD
EDAYARNATHAM VILLAGE",THIRUVARUR,Unaided - Private,N,N,1-4252413,fetchdata,2013-2014,Engineering and Technology,1,1,1,1,Tamil Nadu,1
1-1457147575,KALASALINGAM INSTITUTE OF TECHNOLOGY,"ANAND NAGAR, 
KRISHNANKOIL,
VIRUDHUNAGAR DIST,
TAMILNADU",VIRUDHUNAGAR,Unaided - Private,N,N,1-5777491,fetchdata,2013-2014,Engineering and Technology,1,1,1,1,Tamil Nadu,1
1-1444125202,SHRI KRISHNA POLYTECHNIC COLLEGE,"R.GOBINATHAMPATTY POST, 
HARUR TALUK,
DHARMAPURI DISTRICT",DHARMAPURI,Unaided - Private,N,N,1-476099451,fetchdata,2013-2014,Engineering and Technology,1,1,1,1,Tamil Nadu,1
1-1480291802,RUKMINI SHANMUGAM POLYTECHNIC COLLEGE,"RUKMINI SHANMUGAM POLYTECHNIC COLLEGE
VARICHIYUR, MADURAI - 625 020
TAMILNADU",MADURAI,Govt aided,N,N,1-510342091,fetchdata,2013-2014,Engineering and Technology,1,1,1,1,Tamil Nadu,1
1-1508300345,KODAIKANAL INSTITUTE OF TECHNOLOGY,"MACHUR POST
KODAIKANAL",DINDIGUL,Unaided - Private,N,N,1-4271671,fetchdata,2013-2014,Engineering and Technology,1,1,1,1,Tamil Nadu,1
1-1398236452,SVS COLLEGE OF ENGINEERING,"ARASAMPALAYAM(POST)
POLLACHI
COIMBATORE",COIMBATORE,Unaided - Private,N,N,1-5019701,fetchdata,2013-2014,Engineering and Technology,1,1,1,1,Tamil Nadu,1
1-1414997212,CHRIST THE KING POLYTECHNIC COLLEGE,"CHRIST THE KING POLYTECHNIC COLLEGE, OTHAKKALMANDAPAM, COIMBATORE - 32",COIMBATORE,Unaided - Private,N,N,1-461962591,fetchdata,2013-2014,Engineering and Technology,1,1,1,1,Tamil Nadu,1
1-1443186744,SEMBODAI RUKMANI VARATHARAJAN ENGINEERING COLLEGE,"SEMBODAI-POST,
VEDARANIAM-TK,
NAGAPATTINAM-DT
TAMILNADU-614 820.",NAGAPATTINAM,Unaided - Private,N,N,1-12371754,fetchdata,2013-2014,Engineering and Technology,1,1,1,1,Tamil Nadu,1
1-1469154334,THIRUMAGAL POLYTECHNIC COLLEGE,"144,VANCHUVANCHERY,PADAPPAI POST,KANCHIPURAM DISTRICT",KANCHIPURAM,Unaided - Private,N,N,1-801525501,fetchdata,2013-2014,Engineering and Technology,1,1,1,1,Tamil Nadu,1
1-1478646632,SUN POLYTECHNIC COLLEGE,"SUN NAGAR
ERACHAKULAM",KANYAKUMARI,Unaided - Private,N,N,1-444205261,fetchdata,2013-2014,Engineering and Technology,1,1,1,1,Tamil Nadu,1
1-1390697866,ADVANCED TOOLING & PLASTICS PRODUCT DEVELOPMENT CENTRE,"NO.35/1,1ST & 2ND FLOORS,TAMILNADU STATE AGRICULTURAL MARKETING BOARD,PADDY & FLOWER MARKET COMPLEX,MATTUTHAVANI.",MADURAI,Government,N,N,1-486840961,fetchdata,2013-2014,Engineering and Technology,1,1,1,1,Tamil Nadu,1
1-1413253898,INSTITUTE OF ROAD TRANSPORT POLYTECHNIC COLLEGE(BARGUR),"CHENNAI-BENGALURU NATIONAL HIGHWAYS,
ORAPPAM POST,
ELATHAGIRI (VIA),
KRISHNAGIRI TK.",KRISHNAGIRI,Unaided - Private,N,N,1-487083191,fetchdata,2013-2014,Engineering and Technology,1,1,1,1,Tamil Nadu,1
1-1398906592,SHREE VENKATESHWARA HI-TECH ENGINEERING COLLEGE,"SRI KALAIVANI NAGAR,
ERODE-SATHY MAIN ROAD,
OTHAKUTHIRAI,
K.METTUPALAYAM (PO)
GOBICHETTIPALAYAM - 638 455
ERODE (DISTRICT), 
TAMILNADU,
INDIA.",ERODE,Unaided - Private,N,N,1-2024231,fetchdata,2013-2014,Engineering and Technology,1,1,1,1,Tamil Nadu,1
1-1398858022,HINDUSTHAN COLLEGE OF ENGINEERING AND TECHNOLOGY,"OTHAKKALMANDAPAM VILLAGE,COIMBATORE SOUTH TAULK,
COIMBATORE DISTRICT- 641032.",COIMBATORE,Unaided - Private,N,N,1-22291621,fetchdata,2013-2014,Engineering and Technology,1,1,1,1,Tamil Nadu,1
1-1415284016,PAAVENDHAR POLYTECHNIC COLLEGE,"MANIVIZHUNTHAN SOUTH POST,
SALEM - CHENNAI HIGHWAY(N H-68)",SALEM,Unaided - Private,N,N,1-434194991,fetchdata,2013-2014,Engineering and Technology,1,1,1,1,Tamil Nadu,1
1-1459076832,DPC POLYTECHNIC COLLEGE,"CHETTIAR KADAI BUS STOP
PAGALPATTI-PO
SALEM-DT",SALEM,Unaided - Private,N,N,1-437352431,fetchdata,2013-2014,Engineering and Technology,1,1,1,1,Tamil Nadu,1
1-1413034242,SARDAR RAJA COLLEGE OF ENGINEERING,"RAJA NAGAR,
ALANGULAM,
TIRUNELVELI DIST,
TAMILNADU.",TIRUNELVELI,Unaided - Private,N,N,1-2894011,fetchdata,2013-2014,Engineering and Technology,1,1,1,1,Tamil Nadu,1
1-1432957422,JKK MUNIRAJAH COLLEGE OF TECHNOLOGY,"377/1A,PUNJAI THURAYAMPALAYAM,
THOOKKANICKENPALAYAM(POST),
THOOKKANICKENPALAYAM,
GOBI (TK)
ERODE",ERODE,Unaided - Private,N,N,1-11002585,fetchdata,2013-2014,Engineering and Technology,1,1,1,1,Tamil Nadu,1
1-1398293442,DHANALAKSHMI SRINIVASAN POLYTECHNIC COLLEGE,"THURAIYUR ROAD
PERAMBALUR",PERAMBALUR,Unaided - Private,N,N,1-444227391,fetchdata,2013-2014,Engineering and Technology,1,1,1,1,Tamil Nadu,1
1-1398542342,TAGORE INSTITUTE OF ENGINEERING AND TECHNOLOGY,"SALEM-CHENNAI MAIN ROAD, DEVIYAKURICHI - 636 112, ATTUR(TK), SALEM(DT), TAMIL NADU",SALEM,Unaided - Private,N,N,1-4247981,fetchdata,2013-2014,Engineering and Technology,1,1,1,1,Tamil Nadu,1
1-1399022552,SRI ADHISANKARAR POLYTECHNIC COLLEGE,"NATIONAL HIGH WAYS,NEAR RAMAR KOIL",TIRUCHIRAPPALLI,Unaided - Private,N,N,1-458725891,fetchdata,2013-2014,Engineering and Technology,1,1,1,1,Tamil Nadu,1
1-1457538052,JNN INSTITUTE OF ENGINEERING,"USHAA GARDEN, 90, KANNIGAIPAIR VILLAGE, UTHUKOTTAI TALUK,",THIRUVALLUR,Unaided - Private,N,N,1-10769834,fetchdata,2013-2014,Engineering and Technology,1,1,1,1,Tamil Nadu,1
1-1415358843,SRI VIGNESH POLYTECHNIC COLLEGE,"TRICHY - CHENNAI TRUNK ROAD, KOOTHUR - POST",TIRUCHIRAPPALLI,Unaided - Private,N,N,1-452979601,fetchdata,2013-2014,Engineering and Technology,1,1,1,1,Tamil Nadu,1
1-1416809992,CHANDY POLYTECHNIC COLLEGE,"CHANDY NAGAR, MULLAKKADU, THOOTHUKUDI",THOOTHUKUDI,Unaided - Private,N,N,1-424086761,fetchdata,2013-2014,Engineering and Technology,1,1,1,1,Tamil Nadu,1
1-1390813442,SRI SIVASUBRMANIYA NADAR COLLEGE OF ENGINEERING,"RAJIV GANDHI SALAI (OMR)
KALAVAKKAM - 603 110
KANCHIPURAM DIST
TAMIL NADU",KANCHIPURAM,Unaided - Private,N,N,1-1229101,fetchdata,2013-2014,Engineering and Technology,1,1,1,1,Tamil Nadu,1
1-1393069064,KTVR KNOWLEDGE PARK FOR ENGINEERING & TECHNOLOGY,"PERIAMADDAMPALAYAM
BILLICHI POST
COIMBATORE - 641 019",COIMBATORE,Unaided - Private,N,N,1-5045181,fetchdata,2013-2014,Engineering and Technology,1,1,1,1,Tamil Nadu,1
1-1398759972,SUN COLLEGE OF ENGINEERING AND TECHNOLOGY,"SUN NAGAR,
ERACHAKULAM POST,
NAGERCOIL,
PIN-629902",KANYAKUMARI,Unaided - Private,N,N,1-454166791,fetchdata,2013-2014,Engineering and Technology,1,1,1,1,Tamil Nadu,1
1-1435138452,SREE KRISHNA POLYTECHNIC COLLEGE,"""DWARAKA"", 
KALLIANACAUD
NAGERCOIL",KANYAKUMARI,Unaided - Private,N,N,1-409749991,fetchdata,2013-2014,Engineering and Technology,1,1,1,1,Tamil Nadu,1
1-1520226344,BHAKTHAVATSALAM POLYTECHNIC COLLEGE,KARAIPETTAI,KANCHIPURAM,Govt aided,N,N,1-455751941,fetchdata,2013-2014,Engineering and Technology,1,1,1,1,Tamil Nadu,1
1-1413360015,GMS-MAVMM POLYTECHNIC COLLEGE,"ALAGARKOVIL,
MADURAI.",MADURAI,Unaided - Private,N,N,1-457465291,fetchdata,2013-2014,Engineering and Technology,1,1,1,1,Tamil Nadu,1
1-1433277752,M.I.E.T. ENGINEERING COLLEGE,"TRICHY - PUDUKKOTTAI  ROAD
GUNDUR
TIRUCHIRAPPALLI - 620 007",TIRUCHIRAPPALLI,Unaided - Private,N,Y,1-7532291,fetchdata,2013-2014,Engineering and Technology,1,1,1,1,Tamil Nadu,1
1-1415689092,PANIMALAR POLYTECHNIC COLLEGE,"23, RAILWAY COLONY II STREET, NELSON MANICKAM ROAD, CHENNAI.",CHENNAI,Unaided - Private,N,N,1-720615521,fetchdata,2013-2014,Engineering and Technology,1,1,1,1,Tamil Nadu,1
1-1421705932,UDAYA INSTITUTE OF TECHNOLOGY,"UDAYA NAGAR,
AMMANDI VILAI & POST",KANYAKUMARI,Unaided - Private,N,N,1-425528111,fetchdata,2013-2014,Engineering and Technology,1,1,1,1,Tamil Nadu,1
1-1398763632,SRI VENGATESWARAA POLYTECHNIC COLLEGE,5/202-3,NAMAKKAL,Unaided - Private,N,N,1-435898281,fetchdata,2013-2014,Engineering and Technology,1,1,1,1,Tamil Nadu,1
1-1484269192,ARULMIGU PALANIANDAVAR POLYTECHNIC COLLEGE,"DINDUGAL ROAD
PALANI - 624601
TAMILNADU",DINDIGUL,Govt aided,N,N,1-435399441,fetchdata,2013-2014,Engineering and Technology,1,1,1,1,Tamil Nadu,1
1-1393045522,JAYA POLYTECHNIC COLLEGE,"PRAKASH NAGAR,
THIRUNINRAVUR",THIRUVALLUR,Unaided - Private,N,Y,1-440336561,fetchdata,2013-2014,Engineering and Technology,1,1,1,1,Tamil Nadu,1
1-1406568542,KUMARAN POYTECHNIC COLLEGE,"VELU NAGAR
MATHUR
TIRUVANNAMALAI",TIRUVANNAMALAI,Unaided - Private,N,N,1-499988491,fetchdata,2013-2014,Engineering and Technology,1,1,1,1,Tamil Nadu,1
1-1417768752,SRI BALAJI POLYTECHNIC COLLEGE,"BALAJI NAGAR
KOLAPAKKAM
VANDALUR",KANCHIPURAM,Unaided - Private,N,N,1-452885211,fetchdata,2013-2014,Engineering and Technology,1,1,1,1,Tamil Nadu,1
1-1459229043,PONJESLY COLLEGE OF ENGINEERING,"NEAR PARVATHIPURAM, ALAMPARAI,
VETURNIMADAM POST,
NAGERCOIL 
629 003.
KANYAKUMARI DIST.,
TAMIL NADU.",KANYAKUMARI,Unaided - Private,N,Y,1-4230371,fetchdata,2013-2014,Engineering and Technology,1,1,1,1,Tamil Nadu,1
1-1459547602,GOVERNMENT POLYTECHNIC COLLEGE,"KEELAKANAVAI
VELUR POST",PERAMBALUR,Government,N,N,1-434019891,fetchdata,2013-2014,Engineering and Technology,1,1,1,1,Tamil Nadu,1
1-1458526612,SRI BALAJI CHOCKALINGAM ENGINEERING COLLEGE,"IRUMBEDU, ARNI T.K.,
ARNI
TIRUVANNAMALAI DIST.,",TIRUVANNAMALAI,Unaided - Private,N,N,1-2189847,fetchdata,2013-2014,Engineering and Technology,1,1,1,1,Tamil Nadu,1
1-1458843046,RAJA DESINGH POLYTECHNIC COLLEGE,"RAJA DESINGH POLYTECHNIC COLLEGE
KALAIYUR & POST, GINGEE T.K.,",VILUPPURAM,Unaided - Private,N,N,1-440197611,fetchdata,2013-2014,Engineering and Technology,1,1,1,1,Tamil Nadu,1
1-1473853392,THENI KAMMAVAR SANGAM POLYTECHNIC COLLEGE,"KAMMAVAR NAGAR
KODUVILARPATTI
THENI",THENI,Unaided - Private,N,N,1-425578823,fetchdata,2013-2014,Engineering and Technology,1,1,1,1,Tamil Nadu,1
1-1459004663,A.K.T. MEMORIALPOLYTECHNIC COLLEGE,"A.K.T.NAGAR
NEELAMANGALAM VILLAGE",VILUPPURAM,Unaided - Private,N,N,1-456830121,fetchdata,2013-2014,Engineering and Technology,1,1,1,1,Tamil Nadu,1
1-1451143645,SRI S.RAMASAMY NAIDU MEMORIAL POLYTECHNIC COLLEGE,VENKATACHALAPURAM,VIRUDHUNAGAR,Unaided - Private,N,N,1-426109571,fetchdata,2013-2014,Engineering and Technology,1,1,1,1,Tamil Nadu,1
1-1455449802,KUMARAN POLYTECHNIC COLLEGE,"ARRIYUR,
MATHIANALLUR(PO)",PUDUKKOTTAI,Unaided - Private,N,N,1-446057201,fetchdata,2013-2014,Engineering and Technology,1,1,1,1,Tamil Nadu,1
1-1449968722,SWAMY ABEDHANANDHA POLYTECHNIC COLLEGE,"THELLAR
 
VANDAVASI - TINDIVANAM HIGHWAY",TIRUVANNAMALAI,Unaided - Private,N,N,1-451838221,fetchdata,2013-2014,Engineering and Technology,1,1,1,1,Tamil Nadu,1
1-1456643614,SUDHARSHANA POLYTECHNIC COLLEGE,"KALIPATTI  VILLAGE
AMMAPATTI POST
THURAIYUR TK
TRICHY DT
PIN:621 014",TIRUCHIRAPPALLI,Unaided - Private,N,N,1-413109001,fetchdata,2013-2014,Engineering and Technology,1,1,1,1,Tamil Nadu,1
1-1441426682,J.P. COLLEGE OF ENGINEERING,"COLLEGE ROAD
AYIKUDY
TENKASI
TIRUNELVELI DIST
TAMILNADU
PIN - 627852",TIRUNELVELI,Unaided - Private,N,Y,1-2819861,fetchdata,2013-2014,Engineering and Technology,1,1,1,1,Tamil Nadu,1
1-1459299726,S.PADMAVATHY POLYTECHNIC,"ATTUR MAIN ROAD,MURUGUR VILLAGE,THURAIYUR TK,TRICHY DT",TIRUCHIRAPPALLI,Unaided - Private,N,N,1-513694591,fetchdata,2013-2014,Engineering and Technology,1,1,1,1,Tamil Nadu,1
1-1405011026,"GOVERNMENT COLLEGE OF ENGINEERING,BARGUR","GOVERNMENT COLLEGE OF ENGINEERING,BARGUR
MADEPALLI POST
BARGUR",KRISHNAGIRI,Government,N,N,1-435593652,fetchdata,2013-2014,Engineering and Technology,1,1,1,1,Tamil Nadu,1
1-1459769673,SREE KUMARAGURU POLYTECHNIC COLLEGE,"KUMARAGURU NAGAR,
KOKKARAPATTY (PO),
P.R.PATTY (TK),
GOPINATHAMPATTY CROSS ROAD,",DHARMAPURI,Unaided - Private,N,N,1-446151383,fetchdata,2013-2014,Engineering and Technology,1,1,1,1,Tamil Nadu,1
1-1436979452,SVS POLYTECHNIC COLLEGE,"R.PUDUPPALAYAM,
MEL SATHAMPOOR ROAD,",NAMAKKAL,Unaided - Private,N,N,1-441516041,fetchdata,2013-2014,Engineering and Technology,1,1,1,1,Tamil Nadu,1
1-1404882863,HOSUR INSTITUTE OF TECHNOLOGY AND SCIENCE,"ERRANDAPALLI VILLAGE,
HOSUR TALUK,
KRISHNAGIRI DIST.",KRISHNAGIRI,Unaided - Private,N,N,1-748085771,fetchdata,2013-2014,Engineering and Technology,1,1,1,1,Tamil Nadu,1
1-1479271692,N.P.R POLYTECHNIC COLLEGE,"N.P.R NAGAR
PUNNAPATTI POST
ULUPPAGUDI
NATHAM",DINDIGUL,Unaided - Private,N,N,1-510772911,fetchdata,2013-2014,Engineering and Technology,1,1,1,1,Tamil Nadu,1
1-1451856392,MUTHAYAMMAL POLYTECHNIC COLLEGE,"KAKKAVERI POST ,
RASIPURAM TALUK,
NAMAKKAL DISTRICT,",NAMAKKAL,Unaided - Private,N,N,1-451434901,fetchdata,2013-2014,Engineering and Technology,1,1,1,1,Tamil Nadu,1
1-1462738962,MANORA POLYTECHNIC COLLEGE,"KOTTAKUDI-POST
PATTUKKOTTAI-TKTHANJAVUR-DT",THANJAVUR,Unaided - Private,N,N,1-424541291,fetchdata,2013-2014,Engineering and Technology,1,1,1,1,Tamil Nadu,1
1-1515767196,GIRIVAASAN POLYTECHNIC COLLEGE,"PAUPARAPATTI MAIN ROAD
PACHANAMPATTI
DHARMAPURI",DHARMAPURI,Unaided - Private,N,N,1-779046081,fetchdata,2013-2014,Engineering and Technology,1,1,1,1,Tamil Nadu,1
1-1531368342,SADASIVAM KATHIRKAMAVALLI POLYTECHNIC COLLEGE,"27.SERUMANGALAM-I,
MANNARGUDI",THIRUVARUR,Unaided - Private,N,N,1-482116771,fetchdata,2013-2014,Engineering and Technology,1,1,1,1,Tamil Nadu,1
1-1495523256,UDAYA POLYTECHNIC COLLEGE,"UDAYA NAGER,
VELLAMODI JN,
ESANTHANGU,
AZHIKKAL POST,
KANYAKUMARI DISTRICT,
TAMILNADU.",KANYAKUMARI,Unaided - Private,N,N,1-435531783,fetchdata,2013-2014,Engineering and Technology,1,1,1,1,Tamil Nadu,1
1-1429515990,THIRUMALAI ENGINEERING COLLEGE,"KILAMBI
KRISHNAPURAM POST",KANCHIPURAM,Unaided - Private,N,N,1-6374003,fetchdata,2013-2014,Engineering and Technology,1,1,1,1,Tamil Nadu,1
1-1456884042,M.P.NACHIMUTHU M.JAGANATHAN ENGINEERING COLLEGE,"CHENNIMALAI, ERODE - 638 112.",ERODE,Unaided - Private,N,N,1-5323603,fetchdata,2013-2014,Engineering and Technology,1,1,1,1,Tamil Nadu,1
1-1490695735,PARAMVEER POLYTECHNIC COLLEGE,"DHARMAPURI MAIN ROAD, PAPPARAPATTI, DHARMAPURI.
636809",DHARMAPURI,Unaided - Private,N,N,1-505141471,fetchdata,2013-2014,Engineering and Technology,1,1,1,1,Tamil Nadu,1
1-1423345602,VELAMMAL COLLEGE OF ENGINEERING & TECHNOLOGY,"VELAMMAL NAGAR,
VIRAGANOOR, MADURAI",MADURAI,Unaided - Private,N,N,1-8119871,fetchdata,2013-2014,Engineering and Technology,1,1,1,1,Tamil Nadu,1
1-1450062062,SSM INSTITUTE OF ENGINEERING AND TECHNOLOGY,"KUTTATHUPATTI VILLAGE, BEGAMBUR POST, DINDIGUL TALUK, DINDIGUL DISTRICT, TAMILNADU",DINDIGUL,Unaided - Private,N,N,1-415294961,fetchdata,2013-2014,Engineering and Technology,1,1,1,1,Tamil Nadu,1
1-1455632642,KARPAGAM INSTITUTE OF TECHNOLOGY,"KARPAGAM INSTITUTE OF TECHNOLOGY
S.F.NO:247,248. L&T BYPASS ROAD
SEERAPALAYAM VILLAGE
BODIPALAYAM POST
COIMBATORE - 641 105
TAMILNADU",COIMBATORE,Unaided - Private,N,N,1-8932081,fetchdata,2013-2014,Engineering and Technology,1,1,1,1,Tamil Nadu,1
1-1460986802,GOVERNMENT POLYTECHNIC COLLEGE,CHENNAI ROAD,KRISHNAGIRI,Government,N,N,1-475703651,fetchdata,2013-2014,Engineering and Technology,1,1,1,1,Tamil Nadu,1
1-1441786096,THE KARUR POLYTECHNIC COLLEGE,"SANJAY NAGAR
KARUR-ERODE MAIN ROAD
ATHUR-POST
KARUR-DISTRICT
TAMIL NADU",KARUR,Unaided - Private,N,N,1-412750281,fetchdata,2013-2014,Engineering and Technology,1,1,1,1,Tamil Nadu,1
1-1485444322,GOVERNMENT POLYTECHNIC COLLEGE,"FINGER POST
UDHAGAMANDALAM
NILGIRIS",NILGIRIS,Government,N,N,1-498722191,fetchdata,2013-2014,Engineering and Technology,1,1,1,1,Tamil Nadu,1
1-1481600021,ASIAN COLLEGE OF ENGINEERING AND TECHNOLOGY,"294/2, ASIAN COLLEGE ROAD,
KONDAYAMPALAYAM,
NEAR SARAVANAMPATTI,
COIMBATORE - 641 110",COIMBATORE,Unaided - Private,N,N,,fetchdata,2013-2014,Engineering and Technology,1,1,1,1,Tamil Nadu,1
1-1449626142,R.M.K. COLLEGE OF ENGINEERING AND TECHNOLOGY,"R.S.M. NAGAR
PUDUVOYAL - 601 206
GUMMIDIPOONDI TALUK
THIRUVALLUR DISTRICT
TAMILNADU",THIRUVALLUR,Unaided - Private,N,Y,1-2511917,fetchdata,2013-2014,Engineering and Technology,1,1,1,1,Tamil Nadu,1
1-1460951342,PAAVAI ENGINEERING COLLEGE,"NH-7, PAAVAI NAGAR,
PACHAL, NAMAKKAL
PIN - 637 018
TAMILNADU",NAMAKKAL,Unaided - Private,N,N,1-4077897,fetchdata,2013-2014,Engineering and Technology,1,1,1,1,Tamil Nadu,1
1-1398494682,GANADIPATHY TULSI'S JAIN ENGINEERING COLLEGE,"CHITTOOR-CUDDALORE ROAD,
KANIYAMBADI,
VELLORE.",VELLORE,Unaided - Private,N,N,1-8340341,fetchdata,2013-2014,Engineering and Technology,1,1,1,1,Tamil Nadu,1
1-1433420302,KIT & KIM TECHNICAL CAMPUS,"KEERANIPATTI VILLAGE,
THALAKKAVUR PANCHAYAT,
KARAIKUDI",SIVAGANGA,Unaided - Private,N,N,1-477606471,fetchdata,2013-2014,Engineering and Technology,1,1,1,1,Tamil Nadu,1
1-1507649248,HINDUSTAN INSTITUTE OF ENGINEERING TECHNOLOGY  POLYTECHNIC COLLEGE,"HIET POLYTECHNIC COLLEGE
NAVALUR ROAD,
VELLARITHANGAL VILLAGE
SEREPENANCHERY POST,
SRIPERUMBADUR TALUK,
KANCHEEPURAM DISTRICT - 601 301.",KANCHIPURAM,Unaided - Private,N,Y,1-477475681,fetchdata,2013-2014,Engineering and Technology,1,1,1,1,Tamil Nadu,1
1-1468913812,MAHARANI POLYTECHNIC COLLEGE,"1/74, NANJIYAMPALAYAM",TIRUPPUR,Unaided - Private,N,N,1-454135583,fetchdata,2013-2014,Engineering and Technology,1,1,1,1,Tamil Nadu,1
1-1484279592,V.J.P. POLYTECHNIC COLLEGE,TRICHY-CHENNAI HIGHWAYS,TIRUCHIRAPPALLI,Unaided - Private,N,N,1-456809141,fetchdata,2013-2014,Engineering and Technology,1,1,1,1,Tamil Nadu,1
1-1434992392,PAAVAI POLYTECHNIC COLLEGE,"NH - 7, PAAVAI NAGAR, PACHAL",NAMAKKAL,Unaided - Private,N,N,1-429457251,fetchdata,2013-2014,Engineering and Technology,1,1,1,1,Tamil Nadu,1
1-1542328932,ADHI COLLEGE OF ENGINEERING AND TECNOLOGY,"6, MUNU ADHI NAGAR, SANKARAPURAM, PULIAMBAKKAM POST, NEAR WALLAJABAD, KANCHEEPURAM",KANCHIPURAM,Unaided - Private,N,N,1-34863771,fetchdata,2013-2014,Engineering and Technology,1,1,1,1,Tamil Nadu,1
1-1481126503,ARIES POLYTECHNIC COLLEGE,KARUNGUZHI,CUDDALORE,Unaided - Private,N,N,1-420991455,fetchdata,2013-2014,Engineering and Technology,1,1,1,1,Tamil Nadu,1
1-1457510382,MAHALAKSHMI ENGINEERING COLLEGE,"MAHALAKSHMI NAGAR, TRICHY - SALEM MAIN ROAD",TIRUCHIRAPPALLI,Unaided - Private,N,N,1-400503141,fetchdata,2013-2014,Engineering and Technology,1,1,1,1,Tamil Nadu,1
1-1454751795,SRI RENUGAMBAL POLYTECHNIC COLLEGE,"C.C ROAD,
ETTIVADI,
POLUR TALUK,
T.V. MALAI DT.",TIRUVANNAMALAI,Unaided - Private,N,N,1-457079051,fetchdata,2013-2014,Engineering and Technology,1,1,1,1,Tamil Nadu,1
1-1489832625,SRI VINAYAGA POLYTECHNIC COLLEGE,"PUTHUMOTTUR VILLAGE
JINGALKATHIRMAPATTI  POST
POCHAMPALLI TK
KRISHNAGIRI DT",KRISHNAGIRI,Unaided - Private,N,N,1-512750241,fetchdata,2013-2014,Engineering and Technology,1,1,1,1,Tamil Nadu,1
1-1447554452,J.J. POLYTECHNIC COLLEGE,"AMMAPETTAI,
POOLANGULATHUPPATTI POST.",TIRUCHIRAPPALLI,Unaided - Private,N,N,1-405756891,fetchdata,2013-2014,Engineering and Technology,1,1,1,1,Tamil Nadu,1
1-1449617862,TIRUMALA POLYTECHNIC COLLEGE,"NALLAN PILLAIPETRAL VILLAGE
PALLIKONDAPATTU POST
TIRUVANNAMALAI TALUK
TIRUVANNAMALAI DISTRICT
PIN 606611",TIRUVANNAMALAI,Unaided - Private,N,N,1-419944661,fetchdata,2013-2014,Engineering and Technology,1,1,1,1,Tamil Nadu,1
1-1458593496,AKSHEYAA COLLEGE OF ENGINEERING,"PULUDIVAKKAM
MADHURANTAGAM TALUK
KANCHEEPURAM DISTRICT",KANCHIPURAM,Unaided - Private,N,N,1-3969771,fetchdata,2013-2014,Engineering and Technology,1,1,1,1,Tamil Nadu,1
1-1460715242,EASA COLLEGE OF ENGINEERING & TECHNOLOGY,"NH-47, PALAKKAD MAIN ROAD, NAVAKKARAI(PO), COIMBATORE-641105",COIMBATORE,Unaided - Private,N,N,1-4367535,fetchdata,2013-2014,Engineering and Technology,1,1,1,1,Tamil Nadu,1
1-1462776072,V.K.P.POLYTECHNIC COLLEGE,"MADURAI MAIN ROAD,CHOCKAMPATTI.",TIRUNELVELI,Unaided - Private,N,N,1-466034941,fetchdata,2013-2014,Engineering and Technology,1,1,1,1,Tamil Nadu,1
1-1471430376,THE GANDHIGRAM RURAL INSTITUTE - DEEMED UNIVERSITY,"GANDHIGRAM
AUTHOOR TK.",DINDIGUL,Government,N,N,1-465941501,fetchdata,2013-2014,Engineering and Technology,1,1,1,1,Tamil Nadu,1
1-1459015452,ROYAL POLYTECHNIC COLLEGE,KULATHUR POST,PUDUKKOTTAI,Unaided - Private,N,N,1-454848011,fetchdata,2013-2014,Engineering and Technology,1,1,1,1,Tamil Nadu,1
1-1462904552,SRI RAMANATHAN ENGINEERING COLLEGE,"UTHUKULI MAIN ROAD,VIJAYAMANGALAM VIA,
NADUPATTI POST,
TIRUPPUR - 638 056",TIRUPPUR,Unaided - Private,N,N,1-6156361,fetchdata,2013-2014,Engineering and Technology,1,1,1,1,Tamil Nadu,1
1-1458850415,SHRI SAPTHAGIRI INSTITUTE OF TECHNOLOGY,"381, MBT ROAD, OCHERI, ARAKKONAM TALUK, VELLORE DISTRICT- 632531",VELLORE,Unaided - Private,N,N,1-3638161,fetchdata,2013-2014,Engineering and Technology,1,1,1,1,Tamil Nadu,1
1-1454591242,MAHARAJA ENGINEERING COLLEGE FOR WOMEN,"MAHARAJA ENGINEERING COLLEGE FOR WOMEN, ERODE ROAD, PERUNDURAI.",ERODE,Unaided - Private,Y,N,1-4066271,fetchdata,2013-2014,Engineering and Technology,1,1,1,1,Tamil Nadu,1
1-1435322932,AISHWARYA POLYTECHNIC COLLEGE,"ERRATTAIKARADU, PARUVACH(PO), BHAVANI(TK), ERODE(DT)",ERODE,Unaided - Private,N,N,1-425541591,fetchdata,2013-2014,Engineering and Technology,1,1,1,1,Tamil Nadu,1
1-1559914522,GOVERNMENT POLYTECHNIC COLLEGE,"AMBALAKARANPATTI,
MELUR(T.K)",MADURAI,Government,N,N,1-487923953,fetchdata,2013-2014,Engineering and Technology,1,1,1,1,Tamil Nadu,1
1-1457168936,RAJAJI INSTITUTE OF TECHNOLOGY,"PERIA SEERAGAPADI (B.O),
VEERAPANDI (VIA),
SALEM",SALEM,Unaided - Private,N,N,1-479388911,fetchdata,2013-2014,Engineering and Technology,1,1,1,1,Tamil Nadu,1
1-1487123068,ARULMIGU KALLALAKAR POLYTECHNIC COLLEGE,"RATHINAM NAGAR, ATTUKULAM",MADURAI,Unaided - Private,N,N,1-492953871,fetchdata,2013-2014,Engineering and Technology,1,1,1,1,Tamil Nadu,1
1-1454578614,PRIYADARSHINI POLYTECHNIC COLLEGE,"BARATH NAGAR, CHETTIYAPPANUR (VILLAGE & POST )
VANIYAMBADI",VELLORE,Unaided - Private,N,N,1-461205761,fetchdata,2013-2014,Engineering and Technology,1,1,1,1,Tamil Nadu,1
1-1449639952,TEJAA SHAKTHI INSTITUTE OF TECHNOLOGY FOR WOMEN,"NEAR CHENNIANDAVAR KOIL
NH-47, AVINASHI ROAD
KARUMATHAMPATTI
COIMBATORE 641 659.",COIMBATORE,Unaided - Private,Y,N,1-2906311,fetchdata,2013-2014,Engineering and Technology,1,1,1,1,Tamil Nadu,1
1-1442956153,S.R.I. POLYTECHNIC COLLEGE,"MELMARUVATHUR ROAD
BIRUDUR VILLAGE
VANDAVASI TALUK
TIRUVANNAMALAI D.T, PIN-604408",TIRUVANNAMALAI,Unaided - Private,N,N,1-423214147,fetchdata,2013-2014,Engineering and Technology,1,1,1,1,Tamil Nadu,1
1-1475857025,MURUGA POLYTECHNIC COLLEGE,MELUR POST,VILUPPURAM,Unaided - Private,N,N,1-433761563,fetchdata,2013-2014,Engineering and Technology,1,1,1,1,Tamil Nadu,1
1-1487272975,DR DHARMAMBAL GOVT POLYTECHNIC COLLEGE FOR WOMEN,"THARAMANI
CHENNAI-600113",CHENNAI,Government,Y,N,1-433844241,fetchdata,2013-2014,Engineering and Technology,1,1,1,1,Tamil Nadu,1
1-1445914782,SARASWATHI VELU COLLEGE OF ENGINEERING,"JAMBUKULAM ROAD,
MELVENKATAPURAM
SHOLINGHUR",VELLORE,Unaided - Private,N,N,1-7995581,fetchdata,2013-2014,Engineering and Technology,1,1,1,1,Tamil Nadu,1
1-1455443953,SESHASAYEE INSTITUTE OF TECHNOLOGY,"10, TANJORE ROAD,
INDUSTRIAL COLONY (PO),
ARIYAMANGALAM",TIRUCHIRAPPALLI,Govt aided,N,N,1-451886891,fetchdata,2013-2014,Engineering and Technology,1,1,1,1,Tamil Nadu,1
1-1445888592,LAKSHMI  SUBRAMANIAN POLYTECHNIC COLLEGE,MELAKKAL,MADURAI,Unaided - Private,N,N,1-474205681,fetchdata,2013-2014,Engineering and Technology,1,1,1,1,Tamil Nadu,1
1-1398548553,DON BOSCO POLYTECHNIC COLLEGE,"ECR MAIN ROAD,
KAZHIAPPANALLUR POST, 
THARANGAMBADI TK,
NAGAPATTINAM DT",NAGAPATTINAM,Unaided - Private,N,N,1-458276801,fetchdata,2013-2014,Engineering and Technology,1,1,1,1,Tamil Nadu,1
1-1468930092,SHAKTHI INSTITUTE OF FASHION TECHNOLOGY,"S.F.NO.250-251,
A.PERIYAPALAYAM, TIRUPUR.641607.
TAMILNADU.",TIRUPPUR,Unaided - Private,N,N,1-407308481,fetchdata,2013-2014,Engineering and Technology,1,1,1,1,Tamil Nadu,1
1-1411050552,COIMBATORE INSTITUTE OF ENGINEERING AND TECHNOLOGY,"VELLIMALAIPATTINAM, 
NARASIPURAM POST,
THONDAMUTHUR VIA,
COIMBATORE - 641 109",COIMBATORE,Unaided - Private,N,N,1-4830453,fetchdata,2013-2014,Engineering and Technology,1,1,1,1,Tamil Nadu,1
1-1393089102,FRANCIS XAVIER ENGINEERING COLLEGE,"103 G2, BY PASS ROAD,
VANNARPETTAI
TIRUNELVELI - 627 003",TIRUNELVELI,Unaided - Private,N,Y,1-4821331,fetchdata,2013-2014,Engineering and Technology,1,1,1,1,Tamil Nadu,1
1-1398360730,MUTHAYAMMAL POLYTECHNIC INSTITUTION,"ATTUR MAIN ROAD, KAKKAVERI (PO) RASIPURAM TK, NAMAKKAL DT.TAMILNADU",NAMAKKAL,Unaided - Private,N,N,1-467566801,fetchdata,2013-2014,Engineering and Technology,1,1,1,1,Tamil Nadu,1
1-1402336662,THIRUMATHI ELIZABETH POLYTECHNIC COLLEGE,"SELCRIM LAND
ANNAMANGALAM- 621102.
VEPPANTHATTAI-TK
PERAMBALUR-DIST.",PERAMBALUR,Unaided - Private,N,N,1-499944794,fetchdata,2013-2014,Engineering and Technology,1,1,1,1,Tamil Nadu,1
1-1398495272,SRI MAHALAKSHMI POLYTECHNIC COLLEGE,"VAIRANKUPPAM,
SEMMANKUPPAM VILLAGE,
POONDIYANKUPPAM POST,
CUDDALORE",CUDDALORE,Unaided - Private,N,N,1-459828611,fetchdata,2013-2014,Engineering and Technology,1,1,1,1,Tamil Nadu,1
1-1412891704,C..M.ANNAMALAI POLYTECHNIC COLLEGE,"THIRUTHANI HIGH ROAD,
VELLATHUR VILLAGE,
ADHIVARAGAPURAM  POST,
PALLIPET TALUK,
THIRUVALLUR DISTRICT",THIRUVALLUR,Unaided - Private,N,N,1-413854711,fetchdata,2013-2014,Engineering and Technology,1,1,1,1,Tamil Nadu,1
1-1433424964,GANGAA POLYTECHNIC COLLEGE,"NH-47 SANKARI MAIN ROAD,
KANAKAGIRI COLONY,
KAKAPALAYAM POST,
SANKARI TK,
SALEM - 637 504",SALEM,Unaided - Private,N,N,1-424562161,fetchdata,2013-2014,Engineering and Technology,1,1,1,1,Tamil Nadu,1
1-1404620382,EASWARI ENGINEERING COLLEGE,"BHARATHI SALAI, RAMAPURAM, CHENNAI - 600 089",THIRUVALLUR,Unaided - Private,N,Y,1-4156271,fetchdata,2013-2014,Engineering and Technology,1,1,1,1,Tamil Nadu,1
1-1388341762,NANDHA COLLEGE OF TECHNOLOGY,"235, CHENNIMALAIPALAYAM ROAD
PITCHANDAMPALAYAM POST
VEPPAMPALAYAM VILLAGE
ERODE - 638 052",ERODE,Unaided - Private,N,N,1-5019688,fetchdata,2013-2014,Engineering and Technology,1,1,1,1,Tamil Nadu,1
1-1392663713,NIGHTINGATE INSTITUTE OF TECHNOLOGY,"M.G.R. NAGAR, L & T BY PASS,
MADUKARAI MARKET ROAD,
CHETTIPALAYAM ROAD,
MADUKARAI",COIMBATORE,Unaided - Private,N,N,1-746420171,fetchdata,2013-2014,Engineering and Technology,1,1,1,1,Tamil Nadu,1
1-1415674527,AMMA PLOYTECHNIC COLLEGE,"VILANGADU,
EDUMBAVANAM - PO,
THIRUTHURAIPOONDI - TK,
THIRUVAROOR - DT.",THIRUVARUR,Unaided - Private,N,N,1-426006601,fetchdata,2013-2014,Engineering and Technology,1,1,1,1,Tamil Nadu,1
1-1400370684,KING COLLEGE OF TECHNOLOGY,"NALLUR ,N.PUDUPATTY -PO,
NAMAKKAL-DT,
TAMILNADU-637020",NAMAKKAL,Unaided - Private,N,N,1-4026486,fetchdata,2013-2014,Engineering and Technology,1,1,1,1,Tamil Nadu,1
1-1392795303,LAKSHMI AMMAL POLYTECHNIC COLLEGE,"K.R NAGAR,
KOVILPATTI",THOOTHUKUDI,Unaided - Private,N,N,1-418164793,fetchdata,2013-2014,Engineering and Technology,1,1,1,1,Tamil Nadu,1
1-1406586524,ANNAI J.K.K.SAMPOORANI AMMAL POLYTECHNIC COLLEGE,"THOOKKANAICKENPALAYAM POST, GOBICHETTIPALAYAM TALUK.",ERODE,Unaided - Private,N,N,1-426981261,fetchdata,2013-2014,Engineering and Technology,1,1,1,1,Tamil Nadu,1
1-1415682082,K.K.S. MANI POLYTECHNIC COLLEGE,"NO.78.C.C. ROAD,
KANNAMANGALAM (VIA),
VALLAM VILLAGE,
VELLORE TALUK & DISTRICT",VELLORE,Unaided - Private,N,N,1-458944651,fetchdata,2013-2014,Engineering and Technology,1,1,1,1,Tamil Nadu,1
1-1419126312,THANGAVELU ENGINEERING COLLEGE,"RAJIV GANDHI SALAI
KARAPAKKAM
CHENNAI - 600 097",CHENNAI,Unaided - Private,N,N,1-11778261,fetchdata,2013-2014,Engineering and Technology,1,1,1,1,Tamil Nadu,1
1-1441335142,SREE SASTHA COLLEGE OF ENGINEERING,"CHEMBARAMBAKKAM VILLAGE ROAD.,
CHEMBARAMBAKKAM
CHENNAI",THIRUVALLUR,Unaided - Private,N,Y,1-10255711,fetchdata,2013-2014,Engineering and Technology,1,1,1,1,Tamil Nadu,1
1-1402587544,MAR EPHRAEM COLLEGE OF ENGINEERING AND TECHNOLOGY,"MALANKARA HILLS,

ELAVUVILLAI,

KANYAKUMARI",KANYAKUMARI,Unaided - Private,N,Y,1-6547531,fetchdata,2013-2014,Engineering and Technology,1,1,1,1,Tamil Nadu,1
1-1493057922,GOVERNMENT POLYTECHNIC COLLEGE,"SUBBARAYAN  MAIN ROAD
NAMMALWARPET
CHENNAI",CHENNAI,Government,N,N,1-501927801,fetchdata,2013-2014,Engineering and Technology,1,1,1,1,Tamil Nadu,1
1-1405109482,HOLYCROSS ENGINEERING COLLEGE,"7/131, VAGAIKULAM SRIVAIKUNTAM EXPRESS ROAD
SRI MULAKARAI,
THANNOOTHU VILLAGE,SRIVAIKUNTAM TALUK",THOOTHUKUDI,Unaided - Private,N,N,1-3888371,fetchdata,2013-2014,Engineering and Technology,1,1,1,1,Tamil Nadu,1
1-1406177422,JAYA ENGINEERING COLLEGE,"PRAKASH NAGAR,
THIRUNINRAVUR,
THIRUVALLUR  DIST,
CHENNAI - 602024",THIRUVALLUR,Unaided - Private,N,Y,1-9855475,fetchdata,2013-2014,Engineering and Technology,1,1,1,1,Tamil Nadu,1
1-1435368912,AISHWARYA COLLEGE OF ENGINEERING AND TECHNOLOGY,"ERRATTAIKARAD,
PARUVACHI(PO),
ANTHIYUR
BHAVANI(TK),
ERODE(DT)",ERODE,Unaided - Private,N,N,1-425538501,fetchdata,2013-2014,Engineering and Technology,1,1,1,1,Tamil Nadu,1
1-1402486802,MAHENDRA INSTITUTE OF ENGINEERING AND TECHNOLOGY,"MAHENDIRAPURI, MALLASAMUDRAM WEST, VADUGAPLAYAM POST, TIRUCHENGODE TALUK, NAMAKKAL DISTRICT",NAMAKKAL,Unaided - Private,N,N,1-9870741,fetchdata,2013-2014,Engineering and Technology,1,1,1,1,Tamil Nadu,1
1-1415194912,PSN INSTITUTE OF TECHNOLOGY & SCIENCE,"MELATHEDIYOOR,
PALAYAMKOTTAI TALUK,
TIRUNELVELI",TIRUNELVELI,Unaided - Private,N,N,1-10064364,fetchdata,2013-2014,Engineering and Technology,1,1,1,1,Tamil Nadu,1
1-1392687083,E.S.ENGINEERING COLLEGE,"CHENNAI TRUNK ROAD, 
AYYANKOILPATTU,",VILUPPURAM,Unaided - Private,N,N,1-3858465,fetchdata,2013-2014,Engineering and Technology,1,1,1,1,Tamil Nadu,1
1-1431420292,INFO INSTITUTE OF ENGINEERING,"S F NO.194-200, N.H.209, SATHY ROAD,
SARAKARSAMAKULAM, KOVILPALAYAM,
COIMBATORE-641107.",COIMBATORE,Unaided - Private,N,N,1-5978774,fetchdata,2013-2014,Engineering and Technology,1,1,1,1,Tamil Nadu,1
1-1406922682,AL ISLAMIYA POLYTECHNIC COLLEGE,"SENGANUR VILLAGE
RAJAVUR PO
PENNAGARAM TK
DHARMAPURI DT
TAMILNADU",DHARMAPURI,Unaided - Private,N,Y,1-516735331,fetchdata,2013-2014,Engineering and Technology,1,1,1,1,Tamil Nadu,1
1-1406903193,THE KAVERY COLLEGE OF ENGINEERING,"M.KALIPATTI POST, MECHERI,
METTUR TALUK,
SALEM (DT).",SALEM,Unaided - Private,N,N,1-4555431,fetchdata,2013-2014,Engineering and Technology,1,1,1,1,Tamil Nadu,1
1-1475854023,DHARMAPURI DISTRICT CO-OP SUGAR MILLS POLYTECHNIC COLLEGE,"DHARMAPURI DISTRICT CO-OP SUGAR MILLS POLYTECHNIC COLLEGE,PALACODE",DHARMAPURI,Unaided - Private,N,N,1-437046341,fetchdata,2013-2014,Engineering and Technology,1,1,1,1,Tamil Nadu,1
1-1414799295,SRI KRISHNA POLYTECHNIC COLLEGE,"MADURAI MAINROAD,
BATLAGUNDU",DINDIGUL,Unaided - Private,N,N,1-475207451,fetchdata,2013-2014,Engineering and Technology,1,1,1,1,Tamil Nadu,1
1-1402386982,VI INSTITUTE OF TECHNOLOGY,"NO. 96, SIRUNKUNDRAM POST,
CHENGALPATTU TALUK
KANCHEEPURAM DIST",KANCHIPURAM,Unaided - Private,N,N,1-8398021,fetchdata,2013-2014,Engineering and Technology,1,1,1,1,Tamil Nadu,1
1-1432879302,SIGA POLYTECHNIC COLLEGE,"#49, TAYLORS ROAD,
KILPAUK",CHENNAI,Unaided - Private,N,Y,1-519326961,fetchdata,2013-2014,Engineering and Technology,1,1,1,1,Tamil Nadu,1
1-1442146818,JAYAM POLYTECHNIC COLLEGE,"NALLANUR VILLAGE, KONANGIHALLI POST, PENNAGARAM TALUK",DHARMAPURI,Unaided - Private,N,N,1-444208811,fetchdata,2013-2014,Engineering and Technology,1,1,1,1,Tamil Nadu,1
1-1468684814,PARIMALA PANDURANGAN POLYTECHNIC COLLEGE,"NO,55,CHITHATHUR VILLAGE
WALAJAPET TALUK, 
VELLORE DISTRICT
TAMILNADU",VELLORE,Unaided - Private,N,N,1-750694384,fetchdata,2013-2014,Engineering and Technology,1,1,1,1,Tamil Nadu,1
1-1533919259,"GOVERNMENT POLYTECHNIC COLLEGE, KANIYALAMPATTI","SINTHAMANIPATTI VIA,
KADAVUR TALUK
KARUR 
621301",KARUR,Government,N,N,1-456405373,fetchdata,2013-2014,Engineering and Technology,1,1,1,1,Tamil Nadu,1
1-1505869571,AVS TECHNICAL CAMPUS,"ATTUR MAIN ROAD , NEAR AVS COLLEGE OF ARTS & SCIENCE, CHINNAGOUNDAPURAM, SALEM - 636 106.",SALEM,Unaided - Private,N,N,,fetchdata,2013-2014,Engineering and Technology,1,1,1,1,Tamil Nadu,1
1-1402700922,ADHIPARASAKTHI ENGINEERING COLLEGE,"MELMARUVATHUR,
CHEYYUR TALUK,
KANCHEEPURAM DISTRICT,
TAMILNADU,
INDIA",KANCHIPURAM,Unaided - Private,N,N,1-3036221,fetchdata,2013-2014,Engineering and Technology,1,1,1,1,Tamil Nadu,1
1-1412885712,MEPCO SCHLENK ENGINEERING COLLEGE,"SIVAKASI, MEPCO ENGINEERING COLLEGE POST - 626 005 VIRUDHUNAGAR DISTRICT, TAMILNADU",VIRUDHUNAGAR,Unaided - Private,N,N,1-26270263,fetchdata,2013-2014,Engineering and Technology,1,1,1,1,Tamil Nadu,1
1-1415692214,ST.JOHNâS COLLEGE OF ENGINEERING,"DHARMAVARAM ROAD,
PENNATHUR ,T.B.SANITORIUM POST,
VELLORE-632 011 TAMIL NADU.",VELLORE,Unaided - Private,Y,N,1-467465971,fetchdata,2013-2014,Engineering and Technology,1,1,1,1,Tamil Nadu,1
1-1390013752,INSTITUTE OF FOOD AND DAIRY TECHNOLOGY,"KODUVALLI
ALAMATHI P.O.,
RED HILLS (VIA),
CHENNAI 600 052",THIRUVALLUR,Government,N,N,1-14962834,fetchdata,2013-2014,Engineering and Technology,1,1,1,1,Tamil Nadu,1
1-1419552282,SRI MUTHUKUMARAN INSTITUTE OF TECHNOLOGY,"CHIKKARAYAPURAM
NEAR MANGADU
CHENNAI-600 069.",KANCHIPURAM,Unaided - Private,N,Y,1-12940021,fetchdata,2013-2014,Engineering and Technology,1,1,1,1,Tamil Nadu,1
1-1404707663,N.V.POLYTECHNIC COLLEGE,"SOMAVARAPATTI VILLAGE,PETHAPPAMPATTY,MADATHUKULAM TK,TIRUPUR DT",TIRUPPUR,Unaided - Private,N,N,1-425736861,fetchdata,2013-2014,Engineering and Technology,1,1,1,1,Tamil Nadu,1
1-1408856702,P. A. POLYTECHNIC COLLEGE,POLLACHI,COIMBATORE,Unaided - Private,N,N,1-466447981,fetchdata,2013-2014,Engineering and Technology,1,1,1,1,Tamil Nadu,1
1-1408690424,SYED AMMAL ENGINEERING COLLEGE,"DR.E.M.ABDULLAH CAMPUS
LANTHAI,ACHUNTHANVAYAL POST,",RAMANATHAPURAM,Unaided - Private,N,Y,1-5803481,fetchdata,2013-2014,Engineering and Technology,1,1,1,1,Tamil Nadu,1
1-1408918901,KUMARAN INSTITUTE OF TECHNOLOGY,"KOLLATTI VILLAGE
MINJUR PANCHAYAT,
PONNERI-TALUK,
THIRVALLUR - DIST",CHENNAI,Unaided - Private,N,N,1-774226501,fetchdata,2013-2014,Engineering and Technology,1,1,1,1,Tamil Nadu,1
1-1413293012,THE KONGU POLYTECHNIC COLLEGE,"KALLIYANVALASU,
NH-7, TRICHY MAIN ROAD,
MUKKUTHIPALAYAM (POST),
MALLUR(VIA),",SALEM,Unaided - Private,N,N,1-486943331,fetchdata,2013-2014,Engineering and Technology,1,1,1,1,Tamil Nadu,1
1-1404680813,SRI RAMAKRISHNA INSTITUTE OF TECHNOLOGY,"PACHAPALAYAM, PERUR CHETTIPALAYAM
COIMBATORE - 641010",COIMBATORE,Unaided - Private,N,N,1-7841521,fetchdata,2013-2014,Engineering and Technology,1,1,1,1,Tamil Nadu,1
1-1434925123,VICKRAM POLYTECHNIC COLLEGE,"SREENIVASA GARDENS, MADURAI SIVAGANGAI ROAD,",SIVAGANGA,Unaided - Private,N,N,1-461529121,fetchdata,2013-2014,Engineering and Technology,1,1,1,1,Tamil Nadu,1
1-1460792692,ST.JOSEPH'S POLYTECHNIC COLLEGE,"PAPPU NAGAR, NEAR R.M.T.C.NAGAR,
REDDIAPATTI POST
DINDIGUL,
TAMILNADU.
PIN:624003",DINDIGUL,Unaided - Private,N,N,1-465719371,fetchdata,2013-2014,Engineering and Technology,1,1,1,1,Tamil Nadu,1
1-1402672295,CENTRAL INSTITUTE OF PLASTICS ENGINEERING AND TECHNOLOGY,"CIPET (MINISTRY OF CHEMICALS AND FERTILIZERS),
GOVT. OF INDIA,
GUINDY,
CHENNAI-600 032.",CHENNAI,Government,N,N,1-2610054,fetchdata,2013-2014,Engineering and Technology,1,1,1,1,Tamil Nadu,1
1-1419056003,V.S.B. COLLEGE OF ENGINEERING TECHNICAL CAMPUS,"S.F NO.91/2A, 91/2B, 252, 253/1 SOLAVAMPALAYAM VILLAGE, KINATHUKADAVU, POLLACHI TALUK,
COIMBATORE DISTRICT",COIMBATORE,Unaided - Private,N,N,1-721886391,fetchdata,2013-2014,Engineering and Technology,1,1,1,1,Tamil Nadu,1
1-1401108002,MADHA INSTITUTE OF ENGINEERING AND TECHNOLOGY,"IRANDAAM KATTALAI,
SADHANANTHAPURAM,
THANDALAM (P.O),
CHENNAI - 600122",CHENNAI,Unaided - Private,N,Y,1-17346571,fetchdata,2013-2014,Engineering and Technology,1,1,1,1,Tamil Nadu,1
1-1404459292,M.S.P.VELAYUTHA NADAR LAKSHMI THAIAMMAL POLYTECHNIC COLLEGE,"50/2
PAVOORCHATRAM,
[AT] SIVAGAMIPURAM,
ALANGULAM TAULK.",TIRUNELVELI,Unaided - Private,N,N,1-407024373,fetchdata,2013-2014,Engineering and Technology,1,1,1,1,Tamil Nadu,1
1-1508524726,ER. PERUMAL MANIMEKALAI POLYTECHNIC COLLEGE,"17TH KM HOSUR - KRISHNAGIRI ROAD,
NH7, 101, NALLAGANAKOTHAPALLI, SHOLLAGIRI POST, 
HOSUR TALUK,
KRISHNAGIRI DIST
PIN 635117",KRISHNAGIRI,Unaided - Private,N,Y,1-451556641,fetchdata,2013-2014,Engineering and Technology,1,1,1,1,Tamil Nadu,1
1-1419653872,THIRUVALLUVAR POLYTECHNIC COLLEGE,"KALIPALAYAM
VEERAPANDI(VIA)
COIMBATORE.",COIMBATORE,Unaided - Private,N,N,1-429407261,fetchdata,2013-2014,Engineering and Technology,1,1,1,1,Tamil Nadu,1
1-1421028455,JAYA SURIYA ENGINEERING COLLEGE,"REDHILLS-
THIRUVALLUR HIGH ROAD
KODUVELI
CHENNAI",THIRUVALLUR,Unaided - Private,N,N,1-10603013,fetchdata,2013-2014,Engineering and Technology,1,1,1,1,Tamil Nadu,1
1-1408919152,CMS POLYTECHNIC COLLEGE,"CMS NAGAR
ERANAPURAM (POST)
NAMAKKAL",NAMAKKAL,Unaided - Private,N,N,1-473952651,fetchdata,2013-2014,Engineering and Technology,1,1,1,1,Tamil Nadu,1
1-1427589592,MIT POLYTECHNIC COLLEGE,"CAUVERY CROSS
NAVAPATTY POST
METTUR-BHAVANI MAIN ROAD
METTUR DAM - 636452",SALEM,Unaided - Private,N,N,1-450923291,fetchdata,2013-2014,Engineering and Technology,1,1,1,1,Tamil Nadu,1
1-1462738582,THANGAM-MUTHU POLYTECHNIC COLLEGE,"MADURAI MAIN ROAD, VELNAGAR, PERIYAKULAM EAST",THENI,Unaided - Private,N,N,1-461642271,fetchdata,2013-2014,Engineering and Technology,1,1,1,1,Tamil Nadu,1
1-1394934023,KINGS ENGINEERING COLLEGE,"IRUNGATTUKOTTAI
OPP. HYUNDAI CAR COMPANY",KANCHIPURAM,Unaided - Private,N,Y,1-413844974,fetchdata,2013-2014,Engineering and Technology,1,1,1,1,Tamil Nadu,1
1-1402823345,MAHENDRA ENGINEERING COLLEGE,"MAHENDHIRAPURI,
MALLASAMUDRAM WEST,
VADUGAPALAYAM POST,
TRICHENGODU TK.,
NAMAKKAL DIST.",NAMAKKAL,Unaided - Private,N,N,1-7412871,fetchdata,2013-2014,Engineering and Technology,1,1,1,1,Tamil Nadu,1
1-1403065704,THE KAVERY ENGINEERING COLLEGE,"M.KALIPATTI, 
MECHERI (POST),
METTUR TALUK,
SALEM (DT)",SALEM,Unaided - Private,N,N,1-3678211,fetchdata,2013-2014,Engineering and Technology,1,1,1,1,Tamil Nadu,1
1-1419628512,A.R.J POLYTECHNIC COLLEGE,"EDAYARNATHAM
THIRUMAKKOTTAI MAIN ROAD
SERANGULAM POST
MANNARGUDI TK
THIRUVARUR DT.",THIRUVARUR,Unaided - Private,N,N,1-431277511,fetchdata,2013-2014,Engineering and Technology,1,1,1,1,Tamil Nadu,1
1-1437622971,AAA COLLEGE OF ENGINEERING AND TECHNOLOGY,AMATHUR VILLAGE,VIRUDHUNAGAR,Unaided - Private,N,N,,fetchdata,2013-2014,Engineering and Technology,1,1,1,1,Tamil Nadu,1
1-1404585842,SRI ANNAMALAI POLYTECHNIC COLLEGE,"CHENNAI HIGH WAY,PADUR (POST), ULUNDURPET (TALUK),  VILLUPURAM (DT),
PIN :606115",VILUPPURAM,Unaided - Private,N,N,1-441812371,fetchdata,2013-2014,Engineering and Technology,1,1,1,1,Tamil Nadu,1
1-1457314684,AVS ENGINEERING COLLEGE,"MILITARY ROAD,
AMMAPET,
SALEM",SALEM,Unaided - Private,N,N,1-2012681,fetchdata,2013-2014,Engineering and Technology,1,1,1,1,Tamil Nadu,1
1-1388886603,VALIVALAM DESIKAR POLYTECHNIC COLLEGE,"NAGORE MAIN ROAD
NAGAPATTINAM",NAGAPATTINAM,Govt aided,N,N,1-434084051,fetchdata,2013-2014,Engineering and Technology,1,1,1,1,Tamil Nadu,1
1-1390749102,LOYOLA-ICAM COLLEGE OF ENGINEERING AND TECHNOLOGY,LOYOLA COLLEGE CAMPUS,CHENNAI,Unaided - Private,N,Y,1-2029051,fetchdata,2013-2014,Engineering and Technology,1,1,1,1,Tamil Nadu,1
1-1409684732,DHANALAKSHMI SRINIVASAN COLLEGE OF ENGINEERING AND TECHNOLOGY,"ECR, POONJERI, MAMALLAPURAM, TAMIL NADU",KANCHIPURAM,Unaided - Private,N,Y,1-2497331,fetchdata,2013-2014,Engineering and Technology,1,1,1,1,Tamil Nadu,1
1-1409256936,DHANALAKSHMI SRINIVASAN INSTITUTE OF RESEARCH AND TECHNOLOGY,"NH 45,               TRICHY - CHENNAI MAIN ROAD",PERAMBALUR,Unaided - Private,N,N,1-748068151,fetchdata,2013-2014,Engineering and Technology,1,1,1,1,Tamil Nadu,1
1-1409257053,DHANALAKSHMI SRINIVASAN COLLEGE OF ENGINEERING,THURAIYUR ROAD.,PERAMBALUR,Unaided - Private,N,N,1-748008761,fetchdata,2013-2014,Engineering and Technology,1,1,1,1,Tamil Nadu,1
1-1390334172,SRS COLLEGE OF ENGINEERING & TECHNOLOGY,"HARUR MAIN ROAD, 
KUPPANUR (P.O), 
SALEM - 636 122
TAMIL NADU",SALEM,Unaided - Private,N,N,1-6690913,fetchdata,2013-2014,Engineering and Technology,1,1,1,1,Tamil Nadu,1
1-1400754774,SCAD POLYTECHNIC COLLEGE,"KALAKAD ROAD
CHERANMAHADEVI",TIRUNELVELI,Unaided - Private,N,Y,1-464136493,fetchdata,2013-2014,Engineering and Technology,1,1,1,1,Tamil Nadu,1
1-1392638635,SIR ISSAC NEWTON POLYTECHNIC COLLEGE,"PAPPAKOIL
ANDHANAPETTAI (POST),
NAGAPATTINAM",NAGAPATTINAM,Unaided - Private,N,N,1-435561771,fetchdata,2013-2014,Engineering and Technology,1,1,1,1,Tamil Nadu,1
1-1404545485,SNS COLLEGE OF TECHNOLOGY,"SATHY MAIN ROAD, VAZHIYAMPALAYAM
SARAVANAMPATTI POST
COIMBATORE",COIMBATORE,Unaided - Private,N,N,1-2494761,fetchdata,2013-2014,Engineering and Technology,1,1,1,1,Tamil Nadu,1
1-1421009332,SRI BHARATHI ENGINEERING COLLEGE FOR WOMEN,"ARANTHANGI ROAD,KAIKURICHI
ALANGUDI TALUK,
PUDUKKOTTAI DT,622 303",PUDUKKOTTAI,Unaided - Private,Y,N,1-18911704,fetchdata,2013-2014,Engineering and Technology,1,1,1,1,Tamil Nadu,1
1-1388539792,ANNAI TERESA COLLEGE OF ENGINEERING,"THIRUNAVALUR, ULUNDURPET TALUK",VILUPPURAM,Unaided - Private,N,N,1-8546471,fetchdata,2013-2014,Engineering and Technology,1,1,1,1,Tamil Nadu,1
1-1456735812,THANAPANDIYAN POLYTECHNIC COLLEGE,"THANAPANDIYAN NAGAR,
AUSTINPATTY ROAD,",MADURAI,Unaided - Private,N,N,1-507374661,fetchdata,2013-2014,Engineering and Technology,1,1,1,1,Tamil Nadu,1
1-1388184714,S.VEERASAMY CHETTIAR COLLEGE OF ENGINEERING AND TECHNOLOGY,"S.V. NAGAR, PULIANGUDI (PO), SIVAGIRI (TK), TIRUNELVELI (DIST), TAMIL NADU, PIN-627855.",TIRUNELVELI,Unaided - Private,N,N,1-414297172,fetchdata,2013-2014,Engineering and Technology,1,1,1,1,Tamil Nadu,1
1-1398909642,PAVENDAR BHARATHIDASAN COLLEGE OF ENGINEERING & TECHNOLOGY,"THANJAI NATARAJAN NAGAR,
OPP. TO BHARATHIDASAN UNIVERSITY,
PUDUKKOTTAI MAIN ROAD,
MATHUR, KULATHUR,
PUDUKKOTTAI.
622515",PUDUKKOTTAI,Unaided - Private,N,N,1-3477251,fetchdata,2013-2014,Engineering and Technology,1,1,1,1,Tamil Nadu,1
1-1469545262,G.P.POLYTECHNIC COLLEGE,"VANIYAMBADI ROAD,
SALAI NAGAR
TIRUPATTUR",VELLORE,Unaided - Private,N,N,1-513982421,fetchdata,2013-2014,Engineering and Technology,1,1,1,1,Tamil Nadu,1
1-1412937953,VAIRAMANI RAMASAMY POLYTECHNIC COLLEGE,THAMBIKKOTTAI VADAKKADU,THANJAVUR,Unaided - Private,N,N,1-428171841,fetchdata,2013-2014,Engineering and Technology,1,1,1,1,Tamil Nadu,1
1-1392397912,PARK COLLEGE OF TECHNOLOGY,"PREMA RAVI NAGAR,
KARUMATHAMPATTY,
COIMBATORE - 641659",COIMBATORE,Unaided - Private,N,N,1-2073181,fetchdata,2013-2014,Engineering and Technology,1,1,1,1,Tamil Nadu,1
1-1404546902,K S R INSTITUTE FOR ENGINEERING AND TECHNOLOGY,"KSR KALVI NAGAR, TIRUCHENGODE.",NAMAKKAL,Unaided - Private,N,N,1-501005591,fetchdata,2013-2014,Engineering and Technology,1,1,1,1,Tamil Nadu,1
1-1421715862,CHENDU COLLEGE OF ENGINEERING AND TECHNOLOGY,ZAMIN ENDATHUR VILLAGE,KANCHIPURAM,Unaided - Private,N,Y,1-8102521,fetchdata,2013-2014,Engineering and Technology,1,1,1,1,Tamil Nadu,1
1-1431156515,C.A.R.E. GROUP OF INSTITUTIONS,"NO. 27, THAYANOOR VILLAGE, KUTTAPATTI",TIRUCHIRAPPALLI,Unaided - Private,N,N,1-12383211,fetchdata,2013-2014,Engineering and Technology,1,1,1,1,Tamil Nadu,1
1-1390900523,R.M.D. ENGINEERING COLLEGE,"R.S.M. NAGAR, 
GUMMIDIPOONDI TALUK",THIRUVALLUR,Unaided - Private,N,Y,1-3136641,fetchdata,2013-2014,Engineering and Technology,1,1,1,1,Tamil Nadu,1
1-1430801453,MEENAAKSHI RAMASAMY POLYTECHNIC COLLEGE,"M.R KALVI NAGAR,TRICHY MAIN ROAD,THATHANUR(PO),UDAYARPALAYAM(TK),ARIYALUR(DT)621804",ARIYALUR,Unaided - Private,N,N,1-439833891,fetchdata,2013-2014,Engineering and Technology,1,1,1,1,Tamil Nadu,1
1-1409317653,OXFORD COLLEGE OF ENGINEERING,"VENMANI VILLAGE, KARAIPOONDI POST,
POLUR 606 803",TIRUVANNAMALAI,Unaided - Private,N,N,1-22539953,fetchdata,2013-2014,Engineering and Technology,1,1,1,1,Tamil Nadu,1
1-1423258331,RAMCO INSTITUTE OF TECHNOLOGY,"NORTH VENGANALLUR VILLAGE,
KRISHNAPURAM PANCHAYAT,
RAJAPALAYAM",VIRUDHUNAGAR,Unaided - Private,N,N,,fetchdata,2013-2014,Engineering and Technology,1,1,1,1,Tamil Nadu,1
1-1461035082,VENKATAESVARA POLYTECHNIC COLLEGE,"KAIKURUCHI
ARANTHANGI ROAD",PUDUKKOTTAI,Unaided - Private,N,N,1-490060591,fetchdata,2013-2014,Engineering and Technology,1,1,1,1,Tamil Nadu,1
1-1398482832,SRINIVASAN POLYTECHNIC COLLEGE,THURAIYUR ROAD,PERAMBALUR,Unaided - Private,N,N,1-434688101,fetchdata,2013-2014,Engineering and Technology,1,1,1,1,Tamil Nadu,1
1-1405288666,KONGHU VELALAR POLYTECHNIC COLLEGE,"PERUMAPALAYAM,
SULLIPALAYAM(POST),
THUDUPPATHI (VIA) 
PERUNDURAI",ERODE,Unaided - Private,N,N,1-424547721,fetchdata,2013-2014,Engineering and Technology,1,1,1,1,Tamil Nadu,1
1-1432904994,SARANATHAN COLLEGE OF ENGINEERING,"VENKATESWARA NAGAR
EDAMALAIPATTIPUDUR POST
PANJAPPUR VILLAGE
SRIRANGAM TALUK",TIRUCHIRAPPALLI,Unaided - Private,N,N,1-4190371,fetchdata,2013-2014,Engineering and Technology,1,1,1,1,Tamil Nadu,1
1-1398653812,JANSONS INSTITUTE OF TECHNOLOGY,"SF.NO 443/1,2, 442/1A & 442/1B
KARUMATHAMPATTY,
COIMBATORE  - 641659",COIMBATORE,Unaided - Private,N,N,1-6165951,fetchdata,2013-2014,Engineering and Technology,1,1,1,1,Tamil Nadu,1
1-1402386505,SRI ESHWAR COLLEGE OF ENGINEERING,"KONDAMPATTI POST
VADASITHUR VIA
COIMBATORE-641202
TAMILNADU",COIMBATORE,Unaided - Private,N,N,1-4166771,fetchdata,2013-2014,Engineering and Technology,1,1,1,1,Tamil Nadu,1
1-1412842427,SRI SUBABHARATHI POLYTECHNIC COLLEGE,"KALLALANGUDI(PO),
ALANGUDI(TK),
PUDUKKOTTAI(DT),
622301",PUDUKKOTTAI,Unaided - Private,N,N,1-497077711,fetchdata,2013-2014,Engineering and Technology,1,1,1,1,Tamil Nadu,1
1-1433442254,RRASE COLLEGE OF ENGINEERING,"VANJUVANCHERRY,
PADAPPAI,
SRIPERUMBADUR,
KANCHEEPURAM",KANCHIPURAM,Unaided - Private,N,N,1-25754471,fetchdata,2013-2014,Engineering and Technology,1,1,1,1,Tamil Nadu,1
1-1435409842,P.T.R. COLLEGE OF ENGINEERING & TECHNOLOGY,"THANAPANDIYAN NAGAR,
MADURAI - TIRUMANGALAM ROAD,
MADURAI - 625 008",MADURAI,Unaided - Private,N,N,1-35288461,fetchdata,2013-2014,Engineering and Technology,1,1,1,1,Tamil Nadu,1
1-1417324862,"MASS POLYTECHNIC COLLEGE, KUMBAKONAM","CHENNAI SALAI, KALLAPULIYUR VILLAGE, KUMBAKONAM",THANJAVUR,Unaided - Private,N,N,1-451567391,fetchdata,2013-2014,Engineering and Technology,1,1,1,1,Tamil Nadu,1
1-1435613082,SRI JAY MARUTHI POLYTECHNIC COLLEGE,"MANIVIZHUNDAN SOUTH(POST)
ATTUR(TK)
SALEM(DT)",SALEM,Unaided - Private,N,N,1-425600713,fetchdata,2013-2014,Engineering and Technology,1,1,1,1,Tamil Nadu,1
1-1394589272,ANNAI VELANKANNI POLYTECHNIC COLLEGE,"NO.8 SALEM MAIN ROAD,
ANGUCHETTYPALAYAM,
SIRUVATHUR POST,
PANRUTI TALUK
CUDDALORE DISTRICT
TAMILNADU",CUDDALORE,Unaided - Private,N,N,1-413810171,fetchdata,2013-2014,Engineering and Technology,1,1,1,1,Tamil Nadu,1
1-1394846942,SRI SHANMUGHA COLLEGE OF ENGINEERING AND TECHNOLOGY,"PULLIPALAYAM, MORUR(PO) SANKARI TALUK, SALEM DISTRICT, TAMIL NADU",SALEM,Unaided - Private,N,N,1-458679111,fetchdata,2013-2014,Engineering and Technology,1,1,1,1,Tamil Nadu,1
1-1398299093,SURYA POLYTECHNIC COLLEGE,"SURYA NAGAR,GST ROAD,KEEZHAKONDAI,VIKRAVANDI
VILLUPURAM TALUK & DISTRICT",VILUPPURAM,Unaided - Private,N,N,1-453395091,fetchdata,2013-2014,Engineering and Technology,1,1,1,1,Tamil Nadu,1
1-1406649983,MARIA COLLEGE OF ENGINEERING AND TECHNOLOGY,"ATTOOR PULIYAMOODU JUNCTION
THIRUVATTAR P.O",KANYAKUMARI,Unaided - Private,N,Y,1-5878861,fetchdata,2013-2014,Engineering and Technology,1,1,1,1,Tamil Nadu,1
1-1432857483,LAXMINARAYANA POLYTECHNIC COLLEGE,"SALEM DHARMAPURI MAIN ROAD, BAGALAHALLI(PO),DHARMAPURI(TK)",DHARMAPURI,Unaided - Private,N,N,1-405934101,fetchdata,2013-2014,Engineering and Technology,1,1,1,1,Tamil Nadu,1
1-1432844442,ANNDAVAR POLYTECHNIC COLLEGE,"GOBI - SATHY MAIN ROAD,
KOVAI PIRIVU,
ALUKULLI POST,",ERODE,Unaided - Private,N,N,1-453821961,fetchdata,2013-2014,Engineering and Technology,1,1,1,1,Tamil Nadu,1
1-1412958952,A M K TECHNOLOGICAL POLYTECHNIC COLLEGE,CHENNAI-BANGALARU HIGHWAY,THIRUVALLUR,Govt aided,N,N,1-405645191,fetchdata,2013-2014,Engineering and Technology,1,1,1,1,Tamil Nadu,1
1-1416809552,PAAVAI COLLEGE OF ENGINEERING,"PAAVAI NAGAR, NH-7, PACHAL
NAMAKKAL-637018, TAMILNADU",NAMAKKAL,Unaided - Private,N,N,1-6400991,fetchdata,2013-2014,Engineering and Technology,1,1,1,1,Tamil Nadu,1
1-1406702202,ST. XAVIER'S CATHOLIC COLLEGE OF ENGINEERING,"CHUNKANKADAI,
KANYAKUMARI DISTRICT,
TAMILNADU,
PIN-629003",KANYAKUMARI,Unaided - Private,N,Y,1-7826511,fetchdata,2013-2014,Engineering and Technology,1,1,1,1,Tamil Nadu,1
1-1406790923,U.S.P.POLYTECHNIC COLLEGE,"USP NAGAR,
KODIKURICHI,
TENKASI.",TIRUNELVELI,Unaided - Private,N,N,1-445022371,fetchdata,2013-2014,Engineering and Technology,1,1,1,1,Tamil Nadu,1
1-1402949492,CHERAN POLYTECHNIC COLLEGE,"KADACHANALLUR VILLAGE,
S.P.B.COLONY POST,
TIRUCHENGODE TALUK
NAMAKKAL DISTRICT
638 010",NAMAKKAL,Unaided - Private,N,N,1-451774951,fetchdata,2013-2014,Engineering and Technology,1,1,1,1,Tamil Nadu,1
1-1432930112,M.A.R. COLLEGE OF ENGINEERING AND TECHNOLOLGY,"TRICHY - VIRALIMALAI MAIN ROAD
BOOTHAKUDI, RASANAICKENPATTY PO,
ILLUPPUR TALUK,
PUDUKKOTTAI DISTRICT,
621 316.
TAMIL NADU.",PUDUKKOTTAI,Unaided - Private,N,Y,1-7158603,fetchdata,2013-2014,Engineering and Technology,1,1,1,1,Tamil Nadu,1
1-1404742434,SRI  RAJIV GANDHI POLYTECHNIC COLLEGE,"ERODE - CHENNIMALAI MAIN ROAD, MYLADI, CHENNIMALAI, ERODE -638 112",ERODE,Unaided - Private,N,N,1-482788911,fetchdata,2013-2014,Engineering and Technology,1,1,1,1,Tamil Nadu,1
1-1445557702,NOORUL ISLAM COLLEGE OF ENGINEERING,"NOORUL ISLAM COLLEGE OF ENGINEERING
KUMARACOIL TEMPLE ROAD
KALKULAM VILLAGE
THUCKALAY
KANYAKUMARI DISTRICT",KANYAKUMARI,University Managed,N,N,1-10525271,fetchdata,2013-2014,Engineering and Technology,1,1,1,1,Tamil Nadu,1
1-1390749672,BHAJARANG ENGINEERING COLLEGE,"AYATHUR VILLAGE, VEPPAMPATTU(R.S)",THIRUVALLUR,Unaided - Private,N,Y,1-4289448,fetchdata,2013-2014,Engineering and Technology,1,1,1,1,Tamil Nadu,1
1-1405337672,JCT COLLEGE OF ENGINEERING AND TECHNOLOGY,"PICHANUR,
COIMBATORE SOUTH TALUK,
COIMBATORE - 641105.",COIMBATORE,Unaided - Private,N,N,1-5218873,fetchdata,2013-2014,Engineering and Technology,1,1,1,1,Tamil Nadu,1
1-1446083693,JAMES COLLEGE OF ENGINEERING AND TECHNOLOGY,"JAMESPURAM,
NAVALKADU,
ESANTHIMANGALAMPOST,
KANYAKUMARI DISTRICT - 629852.",KANYAKUMARI,Unaided - Private,N,N,1-2023597,fetchdata,2013-2014,Engineering and Technology,1,1,1,1,Tamil Nadu,1
1-1398759422,ST. JOSEPH POLYTECHNIC COLLEGE,"VELANTHAVALAM ROAD, VEERAPPANUR, COIMBATORE",COIMBATORE,Unaided - Private,N,N,1-463879121,fetchdata,2013-2014,Engineering and Technology,1,1,1,1,Tamil Nadu,1
1-1399025642,PAVENDAR BHARATHIDASAN INSTITUTE OF INFORMATION TECHNOLOGY,"THANJAI NATARAJAN NAGAR, 
OPP. TO BHARATHIDASAN UNIVERSITY,
PUDUKKOTTAI MAIN ROAD,
MATHUR, 
KULATHUR TK",PUDUKKOTTAI,Unaided - Private,N,N,1-11359974,fetchdata,2013-2014,Engineering and Technology,1,1,1,1,Tamil Nadu,1
1-1398745013,PAVENDAR BHARATHIDASAN POLYTECHNIC COLLEGE,"NATARAJ NAGAR,
MATHUR, PUDUKKOTTAI MAIN ROAD, TRICHY-620024",TIRUCHIRAPPALLI,Unaided - Private,N,N,1-440472491,fetchdata,2013-2014,Engineering and Technology,1,1,1,1,Tamil Nadu,1
1-1434973942,KANCHI PALLAVAN ENGINEERING COLLEGE,"IYYENGARKULAM POST, KOLIVAKKAM, KANCHIPURAM - 631502",KANCHIPURAM,Unaided - Private,N,N,1-10133101,fetchdata,2013-2014,Engineering and Technology,1,1,1,1,Tamil Nadu,1
1-1435261522,GRG POLYTECHNIC COLLEGE,"KUPPEPALAYAM
S.S.KULAM POST
COIMBATORE",COIMBATORE,Govt aided,N,N,1-456255941,fetchdata,2013-2014,Engineering and Technology,1,1,1,1,Tamil Nadu,1
1-1392551102,SHREENIVASA ENGINEERING COLLEGE,"B.PALLIPATTI,
BOMMIDI,
PAPPIREDDIPATTI TALUK,
DHARMAPURI DISTRICT
TAMILNADU.",DHARMAPURI,Unaided - Private,N,N,1-5431161,fetchdata,2013-2014,Engineering and Technology,1,1,1,1,Tamil Nadu,1
1-1439424492,VIVEKANANDHA ENGINEERING COLLEGE FOR WOMEN,"NH-47,SALEM-KOVAI EXPRESS HIGH WAY,
VEERACHIPALAYAM,
SANKARI WEST POST,
SANKARI TALUK,
SALEM DISTRICT,
TAMILNADU PIN 637 303",SALEM,Unaided - Private,Y,N,1-497567711,fetchdata,2013-2014,Engineering and Technology,1,1,1,1,Tamil Nadu,1
1-1417195454,GUDIYATTAM POLYTECHNIC COLLEGE,"KAKATHOPPU,
GUDIYATTAM",VELLORE,Unaided - Private,N,N,1-456570201,fetchdata,2013-2014,Engineering and Technology,1,1,1,1,Tamil Nadu,1
1-1432957822,GOVERNMENT COLLEGE OF TECHNOLOGY,"THADAGAM ROAD
COIMBATORE",COIMBATORE,Government,N,N,1-410916521,fetchdata,2013-2014,Engineering and Technology,1,1,1,1,Tamil Nadu,1
1-1390151053,A.V.C.POLYTECHNIC COLLEGE,"MANNAMPANDAL-609305
MAYILADUTHURAI
NAGAI DISTRICT
TAMIL NADU
INDIA",NAGAPATTINAM,Unaided - Private,N,N,1-440339361,fetchdata,2013-2014,Engineering and Technology,1,1,1,1,Tamil Nadu,1
1-1390227912,NANDHA ENGINEERING COLLEGE,"28, CHENNIMALAIPALAYAM ROAD, 
PITCHANDAMPALAYAM (PO), 
ERODE",ERODE,Unaided - Private,N,N,1-6156963,fetchdata,2013-2014,Engineering and Technology,1,1,1,1,Tamil Nadu,1
1-1419456082,CHAMBER OF COMMERCE MANALI RAMAKRISHNA POLYTECHNIC COLLEGE,"KURUVADI
RAMAPURAM POST",THANJAVUR,Unaided - Private,N,N,1-494595791,fetchdata,2013-2014,Engineering and Technology,1,1,1,1,Tamil Nadu,1
1-1419629002,KCG COLLEGE OF TECHNOLOGY,"RAJIV GANDHI SALAI
KARAPAKKAM
CHENNAI - 600 097",KANCHIPURAM,Unaided - Private,N,Y,1-4401459,fetchdata,2013-2014,Engineering and Technology,1,1,1,1,Tamil Nadu,1
1-1440784512,CMS COLLEGE OF ENGINEERING AND TECHNOLOGY,"APPACHIGOUNDENPATHY, KUMITTIPATHI (PO), OTHAKKALMANDAPAM (VIA), COIMBATORE - 641 032",COIMBATORE,Unaided - Private,N,N,1-4211871,fetchdata,2013-2014,Engineering and Technology,1,1,1,1,Tamil Nadu,1
1-1404803512,VIVEKANANDHA COLLEGE OF ENGINEERING FOR WOMEN,"ELAYAMPALAYAM, TIRUCHENGODE, NAMAKKAL - DT
TAMILNADU
PIN : 637205",NAMAKKAL,Unaided - Private,Y,N,1-5126364,fetchdata,2013-2014,Engineering and Technology,1,1,1,1,Tamil Nadu,1
1-1415128448,KRS COLLEGE OF ENGINEERING,"ELANGADU,VANDAVASI,VANDAVASI TALUK,THIRUVANAMALAI DISTRICT-604408",TIRUVANNAMALAI,Unaided - Private,N,N,1-10406098,fetchdata,2013-2014,Engineering and Technology,1,1,1,1,Tamil Nadu,1
1-1441436282,THAAI POLYTECHNIC COLLEGE,"UNION OFFICE ROAD, NEERATHAN",MADURAI,Unaided - Private,N,N,1-521025701,fetchdata,2013-2014,Engineering and Technology,1,1,1,1,Tamil Nadu,1
1-1386523352,N.A.MANJAMMAL POLYTECHNIC COLLEGE,"M.P.K POST (VIA)
RAJAPALAYAM",VIRUDHUNAGAR,Unaided - Private,N,N,1-490560413,fetchdata,2013-2014,Engineering and Technology,1,1,1,1,Tamil Nadu,1
1-1409313072,SRINIVASAN ENGINEERING COLLEGE,THURAIYUR ROAD,PERAMBALUR,Unaided - Private,N,Y,1-4211511,fetchdata,2013-2014,Engineering and Technology,1,1,1,1,Tamil Nadu,1
1-1443276513,SRI VENKATESWARA POLYTECHNIC COLLEGE,"PARASUR VILLAGE
CHEYYAR TALUK
THIRUVANNAMALAI DISTRICT",TIRUVANNAMALAI,Unaided - Private,N,N,1-499333761,fetchdata,2013-2014,Engineering and Technology,1,1,1,1,Tamil Nadu,1
1-1439219194,HI-TECH POLYTECHNIC COLLEGE,"SAMUGARANGAPURAM
RADHAPURAM TALUK
TIRUNELVELI DISTRICT",TIRUNELVELI,Unaided - Private,N,Y,1-501779781,fetchdata,2013-2014,Engineering and Technology,1,1,1,1,Tamil Nadu,1
1-1432844038,RVS PADHMAVATHY COLLEGE OF ENGINEERING AND TECHNOLOGY,"13,SETHILPAKKAM VILLAGE,PEPPAMARIKUPPAM(PO),GUMMIDIPOONDY(TK),THIRUVALLUR(DIST)",THIRUVALLUR,Unaided - Private,N,N,1-412353291,fetchdata,2013-2014,Engineering and Technology,1,1,1,1,Tamil Nadu,1
1-1433404643,C.K. COLLEGE OF ENGINEERING & TECHNOLOGY,"JAYARAM NAGAR, CHELLANGKUPPAM, 

CUDDALORE,

TAMILNADU - 607 003",CUDDALORE,Unaided - Private,N,N,1-4294856,fetchdata,2013-2014,Engineering and Technology,1,1,1,1,Tamil Nadu,1
1-1444093802,MEENAKSHI COLLEGE OF ENGINEERING,"12, VEMBULI AMMAN KOIL STREET, WEST K K NAGAR, CHENNAI - 600 078",CHENNAI,Unaided - Private,N,Y,1-14418245,fetchdata,2013-2014,Engineering and Technology,1,1,1,1,Tamil Nadu,1
1-1398395022,"RAJA COLLEGE OF ENGINEERING AND TECHNOLOGY,","RAJA COLLEGE OF ENGINEERING AND TECHNOLOGY,
S.V. RAJA NAGAR,
VEERAPANJAN,
MADURAII- 625 020",MADURAI,Unaided - Private,N,N,1-6780865,fetchdata,2013-2014,Engineering and Technology,1,1,1,1,Tamil Nadu,1
1-1408892193,SRI RAMAKRISHNA POLYTECHNIC COLLEGE,"KOOTHAMBAKKAM VILLAGE
BANAVARAM POST 
ARAKKONAM TK 
VELLORE DISTRICT
TAMILNADU 632 505",VELLORE,Unaided - Private,N,N,1-462120351,fetchdata,2013-2014,Engineering and Technology,1,1,1,1,Tamil Nadu,1
1-1409203316,A.K.T.MEMORIAL COLLEGE OF ENGINEERING & TECHNOLOGY,"NEELAMANGALAM ( POST),
KALLAKURICHI-TK
VILLUPURAM-DIST
PIN-606 202
TAMIL NADU",VILUPPURAM,Unaided - Private,N,N,1-17747367,fetchdata,2013-2014,Engineering and Technology,1,1,1,1,Tamil Nadu,1
1-1423330182,ARIGNAR ANNA INSTITUTE OF SCIENCE AND TECHNOLOGY,"PENNALUR,
SRIPERUMBUDUR - 602 105,
KANCHEEPURAM DIST,
TAMILNADU.",KANCHIPURAM,Unaided - Private,N,N,1-4193903,fetchdata,2013-2014,Engineering and Technology,1,1,1,1,Tamil Nadu,1
1-1398283033,CHERAN COLLEGE OF ENGINEERING,"CHERAN NAGAR, KARUR-COIMBATORE NH 67, ARAVAKURICHI TALUK, K. PARAMATHI VILLAGE, KARUR DISTRICT - 639111",KARUR,Unaided - Private,N,N,1-769736991,fetchdata,2013-2014,Engineering and Technology,1,1,1,1,Tamil Nadu,1
1-1421346822,AL-AMEEN ENGINEERING COLLEGE,"KARUNDEVANPALAYAM,
NANJAI UTHUKKULI (POST)
ERODE,
ERODE DISTRICT,
PINCODE-638104
TAMIL NADU",ERODE,Unaided - Private,N,Y,1-3762161,fetchdata,2013-2014,Engineering and Technology,1,1,1,1,Tamil Nadu,1
1-1393025893,MRK INSTITUTE OF TECHNOLOGY,"NATTARMANGALAM & POST,
KATTUMANNARKOIL,
PIN:608301",CUDDALORE,Unaided - Private,N,N,1-4235331,fetchdata,2013-2014,Engineering and Technology,1,1,1,1,Tamil Nadu,1
1-1417827778,THE SALEM POLYTECHNIC COLLEGE,"GAJJALNAICKENPATTY,
PANAMARATHUPATTY PIRIVU ROAD,
SALEM.",SALEM,Unaided - Private,N,N,1-425306601,fetchdata,2013-2014,Engineering and Technology,1,1,1,1,Tamil Nadu,1
1-1402520982,MAHENDRA INSTITUTE OF TECHNOLOGY,"MAHENDIRAPURI, MALLASAMUDRAM WEST, VADUGAPALAYAM POST, TIRUCHENGODE TALUK, NAMAKKAL DISTRICT",NAMAKKAL,Unaided - Private,N,N,1-9851811,fetchdata,2013-2014,Engineering and Technology,1,1,1,1,Tamil Nadu,1
1-1432790293,ELUMALAIPOLYTECHNIC COLLEGE,"4/202,
TRICHY TRUNK ROAD,
NEAR NEW BUS STAND,
SALAMEDU,",VILUPPURAM,Unaided - Private,N,N,1-477970935,fetchdata,2013-2014,Engineering and Technology,1,1,1,1,Tamil Nadu,1
1-1459008289,BHARATHIYAR INSTITUTE OF ENGINEERING FOR WOMEN,"43/3, DEVIYAKURICHI - 636 112
ATTUR TK,
SALEM DT.",SALEM,Unaided - Private,Y,N,1-4229501,fetchdata,2013-2014,Engineering and Technology,1,1,1,1,Tamil Nadu,1
1-1398926582,SRG ENGINEERING COLLEGE,"SH-95, MOHANUR ROAD, ANIYAPURAM",NAMAKKAL,Unaided - Private,N,N,1-3762338,fetchdata,2013-2014,Engineering and Technology,1,1,1,1,Tamil Nadu,1
1-1408999182,ACHARYA POLYTECHNIC COLLEGE,"MEIKKAL REDDIYUR, VELLARI VELLI (PO),
POOLAMPATTI MAIN ROAD,
EDAPPADI (TK),
SALEM(DT),
TAMILNADU - 637101",SALEM,Unaided - Private,N,N,1-450459671,fetchdata,2013-2014,Engineering and Technology,1,1,1,1,Tamil Nadu,1
1-1409108352,DHANALAKSHMI SRINIVASAN ENGINEERING COLLEGE,"THURAIYUR ROAD,
PERAMBALUR-621212",PERAMBALUR,Unaided - Private,N,Y,1-4370591,fetchdata,2013-2014,Engineering and Technology,1,1,1,1,Tamil Nadu,1
1-1409191972,DHANALAKSHMI SRINIVASAN COLLEGE OF ENGINEERING,"NH-47, PALAKKAD MAIN ROAD
NAVAKKARAI POST
COIMBATORE",COIMBATORE,Unaided - Private,N,N,1-4824541,fetchdata,2013-2014,Engineering and Technology,1,1,1,1,Tamil Nadu,1
1-1401169292,RECT POLYTECHNIC COLLEGE,"MAIN ROAD,
SOUTH VIJAYANARAYANAM",TIRUNELVELI,Unaided - Private,N,N,1-476496781,fetchdata,2013-2014,Engineering and Technology,1,1,1,1,Tamil Nadu,1
1-1461785503,JAYA INSTITUTE OF TECHNOLOGY,"KANCHIPADI,
THIRUVALLUR-THIRUTHANI NH ROAD,
THIRUVALLUR TK,
THIRUVALLUR DT.",THIRUVALLUR,Unaided - Private,N,Y,1-10920321,fetchdata,2013-2014,Engineering and Technology,1,1,1,1,Tamil Nadu,1
1-1462999902,IMAYAM POLYTECHNIC COLLEGE,"KANNANUR[PO]
THURAIYUR [TK]
TRICHY[DT]
PIN-621206",TIRUCHIRAPPALLI,Unaided - Private,N,N,1-444928741,fetchdata,2013-2014,Engineering and Technology,1,1,1,1,Tamil Nadu,1
1-1463414702,GGR COLLEGE OF ENGINEERING,"CHENNAI-BANGALORE HIGHWAY, 
PILLAIYARKUPPAM,
PERUMUGAI,
VELLORE",VELLORE,Unaided - Private,N,N,1-434666781,fetchdata,2013-2014,Engineering and Technology,1,1,1,1,Tamil Nadu,1
1-1445849272,K RAMAKRISHNAN COLLEGE OF TECHNOLOGY,"KARIYAMANICKAM ROAD, MANNACHANALLUR TALUK",TIRUCHIRAPPALLI,Unaided - Private,N,N,1-1209121,fetchdata,2013-2014,Engineering and Technology,1,1,1,1,Tamil Nadu,1
1-1461816792,K.S.M. POLYTECHNIC COLLEGE,"PAPAMADAI, RAJAGAMBEERAM POST, MANAMADURAI",SIVAGANGA,Unaided - Private,N,N,1-461642301,fetchdata,2013-2014,Engineering and Technology,1,1,1,1,Tamil Nadu,1
1-1445971523,ANJALAI AMMAL MAHALINGAM ENGINEERING COLLEGE,ANJALAI AMMAL MAHALINGAM ENGG COLLEGE KOVILVENNI,THIRUVARUR,Unaided - Private,N,N,1-474076001,fetchdata,2013-2014,Engineering and Technology,1,1,1,1,Tamil Nadu,1
1-1548665052,FX POLYTECHNIC COLLEGE,AMBAI ROAD THARUVAI TIRUNELVELI,TIRUNELVELI,Unaided - Private,N,Y,1-495583181,fetchdata,2013-2014,Engineering and Technology,1,1,1,1,Tamil Nadu,1
1-1462867353,T.S.SRINIVASAN CENTRE FOR POLYTECHNIC COLLEGE  AND ADVANCED TRAINING,"NO.1, TVS SCHOOL ROAD
VANAGARAM",THIRUVALLUR,Unaided - Private,N,N,1-463882101,fetchdata,2013-2014,Engineering and Technology,1,1,1,1,Tamil Nadu,1
1-1435302222,AL AMEEN POLYTECHNIC COLLEGE,"KARUNDEVANPALAYAM,
NANJAI UTHUKKULI (PO),
ERODE.",ERODE,Unaided - Private,N,N,1-410915017,fetchdata,2013-2014,Engineering and Technology,1,1,1,1,Tamil Nadu,1
1-1474444312,ANGEL POLYTECHNIC COLLEGE,"R.S.NO.570
TIRUNELVELI ROAD
SOUTH VENGANALLUR 
RAJAPALAYAM TALUK",VIRUDHUNAGAR,Unaided - Private,N,N,1-419919593,fetchdata,2013-2014,Engineering and Technology,1,1,1,1,Tamil Nadu,1
1-1490368162,THE KAVERY INSTITUTE OF TECHNOLOGY,"KAVERY NAGAR,
M.KALIPATTI (PO),MECHERI,
METTUR (TK),
SALEM (DT)",SALEM,Unaided - Private,N,N,1-465989121,fetchdata,2013-2014,Engineering and Technology,1,1,1,1,Tamil Nadu,1
1-1433196972,SRI RAMANA MAHARISHI COLLEGE OF ENGINEERING,"THUMBAI VILLAGE,CHEYYAR TALUK, THIRUVANNAMALAI DISTRICT,TAMIL NADU. PIN CODE 604407",TIRUVANNAMALAI,Unaided - Private,N,N,1-5127303,fetchdata,2013-2014,Engineering and Technology,1,1,1,1,Tamil Nadu,1
1-1508597423,MODERN POLYTECHNIC COLLEGE,"VIRUTHACHALAM ROAD,MAHIMAIPURAM,JAYANKONDAM",ARIYALUR,Unaided - Private,N,N,1-508675161,fetchdata,2013-2014,Engineering and Technology,1,1,1,1,Tamil Nadu,1
1-1447570262,SCAD COLLEGE OF ENGINEERING AND TECHNOLOGY,"SCAD COLLEGE OF ENGINEERING AND TECHNOLOGY
SCAD NAGAR
CHERANMAHADEVI
TIRUNELVELI",TIRUNELVELI,Unaided - Private,N,Y,1-4314861,fetchdata,2013-2014,Engineering and Technology,1,1,1,1,Tamil Nadu,1
1-1463056592,KAMATCHI POLYTECHNIC COLLEGE,"VASANTHA NAGAR,THOGAMALAI MAIN ROAD ,POTHAVUR VILLAGE,INAMPULIYUR POST,TIRUCHIRAPPALLI",TIRUCHIRAPPALLI,Unaided - Private,N,N,1-753723611,fetchdata,2013-2014,Engineering and Technology,1,1,1,1,Tamil Nadu,1
1-1447562242,SRI VENKATESWARA COLLEGE OF ENGINEEIRNG & TECHNOLOGY,"THIRUPACHUR
THIRUVALLUR TALUK AND DISTRICT",THIRUVALLUR,Unaided - Private,N,Y,1-447612612,fetchdata,2013-2014,Engineering and Technology,1,1,1,1,Tamil Nadu,1
1-1471185822,RENGANAYAGI VARATHARAJ COLLEGE OF ENGINEERING,"SALVARPATTI VILLAGE & POST, THAYILPATTI â VIA, 
SIVAKASI â TALUK.",VIRUDHUNAGAR,Unaided - Private,N,N,1-452560021,fetchdata,2013-2014,Engineering and Technology,1,1,1,1,Tamil Nadu,1
1-1457525812,PGP COLLEGE OF ENGINEERING AND TECHNOLOGY,"NH 7, NAMAKKAL - KARUR MAIN ROAD,
PARAMATHI VELUR,
NAMAKKAL.",NAMAKKAL,Unaided - Private,N,N,1-6240341,fetchdata,2013-2014,Engineering and Technology,1,1,1,1,Tamil Nadu,1
1-1487471555,SRI MOOGAMBIGAI POLYTECHNIC COLLEGE,"HOSUR MAIN ROAD,MADHAMPATTI,
NEAR VELLICHANDHAI, DHANDUKARANAHALLI- POST",DHARMAPURI,Unaided - Private,N,N,1-423179251,fetchdata,2013-2014,Engineering and Technology,1,1,1,1,Tamil Nadu,1
1-1454849292,SREE ARUMUGHAM POLYTECHNIC COLLEGE,"RAJA NAGAR,
VAITHIYANATHAPURAM,
THOLUDUR POST,
TITTAGUDI TALUK",CUDDALORE,Unaided - Private,N,N,1-455561401,fetchdata,2013-2014,Engineering and Technology,1,1,1,1,Tamil Nadu,1
1-1462849442,GANESH COLLEGE OF ENGINEERING,"ATTUR MAIN ROAD,
METTUPATTI,
SALEM",SALEM,Unaided - Private,N,N,1-408958931,fetchdata,2013-2014,Engineering and Technology,1,1,1,1,Tamil Nadu,1
1-1482088572,IRT POLYTECHNIC COLLEGE(CHROMEPET),"BHARATHA MATHA ST,
BHARATHIPURAM,
CHROMEPET,",KANCHIPURAM,Unaided - Private,N,N,1-478448411,fetchdata,2013-2014,Engineering and Technology,1,1,1,1,Tamil Nadu,1
1-1552504722,PEE GEE POLYTECHNIC COLLEGE,"NO. 7  KRISHNAGIRI MAIN ROAD PERIYANHALLI 
DHARMAPURI",DHARMAPURI,Unaided - Private,N,N,1-524786081,fetchdata,2013-2014,Engineering and Technology,1,1,1,1,Tamil Nadu,1
1-1549517321,PADMASHREE POLYTECHNIC COLLEGE,"1076/2 ,VATTAMALAI VILLAGE,
DHARAPURAM ROAD,
AVINASHIPALAYAMPUDUR POST",TIRUPPUR,Unaided - Private,N,N,,fetchdata,2013-2014,Engineering and Technology,1,1,1,1,Tamil Nadu,1
1-1462860132,VIGNESH POLYTECHNIC COLLEGE,"MELPUTHIYANDAL VILLAGE, 
TIRUVANNAMALAI",TIRUVANNAMALAI,Unaided - Private,N,N,1-454848061,fetchdata,2013-2014,Engineering and Technology,1,1,1,1,Tamil Nadu,1
1-1463114694,SRI VATSA POLYTECHNIC COLLEGE,"E.KUMARALINGAPURAM ROAD,
METTAMALAI,
SATTUR-626203,
VIRUDHUNAGAR DISTRICT.",VIRUDHUNAGAR,Unaided - Private,N,N,1-475193221,fetchdata,2013-2014,Engineering and Technology,1,1,1,1,Tamil Nadu,1
1-1463238142,"GOVERNMENT POLYTECHNIC COLLEGE , ARANTHANGI","AVUDAIYAR KOIL ROAD
ARANTHANGI",PUDUKKOTTAI,Government,N,N,1-461813733,fetchdata,2013-2014,Engineering and Technology,1,1,1,1,Tamil Nadu,1
1-1486709153,SUTHANTHIRA POLYTECHNIC COLLEGE,"KALAKANMAI
VILLAGE",SIVAGANGA,Unaided - Private,N,N,1-423082411,fetchdata,2013-2014,Engineering and Technology,1,1,1,1,Tamil Nadu,1
1-1390471772,P.V.POLYTECHNIC COLLEGE,"GINGEE ROAD,
PELAKUPPAM VILLAGE",VILUPPURAM,Unaided - Private,N,N,1-431177501,fetchdata,2013-2014,Engineering and Technology,1,1,1,1,Tamil Nadu,1
1-1433402222,THE SURABI COLLEGE OF POLYTECHNIC,"NAMAKKAL - TIRUCHENGODE ROAD,
MANIKATTIPUDUR,
NALLIPALAYAM POST
NAMAKKAL",NAMAKKAL,Unaided - Private,N,N,1-480917461,fetchdata,2013-2014,Engineering and Technology,1,1,1,1,Tamil Nadu,1
1-1469187623,SUDHARSAN POLYTECHNIC COLLEGE,"NH 210,
SATHIYAMANGALAM, KULATHUR - TALUK,
PUDUKKOTTAI - DT. 622 501.",PUDUKKOTTAI,Unaided - Private,N,N,1-425521611,fetchdata,2013-2014,Engineering and Technology,1,1,1,1,Tamil Nadu,1
1-1398227312,ELUMALAIYAN POLYTECHNIC COLLEGE,"THIRUVARUR MAIN  ROAD,
KOLLUMANGUDI,
NANNILAM TALUK",THIRUVARUR,Unaided - Private,N,N,1-435504153,fetchdata,2013-2014,Engineering and Technology,1,1,1,1,Tamil Nadu,1
1-1447730482,RAASI POLYTECHNIC COLLEGE,"68/2, ATTUR MAIN ROAD, AAYILPATTY (POST), RASIPURAM (TK), NAMAKKAL (DT.)",NAMAKKAL,Unaided - Private,N,N,1-426093581,fetchdata,2013-2014,Engineering and Technology,1,1,1,1,Tamil Nadu,1
1-1449679642,SHREE SATHYAM COLLEGE OF ENGINEERING AND TECHNOLOGY,"MANJAKKALPATTI
KUPPANUR. POST
SANKARI.TALUK
SALEM. DISTRICT",SALEM,Unaided - Private,N,N,1-464456581,fetchdata,2013-2014,Engineering and Technology,1,1,1,1,Tamil Nadu,1
1-1495891842,PARK AMC POLYTECHNIC COLLEGE,"PREMA RAVI NAGAR,",COIMBATORE,Unaided - Private,N,N,1-444183381,fetchdata,2013-2014,Engineering and Technology,1,1,1,1,Tamil Nadu,1
1-1457548032,THE KAVERY POLYTECHNIC COLLEGE,"M. KALIPATTI POST,
MECHERI,
METTUR TALUK,
SALEM DISTRICT.",SALEM,Unaided - Private,N,N,1-435919431,fetchdata,2013-2014,Engineering and Technology,1,1,1,1,Tamil Nadu,1
1-1471157382,RAJAS INTERNATIONAL INSTITUTE OF TECHNOLOGY FOR WOMEN,"OZHUGINASERY, NAGERCOIL
KANYAKUMARI DIST.
TAMILNADU
SOUTH INDIA",KANYAKUMARI,Unaided - Private,Y,N,1-6872191,fetchdata,2013-2014,Engineering and Technology,1,1,1,1,Tamil Nadu,1
1-1433423487,ADIPARASAKTHI POLYTECHNIC COLLEGE,"ERUMIYAMPATTI-VILLAGE
KOKKARAPATTI-PO
PAPPIREDDIPATTI-TK,
DHARMAPURI-DT",DHARMAPURI,Unaided - Private,N,N,1-496776521,fetchdata,2013-2014,Engineering and Technology,1,1,1,1,Tamil Nadu,1
1-1507874557,MAHATH AMMA POLYTECHNIC COLLEGE,"ANNAVASAL ROAD,ARIYUR,PUDUKKOTTAI",PUDUKKOTTAI,Unaided - Private,N,N,1-513913311,fetchdata,2013-2014,Engineering and Technology,1,1,1,1,Tamil Nadu,1
1-1451270794,DMI ENGINEERING COLLEGE,"KUMARAPURAM ROAD,
ARALVAIMOZHI,
KANYAKUMARI DIST-629301",KANYAKUMARI,Unaided - Private,N,Y,1-4225700,fetchdata,2013-2014,Engineering and Technology,1,1,1,1,Tamil Nadu,1
1-1451430432,SRI RAMAKRISHNA POLYTECHNIC COLLEGE,"SRI SARADHA NAGAR,
NH 43",PERAMBALUR,Unaided - Private,N,N,1-456781091,fetchdata,2013-2014,Engineering and Technology,1,1,1,1,Tamil Nadu,1
1-1459185236,BHARATH POLYTECHNIC COLLEGE,"MANICKAMPALAYAM, TIRUCHENGODE (TK)",NAMAKKAL,Unaided - Private,N,N,1-488121675,fetchdata,2013-2014,Engineering and Technology,1,1,1,1,Tamil Nadu,1
1-1484265092,VAANI POLYTECHNIC COLLEGE,"BETHAKALLUPALLI VILLAGE
THEKKUPATTU POST
AMBALUR VIA",VELLORE,Unaided - Private,N,N,1-455571083,fetchdata,2013-2014,Engineering and Technology,1,1,1,1,Tamil Nadu,1
1-1458704347,VIVEKANANDHA INSTITUTE OF ENGINEERING AND TECHNOLOGY FOR WOMEN,"SATHINAICKENPALAYAM VILLAGE,
ELAYAMPALAYAM(POST),
THIRUCHENGODE(T.K),
NAMAKKAL(D.T),
TAMIL NADU,
INDIA.",NAMAKKAL,Unaided - Private,Y,N,1-4645686,fetchdata,2013-2014,Engineering and Technology,1,1,1,1,Tamil Nadu,1
1-1434998912,370 PALLAVAN POLYTECHNIC COLLEGE,"KOLIVAKKAM,
IYYENGARKULAM,
KANCHIPURAM DISTRICT",KANCHIPURAM,Unaided - Private,N,N,1-431033065,fetchdata,2013-2014,Engineering and Technology,1,1,1,1,Tamil Nadu,1
1-1462960862,SASTHAA POLYTECHNIC COLLEGE,"KARAIKUDI - ARANTHANGI MAIN ROAD,",PUDUKKOTTAI,Unaided - Private,N,N,1-421340621,fetchdata,2013-2014,Engineering and Technology,1,1,1,1,Tamil Nadu,1
1-1456853732,RANGANATHAN POLYTECHNIC COLLEGE,"JAHIRNAICKANPALAYAM,
VIRALIYUR POST,
COIMBATORE",COIMBATORE,Unaided - Private,N,N,1-431206441,fetchdata,2013-2014,Engineering and Technology,1,1,1,1,Tamil Nadu,1
1-1582373014,V.R.S. COLLEGE OF ENGINEERING AND TECHNOLOGY,"ARASUR 
ARASUR & POST
ULUNDURPET TALUK
VILLUPURAM DISTRICT
TAMIL NADU
INDIA
607107",VILUPPURAM,Unaided - Private,N,N,1-3036031,fetchdata,2013-2014,Engineering and Technology,1,1,1,1,Tamil Nadu,1
1-1491006184,THANTHAI PERIYAR E.V.RAMASAMY GOVERNMENT POLYTECHNIC COLLEGE,"BAGAYAM ROAD
THORAPADI P.O.",VELLORE,Government,N,N,1-457006281,fetchdata,2013-2014,Engineering and Technology,1,1,1,1,Tamil Nadu,1
1-1461012904,VETHATHIRI MAHARISHI INSTITUE OF TECHNOLOGY,"KODIVALASAI VILLAGE, ATHIMANJERIPET,
PALLIPET ROAD.",THIRUVALLUR,Unaided - Private,N,N,1-451819501,fetchdata,2013-2014,Engineering and Technology,1,1,1,1,Tamil Nadu,1
1-1437254562,ALAGAPPA CHETTIAR COLLEGE OF ENGINEERING AND TECHNOLOGY,KARAIKUDI SIVAGANGA DISTRICT PIN-630004 TAMILNADU,SIVAGANGA,Government,N,N,1-476065432,fetchdata,2013-2014,Engineering and Technology,1,1,1,1,Tamil Nadu,1
1-1445913292,UDHAYAM POLYTECHNIC COLLEGE,"THENKUDA, THANGACHIMADAM",RAMANATHAPURAM,Unaided - Private,N,N,1-457956483,fetchdata,2013-2014,Engineering and Technology,1,1,1,1,Tamil Nadu,1
1-1490049292,MAHAKAVI BHARATHIYAR COLLEGE OF ENGINEERING & TECHNOLOGY,"KOVIL NAGAR,
VASUDEVANALLUR.
SIVAGIRI (T.K),
TIRUNELVELI (DIST).",TIRUNELVELI,Unaided - Private,N,N,1-6161693,fetchdata,2013-2014,Engineering and Technology,1,1,1,1,Tamil Nadu,1
1-1458669950,SIVA INSTITUTE OF FRONTIER TECHNOLOGY-TECHNICAL CAMPUS,"VALLAL RCK NAGAR, 
VENGAL THIRUVALLUR TALUK AND DISTRICT",THIRUVALLUR,Unaided - Private,N,N,1-424626151,fetchdata,2013-2014,Engineering and Technology,1,1,1,1,Tamil Nadu,1
1-1478140332,GOMATHI AMBAL POLYTECHNIC COLLEGE,MAVEERAN POOLITHEVAN NAGAR,TIRUNELVELI,Unaided - Private,N,N,1-432349541,fetchdata,2013-2014,Engineering and Technology,1,1,1,1,Tamil Nadu,1
1-1484538102,MEENAKSHI RAMASWAMY ENGINEERING COLLEGE,"MR KALVI NAGAR 
THATHANUR POST 
UDAYARPALAYAM TK 
ARIYALUR DT",ARIYALUR,Unaided - Private,N,N,1-2894158,fetchdata,2013-2014,Engineering and Technology,1,1,1,1,Tamil Nadu,1
1-1453461222,SNS COLLEGE OF ENGINEERING,"SATHY MAIN ROAD 
KURUMBAPALAYAM (PO),
COIMBATORE - 641 107",COIMBATORE,Unaided - Private,N,N,1-13177981,fetchdata,2013-2014,Engineering and Technology,1,1,1,1,Tamil Nadu,1
1-1492892242,SEETHAI AMMAL POLYTECHNIC COLLEGE,"S V  RAJA NAGAR
VEERAPANJAN
KARUPPAYURANI (PO)",MADURAI,Unaided - Private,N,N,1-525725721,fetchdata,2013-2014,Engineering and Technology,1,1,1,1,Tamil Nadu,1
1-1473439272,INSTITUTE OF TEXTILE TECHNOLOGY,"C.I.T CAMPUS,
THARAMANI",CHENNAI,Government,N,N,1-500053382,fetchdata,2013-2014,Engineering and Technology,1,1,1,1,Tamil Nadu,1
1-1461803062,NEW CAPE POLYTECHNIC,"OPPOSITE TO MUPPANTHAL TEMPLE,THOVALAI TALUK,ARALVOIMOZHI,KANYAKUMARI,629301",KANYAKUMARI,Unaided - Private,N,N,1-459809441,fetchdata,2013-2014,Engineering and Technology,1,1,1,1,Tamil Nadu,1
1-1487232815,SEMBODAI R.V.POLYTECHNIC COLLEGE,"SEMBODAI- POST
VEDARANIAM-TK
NAGAPATTINAM- DT
TAMILNADU",NAGAPATTINAM,Unaided - Private,N,N,1-421398371,fetchdata,2013-2014,Engineering and Technology,1,1,1,1,Tamil Nadu,1
1-1510572965,ARAVINDAR POLYTECHNIC COLLEGE,NEAR ALAGIRI SPINNING MILLS,DINDIGUL,Unaided - Private,N,N,1-482019753,fetchdata,2013-2014,Engineering and Technology,1,1,1,1,Tamil Nadu,1
1-1502038114,ARUL COLLEGE OF TECHNOLOGY,"RADHAPURAM,
TIRUNELVELI.",TIRUNELVELI,Unaided - Private,N,Y,1-429482431,fetchdata,2013-2014,Engineering and Technology,1,1,1,1,Tamil Nadu,1
1-1491052812,MURUGESAN INSTITUTE OF TECHNOLOGY,"SALEM-ATTUR MAIN ROAD,
KARUMAPURAM
KARIPATTY(PO)
SALEM-106",SALEM,Unaided - Private,N,N,1-433678101,fetchdata,2013-2014,Engineering and Technology,1,1,1,1,Tamil Nadu,1
1-1473507232,SALEM KONGU POLYTECHNIC COLLEGE,"6/34, THIRUCHENGODU MAIN ROAD, ARIYANOOR, VEERAPANDI (PO), SALEM (DT)",SALEM,Unaided - Private,N,N,1-435613801,fetchdata,2013-2014,Engineering and Technology,1,1,1,1,Tamil Nadu,1
1-1465820764,THAMIRABHARANI ENGINEERING COLLEGE,"WARD-1 THATCHANALLUR,
CHATTIRAM PUTHUKULLAM VILLAGE,
VEPAKULLAM -CHIDHABRA NAGAR ROAD",TIRUNELVELI,Unaided - Private,N,N,1-441567601,fetchdata,2013-2014,Engineering and Technology,1,1,1,1,Tamil Nadu,1
1-1471382097,THEVANESAM  ERUDHAYA AMMAL POLYTECHNIC COLLEGE,"SF NO 153,154,155 , VEMBER              THOOTHUKUDI DISTRICT,  TAMIL NADU-628906",THOOTHUKUDI,Unaided - Private,N,N,1-458286343,fetchdata,2013-2014,Engineering and Technology,1,1,1,1,Tamil Nadu,1
1-1472192119,ST.MARIAM POLYTECHNIC COLLEGE,"SIVALARKULAM VILLAGE, MARANTHA POST, ALANGULAM TALUK, TIRUNELVELI DIST",TIRUNELVELI,Unaided - Private,N,N,1-455746771,fetchdata,2013-2014,Engineering and Technology,1,1,1,1,Tamil Nadu,1
1-1468921033,DR.NALLINI INSTITUTE OF ENGINEERING AND TECHNOLOGY,"68, RAM NAGAR,
PALANI ROAD,
ACHIYUR POST,
DHARAPURAM,
TIRUPUR DISTRICT",TIRUPPUR,Unaided - Private,N,N,1-3322801,fetchdata,2013-2014,Engineering and Technology,1,1,1,1,Tamil Nadu,1
1-1494473723,TAMILNADU PHYSICAL EDUCATION AND SPORTS UNIVERSITY,"DEPARTMENT OF SPORTS TECHNOLOGY, 
TAMIL NADU PHYSICAL EDUCATION AND SPORTS UNIVERSITY, MELAKOTTAIYUR, CHENGALPATTU TALUK, KANCHEEPURAM DISTRICT, CHEN",CHENNAI,Government,N,N,1-444215911,fetchdata,2013-2014,Engineering and Technology,1,1,1,1,Tamil Nadu,1
1-1550031721,NELLIANDAVAR INSTITUTE OF TECHNOLOGY,"NERUNJIKORAI VILLAGE, PUDHUPALAYAM, ARIYALUR TK & DT",ARIYALUR,Unaided - Private,N,N,,fetchdata,2013-2014,Engineering and Technology,1,1,1,1,Tamil Nadu,1
1-1473267412,VIVEKANANDA POLYTECHNIC COLLEGE,"COLLEGE ROAD,
AGASTEESWARAM
KANYAKUMARI DIST
PIN-629701",KANYAKUMARI,Unaided - Private,N,N,1-467543583,fetchdata,2013-2014,Engineering and Technology,1,1,1,1,Tamil Nadu,1
1-1468659212,T.J.S.POLYTECHNIC COLLEGE,"T.J.S.NAGAR, PERUVOYAL",THIRUVALLUR,Unaided - Private,N,N,1-452881331,fetchdata,2013-2014,Engineering and Technology,1,1,1,1,Tamil Nadu,1
1-1469004142,ADHIPARASAKTHI COLLEGE OF ENGINEERING,"G.B. NAGAR
KALAVAI 
ARCOT TALUK
VELLORE DISTRICT
TAMILNADU
PIN - 632 506.",VELLORE,Unaided - Private,N,N,1-5138551,fetchdata,2013-2014,Engineering and Technology,1,1,1,1,Tamil Nadu,1
1-1469416072,PADMABHUSHAN SRI N RAMASWAMI AYYAR MEMORIAL POLYTECHNIC COLLEGE FOR GIRLS,"NO. 5 SANKARAN PILLAI ROAD,           TIRUCHIRAPPALLI",TIRUCHIRAPPALLI,Govt aided,Y,N,1-421870511,fetchdata,2013-2014,Engineering and Technology,1,1,1,1,Tamil Nadu,1
1-1469202912,VIVEKANANDA POLYTECHNIC COLLEGE,"NEYVELI MAIN ROAD, SEPLANATHAM & PO, NEYVELI,
KURINJIPADI TALUK.",CUDDALORE,Unaided - Private,N,N,1-451963041,fetchdata,2013-2014,Engineering and Technology,1,1,1,1,Tamil Nadu,1
1-1463496305,MARUTAM NELLI POLYTECHNIC COLLEGE,"2/1. AGRI THOTTAM, PALLAPATTY, NATHATAHALLI, DHARMAPURI-636803",DHARMAPURI,Unaided - Private,N,N,1-478268271,fetchdata,2013-2014,Engineering and Technology,1,1,1,1,Tamil Nadu,1
1-1484495891,ARINGER ANNA COLLEGE OF ENGINEERING AND TECHNOLOGY,"SF.NO.145/1A1,METTUPATTY VILLAGE,PALANI TALUK,DINDIGUL DIST, TAMILNADU",DINDIGUL,Unaided - Private,N,N,,fetchdata,2013-2014,Engineering and Technology,1,1,1,1,Tamil Nadu,1
1-1499476541,RV REHA POLYTECHNIC COLLEGE,"KR NAIDU NAGAR
PARUVAKUDI POST
KARIVALAM VIA
SANKARANKOIL TALUK
TIRUNELVELI DT",TIRUNELVELI,Unaided - Private,N,Y,,fetchdata,2013-2014,Engineering and Technology,1,1,1,1,Tamil Nadu,1
1-1485996312,GURU RAAGAVINDRA POLYTECHNIC COLLEGE,"VEPPOOR VILLAGE,
KATPADI TALUK,",VELLORE,Unaided - Private,N,N,1-445053081,fetchdata,2013-2014,Engineering and Technology,1,1,1,1,Tamil Nadu,1
1-1484263622,SENGUNTHAR COLLEGE OF ENGINEERING,"SATHINAICKENPALAYAM,
KUMARAMANGALAM,
TIRUCHENGODE, 
NAMAKKAL (DT).
PIN -  637 205.",NAMAKKAL,Unaided - Private,N,N,1-10097031,fetchdata,2013-2014,Engineering and Technology,1,1,1,1,Tamil Nadu,1
1-1499529282,KALAPANDIAN POLYTECHNI COLLEGE,SILLAMARATHUPATTI,THENI,Unaided - Private,N,N,1-473835571,fetchdata,2013-2014,Engineering and Technology,1,1,1,1,Tamil Nadu,1
1-1487509674,EVEREST POLYTECHNIC COLLEGE,"EVEREST POLYTECHNIC COLLEGE,EVEREST NAGAR, NAINARAGARAM PANCHAYATH, TENKASI-MADURAI NH ROAD, ACHAMPATTI STOP, KADAYANALLUR,TENKASI TALUK,TIRUNELVELI D",TIRUNELVELI,Unaided - Private,N,N,1-479198411,fetchdata,2013-2014,Engineering and Technology,1,1,1,1,Tamil Nadu,1
1-1465607932,APOLLO SUBBULAKSHMI POLYTECHNIC COLLEGE,"KUNNATHUR VILLAGE, ILLUPUR, PUDUKKOTTAI DISTRICT",PUDUKKOTTAI,Unaided - Private,N,N,1-455259971,fetchdata,2013-2014,Engineering and Technology,1,1,1,1,Tamil Nadu,1
1-1485710873,THE NEW ROYAL COLLEGE OF ENGINEERING AND TECHNOLOGY,"ECR ROAD, POONJERI, MAMALLAPURAM",KANCHIPURAM,Unaided - Private,N,N,1-4161381,fetchdata,2013-2014,Engineering and Technology,1,1,1,1,Tamil Nadu,1
1-1474110634,ARCHANA INSTITUTE OF TECHNOLOGY,"NH-7, SALEM MAIN ROAD
THIMMAPURAM
KRISHNAGIRI ( TALUK & DISTRICT)",KRISHNAGIRI,Unaided - Private,N,N,1-3483543,fetchdata,2013-2014,Engineering and Technology,1,1,1,1,Tamil Nadu,1
1-1481124792,SHRI RAMANAS ABC POLYTECHNIC COLLEGE,"PALAM RAJAKKAPATTI
PAPPANAMPATTI POST
PALANI ROAD 
DINDIGUL",DINDIGUL,Unaided - Private,N,N,1-452838981,fetchdata,2013-2014,Engineering and Technology,1,1,1,1,Tamil Nadu,1
1-1465670292,APOLLO POLYTECHNIC COLLEGE,"PANRUTTI VILLAGE NEAR ORAGADAM KOOT ROAD, THENNERI VIA, VANDALORE, KANCHIPURAM-631 604",KANCHIPURAM,Unaided - Private,N,N,1-455858691,fetchdata,2013-2014,Engineering and Technology,1,1,1,1,Tamil Nadu,1
1-1465584732,APOLLO PRIYADARSHANAM INSTITUTE OF TECHNOLOGY,"PANRUTTI, NEAR ORAGADAM JUNCTION, SRIPERUMBUDUR TALUK,KANCHIPURAM DT, TAMIL NADU",KANCHIPURAM,Unaided - Private,N,N,1-7676341,fetchdata,2013-2014,Engineering and Technology,1,1,1,1,Tamil Nadu,1
1-1490306332,MOTHER TERASA COLLEGE OF ENGINEERING AND TECHNOLOGY,"METTUSALAI,
ILLUPPUR (POST & TALUK),
PUDUKKOTTAI - DIST,
PIN-622102.",PUDUKKOTTAI,Unaided - Private,N,N,1-4974801,fetchdata,2013-2014,Engineering and Technology,1,1,1,1,Tamil Nadu,1
1-1463230762,NATIONAL INSTITUTE OF POLYTECHNIC,TRICHY ROAD,ARIYALUR,Unaided - Private,N,N,1-425453871,fetchdata,2013-2014,Engineering and Technology,1,1,1,1,Tamil Nadu,1
1-1473309042,SRI VENKATESVARA POLYTECHNIC COLLEGE," ARANTHANGI ROAD, KAIKURICHI, PUDUKKOTTAI",PUDUKKOTTAI,Unaided - Private,N,N,1-494311941,fetchdata,2013-2014,Engineering and Technology,1,1,1,1,Tamil Nadu,1
1-1488562551,ARIYALUR ENGINNERING COLLEGE,"TRICHY - CHIDAMBARAM MAIN ROAD, KARUPPUR - SENAPATHY (PO)",ARIYALUR,Unaided - Private,N,N,,fetchdata,2013-2014,Engineering and Technology,1,1,1,1,Tamil Nadu,1
1-1489593482,ST XAVIER'S POLYTECHNIC COLLEGE,"THIRUPPATHUR ROAD,RAM NAGAR,",SIVAGANGA,Unaided - Private,N,Y,1-429709281,fetchdata,2013-2014,Engineering and Technology,1,1,1,1,Tamil Nadu,1
1-1503749921,LOURDES MOUNT COLLEGE OF ENGINEERING AND TECHNOLOGY,"MARTHANDAM - KARUNGAL ROAD
CHUNDAVILAI
MULLANGANAVILAI
NATTALAM POST",KANYAKUMARI,Unaided - Private,N,N,,fetchdata,2013-2014,Engineering and Technology,1,1,1,1,Tamil Nadu,1
1-1509767732,SRI NANDHANAM COLLEGE OF ENGINEERING & TECHNOLOGY,"MOLAGARAMPATTI
TIRUPATTUR",VELLORE,Unaided - Private,N,Y,1-4330451,fetchdata,2013-2014,Engineering and Technology,1,1,1,1,Tamil Nadu,1
1-1481270668,K E T POLYTECHNIC COLLEGE,"CHINNAPANAMUTLU VILLAGE, ANCHOOR POST, T.V. MALAI N.H 66, KRISHNAGIRI",KRISHNAGIRI,Unaided - Private,N,N,1-462883441,fetchdata,2013-2014,Engineering and Technology,1,1,1,1,Tamil Nadu,1
1-1531787116,GOVERNMENT TECHNICAL TRAINING CENTRE,"100 FEET ROAD,
INDUSTRIAL ESTATE, GUINDY, CHENNAI 32",CHENNAI,Government,N,N,1-512494351,fetchdata,2013-2014,Engineering and Technology,1,1,1,1,Tamil Nadu,1
1-1542069152,SVA COLLEGE OF POLYTECHNIC,"NALLUR
N PUDUPPATTY",NAMAKKAL,Unaided - Private,N,N,1-473837791,fetchdata,2013-2014,Engineering and Technology,1,1,1,1,Tamil Nadu,1
1-1543157669,J.K.K.NATTRAJA COLLEGE OF ENGINEERING & TECHNOLOGY,"NATARAJAPURAM, NH-47 (SALEM TO COIMBATORE), KOMARAPALAYAM - 638 183. NAMAKKAL DT. TAMIL NADU.",NAMAKKAL,Unaided - Private,N,N,1-8323181,fetchdata,2013-2014,Engineering and Technology,1,1,1,1,Tamil Nadu,1
1-1507787393,GOVERNMENT POLYTECHNIC COLLEGE,"KARAPATTU VILLAGE
CHENGAM TK",TIRUVANNAMALAI,Government,N,N,1-465893641,fetchdata,2013-2014,Engineering and Technology,1,1,1,1,Tamil Nadu,1
1-1516251632,126-GOVERNMENT POLYTECHNIC COLLEGE,"THENI - KAMBUM MAIN ROAD, SAMUTHAYA KOODAM, KOTTUR-625534, THENI DISTRICT.",THENI,Government,N,N,1-466720281,fetchdata,2013-2014,Engineering and Technology,1,1,1,1,Tamil Nadu,1
1-1543314522,KAMARAJ POLYTECHNIC COLLEGE,"PAZHAVILAI,
PAZHAVILAI P.O.,",KANYAKUMARI,Govt aided,N,N,1-501741201,fetchdata,2013-2014,Engineering and Technology,1,1,1,1,Tamil Nadu,1
1-1480323272,SHRI ANGALAMMAN COLLEGE OF ENGINEERING AND TECHNOLOGY,"RAMANAN NAGAR
SIRUGANOOR
TIRUCHIRAPPALLI
TAMIL NADU - 621 105.",TIRUCHIRAPPALLI,Unaided - Private,N,N,1-5037801,fetchdata,2013-2014,Engineering and Technology,1,1,1,1,Tamil Nadu,1
1-1522183741,ARJUN COLLEGE OF TECHNOLOGY,"310/1B, CHETTIYAKKAPALAYAM, KINATHUKADAVU, COIMBATORE",COIMBATORE,Unaided - Private,N,N,,fetchdata,2013-2014,Engineering and Technology,1,1,1,1,Tamil Nadu,1
1-1471262352,SWAMI VIVEKANANDA POLYTECHNIC COLLEGE,"KOTTARAKUNDRU ROAD,ARUMBAVUR POST,VEPPANTHATTAI TALUK,PERAMBALUR DISTRICT",PERAMBALUR,Unaided - Private,N,N,1-474311203,fetchdata,2013-2014,Engineering and Technology,1,1,1,1,Tamil Nadu,1
1-1543313833,GOVERNMENT POLYTECHNIC COLLEGE.,"KANDACHIPURAM MAIN ROAD,
ARAGANDANALLUR,
TIRUKOVILUR(TALUK),
VILUPPURAM.",VILUPPURAM,Government,N,N,1-465223073,fetchdata,2013-2014,Engineering and Technology,1,1,1,1,Tamil Nadu,1
1-1488196574,SRI AYYAPPA POLYTECHNIC COLLEGE,"AIVADHUGUDI,
ERANJI POST,
VIRUDHACHALAM TALUK,
CUDDALORE DISTRICT.",CUDDALORE,Unaided - Private,N,N,1-446181421,fetchdata,2013-2014,Engineering and Technology,1,1,1,1,Tamil Nadu,1
1-1490035851,HAJI SHEIK ISMAIL ENGINEERING COLLEGE,"ESANOOR,
KEELAIYUR-PO
THIRUKKUVALAI
-TK
NAGAPATTINAM
-DT",NAGAPATTINAM,Unaided - Private,N,N,,fetchdata,2013-2014,Engineering and Technology,1,1,1,1,Tamil Nadu,1
1-1478151902,SURYA POLYTECHNIC COLLEGE,"UDAYA NAGAR,
AMMANDIVILAI & POST",KANYAKUMARI,Unaided - Private,N,N,1-427026111,fetchdata,2013-2014,Engineering and Technology,1,1,1,1,Tamil Nadu,1
1-1542131662,P.T.LEE CHENGALVARAYA NAICKER POLYTECHNIC COLLEGE,"P.T.LEE CHENGALVARAYA NAICKER POLYTECHNIC COLLEGE, 2&3,E.V.K SAMPATH SALAI,
VEPERY,CHENNAI -600007",CHENNAI,Govt aided,N,N,1-425577831,fetchdata,2013-2014,Engineering and Technology,1,1,1,1,Tamil Nadu,1
1-1552799605,ST. JOSEPH POLYTECHNIC COLLEGE,KARAIKUDI MAIN ROAD,PUDUKKOTTAI,Unaided - Private,N,Y,1-409727411,fetchdata,2013-2014,Engineering and Technology,1,1,1,1,Tamil Nadu,1
1-1498746673,GOLDEN POLYTECHNIC COLLEGE,"9/366, PALLAKADU VILLAGE,NADUVALUR PO
GANGAVALLI TK",SALEM,Unaided - Private,N,N,1-429946931,fetchdata,2013-2014,Engineering and Technology,1,1,1,1,Tamil Nadu,1
1-1507663775,INSTITUTE OF PRINTING TECHNOLOGY,"CIT CAMPUS
THARAMANI
CHENNAI",CHENNAI,Government,N,N,1-500984231,fetchdata,2013-2014,Engineering and Technology,1,1,1,1,Tamil Nadu,1
1-1483262502,SIVA POLYTECHNIC COLLEGE,"ZAMIN KOTTAMPATTI PIRIRVU,
SAMATHUR (PO)",COIMBATORE,Unaided - Private,N,N,1-518645961,fetchdata,2013-2014,Engineering and Technology,1,1,1,1,Tamil Nadu,1
1-1476726822,HAJI SHEIK ISMAIL POLYTECHNIC COLLEGE,"ESANOOR,
KEELAIYUR-PO,
THIRUKKUVALAI
-TK,
NAGAPATTINAM
-DT.",NAGAPATTINAM,Unaided - Private,N,N,1-447787151,fetchdata,2013-2014,Engineering and Technology,1,1,1,1,Tamil Nadu,1
1-1504959272,DEPARTMENT OF COMPUTER SCIENCE AND ENGINEERING,MANONMANIAM SUNDARANAR UVIVERSITY,TIRUNELVELI,Government,N,N,1-457344531,fetchdata,2013-2014,Engineering and Technology,1,1,1,1,Tamil Nadu,1
1-1463311647,CENTRAL POLYTECHNIC COLLEGE,"CIT CAMPUS, 
THARAMANI",CHENNAI,Government,N,N,1-453814511,fetchdata,2013-2014,Engineering and Technology,1,1,1,1,Tamil Nadu,1
1-1507864111,P.S.G.PONNAMMAL POLYTECHNIC COLLEGE,"GOUNDAMPALAYAM, COIMBATORE ROAD",TIRUPPUR,Unaided - Private,N,N,,fetchdata,2013-2014,Engineering and Technology,1,1,1,1,Tamil Nadu,1
1-1466658772,VPV COLLEGE OF ENGINEERING,"D.VADIPATTI
DEVATHANAPATTI
THENI (DT)
PIN - 625602",THENI,Unaided - Private,N,N,1-461687451,fetchdata,2013-2014,Engineering and Technology,1,1,1,1,Tamil Nadu,1
1-1473645662,SREE NARAYANA GURU POLYTECHNIC COLLEGE,SREE NARAYANA GURU NAGAR,COIMBATORE,Unaided - Private,N,N,1-439892161,fetchdata,2013-2014,Engineering and Technology,1,1,1,1,Tamil Nadu,1
1-1494036002,KARPAGAM POLYTECHNIC COLLEGE,"POLLACHI MAIN ROAD, EACHANARI (P.O), COIMBATORE 641021",COIMBATORE,Unaided - Private,N,N,1-465586101,fetchdata,2013-2014,Engineering and Technology,1,1,1,1,Tamil Nadu,1
1-1465072323,SRI DURGADEVI POLYTECHNIC COLLEGE,"R.S.M. NAGAR, KAVARAIPETTAI, GUMMIDIPOONDI TALUK",THIRUVALLUR,Unaided - Private,N,Y,1-407010941,fetchdata,2013-2014,Engineering and Technology,1,1,1,1,Tamil Nadu,1
1-1504583751,THIRU RAMAKRISHNA NALLAMMAI POLYTECHNIC COLLEGE,NALLAMMAI NAGAR,TIRUPPUR,Unaided - Private,N,N,1-428161181,fetchdata,2013-2014,Engineering and Technology,1,1,1,1,Tamil Nadu,1
1-1490708952,INSTITUTE OF LEATHER TECHNOLOGY,"C I T CAMPUS,
RAJIV GANDHI SALAI,
THARAMANI,",CHENNAI,Government,N,N,1-511663341,fetchdata,2013-2014,Engineering and Technology,1,1,1,1,Tamil Nadu,1
1-1475416774,V. RAMAKRISHNA POLYTECHNIC COLLEGE,"MANALI ROAD,
THIRUVOTTIYUR",CHENNAI,Unaided - Private,N,N,1-405639211,fetchdata,2013-2014,Engineering and Technology,1,1,1,1,Tamil Nadu,1
1-1475655742,SRI BHARATHI VELU POLYTECHNIC COLLEGE,"JAMBUKULAM ROAD, MELVENKATAPURAM, KATRAMPAKAM POST",VELLORE,Unaided - Private,N,N,1-431009331,fetchdata,2013-2014,Engineering and Technology,1,1,1,1,Tamil Nadu,1
1-1491597722,LITTLE FLOWER POLYTECHNIC COLLEGE,"NO.682, LAWRENCE NAGAR, MOULIVAKKAM, CHENNAI 600 125",KANCHIPURAM,Unaided - Private,N,N,1-500053181,fetchdata,2013-2014,Engineering and Technology,1,1,1,1,Tamil Nadu,1
1-1472332496,DR.KALAM POLYTECHNIC COLLEGE,"PERIYANAYAKIPURAM,
AVANAM (PO),
PERAVURANI (TK),
THANJAVAUR(DT),
TAMILNADU",THANJAVUR,Unaided - Private,N,N,1-474040451,fetchdata,2013-2014,Engineering and Technology,1,1,1,1,Tamil Nadu,1
1-1488555022,THIRU SEVEN HILLS POLYTECHNIC COLLEGE,"ALAPAKKAM MAIN ROAD,MADURAVOYAL",THIRUVALLUR,Unaided - Private,N,Y,1-455330211,fetchdata,2013-2014,Engineering and Technology,1,1,1,1,Tamil Nadu,1
1-1475911425,SRI BHARATHI POLYTECHNIC COLLEGE FOR WOMEN,"KAIKKURICHI (POST),
ALANGUDI(TK),
ARANTHANGI ROAD",PUDUKKOTTAI,Unaided - Private,Y,N,1-498658531,fetchdata,2013-2014,Engineering and Technology,1,1,1,1,Tamil Nadu,1
1-1476550312,EIT POLYTECHNIC COLLEGE,KAVINDAPADI,ERODE,Govt aided,N,N,1-401639081,fetchdata,2013-2014,Engineering and Technology,1,1,1,1,Tamil Nadu,1
1-1510717452,INSTITUTE OF CHEMICAL TECHNOLOGY,"C.I.T CAMPUS
TARAMANI
CHENNAI",KANCHIPURAM,Government,N,N,1-480361021,fetchdata,2013-2014,Engineering and Technology,1,1,1,1,Tamil Nadu,1
1-1502120582,SRI RAMACHANDRA POLYTECHNIC COLLEGE,"DHARMANEEDHI VILLAGE, AYARPADI POST, ARAKKONAM TALUK, VELLORE DIST.",VELLORE,Unaided - Private,N,N,1-455192161,fetchdata,2013-2014,Engineering and Technology,1,1,1,1,Tamil Nadu,1
1-1468841157,S.R.I. COLLEGE OF ENGINEERING & TECHNOLOGY,"321/15, MELMARUVATHUR ROAD, BIRUDUR, VANDAVASI",TIRUVANNAMALAI,Unaided - Private,N,N,1-4831705,fetchdata,2013-2014,Engineering and Technology,1,1,1,1,Tamil Nadu,1
1-1477908133,ANNAI MADHA POLYTECHNIC COLLEGE,"EDAICHERUVAI,
AKKANUR(PO),
TITTAGUDI(TK)",CUDDALORE,Unaided - Private,N,N,1-447740901,fetchdata,2013-2014,Engineering and Technology,1,1,1,1,Tamil Nadu,1
1-1464966854,PGP POLYTECHNIC COLLEGE,"PGP COLLEGE CAMPUS,
NH-7, KARUR MAIN ROAD,
VILLIPALAYAM",NAMAKKAL,Unaided - Private,N,N,1-478375891,fetchdata,2013-2014,Engineering and Technology,1,1,1,1,Tamil Nadu,1
1-1468969502,MAHARAJA INSTITUTE OF TECHNOLOGY,"MAHARAJA INSTITUTE OF TECHNOLOGY,
ARASUR
COIMBATORE - 641 407",COIMBATORE,Unaided - Private,N,N,1-7341265,fetchdata,2013-2014,Engineering and Technology,1,1,1,1,Tamil Nadu,1
1-1476169802,HINDUSTHAN INSTITUTE OF TECHNOLOGY,"OTHAKKALMANDAPAM
COIMBATORE",COIMBATORE,Unaided - Private,N,N,1-4294141,fetchdata,2013-2014,Engineering and Technology,1,1,1,1,Tamil Nadu,1
1-1476109232,SRG POLYTECHNIC COLLEGE,"NH-7, SALEM - NAMAKKAL ROAD,
ATHANUR",NAMAKKAL,Unaided - Private,N,N,1-463362451,fetchdata,2013-2014,Engineering and Technology,1,1,1,1,Tamil Nadu,1
1-1475786943,ST.JUDEâS POLYTECHNIC COLLEGE,"16-184-1,ANNAI NAGAR,THOLAYAVATTOM POST",KANYAKUMARI,Unaided - Private,N,N,1-759651851,fetchdata,2013-2014,Engineering and Technology,1,1,1,1,Tamil Nadu,1
1-1479129404,S.THANGAPAZHAM POLYTECHNIC COLLEGE,"CHINTHAMANIPERI PUTHUR,
AUTHUVAZHI POST,
SIVAGIRI TALUK.",TIRUNELVELI,Unaided - Private,N,N,1-433797571,fetchdata,2013-2014,Engineering and Technology,1,1,1,1,Tamil Nadu,1
1-1494477522,V.P.MUTHAIAH PILLAI MEENAKSHI AMMAL ENGINEERING COLLEGE FOR WOMEN,"V.P.M NAGAR,
KRISHNANKOVIL",VIRUDHUNAGAR,Unaided - Private,Y,N,1-8897103,fetchdata,2013-2014,Engineering and Technology,1,1,1,1,Tamil Nadu,1
1-1483194552,MERIT POLYTECHNIC COLLEGE,KADAYAM - MUKKUDAL ROAD,TIRUNELVELI,Unaided - Private,N,N,1-416002203,fetchdata,2013-2014,Engineering and Technology,1,1,1,1,Tamil Nadu,1
1-1488194882,AYYAPPA POLYTECHNIC COLLEGE,"AIVADHUGUDI,
ERANJI POST,
VIRUDHACHALAM TALUK,
CUDDALORE DISTRICT.",CUDDALORE,Unaided - Private,N,N,1-446164681,fetchdata,2013-2014,Engineering and Technology,1,1,1,1,Tamil Nadu,1
1-1506851392,MUTHIAH POLYTECHNIC COLLEGE,"ANNAMALAINAGAR
CHIDAMBARAM
CUDDALORE DISTRICT
TAMILNADU
608 002",CUDDALORE,Govt aided,N,N,1-466239891,fetchdata,2013-2014,Engineering and Technology,1,1,1,1,Tamil Nadu,1
1-1470069933,RAMYA SATHIANATHAN POLYTECHNIC COLLEGE,"SENGIPPATTY TO BUDHALUR ROAD
PUDUPPATTY VILLAGE
THANJAVUR DISTRICT
TAMIL NADU",THANJAVUR,Unaided - Private,N,N,1-459233181,fetchdata,2013-2014,Engineering and Technology,1,1,1,1,Tamil Nadu,1
1-1469341447,ADHIPARASAKTHI POLYTECHNIC COLLEGE,"ADHIPARASAKTHI POLYTECHNIC COLLEGE, MELMARUVATHUR & POST, CHEYYUR TALUK",KANCHIPURAM,Unaided - Private,N,N,1-412359851,fetchdata,2013-2014,Engineering and Technology,1,1,1,1,Tamil Nadu,1
1-1488222772,PASUMPON NETHAJI POLYTECHNIC COLLEGE,"PASUMPON NETHAJI POLYTECHNIC COLLEGE
A.R.P.NAGAR
MELANEELITHANALLUR",TIRUNELVELI,Unaided - Private,N,N,1-479941681,fetchdata,2013-2014,Engineering and Technology,1,1,1,1,Tamil Nadu,1
1-1464808515,SRI RANGAPOOPATHI COLLEGE OF ENGINEERING,"ALAMPOONDI VILLAGE & POST,
GINGEE TALUK,
VILLUPURAM DISTRICT",VILUPPURAM,Unaided - Private,N,N,1-8270741,fetchdata,2013-2014,Engineering and Technology,1,1,1,1,Tamil Nadu,1
1-1478081564,ADHITHYA POLYTECHNIC COLLEGE,"S197 & 198,
RAMAKOODAL,
PULLAGOUNDAMPATTI(POST)
THEVUR(VIA),
SANKARI(TK),
SALEM(DT).",SALEM,Unaided - Private,N,N,1-481878661,fetchdata,2013-2014,Engineering and Technology,1,1,1,1,Tamil Nadu,1
1-1471198863,THIAGARAJAR COLLEGE OF ENGINEERING,"TIRUPARANKUNDRAM
MADURAI 625 015",MADURAI,Govt aided,N,N,1-429823423,fetchdata,2013-2014,Engineering and Technology,1,1,1,1,Tamil Nadu,1
1-1478816302,INSTITUTE OF CERAMIC TECHNOLOGY,"ALADI ROAD
VRIDHACHALAM",CUDDALORE,Government,N,N,1-522882493,fetchdata,2013-2014,Engineering and Technology,1,1,1,1,Tamil Nadu,1
1-1566837252,ANNAI VEILANKANNIS COLLEGE OF ENGINEERING,"33 GANDHI ROAD,NEDUNGUNDRAM",CHENNAI,Unaided - Private,N,N,1-483503761,fetchdata,2013-2014,Engineering and Technology,1,1,1,1,Tamil Nadu,1
1-1530920752,SRI VENKATESWARA POLYTECHNIC COLLEGE,TRICHY NATIONAL HIGHWAY,CUDDALORE,Unaided - Private,N,N,1-522262181,fetchdata,2013-2014,Engineering and Technology,1,1,1,1,Tamil Nadu,1
1-1536162462,STAR LION COLLEGE OF ENGINEERING AND TECHNOLOGY,"MAIN ROAD,
MANANKORAI",THANJAVUR,Unaided - Private,N,N,1-6588841,fetchdata,2013-2014,Engineering and Technology,1,1,1,1,Tamil Nadu,1
1-1480816774,OXFORD ENGINEERING COLLEGE,PIRATTIYUR,TIRUCHIRAPPALLI,Unaided - Private,N,N,1-6539141,fetchdata,2013-2014,Engineering and Technology,1,1,1,1,Tamil Nadu,1
1-1478254074,TIRUTTANI POLYTECHNIC COLLEGE,"LAKSHMAPURAM VILLAGE,
NABALURE  PO,
TIRUTTANI  TK,
THURUVALLURE  DT.",THIRUVALLUR,Unaided - Private,N,N,1-516015561,fetchdata,2013-2014,Engineering and Technology,1,1,1,1,Tamil Nadu,1
1-1546926413,VAIGAI COLLEGE OF ENGINEERING,"THERKUTHERU,
MELUR TALUK,
MADURAI",MADURAI,Unaided - Private,N,N,1-789295801,fetchdata,2013-2014,Engineering and Technology,1,1,1,1,Tamil Nadu,1
1-1554782792,SRI SANTHOSHI POLYTECHNIC COLLEGE,"09,PAIYAMBADI VILLAGE,MADURANTHAKAM(TK)",KANCHIPURAM,Unaided - Private,N,N,1-506494903,fetchdata,2013-2014,Engineering and Technology,1,1,1,1,Tamil Nadu,1
1-1509873587,LALGUDI COOPERATIVE POLYTECHNIC COLLEGE,"AYYAN VAIKKAL ROAD,ANGARAI VILLAGE,LALGUDI TK",TIRUCHIRAPPALLI,Unaided - Private,N,N,1-455767611,fetchdata,2013-2014,Engineering and Technology,1,1,1,1,Tamil Nadu,1
1-1538446771,VISHNU LAKSHMI COLLEGE OF ENGINEERING & TECHNOLOGY,"10/1, KAMBAR STREET,
KANJIKONAM PALAYAM,
VELLALORE (PO),
COIMBATORE SOUTH(TK).",COIMBATORE,Unaided - Private,N,N,,fetchdata,2013-2014,Engineering and Technology,1,1,1,1,Tamil Nadu,1
1-1468674992,LATHA MATHAVAN ENGINEERING COLLEGE,"LATHA MATHAVAN NAGAR
KIDARIPATTI
MELUR TALUK
MADURAI DISTRICT",MADURAI,Unaided - Private,N,N,1-5828514,fetchdata,2013-2014,Engineering and Technology,1,1,1,1,Tamil Nadu,1
1-1544378692,S.M. ARUMUGAM POLYTECHNIC COLLEGE,"ADHIYAMAAN BYE PASS ROAD, A.REDDIHALLI, DHARMAPURI",DHARMAPURI,Unaided - Private,N,N,1-480387011,fetchdata,2013-2014,Engineering and Technology,1,1,1,1,Tamil Nadu,1
1-1496623711,JAINEE COLLEGE OF ENGINEERING AND TECHNOLOGY,"DINDIGUL-THENI MAIN ROAD, (NHB EXTN.), AATHUPATTIPRIVU, VEERAKKAL B P O, N.PANJAMPATTI P. O., DINDIGUL-624303",DINDIGUL,Unaided - Private,N,Y,,fetchdata,2013-2014,Engineering and Technology,1,1,1,1,Tamil Nadu,1
1-1487818682,VIGNESHWARA POLYTECHNIC COLLEGE,"CUDDALORE-CHIDAMBARAM ECR HIGHWAY,
KEEZHPOOVANIKUPPAM,
ALAPAKKAM (PO),",CUDDALORE,Unaided - Private,N,N,1-460124211,fetchdata,2013-2014,Engineering and Technology,1,1,1,1,Tamil Nadu,1
1-1486886772,IMAYAM COLLEGE OF ENGINEERING,"KANNANUR,
THURAIYUR(T.K),
TRICHY(D.T),
621 206.",TIRUCHIRAPPALLI,Unaided - Private,N,N,1-7270423,fetchdata,2013-2014,Engineering and Technology,1,1,1,1,Tamil Nadu,1
1-1483006662,SRI VENKATESHWARAA POLYTECHNIC COLLEGE,"PAPINAYAKANAHALI VILLAGE
SOGATHUR POST
DHARMAPURI",DHARMAPURI,Unaided - Private,N,N,1-434093371,fetchdata,2013-2014,Engineering and Technology,1,1,1,1,Tamil Nadu,1
1-1499448890,SUN INSTITUTE OF POLYTECHNIC,"SUN NAGAR,
ERACHAKULAM,
ERACHAKULAM(PO)",KANYAKUMARI,Unaided - Private,N,N,1-475234701,fetchdata,2013-2014,Engineering and Technology,1,1,1,1,Tamil Nadu,1
1-1477899702,BHARATH NIKETAN POLYTECHNIC COLLEGE,"SRI GOWRI NAGAR,",THENI,Unaided - Private,N,N,1-424764191,fetchdata,2013-2014,Engineering and Technology,1,1,1,1,Tamil Nadu,1
1-1475649944,THIRUVALLUVAR POLYTECHNIC COLLEGE,"SOOLAPPURAM, ELUMALAI, MADURAI DIST",MADURAI,Unaided - Private,N,N,1-511989461,fetchdata,2013-2014,Engineering and Technology,1,1,1,1,Tamil Nadu,1
1-1473307343,T.J.S.ENGINEERING COLLEGE,"PERUVOYAL ,
NEAR KAVARAIPETTAI, 
GUMMIDIPOONDI TALUK, 
THIRUVALLUR DISTRICT - 601 206. 
TAMIL NADU.",THIRUVALLUR,Unaided - Private,N,N,1-2610514,fetchdata,2013-2014,Engineering and Technology,1,1,1,1,Tamil Nadu,1
1-1577135092,KAPI POLYTECHNIC COLLEGE,"GANDHIGRAM MAMA DR G RAMACHNDRAN NAGAR,SITHAYANKOTTAI POST, PALAYAMKOTTAI VIA,DINDIGUL DISTRICT",DINDIGUL,Unaided - Private,N,N,1-476324101,fetchdata,2013-2014,Engineering and Technology,1,1,1,1,Tamil Nadu,1
1-1611242362,SMR EAST COAST COLLEGE OF ENGINEERING AND TECHNOLOGY,"EAST COAST ROAD, SOMANATHAPATTINAM,",THANJAVUR,Unaided - Private,N,N,1-4791491,fetchdata,2013-2014,Engineering and Technology,1,1,1,1,Tamil Nadu,1
1-1574267722,SRI RENGESWARAR POLYTECHNIC COLLEGE,"3/333,
POTTIREDDIPATTI POST,
NAMAKKAL DISTRICT.",NAMAKKAL,Unaided - Private,N,N,1-446140711,fetchdata,2013-2014,Engineering and Technology,1,1,1,1,Tamil Nadu,1
