institute_id,institute_name,address,district,institution_type,women_only,minority,parent_id,method,year,program,level,institutiontype,Women,Minority,state,course
1-1481215003,GOVERNMENT POLYTECHNIC,GUJARATHI PETA,SRIKAKULAM,Government,N,N,1-454375261,fetchdata,2013-2014,Engineering and Technology,1,1,1,1,Andhra Pradesh,1
1-1361931102,PYDAH COLLEGE OF ENGINEERING & TECHNOLOGY,"GAMBHEERAM
VISAKHAPATNAM",VISHAKHAPATNAM,Unaided - Private,N,N,1-8088571,fetchdata,2013-2014,Engineering and Technology,1,1,1,1,Andhra Pradesh,1
1-1366018862,GOVERNMENT INSTITUTE OF CHEMICAL ENGINEERING,"NH - 5, KANCHARAPALEM, 
NER V TOWN POLICE STATION",VISHAKHAPATNAM,Government,N,N,1-454519561,fetchdata,2013-2014,Engineering and Technology,1,1,1,1,Andhra Pradesh,1
1-1362373083,SRADDAHA COLLEGE OF DIPLOMA IN ENG & TECHNOLOGY,"KRISHNUNIPALEM, GOKAVARAM MANDAL, EAST GODAVARIA.P
 PIN :533288",EAST GODAVARI,Unaided - Private,N,N,1-478323311,fetchdata,2013-2014,Engineering and Technology,1,1,1,1,Andhra Pradesh,1
1-1359494382,ST. JOHNS COLLEGE OF ENGINEERING & TECHNOLOGY,"YERRAKOTA,
YEMMIGANUR",KURNOOL,Unaided - Private,N,N,1-7143028,fetchdata,2013-2014,Engineering and Technology,1,1,1,1,Andhra Pradesh,1
1-1364049423,GOVERNMENT MODEL RESIDENTIAL POLYTECHNIC,"WESTERN COLONY
SUNNIPENTA",KURNOOL,Government,N,N,1-453225941,fetchdata,2013-2014,Engineering and Technology,1,1,1,1,Andhra Pradesh,1
1-1363846452,SRI VENKATESA PERUMAL COLLEGE OF ENGINEERING & TECHNOLOGY,"CHINNARAJA KUPPAM,  KN ROAD, PUTTUR â 517 583, CHITTOOR (DT), A.P.",CHITTOOR,Unaided - Private,N,N,1-1721502,fetchdata,2013-2014,Engineering and Technology,1,1,1,1,Andhra Pradesh,1
1-1361933982,NUZVID POLYTECHNIC,"VENKATADRIPURAM
ANNAVARAM (POST)
NUZVID",KRISHNA,Unaided - Private,N,N,1-447985891,fetchdata,2013-2014,Engineering and Technology,1,1,1,1,Andhra Pradesh,1
1-1366339675,NRI INSTITUTE OF TECHNOLOGY,"VISADALA (PO)
MEDIKONDURU(MD)
GUNTUR-522438
ANDHRA PRADESH",GUNTUR,Unaided - Private,N,N,1-6140036,fetchdata,2013-2014,Engineering and Technology,1,1,1,1,Andhra Pradesh,1
1-1359785395,SIR C V RAMAN POLYTECHNIC,ULLAMPARRU PALAKOL MANDAL  WEST GODAVARI DISTRICT ANDHRA PRADESH,WEST GODAVARI,Unaided - Private,N,N,1-429989731,fetchdata,2013-2014,Engineering and Technology,1,1,1,1,Andhra Pradesh,1
1-1361858452,GDMM COLLEGE OF ENGINEERING & TECHNOLOGY,"RAMANNAPET ROAD,
OPP.D.V.R. COLONY
NANDIGAMA
KRISHNA-DT 
ANDHRA PRADESH",KRISHNA,Unaided - Private,Y,N,1-4499731,fetchdata,2013-2014,Engineering and Technology,1,1,1,1,Andhra Pradesh,1
1-1361933532,A.S.N.WOMEN S ENGINEERING COLLEGE,"BURRRIPALAM ROAD,NELAPADU,TENALI.522201,GUNTUR (DT), A.P.",GUNTUR,Unaided - Private,Y,N,1-3761464,fetchdata,2013-2014,Engineering and Technology,1,1,1,1,Andhra Pradesh,1
1-1454662422,PARVATHAREDDY BABULREDDY VISVODAYA INSTITUTE OF TECHNOLOGY AND SCIENCE,"VISVODAYA CAMPUS
UDAYAGIRI ROAD
KAVALI",NELLORE,Unaided - Private,N,N,1-3767327,fetchdata,2013-2014,Engineering and Technology,1,1,1,1,Andhra Pradesh,1
1-1360072872,SIR C R REDDY COLLEGE OF ENGINEERING,"VATLURU
ELURU
WEST GODAVARI DISTRICT",WEST GODAVARI,Unaided - Private,N,N,1-5443411,fetchdata,2013-2014,Engineering and Technology,1,1,1,1,Andhra Pradesh,1
1-1337567711,G.PULLA REDDY ENGINEERING COLLEGE,"NANDYAL ROAD, KURNOOL (AP)",KURNOOL,Unaided - Private,N,N,1-4717591,fetchdata,2013-2014,Engineering and Technology,1,1,1,1,Andhra Pradesh,1
1-1361982863,GUNTUPALLI VENKATESWARLU MEMORIAL POLYTECHNIC COLLEGE,"NAGULAPALEM VILLAGE,KARAMCHEDU-PARCHUR ROAD,PARCHUR MANDAL,PRAKASAM DISTRICT,A.P.",PRAKASAM,Unaided - Private,N,N,1-410888971,fetchdata,2013-2014,Engineering and Technology,1,1,1,1,Andhra Pradesh,1
1-1364370184,DR.B.R.A.G.M.R.POLYTECHNIC,"RAJAVOLU ROAD,
BOMMURU,
RAJAHMUNDRY RURAL",EAST GODAVARI,Government,N,N,1-455317911,fetchdata,2013-2014,Engineering and Technology,1,1,1,1,Andhra Pradesh,1
1-1358393742,GOVERNMENT POLYTECHNIC GANNAVARAM,Z P BOYS HIGH SCHOOL CAMPUS,KRISHNA,Government,N,N,1-453497791,fetchdata,2013-2014,Engineering and Technology,1,1,1,1,Andhra Pradesh,1
1-1515750142,GOVERNMENT POLYTECHNIC,"ZPH SCHOOL CAMPUS 
KALIDINDI",KRISHNA,Government,N,N,1-474178841,fetchdata,2013-2014,Engineering and Technology,1,1,1,1,Andhra Pradesh,1
1-1473450242,NEWTON'S INSTITUTE OF ENGINEERING,ALUGURAJU PALLY VILLAGE KOPPUNORU POST MACHERLA GUNTUR DT,GUNTUR,Unaided - Private,N,N,1-9851031,fetchdata,2013-2014,Engineering and Technology,1,1,1,1,Andhra Pradesh,1
1-1359450422,RAMACHANDRA COLLEGE OF ENGINEERING,"NH-5 BYPASS ROAD,
VATLURU (V), ELURU-534007,
WEST GODAVARI DT.,
ANDHRA PRADESH.",WEST GODAVARI,Unaided - Private,N,N,1-4331343,fetchdata,2013-2014,Engineering and Technology,1,1,1,1,Andhra Pradesh,1
1-1364337135,SREENIVASA COLLEGE OF ENGINEERING & TECHNOLOGY.,"NH-7, LAKSHMIPURAM(V), KURNOOL.",KURNOOL,Unaided - Private,N,N,1-6948153,fetchdata,2013-2014,Engineering and Technology,1,1,1,1,Andhra Pradesh,1
1-1364228673,SRI VARALAKSHMI POLYTECHNIC,"NEAR CHILAKALPUDI RAILWAY STATION
CHILAKALAPUDI",KRISHNA,Unaided - Private,N,N,1-428268011,fetchdata,2013-2014,Engineering and Technology,1,1,1,1,Andhra Pradesh,1
1-1460778604,SRI SIVANI COLLEGE OF ENGINEERING,"CHILAKAPALEM JUNCTION,ETCHERLA MANDAL, SRIKAKULAM",SRIKAKULAM,Unaided - Private,N,N,1-2929021,fetchdata,2013-2014,Engineering and Technology,1,1,1,1,Andhra Pradesh,1
1-1366096435,ELURU COLLEGE OF ENGINEERING & TECHNOLOGY,"DUGGIRALA (V),
PEDAVEGI(M),
WEST GODAVARI DISTRICT",WEST GODAVARI,Unaided - Private,N,N,1-3546901,fetchdata,2013-2014,Engineering and Technology,1,1,1,1,Andhra Pradesh,1
1-1337574116,PACE INSTITUTE OF TECHNOLOGY AND SCIENCES,"NH5, NEAR VALLURAMMA TEMPLE, VALLURU-523272, TANGUTUR(M), PRAKASAM DIST, ANDHRA PRADESH",PRAKASAM,Unaided - Private,N,N,1-4290161,fetchdata,2013-2014,Engineering and Technology,1,1,1,1,Andhra Pradesh,1
1-1476905244,GOVERNMENT POLYTECHNIC,GOVT. JUNIOR COLLEGE CAMPUS,SRIKAKULAM,Government,N,N,1-456702831,fetchdata,2013-2014,Engineering and Technology,1,1,1,1,Andhra Pradesh,1
1-1364769892,GOKULA KRISHNA COLLEGE OF ENGINEERING,"BEHIND RTC DEPOT
SULLURUPETA
NELLORE DISTRICT
ANDHRA PRADESH - 524 121",NELLORE,Unaided - Private,N,N,1-7092659,fetchdata,2013-2014,Engineering and Technology,1,1,1,1,Andhra Pradesh,1
1-1364638412,COASTAL INSTITUTE OF TECHNOLOGY AND MANAGEMENT,"NARAPAM(V), VEERABHADRAPURAM(P), KOTTAVALASA(M), VIZIANAGARAM(D)",VIZIANAGARAM,Unaided - Private,N,N,1-507727571,fetchdata,2013-2014,Engineering and Technology,1,1,1,1,Andhra Pradesh,1
1-1347598234,"COL.D.S.RAJU POLYTECHNIC,","MAIN ROAD,
PODURU",WEST GODAVARI,Unaided - Private,N,N,1-432697951,fetchdata,2013-2014,Engineering and Technology,1,1,1,1,Andhra Pradesh,1
1-1432782152,SRI SAI INSTITUTE OF TECHNOLOGY AND SCIENCE,"2/714-18,
GOLLAPALLI (V)
RAYACHOTI- 516 270",YSR DISTRICT,Unaided - Private,N,N,1-5019839,fetchdata,2013-2014,Engineering and Technology,1,1,1,1,Andhra Pradesh,1
1-1347577443,ABR COLLEGE OF ENGINEERING AND TECHNOLOGY,"CHINA IRLAPADU, KANDUKUR ROAD,KANIGIRI,
PRAKASAM DT, PIN 523230.",PRAKASAM,Unaided - Private,N,N,1-4304354,fetchdata,2013-2014,Engineering and Technology,1,1,1,1,Andhra Pradesh,1
1-1445668748,VIJAYA INSTITUTE OF TECHNOLOGY FOR WOMEN,"ENIKEPADU
VIJAYAWADA",KRISHNA,Unaided - Private,Y,N,1-11965891,fetchdata,2013-2014,Engineering and Technology,1,1,1,1,Andhra Pradesh,1
1-1348255429,N.B.K.R.INSTITUTE OF SCIENCE & TECHNOLOGY,"VIDYANAGAR
KOTA MANDAL
SPSR NELLORE DIST.
ANDHRA PRADESH",NELLORE,Unaided - Private,N,N,1-444182693,fetchdata,2013-2014,Engineering and Technology,1,1,1,1,Andhra Pradesh,1
1-1369928524,SRI MITTAPALLI COLLEGE OF ENGINEERING,"NH-5, TUMMALAPALEM, GUNTUR - 522 233, A.P",GUNTUR,Unaided - Private,N,N,1-2514001,fetchdata,2013-2014,Engineering and Technology,1,1,1,1,Andhra Pradesh,1
1-1341410753,KKC INSTITUTE OF TECHNOLOGY & ENGINEERING,"TIRUPATI-NAGARI ROAD
P.R. MANGALAM
PUTTUR
CHITTOOR(D.T)
ANDHRA PRADESH",CHITTOOR,Unaided - Private,Y,N,1-5219901,fetchdata,2013-2014,Engineering and Technology,1,1,1,1,Andhra Pradesh,1
1-1370298774,GOVERNMENT POLYTECHNIC,"THE PRINCIPAL, GOVERNMENT POLYTECHNIC,C/O SRI RAMA MUNICIPAL HIGH SCHOOL, ITEKAMPADU ROAD, PONNUR-522124, GUNTUR(DIST.) , ANDHRA PRADESH.",GUNTUR,Government,N,N,1-460885041,fetchdata,2013-2014,Engineering and Technology,1,1,1,1,Andhra Pradesh,1
1-1372088672,ANNAMACHARYA INSTITUTE OF TECHNOLOGY & SCIENCES,"NEW BOYANAPALLI, THALLAPAKA PANCHAYATH,
RAJAMPET MANDAL
YSR DISTRICT",YSR DISTRICT,Unaided - Private,N,N,1-5841586,fetchdata,2013-2014,Engineering and Technology,1,1,1,1,Andhra Pradesh,1
1-1371803717,SANKETIKA INSTITUTE OF TECHNOLOGY AND MANAGEMENT,"SANKETIKA INSTITUTE OF TECHNOLOGY AND MANAGEMENT
 TECHNICAL EDUCATIONAL COMPLEX,
 BESIDE Y.S.R. ACA-VDCA CRICKET STADIUM,
RATNAGIRI HOUSING BOARD C",VISHAKHAPATNAM,Unaided - Private,N,N,1-4452851,fetchdata,2013-2014,Engineering and Technology,1,1,1,1,Andhra Pradesh,1
1-1493940842,ATMAKUR ENGINEERING COLLEGE,NELLOREPALEM-VILLAGE,NELLORE,Unaided - Private,N,N,1-6894121,fetchdata,2013-2014,Engineering and Technology,1,1,1,1,Andhra Pradesh,1
1-1351493682,MULAGONDLA PAKIRA REDDY MEMORIAL POLYTECHNIC,"NARAYANAPURAM
NADIKUDI POST
DACHEPALLLI MANDAL
GUNTUR DIST
PIN-522414
ANDHRA PRADESH",GUNTUR,Unaided - Private,N,N,1-401581011,fetchdata,2013-2014,Engineering and Technology,1,1,1,1,Andhra Pradesh,1
1-1351711496,K.E.S.POLYTECHNIC FOR WOMEN,"P.W.D.GROUNDS, VIJAYAWADA 520002",KRISHNA,Unaided - Private,Y,N,1-434671821,fetchdata,2013-2014,Engineering and Technology,1,1,1,1,Andhra Pradesh,1
1-1437064472,SIR VISHVESHWARIAH INSTITUE OF SCIENCE & TECHNOLOGY,"ANGALLU, MADANAPALLE, CHITTOOR DIST. ANDHRAPRADESH.",CHITTOOR,Unaided - Private,N,N,1-8307885,fetchdata,2013-2014,Engineering and Technology,1,1,1,1,Andhra Pradesh,1
1-1372054552,VIGNAN'S LARA INSTITUTE OF TECHNOLOGY & SCIENCE,"VADLAMUDI,
CHEBROLU MANDAL,
GUNTUR DISTRICT - 522 213.
ANDHRA PRADESH,
INDIA.",GUNTUR,Unaided - Private,N,N,1-4225801,fetchdata,2013-2014,Engineering and Technology,1,1,1,1,Andhra Pradesh,1
1-1372446192,GOVERNMENT POLYTECHNIC,"C/O GOVERNMENT DEGREE COLLEGE CAMPUS,
KALYANADURG",ANANTAPUR,Government,N,N,1-464922171,fetchdata,2013-2014,Engineering and Technology,1,1,1,1,Andhra Pradesh,1
1-1351988782,GOVT POLYTECHNIC,"GOVT POLYTECHNIC,
SIMHADRIPURAM,YSR(DIST), ANDRA PRADESH,
INDIA",YSR DISTRICT,Government,N,N,1-481028041,fetchdata,2013-2014,Engineering and Technology,1,1,1,1,Andhra Pradesh,1
1-1372737882,MADINA ENGINEERING COLLEGE,"NEAR AIRPORT
KAMALAPURAM ROAD
CUDDAPAH
PIN:516003
ANDHRAPRADESH",YSR DISTRICT,Unaided - Private,N,Y,1-4773821,fetchdata,2013-2014,Engineering and Technology,1,1,1,1,Andhra Pradesh,1
1-1372107712,NARASARAOPETA ENGINEERING COLLEGE,"KOTAPPA KONDA ROAD, 
YELLAMANDA POST, 
NARASARAOPET - 522 601 
GUNTUR DIST. 
ANDHRA PRADESH",GUNTUR,Unaided - Private,N,N,1-2146711,fetchdata,2013-2014,Engineering and Technology,1,1,1,1,Andhra Pradesh,1
1-1370431254,SCHOOL OF ENGINEERING & TECHNOLOGY,"THE REGISTRAR, SRI PADMAVATI MAHILA VISVAVIDYALAYAM, TIRUPATI -517 502",CHITTOOR,Government,Y,N,1-451965541,fetchdata,2013-2014,Engineering and Technology,1,1,1,1,Andhra Pradesh,1
1-1372745802,SWETHA INSTITUTE OF TECHNOLOGY & SCIENCE,"C.RAMAPURAM, TIRUPATI
RAMACHANDRAPURAM MANDAL,
CHITTOOR DISTRICT - 517 561,
A.P",CHITTOOR,Unaided - Private,Y,N,1-8955201,fetchdata,2013-2014,Engineering and Technology,1,1,1,1,Andhra Pradesh,1
1-1469045902,DJR INSTITUTE OF ENGINEERING & TECHNOLOGY,"DJR NAGAR, NH 5
VELPUR VILLAGE, VIA GUDAVALLI,",KRISHNA,Unaided - Private,N,N,1-5101644,fetchdata,2013-2014,Engineering and Technology,1,1,1,1,Andhra Pradesh,1
1-1373876413,DR LANKAPALLI BULLAYYA COLLEGE OF ENGINEERING (FOR WOMEN),"SURVEY NO 44,D.NO 52-14-75
RESAPUVANIPALEM
VISAKHAPATNAM
PIN CODE 530013",VISHAKHAPATNAM,Unaided - Private,Y,N,1-16908541,fetchdata,2013-2014,Engineering and Technology,1,1,1,1,Andhra Pradesh,1
1-1488049632,Y.S.R. ENGINEERING COLLEGE OF Y.V.U.,KORRAPADU,YSR DISTRICT,Government,N,N,1-513257381,fetchdata,2013-2014,Engineering and Technology,1,1,1,1,Andhra Pradesh,1
1-1372742442,NANNAPANENI VENKAT RAO COLLEGE OF ENGINEERING & TECHNOLOGY,"TENALI, GUNTUR DT.",GUNTUR,Unaided - Private,N,N,1-5029173,fetchdata,2013-2014,Engineering and Technology,1,1,1,1,Andhra Pradesh,1
1-1479128842,GIET COLLEGE OF ENGINEERING,"NH-5, CHAITANYA NAGAR
VELUGUBANDA VILLAGE
RAJANAGARAM MANDAL
RAJAMUNDRY-533296",EAST GODAVARI,Unaided - Private,N,N,1-5495146,fetchdata,2013-2014,Engineering and Technology,1,1,1,1,Andhra Pradesh,1
1-1373819673,ADITYA COLLEGE OF ENGINEERING,"VALASAPALLI POST,
MADANAPALLE,
CHITTOOR DIST,
ANDHRA PRADESH",CHITTOOR,Unaided - Private,N,N,1-3285111,fetchdata,2013-2014,Engineering and Technology,1,1,1,1,Andhra Pradesh,1
1-1469578622,PRAKASAM ENGINEERING COLLEGE,"O.V ROAD
KANDUKUR
PRAKASAM DISTRICT
ANDHRA PRADESH-523105",PRAKASAM,Unaided - Private,N,N,1-2787821,fetchdata,2013-2014,Engineering and Technology,1,1,1,1,Andhra Pradesh,1
1-1446232553,MALINENI LAKSHMAIAH ENGINEERING COLLEGE,"KANUMALLA(V), SINGARAYAKONDA(MD), PRAKASAM (DT), AP.",PRAKASAM,Unaided - Private,N,N,1-7408501,fetchdata,2013-2014,Engineering and Technology,1,1,1,1,Andhra Pradesh,1
1-1371683592,"AVANTHI S ST.THERESSA INSTITUTE OF ENGINEERING AND TECHNOLOGY,GARIVIDI","GARBHAM ROAD,
GARIVIDI (CHEEPURUPALLI),
VIZIANAGARAM DISTRICT",VIZIANAGARAM,Unaided - Private,N,N,1-5123173,fetchdata,2013-2014,Engineering and Technology,1,1,1,1,Andhra Pradesh,1
1-1463204312,M.B.T.S. GOVERNMENT POLYTECHNIC,"NALLAPADU,
GUNTUR",GUNTUR,Government,N,N,1-461064441,fetchdata,2013-2014,Engineering and Technology,1,1,1,1,Andhra Pradesh,1
1-1533447159,CHINTALAPUDI ENGINEERING COLLEGE,"PONNUR ENGINEERING COLLEGE
CHINTALAPUDI(P.O)
PONNUR(M.D)
GUNTUR(D.T)
ANDHRA PRADESH-522 124",GUNTUR,Unaided - Private,N,N,1-6256425,fetchdata,2013-2014,Engineering and Technology,1,1,1,1,Andhra Pradesh,1
1-1373941249,SCHOOL OF FOOD TECHNOLOGY,JNTUK KAKINADA,EAST GODAVARI,Government,N,N,1-514934923,fetchdata,2013-2014,Engineering and Technology,1,1,1,1,Andhra Pradesh,1
1-1337560102,MODUGULA KALAVATHAMMA INSTITUTE OF TECHNOLOGY FOR WOMEN,"NEW BOYANAPALLI,
RAJAMPET,",YSR DISTRICT,Unaided - Private,Y,N,1-6842066,fetchdata,2013-2014,Engineering and Technology,1,1,1,1,Andhra Pradesh,1
1-1487870820,GOVT INSTITUTE OF TEXTILE TECHNOLOGY,"NALLAPADU, GUNTUR,     ANDHRA PRADESH",GUNTUR,Government,N,N,1-460522461,fetchdata,2013-2014,Engineering and Technology,1,1,1,1,Andhra Pradesh,1
1-1513792482,GONNA INSTITUTE OF INFORMATION TECHNOLOGY AND SCIENCES,"WARD NO:-56, GONNAVANI PALEM, AGANAMPUDI,  VISAKHAPATNAM.",VISHAKHAPATNAM,Unaided - Private,N,N,1-6055691,fetchdata,2013-2014,Engineering and Technology,1,1,1,1,Andhra Pradesh,1
1-1369704469,SANKETIKA VIDYA PARISHAD ENGINEERING COLLEGE,"TECHNICAL COMPLEX,
 BESIDE ACA/VDCA CRICKET STADIUM,
POTHINAMALLAYYAPALEM,
VISAKHAPATNAM
PIN-530041
ANDHRA PRADESH",VISHAKHAPATNAM,Unaided - Private,N,N,1-3638131,fetchdata,2013-2014,Engineering and Technology,1,1,1,1,Andhra Pradesh,1
1-1348313472,PRAGATI ENGINEERING COLLEGE,"1-378, ADB ROAD, SURAMPALEM,NEAR PEDDAPURAM,E.G.DIST,A.P.",EAST GODAVARI,Unaided - Private,N,N,1-4885880,fetchdata,2013-2014,Engineering and Technology,1,1,1,1,Andhra Pradesh,1
1-1345805904,SREE RAMA ENGINEERING COLLEGE,"OPP.LIC TRAINING CENTRE,
KARAKAMBADI ROAD,
VENKATAPURAM (V),
RENIGUNTA(M),
MANGALAM (BO)
TIRUPATI,
CHITTOOR(DT)-517507",CHITTOOR,Unaided - Private,N,N,1-23716013,fetchdata,2013-2014,Engineering and Technology,1,1,1,1,Andhra Pradesh,1
1-1369873712,LOYOLA POLYTECHNIC (YSRR),"BAKARAPURAM,
LOYOLA COLLEGE COMPOUND,
PULIVENDLA - 516390
YSR DIST.
ANDHRA PRADESH",YSR DISTRICT,Unaided - Private,N,Y,1-449929001,fetchdata,2013-2014,Engineering and Technology,1,1,1,1,Andhra Pradesh,1
1-1440903162,ANDHRA LOYOLA INSTITUTE OF ENGINEERING AND TECHNOLOGY,"GOVERNMENT POLYTECHNIC POST OFFICE,
VIJAYAWADA-520008,
KRISHNA DISTRICT,
ANDHRA PRADESH",KRISHNA,Unaided - Private,N,N,1-4663161,fetchdata,2013-2014,Engineering and Technology,1,1,1,1,Andhra Pradesh,1
1-1349687169,KRISHNAVENI ENGINEERING COLLEGE FOR WOMEN,"VILLAGE 	KESANUPALLI
TALUK 	NARASARAOPET
DISTRICT 	GUNTUR
STATE	ANDHRA PRADESH
PIN CODE	522 601",GUNTUR,Unaided - Private,Y,N,1-9276495,fetchdata,2013-2014,Engineering and Technology,1,1,1,1,Andhra Pradesh,1
1-1349574192,RANI PRATAP EDUCATIONAL SOCIETY,"MARUTHY PLOYTECHNIC COLLEGE , VAKKAPATALAVARIPALEM, NAGAYALANKA, KRISHNA",KRISHNA,Unaided - Private,N,N,1-450014161,fetchdata,2013-2014,Engineering and Technology,1,1,1,1,Andhra Pradesh,1
1-1469516642,GAYATRI VIDYA PARISHAD COLLEGE OF ENGINEERING FOR WOMEN,"MADHURAWADA
VISAKHAPATNAM",VISHAKHAPATNAM,Unaided - Private,Y,N,1-4202073,fetchdata,2013-2014,Engineering and Technology,1,1,1,1,Andhra Pradesh,1
1-1341503362,SHIRIDI SAI DIPLOMA IN ENGINEERING & TECHNOLOGY,"SURAMPETA (P), MARIPIVALASA (V),
SEETANAGARAM (M),
VIZIANAGARAM DIST.  PIN 535546",VIZIANAGARAM,Unaided - Private,N,N,1-449870181,fetchdata,2013-2014,Engineering and Technology,1,1,1,1,Andhra Pradesh,1
1-1341617833,NIMRA COLLEGE OF ENGINEERING AND TECHNOLOGY,"NIMRA NAGAR JUPUD,IBRAHIMPATNAM-521 456,KRISHNA DT., ANDHRA PRADESH",KRISHNA,Unaided - Private,N,Y,1-4457071,fetchdata,2013-2014,Engineering and Technology,1,1,1,1,Andhra Pradesh,1
1-1486731096,BONAM VENKATACHALAMAYYA INSTITUTE OF TECHNOLOGY & SCIENCE,"BATLAPALEM
AMALAPURAM (MANDAL)
EAST GODAVARI DISTRICT
ANDHRA PRADESH
533221",EAST GODAVARI,Unaided - Private,N,N,1-3140596,fetchdata,2013-2014,Engineering and Technology,1,1,1,1,Andhra Pradesh,1
1-1473614293,NEWTON'S INSTITUTE OF SCIENCE & TECHNOLOGY,ALUGURAJU PALLY VILLAGE KOPPUNORU POST MACHERLA MD,GUNTUR,Unaided - Private,N,N,1-12974863,fetchdata,2013-2014,Engineering and Technology,1,1,1,1,Andhra Pradesh,1
1-1493791152,VASAVI POLYTECHNIC,"KOILAKUNTLA ROAD,
BANAGANAPALLE -518124.
KURNOOL (DT).
A.P",KURNOOL,Unaided - Private,N,N,1-412330821,fetchdata,2013-2014,Engineering and Technology,1,1,1,1,Andhra Pradesh,1
1-1343639924,VISHNU INSTITUTE OF TECHNOLOGY,"VISHNUPUR,
BHIMAVARAM-534202.
W.G.DIST.
ANDHRA PRADESH",WEST GODAVARI,Unaided - Private,N,N,1-3592461,fetchdata,2013-2014,Engineering and Technology,1,1,1,1,Andhra Pradesh,1
1-1341826562,NIMRA INSTITUTE OF SCIENCE & TECHNOLOGY,"NIMRA NAGAR ,JUPUDI,IBRAHIMPATNAM,
VIJAYAWADA,
KRISHNA DIST.
ANDHRA PRADESH
PIN:521456",KRISHNA,Unaided - Private,N,Y,1-4532306,fetchdata,2013-2014,Engineering and Technology,1,1,1,1,Andhra Pradesh,1
1-1343237114,NIMRA WOMEN'S COLLEGE OF ENGINEERING,"NIMRA NAGAR
JUPUDI - 521 456
IBRAHIMPATNAM
VIJAYAWADA,
KRISHNA DT.,ANDHRA PRADESH",KRISHNA,Unaided - Private,Y,Y,1-5720916,fetchdata,2013-2014,Engineering and Technology,1,1,1,1,Andhra Pradesh,1
1-1447984372,DAMISETTY BALA SURESH INSTITUTE OF TECHNOLOGY,"MADDURUPADU VILLAGE, 
KAVALI MANDAL,
NELLORE DT, ANDHRA PRADESH
PIN: 524 203",NELLORE,Unaided - Private,N,N,1-5831671,fetchdata,2013-2014,Engineering and Technology,1,1,1,1,Andhra Pradesh,1
1-1343445212,QUBA COLLEGE OF ENGINEERING & TECHNOLOGY,"KANPUR BIT - I,
VENKATACHALAM(POST & MANDAL),
SPSR NELLORE DISTRICT - A.P.
PIN - 524 320.",NELLORE,Unaided - Private,N,Y,1-6944964,fetchdata,2013-2014,Engineering and Technology,1,1,1,1,Andhra Pradesh,1
1-1347805598,TIRUMALA ENGINEERING COLLEGE,"JONNALAGADDA,
NARASARAOPET- 522601
GUNTUR(DT)",GUNTUR,Unaided - Private,N,N,1-2173587,fetchdata,2013-2014,Engineering and Technology,1,1,1,1,Andhra Pradesh,1
1-1343640332,VIDYA JYOTHI INSTITUTE OF ENGINEERING&TECHNOLOGY,"YEDUGUNDLAPADU
MADDIPADU
ONGOLE - 523262
ANDHRA PRADESH",PRAKASAM,Unaided - Private,N,Y,1-6013161,fetchdata,2013-2014,Engineering and Technology,1,1,1,1,Andhra Pradesh,1
1-1345382552,BHEEMA INSTITUTE OF TECHNOLOGY AND SCIENCE,"ALUR ROAD,MANDIGIRI VILLAGE
SADHAPURAM (G.P)
ADONI - 518301
KURNOOL(DIST)
ANDHRA PRADESH",KURNOOL,Unaided - Private,N,N,1-2408841,fetchdata,2013-2014,Engineering and Technology,1,1,1,1,Andhra Pradesh,1
1-1422306352,SHREE RAMA EDUCATIONAL SOCIETY GROUP OF INSTITUTIONS,"RAMI REDDY NAGAR,
KARAKAMBADI ROAD,
MANGALAM BO
TIRUPATI URABAN MANDAL
TIRUPATI - 517 507
CHITTOOR DIST. A.P.",CHITTOOR,Unaided - Private,N,N,1-3134941,fetchdata,2013-2014,Engineering and Technology,1,1,1,1,Andhra Pradesh,1
1-1349425349,D A GOVERNEMENT POLYTECHNIC,HOUSING BOARD COLONY,PRAKASAM,Government,N,N,1-449823531,fetchdata,2013-2014,Engineering and Technology,1,1,1,1,Andhra Pradesh,1
1-1497076902,ADARSH COLLEGE OF ENGINEERING,"NH-214
CHEBROLU
GOLLAPROLU MANDAL
EAST GODAVARI DISTRICT
ANDHRA PRADESH",EAST GODAVARI,Unaided - Private,N,N,1-4734112,fetchdata,2013-2014,Engineering and Technology,1,1,1,1,Andhra Pradesh,1
1-1343140032,ADITYA INSTITUTE OF TECHNOLOGY AND MANAGEMENT,"K.KOTTURU (VILL)
TEKKALI - 532 201
SRIKAKULAM (DIST)
ANDHRA PRADESH",SRIKAKULAM,Unaided - Private,N,N,1-3048184,fetchdata,2013-2014,Engineering and Technology,1,1,1,1,Andhra Pradesh,1
1-1378761371,SREE MULLAPUDI VENKATARAYA MEMORIAL POLYTECHNIC,"35-1-5, R.P.ROAD,
TIMMARAJUPURAM
TANUKU-534211
WEST GODAVARY DISTRICT
A.P.",WEST GODAVARI,Govt aided,N,N,1-457658221,fetchdata,2013-2014,Engineering and Technology,1,1,1,1,Andhra Pradesh,1
1-1374861762,SREE VENKATESWARA COLLEGE OF ENGINEERING,"GOLDEN NAGAR, NH-5-NORTH RAJUPALEM BYPASS ROAD.",NELLORE,Unaided - Private,N,N,1-484620061,fetchdata,2013-2014,Engineering and Technology,1,1,1,1,Andhra Pradesh,1
1-1374062542,NARAYANA POLYTECHNIC,"GUDEM VILLAGE,SRIKAKULAM MANDAL,SRIKAKULAM DIST.A.P-532484",SRIKAKULAM,Unaided - Private,N,N,1-416031301,fetchdata,2013-2014,Engineering and Technology,1,1,1,1,Andhra Pradesh,1
1-1377206183,GLOBAL COLLEGE OF ENGINEERING & TECHNOLOGY,"CHINNAMACHUPALLI(V), NEAR SATELLITE CITY, CHENNUR(M),KADAPA.",YSR DISTRICT,Unaided - Private,N,N,1-3976425,fetchdata,2013-2014,Engineering and Technology,1,1,1,1,Andhra Pradesh,1
1-1345350993,SREENIVASA INSTITUTE OF TECHNOLOGY AND MANAGEMENT STUDIES,"DR.VISWESWARAIAH ROAD (BANGALORE-TIRUPATHI BYE-PASS ROAD),
MURUKAMBATTU POST,
CHITTOOR - 517 127.",CHITTOOR,Unaided - Private,N,N,1-3807111,fetchdata,2013-2014,Engineering and Technology,1,1,1,1,Andhra Pradesh,1
1-1345854333,SWARNANDHRA COLLEGE OF ENGINEERING & TECHNOLOGY,SEETHARAMPURAM,WEST GODAVARI,Unaided - Private,N,N,1-3695144,fetchdata,2013-2014,Engineering and Technology,1,1,1,1,Andhra Pradesh,1
1-1351706822,PRASAD V POTLURI SIDDHARTHA INSTITUE OF TECHNOLOGY,"DEVABHAKTUNI RAMALINGESWARA RAO ROAD
KANURU  PENAMALURU MANDAL
VIJAYAWADA",KRISHNA,Unaided - Private,N,N,1-2509654,fetchdata,2013-2014,Engineering and Technology,1,1,1,1,Andhra Pradesh,1
1-1465536033,V.K.R & V.N.B POLYTECHNIC,ELURU ROAD,KRISHNA,Unaided - Private,N,N,1-436255981,fetchdata,2013-2014,Engineering and Technology,1,1,1,1,Andhra Pradesh,1
1-1348257572,VIGNAN'S INSTITUTE OF INFORMATION TECHNOLOGY,"VIGNAN'S INSTITUTE OF INFORMATION TECHNOLOGY,
BESIDE VSEZ, DUVVADA,
VEPZ (POST),
GAJUWAKA,
VISAKHAPATNAM-530049.",VISHAKHAPATNAM,Unaided - Private,N,N,1-2511162,fetchdata,2013-2014,Engineering and Technology,1,1,1,1,Andhra Pradesh,1
1-1341422957,AL- HUDA POLYTECHNIC,"YALAMAVARIDINNE
VIA CHILDERNS PARK ROAD
NEAR CHINTHAREDDY PALEM
NELLORE",NELLORE,Unaided - Private,N,Y,1-445465531,fetchdata,2013-2014,Engineering and Technology,1,1,1,1,Andhra Pradesh,1
1-1376199704,IDEAL INSTITUTE OF TECHNOLOGY,"IDEAL COLLEGE ROAD
MAIN ROAD
VIDYUTNAGAR",EAST GODAVARI,Unaided - Private,N,N,1-5355081,fetchdata,2013-2014,Engineering and Technology,1,1,1,1,Andhra Pradesh,1
1-1376058443,NALANDA INSTITUTE OF TECHNOLOGY,"SIDDHARTH NAGAR,
KANTEPUDI (V),
SATTENAPALLI (M),
GUNTUR DISTRICT - 522 438.
ANDHRA PRADESH",GUNTUR,Unaided - Private,N,N,1-6392373,fetchdata,2013-2014,Engineering and Technology,1,1,1,1,Andhra Pradesh,1
1-1356327646,SRINIVASA RAMANUJAN INSTITUTE OF TECHNOLOGY,"ROTARYPURAM (VILLAGE)
B K SAMUDRAM (MANDAL)
ANANTAPUR (DISTRICT)",ANANTAPUR,Unaided - Private,N,N,1-1710534,fetchdata,2013-2014,Engineering and Technology,1,1,1,1,Andhra Pradesh,1
1-1341559966,GUDLAVALLERU ENGINEERING COLLEGE,"SESHADRI RAO KNOWLEDGE VILLAGE,
GUDLAVALLERU-521356,
KRISHNA DISTRICT, 
ANDHRA PRADESH",KRISHNA,Unaided - Private,N,N,1-8998977,fetchdata,2013-2014,Engineering and Technology,1,1,1,1,Andhra Pradesh,1
1-1476677452,BELLAMKONDA POLYTECHNIC COLLEGE,"KAMBALAPADU(VILL)
PODILI(MD)
PRAKASAM(DT)
A.P",PRAKASAM,Unaided - Private,N,N,1-407303563,fetchdata,2013-2014,Engineering and Technology,1,1,1,1,Andhra Pradesh,1
1-1449870164,LENORA COLLEGE OF ENGINEERING,IRLAPALLY VILLAGE RAMPACHODAVARM EAST GODAVRI,EAST GODAVARI,Unaided - Private,N,N,1-10347270,fetchdata,2013-2014,Engineering and Technology,1,1,1,1,Andhra Pradesh,1
1-1434852362,"THANDRA PAPARAYA INSTITUTE OF SCIENCE&TECHNOLOGY,(SHIFT POLYTECHNIC)",KOMATIPALLI (VILLAGE ),VIZIANAGARAM,Unaided - Private,N,N,1-440315393,fetchdata,2013-2014,Engineering and Technology,1,1,1,1,Andhra Pradesh,1
1-1378669471,SCHOOL OF BIOTECHNOLOGY,INSTITUTE OF SCIENCE AND TECHNOLOGY.JAWARHARLAL NEHRU TECHNOLOGICAL UNIVERSITY(JNTUK) KAKINADA-533003,EAST GODAVARI,Government,N,N,1-515068561,fetchdata,2013-2014,Engineering and Technology,1,1,1,1,Andhra Pradesh,1
1-1476921687,SESHACHALA INSTITUTE OF TECHNOLOGY,"TIRUPATI-CHENNAI HIGHWAY,
KANAKAMPALEM VILLAGE,
PUTTUR MANDAL,
CHITTOOR DIST., A.P",CHITTOOR,Unaided - Private,N,N,1-37064261,fetchdata,2013-2014,Engineering and Technology,1,1,1,1,Andhra Pradesh,1
1-1375959822,NALANDA INSTITUTE OF ENGINEERING & TECHNOLOGY,"SIDDHARTH NAGAR,
KANTEPUDI (V),
SATTENAPALLI (M),
GUNTUR DISTRICT - 522 438,
ANDHRA PRADESH",GUNTUR,Unaided - Private,N,N,1-7030093,fetchdata,2013-2014,Engineering and Technology,1,1,1,1,Andhra Pradesh,1
1-1380355415,SRINIVASA INSTITUTE OF ENGINEERING AND TECHNOLOGY,"NH 214, KAKINADA-AMALAPURAM ROAD,
CHEYYERU VILLAGE,
KATRENIKONA MANDAL,
AMALAPURAM-533222",EAST GODAVARI,Unaided - Private,N,N,1-4636134,fetchdata,2013-2014,Engineering and Technology,1,1,1,1,Andhra Pradesh,1
1-1374491782,SAGI RAMAKRISHNAM RAJU ENGINEERING COLLEGE,"S.R.K.R.ENGINEERING COLLEGE,
CHINNAAMIRAM,
BHIMAVARAM,
WEST GODAVARI DISTRICT,
ANDHRA PRADESH",WEST GODAVARI,Unaided - Private,N,N,1-5906491,fetchdata,2013-2014,Engineering and Technology,1,1,1,1,Andhra Pradesh,1
1-1472641544,SPKM INDIAN INSTITUTE OF HANDLOOM TECHNOLOGY,"8-282, 
TIRUPATI ROAD",NELLORE,Government,N,N,1-487878833,fetchdata,2013-2014,Engineering and Technology,1,1,1,1,Andhra Pradesh,1
1-1374914822,CHUNDI RANGANAYAKULU POLYTECHNIC,"7-249,
GANAPAVARAM, 
CHILAKALURIPET,NADENDLA (MD)
GUNTUR(DT)",GUNTUR,Unaided - Private,N,N,1-422736341,fetchdata,2013-2014,Engineering and Technology,1,1,1,1,Andhra Pradesh,1
1-1376419132,GOVT. POLYTECHNIC,"C/O. DRG GOVT. DEGREE COLLEGE, PENTAPADU",WEST GODAVARI,Government,N,N,1-465548143,fetchdata,2013-2014,Engineering and Technology,1,1,1,1,Andhra Pradesh,1
1-1347769705,GAYATRI VIDYA PARISHAD COLLEGE OF ENGINEERING,"MADHURAWADA,
VISAKHAPATNAM 
PIN: 530 048",VISHAKHAPATNAM,Unaided - Private,N,N,1-3360134,fetchdata,2013-2014,Engineering and Technology,1,1,1,1,Andhra Pradesh,1
1-1376554882,G.V.P COLLEGE FOR DEGREE & PG COURSES,"YENDADA VILLAGE, RUSHIKONDA,VISAKHAPATNAM - 530 045",VISHAKHAPATNAM,Unaided - Private,N,N,1-5025246,fetchdata,2013-2014,Engineering and Technology,1,1,1,1,Andhra Pradesh,1
1-1374405583,E S C GOVT. POLYTECHNIC,"TEKKE,
NANDYAL-518501
KURNOOL (DT),
ANDHRAPRADESH",KURNOOL,Government,N,N,1-445713221,fetchdata,2013-2014,Engineering and Technology,1,1,1,1,Andhra Pradesh,1
1-1374847302,CHAITANYA ENGINEERING COLLEGE,"KOMMADI,
MADHURAWADA,
VISAKHAPATNAM-530041
ANDHRA PRADESH",VISHAKHAPATNAM,Unaided - Private,N,N,1-6656101,fetchdata,2013-2014,Engineering and Technology,1,1,1,1,Andhra Pradesh,1
1-1376090282,ANANTHA LAKSHMI INSTITUTE OF TECHNOLOGY & SCIENCES,"ITIKAKAPALLI 
NEAR SK UNIVERSITY
ITIKALAPALLI,
ANANTAPUR",ANANTAPUR,Unaided - Private,N,N,1-3643041,fetchdata,2013-2014,Engineering and Technology,1,1,1,1,Andhra Pradesh,1
1-1487884675,INDIRA INSTITUTE OF TECHNOLOGY AND SCIENCES,"DARIMADUGU VI,
MARKAPUR,
PRAKASAM DT.",PRAKASAM,Unaided - Private,N,N,1-11346262,fetchdata,2013-2014,Engineering and Technology,1,1,1,1,Andhra Pradesh,1
1-1377003939,"SPATIAL INFORMATION TECHNOLOGY,IST,JNTUK","JNTUK,KAKINADA",EAST GODAVARI,University Managed,N,N,1-515086231,fetchdata,2013-2014,Engineering and Technology,1,1,1,1,Andhra Pradesh,1
1-1374867762,SRI CHAITANYA ENGINEERING COLLEGE,"CHAITANYA VALLEY, KOMMADI
MADHURAWADA, VISAKHAPATNAM-530041.",VISHAKHAPATNAM,Unaided - Private,N,N,1-6810456,fetchdata,2013-2014,Engineering and Technology,1,1,1,1,Andhra Pradesh,1
1-1351962611,SKR COLLEGE OF ENGINEERING AND TECHNOLOGY,"NH-5,KONDURU SATRAM (V),MANUBOLU (MANDAL),S.P.S.NELLORE DISTRICT. PIN::524 405.",NELLORE,Unaided - Private,N,N,1-36630761,fetchdata,2013-2014,Engineering and Technology,1,1,1,1,Andhra Pradesh,1
1-1384102082,SRI CHAITANYA INSTITUTE OF ENGINEERING AND TECHNOLOGY,"LOLURU,SINGANAMALA(MANDAL) ANANTAPUR(D.T)ANDHRA PRADESH(STATE) PIN CODE:515731",ANANTAPUR,Unaided - Private,N,N,1-5838786,fetchdata,2013-2014,Engineering and Technology,1,1,1,1,Andhra Pradesh,1
1-1459898987,SANKETIKA POLYTECHNIC COLLEGE,"BEHIND CRICKET STADIUM, P.M. PALEM",VISHAKHAPATNAM,Unaided - Private,N,N,1-447694061,fetchdata,2013-2014,Engineering and Technology,1,1,1,1,Andhra Pradesh,1
1-1341627217,A.V.N.POLYTECHNIC,ANNAVARAM ROAD,KRISHNA,Unaided - Private,N,N,1-441937191,fetchdata,2013-2014,Engineering and Technology,1,1,1,1,Andhra Pradesh,1
1-1445513374,BHASKARA INSTITUTE OF TECHNOLOGY AND SCIENCE,"MITHRA INSTITUTE OF TECHNOLOGY,
CHINARAVUPALLI VILLAGE,
ETCHERLA POST,
SRIKAKULAM DIST.,
ANDHRA PRADESH.
PIN :532 410",SRIKAKULAM,Unaided - Private,N,N,1-16740411,fetchdata,2013-2014,Engineering and Technology,1,1,1,1,Andhra Pradesh,1
1-1366137022,SASI INSTITUTE OF TECHNOLOGY & ENGINEERING,"PERMANENT LOCATION AS APPROVED BY AICTE ,
KADAKATLA,
TADEPALLIGUDEM,
WEST GODAVARI",WEST GODAVARI,Unaided - Private,N,N,1-4319851,fetchdata,2013-2014,Engineering and Technology,1,1,1,1,Andhra Pradesh,1
1-1473678452,SRI SATYA NARAYANA COLLEGE OF ENGINEERING AND TECHNOLOGY,"KURNOOL ROAD,
NEAR SANTANUTALAPADU (V)
ONGOLE- 523225
PRAKASAM(DT) DISTRICT.
ANDHRA PRADESH.",PRAKASAM,Unaided - Private,N,N,1-9440631,fetchdata,2013-2014,Engineering and Technology,1,1,1,1,Andhra Pradesh,1
1-1451186356,JAGAN'S COLLEGE OF ENGINEERING AND TECHNOLOGY,"CHOUTAPALEM
VENKATACHALAM MANDAL
SPSR NELLORE DISTRICT
524320",NELLORE,Unaided - Private,N,N,1-8661111,fetchdata,2013-2014,Engineering and Technology,1,1,1,1,Andhra Pradesh,1
1-1498420912,ANDHRA UNIVERSITY COLLEGE OF ENGINEERING,"ANDHRA UNIVERSITY, WALTAIR",VISHAKHAPATNAM,Government,N,N,1-489841401,fetchdata,2013-2014,Engineering and Technology,1,1,1,1,Andhra Pradesh,1
1-1437893842,SAI KRISHNA POLYTECHNIC,"SAI KRISHNA POLYTECHNIC, BONDAPALLI(VILLAGE AND MANDALAM), VIZIANAGARAM DISTRICT, ANDHRA PRADESH",VIZIANAGARAM,Unaided - Private,N,N,1-424590471,fetchdata,2013-2014,Engineering and Technology,1,1,1,1,Andhra Pradesh,1
1-1351651613,POTTI SRIRAMULU CHALAVADI MALLIKARJUNA RAO COLLEGE OF ENGINEERING AND TECHNOLOGY,"D.NO: 7-3-6/1, RAGHAVA REDDY STREET, 
KOTHAPETA,
VIJAYAWADA - 520 001.
ANDHRA PRADESH.",KRISHNA,Unaided - Private,N,N,1-9363131,fetchdata,2013-2014,Engineering and Technology,1,1,1,1,Andhra Pradesh,1
1-1455214802,SRI MITTAPALLI INSTITUTE OF TECHNOLOGY FOR WOMEN,"NEAR PEPSI COMPANY, ON NH-5, TUMMALAPALEM, GUNTUR, ANDHRA PRADESH, INDIA.",GUNTUR,Unaided - Private,Y,N,1-24879271,fetchdata,2013-2014,Engineering and Technology,1,1,1,1,Andhra Pradesh,1
1-1511343442,PNC&VIJAI INSTITUTE OF ENGINEERING & TECHNOLGOY,"REPUDI (V), PHIRANGIPURAM (M), GUNTUR DIST. ANDHRA PRADESH",GUNTUR,Unaided - Private,N,N,1-1490534571,fetchdata,2013-2014,Engineering and Technology,1,1,1,1,Andhra Pradesh,1
1-1442957902,GOVERNMENT POLYTECHNIC FOR WOMEN,NARASANNA NAGAR,EAST GODAVARI,Government,Y,N,1-456042871,fetchdata,2013-2014,Engineering and Technology,1,1,1,1,Andhra Pradesh,1
1-1414965213,BALAJEE POLYTECHNIC,"MARUPALLI VILL
GAJAPATHI NAGARAM MANDAL
VIZIANAGARAM DIST",VIZIANAGARAM,Unaided - Private,N,N,1-504946321,fetchdata,2013-2014,Engineering and Technology,1,1,1,1,Andhra Pradesh,1
1-1400617877,"DR. Y. C. JAMES YEN RURAL POLYTECHNIC, KUPPAM","YANADIPALLI VILLAGE, KRISNADASANA PALLI POST,",CHITTOOR,Unaided - Private,N,N,1-475218391,fetchdata,2013-2014,Engineering and Technology,1,1,1,1,Andhra Pradesh,1
1-1419654542,ANDHRA POLYTECHNIC,"YANAM ROAD
JAGANNAICK PUR",EAST GODAVARI,Government,N,N,1-452909201,fetchdata,2013-2014,Engineering and Technology,1,1,1,1,Andhra Pradesh,1
1-1402731972,SMT. B.SEETHA POLYTECHNIC,VISHNUPUR,WEST GODAVARI,Unaided - Private,N,N,1-449952531,fetchdata,2013-2014,Engineering and Technology,1,1,1,1,Andhra Pradesh,1
1-1487645175,SYAMALADEVI INSTITUTE OF TECHNOLOGY FOR WOMEN,"N.H.-18
OPP. SANTHIRAM MEDICAL COLLEGE
NANDYAL 518 501
KURNOOL DIST
A.P.",KURNOOL,Unaided - Private,Y,N,1-8082241,fetchdata,2013-2014,Engineering and Technology,1,1,1,1,Andhra Pradesh,1
1-1434852588,"V.K.R., V.N.B.  A.G.K. COLLEGE OF ENGINEERING","ELURU ROAD,
GUDIVADA-521301
KRISHNA DISTRICT
A.P.",KRISHNA,Unaided - Private,N,N,1-7823641,fetchdata,2013-2014,Engineering and Technology,1,1,1,1,Andhra Pradesh,1
1-1474441242,ACHARYA COLLEGE OF ENGINEERING,"D-AGRAHARAM VILLAGE
REKALAKUNTA, BRAMHAMGARI MATAM MANDAL,
NEAR BADVEL, ON BADVEL-MYDUKUR HIGHWAY
KADAPA  516501",YSR DISTRICT,Unaided - Private,N,N,1-11639121,fetchdata,2013-2014,Engineering and Technology,1,1,1,1,Andhra Pradesh,1
1-1475532852,KOTTAM KARUNAKARA REDDY INSTITUTE OF TECHNOLOGY,"SURVEY NO. 341
CHINNA TEKURU (VILLAGE)
KALLUR (M)
KURNOOL 
ANDHRA PRADESH",KURNOOL,Unaided - Private,N,N,1-6568776,fetchdata,2013-2014,Engineering and Technology,1,1,1,1,Andhra Pradesh,1
1-1433270094,JNTUA COLLEGE OF ENGINEERING,"SIR M VISWESWARAIAH ROAD,
ANANTAPUR-
515002",ANANTAPUR,Government,N,N,1-448409851,fetchdata,2013-2014,Engineering and Technology,1,1,1,1,Andhra Pradesh,1
1-1392611608,DNR COLLEGE OF ENGINEERING & TECHNOLOGY,"DNR COLLEGE OF ENGINEERING & TECHNOLOGY, BALUSUMUDI,",WEST GODAVARI,Unaided - Private,N,N,1-4702766,fetchdata,2013-2014,Engineering and Technology,1,1,1,1,Andhra Pradesh,1
1-1402980156,USHA RAMA COLLEGE OF ENGINEERING AND TECHNOLOGY,"NH-5, TELAPROLU, UNGUTURU MANDAL, KRISHNA DISTRICT,ANDHRA PRADESH",KRISHNA,Unaided - Private,N,N,1-4563957,fetchdata,2013-2014,Engineering and Technology,1,1,1,1,Andhra Pradesh,1
1-1402595542,EVM COLLEGE OF ENGINEERING & TECHNOLOGY,"JONNALAGADDA(VILLAGE & POST), NARASARAOPET",GUNTUR,Unaided - Private,N,N,1-6116177,fetchdata,2013-2014,Engineering and Technology,1,1,1,1,Andhra Pradesh,1
1-1431320092,KAKINADA INSTITUTE OF ENGINEERING & TECHNOLOGY-II,"YANAM ROAD ,KORANGI VILLAGE ,
TALLAREVU MANDAL ,
E.G DIST,AP",EAST GODAVARI,Unaided - Private,N,N,1-4166249,fetchdata,2013-2014,Engineering and Technology,1,1,1,1,Andhra Pradesh,1
1-1440995833,BEHARA TECHNICAL CAMPUS(BEHARA POLYTECHNIC),"NARAVA, 57TH WARD, GVMC, VISAKHAPATNAM,A.P. PIN-5300",VISHAKHAPATNAM,Unaided - Private,N,N,1-772170991,fetchdata,2013-2014,Engineering and Technology,1,1,1,1,Andhra Pradesh,1
1-1501397492,SIDDHARTH INSTITUTE OF ENGINEERING & TECHNOLOGY,"SIDDHARTH NAGAR
NARAYANAVANAM ROAD
PUTTUR - 517 583
CHITTOOR DIST.
ANDHRA PRADESH",CHITTOOR,Unaided - Private,N,N,1-22686521,fetchdata,2013-2014,Engineering and Technology,1,1,1,1,Andhra Pradesh,1
1-1433421563,BABA INSTITUTE OF TECHNOLOGY AND SCIENCES,"P M PALEM, MADHURAWADA",VISHAKHAPATNAM,Unaided - Private,N,N,1-3291051,fetchdata,2013-2014,Engineering and Technology,1,1,1,1,Andhra Pradesh,1
1-1423238864,RISE KRISHNA SAI PRAKASAM GROUP OF INSTITUTIONS,"NH - 5,
VALLURU - ONGOLE
PRAKASAM DT
PIN - 523 272
ANDHRA PRADESH",PRAKASAM,Unaided - Private,N,N,1-3935283,fetchdata,2013-2014,Engineering and Technology,1,1,1,1,Andhra Pradesh,1
1-1432944272,B V C COLLEGE OF ENGINEERING,"PALACHERLA VILLAGE,
RAJANAGARAM MANDAL,
EAST GODAVARI DISTRICT
ANDHRA PRADESH
533104",EAST GODAVARI,Unaided - Private,N,N,1-11068223,fetchdata,2013-2014,Engineering and Technology,1,1,1,1,Andhra Pradesh,1
1-1548838071,NARAYANA INSTITUTE OF DIPLOMA IN ENGINEERING AND TECHNOLOGY,S.NO 779-B PEDDA POLAMADA(V)TADPARI(M)ANANTAPUR(DIST)ANDHRA PRADESH,ANANTAPUR,Unaided - Private,N,N,,fetchdata,2013-2014,Engineering and Technology,1,1,1,1,Andhra Pradesh,1
1-1402631243,SRI VENKATESWARA COLLEGE OF ENGINEERING & TECHNOLOGY,"NH-5,
MRO OFFICE ROAD,
BESIDE DR.B.R.AMBEDKAR UNIVERSITY
ETCHERLA",SRIKAKULAM,Unaided - Private,N,N,1-14627816,fetchdata,2013-2014,Engineering and Technology,1,1,1,1,Andhra Pradesh,1
1-1459851282,"WELLFARE INSTITUTE OF SCIENCE, TECHNOLOGY AND MANAGEMENT","PINAGADI (V),
PENDURTHY(M),
VISAKHAPATNAM-531173.
ANDHRA PRADESH.",VISHAKHAPATNAM,Unaided - Private,N,N,1-13323323,fetchdata,2013-2014,Engineering and Technology,1,1,1,1,Andhra Pradesh,1
1-1405311332,LOYOLA INSTITUTE OF TECHNOLOGY AND MANAGEMENT,"LOYOLA NAGAR,
DHULIPALLA (VILLAGE),
SATTENAPALLI (MANDAL),
GUNTUR (DIST.),
ANDHRA PRADESH.
PIN CODE: 522 412.",GUNTUR,Unaided - Private,N,N,1-2061151,fetchdata,2013-2014,Engineering and Technology,1,1,1,1,Andhra Pradesh,1
1-1392653588,"INSTITUTE OF SCIENCE AND TECHNOLOGY,JNTUK,KAKINADA","JAWAHARLAL NEHRU TECHNOLOGICAL UNIVERSITY,PITHAPURAM ROAD",EAST GODAVARI,University Managed,N,N,1-810325221,fetchdata,2013-2014,Engineering and Technology,1,1,1,1,Andhra Pradesh,1
1-1419505227,PRATAP POLYTECHNIC,"PAPAYAPALEM(P.O)
RAMAPURAM(V),
VETAPALEM(M)",PRAKASAM,Unaided - Private,N,N,1-405719351,fetchdata,2013-2014,Engineering and Technology,1,1,1,1,Andhra Pradesh,1
1-1421160831,SRI PRAKASH COLLEGE OF TECHNOLOGY,"D.B.V.RAJU TOWNSHIP
DIWANCHERUVU
RAJAHMUNDRY",EAST GODAVARI,Unaided - Private,N,N,1-2557971,fetchdata,2013-2014,Engineering and Technology,1,1,1,1,Andhra Pradesh,1
1-1386995653,A.K.R.G. COLLEGE OF ENGINEERING & TECHNOLOGY,"NALLAJERLA
WEST GODAVARI DIST
ANDHRA PRADESH",WEST GODAVARI,Unaided - Private,N,N,1-5399421,fetchdata,2013-2014,Engineering and Technology,1,1,1,1,Andhra Pradesh,1
1-1472161120,"GOVERNMENT POLYTECHNIC, PARVATHIPURAM.","S.V.D. COLLEGE CAMPUS, KOTHAVALASA, PARVATHIPURAM.",VIZIANAGARAM,Government,N,N,1-456843931,fetchdata,2013-2014,Engineering and Technology,1,1,1,1,Andhra Pradesh,1
1-1511435062,GOVERNMENT POLYTECHNIC,"GOVT JR COLLEGE FOR BOYS CAMPUS,KADIRI.",ANANTAPUR,Government,N,N,1-483406591,fetchdata,2013-2014,Engineering and Technology,1,1,1,1,Andhra Pradesh,1
1-1405008201,NARASARAOPETA INSTITUTE OF TECHNOLOGY,"KOTAPPA KONDA ROAD
YELLAMANDA(POST)
NARASARAOPET(MANDAL)
GUNTUR(DIST)
ANDHRA PRADESH-522601",GUNTUR,Unaided - Private,N,N,1-1721491,fetchdata,2013-2014,Engineering and Technology,1,1,1,1,Andhra Pradesh,1
1-1486932633,"GOVT POLYTECHNIC,VEMPALLI","GOVT POLYTECHNIC
SRIRAM NAGAR
GANDI ROAD
VEMPALLI
YSR DISTRICT",YSR DISTRICT,Government,N,N,1-462337375,fetchdata,2013-2014,Engineering and Technology,1,1,1,1,Andhra Pradesh,1
1-1388357813,"GOVERNMENT POLYTECHNIC,KAVALI,NELLORE DIST ANDHRAPRADESH","GOVERNMENT POLYTECHNIC,Z.P.P.BOYS HIGHSCHOOL CAMPUS,THUMMALAPENTA ROAD,KAVALI-524201 NELLORE DIST,ANDHRA PRADESH",NELLORE,Government,N,N,1-455276361,fetchdata,2013-2014,Engineering and Technology,1,1,1,1,Andhra Pradesh,1
1-1409127352,SWARNANDHRA INSTITUTE OF ENGINEERING & TECHNOLOGY,"SEETHARAMPURAM, NARSAPUR, W.G.DT. 534280 ANDHRA PRADESH.",WEST GODAVARI,Unaided - Private,N,N,1-3755274,fetchdata,2013-2014,Engineering and Technology,1,1,1,1,Andhra Pradesh,1
1-1469821424,LINGAYAS INSTITUTE OF MANAGEMENT AND TECHNOLOGY,"VIVEKA NAGAR, MADALAVARIGUDEM
NUZVID ROAD, VIJAYAWADA.",KRISHNA,Unaided - Private,N,N,1-4518991,fetchdata,2013-2014,Engineering and Technology,1,1,1,1,Andhra Pradesh,1
1-1400959212,V.R.S & Y.R.N COLLEGE OF ENGINEERING AND TECHNOLOGY,"VODAREVU ROAD,
PERALA(PO),
CHIRALA
PRAKASAM(DT),
ANDHRA PRADESH - 523 157",PRAKASAM,Unaided - Private,N,N,1-2492091,fetchdata,2013-2014,Engineering and Technology,1,1,1,1,Andhra Pradesh,1
1-1593015662,"GOVERNMENT POLYTECHNIC, RAYADURG",KANEKAL ROAD,ANANTAPUR,Government,N,N,1-467324581,fetchdata,2013-2014,Engineering and Technology,1,1,1,1,Andhra Pradesh,1
1-1421708483,RISE KRISHNA SAI GANDHI GROUP OF INSTITUTIONS,"NH - 5,
VALLURU , ONGOLE
PRAKASAM DIST",PRAKASAM,Unaided - Private,N,N,1-4403428,fetchdata,2013-2014,Engineering and Technology,1,1,1,1,Andhra Pradesh,1
1-1441284463,NOVA COLLEGE OF ENGINEERING & TECHNOLOGY,"VEGAVARAM VILLAGE
JANGAREDDY GUDEM MANDAL
WEST GODAVARI DISTRCIT
ANDHRA PRADESH 
PIN:534447",WEST GODAVARI,Unaided - Private,N,N,1-5543891,fetchdata,2013-2014,Engineering and Technology,1,1,1,1,Andhra Pradesh,1
1-1390460106,GOVERNMENT POLYTECHNIC FOR WOMEN,RAMANJANEYAPURAM,YSR DISTRICT,Government,Y,N,1-450090791,fetchdata,2013-2014,Engineering and Technology,1,1,1,1,Andhra Pradesh,1
1-1423843772,MAHARAJ VIJAYARAM GAJAPATHI RAJ COLLEGE OF ENGINEERING,"VIJAYARAM NAGAR CAMPUS CHINTALAVALASA DENKADA
MANDAL VIZIANAGARAM 535 005 ANDHRA PRADESH",VIZIANAGARAM,Unaided - Private,N,N,1-19574481,fetchdata,2013-2014,Engineering and Technology,1,1,1,1,Andhra Pradesh,1
1-1468859233,BRAHMAIAH COLLEGE OF ENGINEERING,"NH-5,
NORTH RAJU PALEM,
KODAVALURU MANDAL,
NELLORE DISTRICT,
ANDHRA PRADESH,
PIN:524366",NELLORE,Unaided - Private,N,N,1-6089375,fetchdata,2013-2014,Engineering and Technology,1,1,1,1,Andhra Pradesh,1
1-1386815172,GOVERNMENT POLYTECNIC,"GOVT JR COLLEGE CAMPUS
RAYACHOTY",YSR DISTRICT,Government,N,N,1-499418321,fetchdata,2013-2014,Engineering and Technology,1,1,1,1,Andhra Pradesh,1
1-1408694254,SRI RAGHAVENDRA INSTITUTE OF SCIENCE AND TECHNOLOGY,"SRI RAGHAVENDRA INSTITUTE OF SCIENCE AND TECHNOLOGY
KAVALI-UDAYAGIRI ROAD
VINJAMUR(POST&MANDAL)
SPSR NELLORE(DIST)
ANDHRAPRADESH-524228",NELLORE,Unaided - Private,N,N,1-4391451,fetchdata,2013-2014,Engineering and Technology,1,1,1,1,Andhra Pradesh,1
1-1440942042,K S N INSTITUTE OF TECHNOLOGY,"KOVUR(VIL&MDL), KOTTUR ROAD,SRI POTTI SREERAMULU NELLORE DT-524 137",NELLORE,Unaided - Private,N,N,1-5939831,fetchdata,2013-2014,Engineering and Technology,1,1,1,1,Andhra Pradesh,1
1-1430989102,GAYATRI GROUP OF INSTITUTIONS,"ASWARAOPET ROAD, JANGAREDDIGUDEM, W.G.DT PIN:534447",WEST GODAVARI,Unaided - Private,N,N,1-7020905,fetchdata,2013-2014,Engineering and Technology,1,1,1,1,Andhra Pradesh,1
1-1457300674,GOVERNMENT POLYTECHNIC,"AYYANNAPALEM
VIA K D PETA ROAD",VISHAKHAPATNAM,Government,N,N,1-450134121,fetchdata,2013-2014,Engineering and Technology,1,1,1,1,Andhra Pradesh,1
1-1432737842,KAKINADA INSTITUTE OF ENGINEERING & TECHNOLOGY,"YANAM ROAD,KORANGI VILLAGE,
TALLAREVU MANDAL,
E.G.DT ,AP",EAST GODAVARI,Unaided - Private,N,N,1-4167651,fetchdata,2013-2014,Engineering and Technology,1,1,1,1,Andhra Pradesh,1
1-1457222065,SATYA INSTITUTE OF TECHNOLOGY AND MANAGEMNET,"GAJULAREGA,
VIZIANAGARAM",VIZIANAGARAM,Unaided - Private,N,N,1-440051859,fetchdata,2013-2014,Engineering and Technology,1,1,1,1,Andhra Pradesh,1
1-1432945204,MADDALA RAMAKRISHNAMMA POLYTECHNIC,"M.R.K.POLYTECHN IC, VEERAVASARAM, VEERAVASARAM MANDAL, WEST GODAVARI DISTRICT, ANDHRA PRADESH, 
PIN: 534 245",WEST GODAVARI,Unaided - Private,N,N,1-437194781,fetchdata,2013-2014,Engineering and Technology,1,1,1,1,Andhra Pradesh,1
1-1476910383,SWARNANDHRA ENGINEERING COLLEGE,"NH 214-A, 
CHINAMAMIDIPALLI,
 PALAKOL-NARSAPUR ROAD,
NARSAPUR- 534275, 
WEST GODAVARI DISTRICT, 
ANDHRA PRADESH.",WEST GODAVARI,Unaided - Private,N,N,1-4190381,fetchdata,2013-2014,Engineering and Technology,1,1,1,1,Andhra Pradesh,1
1-1421345352,NRI INSTITUTE OF TECHNOLOGY,"POTHAVARAPPADU VILLAGE, VIA NUNNA, 
AGIRIPALLI MANDAL
521212,
KRISHNA DIST,
A.P",KRISHNA,Unaided - Private,N,N,1-4824481,fetchdata,2013-2014,Engineering and Technology,1,1,1,1,Andhra Pradesh,1
1-1433025802,BRINDAVAN INSTITUTE OF TECHNOLOGY AND SCIENCE,"N.H.-7
PEDDATEKUR
KURNOOL-518218(ANDHRA PRADESH)",KURNOOL,Unaided - Private,N,N,1-4316767,fetchdata,2013-2014,Engineering and Technology,1,1,1,1,Andhra Pradesh,1
1-1433441688,THANDRA PAPARAYA INSTITUTE OF SCIENCE AND TECHNOLOGY,"THANDRA PAPARAYA INSTITUTE OF SCIENCE AND TECHNOLOGY
KOMATIPALLI ( V ),
BOBBILI ( M ),
VIZIANAGARAM ( DIST.)
ANDHRA PRADESH",VIZIANAGARAM,Unaided - Private,N,N,1-10389501,fetchdata,2013-2014,Engineering and Technology,1,1,1,1,Andhra Pradesh,1
1-1423494792,QIS INSTITUTE OF TECHNOLOGY,"VENGAMUKKAPALEM,PONDUR ROAD,ONGOLE,PRAKASAM DISTRICT,ANDHRA PRADESH:-523272",PRAKASAM,Unaided - Private,N,N,1-3955821,fetchdata,2013-2014,Engineering and Technology,1,1,1,1,Andhra Pradesh,1
1-1398411842,MIRACLE EDUCATIONAL SOCIETY GROUP OF INSTITUTIONS,"MIRACLE CITY, KONGAVANIPALEM, BHOGAPURAM MANDAL,
VIZIANAGARAM DIST
ANDHRA PRADESH
PIN-535216",VIZIANAGARAM,Unaided - Private,N,N,1-14752081,fetchdata,2013-2014,Engineering and Technology,1,1,1,1,Andhra Pradesh,1
1-1457083312,TENALI ENGINEERING COLLEGE,"ANUMARLAPUDI (VILLAGE & POST)
PEDAKAKANI MANDAL
GUNTUR DISTRICT",GUNTUR,Unaided - Private,N,N,1-4322549,fetchdata,2013-2014,Engineering and Technology,1,1,1,1,Andhra Pradesh,1
1-1427447773,GAYATRI INSTITUTE OF ENGINEERING & TECHNOLOGY,"GAYATRI INSTITUTE OF ENGINEERING& TECHNOLOGY,
JANGAREDDIGUDEM,
WEST GODAVARI DIST.,
ANDHRA PRADESH-534447",WEST GODAVARI,Unaided - Private,N,N,1-2024361,fetchdata,2013-2014,Engineering and Technology,1,1,1,1,Andhra Pradesh,1
1-1465613493,VIGNANA BHARATHI INSTITUTE OF TECHNOLOGY,"VIDYA NAGAR, PALLAVOLU VILLAGE, PRODDATUR,
CHAPADU MANDAL, Y S R DISTRICT, ANDHRA PRADESH, PINCODE - 516362.",YSR DISTRICT,Unaided - Private,N,N,1-3447077,fetchdata,2013-2014,Engineering and Technology,1,1,1,1,Andhra Pradesh,1
1-1419530436,BRAHMAS INSTITUTE OF ENGINEERING AND TECHNOLOGY,"NORTHRAJUPALEM(VILL) RAMANNAPALEM ROAD,KODAVALUR(MD) NELLORE DT.,A.P - 524366",NELLORE,Unaided - Private,N,N,1-7603141,fetchdata,2013-2014,Engineering and Technology,1,1,1,1,Andhra Pradesh,1
1-1417091722,VISAKHA TECHNICAL CAMPUS,"57TH DIVISION, NARAVA, VISAKHAPATNAM 530027",VISHAKHAPATNAM,Unaided - Private,N,N,1-5947441,fetchdata,2013-2014,Engineering and Technology,1,1,1,1,Andhra Pradesh,1
1-1393052503,VASIREDDY VENKATADRI INSTITUTE OF TECHNOLOGY,"NAMBUR(V), PEDAKAKANI(M), GUNTUR-522508",GUNTUR,Unaided - Private,N,N,1-5864731,fetchdata,2013-2014,Engineering and Technology,1,1,1,1,Andhra Pradesh,1
1-1413221912,VIGNAN'S NIRULA INSTITUTE OF TECHNOLOGY & SCIENCE FOR WOMEN,"VIGNAN AVENUE
PALAKALURU ROAD
GUNTUR TEHSIL,
GUNTUR - 522 005",GUNTUR,Unaided - Private,Y,N,1-4302237,fetchdata,2013-2014,Engineering and Technology,1,1,1,1,Andhra Pradesh,1
1-1444125653,B.A. RAMAIAH POLYTECHNIC- RAJAHMUNDRY,"KONDAGUNTURU
VILLAGE
RAJAHMUNDRY- BOMMURU-KONDAGUNTURU ROAD, RAJANAGARAM MANDAL, EAST GODAVARI DISTRICT, PIN- 533124, ANDHRA PRADESH",EAST GODAVARI,Unaided - Private,N,N,1-705015511,fetchdata,2013-2014,Engineering and Technology,1,1,1,1,Andhra Pradesh,1
1-1459237252,AVR&SVR COLLEGE OF ENGINEERING & TECHNOOOGY,"AYYALUR (V)
NANDYAL (M)
KURNOOL (DIST) 
PIN:  518 502
ANDHRA PRADESH",KURNOOL,Unaided - Private,N,N,1-7279151,fetchdata,2013-2014,Engineering and Technology,1,1,1,1,Andhra Pradesh,1
1-1476617972,VITS COLLEGE OF ENGINEERING,"SONTYAM (VILLAGE)
ANANDAPURAM (MANDAL)",VISHAKHAPATNAM,Unaided - Private,N,N,1-12393881,fetchdata,2013-2014,Engineering and Technology,1,1,1,1,Andhra Pradesh,1
1-1498802343,SRI VASAVI INSTITUTE OF ENGINEERING AND TECHNOLOGY,"KANURU (NEAR TANUKU), W.G.DT - 534329",WEST GODAVARI,Unaided - Private,N,N,1-9762481,fetchdata,2013-2014,Engineering and Technology,1,1,1,1,Andhra Pradesh,1
1-1451427385,"JOGAIAH INSTITUTE OF TECHNOLOGY & SCIENCES, COLLEGE OF ENGINEERING","NH-214, CHINCHINADA ROAD,
 KALAGAMPUDI,
ELAMANCHILI MANDAL
WEST GODAVARI
ANDHRA PRADESH",WEST GODAVARI,Unaided - Private,N,N,1-7158893,fetchdata,2013-2014,Engineering and Technology,1,1,1,1,Andhra Pradesh,1
1-1454588176,SRI SARATHI INSTITUTE OF ENGINEERING & TECHNOOLOGY,"DR. NO:2-78-10A,
NEAR MDO OFFICE,
NUZVID - 521201
KRISHNA DIST., ANDHRA PRADESH.",KRISHNA,Unaided - Private,N,N,1-4828311,fetchdata,2013-2014,Engineering and Technology,1,1,1,1,Andhra Pradesh,1
1-1454803714,KANDULA LAKSHUMMA MEMORIAL COLLEGE OF ENGINEERING FOR WOMEN,"THADIGOTLA VILLAGE,
C.K.DINNE MANDAL,
KADAPA.",YSR DISTRICT,Unaided - Private,Y,N,1-6093421,fetchdata,2013-2014,Engineering and Technology,1,1,1,1,Andhra Pradesh,1
1-1460903972,HELAPURI INSTITUTE OF TECHNOLOGY & SCIENCE,"VEGAVARAM, DENDULURU MANDAL, ELURU, WEST GODAVARI DISTRICT, ANDHRA PRADESH",WEST GODAVARI,Unaided - Private,N,N,1-5399791,fetchdata,2013-2014,Engineering and Technology,1,1,1,1,Andhra Pradesh,1
1-1459319072,MJR COLLEGE OF ENGINEERING & TECHNOLOGY,"DIGUVAPOKULAVARIPALLI (V) & (P), PULICHERLA (MANDAL), CHITTOOR (DISTRICT), ANDHRAPRADESH - 517 113",CHITTOOR,Unaided - Private,N,N,1-5623431,fetchdata,2013-2014,Engineering and Technology,1,1,1,1,Andhra Pradesh,1
1-1451266802,AVANTHI INSTITUTE OF ENGINEERING & TECHNOLOGY,"TAMARAM VILLAGE,
MAKAVARAPALEM MANDAL,
NARSIPATNAM REVENUE DIVISION,
VISAKHAPATNAM DIST.",VISHAKHAPATNAM,Unaided - Private,N,N,1-6296166,fetchdata,2013-2014,Engineering and Technology,1,1,1,1,Andhra Pradesh,1
1-1459318302,VISAKHA INSTITUTE OF ENGINEERING & TECHNOLOGY,"57TH DIVISION, NARAVA, VISAKHAPATNAM",VISHAKHAPATNAM,Unaided - Private,N,N,1-3242944,fetchdata,2013-2014,Engineering and Technology,1,1,1,1,Andhra Pradesh,1
1-1460788812,SRI VENKATESWARA POLYTECHNIC,"N H -5,MRO OFFICE ROAD,
BESIDE DR.B.R.AMBEDKAR UNIVERSITY, ETCHERLA",SRIKAKULAM,Unaided - Private,N,N,1-505310841,fetchdata,2013-2014,Engineering and Technology,1,1,1,1,Andhra Pradesh,1
1-1451196973,AVANTHI INSTITUTE OF ENGINERRING AND TECHNOLOGY,"CHERUKUPALLI VIILAGE, CHITTIVALASA SO,
BHOGAPURAM MANDAL, VIZIANAGRAM DIST",VIZIANAGARAM,Unaided - Private,N,N,1-4708546,fetchdata,2013-2014,Engineering and Technology,1,1,1,1,Andhra Pradesh,1
1-1459048618,CHAITANYA BHARATHI INSTITUTE OF TECHNOLOGY,"VIDYANAGAR, PALLAVOLU VILLAGE, PRODDATUR,
CHAPADU MANDAL, Y S R DISTRICT DISTRICT",YSR DISTRICT,Unaided - Private,N,N,1-4240341,fetchdata,2013-2014,Engineering and Technology,1,1,1,1,Andhra Pradesh,1
1-1459754742,VISVODAYA ENGINEERING COLLEGE,"VISVODAYA CAMPUS
UDAYAGIRI ROAD
KAVALI-524201",NELLORE,Unaided - Private,N,N,1-3142834,fetchdata,2013-2014,Engineering and Technology,1,1,1,1,Andhra Pradesh,1
1-1460914362,SRI VENKATESWARA INSTITUTE OF SCIENCE AND TECHNOLOGY,"TADIGOTLA (VILLAGE),
C.K.DINNE (MANDAL),
KADAPA.
A.P.      516003",YSR DISTRICT,Unaided - Private,N,N,1-6130631,fetchdata,2013-2014,Engineering and Technology,1,1,1,1,Andhra Pradesh,1
1-1451152956,HINDU COLLEGE OF ENGINEERING AND TECHNOLOGY,"AMARAVATHI ROAD,",GUNTUR,Unaided - Private,N,N,1-462239141,fetchdata,2013-2014,Engineering and Technology,1,1,1,1,Andhra Pradesh,1
1-1460732638,GANDHIJI INSTITUTE OF SCIENCE AND TECHNOLOGY,"NEAR KONGARAMALLAIGH GATTU,
OPP-RELIANCE PETROL BUNK,
GATTU BHIMAVARAM (VILLAGE),
VATSAVAI ( MANDAL),
KRISHNA DISTRICT,
ANDHRA PRADESH,
PIN-521 ",KRISHNA,Unaided - Private,N,N,1-10271391,fetchdata,2013-2014,Engineering and Technology,1,1,1,1,Andhra Pradesh,1
1-1480499343,SESHACHALA POLYTECHNIC COLLEGE,"SVS NAGAR,
SV PURAM VILLAGE,
VADAMALAPET,
TIRUPATI",CHITTOOR,Unaided - Private,N,N,1-773986211,fetchdata,2013-2014,Engineering and Technology,1,1,1,1,Andhra Pradesh,1
1-1476248176,SAROJINI INSTITUTE OF TECHNOLOGY,"TELAPROLU VILLAGE,UNGUTURU MANDAL,NEAR GANNAVARAM,KRISHNA DIST,ANDHRA PRADESH,521109",KRISHNA,Unaided - Private,N,N,1-8777591,fetchdata,2013-2014,Engineering and Technology,1,1,1,1,Andhra Pradesh,1
1-1469073702,SRI G PULLA REDDY GOVERNMENT POLYTECHNIC,"B. THANDRAPADU,
KURNOOL-518002",KURNOOL,Government,N,N,1-454450051,fetchdata,2013-2014,Engineering and Technology,1,1,1,1,Andhra Pradesh,1
1-1450077210,INTELLECTUAL INSTITUTE OF TECHNOLOGY,"GOTUKUR(V), 
KUDERU(M),
BELLARY ROAD,
ANANTAPUR-515711
ANDHRA PRADESH",ANANTAPUR,Unaided - Private,N,N,1-4247574,fetchdata,2013-2014,Engineering and Technology,1,1,1,1,Andhra Pradesh,1
1-1472019637,A1 GLOBAL INSTITUTE OF ENGINEERING & TECHNOLOGY,"MARKAPUR, PRAKASAM DISTRICT, ANDHRA PRADESH.",PRAKASAM,Unaided - Private,N,Y,1-6212413,fetchdata,2013-2014,Engineering and Technology,1,1,1,1,Andhra Pradesh,1
1-1423648534,CHAITANYA INSTITUTE OF SCIENCE AND TECHNOLOGY,MADHAVA PATNAM,EAST GODAVARI,Unaided - Private,N,N,1-16895401,fetchdata,2013-2014,Engineering and Technology,1,1,1,1,Andhra Pradesh,1
1-1449794234,ALFA COLLEGE OF ENGINEERING AND TECHNOLOGY,"KANDUKURIMETTA,
ALLAGADDA,
KURNOOL(DIST),
ANDHRA PRADESH",KURNOOL,Unaided - Private,N,N,1-22644781,fetchdata,2013-2014,Engineering and Technology,1,1,1,1,Andhra Pradesh,1
1-1451369462,PRIYADARSHINI INSTITUTE OF TECHNOLOGY & SCIENCE FOR WOMEN,"CHINTALAPUDI,
NEAR TENALI,
DUGGIRALA MANDAL,
GUNTUR DT,
ANDHRA PRADESH
PIN:522 306",GUNTUR,Unaided - Private,Y,N,1-8096533,fetchdata,2013-2014,Engineering and Technology,1,1,1,1,Andhra Pradesh,1
1-1516000144,SHRI SHIRDI SAI INSTITUTE OF SCIENCE AND ENGINEERING,"#2-383, WARD NO. 10,VADIYAMPETA(POST),
PODARALLA (VILLAGE), BUKKARAYASAMUDRAM (M),
ANANTAPUR - 515731.`
ANDHRA PRADESH.",ANANTAPUR,Unaided - Private,N,N,1-6038961,fetchdata,2013-2014,Engineering and Technology,1,1,1,1,Andhra Pradesh,1
1-1469474692,GOVERNMENT POLYTECHNIC,"DSP BUNGLOW ROAD
NEAR ESI HOSPITAL",KURNOOL,Government,N,N,1-475266551,fetchdata,2013-2014,Engineering and Technology,1,1,1,1,Andhra Pradesh,1
1-1437251932,SRI KRISHNADEVARAYA ENGINEERING COLLEGE,"NH-7, GOOTY ANANTAPURAM,
GOOTY,
ANANTAPUR(DIST),
A.P-515401.",ANANTAPUR,Unaided - Private,N,N,1-2933011,fetchdata,2013-2014,Engineering and Technology,1,1,1,1,Andhra Pradesh,1
1-1450050351,SRI JYOTHI POLYTECHNIC,"SRI JYOTHI POLYTECHNIC,
KALAVAPAMULA VILLAGE,
VUYYURU MANDAL,
KRISHNA DT,
ANDHRA PRADESH,
521164.",KRISHNA,Unaided - Private,N,N,,fetchdata,2013-2014,Engineering and Technology,1,1,1,1,Andhra Pradesh,1
1-1474166134,SRI VENKATESWARA COLLEGE OF ENGINEERING,"OPP LIC TRAINING CENTER,
KARAKAMBADI ROAD, 
CHENNAIAHGUNTA",CHITTOOR,Unaided - Private,N,N,1-3280921,fetchdata,2013-2014,Engineering and Technology,1,1,1,1,Andhra Pradesh,1
1-1531302497,GOVT.POLYTECHNIC,"OBULAVARIPALLI,",YSR DISTRICT,Government,N,N,1-452073541,fetchdata,2013-2014,Engineering and Technology,1,1,1,1,Andhra Pradesh,1
1-1469211132,SREE VAHINI INSTITUTE OF SCIENCE AND TECHNOLOGY,"BEHIND GANESH TEMPLE
BYE PASS ROAD
TIRUVURU
KRISHNA (DT)
ANDHRA PRADESH
PIN-521235",KRISHNA,Unaided - Private,N,N,1-5525976,fetchdata,2013-2014,Engineering and Technology,1,1,1,1,Andhra Pradesh,1
1-1451351032,ESWAR COLLEGE OF ENGINEERING,"ESWAR COLLEGE OF ENGINEERING
KESANUPALLY(V), NARASARAOPET(M), GUNTUR(DIST)-522601, ANDHRA PRADESH, INDIA",GUNTUR,Unaided - Private,N,N,1-2614741,fetchdata,2013-2014,Engineering and Technology,1,1,1,1,Andhra Pradesh,1
1-1458525932,ANNAMACHARYA INSTITUTE OF TECHNOLOGY AND SCIENCES,"BACK SIDE OF RTO OFFICE
MULAVANKA
RAYACHOTY ROAD
CHINTAKOMMA DINNE VILLAGE & POST
KADAPA - 516 003",YSR DISTRICT,Unaided - Private,N,N,1-4884011,fetchdata,2013-2014,Engineering and Technology,1,1,1,1,Andhra Pradesh,1
1-1469494140,RAJAMAHENDRI INSTITUTE OF ENGINEERING AND TECHNOLOGY,"BHOOPALAPATANM, NEAR PIDIMGOYYI, 
RAJAHMUNDRY,
ANDHRA PRADESH-533103.",EAST GODAVARI,Unaided - Private,N,N,1-2896354,fetchdata,2013-2014,Engineering and Technology,1,1,1,1,Andhra Pradesh,1
1-1447751292,K.S.R.M. COLLEGE OF ENGINEERING,"YERRAMASUPALLI VILLAGE
CHINTAKOMMA DINNE MANDAL
KADAPA",YSR DISTRICT,Unaided - Private,N,N,1-4543611,fetchdata,2013-2014,Engineering and Technology,1,1,1,1,Andhra Pradesh,1
1-1449654792,ADITYA ENGINEERING COLLEGE,"ADITYA ENGINEERING COLLEGE
ADITYA NAGAR, ADB ROAD, SURAMPALEM,
GANDEPALLI MANDAL, EAST GODAVARI DISTRICT, 
PIN - 533 437, ANDHRA PRADESH.",EAST GODAVARI,Unaided - Private,N,N,1-2504741,fetchdata,2013-2014,Engineering and Technology,1,1,1,1,Andhra Pradesh,1
1-1465602454,SRI VASAVI INSTITUTE OF ENGINEERING & TECHNOLOGY,"NANDAMURU
PEDANA MANADAL 
KRISHNA DISTRICT
ANDHRAPRADESH-521369",KRISHNA,Unaided - Private,N,N,1-4279961,fetchdata,2013-2014,Engineering and Technology,1,1,1,1,Andhra Pradesh,1
1-1451225926,DEVINENI VENKATA RAMANA & DR.HIMA SEKHAR  MIC COLLEGE OF TECHNOLOGY,"DVR & DR HS MIC COLLEGE OF TECHNOLOGY
KANCHIKACHERLA-521 180
KRISHNA DISTRICT
ANDHA PRADESH",KRISHNA,Unaided - Private,N,N,1-6048681,fetchdata,2013-2014,Engineering and Technology,1,1,1,1,Andhra Pradesh,1
1-1447409603,SUVR & SR GOVERNMENT POLYTECHNIC FOR WOMEN,"ETHAMUKKLA(POST),
KOTHAPATNAM(MANDAL),
PRAKASAM(DIST)-523280.",PRAKASAM,Government,Y,N,1-460915511,fetchdata,2013-2014,Engineering and Technology,1,1,1,1,Andhra Pradesh,1
1-1457178482,PALADUGU PARVATHI DEVI COLLEGE OF ENGINEERING AND TECHNOLOGY,"SURAMPALLI VILLAGE
VIA NUNNA
VIJAYAWADA RURAL
KRISHNA DISTRICT - 521212
ANDHRA PRADESH",KRISHNA,Unaided - Private,N,N,1-4249202,fetchdata,2013-2014,Engineering and Technology,1,1,1,1,Andhra Pradesh,1
1-1444089182,KUPPAM ENGINEERING COLLEGE,"KES NAGAR, 
P.B NATHAM (PO)
KUPPAM
CHITTOOR DT.",CHITTOOR,Unaided - Private,N,N,1-4184101,fetchdata,2013-2014,Engineering and Technology,1,1,1,1,Andhra Pradesh,1
1-1445711922,PRIYADARSHINI INSTITUTE OF TECHNOLOGY,C.RAMACHANDRAPURAM,CHITTOOR,Unaided - Private,N,N,1-2214602,fetchdata,2013-2014,Engineering and Technology,1,1,1,1,Andhra Pradesh,1
1-1445895822,S.R.K.INSTITUTE OF TECHNOLOGY,"3-41,ENIKEPADU, VIJAYAWADA",KRISHNA,Unaided - Private,N,N,1-3585751,fetchdata,2013-2014,Engineering and Technology,1,1,1,1,Andhra Pradesh,1
1-1498455391,AVANTHI POLYTECHNIC COLLEGE,"KAVULAVADA VILLAGE
BHOGAPURAM MANDAL
VIZIANAGARAM DIST.",VIZIANAGARAM,Unaided - Private,N,N,,fetchdata,2013-2014,Engineering and Technology,1,1,1,1,Andhra Pradesh,1
1-1423219942,AKULA SREERAMULU INSTITUTE OF ENGINEERING AND TECHNOLOGY,"PRATHIPADDU
TADEPALLIGUDEM
WESTGODAVARI DIST",WEST GODAVARI,Unaided - Private,N,N,1-5902261,fetchdata,2013-2014,Engineering and Technology,1,1,1,1,Andhra Pradesh,1
1-1455169206,SAI GANAPATHI POLYTECHNIC,"GIDIJALA VILLAGE, ANANDAPURAM MANDAL, VISAKHAPATNAM DIST.",VISHAKHAPATNAM,Unaided - Private,N,N,1-456261781,fetchdata,2013-2014,Engineering and Technology,1,1,1,1,Andhra Pradesh,1
1-1447847232,KONERU LAKSHMAIAH EDUCATION FOUNDATION UNIVERSITY (K L COLLEGE OF ENGINEERING),"GREENFIELDS, KUNCHANAPALLI POST, VADDESWARAM (V), TADEPALLI",GUNTUR,Unaided - Private,N,N,1-474252121,fetchdata,2013-2014,Engineering and Technology,1,1,1,1,Andhra Pradesh,1
1-1484655212,GUNTUR ENGINEERING COLLEGE,"OPP. KATURI MEDICAL COLLEGE,
NH - 5, 
YANAMADALA, 
GUNTUR - 522019",GUNTUR,Unaided - Private,N,N,1-4418451,fetchdata,2013-2014,Engineering and Technology,1,1,1,1,Andhra Pradesh,1
1-1445841792,R.K. COLLEGE OF ENGINEERING,"R.S.NO.52,53 ,NAVEPOTAVARAM VILLAGE,KETHANA KONDA,IBRAHIMPATNAM 521456,VIJAYAWADA,A.P.",KRISHNA,Unaided - Private,N,N,1-9752331,fetchdata,2013-2014,Engineering and Technology,1,1,1,1,Andhra Pradesh,1
1-1443545952,PRAVEENYA INSTITUTE OF MARINE ENGINEERING & MARITIME STUDIES,"MODAVALASA VILLAGE, DENKADA MANDAL, VIZIANAGARAM DISTRICT-531162.",VIZIANAGARAM,Unaided - Private,N,N,1-15650003,fetchdata,2013-2014,Engineering and Technology,1,1,1,1,Andhra Pradesh,1
1-1516176462,INTERNATIONAL SCHOOL OF TECHNOLOGY AND SCIENCES FOR WOMEN,"EAST GONA GUDEM (VIL),
RAJA NAGARAM(MAN),
EAST GODAVARI (DIST).",EAST GODAVARI,Unaided - Private,Y,N,1-37485014,fetchdata,2013-2014,Engineering and Technology,1,1,1,1,Andhra Pradesh,1
1-1451143992,SIR C RAMALINGA REDDY POLYTECHNIC,VATLURU,WEST GODAVARI,Unaided - Private,N,N,1-437017331,fetchdata,2013-2014,Engineering and Technology,1,1,1,1,Andhra Pradesh,1
1-1451222852,AMARA  INSTITUTE OF ENGINEERING & TECHNOLOGY,"SATULURU POST
NADENDLA MD
NARASARAOPET
GUNTUR DT - 522549",GUNTUR,Unaided - Private,N,N,1-2629451,fetchdata,2013-2014,Engineering and Technology,1,1,1,1,Andhra Pradesh,1
1-1448230001,BEHARA SUBHAKAR POLYTECHNIC,"SY 72,99,100,
WARD NO 57, GVMC, NARAVA,
GOPALAPATNAM,
VISAKHAPATNAM.
VISAKHAPANAM",VISHAKHAPATNAM,Unaided - Private,N,N,,fetchdata,2013-2014,Engineering and Technology,1,1,1,1,Andhra Pradesh,1
1-1449627722,SIDDARTHA EDUCATIONAL ACADEMY GROUP OF INSTITUTIONS,"CHINTAGUNTA VILLAGE,
NEAR C. GOLLAPALLI, 
TIRUPATI (RURAL) - 517 505
CHITTOOR DIST
 A.P.",CHITTOOR,Unaided - Private,N,N,1-3867401,fetchdata,2013-2014,Engineering and Technology,1,1,1,1,Andhra Pradesh,1
1-1449796062,PRASIDDHA COLLEGE OF ENGINEERING & TECHNOLOGY,"ANATHAVARAM (V),
AMALAPURAM - 533 222,
EAST GODAVARI DIST,
ANDHRA PRADESH.",EAST GODAVARI,Unaided - Private,N,N,1-4645651,fetchdata,2013-2014,Engineering and Technology,1,1,1,1,Andhra Pradesh,1
1-1456706172,TAYYIB MUSLIM POLYTECHNIC,"NEAR BUILTUP,
PULIVENDALA ROAD
RAMARAJU PALLI,
KADAPA,
ANDHRA PRADESH",YSR DISTRICT,Unaided - Private,N,Y,1-485033091,fetchdata,2013-2014,Engineering and Technology,1,1,1,1,Andhra Pradesh,1
1-1451212872,ANIL NEERUKONDA INSTITUTE OF TECHNOLOGY & SCIENCES,"SANGIVALASA
BHEEMUNIPATNAM MANDAL
VISAKHAPATANAM â 531 162
TEL: 08933-225083, 84 & 85
FAX: 08933-226395
WEBSITE: WWW.ANITS.EDU.IN 
E-MAIL: PRINC",VISHAKHAPATNAM,Unaided - Private,N,N,1-3992214,fetchdata,2013-2014,Engineering and Technology,1,1,1,1,Andhra Pradesh,1
1-1451239332,AVANTHI'S RESEARCH & TECHNOLOGICAL ACADEMY,"AVANTHI'S RESEARCH & TECHNOLOGICAL ACADEMY
BASAVAPALEM VILLAGE,
BHOGAPURAM MANDALAM,
VIZIANAGARAM DISTRICT.",VIZIANAGARAM,Unaided - Private,N,N,1-4814144,fetchdata,2013-2014,Engineering and Technology,1,1,1,1,Andhra Pradesh,1
1-1457512562,P.V.K.K. INSTITUTE OF TECHNOLOGY,"RUDRAMPETA, SANAPA ROAD,ANANTAPUR,A P.",ANANTAPUR,Unaided - Private,N,N,1-42546281,fetchdata,2013-2014,Engineering and Technology,1,1,1,1,Andhra Pradesh,1
1-1458678932,RAVINDRA COLLEGE OF ENGINEERING FOR WOMEN,"PASUPULA VILLAGE, NANDIKOTKUR ROAD
KURNOOL  - 518002.",KURNOOL,Unaided - Private,Y,N,1-3675361,fetchdata,2013-2014,Engineering and Technology,1,1,1,1,Andhra Pradesh,1
1-1412877082,BHIMAVARAM INSTITUTE OF ENGINEERING & TECHNOLOGY,"GNANANANDA ASHRAM ROAD
PENNADA (VILLAGE)
PALAKODERU MANDAL",WEST GODAVARI,Unaided - Private,N,N,1-7048771,fetchdata,2013-2014,Engineering and Technology,1,1,1,1,Andhra Pradesh,1
1-1581637863,RGUKT-NUZIVID,"MYLAVARAM ROAD,
NUZIVID,
KRISHNA DISTRICT.HEAD OFFICE : RGUKT VINDHYA C-4, IIITH CAMPUS, GACHIBOWLI, HYDERABAD",KRISHNA,University Managed,N,N,1-853917901,fetchdata,2013-2014,Engineering and Technology,1,1,1,1,Andhra Pradesh,1
1-1404922658,GOVERNMENT POLYTECHNIC FOR WOMEN,BHEEMUNIPATNAM,VISHAKHAPATNAM,Government,Y,N,1-456691411,fetchdata,2013-2014,Engineering and Technology,1,1,1,1,Andhra Pradesh,1
1-1464974142,GOKUL INSTITUTE OF TECHNOLOGY AND SCIENCES,"PIRIDI (VILLAGE)
BOBBILI (MANDAL)
VIZIANAGARAM (DIST)
ANDHRAPRADESH STATE
PIN- 535568",VIZIANAGARAM,Unaided - Private,N,N,1-10906901,fetchdata,2013-2014,Engineering and Technology,1,1,1,1,Andhra Pradesh,1
1-1421716682,SRI VENKATESWARA UNIVERSITY COLLEGE OF ENGINEERING,SRI VENKATESWARA UNIVERSITY COLLEGE OF ENGINEERING,CHITTOOR,Government,N,N,1-497512909,fetchdata,2013-2014,Engineering and Technology,1,1,1,1,Andhra Pradesh,1
1-1435245612,SRI SATYA NARAYANA ENGINEERING COLLEGE,"KURNOOL ROAD
ONGOLE",PRAKASAM,Unaided - Private,N,N,1-9777366,fetchdata,2013-2014,Engineering and Technology,1,1,1,1,Andhra Pradesh,1
1-1400683149,KANDULA OBULA REDDY MEMORIAL COLLEGE OF ENGINEERING,"TADIGOTLA, 
CHINTAKOMMADINNE (MANDAL)
KADAPA",YSR DISTRICT,Unaided - Private,N,N,1-5871703,fetchdata,2013-2014,Engineering and Technology,1,1,1,1,Andhra Pradesh,1
1-1435341103,G.V.R & S COLLEGE OF ENGINEERING & TECHNOLOGY,"GANGINENIPURAM,
NEAR BUDAMPADU,
GUNTUR - 522 013.",GUNTUR,Unaided - Private,N,N,1-2896174,fetchdata,2013-2014,Engineering and Technology,1,1,1,1,Andhra Pradesh,1
1-1515997852,SHRI SAI INSTITUTE OF ENGINEERING AND TECHNOLOGY,"#2-383,NH-7, VADIYAMPETA (POST) PODARALLA (VILLAGE)
BUKKARAYASAMUDRAM(MANDAL),ANANTAPUR (DIST)
ANANTAPUR - 515731",ANANTAPUR,Unaided - Private,N,N,1-7731231,fetchdata,2013-2014,Engineering and Technology,1,1,1,1,Andhra Pradesh,1
1-1449625312,BIT INSTITUTE OF TECHNOLOGY,"S.NO. 284/1, MALGUR (V), BEEREPALLI (P),
H.S. MANDIR (S.O), 
HINDUPUR",ANANTAPUR,Unaided - Private,N,N,1-3598171,fetchdata,2013-2014,Engineering and Technology,1,1,1,1,Andhra Pradesh,1
1-1388216862,VAAGDEVI INSTITUTE OF TECHNOLOGY & SCIENCE,"PEDDASETTIPALLY(VILLAGE)
PRODDATUR(MANDAL)
CUDDAPAH(DT)
ANDHRA PRADESH- 516 360",YSR DISTRICT,Unaided - Private,N,N,1-2020098,fetchdata,2013-2014,Engineering and Technology,1,1,1,1,Andhra Pradesh,1
1-1417099496,WEST GODAVARI INSTITUTE OF SCIENCE AND ENGINEERING,"AVAPADU, PRAKASARAOPALEM(POST),
NALLAJERLA (MANDAL), WEST GODAVARI DISTRICT,
ANDHRAPRADESH - 534 112",WEST GODAVARI,Unaided - Private,N,N,1-6590696,fetchdata,2013-2014,Engineering and Technology,1,1,1,1,Andhra Pradesh,1
1-1402936982,GOVERNMENT POLYTECHNIC,ENGINEERING COLLEGGE ROAD,ANANTAPUR,Government,N,N,1-453990531,fetchdata,2013-2014,Engineering and Technology,1,1,1,1,Andhra Pradesh,1
1-1461132492,GRANDHI VARALAKSHMI VENKATA RAO INSTITUTE OF TECHNOLOGY,"VEMPA ROAD 
TUNDURRU
BHIMAVARAM MANDAL
BHIMAVARAM
PIN : 534207
WEST GODAVARI DISTRICT",WEST GODAVARI,Unaided - Private,N,N,1-4499657,fetchdata,2013-2014,Engineering and Technology,1,1,1,1,Andhra Pradesh,1
1-1474231472,SRI VENKATESWARA ENGINEERING COLLEGE FOR WOMEN,"OPP. LIC TRAINING CENTER,
KARAKAMBADI ROAD",CHITTOOR,Unaided - Private,Y,N,1-33729371,fetchdata,2013-2014,Engineering and Technology,1,1,1,1,Andhra Pradesh,1
1-1402606312,VIKAS POLYTECHNIC COLLEGE,PUTRELA ROAD,KRISHNA,Unaided - Private,N,N,1-424545981,fetchdata,2013-2014,Engineering and Technology,1,1,1,1,Andhra Pradesh,1
1-1407358872,SRI VASAVI ENGINEERING COLLEGE,"PEDATADEPALLI,
TADEPALLIGUDEM",WEST GODAVARI,Unaided - Private,N,N,1-4889341,fetchdata,2013-2014,Engineering and Technology,1,1,1,1,Andhra Pradesh,1
1-1402928314,V.S.M. COLLEGE OF ENGINEERING,"V.S.M. COLLEGE OF ENGINEERING
RAMACHANDRAPURAM
EAST GODAVARI DISTRICT.",EAST GODAVARI,Unaided - Private,N,N,1-3453133,fetchdata,2013-2014,Engineering and Technology,1,1,1,1,Andhra Pradesh,1
1-1419622162,YOGANANDA INSTITUTE OF TECHNOLOGY AND SCIENCE,"ROAD NO. 2, 
MOHAN REDDY NAGAR,
ELAMANDYAM VILLAGE,
RENIGUNTA MANDAL,
TIRUPATI - 517 520",CHITTOOR,Unaided - Private,N,N,1-1739536,fetchdata,2013-2014,Engineering and Technology,1,1,1,1,Andhra Pradesh,1
1-1461781172,VIKAS POLYTECHNIC COLLEGE,"SIDDAVATAM VILLAGE,KADAPA",YSR DISTRICT,Unaided - Private,N,N,1-513467611,fetchdata,2013-2014,Engineering and Technology,1,1,1,1,Andhra Pradesh,1
1-1467322567,VAISHNAVI INSTITUTE OF TECHNOLOGY FOR WOMEN,"KUNTRAPAKAM VILLAGE, TIRUPATI RURAL MANDAL, CHITTOOR DIST., A.P.",CHITTOOR,Unaided - Private,Y,N,1-9669141,fetchdata,2013-2014,Engineering and Technology,1,1,1,1,Andhra Pradesh,1
1-1449793322,BUCHEPALLI VENKAYAMMA SUBBAREDDY ENGINEERING COLLEGE,KURNOOL ROAD,PRAKASAM,Unaided - Private,N,N,1-16461651,fetchdata,2013-2014,Engineering and Technology,1,1,1,1,Andhra Pradesh,1
1-1441508452,VIKAS COLLEGE OF ENGINEERING & TECHNOLOGY,"NUNNA VILLAGE & POST,
VIJAYAWADA RURAL MANDAL,
KRISHNA DIST.",KRISHNA,Unaided - Private,N,N,1-4233034,fetchdata,2013-2014,Engineering and Technology,1,1,1,1,Andhra Pradesh,1
1-1419208882,BAPATLA POLYTECHNIC,"BAPATLA-522101,
GUNTUR DIST,
ANDHRA PRADESH",GUNTUR,Unaided - Private,N,N,1-421855101,fetchdata,2013-2014,Engineering and Technology,1,1,1,1,Andhra Pradesh,1
1-1443468879,H.M.K.S & M.G.S COLLEGE OF ENGINEERING,"KANAGALA (PO)
CHERUKUPALLI (MANDAL)
GUNTUR (DIST)
ANDHRA PRADESH
INDIA
PIN : 522259",GUNTUR,Unaided - Private,N,Y,1-14368851,fetchdata,2013-2014,Engineering and Technology,1,1,1,1,Andhra Pradesh,1
1-1388308374,ST. ANN'S COLLEGE OF ENGINEERING & TECHNOLOGY,"NAYUNIPALLI VILLAGE
CHALLAREDDYPALEM
VETAPALEM MANDAL
PRAKASAM DISTRICT",PRAKASAM,Unaided - Private,N,N,1-4169101,fetchdata,2013-2014,Engineering and Technology,1,1,1,1,Andhra Pradesh,1
1-1441564743,BHASKARA POLYTECHNIC,"KOMATIPALLI(V), BOBBILI(M),PIN NO-535558, VIZIANAGARAM DIST, ANDHARA PRADESH..",VIZIANAGARAM,Unaided - Private,N,N,1-455302511,fetchdata,2013-2014,Engineering and Technology,1,1,1,1,Andhra Pradesh,1
1-1437496175,VISWANADHA INSTITUTE OF TECHNOLOGY AND MANAGEMENT,"MINDHIVANIPALEM VILLAGE
SONTYAM PANCHAYAT
ANANDAPURAM MANDAL
VISAKHAPATNAM-531173",VISHAKHAPATNAM,Unaided - Private,N,N,1-22890411,fetchdata,2013-2014,Engineering and Technology,1,1,1,1,Andhra Pradesh,1
1-1404953666,A.M.REDDY MEMORIAL COLLEGE OF ENGINEERING& TECHNOLOGY,"PETLURIVARIPALEM
NARASARAOPET
GUNTUR(D.T)
A.P",GUNTUR,Unaided - Private,N,N,1-456138111,fetchdata,2013-2014,Engineering and Technology,1,1,1,1,Andhra Pradesh,1
1-1436962362,AUDISANKARA COLLEGE OF ENGINEERING FOR WOMEN,"NH-5, 
BYPASS ROAD,
GUDUR,
NELLORE DISTRICT
A.P.",NELLORE,Unaided - Private,Y,N,1-4773481,fetchdata,2013-2014,Engineering and Technology,1,1,1,1,Andhra Pradesh,1
1-1398540762,VELAGA NAGESWARA RAO COLLEGE OF ENGINEERING     PONNUR,"OPP. TEACHERS COLONY 
G.B.C ROAD
PONNUR
GUNTUR(DIST)
ANDHRA PRADESH 
522124",GUNTUR,Unaided - Private,N,N,1-2069587,fetchdata,2013-2014,Engineering and Technology,1,1,1,1,Andhra Pradesh,1
1-1419448486,GEETHANJALI INSTITUTE OF SCIENCE AND TECHNOLOGY,"3RD MILE, NELLORE BOMBAY HIGHWAY,
GANGAVARAM (VILL. & POST),
KOVUR (MANDAL),
SPSR NELLORE DISTRICT",NELLORE,Unaided - Private,N,N,1-3891204,fetchdata,2013-2014,Engineering and Technology,1,1,1,1,Andhra Pradesh,1
1-1413587305,SRI YVS & SRI BRM POLYTECHNIC,"MAIN ROAD
MUKTESWARAM",EAST GODAVARI,Unaided - Private,N,N,1-436301211,fetchdata,2013-2014,Engineering and Technology,1,1,1,1,Andhra Pradesh,1
1-1497119326,PRIYADARSHINI COLLEGE OF ENGINEERING & TECHNOLOGY,"KANUPARTHIPADU
NELLORE - 524004
SPSR  NELLORE(DIST.)",NELLORE,Unaided - Private,N,N,1-2396524,fetchdata,2013-2014,Engineering and Technology,1,1,1,1,Andhra Pradesh,1
1-1406525695,RAO & NAIDU ENGINEERING COLLEGE,"NEAR SOUTH BY PASS ROAD JUNCTION, ONGOLE",PRAKASAM,Unaided - Private,N,N,1-8620461,fetchdata,2013-2014,Engineering and Technology,1,1,1,1,Andhra Pradesh,1
1-1451649122,SRI CHAITANYA POLYTECHNIC COLLEGE,"PANUKUVALASA (VILL) VISWANADHAPURAM POST, PACHIPENTA MANDAL, SALUR, VIZIANAGARAM DIST- 535592",VIZIANAGARAM,Unaided - Private,N,N,1-421232751,fetchdata,2013-2014,Engineering and Technology,1,1,1,1,Andhra Pradesh,1
1-1462929212,AUDISANKARA INSTITUTE OF TECHNOLOGY,"NH-5,
BY-PASS ROAD,
GUDUR,
NELLORE DISTRICT
ANDHRA PRADESH
PIN:524101",NELLORE,Unaided - Private,N,N,1-4092776,fetchdata,2013-2014,Engineering and Technology,1,1,1,1,Andhra Pradesh,1
1-1405087782,"MRR INSTITUTE OF TECHNOLOGY & SCIENCE, UDAYAGIRI","MRR INSTITUTE OF TECHNOLOGY & SCIENCE,
S.R.PURAM ROAD,
 UDAYAGIRI,
NELLORE,DT
ANDHRA PRADESH.
PIN-524226.",NELLORE,Unaided - Private,N,N,1-5329571,fetchdata,2013-2014,Engineering and Technology,1,1,1,1,Andhra Pradesh,1
1-1405143582,AMRITA SAI INSTITUTE OF SCIENCE AND TECHNOLOGY,"AMRITA SAI NAGAR, 
PARITALA POST,
KANCHIKACHERLA MANDAL,
KRISHNA DIST,
A.P. - 521180, INDIA.",KRISHNA,Unaided - Private,N,N,1-3038007,fetchdata,2013-2014,Engineering and Technology,1,1,1,1,Andhra Pradesh,1
1-1437411999,GOVERNMENT POLYTECHNIC,ADDANKI,PRAKASAM,Government,N,N,1-475006541,fetchdata,2013-2014,Engineering and Technology,1,1,1,1,Andhra Pradesh,1
1-1456614992,GOVERNMENT POLYTECHNIC FOR WOMEN,"GUJARATHIPETA POST,
SRIKAKULAM",SRIKAKULAM,Government,Y,N,1-453072271,fetchdata,2013-2014,Engineering and Technology,1,1,1,1,Andhra Pradesh,1
1-1441530382,VIKAS GROUP OF INSTITUTIONS,"NUNNA VILLAGE, 
VIJAYAWADA RURAL MANDAL,
KRISHNA DIST.",KRISHNA,Unaided - Private,N,N,1-5601571,fetchdata,2013-2014,Engineering and Technology,1,1,1,1,Andhra Pradesh,1
1-1388365012,LENDI INSTITUTE OF ENGINEERING AND TECHNOLOGY,"JONNADA VILLAGE 
VIA 5TH APSP BATTALION 
DENKADA MANDAL
VIZIANAGARAM DIST - 535 005",VIZIANAGARAM,Unaided - Private,N,N,1-3678201,fetchdata,2013-2014,Engineering and Technology,1,1,1,1,Andhra Pradesh,1
1-1434953702,SRI VENKATESWARA INSTITUTE OF TECHNOLOGY.,"HAMPAPURAM, N.H.44, RAPTHADU (MANDAL)
ANANTAPUR (DIST) - 515 722, A.P.",ANANTAPUR,Unaided - Private,N,N,1-5989171,fetchdata,2013-2014,Engineering and Technology,1,1,1,1,Andhra Pradesh,1
1-1387003222,A.A.N.M. & V.V.R.S.R. POLYTECHNIC,SESHADRI RAO KNOWLEDGE VILLAGE,KRISHNA,Unaided - Private,N,N,1-399048571,fetchdata,2013-2014,Engineering and Technology,1,1,1,1,Andhra Pradesh,1
1-1406651622,SANTHIRAM ENGINEERING COLLEGE,"NH-18, NANDYAL, KURNOOL DIST, A.P",KURNOOL,Unaided - Private,N,N,1-5783126,fetchdata,2013-2014,Engineering and Technology,1,1,1,1,Andhra Pradesh,1
1-1390739832,SRI VAISHNAVI COLLEGE OF ENGINEERING,"SINGUPURAM - VILL. & POST,
SRIKAKULAM (RURAL) - MANDAL,
SRIKAKULAM - 532 185.",SRIKAKULAM,Unaided - Private,N,N,1-6048271,fetchdata,2013-2014,Engineering and Technology,1,1,1,1,Andhra Pradesh,1
1-1437427972,MVR COLLEGE OF ENGINEERING AND TECHNOLOGY,"BESIDE HANUMAN STATUE, 
NH-9,
PARITALA,
KANCHIKACHERLA MANDALAM,
KRISHNA DT,
ANDHRA PRADESH
521180",KRISHNA,Unaided - Private,N,N,1-2507491,fetchdata,2013-2014,Engineering and Technology,1,1,1,1,Andhra Pradesh,1
1-1404402072,JNTUA COLLEGE OF ENGINEERING PULIVENDULA,MUDDANURU ROAD,YSR DISTRICT,Government,N,N,1-473911691,fetchdata,2013-2014,Engineering and Technology,1,1,1,1,Andhra Pradesh,1
1-1432964353,RAMIREDDY SUBBARAMI REDDY ENGINEERING COLLEGE,"N.H.5,
KADANUTHALA (VILLAGE),
BOGOLE (MANDAL),
SPS NELLORE (DISTRICT),
PIN - 524 142",NELLORE,Unaided - Private,N,N,1-3453101,fetchdata,2013-2014,Engineering and Technology,1,1,1,1,Andhra Pradesh,1
1-1484869103,SRI VENKATESWARA INSTITUTE OF SCIENCE & INFORMATION TECHNOLOGY,"VENKATRAMANNAGUDEM - THELIKICHERLA ROAD, PRAKASARAOPALEM (V), NALLAJERLA (M), TADEPALLIGUDEM - 534101, W.G. DT. A.P.",WEST GODAVARI,Unaided - Private,N,N,1-6041831,fetchdata,2013-2014,Engineering and Technology,1,1,1,1,Andhra Pradesh,1
1-1441661962,NOVA COLLEGE OF ENGINEERING AND TECHNOLOGY,"IBRAHIMPATNAM,
VIJAYAWADA-521456",KRISHNA,Unaided - Private,N,N,1-6262713,fetchdata,2013-2014,Engineering and Technology,1,1,1,1,Andhra Pradesh,1
1-1443168332,VELAGAPUDI RAMAKRISHNA SIDDHARTHA ENGINEERING COLLEGE,"VASANTHA NAGAR
KANURU
VIJAYAWADA - 7
AP, INDIA",KRISHNA,Unaided - Private,N,N,1-10213343,fetchdata,2013-2014,Engineering and Technology,1,1,1,1,Andhra Pradesh,1
1-1388706347,SMT. T.K.R. POLYTECHNIC,"SAI NAGAR, GUDIVADA ROAD",KRISHNA,Unaided - Private,N,N,1-437161311,fetchdata,2013-2014,Engineering and Technology,1,1,1,1,Andhra Pradesh,1
1-1393030162,CHIRALA ENGINEERING COLLEGE,"RAMAPURAM BEACH ROAD
AKKAYYAPALEM VILLAGE
VETAPALEM MANDAL
PRAKASAM DISTRICT",PRAKASAM,Unaided - Private,N,N,1-10435671,fetchdata,2013-2014,Engineering and Technology,1,1,1,1,Andhra Pradesh,1
1-1433420513,R.V.R.& J.C.COLLEGE OF ENGINEERING,"CHANDRAMOULIPURAM
CHOWDAVARAM
GUNTUR-522 019
ANDHRA PRADESH",GUNTUR,Unaided - Private,N,N,1-12529801,fetchdata,2013-2014,Engineering and Technology,1,1,1,1,Andhra Pradesh,1
1-1407067752,SREE VASAVI KANYAKA PARAMESWARI POLYTECHNIC,"MARKAPUR ROAD
KANDULAPURAM VILLAGE
CUMBUM MANDAL
PRAKASAM DISTRICT
A.P STATE.",PRAKASAM,Unaided - Private,N,N,1-423210721,fetchdata,2013-2014,Engineering and Technology,1,1,1,1,Andhra Pradesh,1
1-1431432142,KAKINADA INSTITUTE OF ENGINEERING & TECHNOLOGY FOR WOMEN,"KORANGI,
TALLAREVU MANDAL,
EAST GODAVARI DISTRICT",EAST GODAVARI,Unaided - Private,Y,N,1-3806221,fetchdata,2013-2014,Engineering and Technology,1,1,1,1,Andhra Pradesh,1
1-1427078276,CHALAPATHI INSTITUTE OF ENGINEERING AND TECHNOLOGY,"CHALAPATHI NAGAR, LAM, GUNTUR-522034, ANDHRA PRADESH",GUNTUR,Unaided - Private,N,N,1-3285881,fetchdata,2013-2014,Engineering and Technology,1,1,1,1,Andhra Pradesh,1
1-1470877630,V.S.LAKSHMI ENGINEERING COLLEGE FOR WOMEN,"N.H-214,MATLAPALEM,G.VEMAVARAM(V)
TALLAREVU(M)
EAST GODAVARI",EAST GODAVARI,Unaided - Private,Y,N,1-4466710,fetchdata,2013-2014,Engineering and Technology,1,1,1,1,Andhra Pradesh,1
1-1421692752,AKULA SREERAMULU COLLEGE OF ENGINEERING AND TECHNOLOGY,"TURANGI, KAKINADA, E.G.DIST.",EAST GODAVARI,Unaided - Private,N,N,1-5945491,fetchdata,2013-2014,Engineering and Technology,1,1,1,1,Andhra Pradesh,1
1-1431360882,SWAMY VIVEKANANDA ENGINEERING COLLEGE,"KALAVARAI(V), BOBBILI MANDALAM, VIZIANAGARAM DIST, ANDHRA PRADESH",VIZIANAGARAM,Unaided - Private,N,N,1-7130971,fetchdata,2013-2014,Engineering and Technology,1,1,1,1,Andhra Pradesh,1
1-1471360042,GOVERNMENT POLYTECHNIC FOR WOMEN,"GUJJANAGUNDLA
GUNTUR
ANDHRA PRADESH
PIN 522006",GUNTUR,Government,Y,N,1-466044331,fetchdata,2013-2014,Engineering and Technology,1,1,1,1,Andhra Pradesh,1
1-1394787822,BAPATLA ENGINEERING COLLEGE,"MAHATMAJIPURM
G.B.C ROAD
BAPATLA POST",GUNTUR,Unaided - Private,N,N,1-3933154,fetchdata,2013-2014,Engineering and Technology,1,1,1,1,Andhra Pradesh,1
1-1396521153,DR.K.V.SUBBA REDDY INSTITUTE OF TECHNOLOGY,"DR.K.V.SUBBA REDDY INSTITUTE OF TECHNOLOGY
OPP.DUPADU (RAILWAY STATION),
N.H. - 7,
LAKSHMIPURAM(POST)
KURNOOL - 518218.
ANDHRA PRADESH (STATE)",KURNOOL,Unaided - Private,N,N,1-3975664,fetchdata,2013-2014,Engineering and Technology,1,1,1,1,Andhra Pradesh,1
1-1408815975,PRAJNA INSTITUTE OF TECHNOLOGY & MANAGEMENT,"NH-5, RAMAKRISHNAPURAM (VILL),  PALASA (MDL), SRIKAKULAM (DISTRICT)",SRIKAKULAM,Unaided - Private,N,N,1-21656734,fetchdata,2013-2014,Engineering and Technology,1,1,1,1,Andhra Pradesh,1
1-1433416764,GATES INSTITUTE OF TECHNOLOGY,"NH-7, GOOTYANANTAPUR, ANANTAPUR - 515401, 
ANDHRA PRADESH",ANANTAPUR,Unaided - Private,N,N,1-7021304,fetchdata,2013-2014,Engineering and Technology,1,1,1,1,Andhra Pradesh,1
1-1478617602,RAJOLI VEERA REDDY PADMAJA ENGINEERING COLLEGE FOR WOMEN,"PULIVENDULA ROAD, TADIGOTLA VILLAGE, C.K.DINNIE MANDAL,
KADAPA",YSR DISTRICT,Unaided - Private,Y,N,1-5687314,fetchdata,2013-2014,Engineering and Technology,1,1,1,1,Andhra Pradesh,1
1-1460841272,SRI SIVANI INSTITUTE OF TECHNOLOGY,"CHILAKAPALEM JUNCTION,ETCHERAL MANDAL, SRIKAKULAM DIST.",SRIKAKULAM,Unaided - Private,N,N,1-15938264,fetchdata,2013-2014,Engineering and Technology,1,1,1,1,Andhra Pradesh,1
1-1473768454,GOVERNMENT POLYTECHNIC FOR MINORITIES,NALLAPADU,GUNTUR,Government,N,Y,1-456682113,fetchdata,2013-2014,Engineering and Technology,1,1,1,1,Andhra Pradesh,1
1-1404612552,LAKIREDDY BALI REDDY COLLEGE OF ENGINEERING,"L.B.REDDY NAGAR
MYLAVARAM - 521230, 
KRISHNA DISTRICT,
ANDHRA PRADESH.",KRISHNA,Unaided - Private,N,N,1-2508773,fetchdata,2013-2014,Engineering and Technology,1,1,1,1,Andhra Pradesh,1
1-1432879732,UNIVERSAL COLLEGE OF ENGINEERING AND TECHNOLOGY,"DOKIPARRU (VILLAGE)
MEDIKONDUR (MANDAL),
GUNTUR-522 438.",GUNTUR,Unaided - Private,N,N,1-2404711,fetchdata,2013-2014,Engineering and Technology,1,1,1,1,Andhra Pradesh,1
1-1484630777,GOVERNMENT INSTITUTE OF CERAMIC TECHNOLOGY,"CERAMIC ROAD,
THILAK NAGAR,
GUDUR.",NELLORE,Government,N,N,1-477786221,fetchdata,2013-2014,Engineering and Technology,1,1,1,1,Andhra Pradesh,1
1-1408936522,GMR INSTITUTE OF TECHNOLOGY,"GMR NAGAR
RAJAM
SRIKAKULAM DISTRICT",SRIKAKULAM,Unaided - Private,N,N,1-2609821,fetchdata,2013-2014,Engineering and Technology,1,1,1,1,Andhra Pradesh,1
1-1398448152,SRI VENKATESWARA COLLEGE OF ENGINEERING AND TECHNOLOGY,"R.V.S NAGAR, TIRUPATHI ROAD,  CHITTOOR-517127
ANDHRA PRADESH.",CHITTOOR,Unaided - Private,N,N,1-4734871,fetchdata,2013-2014,Engineering and Technology,1,1,1,1,Andhra Pradesh,1
1-1441160863,ST. MARY'S GROUP OF INSTITUTIONS GUNTUR,"CHEBROLU VILLAGE, CHEBROLU MANDAL, GUNTUR DISTRICT",GUNTUR,Unaided - Private,N,Y,1-6392801,fetchdata,2013-2014,Engineering and Technology,1,1,1,1,Andhra Pradesh,1
1-1498552068,"GOVERNMENT POLYTECHNIC, VIJAYAWADA",OPP MARIS STELLA COLLEGE,KRISHNA,Government,N,N,1-452266671,fetchdata,2013-2014,Engineering and Technology,1,1,1,1,Andhra Pradesh,1
1-1398419002,BHARATH EDUCATIONAL SOCIETY'S GROUP OF INSTITUTIONS,"GOLDEN VALLEY CAMPUS,
NH-205,
ANGALLU POST
MADANAPALLE",CHITTOOR,Unaided - Private,N,N,1-6715081,fetchdata,2013-2014,Engineering and Technology,1,1,1,1,Andhra Pradesh,1
1-1445565995,J.B.WOMENS EINGINEERING COLLEGE,"DAMINEDU VILLAGE,
RENIGUNTA ROAD,
TIRUPATI.",CHITTOOR,Unaided - Private,Y,N,1-9715611,fetchdata,2013-2014,Engineering and Technology,1,1,1,1,Andhra Pradesh,1
1-1543017459,NOVA'S INSTITUTE OF TECHNOLOGY,"N.H.-5, BYE PASS ROAD
TANGELLAMUDI VILLAGE
ELURU MANDAL
WEST GODAVARI DISTRCIT
ANDHRA PRADSEH
INDIA
PIN:534005",WEST GODAVARI,Unaided - Private,N,N,1-9742451,fetchdata,2013-2014,Engineering and Technology,1,1,1,1,Andhra Pradesh,1
1-1449878524,SREE VIDYANIKETHAN ENGINEERING COLLEGE,"SREE VIDYANIKETHAN ENGINEERING COLLEGE,
SREE SAINATH NAGAR,
A.RANGAMPET,
CHANDRAGIRI MANDAL,
CHITTOOR DISTRICT,
PIN: 517 102,
ANDHRA PRADESH.",CHITTOOR,Unaided - Private,N,N,1-4287165,fetchdata,2013-2014,Engineering and Technology,1,1,1,1,Andhra Pradesh,1
1-1454648562,MOTHER THERESA INSTITUTE OF ENGINEERING AND TECHNOLOGY,"MELUMOI VILLAGE AND POST, PALAMANER, CHITTOOR DIST, ANDHRA PRADESH 517408",CHITTOOR,Unaided - Private,N,N,1-4066143,fetchdata,2013-2014,Engineering and Technology,1,1,1,1,Andhra Pradesh,1
1-1455342402,T V R POLYTECHNIC,"MAIN ROAD, SONDIPUDI",SRIKAKULAM,Unaided - Private,N,N,1-501668061,fetchdata,2013-2014,Engineering and Technology,1,1,1,1,Andhra Pradesh,1
1-1449832602,SRI SAI ADITYA INSTITUTE OF SCIENCE & TECHNOLOGY,"ADITYA NAGAR
ADB ROAD
SURAMPALEM
GANDEPALLI MANDAL
E.G.DT.
533437",EAST GODAVARI,Unaided - Private,N,N,1-19920221,fetchdata,2013-2014,Engineering and Technology,1,1,1,1,Andhra Pradesh,1
1-1462741042,ANNAMACHARYA INSTITUTE OF TECHNOLOGY AND SCIENCES,"VENKATAPURAM (VILLAGE), MANGALAM ROAD, KARAKAMBADI(POST), RENIGUNTA(MANDAL),TIRUPATI-517520, CHITTOOR DIST",CHITTOOR,Unaided - Private,N,N,1-6104121,fetchdata,2013-2014,Engineering and Technology,1,1,1,1,Andhra Pradesh,1
1-1423868961,CHAITANYA POLYTECHNIC,"S.NO:56 SARPAVARAM
KAKINADA RURAL",EAST GODAVARI,Unaided - Private,N,N,,fetchdata,2013-2014,Engineering and Technology,1,1,1,1,Andhra Pradesh,1
1-1485140792,GOUTHAMI INSTITUTE OF TECHNOLOGY & MANAGEMENT FOR WOMEN,"SAI NAGAR, PEDDASETTYPALLE(V),
PRODDATUR(M), KADAPA(DT),
ANDHRA PRADESH - 516361",YSR DISTRICT,Unaided - Private,Y,N,1-6227996,fetchdata,2013-2014,Engineering and Technology,1,1,1,1,Andhra Pradesh,1
1-1432922145,NARAYANA ENGINEERING COLLEGE,"DHURJATI NAGAR
GUDURU
NELLORE (DT)",NELLORE,Unaided - Private,N,N,1-7884691,fetchdata,2013-2014,Engineering and Technology,1,1,1,1,Andhra Pradesh,1
1-1402514553,DADI INSTITUTE OF ENGINEERING & TECHNOLOGY (DIET),"DADI INSTITUTE OF ENGINEERING & TECHNOLOGY
NATIONAL HIGH WAY- 5,
GAVARAPALEM,
ANAKAPALLE,
VISAKHAPATNAM -531002.",VISHAKHAPATNAM,Unaided - Private,N,N,1-8547648,fetchdata,2013-2014,Engineering and Technology,1,1,1,1,Andhra Pradesh,1
1-1473741225,GOVERNMENT POLYTECHNIC NELLORE,VENKATESWARAPURAM,NELLORE,Government,N,N,1-455937761,fetchdata,2013-2014,Engineering and Technology,1,1,1,1,Andhra Pradesh,1
1-1462776812,SARADA INSTITUTE OF SCIENCE TECHNOLOGY AND MANAGEMENT,"AMPOLU ROAD
GARA MANDAL
SRIKAKULAM-PIN 532404
ANDHRA PRADESH",SRIKAKULAM,Unaided - Private,N,N,1-7876191,fetchdata,2013-2014,Engineering and Technology,1,1,1,1,Andhra Pradesh,1
1-1579698232,GOVERNMENT POLYTECHNIC,"ZP BOYS HIGH SCHOOL CAMPUS
KAMALAPURAM",YSR DISTRICT,Government,N,N,1-465144811,fetchdata,2013-2014,Engineering and Technology,1,1,1,1,Andhra Pradesh,1
1-1478032103,KOTTAM COLLEGE OF ENGINEERING,"CHINNA TEKURU (V),
KALLUR (M),
KURNOOL (DIST),
ANDHRA PRADESH",KURNOOL,Unaided - Private,N,N,1-6051351,fetchdata,2013-2014,Engineering and Technology,1,1,1,1,Andhra Pradesh,1
1-1431035742,SWAMY VIVEKANANDA POLYTECHNIC,KALAVARAI VILLAGE,VIZIANAGARAM,Unaided - Private,N,N,1-475275711,fetchdata,2013-2014,Engineering and Technology,1,1,1,1,Andhra Pradesh,1
1-1441616484,STANLEY STEPHEN COLLEGE OF ENGINEERING & TECHNOLOGY,"PANCHALINGALA (V), KURNOOL-518004.
ANDHRA PRADESH. INDIA.",KURNOOL,Unaided - Private,N,N,1-2944831,fetchdata,2013-2014,Engineering and Technology,1,1,1,1,Andhra Pradesh,1
1-1462812502,GIET ENGINEERING COLLEGE,"NH-5, CHAITANYA KNOWLEDGE CITY, VELUGUBANDA (V), RAJANAGARAM (M), RAJAHMUNDRY-533296.",EAST GODAVARI,Unaided - Private,N,N,1-4272281,fetchdata,2013-2014,Engineering and Technology,1,1,1,1,Andhra Pradesh,1
1-1505318472,"GOVT. POLYTECHNIC FOR WOMEN, HINDUPUR, GOVT. OF A.P","GUDDAM
HINDUPUR
ANANTAPUR DT",ANANTAPUR,Government,Y,N,1-454592681,fetchdata,2013-2014,Engineering and Technology,1,1,1,1,Andhra Pradesh,1
1-1455552992,AVS COLLEGE OF ENGINEERING AND TECHNOLOGY,"VEERANA KANNUPUR VILLAGE,
VENKATACHALAM MANDAL,
NELLORE DISTRICT.",NELLORE,Unaided - Private,N,N,1-10033913,fetchdata,2013-2014,Engineering and Technology,1,1,1,1,Andhra Pradesh,1
1-1451169342,PRIYADARSHINI INSTITUTE OF TECHNOLOGY & SCIENCE,"CHINTALAPUDI, DUGGIRALA MANDAL, NEAR TENALI, GUNTUR DIST - ANDHRA PRADESH - 522 306",GUNTUR,Unaided - Private,N,N,1-4161548,fetchdata,2013-2014,Engineering and Technology,1,1,1,1,Andhra Pradesh,1
1-1437513966,RAJEEV GANDHI MEMORIAL COLLEGE OF ENGINEERING & TECHNOLOGY,"N.H. - 18
NANDYAL 
KURNOOL DIST. 
A.P.",KURNOOL,Unaided - Private,N,N,1-7535941,fetchdata,2013-2014,Engineering and Technology,1,1,1,1,Andhra Pradesh,1
1-1448212122,MAHARAJA ANANDA GAJAPATHI RAJU GOVERNMENT POLYTECHNIC,"PHOOLBAUGH COLONY
NELLIMARLA ROAD",VIZIANAGARAM,Government,N,N,1-454435501,fetchdata,2013-2014,Engineering and Technology,1,1,1,1,Andhra Pradesh,1
1-1462909412,KAKINADA INSTITUTE OF TECHNOLOGY AND SCIENCE,"TIRUPATHI VILLAGE
PEDDAPURAM MANDAL
EAST GODAWARI DIST.,
ANDRAPRADESH-533433",EAST GODAVARI,Unaided - Private,N,N,1-4781171,fetchdata,2013-2014,Engineering and Technology,1,1,1,1,Andhra Pradesh,1
1-1437133256,CHEBROLU ENGINEERING COLLEGE,"CHEBROLU ENGINEERING COLLEGE
NEAR POWER STATION
CHEBROLU(P.O & MANDEL)
GUNTUR(DT)",GUNTUR,Unaided - Private,N,N,1-4187241,fetchdata,2013-2014,Engineering and Technology,1,1,1,1,Andhra Pradesh,1
1-1436962993,"GOVERNMENT POLYTECHNIC FOR WOMEN, NANDIGAMA","OLD BYE-PASS ROAD,
NEAR GAS COMPANY,",KRISHNA,Government,Y,N,1-455602811,fetchdata,2013-2014,Engineering and Technology,1,1,1,1,Andhra Pradesh,1
1-1451451016,GOVERNMENT POLYTECHNIC,"M H SCHOOL CAMPUS
4 ROAD JUNCTION
NEHRU CHOWK
ANAKAPALLI
VIZAG DT
INDIA
531001",VISHAKHAPATNAM,Government,N,N,1-454262893,fetchdata,2013-2014,Engineering and Technology,1,1,1,1,Andhra Pradesh,1
1-1448215155,MANDAVA INSTITUTE OF ENGINEERING AND TECHNOLOGY,"VIDYANAGAR, JAGGAYYAPETA, KRISHNA DT - 521175, ANDHRA PRADESH",KRISHNA,Unaided - Private,N,N,1-4252181,fetchdata,2013-2014,Engineering and Technology,1,1,1,1,Andhra Pradesh,1
1-1486850452,ARIES POLYTECHNIC COLLEGE,"1-123 B.N.R.PETA
CHITTOOR- TIRUTTANI ROAD",CHITTOOR,Unaided - Private,N,N,1-402988081,fetchdata,2013-2014,Engineering and Technology,1,1,1,1,Andhra Pradesh,1
1-1455451392,DHANEKULA INSTITUTE OF ENGINEERING & TECHNOLOGY,"DHANEKULA INSTITUTE OF ENGINEERING & TECHNOLOGY
GANGURU
PENAMALURU MANDALAM
VIJAYAWADA
ANDHRA PRADESH - 521 139
INDIA",KRISHNA,Unaided - Private,N,N,1-1548741,fetchdata,2013-2014,Engineering and Technology,1,1,1,1,Andhra Pradesh,1
1-1461452412,SRI SUNFLOWER COLLEGE OF ENGINEERING & TECHNOLOGY,"LANKAPALLI-521 131
GHANTASALA MANDAL
KRISHNA DISTRICT
ANDHRA PRADESH
INDIA",KRISHNA,Unaided - Private,N,N,1-2056521,fetchdata,2013-2014,Engineering and Technology,1,1,1,1,Andhra Pradesh,1
1-1511272012,GOVERNMENT POLYTECHNIC FOR WOMEN,M B T ROAD,CHITTOOR,Government,Y,N,1-454809251,fetchdata,2013-2014,Engineering and Technology,1,1,1,1,Andhra Pradesh,1
1-1451681582,NARAYANA ENGINEERING COLLEGE,"NARAYANA AVENUE
MUTHUKUR ROAD,
NELLORE - 524004",NELLORE,Unaided - Private,N,N,1-7178941,fetchdata,2013-2014,Engineering and Technology,1,1,1,1,Andhra Pradesh,1
1-1473368272,GOVERNMENT POLYTECHNIC,"TILAK NAGAR,
GUDUR -524101
SPSR NELLORE(DIST)",NELLORE,Government,N,N,1-457263301,fetchdata,2013-2014,Engineering and Technology,1,1,1,1,Andhra Pradesh,1
1-1398939263,BHARATH COLLEGE OF ENGINEERING AND TECHNOLOGY FOR WOMEN,"BUGGALATIPALLI,C.K.DINNA MANDAL,RAYACHOTY ROAD,KADAPA,ANDHRA PRADESH,INDIA",YSR DISTRICT,Unaided - Private,Y,N,1-9915321,fetchdata,2013-2014,Engineering and Technology,1,1,1,1,Andhra Pradesh,1
1-1451354622,SREERAMULU INSTITUTE OF TECHNOLOGY,"TETALI, TANUKU-534218, W.G.DIST, A.P.",WEST GODAVARI,Unaided - Private,N,N,1-4564461,fetchdata,2013-2014,Engineering and Technology,1,1,1,1,Andhra Pradesh,1
1-1454819252,SRI VANI EDUCATIONAL SOCIETY GROUP OF INSTITUTIONS,"CHEVUTURU(VIL)
G KONDURU(MDL)
KRISHNA(DIST)
PIN:521229",KRISHNA,Unaided - Private,N,N,1-14419987,fetchdata,2013-2014,Engineering and Technology,1,1,1,1,Andhra Pradesh,1
1-1461774542,QIS COLLEGE OF ENGINEERING & TECHNOLOGY,"PONDUR ROAD,
VENGAMUKKAPALEM,
ONGOLE-523272",PRAKASAM,Unaided - Private,N,N,1-2819834,fetchdata,2013-2014,Engineering and Technology,1,1,1,1,Andhra Pradesh,1
1-1421695372,AKULA SREERAMULU COLLEGE OF ENGINEERING,"NH-5, TETALI-534218, 
TANUKU, 
W.G.DIST, A.P.",WEST GODAVARI,Unaided - Private,N,N,1-5568726,fetchdata,2013-2014,Engineering and Technology,1,1,1,1,Andhra Pradesh,1
1-1480604304,VEMU INSTITUTE OF TECHNOLOGY,"P.KOTHAKOTA, (NEAR PAKALA)
PUTHALAPATTU MANDAL
CHITTOOR DISTRICT
ANDHRA PRADESH
PIN-517 112",CHITTOOR,Unaided - Private,N,N,1-8725091,fetchdata,2013-2014,Engineering and Technology,1,1,1,1,Andhra Pradesh,1
1-1434928102,G.PULLAIAH COLLEGE OF ENGINEERING AND TECHNOLOGY,"NANDIKOTKUR ROAD,KURNOOL",KURNOOL,Unaided - Private,N,N,1-23838031,fetchdata,2013-2014,Engineering and Technology,1,1,1,1,Andhra Pradesh,1
1-1535042345,PRIYADARSHNI INSTITUTE OF TECHNOLOGY & MANEGEMENT,"5TH MILE, PULLADIGUNTA, GUNTUR-17",GUNTUR,Unaided - Private,N,N,1-3589711,fetchdata,2013-2014,Engineering and Technology,1,1,1,1,Andhra Pradesh,1
1-1463258424,CHADALAWADA RAMANAMMA ENGINEERING COLLEGE,"CHADALAWADA NAGAR, RENIGUNTA ROAD, TIRUPATI",CHITTOOR,Unaided - Private,N,N,1-10607954,fetchdata,2013-2014,Engineering and Technology,1,1,1,1,Andhra Pradesh,1
1-1499176662,KAKINADA INSTITUE OF TECHNOLOGICAL SCIENCES,"KAKINADA INSTITUE OF TECHNOLOGICAL SCIENCES
AMBIKAPALLI AGRAHARAM VILLAGE
RAMACHNDRAPURAM MANDAL
EAST GODAVARI DISTRICT",EAST GODAVARI,Unaided - Private,N,N,1-2736031,fetchdata,2013-2014,Engineering and Technology,1,1,1,1,Andhra Pradesh,1
1-1486805973,SRI VATSAVAI KRISHNAM RAJU POLYTECHNIC,"GOLLALAKODERU VILLAGE,",WEST GODAVARI,Unaided - Private,N,N,1-458049191,fetchdata,2013-2014,Engineering and Technology,1,1,1,1,Andhra Pradesh,1
1-1441150672,ST. MARY'S WOMEN'S ENGINEERING COLLEGE,"BUDAMPADU VILLAGE, GUNTUR RURAL MANDAL, GUNTUR DISTRICT, ANDHRA PRADESH, INDIA",GUNTUR,Unaided - Private,Y,Y,1-10359491,fetchdata,2013-2014,Engineering and Technology,1,1,1,1,Andhra Pradesh,1
1-1473264085,MRS. A V N COLLEGE,"21-1-17, AVN COLLEGE ROAD, NEAR POORNA MARKET, BACK SIDE OF KGH,",VISHAKHAPATNAM,Govt aided,N,N,1-776839441,fetchdata,2013-2014,Engineering and Technology,1,1,1,1,Andhra Pradesh,1
1-1501826972,SAI SAKTHI ENGINEERING COLLEGE,"MAHARAJAPURAM,
KANAKAMMACHATRAM (PO)",CHITTOOR,Unaided - Private,N,N,1-6471241,fetchdata,2013-2014,Engineering and Technology,1,1,1,1,Andhra Pradesh,1
1-1489619492,MONTESSORI SIVA SIVANI INSTITUTE OF SCIENCE AND TECHNOLOGY-COLLEGE OF ENGINEERING,"MONTESSORI SIVA SIVANI INSTITUTE OF SCIENCE AND TECHNOLOGY-COLLEGE OF ENGINEERING,GURRAJUPALEM,MYLAVARAM-521230,KRISHANA DIST,AP.",KRISHNA,Unaided - Private,N,N,1-34285321,fetchdata,2013-2014,Engineering and Technology,1,1,1,1,Andhra Pradesh,1
1-1572778462,GOVERNMENT MODEL RESIDENTIAL POLYTECHNIC,NIMMANAPALLE ROAD,CHITTOOR,Government,N,N,1-465653481,fetchdata,2013-2014,Engineering and Technology,1,1,1,1,Andhra Pradesh,1
1-1478689312,KALLAM HARANADHAREDDY INSTITUTE OF TECHNOLOGY,"BEHIND KALLAM SPINNING MILLS LIMITED
N.H.5,CHOWDAVARAM",GUNTUR,Unaided - Private,N,N,1-8213321,fetchdata,2013-2014,Engineering and Technology,1,1,1,1,Andhra Pradesh,1
1-1476257502,VIZAG INSTITUTE OF TECHNOLOGY,"DAKAMARRI VILLAGE & PANCHAYAT
BHEEMUNIPATNAM MANDAL
VISAKHAPATNAM-531162",VISHAKHAPATNAM,Unaided - Private,N,N,1-4897352,fetchdata,2013-2014,Engineering and Technology,1,1,1,1,Andhra Pradesh,1
1-1493548302,KIMS COLLEGE OF ENGINEERING,"NH-214,CHAITANYA NAGAR,
NEAR RED BRIDGE,
AMALAPURAM.
EAST GODAVARI DIST-533201",EAST GODAVARI,Unaided - Private,N,N,1-5760721,fetchdata,2013-2014,Engineering and Technology,1,1,1,1,Andhra Pradesh,1
1-1475697512,THANDRA PAPARAYA POLYTECHNIC,"KOMATIPALLI (V)
BOBBILI (MD)
VIZIANAGARAM-DT",VIZIANAGARAM,Unaided - Private,N,N,1-455824501,fetchdata,2013-2014,Engineering and Technology,1,1,1,1,Andhra Pradesh,1
1-1540521997,GOVERNMENT POLYTECHNIC FOR WOMEN,"SARASWATHI NAGAR,
DARGAMITTA,
NELLORE",NELLORE,Government,Y,N,1-466095961,fetchdata,2013-2014,Engineering and Technology,1,1,1,1,Andhra Pradesh,1
1-1547970169,DAITA MADHUSUDANA SASTRY SRI VENKATESWARA HINDU COLLEGE OF ENGINEERING,"DAITA MADHUSUDANA SASTRY SRI VENKATESWARA HINDU COLLEGE OF ENGINEERING,
MACHILIPATNAM
PIN - 521 002",KRISHNA,Unaided - Private,N,N,1-447958521,fetchdata,2013-2014,Engineering and Technology,1,1,1,1,Andhra Pradesh,1
1-1469818977,A.V.R & S.V.R ENGINEERING COLLEGE,"NH-18,
NANNUR(V)
ORVAKAL(M),
KURNOOL(DT)
518002.",KURNOOL,Unaided - Private,N,N,1-8637024,fetchdata,2013-2014,Engineering and Technology,1,1,1,1,Andhra Pradesh,1
1-1481460992,INDIRA PRIYADARSHINI COLLEGE OF ENGG AND TECH FOR WOMEN,"NANNUR (V),ORVAKAL (M),
KURNOOL(DIST)-518 002",KURNOOL,Unaided - Private,Y,N,1-6234833,fetchdata,2013-2014,Engineering and Technology,1,1,1,1,Andhra Pradesh,1
1-1476467572,SRI CHUNDI RANGANAYAKULU ENGINEERING COLLEGE,"GANAPAVARAM
NADENDLA(MANDAL)",GUNTUR,Unaided - Private,N,N,1-2037011,fetchdata,2013-2014,Engineering and Technology,1,1,1,1,Andhra Pradesh,1
1-1480583474,NARAYANADRI INSTITUTE OF SCIENCE AND TECHNOLOGY,"VENKATAPALLI ROAD, NEAR GOVT DEGREE COLLEGE,
RAJAMPET,KADAPA DIST, ANDHRA PRADESH 
PIN-516115.",YSR DISTRICT,Unaided - Private,N,N,1-6400741,fetchdata,2013-2014,Engineering and Technology,1,1,1,1,Andhra Pradesh,1
1-1469727972,K M M INSTITUTE OF TECHNOLOGY & SCIENCE,"RAMIREDDIPALLE
NARASINGAPURAM BPO
TIRUPATI RURAL - 517102",CHITTOOR,Unaided - Private,N,N,1-5369287,fetchdata,2013-2014,Engineering and Technology,1,1,1,1,Andhra Pradesh,1
1-1480280005,SHRI VISHNU ENGINEERING COLLEGE FOR WOMEN,"VISHNUPUR,
BHIMAVARAM",WEST GODAVARI,Unaided - Private,Y,N,1-3456561,fetchdata,2013-2014,Engineering and Technology,1,1,1,1,Andhra Pradesh,1
1-1500583322,"GOVERNMENT POLYTECHNIC, PILLARIPATTU",PILLARIPATTU,CHITTOOR,Government,N,N,1-454561923,fetchdata,2013-2014,Engineering and Technology,1,1,1,1,Andhra Pradesh,1
1-1505980165,GOVERNMENT POLYTECHNIC CHINAMERANGI,"GOVERNMENT POLYTECHNIC CHINAMERANGI,JIYAMMAVALASA MANDAL",VIZIANAGARAM,Government,N,N,1-805954011,fetchdata,2013-2014,Engineering and Technology,1,1,1,1,Andhra Pradesh,1
1-1497029813,KAUSHIK COLLEGE OF ENGINEERING,"GAMBHEERAM VILLAGAE,
ANANDAPURAM MANDAL,
VISAKHAPATNAM- 531163",VISHAKHAPATNAM,Unaided - Private,N,N,1-5852691,fetchdata,2013-2014,Engineering and Technology,1,1,1,1,Andhra Pradesh,1
1-1541062853,GOVERNMENT POLYTECHNIC,"JR.COLLEGE ROAD, ATMAKUR, S.P.S.R. NELLORE",NELLORE,Government,N,N,1-515472551,fetchdata,2013-2014,Engineering and Technology,1,1,1,1,Andhra Pradesh,1
1-1467322812,SHREE INSTITUTE OF TECHNICAL EDUCATION,"KRISHNAPURAM VILLAGE, RENIGUNTA MANDAL, CHITTOOR DIST., A.P.",CHITTOOR,Unaided - Private,N,N,1-6048723,fetchdata,2013-2014,Engineering and Technology,1,1,1,1,Andhra Pradesh,1
1-1507658115,ANU COLLEGE OF ENGINEERING AND TECHNOLOGY,"NAGARJUNA NAGAR,GUNTUR-522510",GUNTUR,Government,N,N,1-4579354,fetchdata,2013-2014,Engineering and Technology,1,1,1,1,Andhra Pradesh,1
1-1505358922,GOVERNMENT POLYTECHNIC,KORRAPADU ROAD PRODDATUR POST PIN 516361,YSR DISTRICT,Government,N,N,1-454006851,fetchdata,2013-2014,Engineering and Technology,1,1,1,1,Andhra Pradesh,1
1-1489877212,AUDISANKARA COLLEGE OF ENGINEERING & TECHNOLOGY,"NH-5,
BY-PASS ROAD,
GUDUR,
NELLORE DISTRICT,
ANDHRA PRADESH,
PIN:524101",NELLORE,Unaided - Private,N,N,1-4201911,fetchdata,2013-2014,Engineering and Technology,1,1,1,1,Andhra Pradesh,1
1-1491059474,SRI VATSAVAI KRISHNAM RAJU COLLEGE OF ENGINEERING&TECHNOLOGY,"SRI VATSAVAI KRISHNAM RAJU COLLEGE OF ENGINEERNING & TECHNOLOGY,GOLLALAKODERU VILLAGE, PALAKODERU MANDAL, BHIMAVARAM-534202",WEST GODAVARI,Unaided - Private,N,N,1-7931436,fetchdata,2013-2014,Engineering and Technology,1,1,1,1,Andhra Pradesh,1
1-1474266562,RAGHU INSTITUTE OF TECHNOLOGY,"DAKAMARRI VILLAGE,
BHEEMUNIPATNAM 
VISAKHAPATNAM DIST",VISHAKHAPATNAM,Unaided - Private,N,N,1-3119681,fetchdata,2013-2014,Engineering and Technology,1,1,1,1,Andhra Pradesh,1
1-1524433463,GOVERNMENT POLYTECHNIC,"INDIRAMMA COLONY
MADANAPALLI ROAD",CHITTOOR,Government,N,N,1-454806201,fetchdata,2013-2014,Engineering and Technology,1,1,1,1,Andhra Pradesh,1
1-1508597443,KRISHNA CHAITANYA INSTITUTE OF TECHNOLOGY & SCIENCES,"DEVARAJUGATTU VILLAGE,
PEDDARAVEEDU MANDAL,
PRAKASAM DISTRICT",PRAKASAM,Unaided - Private,N,N,1-3979901,fetchdata,2013-2014,Engineering and Technology,1,1,1,1,Andhra Pradesh,1
1-1540404123,SIMHADHRI EDUCATIONAL SOCIETY GROUP OF INSTITUTIONS,"NARAPADU(V)  AMMULUAPALEM(PO)
SABBAVARAM(MANDAL)
VISAKHAPATNAM(DT)",VISHAKHAPATNAM,Unaided - Private,N,N,1-14266274,fetchdata,2013-2014,Engineering and Technology,1,1,1,1,Andhra Pradesh,1
1-1511414380,CHALAPATHI INSTITUTE OF TECHNOLOGY,"A.R. NAGAR, MOTHADAKA, GUNTUR",GUNTUR,Unaided - Private,N,N,1-4822221,fetchdata,2013-2014,Engineering and Technology,1,1,1,1,Andhra Pradesh,1
1-1464874394,VIGNAN'S INSTITUTE OF ENGINEERING FOR WOME,"KAPU JAGGARAJUPETA, VADLAPUDI POST, GAJUWAKA, VISAKHAPATNAM - 530 046",VISHAKHAPATNAM,Unaided - Private,Y,N,1-5843821,fetchdata,2013-2014,Engineering and Technology,1,1,1,1,Andhra Pradesh,1
1-1490595693,"PRIYADARSHINI COLLEGE OF ENGINEERING, SULLURPET-524121","AKKAMPETA
SULLURPETA-524121
SPSR NELLORE DIST.
ANDHRA PRADESH.",NELLORE,Unaided - Private,N,N,1-20371281,fetchdata,2013-2014,Engineering and Technology,1,1,1,1,Andhra Pradesh,1
1-1533198462,GOVERNMENT POLYTECHNIC,"GOVERMENT POLYTECHNIC
DEGREE COLLAGE PREMISES
RAMIREDDY PALLY ROAD
JAMMALAMADUGU",YSR DISTRICT,Government,N,N,1-456899381,fetchdata,2013-2014,Engineering and Technology,1,1,1,1,Andhra Pradesh,1
1-1474112404,TADIPATRI ENGINEERING COLLEGE,"KADAPA ROAD, VEERAPURAM (V),TADIPATRI(M).",ANANTAPUR,Unaided - Private,N,N,1-4380391,fetchdata,2013-2014,Engineering and Technology,1,1,1,1,Andhra Pradesh,1
1-1519709193,PRIYADARSHINI INSTITUTUE OF TECHNOLOGY,"KANUPARTHIPADU, NELLORE - 524 002
ANDHRA PRADESH",NELLORE,Unaided - Private,N,N,1-6106961,fetchdata,2013-2014,Engineering and Technology,1,1,1,1,Andhra Pradesh,1
1-1483278339,SRINIVASA DIPOLMA IN ENGINEERING & TECHNOLOGY,"BURJA (V),
NEAR CHELLAMNAIDUVALASA (V),
SEETHANAGARAM (M),
VIZIANAGARAM DIST - 535542.
ANDHARA PRADESH",VIZIANAGARAM,Unaided - Private,N,N,1-444957381,fetchdata,2013-2014,Engineering and Technology,1,1,1,1,Andhra Pradesh,1
1-1469572072,GOVERNMENT POLYTECHNIC,"OV ROAD 
POST OFFICE CENTRE",PRAKASAM,Government,N,N,1-454872263,fetchdata,2013-2014,Engineering and Technology,1,1,1,1,Andhra Pradesh,1
1-1495756252,GOVENMENT POLYTECHNIC,"E.E.BANGALOW
NEAR R&B GUEST HOUSE",KRISHNA,Government,N,N,1-474252861,fetchdata,2013-2014,Engineering and Technology,1,1,1,1,Andhra Pradesh,1
1-1538625153,"GOVT. POLYTECHNIC,MADAKASIRA,  GOVT. OF A.P","C/O SYTR GOVT. DEGREE COLLEGE CAMPUS,
MADAKASIRA,
ANANTAPUR DIST",ANANTAPUR,Government,N,N,1-454561201,fetchdata,2013-2014,Engineering and Technology,1,1,1,1,Andhra Pradesh,1
1-1507256423,ST. MICHAEL'S ACADEMY OF ENGINEERING & RESEARCH,"TECHNOVALLEY, TURAKALAKOTA,
NANDIGAM MANDAL,
SRIKAKULAM DIST.,
ANDHRA PRADESH
532220",SRIKAKULAM,Unaided - Private,N,N,1-9714171,fetchdata,2013-2014,Engineering and Technology,1,1,1,1,Andhra Pradesh,1
1-1485494892,INDO AMERICAN INSTITUTIONS - TECHNICAL CAMPUS,"INDO AMERICAN VALLEY,
SANKARAM VILLAGE,
BATLAPUDI POST,
ANAKAPALLE MANDAL,",VISHAKHAPATNAM,Unaided - Private,N,N,1-434059261,fetchdata,2013-2014,Engineering and Technology,1,1,1,1,Andhra Pradesh,1
1-1513578400,UNIVERSITY COLLEGE OF ENGINGEERING KAKINADA,"PITHAPURAM ROAD
JNTU K
KAKINADA",EAST GODAVARI,Government,N,N,1-706111901,fetchdata,2013-2014,Engineering and Technology,1,1,1,1,Andhra Pradesh,1
1-1472113016,"GOVERNMENT POLYTECHNIC, SATYAVEDU","C/O GOVT. JUNIOR COLLEGE, SATYAVEDU",CHITTOOR,Government,N,N,1-463787451,fetchdata,2013-2014,Engineering and Technology,1,1,1,1,Andhra Pradesh,1
1-1471851072,DIVISEEMA POLYTECHNIC,"1-185-1
RAMACHANDRA PURAM",KRISHNA,Unaided - Private,N,N,1-455262197,fetchdata,2013-2014,Engineering and Technology,1,1,1,1,Andhra Pradesh,1
1-1480411122,VAISHNAVI INSTITUTE OF TECHNOLOGY,"TANAPALLI(V)
KUNTRAPAKKAM(P)
TIRUPATI RURAL",CHITTOOR,Unaided - Private,N,N,1-6169101,fetchdata,2013-2014,Engineering and Technology,1,1,1,1,Andhra Pradesh,1
1-1562073592,"GOVT.POLYTECHNIC ,REPALLE",GOVT.JUNIOR COLLEGE CAMPUS,GUNTUR,Government,N,N,1-481845421,fetchdata,2013-2014,Engineering and Technology,1,1,1,1,Andhra Pradesh,1
1-1551518522,GOVERNMENT POLYTECHNIC,Z.P.H.SCHOOL CAMPUS,GUNTUR,Government,N,N,1-481013391,fetchdata,2013-2014,Engineering and Technology,1,1,1,1,Andhra Pradesh,1
1-1524059332,SRI VADDAMANU CHIDANANDAM MEMORIAL POLYTECHNIC,"4-2-15
NELLORE ROAD
GOPAVARAM MANDAL",YSR DISTRICT,Unaided - Private,N,N,1-446147101,fetchdata,2013-2014,Engineering and Technology,1,1,1,1,Andhra Pradesh,1
1-1487909675,MENTEY PADMANABHAM COLLEGE OF ENGINEERING & TECHNOLOGY,"KGRL COLLEGE ROAD, BHIMAVARAM, WEST GODAVARI DISTRICT, ANDHRA PRADESH",WEST GODAVARI,Unaided - Private,N,N,1-5810211,fetchdata,2013-2014,Engineering and Technology,1,1,1,1,Andhra Pradesh,1
1-1474243633,RAGHU ENGINEERING COLLEGE,"DAKAMARRI VILLAGE,
BHEEMUNIPATNAM MANDAL,
VISAKHAPATNAM",VISHAKHAPATNAM,Unaided - Private,N,N,1-9785275,fetchdata,2013-2014,Engineering and Technology,1,1,1,1,Andhra Pradesh,1
1-1490285602,GOVERNMENT POLYTECHNIC FOR MINORITIES,"B-THANDRAPADU
KURNOOL-2",KURNOOL,Government,N,Y,1-456876091,fetchdata,2013-2014,Engineering and Technology,1,1,1,1,Andhra Pradesh,1
1-1469491482,SRIKALAHASTEESWARA INSTITUTE OF TECHNOLOGY,"PANAGAL
SRIKALAHASTI
CHITTOOR DIST,
ANDHRA PRADESH
PIN-â 517 640.",CHITTOOR,Government,N,N,1-6271657,fetchdata,2013-2014,Engineering and Technology,1,1,1,1,Andhra Pradesh,1
1-1483246912,ST.MARK EDUCATIONAL INSTITUTION SOCIETY GROUP OF INSTITUTION (INTEGRATED CAMPUS),"ST.MARK CAMPUS,BELLARY ROAD ,RACHANAPALLY,ANANTAPUR",ANANTAPUR,Unaided - Private,N,N,1-5776303,fetchdata,2013-2014,Engineering and Technology,1,1,1,1,Andhra Pradesh,1
1-1480499102,SESHACHALA INSTITUTE OF ENGINEERING & TECHNOLOGY,"SVS NAGAR,
VADAMALA VILLAGE,
VADAMALAPETA,
TIRUPATI.",CHITTOOR,Unaided - Private,N,N,1-440116001,fetchdata,2013-2014,Engineering and Technology,1,1,1,1,Andhra Pradesh,1
1-1481305732,SIDDARTHA INSTITUTE OF SCIENCE AND TECHNOLOGY,"SIDDARTHA NAGAR
NARAYANAVANAM ROAD
PUTTUR - 517 583
CHITTOOR DISTRICT
ANDHRA PRADESH",CHITTOOR,Unaided - Private,N,N,1-3042114,fetchdata,2013-2014,Engineering and Technology,1,1,1,1,Andhra Pradesh,1
1-1523660082,SUJANA COLLEGE OF POLYTECHNIC,"39-27-44/7, VUDA LAYOUT, MADHAVADHARA",VISHAKHAPATNAM,Unaided - Private,N,N,1-512688231,fetchdata,2013-2014,Engineering and Technology,1,1,1,1,Andhra Pradesh,1
1-1493679693,GOVERNMENT POLYTECHNIC,"GOVT. BOYS HIGH SCHOOL-I,
ALUR",KURNOOL,Government,N,N,1-474055771,fetchdata,2013-2014,Engineering and Technology,1,1,1,1,Andhra Pradesh,1
1-1507099935,GOVERNMENT POLYTECHNIC,RAILWAY FEEDER ROAD,CHITTOOR,Government,N,N,1-456114171,fetchdata,2013-2014,Engineering and Technology,1,1,1,1,Andhra Pradesh,1
1-1497497932,GOVERNMENT POLYTECHNIC,"GOVERNMENT POLYTECHNIC,DEGREE COLLEGE CAMPUS",YSR DISTRICT,Government,N,N,1-451882421,fetchdata,2013-2014,Engineering and Technology,1,1,1,1,Andhra Pradesh,1
1-1480322502,SRI ADITYA ENGINEERING COLLEGE,"ADITYA NAGAR,
ADB ROAD,
SURAMPALEM,
VIA PEDDAPURAM.",EAST GODAVARI,Unaided - Private,N,N,1-4023854,fetchdata,2013-2014,Engineering and Technology,1,1,1,1,Andhra Pradesh,1
1-1476354161,PIDATHALA RANGAREDDY POLYTECHNIC,"OPP. GOVT.HOSPITAL,
BADVEL ROAD,
GIDDALUR.(POST & MANDAL)
PRAKASAM DIST.
ANDHRA PRADESH",PRAKASAM,Unaided - Private,N,N,1-419953991,fetchdata,2013-2014,Engineering and Technology,1,1,1,1,Andhra Pradesh,1
1-1478696792,CHAITANYA ENGINEERING COLLEGE,"D. NO. 9-3-15,
NEAR PRAKRUTHI ASHRAMAM,
BHIMAVARAM-534 203,
WEST GODAVARI DISTRICT,
ANDHRA PRADESH",WEST GODAVARI,Unaided - Private,N,N,1-7127091,fetchdata,2013-2014,Engineering and Technology,1,1,1,1,Andhra Pradesh,1
1-1484958422,AMALAPURAM INSTITUTE OF MANAGEMENT SCIENCES & COLLEGE OF ENGINEERING.,"NH-214 ROAD,
MUMMIDIVARAM,
EAST GODAVARI DIST,
ANDHRA PRADESH,
PIN-533216.",EAST GODAVARI,Unaided - Private,N,N,1-3967731,fetchdata,2013-2014,Engineering and Technology,1,1,1,1,Andhra Pradesh,1
1-1476251322,SRI PADMAVATHI WOMENS POLYTECHNIC,"NEAR SV DAIRY FARM, CHITTOOR ROAD,",CHITTOOR,Govt aided,Y,N,1-479882101,fetchdata,2013-2014,Engineering and Technology,1,1,1,1,Andhra Pradesh,1
1-1490277224,YALAMARTY COLLEGE OF POLYTECHNIC,"YALAMARTY NAGAR, TARULAVADA, ANANDAPURAM , VISAKHAPATNAM.",VISHAKHAPATNAM,Unaided - Private,N,N,1-475432291,fetchdata,2013-2014,Engineering and Technology,1,1,1,1,Andhra Pradesh,1
1-1502999342,BENAIAH INSTITUTE OF TECHNOLOGY & SCIENCES,"CHRIST VIDHYA NAGAR,
BURUGUPUDI,
KORUKONDA MANDAL,E.G.DT.,",EAST GODAVARI,Unaided - Private,N,Y,1-522877031,fetchdata,2013-2014,Engineering and Technology,1,1,1,1,Andhra Pradesh,1
1-1470994158,BONAM VENKATA CHALAMAYYA ENGINEERING COLLEGE,"(VIA) AMALAPURAM, ALLAVARAM MANDAL, EAST GODAVARI DISTRICT",EAST GODAVARI,Unaided - Private,N,N,1-6029701,fetchdata,2013-2014,Engineering and Technology,1,1,1,1,Andhra Pradesh,1
1-1478555932,GODAVARI INSTITUTE OF ENGINEERING & TECHNOLOGY,"NH-5, CHAITANYA NAGAR
VELUGUBANDA VILLAGE
RAJANAGARAM MANDAL
EAST GODAVARI DISTRICT",EAST GODAVARI,Unaided - Private,N,N,1-5015921,fetchdata,2013-2014,Engineering and Technology,1,1,1,1,Andhra Pradesh,1
1-1511896972,CHADALAWADA VENKATA SUBBAIAH COLLEGE OF ENGINEERING,"CHADALAWADA VENKATA SUBBAIAH COLLEGE OF ENGINEERING
CHADALAWADA NAGAR
RENIGUNTA ROAD
TIRUPATI.",CHITTOOR,Unaided - Private,N,N,1-8869884,fetchdata,2013-2014,Engineering and Technology,1,1,1,1,Andhra Pradesh,1
1-1496266322,SRI PRAKASH COLLEGE OF ENGINEERING,"RAJUPETA VILLAGE
KOTTURU PANCHAYAT",EAST GODAVARI,Unaided - Private,N,N,1-6909001,fetchdata,2013-2014,Engineering and Technology,1,1,1,1,Andhra Pradesh,1
1-1493633852,BAPATLA WOMEN'S ENGINEERING COLLEGE,"KARLAPALEM ROAD
BACK SIDE OF BAPATLA COLLEGE OF ARTS & SCIENCES",GUNTUR,Unaided - Private,Y,N,1-5301801,fetchdata,2013-2014,Engineering and Technology,1,1,1,1,Andhra Pradesh,1
1-1498920212,SHIPWRIGHT SCHOOL,"NAD PO 
VISAKHAPATNAM 530009",VISHAKHAPATNAM,Government,N,N,1-685705071,fetchdata,2013-2014,Engineering and Technology,1,1,1,1,Andhra Pradesh,1
1-1481684412,"GOVERNMENT POLYTECHNIC, URAVAKONDA",BALLARY BY PASS ROAD,ANANTAPUR,Government,N,N,1-467341191,fetchdata,2013-2014,Engineering and Technology,1,1,1,1,Andhra Pradesh,1
1-1506152017,SAIGANAPATHI ENGINEERING COLLEGE,"GIDIJALA VILLAGE,
ANANDAPURAM MANDAL,
VISAKHAPATNAM DISTRICT,
PIN-531173",VISHAKHAPATNAM,Unaided - Private,Y,N,1-3419951,fetchdata,2013-2014,Engineering and Technology,1,1,1,1,Andhra Pradesh,1
1-1486862455,DR SAMUEL GEORGE INSTITUTE OF ENGINEERING & TECHNOLOGY,"POST BOX NO:9

MARKAPUR(PO & MD)

PRAKASAM(DT)",PRAKASAM,Unaided - Private,N,N,1-4804114,fetchdata,2013-2014,Engineering and Technology,1,1,1,1,Andhra Pradesh,1
1-1471616656,ANAKAPALLE MERCHANTS ASSOCIATION KONATHALA SUBRAHMANYAM & IMMEDISETTY KANAKARAJU COLLEGE OF TECHNOLO,"KOTHURU VILLAGE
ANAKAPALLE MANDAL
ANAKAPALLE
VISAKHA DIST.
ANDHRA PRADESH
531001",VISHAKHAPATNAM,Unaided - Private,N,N,1-2786871,fetchdata,2013-2014,Engineering and Technology,1,1,1,1,Andhra Pradesh,1
1-1483411522,CHIRANJEEVI REDDY INSTITUTE OF ENGINEERING AND TECHNOLOGY,"ST. MARK CAMPUS,
BELLARY ROAD,
ANANTAPUR",ANANTAPUR,Unaided - Private,N,N,1-7990024,fetchdata,2013-2014,Engineering and Technology,1,1,1,1,Andhra Pradesh,1
1-1480997152,AKSHAYA BHARATHI INSTITUTE OF TECHNOLOGY,"R S NAGAR, 
SIDDAVATAM,
KADAPA,
ANDHRA PRADESH",YSR DISTRICT,Unaided - Private,N,N,1-4166824,fetchdata,2013-2014,Engineering and Technology,1,1,1,1,Andhra Pradesh,1
1-1469319772,KKR & KSR INSTITUTE OF TECHNOLOGY AND SCIENCES,"D NO:646,647
VINJANAMPADU (VILLAGE)
VATTICHERUKURU (MANDAL)
GUNTUR( DIST)
ANDHRAPRADESH
PIN:522017",GUNTUR,Unaided - Private,N,N,1-2076261,fetchdata,2013-2014,Engineering and Technology,1,1,1,1,Andhra Pradesh,1
1-1492996123,GIET POLYTECHNIC COLLEGE,"NH-5, CHAITANYA KNOWLEDGE CITY
VELUGUBANDA VILLAGE",EAST GODAVARI,Unaided - Private,N,N,1-708606061,fetchdata,2013-2014,Engineering and Technology,1,1,1,1,Andhra Pradesh,1
1-1543110758,SIR C.V.RAMAN INSTITUTE OF TECHNOLOGY & SCIENCES,"BEHIND BHARATH PETROL BUNK,
ANANTAPUR ROAD,
TADPATRI.",ANANTAPUR,Unaided - Private,N,N,1-10482254,fetchdata,2013-2014,Engineering and Technology,1,1,1,1,Andhra Pradesh,1
1-1490602212,SRI VENKATESWARA POLYTECHNIC FOR THE PHYSICALLY CHALLENGED,"S.P.W.
POLYTECHNIC CAMPUS,
 NEAR S.V.DAIRY FARM,",CHITTOOR,Unaided - Private,N,N,1-475255181,fetchdata,2013-2014,Engineering and Technology,1,1,1,1,Andhra Pradesh,1
1-1463316522,GOKUL GROUP OF INSTITUTIONS,"PIRIDI - VILLAGE,",VIZIANAGARAM,Unaided - Private,N,N,1-6621371,fetchdata,2013-2014,Engineering and Technology,1,1,1,1,Andhra Pradesh,1
1-1480561962,MADANAPALLE INSTITUTE OF TECHNOLOGY & SCIENCE,"10TH KM., ANGALLU (V), NH - 205,
KURABALAKOTA (M),
MADANAPALLE - ANANTAPUR ROAD,",CHITTOOR,Unaided - Private,N,N,1-7603741,fetchdata,2013-2014,Engineering and Technology,1,1,1,1,Andhra Pradesh,1
1-1484669202,RAJIV GANDHI RECS POLYTECHNIC,"RECS,OPPSITE TO BPCL PETROL BUNK,KASIMKOTA",VISHAKHAPATNAM,Unaided - Private,N,N,1-462392761,fetchdata,2013-2014,Engineering and Technology,1,1,1,1,Andhra Pradesh,1
1-1606346655,RGUKT- RK VALLEY,"IDUPULAPAYA,VEMPALLI MANDALAM,
KADAPA DISTRICT,
ANDHRA PRADESH
HEAD OFFICE: RGUKT VINDHYA C-4, IIIT-H CAMPUS, GACHIBOWLI, HYDERABAD.",YSR DISTRICT,University Managed,N,N,1-853566191,fetchdata,2013-2014,Engineering and Technology,1,1,1,1,Andhra Pradesh,1
1-1493840498,DR.K.V.SUBBA REDDY COLLEGE OF ENGINEERING FOR WOMEN,"DR.K.V.SUBBA REDDY COLLEGE OF ENGINEERING FOR WOMEN
OPP. DUPADU RAILWAY STATION,
N.H - 7,
LAKSHMI PURAM (POST),
KURNOOL - 518218.
ANDHRA PRADESH",KURNOOL,Unaided - Private,Y,N,1-4255774,fetchdata,2013-2014,Engineering and Technology,1,1,1,1,Andhra Pradesh,1
1-1475767801,SRI KRISHNADEVARAYA UNIVERSITY COLLEGE OF ENGINEERING AND TECHNOLOGY,"SRI KRISHNADEVARAYA UNIVERSITY
S V PURAM",ANANTAPUR,University Managed,N,N,,fetchdata,2013-2014,Engineering and Technology,1,1,1,1,Andhra Pradesh,1
1-1555580401,GOVERNMENT POLYTECHNIC,GOVT.JUNIOR COLLEGE CAMPUS,ANANTAPUR,Government,N,N,1-455470741,fetchdata,2013-2014,Engineering and Technology,1,1,1,1,Andhra Pradesh,1
1-1492805842,"GOVT. POLYTECHNIC,DHARMAVARAM, GOVT. OF A.P","GUTTAKINDI PALLI
NEAR GOVT.DEGREE COLLEGE,
DHARMAVARAM,
ANANTAPUR DIST",ANANTAPUR,Government,N,N,1-454585981,fetchdata,2013-2014,Engineering and Technology,1,1,1,1,Andhra Pradesh,1
1-1469485362,LEELA KRUSHNA BABUJI POLYTECHNIC,"D.NO.6-67
BHEEMIREDDY NAGAR",EAST GODAVARI,Unaided - Private,N,N,1-453221041,fetchdata,2013-2014,Engineering and Technology,1,1,1,1,Andhra Pradesh,1
1-1511374342,SRI PADMAVATHI ENGINEERING COLLEGE,"MUSUNUR VILLAGE, KAVALI MANDAL, 
NELLORE DT",NELLORE,Unaided - Private,N,N,1-44819251,fetchdata,2013-2014,Engineering and Technology,1,1,1,1,Andhra Pradesh,1
1-1561223493,CHITTOOR POLYTECHNIC COLLEGE,"CHITTOOR POLYTECHNIC COLLEGE,
(BEHIND GOVT. HIGH SCHOOL),
GANGADHARA NELLORE",CHITTOOR,Unaided - Private,N,N,1-748992371,fetchdata,2013-2014,Engineering and Technology,1,1,1,1,Andhra Pradesh,1
1-1543072438,BALAJI INSTITUTE OF TECHNOLOGY AND SCIENCE,"BALAJI NAGAR, TALLAMAPURAM ROAD",YSR DISTRICT,Unaided - Private,N,N,1-6855414,fetchdata,2013-2014,Engineering and Technology,1,1,1,1,Andhra Pradesh,1
1-1474447262,S.V.GOVERNMENT POLYTECHNIC,"KAPILA THEERTHAM ROAD, OPP: T.T.D ADMN. BUILDING",CHITTOOR,Government,N,N,1-455999511,fetchdata,2013-2014,Engineering and Technology,1,1,1,1,Andhra Pradesh,1
1-1464879332,GOVERNMENT POLYTECHNIC,CSTS DEGREE COLLEGE CAMPUS,WEST GODAVARI,Government,N,N,1-463269041,fetchdata,2013-2014,Engineering and Technology,1,1,1,1,Andhra Pradesh,1
1-1469085192,DJR COLLEGE OF ENGINEERING & TECHNOLOGY,"DJR COLLEGE OF ENGINEERING & TECHNOLOGY,
DJR NAGAR,
VELPUR VILLAGE, VIA GUDAVALLI
VIJAYAWADA - 521104",KRISHNA,Unaided - Private,N,N,1-21378091,fetchdata,2013-2014,Engineering and Technology,1,1,1,1,Andhra Pradesh,1
1-1468697082,INTELL ENGINEERING COLLEGE,"AKKAMPALI 'X'
KALYANDURG ROAD
ANANTAPUR - 515 004",ANANTAPUR,Unaided - Private,N,N,1-3933661,fetchdata,2013-2014,Engineering and Technology,1,1,1,1,Andhra Pradesh,1
1-1535116804,GOVT.MODEL RESEDENTIAL POLYTECHNIC,"G M R POLYTECHNIC

TALARSINGH",VISHAKHAPATNAM,Government,N,N,1-450629931,fetchdata,2013-2014,Engineering and Technology,1,1,1,1,Andhra Pradesh,1
1-1573859922,PYDAH COLLEGE OF ENGINEERING,"PATAVALA, TALLAREVU MANDAL, EAST GODAVBARI DISTRICT.",EAST GODAVARI,Unaided - Private,N,N,1-4575591,fetchdata,2013-2014,Engineering and Technology,1,1,1,1,Andhra Pradesh,1
1-1614139965,GOVERNMENT POLYTECHNIC,"KANCHARAPALEM
NEAR URVASI JUNCTION",VISHAKHAPATNAM,Government,N,N,1-461017691,fetchdata,2013-2014,Engineering and Technology,1,1,1,1,Andhra Pradesh,1
