institute_id,institute_name,address,district,institution_type,women_only,minority,parent_id,method,year,program,level,institutiontype,Women,Minority,state,course
1-9322872509,HANSWAHINI INSTITUTE OF SCIENCE & TECHNOLOGY,MAHUARI CHAKIA POST:NIBI NAINI,ALLAHABAD,Private-Self Financing,N,N,1-477826721,fetchdata,2021-2022,Engineering and Technology,1,1,1,1,Uttar Pradesh,1
1-9322936052,"SRMS COLLEGE OF ENGINEERING & TECHNOLOGY, UNNAO",35 KM. STONE  LUCKNOW-KANPUR HIGHWAY,UNNAO,Private-Self Financing,N,N,1-425510491,fetchdata,2021-2022,Engineering and Technology,1,1,1,1,Uttar Pradesh,1
1-9322711636,GOVERNMENT POLYTECHNIC THAKURDWARA MORADABAD,"VILL-BHAVALPUR ,TEHSIL- THAKURDWARA",MORADABAD,Government,N,N,1-4910643091,fetchdata,2021-2022,Engineering and Technology,1,1,1,1,Uttar Pradesh,1
1-9322759239,KCC INSTITUTE OF TECHNOLOGY AND MANAGEMENT,"2B & 2C, KNOWLEDGE PARK III, GREATER NOIDA GAUTAMBUDH NAGAR",GAUTAM BUDDHA NAGAR,Private-Self Financing,N,N,1-13393212,fetchdata,2021-2022,Engineering and Technology,1,1,1,1,Uttar Pradesh,1
1-9323218724,BAKHSHI POLYTECHNIC,"MUJAR MACHHLI SHAHAR JAUNPUR, U.P.",JAUNPUR,Private-Self Financing,N,N,1-453167813,fetchdata,2021-2022,Engineering and Technology,1,1,1,1,Uttar Pradesh,1
1-9322534664,BEACON INSTITUTE OF TECHNOLOGY,"BY PASS ROAD PARTAPUR, MEERUT",MEERUT,Private-Self Financing,N,N,1-483969241,fetchdata,2021-2022,Engineering and Technology,1,1,1,1,Uttar Pradesh,1
1-9322606910,KASHI INSTITUTE OF TECHNOLOGY,"MS 23, VARANASI ALLAHABAD HIGHWAY, MIRZAMURAD, VARANASI",VARANASI,Private-Self Financing,N,N,1-7853771,fetchdata,2021-2022,Engineering and Technology,1,1,1,1,Uttar Pradesh,1
1-9322716500,UTTAR PRADESH TEXTILE TECHNOLOGY INSTITUTE KANPUR,11/208 SOUTER GANJ KANPUR,KANPUR NAGAR,Government,N,N,1-598267561,fetchdata,2021-2022,Engineering and Technology,1,1,1,1,Uttar Pradesh,1
1-9322890221,ABES INSTITUTE OF TECHNOLOGY,"CAMPUS - 2,  19TH KM STONE,  NATIONAL HIGHWAY - 24,  VIJAY NAGAR,  GHAZIABAD (UP)",GHAZIABAD,Private-Self Financing,N,N,1-6708331,fetchdata,2021-2022,Engineering and Technology,1,1,1,1,Uttar Pradesh,1
1-9323087961,DRONACHARYA GROUP OF INSTITUTIONS,"B-27, KNOWLEDGE PARK-III, GREATER NOIDA-201308",GAUTAM BUDDHA NAGAR,Private-Self Financing,N,N,1-2193161,fetchdata,2021-2022,Engineering and Technology,1,1,1,1,Uttar Pradesh,1
1-9323182611,"GOVERNMENT POLYTECHNIC , JHANSI",GWALIOR ROAD JHANSI,JHANSI,Government,N,N,1-491388531,fetchdata,2021-2022,Engineering and Technology,1,1,1,1,Uttar Pradesh,1
1-9322616778,"KAMLA NEHRU INSTITUTE OF TECHNOLOGY , SULTANPUR","KAMLA NEHRU INSTITUTE OF TECHNOLOGY, SULTANPUR 228118 (U.P)",SULTANPUR,Govt aided,N,N,1-9932280,fetchdata,2021-2022,Engineering and Technology,1,1,1,1,Uttar Pradesh,1
1-9322686533,SR INSTITUTE OF MANAGEMENT& TECHNOLOGY,"BHAISAMAU, BAKSHI KA TALAB, LUCKNOW",LUCKNOW,Private-Self Financing,N,N,1-21788371,fetchdata,2021-2022,Engineering and Technology,1,1,1,1,Uttar Pradesh,1
1-9322954594,PRAYAG INSTITUTE OF TECHNOLOGY AND MANAGEMENT,"ALLAHABAD - MIRZAPUR ROAD BENDO, KARCHHANA",ALLAHABAD,Private-Self Financing,N,N,1-8548971,fetchdata,2021-2022,Engineering and Technology,1,1,1,1,Uttar Pradesh,1
1-9554526951,MSME TECHNOLOGY CENTRE,INDUSTRIAL ESTATE KALPI ROAD KANPUR,KANPUR NAGAR,Government,N,N,1-9554526951,fetchdata,2021-2022,Engineering and Technology,1,1,1,1,Uttar Pradesh,1
1-9322689256,NARAINA VIDYA PEETH ENGINEERING & MANAGEMENT INSTITUTE,"GANGAGANJ, PANKI, KANPUR-208020 (UP) INDIA",KANPUR NAGAR,Private-Self Financing,N,N,1-7058815,fetchdata,2021-2022,Engineering and Technology,1,1,1,1,Uttar Pradesh,1
1-9322784495,RAMESHWARAM INSTITUTE OF TECHNOLOGY & MANAGEMENT,"GOVIND PURAM,  NEAR SEWA HOSPITAL,  SITAPUR ROAD,  LUCKNOW",LUCKNOW,Private-Self Financing,N,N,1-5796654,fetchdata,2021-2022,Engineering and Technology,1,1,1,1,Uttar Pradesh,1
1-9322836131,BABU BANARSI DAS INSTITUTE OF TECHNOLOGY,"7TH K.M. FROM GHAZIABAD ON N.H. 58, DELHI-MEERUT ROAD, DUHAI, GHAZIABAD (U.P.)",GHAZIABAD,Private-Self Financing,N,N,1-5551151,fetchdata,2021-2022,Engineering and Technology,1,1,1,1,Uttar Pradesh,1
1-9322837499,KALKA ENGINEERING COLLEGE,PARTA PUR  BYEPASS ROAD MEERUT,MEERUT,Private-Self Financing,N,N,1-22275071,fetchdata,2021-2022,Engineering and Technology,1,1,1,1,Uttar Pradesh,1
1-9322837825,SAVITRIBAI PHULE GOVERNMENT POLYTECHNIC,HARRA KI CHUNGI,AZAMGARH,Government,N,N,1-500004921,fetchdata,2021-2022,Engineering and Technology,1,1,1,1,Uttar Pradesh,1
1-10130383231,GOVERNMENT POLYTECHNIC ATRAULIA AZAMGARH RUN BY AICCEDS,VILLAGE-MAKRAHA TEHSIL-ATRAULIA BUDHANPUR 276142,AZAMGARH,Government,N,N,1-10130383231,fetchdata,2021-2022,Engineering and Technology,1,1,1,1,Uttar Pradesh,1
1-10137457601,ADHUNIK COLLEGE OF ENGINEERING,"9TH MILE STONE, DELHI MEERUT ROAD DUHAI, GHAZIABAD",GHAZIABAD,Private-Self Financing,N,N,1-510100011,fetchdata,2021-2022,Engineering and Technology,1,1,1,1,Uttar Pradesh,1
1-9321965288,C M S GOVERNMENT GIRLS POLYTECHNIC,SARADHANA ROAD,MEERUT,Government,Y,N,1-499735681,fetchdata,2021-2022,Engineering and Technology,1,1,1,1,Uttar Pradesh,1
1-9322189294,SARASWATI INSTITUTE OF ENGINEERING & TECHNOLOGY,"NH_24,PAWLA,PILAKHUWA,GHAZIABAD,U.P-245304",GHAZIABAD,Private-Self Financing,N,N,1-7856143,fetchdata,2021-2022,Engineering and Technology,1,1,1,1,Uttar Pradesh,1
1-9322190596,R D ENGINEERING COLLEGE & RESEARCH CENTRE,"9 TH KM MILE STONE ON NH 58 DELHI MEERUT ROAD, DUHAI GHAZIABAD",GHAZIABAD,Private-Self Financing,N,N,1-421190141,fetchdata,2021-2022,Engineering and Technology,1,1,1,1,Uttar Pradesh,1
1-9322192201,NORTHERN REGIONAL INSTITUTE OF PRINTING TECHNOLOGY,TELIARGANJ,ALLAHABAD,Government,N,N,1-510129781,fetchdata,2021-2022,Engineering and Technology,1,1,1,1,Uttar Pradesh,1
1-9321233441,SUNRISE INSTITUTE OF ENGINEERING TECHNOLOGY & MANAGEMENT,"KORARI KALA, ACHALGANJ-ROAD, UNNAO",UNNAO,Private-Self Financing,N,N,1-22939033,fetchdata,2021-2022,Engineering and Technology,1,1,1,1,Uttar Pradesh,1
1-9321514629,LUTAWAN INSTITUTE OF TECHNOLOGY AND MANAGEMENT,"SAKARA, JAITPURA, GHAZIPUR",GHAZIPUR,Private-Self Financing,N,N,1-4665304771,fetchdata,2021-2022,Engineering and Technology,1,1,1,1,Uttar Pradesh,1
1-9322371583,"UNITED COLLEGE OF ENGINEERING & RESEARCH, GREATER NOIDA","50, KNOWLEDGE PARK III, GREATER NOIDA",GAUTAM BUDDHA NAGAR,Private-Self Financing,N,N,1-6286037,fetchdata,2021-2022,Engineering and Technology,1,1,1,1,Uttar Pradesh,1
1-9322372904,HARDAYAL TECHNICAL CAMPUS,"24 MILES STONE, AGRA DELHI NATIONAL HIGHWAY (NH2), FARAH, MATHURA",MATHURA,Private-Self Financing,N,N,1-480895001,fetchdata,2021-2022,Engineering and Technology,1,1,1,1,Uttar Pradesh,1
1-9320029094,J. D. INSTITUTE OF ENGINEERING AND TECHNOLOGY,"VILL -  SADIPUR, POST - SADIPUR, TEHSIL - MUSAFIRKHANA",AMETHI,Private-Self Financing,N,N,1-3708459701,fetchdata,2021-2022,Engineering and Technology,1,1,1,1,Uttar Pradesh,1
1-9322374346,UNITED COLLEGE OF ENGINEERING & RESEARCH,"UPSIDC INDUSTRIAL AREA, NAINI, ALLAHABAD",ALLAHABAD,Private-Self Financing,N,N,1-6281266,fetchdata,2021-2022,Engineering and Technology,1,1,1,1,Uttar Pradesh,1
1-9322375676,DR. K.N. MODI  ENGINEERING COLLEGE,"HAPUR ROAD, NEAR EYE HOSPITAL MODINAGAR-201204 DISTT. GHAZIABAD.",GHAZIABAD,Private-Self Financing,N,N,1-14677794,fetchdata,2021-2022,Engineering and Technology,1,1,1,1,Uttar Pradesh,1
1-9322378134,SHIVAM TECHNICAL CAMPUS,JUNCTION ROAD,BULANDSHAHAR,Private-Self Financing,N,N,1-481174431,fetchdata,2021-2022,Engineering and Technology,1,1,1,1,Uttar Pradesh,1
1-9322247671,MAHARAJA AGRASEN COLLEGE OF ENGG. &  TECHNOLOGY,"10 TH KM. BAGARPUR MAFEE,  GAJRAULA, DHANAURA, J.P NAGAR-244236 (UP)",JYOTIBA PHULE NAGAR,Private-Self Financing,N,N,1-6084002,fetchdata,2021-2022,Engineering and Technology,1,1,1,1,Uttar Pradesh,1
1-9322311683,SANSKAR COLLEGE OF ENGINEERING AND TECHNOLOGY,"SHREE GANPATI KNOWLEDGE PARK, OPP. JINDAL PIPES LTD., NH-24, JINDAL NAGAR, GHAZIABAD",GHAZIABAD,Private-Self Financing,N,N,1-10573051,fetchdata,2021-2022,Engineering and Technology,1,1,1,1,Uttar Pradesh,1
1-9322384649,NEELKANTH INSTITUTE OF TECHNOLOGY,"NH-58, NEAR SVBP AGRICULTURE UNIVERISTY,MEERUT",MEERUT,Private-Self Financing,N,N,1-13635421,fetchdata,2021-2022,Engineering and Technology,1,1,1,1,Uttar Pradesh,1
1-9322329421,JMS GROUP OF INSTITUTIONS,"HANS KNOWLEDGE PARK,34 MILES FROM DELHI, DELHI - HAPUR ROAD, GHAZIABAD",GHAZIABAD,Private-Self Financing,N,N,1-3143011,fetchdata,2021-2022,Engineering and Technology,1,1,1,1,Uttar Pradesh,1
1-9322257985,HI-TECH INSTITUTE OF ENGINEERING & TECHNOLOGY,"766, 26TH KM, DELHI-HAPUR BYPASS, NH-24",GHAZIABAD,Private-Self Financing,N,N,1-4167997,fetchdata,2021-2022,Engineering and Technology,1,1,1,1,Uttar Pradesh,1
1-9322391016,BHONWAL  SCHOOL OF ENGINEERING,"NATKUR, BIJNAUR- BANTHRA ROAD, LUCKNOW",LUCKNOW,Private-Self Financing,N,N,1-796189501,fetchdata,2021-2022,Engineering and Technology,1,1,1,1,Uttar Pradesh,1
1-9322392668,KANPUR INSTITUTE OF TECHNOLOGY,A-1 UPSIDC INDUSTRIAL AREA ROOMA,KANPUR NAGAR,Private-Self Financing,N,N,1-8069644,fetchdata,2021-2022,Engineering and Technology,1,1,1,1,Uttar Pradesh,1
1-9319992475,SHRI VISHWANATH COLLEGE OF POLYTECHNIC,"VILL & POST- KALAN TEHSIL-KADIPUR, DIST-SULTANPUR, UP",SULTANPUR,Private-Self Financing,N,N,1-3677646331,fetchdata,2021-2022,Engineering and Technology,1,1,1,1,Uttar Pradesh,1
1-9319993626,BABA RAMDAL SURAJDEV POLYTECHNIC COLLEGE,"VILL - PATNA,  POST - KANSO, TEHSIL - RASRA, DISTT - BALLIA",BALLIA,Private-Self Financing,N,N,1-3699404521,fetchdata,2021-2022,Engineering and Technology,1,1,1,1,Uttar Pradesh,1
1-9319993727,GANDHI INSTITUTE OF ENGINEERING AND TECHNOLOGY,HASTINAPUR POST AMBABAY,JHANSI,Private-Self Financing,N,N,1-3699404651,fetchdata,2021-2022,Engineering and Technology,1,1,1,1,Uttar Pradesh,1
1-9322332378,"TOWN POLYTECHNIC,BALLIA",TIKHAM PUR BALLIA,BALLIA,Govt aided,N,N,1-492974821,fetchdata,2021-2022,Engineering and Technology,1,1,1,1,Uttar Pradesh,1
1-9320167993,JAYPEE INSTITUTE OF INFORMATION TECHNOLOGY,"A-10, SECTOR-62 AND SECTOR 128, NOIDA",GAUTAM BUDDHA NAGAR,Deemed to be University(Pvt),N,N,1-3763789271,fetchdata,2021-2022,Engineering and Technology,1,1,1,1,Uttar Pradesh,1
1-9319949804,RAJ POLYTECHNIC,"SISWA, BABATPUR, BARAGAON, VARANASI",VARANASI,Private-Self Financing,N,N,1-3686504211,fetchdata,2021-2022,Engineering and Technology,1,1,1,1,Uttar Pradesh,1
1-9322279990,GOVERNMENT POLYTECHNIC SAHARANPUR,CHUNETI GADA DELHI ROAD SAHARANPUR,SAHARANPUR,Government,N,N,1-492104721,fetchdata,2021-2022,Engineering and Technology,1,1,1,1,Uttar Pradesh,1
1-9322280127,H R INSTITUTE OF ENGINEERING AND TECHNOLOGY,"7TH KM STONE, MEERUT ROAD, MORTA",GHAZIABAD,Private-Self Financing,N,N,1-455715581,fetchdata,2021-2022,Engineering and Technology,1,1,1,1,Uttar Pradesh,1
1-9320060627,R. N. POLYTECHNIC COLLEGE,"VILLAGE- MAJHAULI, POST- JHAROKALAN,  (RENUKOOT DUDDHI ROAD), TEHSIL-DUDDHI, SONBHADRA",SONBHADRA,Private-Self Financing,N,N,1-3705091321,fetchdata,2021-2022,Engineering and Technology,1,1,1,1,Uttar Pradesh,1
1-9322099098,ACCURATE INSTITUTE OF MANAGEMENT & TECHNOLOGY,"PLOT NO. 49, KNOWLEDGE PARK-III",GAUTAM BUDDHA NAGAR,Private-Self Financing,N,N,1-6060126,fetchdata,2021-2022,Engineering and Technology,1,1,1,1,Uttar Pradesh,1
1-9322168939,D.N.POLYTECHNIC MEERUT,PARTAPUR DELHI ROAD,MEERUT,Govt aided,N,N,1-514619561,fetchdata,2021-2022,Engineering and Technology,1,1,1,1,Uttar Pradesh,1
1-9322216352,GOKARAN NARVADESHWAR INSTITUTE OF TECHNOLOGY AND MANAGEMENT,"VILLAGE-TINDOLA 12 KM STONE,LUCKNOW-DEWA ROAD BARABANKI",BARABANKI,Private-Self Financing,N,N,1-21643361,fetchdata,2021-2022,Engineering and Technology,1,1,1,1,Uttar Pradesh,1
1-9322105376,INSTITUTE OF ENGINEERING & TECHNOLOGY,"BUNDELKHAND UNIVERSITY CAMPUS, KANPUR ROAD, JHANSI",JHANSI,Government,N,N,1-491997703,fetchdata,2021-2022,Engineering and Technology,1,1,1,1,Uttar Pradesh,1
1-9322217632,NITRA TECHNICAL CAMPUS,SECTOR-23 RAJ NAGAR,GHAZIABAD,Govt aided,N,N,1-760017261,fetchdata,2021-2022,Engineering and Technology,1,1,1,1,Uttar Pradesh,1
1-9322021692,FIT ENGINEERING COLLEGE,"KASERU BUXAR, GREEN PARK, MAWANA ROAD, MEERUT",MEERUT,Private-Self Financing,N,N,1-16992934,fetchdata,2021-2022,Engineering and Technology,1,1,1,1,Uttar Pradesh,1
1-9322359239,INFINITY INSTITUTE OF MANAGEMENT & TECHNOLOGY,"OPP- RADHA SWAMI SATSUNG BHAWAN, MUZAFFARNAGAR ROAD",SAHARANPUR,Private-Self Financing,N,N,1-525400571,fetchdata,2021-2022,Engineering and Technology,1,1,1,1,Uttar Pradesh,1
1-9322360358,SHAMBHUNATH INSTITUTE OF ENGINEERING & TECHNOLOGY,"JHALWA, NEAR IIIT, ALLAHABAD",ALLAHABAD,Private-Self Financing,N,N,1-10813514,fetchdata,2021-2022,Engineering and Technology,1,1,1,1,Uttar Pradesh,1
1-9320020590,CENTRE FOR ADVANCED STUDIES,"DR APJ ABDUL KALAM TECHNICAL UNIVERSITY UTTAR PRADESH, SECTOR-11, JANKIPURAM EXTENSION ,LUCKNOW",LUCKNOW,State Government University,N,N,1-3687166601,fetchdata,2021-2022,Engineering and Technology,1,1,1,1,Uttar Pradesh,1
1-9322233206,VIDYA COLLEGE OF ENGINEERING,"VIDYA COLLEGE OF ENGINEERING  VIDYA KNOWLEDGE PARK BAGHPAT ROAD , MEERUT  UTTAR PRADESH-250002",MEERUT,Private-Self Financing,N,Y,1-18873461,fetchdata,2021-2022,Engineering and Technology,1,1,1,1,Uttar Pradesh,1
1-9322482578,UNITED INSTITUTE OF TECHNOLOGY,"D-3 UPSIDC INDUSTRIAL AREA, NAINI",ALLAHABAD,Private-Self Financing,N,N,1-5284031,fetchdata,2021-2022,Engineering and Technology,1,1,1,1,Uttar Pradesh,1
1-9320258183,MODERN COLLEGE,"VILLAGE-KOCHHABHANWAR, POST-KOCHHABHANWAR, JHANSI",JHANSI,Private-Self Financing,N,Y,1-3766935741,fetchdata,2021-2022,Engineering and Technology,1,1,1,1,Uttar Pradesh,1
1-9320139698,GOVERNMENT POLYTECHNIC KUTANA BARAUT,"GOVERNMENT POLYTECHNIC KUTANA, BARAUT- BAGPAT",BAGPAT,Government,N,N,1-3732225511,fetchdata,2021-2022,Engineering and Technology,1,1,1,1,Uttar Pradesh,1
1-9320261019,AXIS INSTITUTE OF DIPLOMA ENGINEERING,VILL-SALEMPUR POS-MAHARAJPUR TEHSIL-NARWAL DIST-KANPUR,KANPUR NAGAR,Private-Self Financing,N,N,1-3745358721,fetchdata,2021-2022,Engineering and Technology,1,1,1,1,Uttar Pradesh,1
1-9320898089,INSTITUTE OF TECHNOLOGY AND MANAGEMENT,VILL CHEHARI MAHARJGANJ,MAHARAJGANJ,Private-Self Financing,N,N,1-10176721,fetchdata,2021-2022,Engineering and Technology,1,1,1,1,Uttar Pradesh,1
1-9321131501,APEX INSTITUTE OF TECHNOLOGY,"VILL. & PO KAUSHALGANJ, DISTT.- RAMPUR (U.P.),6 KM AWAY FROM RUDRAPUR, PIN CODE -244923",RAMPUR,Private-Self Financing,N,N,1-10083071,fetchdata,2021-2022,Engineering and Technology,1,1,1,1,Uttar Pradesh,1
1-9321132850,BUDDHA INSTITUTE OF TECHNOLOGY,"CL-1, SECTOR-7 VILL-BADGAHAN GIDA GORAKHPUR PIN-273209",GORAKHPUR,Private-Self Financing,N,N,1-11680601,fetchdata,2021-2022,Engineering and Technology,1,1,1,1,Uttar Pradesh,1
1-9321184116,CBS COLLEGE OF POLYTECHNIC,"C.B.S COLLEGE OF POLYTECHIC, VILLEGE-POIYA,PILI POKHAR, ALIGARH ROAD, AGRA-282006",AGRA,Private-Self Financing,N,N,1-751030791,fetchdata,2021-2022,Engineering and Technology,1,1,1,1,Uttar Pradesh,1
1-9320720326,NEW ERA COLLEGE OF SC. & TECH. GHAZIABAD,"616,BHIKANPUR, MEERUT ROAD, GHAZIABAD",GHAZIABAD,Private-Self Financing,N,N,1-419864321,fetchdata,2021-2022,Engineering and Technology,1,1,1,1,Uttar Pradesh,1
1-9320906982,"SHANTI INSTITUTE OF TECHNOLOGY (B.TECH,CS, IT, EC, ME, CE, EE) & MBA","SHANTI PURAM, KURALI BAGHPAT ROAD, MEERUT- 250501",MEERUT,Private-Self Financing,N,N,1-5285551,fetchdata,2021-2022,Engineering and Technology,1,1,1,1,Uttar Pradesh,1
1-9321140389,SHANTI INSTITUTE OF TECHNOLOGY (DIPLOMA IN ENGINEERING),"VILL+POST- KURALI, BAGHPAT ROAD, MEERUT",MEERUT,Private-Self Financing,N,N,1-460238021,fetchdata,2021-2022,Engineering and Technology,1,1,1,1,Uttar Pradesh,1
1-9320725202,INDU PRAKASH POLYTECHNIC COLLEGE,"VILL+POST-HALDHARPUR, DISTT- MAU",MAU,Private-Self Financing,N,N,1-2890153004,fetchdata,2021-2022,Engineering and Technology,1,1,1,1,Uttar Pradesh,1
1-9321197235,BHAGWATI INSTITUTE OF TECHNOLOGY & SCIENCE,"BHAGWATI KNOWLEDGE PARK, NH 24, DELHI-HAPUR ROAD, NEAR MASAURI CANAL, MASAURI, GHAZIABAD",GHAZIABAD,Private-Self Financing,N,N,1-2889771,fetchdata,2021-2022,Engineering and Technology,1,1,1,1,Uttar Pradesh,1
1-9320651096,MAHARAJA AGRASEN POLYTECHNIC COLLEGE,VILLAGE & POST : DAYANATPUR DISTRICT : GAUTAM BUDH NAGAR (U.P.),G B NAGAR,Private-Self Financing,N,N,1-482629801,fetchdata,2021-2022,Engineering and Technology,1,1,1,1,Uttar Pradesh,1
1-9320730182,INSTITUTE OF TECHNOLOGY & MANAGEMENT(341),ALIGARH PALAWAL DELHI ROAD  KARSUA ALIGARH,ALIGARH,Private-Self Financing,N,N,1-5715647,fetchdata,2021-2022,Engineering and Technology,1,1,1,1,Uttar Pradesh,1
1-9320653277,JHUNJHUNWALA P.G. COLLEGE FACULTY OF ENGINEERING AND TECHNOLOGY,"HANSAPUR,DWARIKA PURI, DABHA SEMAR , FAIZABAD",FAIZABAD,Private-Self Financing,N,N,1-1540123764,fetchdata,2021-2022,Engineering and Technology,1,1,1,1,Uttar Pradesh,1
1-9320929870,BABU BANARASI DAS NORTHERN INDIA INSTITUTE OF TECHNOLOGY,"SECTOR-II, DR. AKHILESH DAS NAGAR, FAIZABAD ROAD,CHINHAT",LUCKNOW,Private-Self Financing,N,N,1-12993504,fetchdata,2021-2022,Engineering and Technology,1,1,1,1,Uttar Pradesh,1
1-9320659074,"BAHAB DR. BHIM RAM AMBEDKAR COLLEGE OF AGRIL. ENGG. & TECHNOLOGY, ETAWAH (CSAUA&T, KANPUR)",BABA SAHAB DR. BHIM RAO AMBEDKAR COLLEGE OF AGRIL. ENGG. & TECHNOLOGY ETAWAH  NEAR GOVT. HOSPITAL AGRA ROAD ETAWAH,ETAWAH,Government,N,N,1-482001351,fetchdata,2021-2022,Engineering and Technology,1,1,1,1,Uttar Pradesh,1
1-9320663080,MEERUT INTERNATIONAL INSTITUTE OF TECHNOLOGY,GHAT ROAD NEAR SUBHARTI MEDICAL COLLEGE N.H. 58 (PARTAPUR BYE PASS),MEERUT,Private-Self Financing,N,N,1-9017377,fetchdata,2021-2022,Engineering and Technology,1,1,1,1,Uttar Pradesh,1
1-9319920668,BABA BINDESHWARI SINGH INSTITUTE OF TECHNOLOGY AND MANAGEMENT,"MURDAHA, SINDHORA ROAD",VARANASI,Private-Self Financing,N,N,1-450600351,fetchdata,2021-2022,Engineering and Technology,1,1,1,1,Uttar Pradesh,1
1-9320614941,"GOVERNMENT POLYTECHNIC MOHAMMAD PUR (GITI CAMPUS), BAHRAICH","GOVERNMENT POLYTECHNIC MOHAMMAD PUR (GITI CAMPUS), NANPARA ROAD,  BAHRAICH",BAHRAICH,Government,N,N,1-1573026321,fetchdata,2021-2022,Engineering and Technology,1,1,1,1,Uttar Pradesh,1
1-9320945507,ANJANA INSTITUTE OF TECHNICAL EDUCATION,"VILL-SANKROULI, MADUPUR POST-AJGARA,PRATAPGARH",PRATAPGARH,Private-Self Financing,N,N,1-493198401,fetchdata,2021-2022,Engineering and Technology,1,1,1,1,Uttar Pradesh,1
1-9320946732,ALIGARH COLLEGE OF ENGINEERING AND TECHNOLOGY,"3 KM FROM SASNI GATE, AT ALIGARH-MATHURA ROAD, ALIGARH.",ALIGARH,Private-Self Financing,N,N,1-9275577,fetchdata,2021-2022,Engineering and Technology,1,1,1,1,Uttar Pradesh,1
1-9319775659,UNIVERSITY POLYTECHNIC DIPLOMA,"RAMA CITY, NEAR MANDHANA RAILWAY STATION, G.T.ROAD, KANPUR",KANPUR NAGAR,Private-Self Financing,N,N,1-4290330307,fetchdata,2021-2022,Engineering and Technology,1,1,1,1,Uttar Pradesh,1
1-9319882495,MASS COLLEGE OF ENGINEERING & MANAGEMENT,"VILLAGE & POST SUSYANT KALA, ALIGARH-AGRA ROAD, NEAR MANGALATAYAN, SASNI, HATHRAS",HATHRAS,Private-Self Financing,N,N,1-7852236,fetchdata,2021-2022,Engineering and Technology,1,1,1,1,Uttar Pradesh,1
1-9320560277,MAHARANA PRATAAP COLLEGE OF ENGINEERING,"KALYANPUR-BITHOOR ROAD, BAIKUNTHPUR, KANPUR",KANPUR NAGAR,Private-Self Financing,N,N,1-8860461,fetchdata,2021-2022,Engineering and Technology,1,1,1,1,Uttar Pradesh,1
1-9320561550,GOVERNMENT POLYTECHNIC SAHASWAN BUDAUN,"VILL- SAMDA, KACHHLA ROAD, SAHASWAN, BUDAUN",BUDAUN,Government,N,N,1-3626474381,fetchdata,2021-2022,Engineering and Technology,1,1,1,1,Uttar Pradesh,1
1-9320689275,GALGOTIAS COLLEGE OF ENGINEERING & TECHNOLOGY,"PLOT NO 1, KNOWLEDGE PARK, PHASE II, INSTITUTIONAL AREA, GREATER NOIDA, UP.",GAUTAM BUDDHA NAGAR,Private-Self Financing,N,N,1-21805422,fetchdata,2021-2022,Engineering and Technology,1,1,1,1,Uttar Pradesh,1
1-9320695388,BABU BANARASI DAS ENGINEERING COLLEGE,"SECTOR-I, DR. AKHILESH DAS NAGAR, FAIZABAD ROAD",LUCKNOW,Private-Self Financing,N,N,1-14932291,fetchdata,2021-2022,Engineering and Technology,1,1,1,1,Uttar Pradesh,1
1-9320764819,D.N.S. COLLEGE OF ENGINEERING & TECHNOLOGY,"NH-24 DIDAULI, AMROHA",J P NAGAR,Private-Self Financing,N,N,1-7750107,fetchdata,2021-2022,Engineering and Technology,1,1,1,1,Uttar Pradesh,1
1-9320956014,DREAMS COLLEGE OF POLYTECHNIQUE,5TH KM MILESTONE JANTA ROAD SAHARANPUR,SAHARANPUR,Private-Self Financing,N,N,1-784811821,fetchdata,2021-2022,Engineering and Technology,1,1,1,1,Uttar Pradesh,1
1-9320956117,ASHOKA INSTITUTE OF TECHNOLOGY AND MANAGEMENT,"AKTHA,SARNATH,VARANASI.",VARANASI,Private-Self Financing,N,N,1-5716861,fetchdata,2021-2022,Engineering and Technology,1,1,1,1,Uttar Pradesh,1
1-9319886492,S. S. BAPU INSTITUTE OF POLYTECHNIC,"VILL - AKHOP, POST AKHOP, TEHSIL - BELTHARA ROAD, DISTT - BALLIA",BALLIA,Private-Self Financing,N,N,1-4682701881,fetchdata,2021-2022,Engineering and Technology,1,1,1,1,Uttar Pradesh,1
1-9323230247,SHRI KASHI CHANDRA DEV YADAV PRAVIDHIK SHIKSHAN SANSTHAN,"VILLAGE- HAZIPUR POST- BAMHAUR, SADAR, AZAMGARH",AZAMGARH,Private-Self Financing,N,N,1-465683701,fetchdata,2021-2022,Engineering and Technology,1,1,1,1,Uttar Pradesh,1
1-9322689921,BANARAS INSTITUTEOF POLYTECHNIC & ENGINEERING,VILLAGE GAJOKHAR POST PARSARA PHOOLPUR,VARANASI,Private-Self Financing,N,N,1-488233171,fetchdata,2021-2022,Engineering and Technology,1,1,1,1,Uttar Pradesh,1
1-9322789166,SUBHARTI POLYTECHNIC COLLEGE,"SUBHARTIPURAM, NH-58, DELHI-HARDWAR-MEERUT BYPASS ROAD",MEERUT,Private-Self Financing,N,N,1-478381221,fetchdata,2021-2022,Engineering and Technology,1,1,1,1,Uttar Pradesh,1
1-9323293474,DELHI TECHNICAL CAMPUS,"28/1, KNOWLEDGE PARK III, GREATER NOIDA, UTTAR PRADESH",GAUTAM BUDDHA NAGAR,Private-Self Financing,N,N,1-2216569401,fetchdata,2021-2022,Engineering and Technology,1,1,1,1,Uttar Pradesh,1
1-9322691980,UNITED COLLEGE OF ENGINEERING & MANAGEMENT,"D-2 UPSIDC INDUSTRIAL AREA, NAINI, ALLAHABAD",ALLAHABAD,Private-Self Financing,N,N,1-6249736,fetchdata,2021-2022,Engineering and Technology,1,1,1,1,Uttar Pradesh,1
1-9323149138,AJAY KUMAR GARG ENGINEERING COLLEGE,"27 KM STONE, DELHI-HAPUR BYPASS ROAD, ADHYATMIK NAGAR, GHAZIABAD, U.P",GHAZIABAD,Private-Self Financing,N,N,1-2893141,fetchdata,2021-2022,Engineering and Technology,1,1,1,1,Uttar Pradesh,1
1-9323234873,DR. BHEEM RAO AMBEDKAR POLYTECHNIC COLLEGE,VILL.- MARDAPUR POST SADAT,GHAZIPUR,Private-Self Financing,N,N,1-514424411,fetchdata,2021-2022,Engineering and Technology,1,1,1,1,Uttar Pradesh,1
1-9322848502,SUNDER DEEP GROUP OF INSTITUTIONS,NH-24 DELHI- HAPUR ROAD,GHAZIABAD,Private-Self Financing,N,N,1-3199093,fetchdata,2021-2022,Engineering and Technology,1,1,1,1,Uttar Pradesh,1
1-9322919281,HIMALYAN INSTITUTE OF TECHNOLOGY AND MANAGEMENT,"MOHAMMADPUR SARAIYA, POST- PAHARPUR, BKT, LUCKNOW, U.P.",LUCKNOW,Private-Self Financing,N,N,1-11292931,fetchdata,2021-2022,Engineering and Technology,1,1,1,1,Uttar Pradesh,1
1-9322800522,GANDHI POLYTECHNIC,MUZAFFARNAGAR,MUZAFFARNAGAR,Govt aided,N,N,1-508649771,fetchdata,2021-2022,Engineering and Technology,1,1,1,1,Uttar Pradesh,1
1-9322800732,"GOVERNMENT POLYTECHNIC, DEORIA",PO- G.I.ESTATE GORAKHPUR-DEORIA ROAD DISTT- DEORIA (U.P),DEORIA,Government,N,N,1-480403641,fetchdata,2021-2022,Engineering and Technology,1,1,1,1,Uttar Pradesh,1
1-9322856866,PSIT-PRANVEER SINGH INSTITUTE OF TECHNOLOGY,"NH-2 KANPUR AGRA NATIONAL HIGHWAY,BHAUTI, KANPUR",KANPUR NAGAR,Private-Self Financing,N,N,1-15116411,fetchdata,2021-2022,Engineering and Technology,1,1,1,1,Uttar Pradesh,1
1-9322923519,DR. RIZVI COLLEGE OF ENGINEERING,"DR. RIZVI EDUCATIONAL COMPLEX, KARARI, KAUSHAMBI",KAUSHAMBI,Private-Self Financing,N,Y,1-460509291,fetchdata,2021-2022,Engineering and Technology,1,1,1,1,Uttar Pradesh,1
1-9322859877,SHRI GIRRAJ MAHARAJ POLYTECHNIC COLLEGE,"7KM, MATHURA-BHRATPUR STATE HIGHWAY, VIILL.-MUNDESI,P.O.-DHANGAON. MATHURA",MATHURA,Private-Self Financing,N,N,1-474806531,fetchdata,2021-2022,Engineering and Technology,1,1,1,1,Uttar Pradesh,1
1-9323165810,RADHA GOVIND GROUP OF INSTITUTIONS,"ANUYOGIPURAM, GARH ROAD",MEERUT,Private-Self Financing,N,N,1-3799173,fetchdata,2021-2022,Engineering and Technology,1,1,1,1,Uttar Pradesh,1
1-9323271489,M.G. POLYTECHNIC,"VILL.-HABIBPUR, PARGANA-JHUNSI, TEHSIL-PHOOLPUR DISTT.-ALLAHABAD",ALLAHABAD,Private-Self Financing,N,N,1-2068620641,fetchdata,2021-2022,Engineering and Technology,1,1,1,1,Uttar Pradesh,1
1-9322867078,RISHI RAMNARESH TECHNICAL INSTITUTE,VILL+ PO - MOLANAPUR (DUBARI) TEHSHIL MADHUBAN,MAU,Private-Self Financing,N,N,1-460724781,fetchdata,2021-2022,Engineering and Technology,1,1,1,1,Uttar Pradesh,1
1-9323168795,DEV BHOOMI GROUP OF INSTITUTIONS,"VILL.JAMAPUR BERI DABKI ROAD, NEAR BALIA KHERI RAILWAY STATION SAHARANPUR",SAHARANPUR,Private-Self Financing,N,N,1-9218101,fetchdata,2021-2022,Engineering and Technology,1,1,1,1,Uttar Pradesh,1
1-9322755214,B.B.S. COLLEGE OF ENGINEERING & TECHNOLOGY,GADDOPUR PHAPHAMAU ALLAHABAD,ALLAHABAD,Private-Self Financing,N,N,1-8955671,fetchdata,2021-2022,Engineering and Technology,1,1,1,1,Uttar Pradesh,1
1-9322867270,ABHAY MEMORIAL TRUST GROUP OF INSTITUTIONS,"366 AKBARPUR, SALLAPUR",ALLAHABAD,Private-Self Financing,N,N,1-5325231,fetchdata,2021-2022,Engineering and Technology,1,1,1,1,Uttar Pradesh,1
1-9323076628,AZAD INSTITUTE OF ENGINEERING & TECHNOLOGY,"AZADPURAM, ADJACENT CRPF CAMP, POST CHANDRAWAL, BIJNAUR",LUCKNOW,Private-Self Financing,N,Y,1-10094951,fetchdata,2021-2022,Engineering and Technology,1,1,1,1,Uttar Pradesh,1
1-9318544992,J.P. INSTITUTE OF TECHNOLOGY & MANAGEMENT,"4.0 K.M. STONE MOHANLALGANJ KANPUR BYPASS ROAD, VILLAGE- BHASANDA PARGANA- NIGOHA TEHSIL - MOHANLALGANJ, LUCKNOW",LUCKNOW,Private-Self Financing,N,N,1-3348013468,fetchdata,2021-2022,Engineering and Technology,1,1,1,1,Uttar Pradesh,1
1-9318545124,ACHARY BALDEV POLYTECHNIC COLLEGE,"VILLAGE- KOPA, POST- PATARAHI, GHAZIPUR",JAUNPUR,Private-Self Financing,N,N,1-3357858051,fetchdata,2021-2022,Engineering and Technology,1,1,1,1,Uttar Pradesh,1
1-9318310211,SP MEMORIAL INSTITUTE TECHNOLOGY,"G.T.KANPUR ROAD, KAUSHAMBI, ALLAHABAD",ALLAHABAD,Private-Self Financing,N,N,1-12974226,fetchdata,2021-2022,Engineering and Technology,1,1,1,1,Uttar Pradesh,1
1-9318374860,"GOVERNMENT POLYTECHNIC,LALITPUR","MEHRONI ROAD, LALITPUR",LALITPUR,Government,N,N,1-497355503,fetchdata,2021-2022,Engineering and Technology,1,1,1,1,Uttar Pradesh,1
1-9318375011,K L S POLYTECHNIC COLLEGE,"20TH MILESTONE BIJNOR-HARIDWAR ROAD, NEAR CHANDOK , VILL-KHUDAHERI",BIJNOR,Private-Self Financing,N,N,1-484950331,fetchdata,2021-2022,Engineering and Technology,1,1,1,1,Uttar Pradesh,1
1-9318514823,SURESH DEEP POLYTECHNIC,"NH-24 DELHI- HAPUR ROAD, GHAZIABAD",GHAZIABAD,Private-Self Financing,N,N,1-2081614431,fetchdata,2021-2022,Engineering and Technology,1,1,1,1,Uttar Pradesh,1
1-9318515010,RADHA KRISHAN POLYTECHNIC COLLEGE,"SHUKLA KI PULIYA, HARIDWAR ROAD, DIST-MORADABAD",MORADABAD,Private-Self Financing,N,N,1-2194221261,fetchdata,2021-2022,Engineering and Technology,1,1,1,1,Uttar Pradesh,1
1-9318311143,SVS GROUP OF INSTITIONS,"SVS EDUCATIONAL VILLAGE,GANGA NAHAR",MEERUT,Private-Self Financing,N,N,1-8549271,fetchdata,2021-2022,Engineering and Technology,1,1,1,1,Uttar Pradesh,1
1-9318516438,APOLLO INSTITUTE OF TECHNOLOGY,"VILL. SUNDHELA, BLOCK SARSAUL, KANPUR",KANPUR NAGAR,Private-Self Financing,N,N,1-8889121,fetchdata,2021-2022,Engineering and Technology,1,1,1,1,Uttar Pradesh,1
1-9318362108,"GOVERNMENT LEATHER INSTITUTE, AGRA","INDUSTRIAL ESTATE, NUNHAI AGRA-06",AGRA,Government,N,N,1-475498331,fetchdata,2021-2022,Engineering and Technology,1,1,1,1,Uttar Pradesh,1
1-9318516829,INDRAPRASTHA INSTITUTE OF MANAGEMENT & TECHNOLOGY,"VILL: UMAHI (KOTA),SAHARANPUR MUZZAFAR NAGAR STATE HIGHWAY,SAHARANPUR",SAHARANPUR,Private-Self Financing,N,N,1-18909921,fetchdata,2021-2022,Engineering and Technology,1,1,1,1,Uttar Pradesh,1
1-9318545472,GOVERNMENT GIRLS POLYTECHNIC,"VILL. JAHANPUR, TEHSIL- TILHAR, POST- NIGOHI",SHAHJAHANPUR,Government,Y,N,1-3356005921,fetchdata,2021-2022,Engineering and Technology,1,1,1,1,Uttar Pradesh,1
1-9318545553,"GOVERNMENT POLYTECHNIC, PURAINA SADAR, MAHARAJGANJ","VILL+PO- PURAINA KHANDI, TEHSIL- SADAR,  MAHARAJGANJ, U.P. 273302",MAHARAJGANJ,Government,N,N,1-3359245281,fetchdata,2021-2022,Engineering and Technology,1,1,1,1,Uttar Pradesh,1
1-9318329520,VIVEKANAND INSTITUTE OF TECHNOLOGY & SCIENCE,"33-34 KM. MILE STONE, N.H. - 24, DELHI - HAPUR BY PASS, JINDAL NAGAR, GHAZIABAD",GHAZIABAD,Private-Self Financing,N,N,1-15868911,fetchdata,2021-2022,Engineering and Technology,1,1,1,1,Uttar Pradesh,1
1-9318329772,SIR CHHOTU RAM INSTITUTE OF ENGINEERING & TECHNOLOGY CCS UNIVERSITY MEERUT,CCS UNIVERSITY CAMPUS MEERUT,MEERUT,Government,N,N,1-479808442,fetchdata,2021-2022,Engineering and Technology,1,1,1,1,Uttar Pradesh,1
1-9318330926,SARDAR VALLABH BHAI PATEL COLLEGE OF POLYTECHNIC,"233 PAPARANANAKAR PIPARA NANAKAR , BAHERI BAREILLY - 243205 UP",BAREILLY,Private-Self Financing,N,N,1-478241871,fetchdata,2021-2022,Engineering and Technology,1,1,1,1,Uttar Pradesh,1
1-9318331100,SWAMI SAHAJANAND POLYTECHNIC,"VILLAGE & POST - PATWADH KAUTUK, BLOCK BILARIYAGANJ, TEHSIL SAGRI, AZAMGARH",AZAMGARH,Private-Self Financing,N,N,1-450312581,fetchdata,2021-2022,Engineering and Technology,1,1,1,1,Uttar Pradesh,1
1-9318331320,G.L. BAJAJ INSTITUTE OF TECHNOLOGY AND MANAGEMENT,"PLOT NO :2,KNOWLEDGE PARK - III",GAUTAM BUDDHA NAGAR,Private-Self Financing,N,N,1-4863336,fetchdata,2021-2022,Engineering and Technology,1,1,1,1,Uttar Pradesh,1
1-9318351754,MGM'S COLLEGE OF ENGINEERING AND TECHNOLOGY,"A-9, SECTOR-62, NOIDA",GAUTAM BUDDHA NAGAR,Private-Self Financing,N,N,1-5693791,fetchdata,2021-2022,Engineering and Technology,1,1,1,1,Uttar Pradesh,1
1-9318411302,BABA VISHWANATH INSTITUTE OF TECHNOLOGY,"AMNAVE, POST- MAHUJA, BLOCK MARTIN GANJ, TEHSIL- PHOOLPUR,",AZAMGARH,Private-Self Financing,N,N,1-455978431,fetchdata,2021-2022,Engineering and Technology,1,1,1,1,Uttar Pradesh,1
1-9318490018,GOVT. GIRLS POLYTECHNIC,LUCKNOW,LUCKNOW,Government,Y,N,1-480272543,fetchdata,2021-2022,Engineering and Technology,1,1,1,1,Uttar Pradesh,1
1-9318491471,GOVENMENT POLYTECHNIC GHAZIPUR,MAU ROAD,GHAZIPUR,Government,N,N,1-475289081,fetchdata,2021-2022,Engineering and Technology,1,1,1,1,Uttar Pradesh,1
1-9318332883,SHIVAJI INSTITUTE OF TECHNOLOGY AND MANAGEMENT,ALLAHABAD - MIRZAPUR ROAD BENDO KARCHHANA,ALLAHABAD,Private-Self Financing,N,N,1-466597743,fetchdata,2021-2022,Engineering and Technology,1,1,1,1,Uttar Pradesh,1
1-9318319829,GOVERNMENT POLYTECHNIC BUDAUN,BISAULI ROAD,BUDAUN,Government,N,N,1-475420653,fetchdata,2021-2022,Engineering and Technology,1,1,1,1,Uttar Pradesh,1
1-9318320000,D.E.I. TECHNICAL COLLEGE,"DAYALBAGH EDUCATIONAL INSTITUTE (DEEMED) UNIVERSITY, DAYALBAGH, AGRA 282005",AGRA,Govt aided,N,N,1-496299171,fetchdata,2021-2022,Engineering and Technology,1,1,1,1,Uttar Pradesh,1
1-9318336119,B K POLYTECHNIC,"NEEMGAON ROAD, BADHON RAYA, MATHURA",MATHURA,Private-Self Financing,N,N,1-2879941501,fetchdata,2021-2022,Engineering and Technology,1,1,1,1,Uttar Pradesh,1
1-9318539709,GOVT.GIRLS POLYTECHNIC JHANSI,GWALIOR ROAD JHANSI,JHANSI,Government,Y,N,1-479831861,fetchdata,2021-2022,Engineering and Technology,1,1,1,1,Uttar Pradesh,1
1-9318336453,"DR. AMBEDKAR INSTITUTE OF TECHNOLOGY FOR HANDICAPPED, U.P., KANPUR",AWADHPURI KANPUR,KANPUR NAGAR,Govt aided,N,N,1-488288631,fetchdata,2021-2022,Engineering and Technology,1,1,1,1,Uttar Pradesh,1
1-9318525626,GOEL INSTITUTE OF TECHNOLOGY & MANAGEMENT,"NEAR INDIRA CANAL, FAIZABAD ROAD, LUCKNOW-227105",LUCKNOW,Private-Self Financing,N,N,1-5729824,fetchdata,2021-2022,Engineering and Technology,1,1,1,1,Uttar Pradesh,1
1-9318305497,"GOVERNMENT POLYTECHNIC, FARRUKHABAD","BEWAR ROAD, BHOLEPUR",FARRUKHABAD,Government,N,N,1-478892761,fetchdata,2021-2022,Engineering and Technology,1,1,1,1,Uttar Pradesh,1
1-9318306630,MAHAMAYA POLYTECHNIC FOR INFORMATION TECHNOLOGY,ALIGARH,ALIGARH,Government,N,N,1-2872744181,fetchdata,2021-2022,Engineering and Technology,1,1,1,1,Uttar Pradesh,1
1-9318322257,DR. RAJENDRA PRASAD POLYTECHNIC,V.P.O.- SUNDERPUR  TEHSIL - BEHAT DISTT- SAHARANPUR,SAHARANPUR,Private-Self Financing,N,N,1-465872931,fetchdata,2021-2022,Engineering and Technology,1,1,1,1,Uttar Pradesh,1
1-9318336791,G L BAJAJ GROUP OF INSTITUTIONS,"23 KM MILESTONE, NATIONAL HIGHWAY # 2",MATHURA,Private-Self Financing,N,N,1-3925751,fetchdata,2021-2022,Engineering and Technology,1,1,1,1,Uttar Pradesh,1
1-9318385409,GOVT.POLYTECHNIC ETAH,"SIKANDRARAO-ETAH ROAD,NAGARIA ETAH",ETAH,Government,N,N,1-1561615141,fetchdata,2021-2022,Engineering and Technology,1,1,1,1,Uttar Pradesh,1
1-9318526123,SETH GANGA SAGAR JATIA POLYTECHNIC,G.T.ROAD,BULANDSHAHAR,Government,N,N,1-495959991,fetchdata,2021-2022,Engineering and Technology,1,1,1,1,Uttar Pradesh,1
1-9318526362,GOVT. GOVIND BALLABH PANT POLYTECHNIC,"MOHAN ROAD, LUCKNOW",LUCKNOW,Government,N,N,1-718745651,fetchdata,2021-2022,Engineering and Technology,1,1,1,1,Uttar Pradesh,1
1-9318309657,MANYAWAR KANSHIRAM DASAIRAM POLYTECHNIC MAHUAT BARONDHA MIRZAPUR,MAHUAT BARONDHA,MIRZAPUR,Private-Self Financing,N,N,1-518253041,fetchdata,2021-2022,Engineering and Technology,1,1,1,1,Uttar Pradesh,1
1-9318323047,"GOVERNMENT POLYTECHNIC MAWANA KHURD ,MEERUT","BAHSUMA ROAD , NEAR DIET CAMPUS,  MAWANA KHURD , MAWANA MEERUT",MEERUT,Government,N,N,1-2859350991,fetchdata,2021-2022,Engineering and Technology,1,1,1,1,Uttar Pradesh,1
1-9318323175,"INSTITUTE OF ENGINEERING & TECHNOLOGY, MJP ROHILKHAND UNIVERSITY",PILIBHIT BY PASS ROAD,BAREILLY,State Government University,N,N,1-18440821,fetchdata,2021-2022,Engineering and Technology,1,1,1,1,Uttar Pradesh,1
1-9318690533,GOVERNMENT POLYTECHNIC MOHAMMADI KHERI,GOLA ROAD MOHAMMADI KHERI,LAKHIMPUR-KHERI,Government,N,N,1-3381212461,fetchdata,2021-2022,Engineering and Technology,1,1,1,1,Uttar Pradesh,1
1-9318780463,AZAD LUCKNOW POLYTECHNIC,"AZADPURAM, ADJACENT CRPF CAMP, PO: CHANDRAWAL, BIJNOUR, LUCKNOW",LUCKNOW,Private-Self Financing,N,N,1-3365419001,fetchdata,2021-2022,Engineering and Technology,1,1,1,1,Uttar Pradesh,1
1-9318691605,"RAJKIYA ENGINEERING COLLEGE,AZAMGARH (FORMERLY MANYAWAR KANSHIRAM ENGINEERING COLLEGE OF INFORMATION TECHNOLOGY,AZAMGARH)","RAJKIYA ENGINEERING COLLEGE, AZAMGARH",AZAMGARH,Government,N,N,1-3349902361,fetchdata,2021-2022,Engineering and Technology,1,1,1,1,Uttar Pradesh,1
1-9318756334,A.S.M.POLYTECHNIC,BSA ENGINEERING COLLEGE ROAD MATHURA (UP),MATHURA,Private-Self Financing,N,N,1-3348018558,fetchdata,2021-2022,Engineering and Technology,1,1,1,1,Uttar Pradesh,1
1-9318737793,SATYADEV INSTITUTE OF TECHNOLOGY,"GADHIPURAM (BORSIYA), POST- FADANPUR, GHAZIPUR UP",GHAZIPUR,Private-Self Financing,N,N,1-450160753,fetchdata,2021-2022,Engineering and Technology,1,1,1,1,Uttar Pradesh,1
1-9318738979,SHRI RAM GROUP OF COLLEGES,"OPP. ALMASPUR TELEPHONE EXCHANGE, PARIKRAMA MARG, MUZAFFARNAGAR",MUZAFFARNAGAR,Private-Self Financing,N,N,1-1237131,fetchdata,2021-2022,Engineering and Technology,1,1,1,1,Uttar Pradesh,1
1-9318740710,KRISHNA INSTITUTE OF POLYTECHNIC,"6 MILESTONE, BIJNOR NOORPUR ROAD, BIJNOR",BIJNOR,Private-Self Financing,N,N,1-3372287821,fetchdata,2021-2022,Engineering and Technology,1,1,1,1,Uttar Pradesh,1
1-9318841181,GOVERNMENT POLYTECHNIC KATAI JOYA,"GOVERNMENT POLYTECHNIC KATAI, JOYA, J.P NAGAR",J P NAGAR,Government,N,N,1-4812366031,fetchdata,2021-2022,Engineering and Technology,1,1,1,1,Uttar Pradesh,1
1-9318723123,GOVT POLYTECHNIC GHAZIABAD,D BLOCK SHASTRI NAGAR HAPUR ROAD,GHAZIABAD,Government,N,N,1-508787873,fetchdata,2021-2022,Engineering and Technology,1,1,1,1,Uttar Pradesh,1
1-9318725022,MAHAMAYA POLYTECHNIC FOR INFORMATION TECHNOLOGY,KASGANJ,KASHIRAMNAGAR (KASHGANJ),Government,N,N,1-3348019071,fetchdata,2021-2022,Engineering and Technology,1,1,1,1,Uttar Pradesh,1
1-9318868976,ZAKIR HUSAIN COLLEGE OF ENGINEERING & TECHNOLOGY,ZAKIR HUSAIN COLLEGE OF ENGINEERIING & TECHNOLOGY ALIGARH MUSLIM UNIVERSITY ALIGARH - 202002,ALIGARH,Central University,N,N,1-2519321631,fetchdata,2021-2022,Engineering and Technology,1,1,1,1,Uttar Pradesh,1
1-9318725786,INDRA MOHAN CHAUHAN MEMORIAL POLYTECHNIC,VILLAGE- TADWA CHAUBEPUR POST- KARHA THANA/TEHSIL- MOHAMMADABAD GOHANA,MAU,Private-Self Financing,N,N,1-3348012821,fetchdata,2021-2022,Engineering and Technology,1,1,1,1,Uttar Pradesh,1
1-9318796105,GREATER NOIDA INSTITUTE OF TECHNOLOGY,"PLOT NO. 6-C, KNOWLEDGE PARK - II,",GAUTAM BUDDHA NAGAR,Private-Self Financing,N,N,1-3348014011,fetchdata,2021-2022,Engineering and Technology,1,1,1,1,Uttar Pradesh,1
1-9318797162,LALSA INSTITUTE OF ENGINEERING & RURAL TECHNOLOGY,"VILLAGE & POST- RAIPUR, TEHSIL- JAKHANIYA, GHAZIPUR(UP)",GHAZIPUR,Private-Self Financing,N,N,1-3348014191,fetchdata,2021-2022,Engineering and Technology,1,1,1,1,Uttar Pradesh,1
1-9318799808,GOVERNMENT POLYTECHNIC JAMUNIA DEEH HARAKH (BARABANKI),GOVERNMENT POLYTECHNIC JAMUNIA DEEH HARAKH BARABANKI,BARABANKI,Government,N,N,1-3381574901,fetchdata,2021-2022,Engineering and Technology,1,1,1,1,Uttar Pradesh,1
1-9319654088,KCMT CAMPUS 2 PREM PRAKASH GUPTA INSTITUTE OF ENGINEERING,"16.1 KM.STONE, BAREILLY LUCKNOW ROAD",BAREILLY,Private-Self Financing,N,N,1-7689101,fetchdata,2021-2022,Engineering and Technology,1,1,1,1,Uttar Pradesh,1
1-9319656355,MODINAGAR INSTITUTE OF TECHNOLOGY,"3RD KM. MILESTONE, NIWARI ROAD, MODINAGAR GHAZIABAD",GHAZIABAD,Private-Self Financing,N,N,1-21349201,fetchdata,2021-2022,Engineering and Technology,1,1,1,1,Uttar Pradesh,1
1-9319661418,GOVERNMENT POLYTECHNIC CHAMRAUA RAMPUR,"GOVERNMENT POLYTECHNIC, VILL-NAUGAWAN, BLOCK-CHAMRAUA, DISTT-RAMPUR (U. P.)",RAMPUR,Government,N,N,1-4796027881,fetchdata,2021-2022,Engineering and Technology,1,1,1,1,Uttar Pradesh,1
1-9319646929,ASIAN INSTITUTE OF RURAL TECHNOLOGY,"VILLAGE-SEKHUPUR,POST-BAGHPUR,KANPUR DEHAT",RAMABAI NAGAR (KANPUR DEHAT),Private-Self Financing,N,N,1-2845390761,fetchdata,2021-2022,Engineering and Technology,1,1,1,1,Uttar Pradesh,1
1-9321656192,KRISHNA ENGINEERING COLLEGE,"95, LONI ROAD NEAR HINDON AIR FORCE STATION, MOHAN NAGAR",GHAZIABAD,Private-Self Financing,N,N,1-2825941,fetchdata,2021-2022,Engineering and Technology,1,1,1,1,Uttar Pradesh,1
1-9321713866,SAGAR INSTITUTE OF TECHNOLOGY & MANAGEMENT,"6TH KM STONE, FAIZABAD ROAD, BARABANKI.",BARABANKI,Private-Self Financing,N,N,1-6264633,fetchdata,2021-2022,Engineering and Technology,1,1,1,1,Uttar Pradesh,1
1-9321714395,GOVERNMENT POLYTECHNIC RAMPUR,NEAR GOVT. PRESS  DISTT. RAMPUR  (U.P.) 244901,RAMPUR,Government,N,N,1-497457901,fetchdata,2021-2022,Engineering and Technology,1,1,1,1,Uttar Pradesh,1
1-9321715532,I.T.S ENGINEERING COLLEGE,"PLOT NO 46, KNOWLEDGE PARK-III,",GAUTHAM BUDDHA NAGAR,Private-Self Financing,N,N,1-3548911,fetchdata,2021-2022,Engineering and Technology,1,1,1,1,Uttar Pradesh,1
1-9322193800,KALI CHARAN NIGAM INSTITUTE OF TECHNOLOGY,"NARAINI ROAD, BANDA",BANDA,Private-Self Financing,N,N,1-20221111,fetchdata,2021-2022,Engineering and Technology,1,1,1,1,Uttar Pradesh,1
1-9321235807,TRANSLAM INSTITUTE OF TECHNOLOGY AND MANAGEMENT,"TRANSLAM INSTITUTE OF TECHNOLOGY AND MANAGEMENT , MAWANA ROAD, RAJPURA, MEERUT (U.P.)",MEERUT,Private-Self Financing,N,Y,1-6020926,fetchdata,2021-2022,Engineering and Technology,1,1,1,1,Uttar Pradesh,1
1-9321407105,SHRI RAMSWAROOP MEMORIAL COLLEGE OF ENGINEERING AND MANAGEMENT,"TEWARIGANJ, FAIZABAD ROAD",LUCKNOW,Private-Self Financing,N,N,1-6383651,fetchdata,2021-2022,Engineering and Technology,1,1,1,1,Uttar Pradesh,1
1-9321465801,AMBALIKA INSTITUTE OF MANAGEMENT AND TECHNOLOGY,"GRAM TIKRA, MAURAWAN ROAD,MOHANLALGANJ . LUCKNOW",LUCKNOW,Private-Self Financing,N,N,1-5498631,fetchdata,2021-2022,Engineering and Technology,1,1,1,1,Uttar Pradesh,1
1-9321467005,ARYAVART INSTITUTE OF TECHNOLOGY & MANAGEMENT,"ARYAVART INSTITUTE OF TECHNOLOGY & MANAGEMENT, OPPOSITE-AMBEDKAR UNIVERSITY, SHAHEED PATH, RAEBARELI ROAD, LUCKNOW",LUCKNOW,Private-Self Financing,N,N,1-13456471,fetchdata,2021-2022,Engineering and Technology,1,1,1,1,Uttar Pradesh,1
1-9321781420,LAL BAHADUR SHASTRI POLYTECHNIC,VILLAGE MANDA MAUJA GIRDHARPUR DISTRICT ALLAHABAD,ALLAHABAD,Govt aided,N,N,1-2056843331,fetchdata,2021-2022,Engineering and Technology,1,1,1,1,Uttar Pradesh,1
1-9321838268,H.R.C.T. GROUP OF INSTITUTIONS,"7TH KM STONE, DELHI-MEERUT ROAD, MORTA, GHAZIABAD",GHAZIABAD,Private-Self Financing,N,N,1-460901471,fetchdata,2021-2022,Engineering and Technology,1,1,1,1,Uttar Pradesh,1
1-9321664308,GOVERNMENT GIRLS POLYTECHNIC PRAYAGRAJ,"RASOOLABAD ROAD, TELIYARGANJ, ALLAHABAD - 211004",ALLAHABAD,Government,Y,N,1-475922551,fetchdata,2021-2022,Engineering and Technology,1,1,1,1,Uttar Pradesh,1
1-9321665459,GOVT. GIRLS POLYTECHNIC VARANASI,"SUNDERPUR, VARANASI",VARANASI,Government,Y,N,1-487990271,fetchdata,2021-2022,Engineering and Technology,1,1,1,1,Uttar Pradesh,1
1-9321843083,IEC GROUP OF INSTITUTIONS,"PLOT NO.-4&11, K.P.-1&3, GREATER NOIDA",GAUTHAM BUDDHA NAGAR,Private-Self Financing,N,N,1-6641291,fetchdata,2021-2022,Engineering and Technology,1,1,1,1,Uttar Pradesh,1
1-9321521057,SHARDA NAND ANCHAL TECHNICAL INSTITUTE,"CHAK MEHRALLI, (MAURAHA), POST - KARSI, DISTT - BALLIA",BALLIA,Private-Self Financing,N,N,1-5097276561,fetchdata,2021-2022,Engineering and Technology,1,1,1,1,Uttar Pradesh,1
1-9321665962,"SRI ANAR DEVI KHANDELWAL MAHILA POLYTECHNIC, MATHURA","VRINDAVAN ROAD, MATHURA (U.P.)",MATHURA,Govt aided,Y,N,1-497484511,fetchdata,2021-2022,Engineering and Technology,1,1,1,1,Uttar Pradesh,1
1-9321522448,SARVODAYA POLYTECHNIC COLLEGE,MOH.- HARBANSHPUR POST- SADAR DISTT-AZAMGARH,AZAMGARH,Private-Self Financing,N,N,1-5038991641,fetchdata,2021-2022,Engineering and Technology,1,1,1,1,Uttar Pradesh,1
1-9321667313,NEELKANTH INSTITUTE OF ENGINEERING & TECHNOLOGY,"NH-58, NEAR SVBP AGRICULTURE UNIVERSITY, MODIPURAM, MEERUT",MEERUT,Private-Self Financing,N,N,1-462354711,fetchdata,2021-2022,Engineering and Technology,1,1,1,1,Uttar Pradesh,1
1-9321671829,NEELKANTH COLLEGE OF ENGINEERING,"NH-58, NEAR SVBP AGRICULTURE UNIVERSITY, MODIPURAM, MEERUT",MEERUT,Private-Self Financing,N,N,1-462197695,fetchdata,2021-2022,Engineering and Technology,1,1,1,1,Uttar Pradesh,1
1-9321851794,M.G. INSTITUTE OF MANAGEMENT & TECHNOLOGY,GRAM KHANDEDEV,LUCKNOW,Private-Self Financing,N,N,1-3105801,fetchdata,2021-2022,Engineering and Technology,1,1,1,1,Uttar Pradesh,1
1-9321855244,"KAMLA NEHRU INSTITUTE OF PHYSICAL & SOCIAL SCIENCES,FARIDIPUR CAMPUS SULTANPUR","KAMLA NEHRU INSTITUTE OF PHYSICAL & SOCIAL SCIENCES,FARIDIPUR CAMPUS SULTANPUR",SULTANPUR,Private-Self Financing,N,N,1-13734711,fetchdata,2021-2022,Engineering and Technology,1,1,1,1,Uttar Pradesh,1
1-9321982633,GOVERNMENT POLYTECHNIC  KALCHINHA CHITRAKOOT,GOVERNMENT POLYTECHNIC KALCHINHA     VIL - KALCHINHA  POST BARGARH DIST - CHITRAKOOT,CHITRAKOOT,Government,N,N,1-1538603311,fetchdata,2021-2022,Engineering and Technology,1,1,1,1,Uttar Pradesh,1
1-9322215144,GOVERNMENT POLYTECHNIC BAREILLY,C. B. GANJ,BAREILLY,Government,N,N,1-494408131,fetchdata,2021-2022,Engineering and Technology,1,1,1,1,Uttar Pradesh,1
1-9321609391,HIMALAYAN POLYTECHNIC INSTITUTE,"BANKE NAGAR CHAUARAHA,BAKSHI KA TALAB,SITAPUR ROAD ,LUCKNOW",LUCKNOW,Private-Self Financing,N,N,1-5049639901,fetchdata,2021-2022,Engineering and Technology,1,1,1,1,Uttar Pradesh,1
1-9321580451,GOVERNMENT POLYTECHNIC KISHNI MAINPURI,"GRAM- SONASI, KISHNI MAINPURI",MAINPURI,Government,N,N,1-4783024811,fetchdata,2021-2022,Engineering and Technology,1,1,1,1,Uttar Pradesh,1
1-9321733582,SAVITRI BAI PHULE GOVERMENT GIRLS POLYTECHNIC,DEHRADUN ROAD KHUMARHERA SAHARANPUR,SAHARANPUR,Government,Y,N,1-486488521,fetchdata,2021-2022,Engineering and Technology,1,1,1,1,Uttar Pradesh,1
1-9321863862,"SHRI RAM MURTI SMARAK COLLEGE OF ENGINEERING, TECHNOLOGY & RESEARCH","RAM MURTI PURAM,  PRAHLADPUR, 13KM. BAREILLY NAINITAL ROAD, BAREILLY- 243202",BAREILLY,Private-Self Financing,N,N,1-4410773,fetchdata,2021-2022,Engineering and Technology,1,1,1,1,Uttar Pradesh,1
1-9321865346,BABU BANRASI DAS INSTITUTE OF TECHNOLOGY AND MANAGEMENT(ENGG. AND TECH.),"SECTOR-I, DR. AKHILESH DAS NAGAR, FAIZABAD ROAD, LUCKNOW",LUCKNOW,Private-Self Financing,N,N,1-412781281,fetchdata,2021-2022,Engineering and Technology,1,1,1,1,Uttar Pradesh,1
1-9321744016,VISHVESHWARYA GROUP OF INSTITUTIONS,20KMS. FROM GHAZIABAD ON GHAZIABAD - BULANDSHAHR MAIN G.T.ROAD,GAUTAM BUDDHA NAGAR,Private-Self Financing,N,N,1-5978601,fetchdata,2021-2022,Engineering and Technology,1,1,1,1,Uttar Pradesh,1
1-9321871393,GOVERNMENT POLYTECHNIC FAIZABAD,LUCKNOW ROAD MUMTAJ NAGAR,FAIZABAD,Government,N,N,1-511484751,fetchdata,2021-2022,Engineering and Technology,1,1,1,1,Uttar Pradesh,1
1-9321555218,BUDDHA POLYTECHNIC COLLEGE,"CL-1, SECTOR-7, GIDA, GORAKHPUR",GORAKHPUR,Private-Self Financing,N,N,1-4641854271,fetchdata,2021-2022,Engineering and Technology,1,1,1,1,Uttar Pradesh,1
1-9321622094,BABU BANARSI DAS INSTITUTE OF ENGINEERING TECHNOLOGY & RESEARCH CENTRE,"25TH KM, ON BULANDSHAHR ANOOPSHAHR ROAD, NEAR JAHANGIRABAD, BULANDSHAHR, (NATIONAL CAPITAL REGION) 202391",BULANDSHAHAR,Private-Self Financing,N,N,1-8654601,fetchdata,2021-2022,Engineering and Technology,1,1,1,1,Uttar Pradesh,1
1-9321625435,DEWAN V.S. INSTITUTE OF ENGINEERING & TECHNOLOGY,"BY- PASS ROAD, PARTAPUR",MEERUT,Private-Self Financing,N,N,1-7459631,fetchdata,2021-2022,Engineering and Technology,1,1,1,1,Uttar Pradesh,1
1-9321806828,ACN COLLEGE OF POLYTECHNIC,"ACN CITY, CHHERAT,  KASIMPUR POWER HOUSE ROAD, ALIGARH",ALIGARH,Private-Self Financing,N,Y,1-728998271,fetchdata,2021-2022,Engineering and Technology,1,1,1,1,Uttar Pradesh,1
1-9321628199,MAHARANA PRATAP POLYTECHNIC GORAKHPUR,SUNAULI ROAD GORAKHNATH,GORAKHPUR,Govt aided,N,N,1-487322491,fetchdata,2021-2022,Engineering and Technology,1,1,1,1,Uttar Pradesh,1
1-9321940496,GOVERNMENT POLYTECHNIC PRATAPGARH,SULTANPUR ROAD,PRATAPGARH,Government,N,N,1-501163661,fetchdata,2021-2022,Engineering and Technology,1,1,1,1,Uttar Pradesh,1
1-9321942676,K.P. ENGINEERING COLLEGE,"ETMADPUR NH-2, AGRA - FIROZABAD ROAD AGRA -283202",AGRA,Private-Self Financing,N,N,1-4518381,fetchdata,2021-2022,Engineering and Technology,1,1,1,1,Uttar Pradesh,1
1-9322005576,MEERUT INSTITUTE OF ENGINEERING & TECHNOLOGY,"NH-58, BYPASS ROAD,BAGHPAT CROSSING,MEERUT",MEERUT,Private-Self Financing,N,N,1-3962501,fetchdata,2021-2022,Engineering and Technology,1,1,1,1,Uttar Pradesh,1
1-9321628420,"COLLEGE OF ENGG. & RURAL TECHNOLOGY ,MEERUT","BY PASS ROAD, PARTAPUR, MEERUT",MEERUT,Private-Self Financing,N,N,1-2891634,fetchdata,2021-2022,Engineering and Technology,1,1,1,1,Uttar Pradesh,1
1-9321756606,ABSS INSTITUTE OF TECHNOLOGY,"SALARPUR, MAWANA ROAD, MEERUT,U.P",MEERUT,Private-Self Financing,N,N,1-5924881,fetchdata,2021-2022,Engineering and Technology,1,1,1,1,Uttar Pradesh,1
1-9321560747,HITECH INSTITUTE,"DASNA, NH-24, GHAZIABAD",GHAZIABAD,Private-Self Financing,N,N,1-4569296851,fetchdata,2021-2022,Engineering and Technology,1,1,1,1,Uttar Pradesh,1
1-9321631799,RAJ KUMAR GOEL INSTITUTE OF TECHNOLOGY & MANAGEMENT,"5 KM STONE, DELHI-MEERUT ROAD, NH-58, GHAZIABAD",GHAZIABAD,Private-Self Financing,N,N,1-7317231,fetchdata,2021-2022,Engineering and Technology,1,1,1,1,Uttar Pradesh,1
1-9321699325,"RAKSHPAL BAHADUR COLLEGE OF ENGINEERING & TECHNOLOGY, BAREILLY","NEAR ITBP, BUKHARA TURN, BADAUN ROAD, BAREILLY - 243001 (U.P.)",BAREILLY,Private-Self Financing,N,N,1-5115146,fetchdata,2021-2022,Engineering and Technology,1,1,1,1,Uttar Pradesh,1
1-9321218128,NEELAM COLLEGE OF ENGINEERING & TECHNOLOGY,"NEELAM COLLEGE OF ENGINEERING & TECHNOLOG,AGRA ,VILL. KORAI,TEHSI L KIROALI,AGRA-JAIPUR NH-11 ,AGRA (U.P)",AGRA,Private-Self Financing,N,N,1-6844921,fetchdata,2021-2022,Engineering and Technology,1,1,1,1,Uttar Pradesh,1
1-9321268529,SHIVAM INSTITUTE OF SCIENCE AND TECHNOLOGY,MAHAWAN ROAD  MATHURA(NEAR GOPALPUR),MATHURA,Private-Self Financing,N,N,1-429435541,fetchdata,2021-2022,Engineering and Technology,1,1,1,1,Uttar Pradesh,1
1-9321270764,SETH VISHAMBHAR NATH INSTITUTE OF ENGINEERING & TECHNOLOGY,"19TH KM MILE STONE DANIYAL PUR, SAFEDABAD. BARABANKI-225003",BARABANKI,Private-Self Financing,N,N,1-13965411,fetchdata,2021-2022,Engineering and Technology,1,1,1,1,Uttar Pradesh,1
1-9321276374,"GOVT. POLYTECHNIC, JAUNPUR",JAGDISHPUR VARANASI ROAD,JAUNPUR,Government,N,N,1-486143161,fetchdata,2021-2022,Engineering and Technology,1,1,1,1,Uttar Pradesh,1
1-9321441215,"CHHATRAPATI SHAHUJI MAHARAJ COLLEGE OF ENGINEERING & TECHNOLOGY,","8TH MILE STONE, REWA ROAD IRADATGANJ, GHOORPUR ALLAHABAD",ALLAHABAD,Private-Self Financing,N,N,1-8693693,fetchdata,2021-2022,Engineering and Technology,1,1,1,1,Uttar Pradesh,1
1-9321534181,DR. SHAKUNTALA MISRA NATIONAL REHABILITATION UNIVERSITY,"MOHAAN ROAD, LUCKNOW - 226017",LUCKNOW,Government,N,N,1-5083176221,fetchdata,2021-2022,Engineering and Technology,1,1,1,1,Uttar Pradesh,1
1-9321636818,"GOVERNMENT POLYTECHNIC, ALAPUR, BUDAUN","VILL- NANDU PATTI, ALAPUR, TEHSIL - DATAGANJ, FARRUKHABAD ROAD, BUDAUN",BUDAUN,Government,N,N,1-2097242801,fetchdata,2021-2022,Engineering and Technology,1,1,1,1,Uttar Pradesh,1
1-9321640213,A.N.A COLLEGE OF ENGINEERING AND MANAGEMENT STUDIES,"VILLAGE KURTARA , AGRAS ROAD, BEHIND RUBBER FACTORY P.O. BHITAURA BAREILLY - 243501 U.P.",BAREILLY,Private-Self Financing,N,N,1-7162981,fetchdata,2021-2022,Engineering and Technology,1,1,1,1,Uttar Pradesh,1
1-9321761860,GOVERNMENT POLYTECHNIC LAKHIMPUR-KHERI,AIRA ROAD,LAKHIMPUR-KHERI,Government,N,N,1-514006201,fetchdata,2021-2022,Engineering and Technology,1,1,1,1,Uttar Pradesh,1
1-9321896392,BSA COLLEGE OF ENGINEERING & TECHNOLOGY,NEAR NEW BUS STAND BHUTESHWAR ROAD MATHURA (UP),MATHURA,Private-Self Financing,N,N,1-6777301,fetchdata,2021-2022,Engineering and Technology,1,1,1,1,Uttar Pradesh,1
1-9321220910,SARASWATI HIGHER EDUCATION AND TECHNICAL COLLEGE OF ENGINEERING,NH-56 AIRPORT ROAD NR GAS PLANT  BABATPUR VARANASI,VARANASI,Private-Self Financing,N,N,1-14863571,fetchdata,2021-2022,Engineering and Technology,1,1,1,1,Uttar Pradesh,1
1-9321766626,INDUS INSTITUTE OF TECHNOLOGY & MANAGEMENT,"KAKWAN ROAD, VILL : BARAULI, TEHSIL : BILHAUR DISTT: KANPUR NAGAR (U.P.)",KANPUR NAGAR,Private-Self Financing,N,N,1-3954924,fetchdata,2021-2022,Engineering and Technology,1,1,1,1,Uttar Pradesh,1
1-9321822977,PRASAD INSTITUTE OF TECHNOLOGY,VILLAGE: PUNCH-HATIA TALUK: SADAR DISTRICT:JAUNPUR STATE: UTTER-PRADESH,JAUNPUR,Private-Self Financing,N,N,1-16962461,fetchdata,2021-2022,Engineering and Technology,1,1,1,1,Uttar Pradesh,1
1-9321824232,SHRI SIDDHI VINAYAK INSTITUTE OF TECHNOLOGY,DOHNA PITAMRAI NEAR DHONA RAILWAY STATION  P.O BHOJIPURA DISTT BAREILLY 243002,BAREILLY,Private-Self Financing,N,N,1-8021301,fetchdata,2021-2022,Engineering and Technology,1,1,1,1,Uttar Pradesh,1
1-9321222249,KIET GROUP OF INSTITUTIONS,"13 KM STONE GHAZIABAD- MEERUT ROAD,",GHAZIABAD,Private-Self Financing,N,N,1-13439501,fetchdata,2021-2022,Engineering and Technology,1,1,1,1,Uttar Pradesh,1
1-9321279208,MORADABAD INSTITUTE OF TECHNOLOGY,RAM GANGA VIHAR PHASE - 2 MORADABAD,MORADABAD,Private-Self Financing,N,N,1-6029336,fetchdata,2021-2022,Engineering and Technology,1,1,1,1,Uttar Pradesh,1
1-9321284126,GREATER NOIDA INSTITUTE OF TECHNOLOGY (ENGINEERING INSTITUTE),"7, KNOWLEDGE PARK - II,",GAUTAM BUDDHA NAGAR,Private-Self Financing,N,N,1-10626904,fetchdata,2021-2022,Engineering and Technology,1,1,1,1,Uttar Pradesh,1
1-9321539818,GOVERNMENT POLYTECHNIC BACHHRAWAN,GOVINDPUR  OSAH  BACHHRAWAN    MAHARAJGAN,RAE BARELI,Government,N,N,1-4831423261,fetchdata,2021-2022,Engineering and Technology,1,1,1,1,Uttar Pradesh,1
1-9321708907,"BIRLA INSTITUTE OF TECHNOLOGY, MESRA, EXTENSION CENTER NOIDA","A-7, SECTOR-1",GAUTHAM BUDDHA NAGAR,State Private University,N,N,1-757981154,fetchdata,2021-2022,Engineering and Technology,1,1,1,1,Uttar Pradesh,1
1-9321767015,GOVERNMENT POLYTECHNIC LUCKNOW,FAIZABAD ROAD,LUCKNOW,Government,N,N,1-473905341,fetchdata,2021-2022,Engineering and Technology,1,1,1,1,Uttar Pradesh,1
1-9321904350,INDERPRASTHA ENGINEERING COLLEGE,"63, SITE-4,SURYA NAGAR, FLYOVER ROAD, SAHIBABAD GHAZIABAD",GHAZIABAD,Private-Self Financing,N,N,1-5276325,fetchdata,2021-2022,Engineering and Technology,1,1,1,1,Uttar Pradesh,1
1-9321905576,ACN COLLEGE OF ENGG. & MANAGMENT STUDIES,CHHERUT KASHIMPUR ROAD,ALIGARH,Private-Self Financing,N,Y,1-24885461,fetchdata,2021-2022,Engineering and Technology,1,1,1,1,Uttar Pradesh,1
1-9321965013,GOVERNMENT POLYTECHNIC PRATAPGARH CENTRAL ASSISTANCE,PREMDHAR PATTI RANIGANJ PRATAPGARH,PRATAPGARH,Government,N,N,1-2102786821,fetchdata,2021-2022,Engineering and Technology,1,1,1,1,Uttar Pradesh,1
1-9321965108,GOVERNMENT POLYTECHNIC,VILL SUTAVALI TEH- HASANPUR DIST J P NAGAR,J P NAGAR,Government,N,N,1-1513701431,fetchdata,2021-2022,Engineering and Technology,1,1,1,1,Uttar Pradesh,1
1-9321654462,RAJ KUMAR GOEL INSTITUE OF TECHNOLOGY,"5 KM. STONE DELHI-MEERUT ROAD, GHAZIABAD (U.P.)",GHAZIABAD,Private-Self Financing,N,N,1-24371465,fetchdata,2021-2022,Engineering and Technology,1,1,1,1,Uttar Pradesh,1
1-9321905941,SHRINATHJI INSTITUTE FOR TECHNICAL EDUCATION,"GHAT ROAD,DELHI-ROORKEE BYPASS NH-58 MEERUT UP 250103",MEERUT,Private-Self Financing,N,N,1-5150926,fetchdata,2021-2022,Engineering and Technology,1,1,1,1,Uttar Pradesh,1
1-9319409276,ISHWARCHAND VIDYA SAGAR INSTITUTE OF TECHNOLOGY,NH-2 DELHI MATHURA HIGHWAY AKBARPUR MATHURA-281405 UP,MATHURA,Private-Self Financing,N,N,1-21298561,fetchdata,2021-2022,Engineering and Technology,1,1,1,1,Uttar Pradesh,1
1-9319493942,SHOBHIT INSTITUTE OF ENGINEERING AND  TECHNOLOGY,"VILLAGE DULHERA, NH 58, MODIPURAM, ROORKEE ROAD, MEERUT",MEERUT,Deemed to be University(Pvt),N,N,1-4613554531,fetchdata,2021-2022,Engineering and Technology,1,1,1,1,Uttar Pradesh,1
1-9319369633,SR GROUP OF INSTITUTIONS," 16 KM. GWALIOR ROAD, AMBABAI, JHANSI",JHANSI,Private-Self Financing,N,N,1-9870715,fetchdata,2021-2022,Engineering and Technology,1,1,1,1,Uttar Pradesh,1
1-9319371670,RAJKIYA ENGINEERING COLLEGE SONBHADRA,RAJKIYA ENGINEERING COLLEGE SONBHADRA,SONBHADRA,Government,N,N,1-4362684082,fetchdata,2021-2022,Engineering and Technology,1,1,1,1,Uttar Pradesh,1
1-9319488151,GOVERNMENT POLYTECHNIC SHAMSHABAD AGRA,VILAAGE KOLARA KALAN POST DAUKI  FATEHABAD ROAD AGRA  283111,AGRA,Government,N,N,1-4572030711,fetchdata,2021-2022,Engineering and Technology,1,1,1,1,Uttar Pradesh,1
1-9318529821,MAHAMAYA POLYTECHNIC OF INFORMATION TECHNOLOGY,"BACHRAUN, J.P.NAGAR",J P NAGAR,Government,N,N,1-508444131,fetchdata,2021-2022,Engineering and Technology,1,1,1,1,Uttar Pradesh,1
1-9318309964,GOVERNMENT POLYTECHNIC CHANDAUSI,"ITI CAMPUS, CHANDAUSI",BHIMNAGAR (SAMBHAL),Government,N,N,1-2479451651,fetchdata,2021-2022,Engineering and Technology,1,1,1,1,Uttar Pradesh,1
1-9318294244,BAIJNATH RAMNARESH COLLEGE OF TECHNOLOGY,"VILL- TELHUA CHAKWALLI KAZIPUR, POST- CHIRRIAYAKOT",AZAMGARH,Private-Self Financing,N,N,1-2879705251,fetchdata,2021-2022,Engineering and Technology,1,1,1,1,Uttar Pradesh,1
1-9318292667,KM. MAYAWATI GOVERMENT GIRLS POLYTECHNIC,SADOPUR KI JHAL BADALPUR,GAUTAM BUDDHA NAGAR,Government,Y,N,1-460908921,fetchdata,2021-2022,Engineering and Technology,1,1,1,1,Uttar Pradesh,1
1-9318295852,"GOVERNMENT POLYTECHNIC,HARDOI(U.P.)","GOVERNMENT POLYTECHNIC, BAWAN ROAD, HARDOI(U.P.)",HARDOI,Government,N,N,1-477946931,fetchdata,2021-2022,Engineering and Technology,1,1,1,1,Uttar Pradesh,1
1-9318293138,MAA BHAGAUTA KUNWAR INSTITUTE OF POLYTECHNIC,"VILL- BASTI, TEHSIL- MOHAMMADABAD GOHNA, POST- KHIRIYAN, DISTT- MAU",MAU,Private-Self Financing,N,N,1-2882361701,fetchdata,2021-2022,Engineering and Technology,1,1,1,1,Uttar Pradesh,1
1-9318296208,VIJAY PRATAP INSTITUTE OF TECHNOLOGY,NEAR ZAFRABAD POLICE STATION VARANASI ROAD JAUNPUR-222180,JAUNPUR,Private-Self Financing,N,N,1-2195402841,fetchdata,2021-2022,Engineering and Technology,1,1,1,1,Uttar Pradesh,1
1-9318297430,MAA BUDDHA NATIONAL INSTITUTE OF ENGG. & TECHNOLOGY,MAA BUDDHA NATIONAL INSTITUTE OF ENGG. & TECHNOLOGY,AZAMGARH,Private-Self Financing,N,N,1-511605991,fetchdata,2021-2022,Engineering and Technology,1,1,1,1,Uttar Pradesh,1
1-9318296553,PRABHAT ENGINEERING COLLEGE,"NATIONAL HIGHWAY-II, RANIA,BARA, KANPUR DEHAT-209304",RAMABAI NAGAR (KANPUR DEHAT),Private-Self Financing,N,N,1-8098211,fetchdata,2021-2022,Engineering and Technology,1,1,1,1,Uttar Pradesh,1
1-9318889444,"INDIAN INSTITUTE OF HANDLOOM TECHNOLOGY, VARANASI",CHOWKAGHAT  VARANASI - 221002 (UP),VARANASI,Government,N,N,1-581901631,fetchdata,2021-2022,Engineering and Technology,1,1,1,1,Uttar Pradesh,1
1-9318889601,MADAN MOHAN MALAVIYA UNIVERSITY OF TECHNOLOGY,MADAN MOHAN MALAVIYA ENGINEERING COLLEGE DEORIA ROAD  GORAKHPUR-273010,GORAKHPUR,Govt aided,N,N,1-5435425,fetchdata,2021-2022,Engineering and Technology,1,1,1,1,Uttar Pradesh,1
1-9318291869,SHIVDAN SINGH INSTITUTE OF TECHNOLOGY & MANAGEMENT,"10TH KM STONE ALIGARH MATHURA ROAD, ALIGARH",ALIGARH,Private-Self Financing,N,N,1-5368091,fetchdata,2021-2022,Engineering and Technology,1,1,1,1,Uttar Pradesh,1
1-9318280429,MMIT SANT KABIR NAGAR,MMIT BALUSHASHAN  SANT KABIR NAGAR,SANT KABIR NAGAR,Government,N,N,1-2863269691,fetchdata,2021-2022,Engineering and Technology,1,1,1,1,Uttar Pradesh,1
1-9318278323,AMANI GROUP OF INSTITUTIONS,BIJNOR ROAD AMROHA,J P NAGAR,Private-Self Financing,N,N,1-1451378891,fetchdata,2021-2022,Engineering and Technology,1,1,1,1,Uttar Pradesh,1
1-9318285142,"VIVEKANANDA COLLEGE OF TECHNOLOGY & MANAGEMENT, ALIGARH","MATHURA BYE PASS, NEAR KHAIR ROAD, 500 MTRS FROM NADA PUL, ALIGARH",ALIGARH,Private-Self Financing,N,N,1-5884509,fetchdata,2021-2022,Engineering and Technology,1,1,1,1,Uttar Pradesh,1
1-9318280978,FUTURE INSTITUTE OF ENGINEEING & TECHNOLOGY,"NH-24, BAREILLY LUCKNOW ROAD,  NEAR FARIDPUR, BAREILLY",BAREILLY,Private-Self Financing,N,N,1-8841171,fetchdata,2021-2022,Engineering and Technology,1,1,1,1,Uttar Pradesh,1
1-7506224701,ANAND POLYTECHNIC COLLEGE,"N. H. 2, AGRA - MATHURA HIGHWAY, KEETHAM",AGRA,Private-Self Financing,N,N,,fetchdata,2021-2022,Engineering and Technology,1,1,1,1,Uttar Pradesh,1
1-9318279761,PRINCE INSTITUTE OF INNOVATIVE TECHNOLOGY GR. NOIDA,"PLOT NO.- 9, KNOWLEDGE PARK-III, GREATER NOIDA",GAUTAM BUDDHA NAGAR,Private-Self Financing,N,N,1-15151891,fetchdata,2021-2022,Engineering and Technology,1,1,1,1,Uttar Pradesh,1
1-9318281377,SURYA POLITECHNIC FOR ENGINEERING & TECHNOLOGY,VILL. DHARMPUR 5 BISWA (BHATIYANA) PO. BHATIYANA,GHAZIABAD,Private-Self Financing,N,N,1-722650141,fetchdata,2021-2022,Engineering and Technology,1,1,1,1,Uttar Pradesh,1
1-9318280087,AMBALIKA INSTITUTE OF PROFESSIONAL STUDIES,"GRAM TIKRA, MAURAWAN ROAD, MOHANLALGANJ,LUCKNOW",LUCKNOW,Private-Self Financing,N,N,1-2883472321,fetchdata,2021-2022,Engineering and Technology,1,1,1,1,Uttar Pradesh,1
1-9318270334,SSLD VARSHNEY ENGINEERING COLLEGE ALIGARH,13 K.M STONE ON ALIGARH-KANPUR GT ROAD NH 91,ALIGARH,Private-Self Financing,N,N,1-40578521,fetchdata,2021-2022,Engineering and Technology,1,1,1,1,Uttar Pradesh,1
1-9318268796,INSTITUTE OF ENGINEERING AND RURAL TECHNOLOGY,26- CHATHAM LINES  (NEAR PRAYAG RAILWAY STATION),ALLAHABAD,Private-Self Financing,N,N,1-4432041,fetchdata,2021-2022,Engineering and Technology,1,1,1,1,Uttar Pradesh,1
1-9318261215,NIRMALA DEVI POLYTECHNIC COLLEGE,NAYANSAND NEAR GAURABASHAHAPUR THANA,JAUNPUR,Private-Self Financing,N,N,1-3384352531,fetchdata,2021-2022,Engineering and Technology,1,1,1,1,Uttar Pradesh,1
1-9318262878,AMARDEEP POLYTECHNIC COLLEGE,"VILL-KAKRAU, JALESAR ROAD, POST- FIROZABAD",FIROZABAD,Private-Self Financing,N,N,1-2883352741,fetchdata,2021-2022,Engineering and Technology,1,1,1,1,Uttar Pradesh,1
1-9318266505,INSTITUTE OF TECHNOLOGY AND MANAGEMENT,"AL-1 SECTOR-7,  GIDA GORAKHPUR",GORAKHPUR,Private-Self Financing,N,N,1-4056851,fetchdata,2021-2022,Engineering and Technology,1,1,1,1,Uttar Pradesh,1
1-9318266139,GOVERNMENT POLYTECHNIC MAHOBA,GOVT. POLY. STATION ROAD MAHOBA,MAHOBA,Government,N,N,1-530694751,fetchdata,2021-2022,Engineering and Technology,1,1,1,1,Uttar Pradesh,1
1-9318263254,"SHRI RAM MURTI SMARAK COLLEGE OF ENGINEERING & TECHNOLOGY, BAREILLY","RAM MURTI PURAM VILL: GHANGHORA GHANGHORI 13 KM, BAREILLY-NAINITAL ROAD BAREILLY (U.P.)",BAREILLY,Private-Self Financing,N,N,1-4412641,fetchdata,2021-2022,Engineering and Technology,1,1,1,1,Uttar Pradesh,1
1-9318265282,LANDMARK TECHNICAL CAMPUS,VILLAGE DIDAULI DELHI MORADABAD ROAD,JYOTIBA PHULE NAGAR,Private-Self Financing,N,Y,1-414245441,fetchdata,2021-2022,Engineering and Technology,1,1,1,1,Uttar Pradesh,1
1-9318161135,GOVERNMENT GIRLS POLYTECHNIC BALLIA,TIKHAMPUR BALLIA,BALLIA,Government,Y,N,1-493882871,fetchdata,2021-2022,Engineering and Technology,1,1,1,1,Uttar Pradesh,1
1-9318154447,GCRG MEMORIAL TRUST'S GROUP OF INSTITUTIONS,"VILLAGE-PARVATPUR, CHANDRIKA DEVI ROAD, POST-KATHWARA BAKSHI KA TALAB DISTT.-LUCKNOW UTTAR PRADESH",LUCKNOW,Private-Self Financing,N,N,1-10294391,fetchdata,2021-2022,Engineering and Technology,1,1,1,1,Uttar Pradesh,1
1-9318166129,"GOVERNMENT POLYTECHNIC, FIROZABAD","NEAR STADIUM, JALESAR ROAD , FIROZABAD",FIROZABAD,Government,N,N,1-492934291,fetchdata,2021-2022,Engineering and Technology,1,1,1,1,Uttar Pradesh,1
1-9318166268,SAROJ COLLEGE OF ENGINEERING AND POLYTECHNIC,"CHAND SARAI,  NEAR GOSAINGANJ SULTANPUR ROAD LUCKNOW",LUCKNOW,Private-Self Financing,N,N,1-2105664791,fetchdata,2021-2022,Engineering and Technology,1,1,1,1,Uttar Pradesh,1
1-9318166410,P.K.POLYTECHNIC,"HATHRAS ROAD, MISHRI, SONAI , MATHURA",MATHURA,Private-Self Financing,N,N,1-404574931,fetchdata,2021-2022,Engineering and Technology,1,1,1,1,Uttar Pradesh,1
1-9318161642,GOVERNMENT GIRLS  POLYTECHNIC MEJA,"MEJA KHAS, ALLAHABAD",ALLAHABAD,Government,Y,N,1-511759291,fetchdata,2021-2022,Engineering and Technology,1,1,1,1,Uttar Pradesh,1
1-9318166675,HASTINAPUR INSTITUTE OF TECHNOLOGY & MANAGEMENT,HASTINAPUR ROAD  VILAGE GANESHPUR TEHSIL MAWANA,MEERUT,Private-Self Financing,N,N,1-831614121,fetchdata,2021-2022,Engineering and Technology,1,1,1,1,Uttar Pradesh,1
1-9318166972,A.D.R.S. INSTITUTE OF TECHNOLOGY & MANAGEMENT,"G.T. ROAD, TEH.-GABHANA, ALIGARH",ALIGARH,Private-Self Financing,N,N,1-506058351,fetchdata,2021-2022,Engineering and Technology,1,1,1,1,Uttar Pradesh,1
1-9318174467,"CENTRE FOR DEVELOPMENT OF ADVANCED COMPUTING, NOIDA","ANUSANDHAN BHAWAN, C-56/1 & B-30, INSTITUTIONAL AREA, SECTOR-62, NOIDA",GAUTAM BUDDHA NAGAR,Government,N,N,1-21699611,fetchdata,2021-2022,Engineering and Technology,1,1,1,1,Uttar Pradesh,1
1-9318174613,SHRI SAHDEV PAUDHARIYA POLYTECHNIC COLLEGE,"VILLAGE MANDA BAHAR KHADSARA, POST- RASRA, TEHSIL- RASRA",BALLIA,Private-Self Financing,N,N,1-2074028681,fetchdata,2021-2022,Engineering and Technology,1,1,1,1,Uttar Pradesh,1
1-9318162184,AERONAUTICAL TRAINING INSTITUTE UP,LUCKNOW AIRPORT LUCKNOW,LUCKNOW,Government,N,N,1-496132791,fetchdata,2021-2022,Engineering and Technology,1,1,1,1,Uttar Pradesh,1
1-9318171416,SHRI TRIDANDIDEO HANUMAT TECHNICAL COLLEGE,"BISUPUR, KHANDWARI, CHANDAULI",CHANDAULI,Private-Self Financing,N,N,1-2196718161,fetchdata,2021-2022,Engineering and Technology,1,1,1,1,Uttar Pradesh,1
1-9318180081,GOVERNMENT POLYTECHNIC,"G. T. ROAD, CHHACHHA, BHOGAON DISTT-MAINPURI",MAINPURI,Government,N,N,1-1504882511,fetchdata,2021-2022,Engineering and Technology,1,1,1,1,Uttar Pradesh,1
1-9318180189,"GOVT. POLYTECHNIC SIKANDRA,KANPUR DEHAT","VILLAGE- SIKANDRA, KANPUR DEHAT",RAMABAI NAGAR (KANPUR DEHAT),Government,N,N,1-1532423211,fetchdata,2021-2022,Engineering and Technology,1,1,1,1,Uttar Pradesh,1
1-9318168587,GOVERNMENT POLYTECHNIC MADHOGARH,PRINCIPAL GOVERNMENT POLYTECHNIC MADHOGARH (JALAUN)UP,JALAUN,Government,N,N,1-514159911,fetchdata,2021-2022,Engineering and Technology,1,1,1,1,Uttar Pradesh,1
1-9318173267,"P.M.V. POLYTECHNIC, MATHURA","MATHURA-VRINDAVAN ROAD, NEAR BIRLA TEMPLE, MATHURA",MATHURA,Govt aided,N,N,1-536946181,fetchdata,2021-2022,Engineering and Technology,1,1,1,1,Uttar Pradesh,1
1-9318173599,MEERUT INSTITUTE OF TECHNOLOGY,"NH-58, BARAL PARTAPUR, BYPASS ROAD, MEERUT-250103 (U.P.)",MEERUT,Private-Self Financing,N,N,1-6588351,fetchdata,2021-2022,Engineering and Technology,1,1,1,1,Uttar Pradesh,1
1-9318160619,"CHHATRAPATI SAHUJI MAHARAJ GOVERNMENT POYTECHNIC, BALRAMPUR (RUNNING AT GOVT POLT. GONDA)","CHHATRAPATI SAHUJI MAHARAJ GOVERNMENT POLYTECHNIC, SURAHIYA DEWER POST - MAHUWA DHANI BALRAMPUR",BALRAMPUR,Government,N,N,1-486282911,fetchdata,2021-2022,Engineering and Technology,1,1,1,1,Uttar Pradesh,1
1-9318164075,GOVERNMENT GIRLS POLYTECHNIC CHARKHARI MAHOBA,"GOVERNMENT GIRLS POLYTECHNIC , STATION ROAD CHARKHARI MAHOBA",MAHOBA,Government,Y,N,1-530749861,fetchdata,2021-2022,Engineering and Technology,1,1,1,1,Uttar Pradesh,1
1-9318164212,GOVERNMENT POLYTECHNIC CHOPAN SONEBHADRA,SENDURIA CHOPAN SONEBHADRA,SONBHADRA,Government,N,N,1-2861233511,fetchdata,2021-2022,Engineering and Technology,1,1,1,1,Uttar Pradesh,1
1-9318174756,VISION INSTITUTE OF TECHNOLOGY,"SHAHPUR, MADROK ALIGARH-AGRA HIGHWAY ALIGARH",ALIGARH,Private-Self Financing,N,N,1-2123071,fetchdata,2021-2022,Engineering and Technology,1,1,1,1,Uttar Pradesh,1
1-9318175069,MORADABAD POLYTECHNIC INSTITUTE,SAMBHAL ROAD          RUSTAM SARAI,MORADABAD,Private-Self Financing,N,Y,1-479191791,fetchdata,2021-2022,Engineering and Technology,1,1,1,1,Uttar Pradesh,1
1-9318175214,GOVERNMENT POLYTECHNIC SHAHJAHANPUR,VILL-LALPUR BLOCK-DADROUL JALALABAD ROAD,SHAHJAHANPUR,Government,N,N,1-475129943,fetchdata,2021-2022,Engineering and Technology,1,1,1,1,Uttar Pradesh,1
1-9318160739,MAHAVEER INSTITUTE OF TECHNOLOGY,"VILL. SARFUDDEENPUR ABUSA, POST SARAY INYAYAT, TEHSIL FULPUR",ALLAHABAD,Private-Self Financing,N,N,1-518894391,fetchdata,2021-2022,Engineering and Technology,1,1,1,1,Uttar Pradesh,1
1-9318171561,GOVT. GIRLS POLYTECHNIC BAREILLY,"C.B. GANJ, RAMPUR ROAD, N.H. 24, BAREILLY U.P.",BAREILLY,Government,Y,N,1-465665481,fetchdata,2021-2022,Engineering and Technology,1,1,1,1,Uttar Pradesh,1
1-9318198070,SANJAY GANDHI POLYTECHNIC,ROAD NO.- 4 INDUSTRIAL AREA JAGDISHPUR,AMETHI,Government,N,N,1-475212911,fetchdata,2021-2022,Engineering and Technology,1,1,1,1,Uttar Pradesh,1
1-9318198613,SAROJ INSTITUTE OF MANAGEMENT AND TECHNOLOGY,"CHAND SARAI, NEAR GOSAIGANJ, SULTANPUR RAOD, LUCKNOW",LUCKNOW,Private-Self Financing,N,N,1-5295661,fetchdata,2021-2022,Engineering and Technology,1,1,1,1,Uttar Pradesh,1
1-9318213007,B. S. M. COLLEGE OF TECHNOLOGY AND MANAGEMENT,VILL-BHADAR POST-SON DISTT-MATHURA,MATHURA,Private-Self Financing,N,N,1-478117321,fetchdata,2021-2022,Engineering and Technology,1,1,1,1,Uttar Pradesh,1
1-9318185532,"CHAUDHARY BEERI SINGH COLLEGE OF ENGINEERING & MANAGEMENT, AGRA","CH. BEERI SINGH COLLEGE OF ENGINEERING & MANAGEMENT, POIYA, NEAR 400 KV SUB STATION, PILI POKHAR, ALIGARH ROAD, AGRA-282006",AGRA,Private-Self Financing,N,N,1-3476931,fetchdata,2021-2022,Engineering and Technology,1,1,1,1,Uttar Pradesh,1
1-9318219012,MAHAKRNIK TATHAGAT GAUTAM BUDHA GOVT. POLYTECHNIC SIDDHARTH NAGAR,"VASA CHAK, DUMARIYAGANJ SIDDHATHNAGAR",SIDDHARTHNAGAR,Government,N,N,1-486681621,fetchdata,2021-2022,Engineering and Technology,1,1,1,1,Uttar Pradesh,1
1-9318219124,"CHHATRAPATI SAHUJI MAHARAJ GOVERNMENT POLYTECHNIC,AMBEDKARNAGAR","FAIZABAD ROAD SHIVBABA,AKBARPUR,AMBEDKARNAGAR",AMBEDKAR NAGAR,Government,N,N,1-480133081,fetchdata,2021-2022,Engineering and Technology,1,1,1,1,Uttar Pradesh,1
1-9318253288,ACE COLLEGE OF ENGINEERING AND MANAGEMENT,"17 KM MILE STONE, AGRA KANPUR ROAD, NH-2, PLOT NO-455, 456, 457 VILLEGE-SUREHRA,",AGRA,Private-Self Financing,N,N,1-424583401,fetchdata,2021-2022,Engineering and Technology,1,1,1,1,Uttar Pradesh,1
1-9318204011,LUCKNOW POLYTECHNIC LUCKNOW," KANPUR ROAD,KRISHNA NAGAR",LUCKNOW,Govt aided,N,N,1-478354121,fetchdata,2021-2022,Engineering and Technology,1,1,1,1,Uttar Pradesh,1
1-9318204409,SMT.RAM DULARI COLLEGE OF TECHNOLOGY & MANAGEMENT,"7,N.R.GARDEN ,OLE,MATHURA",MATHURA,Private-Self Financing,N,N,1-502651481,fetchdata,2021-2022,Engineering and Technology,1,1,1,1,Uttar Pradesh,1
1-9318226680,"GOVERNMENT POLYTECHNIC, AADAMPUR, TARABGANJ, GONDA","GOVERNMENT POLYTECHNIC, AADAMPUR,BLOCK- BELSAR, TEHSIL- TARABGANJ, GONDA",GONDA,Government,N,N,1-1552167861,fetchdata,2021-2022,Engineering and Technology,1,1,1,1,Uttar Pradesh,1
1-9318228556,"SAROJ INSTITUTE OF TECHNOLOGY & MANAGEMENT, LUCKNOW","AHIMAMAU,  P.O. ARJUNGANJ, SULTANPUR RAOD, LUCKNOW.",LUCKNOW,Private-Self Financing,N,N,1-7995104,fetchdata,2021-2022,Engineering and Technology,1,1,1,1,Uttar Pradesh,1
1-9318230241,SWAMI KALYAN DEV POLYTECHNIC INSTITUITE,VILL-BEHRA SADAT.POST-KAKRAULI.,MUZAFFARNAGAR,Private-Self Financing,N,N,1-503599301,fetchdata,2021-2022,Engineering and Technology,1,1,1,1,Uttar Pradesh,1
1-9318253470,VIIT POLYTECHNIC COLLEGE,"VIIT CAMPUS, G.T. ROAD, SUNHERA, BULANDSHAHR U.P.",BULANDSHAHAR,Private-Self Financing,N,N,1-510933341,fetchdata,2021-2022,Engineering and Technology,1,1,1,1,Uttar Pradesh,1
1-9318253581,DR. VIRENDRA SWARUP MEMORIAL TRUST GROUP OF INSTITUTION,"RAGENDRA SWARUP KNOWLEDGE CITY, LUCKNOW KANPUR NATIONAL HIGHWAY 25, POLE NO. 70-71, KADER PATARI, UNNAO",UNNAO,Private-Self Financing,N,N,1-11878126,fetchdata,2021-2022,Engineering and Technology,1,1,1,1,Uttar Pradesh,1
1-9318253929,MANGALMAY INSTITUTE OF ENGINEERING & TECHNOLOGY,"PLOT NO. 8, KNOWLEDGE PARK-II",GAUTAM BUDDHA NAGAR,Private-Self Financing,N,N,1-413241491,fetchdata,2021-2022,Engineering and Technology,1,1,1,1,Uttar Pradesh,1
1-9318186432,VIVEKANANDA COLLEGE OF POLYTECHNIC,MATHURA BYPASS NEAR KHAIR ROAD 500 MTRS FROM NADA PUL,ALIGARH,Private-Self Financing,N,N,1-3371050371,fetchdata,2021-2022,Engineering and Technology,1,1,1,1,Uttar Pradesh,1
1-9318204509,"INSTITUTE OF TECHNOLOGY &MANAGEMENT,LUCKNOW","N.H.-24,MAMPUR BANA,BAKSHI KA TALAB,SITAPUR ROAD,LUCKNOW",LUCKNOW,Private-Self Financing,N,N,1-4199791,fetchdata,2021-2022,Engineering and Technology,1,1,1,1,Uttar Pradesh,1
1-9318219398,GOVERNMENT POLYTECHNIC MORADABAD,"KANTH ROAD, OPPOSITE VIVEKANAND HOSPITAL , MORADABAD",MORADABAD,Government,N,N,1-479242731,fetchdata,2021-2022,Engineering and Technology,1,1,1,1,Uttar Pradesh,1
1-9318226786,NATIONAL SUGAR INSTITUTE,KALYANPUR,KANPUR NAGAR,Government,N,N,1-2480100091,fetchdata,2021-2022,Engineering and Technology,1,1,1,1,Uttar Pradesh,1
1-9318239353,BABU SUNDER SINGH INSTITUTE OF TECHNOLOGY & MANAGEMENT,"VILL. SHERPUR LAWAL  NH-24B,RAEBARELLY ROAD, NIGOHAN LUCKNOW",LUCKNOW,Private-Self Financing,N,N,1-8093711,fetchdata,2021-2022,Engineering and Technology,1,1,1,1,Uttar Pradesh,1
1-9318200212,BHAGWANT INSTITUTE OF TECHNOLOGY,"BHAGWANTPURAM, 17TH MILE STONE BIJNOR-DELHI HIGHWAY DISTT.- MUZAFFARNAGAR  (U.P.)-251315",MUZAFFARNAGAR,Private-Self Financing,N,N,1-16872534,fetchdata,2021-2022,Engineering and Technology,1,1,1,1,Uttar Pradesh,1
1-9318205229,ALLENHOUSE INSTITUTE OF TECHNOLOGY,"PLOT  NO. 176, ROOMA, KULGAON ROAD, KANPUR",KANPUR NAGAR,Private-Self Financing,N,N,1-6262181,fetchdata,2021-2022,Engineering and Technology,1,1,1,1,Uttar Pradesh,1
1-9318251713,DR. K.N. MODI INSTITUTE OF ENGINEERING AND TECHNOLOGY,"DELHI - MEERUT ROAD, OPPOSITE SBI MAIN BRANCH MODINAGAR, DISTRICT - GHAZIABAD PIN - 201201",GHAZIABAD,Private-Self Financing,N,N,1-12314001,fetchdata,2021-2022,Engineering and Technology,1,1,1,1,Uttar Pradesh,1
1-9318187705,JASWANT SINGH BHADAURIA INSTITUTE OF TECHNOLOGY,VILL + POST KOSI KHURD BHARATPUR ROAD MATHURA,MATHURA,Private-Self Financing,N,N,1-458433155,fetchdata,2021-2022,Engineering and Technology,1,1,1,1,Uttar Pradesh,1
1-9318219653,SHREE BHAGWAT INSTITUTE OF TECHNOLOGY,"N.H.-2 (MOHANSARAI BYPASS ROAD),  VILL.-DELHNA, POST-KASHIPUR,            VARANASI (U.P.)-221011",VARANASI,Private-Self Financing,N,N,1-2068837731,fetchdata,2021-2022,Engineering and Technology,1,1,1,1,Uttar Pradesh,1
1-9318215675,DR VIJAY INSTITUTE OF EDUCATION AND TECHNOLOGY,"VILLAGE- BHANDAHA KALA, POST- KAITHI, NH-29, VARANASI",VARANASI,Private-Self Financing,N,Y,1-2510067141,fetchdata,2021-2022,Engineering and Technology,1,1,1,1,Uttar Pradesh,1
1-9318246970,ANAND ENGINEERING COLLEGE,"N. H. 2, AGRA - MATHURA HIGHWAY, KEETHAM",AGRA,Private-Self Financing,N,N,1-9292671,fetchdata,2021-2022,Engineering and Technology,1,1,1,1,Uttar Pradesh,1
1-9318180890,R V INSTITUTE OF TECHNOLOGY,"VILLAGE ALHEDADPUR, 9TH KM MILESTONE, BIJNOR MORADABAD ROAD, BIJNOR, UTTAR PRADESH-246701",BIJNOR,Private-Self Financing,N,N,1-11338124,fetchdata,2021-2022,Engineering and Technology,1,1,1,1,Uttar Pradesh,1
1-9318203684,SHIVALIK INSTITUTE OF MANAGEMENT AND TECHNOLOGY,"VILL-SARAGTHAL MUSTAKAM, P.O- SADHOLI HARIYA,",SAHARANPUR,Private-Self Financing,N,N,1-2046377471,fetchdata,2021-2022,Engineering and Technology,1,1,1,1,Uttar Pradesh,1
1-9318216045,LUCKNOW MODEL INSTITUTE OF TECHNOLOGY & MANAGEMENT,"LUCKNOW MODEL INSTITUTE OF TECHNOLOGY & MANAGEMENT 4.0 K.M. STONE MOHANLALGANJ - KANPUR ROAD BYPASS VILLAGE: BHASANDA, PARGANA - NIGOHA TEHSIL: MOHANLALGANJ JANPAD LUCKNOW, U.P.",LUCKNOW,Private-Self Financing,N,N,1-8909931,fetchdata,2021-2022,Engineering and Technology,1,1,1,1,Uttar Pradesh,1
1-9318220879,IMS COLLEGE OF POLYTECHNIC,"97 MILE STONE, NH-24,KAKATHER CROSSING, KHUNGAWALI, GAJRAULA, J.P. NAGAR",J P NAGAR,Private-Self Financing,N,N,1-524513341,fetchdata,2021-2022,Engineering and Technology,1,1,1,1,Uttar Pradesh,1
1-9318252885,"MANYAVAR KASHI RAM GOVERNMENT POLYTECHNIC, KANNAUJ","DURGA NAGAR, TIRWA KAHS, KANNAUJ",KANNAUJ,Government,N,N,1-479023391,fetchdata,2021-2022,Engineering and Technology,1,1,1,1,Uttar Pradesh,1
1-9318188411,MAHATMA JYOTIBA PHULE GOVERNMENT POLYTECHNIC KAUSHAMBI,VILL-TEWAN MANJHANPUR,KAUSHAMBI,Government,N,N,1-513929261,fetchdata,2021-2022,Engineering and Technology,1,1,1,1,Uttar Pradesh,1
1-9318188518,JP INSTITUTE OF ENGINEERING & TECHNILOGY,"SALARPUR, JALALPUR MAWANA ROAD, MEERUT PIN-250001",MEERUT,Private-Self Financing,N,N,1-4824676,fetchdata,2021-2022,Engineering and Technology,1,1,1,1,Uttar Pradesh,1
1-9318183694,KASHINATH INSTITUTE OF POLYTECHNIC,"VILLAGE- NARAYANPUR KAKARAHI, POST- DAULATPUR, GHAZIPUR",GHAZIPUR,Private-Self Financing,N,N,1-3400514101,fetchdata,2021-2022,Engineering and Technology,1,1,1,1,Uttar Pradesh,1
1-9318210341,GOVERNMENT GIRL'S POLYTECHNIC SHAMLI,G.G.P SHAMLI MUNDATE ROAD SHAMLI,SHAMLI,Government,Y,N,1-475207671,fetchdata,2021-2022,Engineering and Technology,1,1,1,1,Uttar Pradesh,1
1-9318210812,GCRG COLLEGE OF  POLYTECHNIC,"PARVATPUR, CHANDRIKA DEVI ROAD, BAKSHI KA TALAB, LUCKNOW",LUCKNOW,Private-Self Financing,N,N,1-739347891,fetchdata,2021-2022,Engineering and Technology,1,1,1,1,Uttar Pradesh,1
1-9318246335,JANTA POLYTECHNIC JAHANGIRABAD,"JAHANGIRABAD, BHAIPUR (BULANDSHAHR) U.P. - 202391",BULANDSHAHAR,Govt aided,N,N,1-465940751,fetchdata,2021-2022,Engineering and Technology,1,1,1,1,Uttar Pradesh,1
1-9318189154,BANSAL INSTITUTE OF ENGINEERING AND TECNOLOGY,"NH-24, BEHIND SEWA HOSPITAL, SITAPUR ROAD, LUCKNOW",LUCKNOW,Private-Self Financing,N,N,1-6848541,fetchdata,2021-2022,Engineering and Technology,1,1,1,1,Uttar Pradesh,1
1-9318190878,DAYALBAGH EDUCATIONAL INSTITUTE,"DAYALBAGH, AGRA - 282110, UTTAR PRADESH, INDIA.",AGRA,Govt aided,N,N,1-482451854,fetchdata,2021-2022,Engineering and Technology,1,1,1,1,Uttar Pradesh,1
1-9318211225,"AZAD POLYTECHNIC, BHARTHIPUR","BHARTHIPUR, PALHNA, LALGANJ, AZAMGARH",AZAMGARH,Private-Self Financing,N,N,1-461664851,fetchdata,2021-2022,Engineering and Technology,1,1,1,1,Uttar Pradesh,1
1-9318235337,RAJARSHI RANANJAY SINH INSTITUTE OF MANAGEMENT & TECHNOLOGY,"RAJARSHI NAGAR, MUNSHIGANJ",SULTANPUR,Private-Self Financing,N,N,1-7612991,fetchdata,2021-2022,Engineering and Technology,1,1,1,1,Uttar Pradesh,1
1-9318217448,"GOVT. POLYTECHNIC,PILIBHIT(U.P)","GOVT. POLYTECHNIC,BILGAUN ROAD",PILIBHIT,Government,N,N,1-486883911,fetchdata,2021-2022,Engineering and Technology,1,1,1,1,Uttar Pradesh,1
1-9318217569,SMT.FULEHRA SMARAK COLLEGE OF POLYTECHNIC,"KAMTAILLA, RASRA, BALLIA (U.P.)",BALLIA,Private-Self Financing,N,N,1-2201117141,fetchdata,2021-2022,Engineering and Technology,1,1,1,1,Uttar Pradesh,1
1-9318228407,"GOVT. GIRLAS POLYTECHNIC, AMETHI",DHMAUR ROAD,AMETHI,Government,Y,N,1-505375991,fetchdata,2021-2022,Engineering and Technology,1,1,1,1,Uttar Pradesh,1
1-9318192231,GOVT. POLYTECHNIC BASTI,BANSI ROAD HATHIAGARH BASTI,BASTI,Government,N,N,1-480562801,fetchdata,2021-2022,Engineering and Technology,1,1,1,1,Uttar Pradesh,1
1-9318192379,FEROZE GANDHI POLYTECHNIC,RATAPUR,RAE BARELI,Govt aided,N,N,1-513090141,fetchdata,2021-2022,Engineering and Technology,1,1,1,1,Uttar Pradesh,1
1-9318217782,K.L. POLYTECHNIC,BHARAURA MALHANI PO:MALHANI BAZAR,JAUNPUR,Private-Self Financing,N,N,1-498207103,fetchdata,2021-2022,Engineering and Technology,1,1,1,1,Uttar Pradesh,1
1-9318261398,MADHU VACHASPATI INSTITUTE OF ENGIENEERING & TECHNOLOGY,"VILL: RASOOLABAD, KOILAHA, G.T.ROAD, KAUSHAMBI",KAUSHAMBI,Private-Self Financing,N,N,1-8469061,fetchdata,2021-2022,Engineering and Technology,1,1,1,1,Uttar Pradesh,1
1-9318061454,GOVERNMENT POLYTECHNIC ROORKEE BAHERI  BAREILLY,GOVT.POLY.ROORKEE BAHERI BAREILLY,BAREILLY,Government,N,N,1-3670730311,fetchdata,2021-2022,Engineering and Technology,1,1,1,1,Uttar Pradesh,1
1-9318073911,SRM INSTITUTE OF MANAGEMENT AND TECHNOLOGY,"VILLAGE SIKRI KALAN, DELHI MEERUT ROAD, MODINAGAR, GHAZIABAD",GHAZIABAD,Deemed to be University(Pvt),N,Y,1-3669181121,fetchdata,2021-2022,Engineering and Technology,1,1,1,1,Uttar Pradesh,1
1-9318077586,TRINITY INSTITUTE OF INNOVATIONS IN PROFESSIONAL STUDIES,2B/1  KNOWLEDGE PARK-III,GAUTAM BUDDHA NAGAR,Private-Self Financing,N,N,1-3684585544,fetchdata,2021-2022,Engineering and Technology,1,1,1,1,Uttar Pradesh,1
1-9318109936,INSTITUTE OF ENGINEERING & TECHNOLOGY,"DR. RAM MANOHAR LOHIA AVADH UNIVERSITY, FAIZABAD UTTAR PRADESH 224001",FAIZABAD,State Government University,N,N,1-35241531,fetchdata,2021-2022,Engineering and Technology,1,1,1,1,Uttar Pradesh,1
1-9318110115,GOVERNMENT POLYTECHNIC BIJNOR UP,"GOVERNMENT POLYTECHNIC MEERUT ROAD, BIJNOR, UP",BIJNOR,Government,N,N,1-457237741,fetchdata,2021-2022,Engineering and Technology,1,1,1,1,Uttar Pradesh,1
1-9318112010,GOVERNMENT POLYTECHNIC BARABANKI,JAHANGIRABAD RD. SOMMIYANAGAR BARABANKI,BARABANKI,Government,N,N,1-474661871,fetchdata,2021-2022,Engineering and Technology,1,1,1,1,Uttar Pradesh,1
1-9318112144,GAYATRI COLLEGE OF ENGG.&TECHNOLOGY,MURHI JAHANGIRPUR,AGRA,Private-Self Financing,N,N,1-476366521,fetchdata,2021-2022,Engineering and Technology,1,1,1,1,Uttar Pradesh,1
1-9318120910,JP INSTITUTE OF HOTEL MANAGEMENT & CATERING TECHNOLOGY,"POST - RAJPURA, MAWANA ROAD",MEERUT,Private-Self Financing,N,N,1-455818941,fetchdata,2021-2022,Engineering and Technology,1,1,1,1,Uttar Pradesh,1
1-9318122618,GOVERNMENT POLYTECHNIC,MAANPUR BLOCK BEEGHAUR,UNNAO,Government,N,N,1-2878183051,fetchdata,2021-2022,Engineering and Technology,1,1,1,1,Uttar Pradesh,1
1-9318123920,"REMOTE SENSING APPLICATIONS CENTRE ,U.P.","SECTOR-G ,JANKIPURAM, KURSI ROAD ,LUCKNOW",LUCKNOW,Government,N,N,1-515102021,fetchdata,2021-2022,Engineering and Technology,1,1,1,1,Uttar Pradesh,1
1-9318125417,KANCHAN POLYTECHNIC,"VILLAGE- MANHERU, POST- BELA KHARA, RAE BARELI",RAE BARELI,Private-Self Financing,N,N,1-462629961,fetchdata,2021-2022,Engineering and Technology,1,1,1,1,Uttar Pradesh,1
1-9318125620,PRASAD POLYTECHNIC,PUNCH-HATTIA  SADAR,JAUNPUR,Private-Self Financing,N,N,1-479655381,fetchdata,2021-2022,Engineering and Technology,1,1,1,1,Uttar Pradesh,1
1-9318121140,KASHI NATH INSTITUTE OF TECHNOLOGY,"VILLAGE- SANAND NAGAR, POST- BANKI KHURD, GHAZIPUR",GHAZIPUR,Private-Self Financing,N,N,1-450196631,fetchdata,2021-2022,Engineering and Technology,1,1,1,1,Uttar Pradesh,1
1-9318110249,"R.S.S.COLLEGE OF TECH.& MGMT. BALDEO ,MATHURA","BALDEO, MATHURA",MATHURA,Private-Self Financing,N,N,1-500246291,fetchdata,2021-2022,Engineering and Technology,1,1,1,1,Uttar Pradesh,1
1-9318111356,LAKHMIRI INSTITUTE OF ENGINEERING & TECHNOLOGY,"GOPI NAGAR, AHERA POST - BAGHPAT, DISTT. - BAGHPAT (U.P) 250609",BAGPAT,Private-Self Financing,N,N,1-2878170781,fetchdata,2021-2022,Engineering and Technology,1,1,1,1,Uttar Pradesh,1
1-9318112621,VISION INSTITUTE OF TECHNOLOGY,"HATHIPUR, MAHRAJPUR NH-2 KNAPUR",KANPUR NAGAR,Private-Self Financing,N,N,1-7309818,fetchdata,2021-2022,Engineering and Technology,1,1,1,1,Uttar Pradesh,1
1-9318113929,"GOVERNMENT POLYTECHNIC, MAU","VILLAGE- KANDHERI  NEAR DOORDASHERSN KENDRA , MAU",MAU,Government,N,N,1-482121751,fetchdata,2021-2022,Engineering and Technology,1,1,1,1,Uttar Pradesh,1
1-9318121538,"GOVT. POLYTECHNIC TALBEHAT ,LALITPUR",GOVT. POLYTECHNIC TALBEHAT LALITPUR,LALITPUR,Government,N,N,1-1537520451,fetchdata,2021-2022,Engineering and Technology,1,1,1,1,Uttar Pradesh,1
1-9318108936,JAHANGIRABAD EDUCATIONAL TRUST GROUP OF INSTITUTIONS,"JAHANGIRABAD FORT, JAHANGIRABAD,BARABANKI,UP-225203",BARABANKI,Private-Self Financing,N,Y,1-8718336,fetchdata,2021-2022,Engineering and Technology,1,1,1,1,Uttar Pradesh,1
1-9318118624,"GOVERNEMT POLYTECHNIC, FATEHPUR","NAUWA BAGH, G.T. ROAD",FATEHPUR,Government,N,N,1-462557131,fetchdata,2021-2022,Engineering and Technology,1,1,1,1,Uttar Pradesh,1
1-9318099283,JIMS ENGINEERING MANAGEMENT TECHNICAL CAMPUS,"48/4,KNOWLEDGE PARK-III, GREATER NOIDA PIN-201306",GAUTAM BUDDHA NAGAR,Private-Self Financing,N,N,1-6898451,fetchdata,2021-2022,Engineering and Technology,1,1,1,1,Uttar Pradesh,1
1-9318126068,"FACULTY OF ENGINEERING & TECHNOLOGY, R.B.S.COLLEGE, BICHPURI CAMPUS, AGRA.","BICHPURI CAMPUS, BICHPURI, AGRA.",AGRA,Private-Self Financing,N,N,1-5933071,fetchdata,2021-2022,Engineering and Technology,1,1,1,1,Uttar Pradesh,1
1-9318125237,ALLAHABAD COLLEGE OF ENGINEERING AND MANAGEMENT,G.T ROAD (123 K.M FROM KANPUR/77 K.M FROM ALLAHABAD) PURIEN MOD. KHAGA,FATEHPUR,Private-Self Financing,N,N,1-493887551,fetchdata,2021-2022,Engineering and Technology,1,1,1,1,Uttar Pradesh,1
1-9318109766,"M.G.POLYTECHNIC, HATHRAS",AGRA ALIGARH ROAD HATHRAS,MAHAMAYA NAGAR,Govt aided,N,N,1-522663081,fetchdata,2021-2022,Engineering and Technology,1,1,1,1,Uttar Pradesh,1
1-9318148418,VISHVESHWARYA INSTITUTE OF POLYTECHNIC,"VILLAGE BEEL AKBARPUR, & TEHSIL DADRI, DISTT. GAUTAM BUDH NAGAR",GAUTAM BUDDHA NAGAR,Private-Self Financing,N,N,1-2857413111,fetchdata,2021-2022,Engineering and Technology,1,1,1,1,Uttar Pradesh,1
1-9318138648,ACCURATE INSTITUTE OF POLYTECHNIC,PLOT NO 49 KNOWLEDGE PARK-III GREATER NOIDA,GAUTAM BUDDHA NAGAR,Private-Self Financing,N,N,1-2888693061,fetchdata,2021-2022,Engineering and Technology,1,1,1,1,Uttar Pradesh,1
1-9318139823,K.S. INSTITUTE OF MANAGEMENT & TECHNOLOGY,KARODI ROAD,MUZAFFARNAGAR,Private-Self Financing,N,N,1-747960624,fetchdata,2021-2022,Engineering and Technology,1,1,1,1,Uttar Pradesh,1
1-9318150883,"LUCKNOW INSTITUTE OF TECHNOLOGY, LUCKNOW","AZADPURAM, ADJACENT CRPF GROUP CENTRE, POST- CHANDRAWAL, BIJNOUR-BANTHARA ROAD",LUCKNOW,Private-Self Financing,N,Y,1-3992601,fetchdata,2021-2022,Engineering and Technology,1,1,1,1,Uttar Pradesh,1
1-9318153392,IMS ENGINEERING COLLEGE,"NH-24, ADHYATMIK NAGAR,  GHAZIABAD, UTTAR PRADESH PIN CODE 201009",GHAZIABAD,Private-Self Financing,N,N,1-4903321,fetchdata,2021-2022,Engineering and Technology,1,1,1,1,Uttar Pradesh,1
1-9318136234,INDIAN INSTITUTE OF CARPET TECHNOLOGY,CHAURI ROAD BHADOHI,SANT RAVIDAS NAGAR,Govt aided,N,N,1-462578871,fetchdata,2021-2022,Engineering and Technology,1,1,1,1,Uttar Pradesh,1
1-9318145086,SKY INSTITUTE OF MANAGEMENT AND TECHNOLOGY,"LADAMDA, BICHPURI, AGRA",MATHURA,Private-Self Financing,N,N,1-2055162081,fetchdata,2021-2022,Engineering and Technology,1,1,1,1,Uttar Pradesh,1
1-9318145231,M.S.D.POLYTECHNIC COLLEGE,"BALPUR, KHARAILA, SARAIPALTU",AZAMGARH,Private-Self Financing,N,N,1-513542071,fetchdata,2021-2022,Engineering and Technology,1,1,1,1,Uttar Pradesh,1
1-9318145538,HMFA MEMORIAL INSTITUTE OF ENGG & TECH.,"KARARI BHADAILY, HANDIA, ALLAHABAD",ALLAHABAD,Private-Self Financing,N,N,1-5325021,fetchdata,2021-2022,Engineering and Technology,1,1,1,1,Uttar Pradesh,1
1-9318148521,KRISHNA INSTITUTE OF TECHNOLOGY 351,"GRAM AMILIHA,POST TATIYAGANJ",KANPUR NAGAR,Private-Self Financing,N,N,1-23064741,fetchdata,2021-2022,Engineering and Technology,1,1,1,1,Uttar Pradesh,1
1-9318133822,RAM SINGH COLLEGE OF ENGG.&TECHNOLOGY,"NAGLA SIKANDAR TUNDLA,ETAH ROAD  FIROZABAD",FIROZABAD,Private-Self Financing,N,N,1-476171123,fetchdata,2021-2022,Engineering and Technology,1,1,1,1,Uttar Pradesh,1
1-9318134551,DEVO MAHESH COLLEGE OF ENGINEERING & TECHNOLOGY,"SUKRIT (VARANASI TO SHAKTINAGAR G.T. ROAD) ROBARTSGANJ, SONBHADRA, UTTAR PRADESH (INDIA)",SONBHADRA,Private-Self Financing,N,N,1-2071025701,fetchdata,2021-2022,Engineering and Technology,1,1,1,1,Uttar Pradesh,1
1-9318146014,BHASHKAR POLYTECHNIC COLLEGE,SHAMLI ROAD KAIRANA (SHAMLI),MUZAFFARNAGAR,Private-Self Financing,N,N,1-1465664891,fetchdata,2021-2022,Engineering and Technology,1,1,1,1,Uttar Pradesh,1
1-9318152880,B R GAUTAM POLYTECHNIC INSTITUTE,RAJAPUR,JAUNPUR,Private-Self Financing,N,N,1-3512284844,fetchdata,2021-2022,Engineering and Technology,1,1,1,1,Uttar Pradesh,1
1-9318146285,GOVERNMENT POLYTECHNIC BANDA,CHILLA ROAD   NEAR KATAI MILL,BANDA,Government,N,N,1-524341001,fetchdata,2021-2022,Engineering and Technology,1,1,1,1,Uttar Pradesh,1
1-9318135731,ACADEMY OF TECHNOLOGY MANAGEMENT AND SCIENCE,"ACCHEJA, NH-24, 49TH MILESTONE, HAPUR BYPASS,",GHAZIABAD,Private-Self Financing,N,N,1-1561390821,fetchdata,2021-2022,Engineering and Technology,1,1,1,1,Uttar Pradesh,1
1-9318174214,VIKAS INSTITUTE OF ENGINEERING AND TECHNOLOGY,VIL-JUNGLE EKLA NO-2 HATHWA TOLA PO- GULARIHA,GORAKHPUR,Private-Self Financing,N,N,1-728926571,fetchdata,2021-2022,Engineering and Technology,1,1,1,1,Uttar Pradesh,1
1-9317987869,BUNDELKHAND INSTITUTE OF ENGINEERING & TECHNOLOGY JHANSI,KANPUR ROAD JHANSI,JHANSI,Government,N,N,1-449514562,fetchdata,2021-2022,Engineering and Technology,1,1,1,1,Uttar Pradesh,1
1-9317974938,DR. M.C. SAXEAN INSTITUTE OF ENGINEERING & MANAGEMENT,"171, BARAWANKALA MALL ROAD, IIM DUBGGA BY-PASS LUCKNOW",LUCKNOW,Private-Self Financing,N,N,1-38372931,fetchdata,2021-2022,Engineering and Technology,1,1,1,1,Uttar Pradesh,1
1-9318022223,FACULTY OF ENGINEERING,DELHI ROAD NH-24 MORADABAD PIN NO- 244001,MORADABAD,State Private University,N,Y,1-2867621131,fetchdata,2021-2022,Engineering and Technology,1,1,1,1,Uttar Pradesh,1
1-9317619940,DNM INSTITUTE OF ENGINEERING & TECHNOLOGY," VILLAGE-  SARAI SHEHZADI, PARGANA- BIJNAUR, P.O. BANTHARA LUCKNOW PIN- 227101",LUCKNOW,Private-Self Financing,N,N,1-474054481,fetchdata,2021-2022,Engineering and Technology,1,1,1,1,Uttar Pradesh,1
1-9317638341,GOVERNMENT POLYTECHNIC SARSAI RATH HAMIRPUR,GOVERNMENT POLYTECHNIC SARSAI RATH HAMIRPUR,HAMIRPUR,Government,N,N,1-2103006811,fetchdata,2021-2022,Engineering and Technology,1,1,1,1,Uttar Pradesh,1
1-9317631844,INGRAHAM POLYTECHNIC,HAPUR ROAD,GHAZIABAD,Private-Self Financing,N,Y,1-495353761,fetchdata,2021-2022,Engineering and Technology,1,1,1,1,Uttar Pradesh,1
1-9317653113,RISHI INSTITUTE OF ENGINNERING AND TECHNOLOGY,"DELHI-DEHRADUN BYPASS ROAD, PARTAPUR, MEERUT-250103",MEERUT,Private-Self Financing,N,N,1-9408471,fetchdata,2021-2022,Engineering and Technology,1,1,1,1,Uttar Pradesh,1
1-9317638014,UNIVERSITY INSTITUTE OF ENGINEERING AND TECHNOLOGY,CSJM UNIVERSITY KALYANPUR KANPUR,KANPUR NAGAR,State Government University,N,N,1-34374804,fetchdata,2021-2022,Engineering and Technology,1,1,1,1,Uttar Pradesh,1
1-9317644889,SUBHARTI INSTITUTE OF TECHNOLOGY AND ENGINEERING,NH-58 SUBHARTIPURAM  DELHI-MEERUT-HARDIWAR BY PASS ROAD,MEERUT,Private-Self Financing,N,N,1-458360541,fetchdata,2021-2022,Engineering and Technology,1,1,1,1,Uttar Pradesh,1
1-9317673937,CHANDAULI POLYTECHNIC CHANDAULI,CHANDAULI POLYTECHNIC CHANDAULI,CHANDAULI,Govt aided,N,N,1-489218631,fetchdata,2021-2022,Engineering and Technology,1,1,1,1,Uttar Pradesh,1
1-9317778023,KUNWAR SATYAVIRA COLLEGE OF ENGINEERING AND MANAGEMENT,VIRA COLLEGE OF ENGINEERING BARRAGE ROAD OPP. NEW TELEPHONE EXCHANGE BIJNOR-246701,BIJNOR,Private-Self Financing,N,N,1-9757731,fetchdata,2021-2022,Engineering and Technology,1,1,1,1,Uttar Pradesh,1
1-9317778390,INSTITUTE OF ENGG. & RURAL TECHNOLOGY,"26, CHATHAM LINE",ALLAHABAD,Govt aided,N,N,1-495597721,fetchdata,2021-2022,Engineering and Technology,1,1,1,1,Uttar Pradesh,1
1-9317766394,DEV RISHI INSTITUTE OF POLYTECHNIC & TECHNOLOGY,"# 223,KHAND 2, VILLAGE-SALHAPUR, NAKUR",SAHARANPUR,Private-Self Financing,N,N,1-809075111,fetchdata,2021-2022,Engineering and Technology,1,1,1,1,Uttar Pradesh,1
1-9317767674,GOVT.POLYTECHNIC GHATAMPUR,RAMSARI ROAD GHATAMPUR KANPUR,KANPUR NAGAR,Government,N,N,1-506477541,fetchdata,2021-2022,Engineering and Technology,1,1,1,1,Uttar Pradesh,1
1-9317837201,MAHAMAYA POLYTECHNIC OF INFORMATION TECHNOLOGY,"DHANAPUR CHANDAULI (PRESENTLY RUNNING AT GOVT. POLYTECHNIC, JAUNPUR)",CHANDAULI,Government,N,N,1-499373221,fetchdata,2021-2022,Engineering and Technology,1,1,1,1,Uttar Pradesh,1
1-9317732146,"GOVERNMENT POLYTECHNIC KENAURA, SULTANPUR, UTTAR PRADESH","KENAURA, LAMBHUA SULTANPUR UTTAR PRADESH",SULTANPUR,Government,N,N,1-2858236601,fetchdata,2021-2022,Engineering and Technology,1,1,1,1,Uttar Pradesh,1
1-9317732285,GOVERNMENT POLYTECHNIC NIKARIKA RAJGARH MIRZAPUR,"VILLAGE: NIKARIKA,POST:RAJGARH,TEHSIL:MADIHAN, MIRZAPUR",MIRZAPUR,Government,N,N,1-2853619771,fetchdata,2021-2022,Engineering and Technology,1,1,1,1,Uttar Pradesh,1
1-9317748906,BHARAT INSTITUTE OF TECHNOLOGY (SCHOOL OF ENGINEERING),"BY PASS ROAD, PARTAPUR, MEERUT",MEERUT,Private-Self Financing,N,N,1-6050863,fetchdata,2021-2022,Engineering and Technology,1,1,1,1,Uttar Pradesh,1
1-9317691638,SITAPUR SHIKSHA SANSTHAN GROUP OF INSTITUTIONS,"RESORA ,SITAPUR",SITAPUR,Private-Self Financing,N,N,1-11478661,fetchdata,2021-2022,Engineering and Technology,1,1,1,1,Uttar Pradesh,1
1-9317793450,"GOVT.GIRLS POLYTECHNIC,MORADABAD",KANTH ROAD NEAR HARTHALA MORADABD,MORADABAD,Government,Y,N,1-511310971,fetchdata,2021-2022,Engineering and Technology,1,1,1,1,Uttar Pradesh,1
1-9317793570,CENTRAL INSTITUTE OF PLASTICS ENGINEERING & TECHNOLOGY,"B-27 AMAUSI INDUSTRIAL AREA, NADARGANJ, LUCKNOW",LUCKNOW,Government,N,N,1-492922931,fetchdata,2021-2022,Engineering and Technology,1,1,1,1,Uttar Pradesh,1
1-9317793751,"GOVERNMENT POLYTECHNIC BAIJPUR BHITI,AMBEDKARNAGAR","BAIJPUR NEAR SHRVAN CHHETRA,BHITI,AMBEDKARNAGAR",AMBEDKAR NAGAR,Government,N,N,1-2487426341,fetchdata,2021-2022,Engineering and Technology,1,1,1,1,Uttar Pradesh,1
1-9317806857,DR. DASHRATH CHAUDHARY INSTITUTE OF TECHNOLOGY,BANSI (SIDDHARTH NAGAR),SIDDHARTHNAGAR,Private-Self Financing,N,N,1-479595311,fetchdata,2021-2022,Engineering and Technology,1,1,1,1,Uttar Pradesh,1
1-9317807214,RAM-EESH INSTITUTE OF ENGINEERING AND TECHNOLOGY,"PLOT NO.3,KNOWLEDGE PARK-I,KASNA ROAD,GREATER NOIDA (U.P-201310)",GAUTHAM BUDDHA NAGAR,Private-Self Financing,N,N,1-3931981,fetchdata,2021-2022,Engineering and Technology,1,1,1,1,Uttar Pradesh,1
1-9317924889,GOVERNMENT GIRLS POLYTECHNIC. ARNIA,"THHENGORA MADKAULA,  TAH. KHURJA ",BULANDSHAHAR,Government,N,N,1-3726732291,fetchdata,2021-2022,Engineering and Technology,1,1,1,1,Uttar Pradesh,1
1-9317925478,R. K. POLYTECHNIC COLLEGE,"VILL - SARAI LANGER (SAKURABAD) POST - JAHANABAD, TEHSIL - BINDKI, DISTT - FATEHPUR",FATEHPUR,Private-Self Financing,N,N,1-3737349121,fetchdata,2021-2022,Engineering and Technology,1,1,1,1,Uttar Pradesh,1
1-9317888220,MAA SHARDA INSTITUTE OF TECHNOLOGY,"VILLAGE & POST- GAHAZI, TEHSIL- BURHANPUR",AZAMGARH,Private-Self Financing,N,N,1-3716062721,fetchdata,2021-2022,Engineering and Technology,1,1,1,1,Uttar Pradesh,1
1-9317911100,RAJKIYA ENGINEERING COLLEGE KANNAUJ,"TIRWA, KANNAUJ",KANNAUJ,Government,N,N,1-3725944831,fetchdata,2021-2022,Engineering and Technology,1,1,1,1,Uttar Pradesh,1
1-9317864134,"GOVERNMENT POLYTECHNIC, GORAKHPUR","OPPOSITE- N.E.RAILWAY MECHANICAL WORKSHOP, NEAR- ASURAN CHOWK, GORAKHPUR",GORAKHPUR,Government,N,N,1-496078411,fetchdata,2021-2022,Engineering and Technology,1,1,1,1,Uttar Pradesh,1
1-9317925971,GOVERNMENT POLYTECHNIC,"VILLAGE- JATWADA, THESIL JANSATH",MUZAFFARNAGAR,Government,N,N,1-3738849861,fetchdata,2021-2022,Engineering and Technology,1,1,1,1,Uttar Pradesh,1
1-9317865357,TIRUPATI COLLEGE OF ENGINEERING,"VILLAGE-BENDOWA BLOCK MOHANLALGANJ, RAEBARELI RAOD, LUCKNOW",LUCKNOW,Private-Self Financing,N,N,1-798862511,fetchdata,2021-2022,Engineering and Technology,1,1,1,1,Uttar Pradesh,1
1-9317873421,GAJRAJ SINGH POLYTECHNIC,"AHARPUR, JAMUNIYA, JAUNPUR",JAUNPUR,Private-Self Financing,N,N,1-3703150251,fetchdata,2021-2022,Engineering and Technology,1,1,1,1,Uttar Pradesh,1
1-9317935889,RUDRA POLYTECHNIC,"VILLAGE & POST- GAURA, TEHSIL- MEHNAGAR",AZAMGARH,Private-Self Financing,N,N,1-3755231331,fetchdata,2021-2022,Engineering and Technology,1,1,1,1,Uttar Pradesh,1
1-9317553602,INTERNATIONAL MARITIME INSTITUTE,"13, KNOWLEDGE PARK 1, SURAJPUR KASNA ROAD,",GAUTAM BUDDHA NAGAR,Private-Self Financing,N,N,1-6072006,fetchdata,2021-2022,Engineering and Technology,1,1,1,1,Uttar Pradesh,1
1-9317551368,KOTHIWAL INSTITUTE OF TECHNOLOGY & PROFESSIONAL STUDIES,"PACHOKRA, HARIDWAR ROAD, MORADABAD  UTTAR PRADESH",MORADABAD,Private-Self Financing,N,N,1-5353321,fetchdata,2021-2022,Engineering and Technology,1,1,1,1,Uttar Pradesh,1
1-9317559316,KESHAV POLYTECHNIC,"NH-58, VILL. TEJALHERA BARLA-BASERA ROAD, MUZAFFRANAGAR",MUZAFFARNAGAR,Private-Self Financing,N,N,1-493088031,fetchdata,2021-2022,Engineering and Technology,1,1,1,1,Uttar Pradesh,1
1-9317554477,EDIFY INSTITUTE OF POLYTECHNIC,"VILLAGE- SHAHZADPUR PAURI, FARAH",MATHURA,Private-Self Financing,N,N,1-455563181,fetchdata,2021-2022,Engineering and Technology,1,1,1,1,Uttar Pradesh,1
1-9317553719,JSS ACADEMY OF TECHNICAL EDUCATION,"C 20/1, SECTOR 62, NOIDA-201301",GAUTAM BUDDHA NAGAR,Private-Self Financing,N,N,1-3675821,fetchdata,2021-2022,Engineering and Technology,1,1,1,1,Uttar Pradesh,1
1-9317551897,"GOVERNMENT POLYTECHNIC, BINDKI, FATEHPUR","52 IMLI, NANDAPUR, BINDKI",FATEHPUR,Government,N,N,1-2873426841,fetchdata,2021-2022,Engineering and Technology,1,1,1,1,Uttar Pradesh,1
1-9317552030,R D ENGINEERING COLLEGE,"9TH KM MILE STONE ON NH-58  DELHI MEERUT ROAD DUHAI, GHAZIABAD",GHAZIABAD,Private-Self Financing,N,N,1-3548321,fetchdata,2021-2022,Engineering and Technology,1,1,1,1,Uttar Pradesh,1
1-9317555174,AMBITION INSTITUTE OF TECHNOLOGY,"G.T. ROAD, PARAO,NEAR PUNEET AUTOMOBILES",VARANASI,Private-Self Financing,N,N,1-450289281,fetchdata,2021-2022,Engineering and Technology,1,1,1,1,Uttar Pradesh,1
1-9317560171,MUKDAM BIHARI LAL COLLEGE OF TECHNOLOGY AND MANAGEMENT,"NH-2, MAHUAN, FARAH, MATHURA,",MATHURA,Private-Self Financing,N,N,1-442049281,fetchdata,2021-2022,Engineering and Technology,1,1,1,1,Uttar Pradesh,1
1-9317560572,"S.D.COLLEGE OF ENGG. & TECH.,","JANSATH ROAD,",MUZAFFARNAGAR,Private-Self Financing,N,N,1-5880891,fetchdata,2021-2022,Engineering and Technology,1,1,1,1,Uttar Pradesh,1
1-9317565265,ABES ENGINEERING COLLEGE,"CAMPUS -1,             19TH KM STONE DELHI HAPUR BY PASS ROAD N.H.-24                 VIJAY NAGAR",GHAZIABAD,Private-Self Financing,N,N,1-6248771,fetchdata,2021-2022,Engineering and Technology,1,1,1,1,Uttar Pradesh,1
1-9317572921,KHWAJA MOINUDDIN CHISHTI URDU ARABI FARSI UNIVERSITY,"SITAPUR-HARDOI BYPASS ROAD , LUCKNOW ï¿½ 226013",LUCKNOW,Government,N,N,1-4296400611,fetchdata,2021-2022,Engineering and Technology,1,1,1,1,Uttar Pradesh,1
1-9317572498,"J.S. UNIVERSITY, SHIKOHABAD","5 KM, MAINPURI ROAD, SHIKOHABAD, DISTT.- FIROZABAD, UP",FIROZABAD,State Private University,N,N,1-4429201,fetchdata,2021-2022,Engineering and Technology,1,1,1,1,Uttar Pradesh,1
1-9317574888,FACULTY OF ENGINEERING AND TECHNOLOGY,"G.T. ROAD, MANDHANA,KANPUR",KANPUR NAGAR,Private-Self Financing,N,N,1-20654821,fetchdata,2021-2022,Engineering and Technology,1,1,1,1,Uttar Pradesh,1
1-9317580967,RAJIV GANDHI POLYTECHNIC,MUSAFIRKHANA DISTRICT AMETHI UP PIN 227813,AMETHI,Private-Self Financing,N,N,1-4398987541,fetchdata,2021-2022,Engineering and Technology,1,1,1,1,Uttar Pradesh,1
1-9317577102,HANDIA POLYTECHNIC HANDIA ALLAHABAD, HANDIA ALLAHABAD 221504,ALLAHABAD,Govt aided,N,N,1-510782393,fetchdata,2021-2022,Engineering and Technology,1,1,1,1,Uttar Pradesh,1
1-9317591185,RAJKIYA ENGINEERING COLLEGE MAINPURI,"NH 84 ROAD NAUNER, BHONGOAN ï¿½ MAINPURI ï¿½ SHIKOHABAD RD, NOUNER, UTTAR PRADESH",MAINPURI,Government,N,N,1-4505040621,fetchdata,2021-2022,Engineering and Technology,1,1,1,1,Uttar Pradesh,1
1-9317536191,"RAJA BALWANT SINGH POLYTECHNIC, BICHPURI, AGRA","BICHPURI, AGRA",AGRA,Govt aided,N,N,1-492742791,fetchdata,2021-2022,Engineering and Technology,1,1,1,1,Uttar Pradesh,1
1-9317536469,MGA INSTITUTE OF POLYTECHNIC,"ARAZI NO- 945 PURWAMEER, BLOCK SARSAUL, KANPUR-209402",KANPUR NAGAR,Private-Self Financing,N,N,1-2849220101,fetchdata,2021-2022,Engineering and Technology,1,1,1,1,Uttar Pradesh,1
1-9317534713,URMILA COLLEGE OF TECHNOLOGY @ MANAGEMENT,"VILLAGE- POST- KOTSARAI, TAHSIL- SOHAWAL, FAIZABAD",FAIZABAD,Private-Self Financing,N,N,1-463799471,fetchdata,2021-2022,Engineering and Technology,1,1,1,1,Uttar Pradesh,1
1-9317536050,CH.CHARAN SINGH COLLEGE OF ENGINEERING,"JAUNCHANA,POT-MAHAMADPUR JADON,TEHSIL-JEWAR,DISTT-GAUTAM BUDDH NAGAR",GAUTAM BUDDHA NAGAR,Private-Self Financing,N,N,1-2499864601,fetchdata,2021-2022,Engineering and Technology,1,1,1,1,Uttar Pradesh,1
1-9317536715,R. R. INSTITUTE OF MODERN POLYTECHNIC,"VILL-BHAISAMAU, NH-24, BAKSHI KA TALAB, SITAPUR ROAD, LUCKNOW-226201",LUCKNOW,Private-Self Financing,N,N,1-2849240381,fetchdata,2021-2022,Engineering and Technology,1,1,1,1,Uttar Pradesh,1
1-9317541445,GOVERNMENT POLYTECHNIC BAHRAICH,"ASSAM CHAURAHA, BHINGA ROAD, KALPIPARA",BAHRAICH,Government,N,N,1-486305231,fetchdata,2021-2022,Engineering and Technology,1,1,1,1,Uttar Pradesh,1
1-9317554340,SHRI MOTI SMRITI INSTITUTE OF TECHNOLOGY,"KHASRA / GATA NO. 4/2, 17, 18, 23, 55, 56, AND 57 AT VILLAGE ADALPUR TAJ, KAILSA ROAD, AMROHA",J P NAGAR,Private-Self Financing,N,N,1-2519447601,fetchdata,2021-2022,Engineering and Technology,1,1,1,1,Uttar Pradesh,1
1-9317553337,PRASAD POLYTECHNIC,SARAI SAHJADI  KANPUR ROAD BANTHRA LUCKNOW,LUCKNOW,Private-Self Financing,N,N,1-479769481,fetchdata,2021-2022,Engineering and Technology,1,1,1,1,Uttar Pradesh,1
1-9317528797,GOVERNMENT POLYTECHNIC SONEBHADRA,ROBERTSGANJ,SONBHADRA,Government,N,N,1-513990011,fetchdata,2021-2022,Engineering and Technology,1,1,1,1,Uttar Pradesh,1
1-9317529476,BABA SAHEB  DR. BHIMRAO AMBEDKAR GOVERNMENT POLYTECHNIC HAIDARPUR AURAIYA,HAIDARPUR AURAIYA,AURAIYA,Government,N,N,1-506782631,fetchdata,2021-2022,Engineering and Technology,1,1,1,1,Uttar Pradesh,1
1-9317528911,GOVT. POLYTECHNIC  SANTKABIR NAGAR (CENTRAL AIDED),"GOVT. POLYTECHNIC SIRSI, DHANGHATA    SANT KABIR NAGAR",SANT KABIR NAGAR,Government,N,N,1-2863779331,fetchdata,2021-2022,Engineering and Technology,1,1,1,1,Uttar Pradesh,1
1-9317527348,IVS POLYTECHNIC,"123 MILESTONE, MATHURA-DELHI HIGHWAY (NH-2) AKBARPUR, MATHURA - 281406",MATHURA,Private-Self Financing,N,N,1-773259041,fetchdata,2021-2022,Engineering and Technology,1,1,1,1,Uttar Pradesh,1
1-9317528989,MMIT SIDDHARATHNAGAR,MMIT BANSI SIDDHARATHNAGAR,SIDDHARTHNAGAR,Government,N,N,1-2861912261,fetchdata,2021-2022,Engineering and Technology,1,1,1,1,Uttar Pradesh,1
1-9317524499,INDO-UNIVERSAL COLLEGE OF MANAGEMENT & TECHNOLOGY,INDO-UNIVERSAL COLLEGE OF MANAGEMENT & TECHNOLOGY,BAGPAT,Private-Self Financing,N,N,1-511915001,fetchdata,2021-2022,Engineering and Technology,1,1,1,1,Uttar Pradesh,1
1-9317524978,BHAAVYA TECHNICAL INSTITUTE,"KHASRA NO.829, VILL.-TEHRA, TEHSIL-KHERAGARH, DISTT.-AGRA",AGRA,Private-Self Financing,N,N,1-2064658621,fetchdata,2021-2022,Engineering and Technology,1,1,1,1,Uttar Pradesh,1
1-9317522144,SHREE SAI COLLEGE OF EDUCATION OF TECHNOLOGY,VILLAGE & POST-JANGETHI (NEAR P.H.C. GHASOLI) SARDHANA ROAD,MEERUT,Private-Self Financing,N,N,1-833085941,fetchdata,2021-2022,Engineering and Technology,1,1,1,1,Uttar Pradesh,1
1-9317349917,EMERALD-9 INSTITUTE OF MANAGEMENT AND TECHNOLOGY,"11TH KM STONE, LUCKNOW-DEVA ROAD",BARABANKI,Private-Self Financing,N,N,1-477119421,fetchdata,2021-2022,Engineering and Technology,1,1,1,1,Uttar Pradesh,1
1-9317353151,SVS POLYTECHNIC,"HASTINAPUR ROAD,",MEERUT,Private-Self Financing,N,N,1-458571121,fetchdata,2021-2022,Engineering and Technology,1,1,1,1,Uttar Pradesh,1
1-9317353575,MAHAMAYA POLYTECHNIC OF INFORMATION  TECHNOLOGY,KATHARA  CHAIL  KAUSHAMBI,KAUSHAMBI,Government,N,N,1-2869437751,fetchdata,2021-2022,Engineering and Technology,1,1,1,1,Uttar Pradesh,1
1-9317353662,"MAHAMAYA POLYTECHNIC OF INFORMATION TECHNOLOGY,  LENGADI GOOLAR, SRAVASTI",VILL  LENGADI GOOLAR  POST VIJAYPUR SISAWAAN TESHIL IKAUNA DISTT SHRAVASTI STATE UTTAR PRADESH PIN 271835,SHRAVASTI,Government,N,N,1-2871779871,fetchdata,2021-2022,Engineering and Technology,1,1,1,1,Uttar Pradesh,1
1-9317379936,"MMIT, KANPUR DEHAT","MATI, AKBARPUR",RAMABAI NAGAR (KANPUR DEHAT),Government,N,N,1-2856836681,fetchdata,2021-2022,Engineering and Technology,1,1,1,1,Uttar Pradesh,1
1-9317363556,"GOVT GIRLS POLYTECHNIC, GORAKHPUR","ASURAN CHOWK, MEDICAL ROAD",GORAKHPUR,Government,Y,N,1-475533653,fetchdata,2021-2022,Engineering and Technology,1,1,1,1,Uttar Pradesh,1
1-9317380045,ITM POLYTECHNIC,"AL-1, SECTOR-7, GIDA, GORAKHPUR,",GORAKHPUR,Private-Self Financing,N,N,1-2846165611,fetchdata,2021-2022,Engineering and Technology,1,1,1,1,Uttar Pradesh,1
1-9317380588,UNIVERSITY POLYTECHNIC,ZAKAULLAH ROAD  ALIGARH MUSLIM UNIVERSITY ALIGARH,ALIGARH,Central University,N,N,1-2860691731,fetchdata,2021-2022,Engineering and Technology,1,1,1,1,Uttar Pradesh,1
1-9317380835,"MAHAMAYA GOVERNMENT POLYTECHNIC OF INFORMATION TECHNOLOGY,  GORAKHPUR","HARIHARPUR, TAHSEEL- KHAJANI, DISTT.- GORAKHPUR U.P.",GORAKHPUR,Government,N,N,1-492711691,fetchdata,2021-2022,Engineering and Technology,1,1,1,1,Uttar Pradesh,1
1-9317376811,"INSTITUTE OF ENGINEERING & TECHNOLOGY,AGRA",KHANDARI CAMPUS  AGRA,AGRA,State Government University,N,N,1-2880994101,fetchdata,2021-2022,Engineering and Technology,1,1,1,1,Uttar Pradesh,1
1-9317376965,SCHOOL OF MANAGEMENT SCIENCES,"KASIMPUR BIRUHA, POST - KASIMPUR, GOSAINGANJ, LUCKNOW SULTANPUR ROAD, TEHSIL - MOHANLAL GANJ, LUCKNOW 227125",LUCKNOW,Private-Self Financing,N,N,1-6147591,fetchdata,2021-2022,Engineering and Technology,1,1,1,1,Uttar Pradesh,1
1-9317359734,"GOVERNMENT POLYTECHNIC,KURSI ROAD,BARABANKI",KURSI ROAD FATEHPUR BARABANKI,BARABANKI,Government,N,N,1-1555647901,fetchdata,2021-2022,Engineering and Technology,1,1,1,1,Uttar Pradesh,1
1-9317359856,GOVT. POLYTECHNIC CHANGIPUR (CHANDPUR) BIJNOR,"VILL. CHANGIPUR NOORPUR -MORADABAD ROAD, NEAR GOHAVAR, TEHSIL- CHANDPUR DIST. BIJNOR (UP)",BIJNOR,Government,N,N,1-1555320081,fetchdata,2021-2022,Engineering and Technology,1,1,1,1,Uttar Pradesh,1
1-9317391475,GOVERNMENT POLYTECHNIC MIRZAPUR,REEWA ROAD BATHUA MIRZAPUR,MIRZAPUR,Government,N,N,1-495532861,fetchdata,2021-2022,Engineering and Technology,1,1,1,1,Uttar Pradesh,1
1-9317383038,RAJKIYA ENGINEERING COLLEGE,JALILPUR BLOCK ROAD NEAR IDGAH CHANDPUR BIJNOR,BIJNOR,Govt aided,N,N,1-2878935254,fetchdata,2021-2022,Engineering and Technology,1,1,1,1,Uttar Pradesh,1
1-9317390636,"GOVERNMENT POLYTECHNIC, CHARIYAON BUJURG,DEORIA","CHARIYAON BUJURG,GAURIBAZAR,DEORIA-274202 (U.P.)",DEORIA,Government,N,N,1-2862853561,fetchdata,2021-2022,Engineering and Technology,1,1,1,1,Uttar Pradesh,1
1-9317390717,B.N. COLLEGE OF ENGINEERING & TECHNOLOGY(BNCET),"N.H. - 24 SITAPUR ROAD, BAKSHI KA TALAAB LUCKNOW 226021",LUCKNOW,Private-Self Financing,N,N,1-6174053,fetchdata,2021-2022,Engineering and Technology,1,1,1,1,Uttar Pradesh,1
1-9317382701,GOVERNMENT POLYTECHNIC SENDURIA  SONEBHADRA (CENTRAL GOVERNMENT),SENDURIA CHOPAN SONEBHADRA,SONBHADRA,Government,N,N,1-2880028531,fetchdata,2021-2022,Engineering and Technology,1,1,1,1,Uttar Pradesh,1
1-9317412847,KUNAL PROFESSIONAL EDUCATION ACADEMY,"TEHRA,GWALIOR ROAD,TEHSIL KHERAGARH AGRA",AGRA,Private-Self Financing,N,N,1-496788751,fetchdata,2021-2022,Engineering and Technology,1,1,1,1,Uttar Pradesh,1
1-9317396848,KIPM-COLLEGE OF ENGINEERING & TECHNOLOGY,"PLOT NO. BL-1 & 2,  SECTOR-9, GIDA",GORAKHPUR,Private-Self Financing,N,N,1-782665331,fetchdata,2021-2022,Engineering and Technology,1,1,1,1,Uttar Pradesh,1
1-9317392641,MAHA MANAV GAUTAM BUDDHA POLYTECHNIC," BANKATI KHURD, AHIRAULI",GORAKHPUR,Private-Self Financing,N,N,1-492831601,fetchdata,2021-2022,Engineering and Technology,1,1,1,1,Uttar Pradesh,1
1-9317392194,SANT RAVIDAS GOVT POLYTECHNIC CHAKIYA CHANDAULI,RAMPUR DHUNNOO KERAM GARAUR,CHANDAULI,Government,N,N,1-3373244321,fetchdata,2021-2022,Engineering and Technology,1,1,1,1,Uttar Pradesh,1
1-9317392269,"GOVERNMENT GIRLS POLYTECHNIC, RISIA, NANPARA, BAHRAICH","GOVERNMENT GIRLS POLYTECHNIC, RISIA, NANPARA, BAHRAICH",BAHRAICH,Government,Y,N,1-3382118561,fetchdata,2021-2022,Engineering and Technology,1,1,1,1,Uttar Pradesh,1
1-9317392992,GOVERNMENT POLYTECHNIC DEBAI BULANDSHAHR,DORAYA CHORAYA BEHIND DEBAI TEHSIL DEBAI,BULANDSHAHAR,Government,N,N,1-2852110421,fetchdata,2021-2022,Engineering and Technology,1,1,1,1,Uttar Pradesh,1
1-9317393091,"GOVERNMENT POLYTECHNIC , MAINPURI",AGRA ROAD MAINPURI,MAINPURI,Government,N,N,1-518660891,fetchdata,2021-2022,Engineering and Technology,1,1,1,1,Uttar Pradesh,1
1-9317415984,LITTLE FLOWER POLYTECHNIC,POST BAG NO. 1 M M M ENGINEERING COLLEGE P.O. GORAKHPUR,GORAKHPUR,Private-Self Financing,N,Y,1-485055081,fetchdata,2021-2022,Engineering and Technology,1,1,1,1,Uttar Pradesh,1
1-9317419599,MAHARANA PRATAP ENGINEERING COLLEGE,"430, INDRAPURI, SHARDA NAGAR, KANPUR U.P.",KANPUR NAGAR,Private-Self Financing,N,N,1-21127301,fetchdata,2021-2022,Engineering and Technology,1,1,1,1,Uttar Pradesh,1
1-9317451651,"DR. AMBEDKAR INSTITUTE OF TECHNOLOGY FOR HANDICAPPED, U.P.","AWADHPURI, KANPUR",KANPUR NAGAR,Govt aided,N,N,1-11565519,fetchdata,2021-2022,Engineering and Technology,1,1,1,1,Uttar Pradesh,1
1-9317428984,S.V.M. TECHNICAL INSTITUTE,"LALGANJ, PRATAPGARH",PRATAPGARH,Private-Self Financing,N,N,1-2507214871,fetchdata,2021-2022,Engineering and Technology,1,1,1,1,Uttar Pradesh,1
1-9317417621,GOVT. POLYTECHNIC CHHABILHAKHOR SADAR BASTI,GOVT. POLYTECHNIC CHHABILHAKHOR BASTI,BASTI,Government,N,N,1-2102064451,fetchdata,2021-2022,Engineering and Technology,1,1,1,1,Uttar Pradesh,1
1-9317451872,GOVERNMENT POLYTECHNIC  BHAURAHI CHUNAR MIRZAPUR,VILLAGE: BHAURAHI TEHSIL: CHUNAR DIST: MIRZAPUR PIN: 231304,MIRZAPUR,Government,N,N,1-2863306591,fetchdata,2021-2022,Engineering and Technology,1,1,1,1,Uttar Pradesh,1
1-9317417712,RADHA VALLABH INSTITUTE OF TECHNOLOGY,EMAMPUR KUTHAN,JAUNPUR,Private-Self Financing,N,N,1-3400443061,fetchdata,2021-2022,Engineering and Technology,1,1,1,1,Uttar Pradesh,1
1-9317442461,SHRI RAMDEVI RAMDAYAL TRIPATHI MAHILAPOLYTECHNIC SAKET NAGAR KANPUR,781 W-1 SAKET NAGAR,KANPUR NAGAR,Govt aided,Y,N,1-513224101,fetchdata,2021-2022,Engineering and Technology,1,1,1,1,Uttar Pradesh,1
1-9317442738,"GOVERNMENT POLYTECHNIC, ALIYA, SITAPUR","VILL- SARAIJEET, PARGANA AND TAHSIL- SITAPUR",SITAPUR,Government,N,N,1-2875892471,fetchdata,2021-2022,Engineering and Technology,1,1,1,1,Uttar Pradesh,1
1-9317434811,RAJSHREE INSTITUTE OF MANAGEMENT & TECHNOLOGY,"VILLAGE-LABHERA TEHSIL-NAWABGANJ,BAREILLY",BAREILLY,Private-Self Financing,N,N,1-21575861,fetchdata,2021-2022,Engineering and Technology,1,1,1,1,Uttar Pradesh,1
1-9317422223,"NATIONAL INSTITUTE OF ELECTRONICS AND INFORMATION TECHNOLOGY, GORAKHPUR CENTRE","M.M.M. ENGINEERING COLLEGE CAMPUS, GORAKHPUR - 273010",GORAKHPUR,Government,N,N,1-27916062,fetchdata,2021-2022,Engineering and Technology,1,1,1,1,Uttar Pradesh,1
1-9317435613,"GOVERNMENT POLYTECHNIC, GONDA","UTRAULA ROAD, BABHANI KANOONGO, GONDA",GONDA,Government,N,N,1-460503211,fetchdata,2021-2022,Engineering and Technology,1,1,1,1,Uttar Pradesh,1
1-9317422345,CENTRAL INSTITUTE OF PETROCHEMICALS ENGINEERING & TECHNOLOGY,"B-27 AMAUSI INDUSTRIAL AREA, NADARGANJ, LUCKNOW",LUCKNOW,Government,N,N,1-15843806,fetchdata,2021-2022,Engineering and Technology,1,1,1,1,Uttar Pradesh,1
1-9317445239,BABU SANT BUX ENGG. COLLEGE NH-31 SUKHPALNAGAR,VILL. SANDAWA DUBAN POST. SAHABGANJ DISTT. PRATAPGARH U.P. 230137 PIN 230137,PRATAPGARH,Private-Self Financing,N,N,1-455224771,fetchdata,2021-2022,Engineering and Technology,1,1,1,1,Uttar Pradesh,1
1-9317429823,TATHAGAT GAUTAM BUDH GOVERNMENT POLYTECHNIC SHRAVASTI,"SIRSIA, SHRAVASTI",SHRAVASTI,Government,N,N,1-507648541,fetchdata,2021-2022,Engineering and Technology,1,1,1,1,Uttar Pradesh,1
1-9317435945,MAHARANA INSTITUTE OF PROFESSIONAL STUDIES,"KALYANPUR- BITHOOR ROAD, BAIKUNTHPUR, KANPUR",KANPUR NAGAR,Private-Self Financing,N,N,1-7203021,fetchdata,2021-2022,Engineering and Technology,1,1,1,1,Uttar Pradesh,1
1-9317418635,P.C.P.S. COLLEGE OF TECHNOLOGY & MANAGEMENT,"P.C.P.S. COLLEGE OF TECHNOLOGY & MANAGEMENT VILL+POST:- USPHAR SONKH ROAD, MATHURA.",MATHURA,Private-Self Financing,N,N,1-416775421,fetchdata,2021-2022,Engineering and Technology,1,1,1,1,Uttar Pradesh,1
1-9317446409,DELHI INSTITUTE OF ENGINEERING & TECHNOLOGY,"5TH KM, STONE, PARTAPUR BY PASS ROAD, GHAT INSTITUTIONAL AREA, NH-58, MEERUT, (U.P.)",MEERUT,Private-Self Financing,N,N,1-4267091,fetchdata,2021-2022,Engineering and Technology,1,1,1,1,Uttar Pradesh,1
1-9317430078,MAHAMAYA POLYTECHNIC OF INFORMATION TECHNOLOGY,"PILIBHIT BHARATPUR ROAD,15 KM FROM SIKNDRA RAO TO HATHRAS",MAHAMAYA NAGAR,Government,N,N,1-495770371,fetchdata,2021-2022,Engineering and Technology,1,1,1,1,Uttar Pradesh,1
1-9317436431,GOVERNMENT POLYTECHNIC KANPUR,"GT ROAD, VIKAS NAGAR, NEAR GURUDEV PALACE",KANPUR NAGAR,Government,N,N,1-499378841,fetchdata,2021-2022,Engineering and Technology,1,1,1,1,Uttar Pradesh,1
1-9317446838,MAA BHAGWATI EDUCATIONAL INSTITUTE,"SATRIKH ROAD, NEAR INDIRA CANAL, VILLAGE -JUGGAUR, CHINHAT, LUCKNOW.",LUCKNOW,Private-Self Financing,N,N,1-451018511,fetchdata,2021-2022,Engineering and Technology,1,1,1,1,Uttar Pradesh,1
1-9317452471,"INSTITUTE OF TOOL ROOM TRAINING U.P.,LUCKNOW","A/1 AMAUSI INDUSTRIAL AREA,NADARGANJ,KANPUR ROAD,LUCKNOW-226008",LUCKNOW,Govt aided,N,N,1-510006321,fetchdata,2021-2022,Engineering and Technology,1,1,1,1,Uttar Pradesh,1
1-9317450009,LLOYD INSTITUTE OF ENGINEERING AND TECHNOLOGY,"PLOT NO-3,  KNOWLEDGE PARK-II,  GREATER NOIDA,  DIST. GAUTAM BUDH NAGAR,  U.P. 201306",GAUTAM BUDDHA NAGAR,Private-Self Financing,N,N,1-7212911,fetchdata,2021-2022,Engineering and Technology,1,1,1,1,Uttar Pradesh,1
1-9317430649,"GOVERNEMENT POLYTECHNIC, MANIKPUR",MANIKPUR,CHITRAKOOT,Government,N,N,1-493511761,fetchdata,2021-2022,Engineering and Technology,1,1,1,1,Uttar Pradesh,1
1-9317415267,"COLLEGE OF ENGINEERING & TECHNOLOGY, IILM ACADEMY OF HIGHER LEARNING","PLOT NO. 17-18, KNOWLEDGE PARK-II GREATER NOIDA-201306",GAUTAM BUDDHA NAGAR,Private-Self Financing,N,N,1-6545116,fetchdata,2021-2022,Engineering and Technology,1,1,1,1,Uttar Pradesh,1
1-9317447232,DR. M.C. SAXENA COLLEGE OF ENGINEERING & TECHNOLOGY,"171, BARAWANKALA, MALL ROAD, IIM-DUBAGGA BYPASS, LUCKNOW",LUCKNOW,Private-Self Financing,N,N,1-39287261,fetchdata,2021-2022,Engineering and Technology,1,1,1,1,Uttar Pradesh,1
1-9317415870," GOVERNMENT POLYTECHNIC SHAHBAD, RAMPUR","NEAR DEPTY COLLECTOR BUNGLOW, SHAHBAD, RAMPUR, DISTRICT-RAMPUR, U.P.",RAMPUR,Government,N,N,1-1576339441,fetchdata,2021-2022,Engineering and Technology,1,1,1,1,Uttar Pradesh,1
1-9317431346,"SHANTI POLYTECHNIC [CE, CE(E&PC), ME(A), ME(P), EE","KURALI BAGHPAT ROAD,MEERUT",MEERUT,Private-Self Financing,N,N,1-455197861,fetchdata,2021-2022,Engineering and Technology,1,1,1,1,Uttar Pradesh,1
1-9317463161,MAA VAISHNO MAA SHARDA POLYTECHNIC,"VILLAGE- KHORRAMPUR, POST- BELAOUN, TAHSIL- NIGAMABAD",AZAMGARH,Private-Self Financing,N,N,1-481762581,fetchdata,2021-2022,Engineering and Technology,1,1,1,1,Uttar Pradesh,1
1-9317468342,FEROZE GANDHI INSTITUTE OF ENGG. & TECHNOLOGY,"RATAPUR CHURAHA, RAEBARELI",RAE BARELI,Govt aided,N,N,1-12748731,fetchdata,2021-2022,Engineering and Technology,1,1,1,1,Uttar Pradesh,1
1-9317479023,IIMT ENGINEERING COLLEGE,"O, POCKET, GANGA NAGAR, MAWANA ROAD, MEERUT",MEERUT,Private-Self Financing,N,N,1-5316519,fetchdata,2021-2022,Engineering and Technology,1,1,1,1,Uttar Pradesh,1
1-9317502674,"FACULTY OF ENGINEERING & TECHNOLOGY,AGRA COLLEGE,AGRA","FET,AGRA COLLEGE,AGRA MOTI KATRA ROAD, M.G ROAD AGRA.",AGRA,Private-Self Financing,N,N,1-2647213,fetchdata,2021-2022,Engineering and Technology,1,1,1,1,Uttar Pradesh,1
1-9317481954,IMS POLYTECHNIC,"NH-24,KAKATHER CROSSING,NEAR BRAJGHAT,GAJRAULA, J.P. NAGAR",J P NAGAR,Private-Self Financing,N,N,1-510108341,fetchdata,2021-2022,Engineering and Technology,1,1,1,1,Uttar Pradesh,1
1-9317487182,NARAINA POLYTECHNIC INSTITUTE,"GANGAGANJ, PANKI, KANPUR",KANPUR NAGAR,Private-Self Financing,N,N,1-3376392381,fetchdata,2021-2022,Engineering and Technology,1,1,1,1,Uttar Pradesh,1
1-9317498657,AXIS INSTITUTE OF TECHNOLOGY AND MANAGEMENT,"VILL-HATHIPUR, KANPUR SADAR",KANPUR NAGAR,Private-Self Financing,N,N,1-5977441,fetchdata,2021-2022,Engineering and Technology,1,1,1,1,Uttar Pradesh,1
1-9317502998,"ARYAN INSTITUTE OF TECHNOLOGY, GHAZIABAD","13 KM STONE, NH-24, JINDAL NAGAR, GHAZIABAD",GHAZIABAD,Private-Self Financing,N,N,1-20121091,fetchdata,2021-2022,Engineering and Technology,1,1,1,1,Uttar Pradesh,1
1-9317458892,GOVERNMENT LEATHER INSTITUTE KANPUR,"11/208 A SOUTERGANJ PARWATI BAGLA ROAD, KANPUR 208001",KANPUR NAGAR,Government,N,N,1-474135851,fetchdata,2021-2022,Engineering and Technology,1,1,1,1,Uttar Pradesh,1
1-9317463479,SHAHEED VIRENDRA SINGH SIROHI INSTITUTE OF TECHNOLOGY,"VILLAGE-SUJGAWAN, POST-RURGAON,",RAMABAI NAGAR (KANPUR DEHAT),Private-Self Financing,N,N,1-509207631,fetchdata,2021-2022,Engineering and Technology,1,1,1,1,Uttar Pradesh,1
1-9317463639,GOVERNMENT POLYTECHNIC AURAI (SANT RAVIDAS NAGAR BHADOHI),KATEHARA,SANT RAVIDAS NAGAR,Government,N,N,1-513988191,fetchdata,2021-2022,Engineering and Technology,1,1,1,1,Uttar Pradesh,1
1-9317477861,DEV INSTITUTE OF TECHNICAL EDUCATION,BARHAN ETMADPUR AGRA,AGRA,Private-Self Financing,N,N,1-475295651,fetchdata,2021-2022,Engineering and Technology,1,1,1,1,Uttar Pradesh,1
1-9317487440,"GOVERNMENT POLYTECHNIC, KURU, PINDRA, VARANASI","KURU, PINDRA, VARANASI",VARANASI,Government,N,N,1-2100025201,fetchdata,2021-2022,Engineering and Technology,1,1,1,1,Uttar Pradesh,1
1-9317511952,SEVDIE INSTITUTE OF MANAGEMENT & TECHNOLOGY,"CHINHAT-DEVA ROAD, NEAR TELCO INDUSTRIAL AREA, LUCKNOW",LUCKNOW,Private-Self Financing,N,N,1-476291461,fetchdata,2021-2022,Engineering and Technology,1,1,1,1,Uttar Pradesh,1
1-9317463749,R R POLYTECHNIC,VILL-HINDUWARI,SONBHADRA,Private-Self Financing,N,N,1-2852831361,fetchdata,2021-2022,Engineering and Technology,1,1,1,1,Uttar Pradesh,1
1-9317474030,MAHAVEER INSTITUTE OF  TECHNOLOGY,"VILL-POHALLI,POST-DABATHUWA,TEHSIL-SARDHANA",MEERUT,Private-Self Financing,N,N,1-449917701,fetchdata,2021-2022,Engineering and Technology,1,1,1,1,Uttar Pradesh,1
1-9317482399,MARATHWADA INSTITUTE OF TECHNOLOGY (MIT),VILLAGE: DHAMERA-CHOLA TALUKA: SIKANDARABAD DISTRICT: BULANDSHAHR UTTAR PRADESH PIN:203001,BULANDSHAHAR,Private-Self Financing,N,N,1-16692924,fetchdata,2021-2022,Engineering and Technology,1,1,1,1,Uttar Pradesh,1
1-9317490801,GOVERNMENT POLYTECHNIC UNNAO,DAHI CHOWKI,UNNAO,Government,N,N,1-518179761,fetchdata,2021-2022,Engineering and Technology,1,1,1,1,Uttar Pradesh,1
1-9317490907,PANCHWATI INSTITUTE OF ENGINEERING & TECHNOLOGY,"N. H. -58, GHAT INSTITUTIONAL AREA, DELHI- HARIDWAR BY PASS ROAD, MEERUT, PIN 250103",MEERUT,Private-Self Financing,N,N,1-10107051,fetchdata,2021-2022,Engineering and Technology,1,1,1,1,Uttar Pradesh,1
1-9317478404,UNNATI MANAGEMENT COLLEGE AND TECHNOLOGY,"DEEN DAYAL DHAM ROAD, DAULATPUR FARAH, MATHURA",MATHURA,Private-Self Financing,N,N,1-2091200011,fetchdata,2021-2022,Engineering and Technology,1,1,1,1,Uttar Pradesh,1
1-9317491165,KAMAL INSTITUTE OF TECHNOLOGY,"PITAMPUR DERAPUR,NH-2 KANPUR DEHAT",RAMABAI NAGAR (KANPUR DEHAT),Private-Self Financing,N,N,1-463478151,fetchdata,2021-2022,Engineering and Technology,1,1,1,1,Uttar Pradesh,1
1-9317504539,DR. B.R. AMBEDKAR POLYTECHNIC,"PREMBAGH, SHYAMLAL KI BAGIYA, GWALIOR ROAD",AGRA,Private-Self Financing,N,N,1-475734621,fetchdata,2021-2022,Engineering and Technology,1,1,1,1,Uttar Pradesh,1
1-9317504733,R K POLYTECHNIC,"GARH ROAD, KITHORE, DISTT-MEERUT",MEERUT,Private-Self Financing,N,Y,1-512619431,fetchdata,2021-2022,Engineering and Technology,1,1,1,1,Uttar Pradesh,1
1-9317479576,INSTITUTE OF ENGINEERING AND TECHNOLOGY,"SITAPUR ROAD, LUCKNOW",LUCKNOW,Government,N,N,1-505421321,fetchdata,2021-2022,Engineering and Technology,1,1,1,1,Uttar Pradesh,1
1-9317487783,"GOVERNMENT POLYTECHNIC, BHILIHILI, AZAMGARH(CENTRALLY ASSISTED)","VILL- BHILIHILI, P.O.- TARWA",AZAMGARH,Government,N,N,1-515044431,fetchdata,2021-2022,Engineering and Technology,1,1,1,1,Uttar Pradesh,1
1-9317491362,KET POLYTECHNIC INSTITUTE,"NH-2,FARAH, MATHURA.",MATHURA,Private-Self Financing,N,N,1-480049681,fetchdata,2021-2022,Engineering and Technology,1,1,1,1,Uttar Pradesh,1
1-9317504950,GOVT POLYTECHNIC  TUNDLA,"PAHARIPUR BHONDELA,TUNDLA",FIROZABAD,Government,N,N,1-1605311911,fetchdata,2021-2022,Engineering and Technology,1,1,1,1,Uttar Pradesh,1
1-9317464628,GREATER NOIDA COLLEGE,"PLOT NO. 6-B, KNOWLEDGE PARK - II,",GAUTAM BUDDHA NAGAR,Private-Self Financing,N,N,1-3401431571,fetchdata,2021-2022,Engineering and Technology,1,1,1,1,Uttar Pradesh,1
1-9317496641,"GOVERNMENT POLYTECHNIC,MUJAHANA,HATA,KUSHINAGAR","MUJAHANA,HATA KUSHINAGAR-274203",KUSHINAGAR,Government,N,N,1-3355729851,fetchdata,2021-2022,Engineering and Technology,1,1,1,1,Uttar Pradesh,1
1-9317499765,K L S INSTITUTE OF ENGINEERING & TECHNOLOGY,20TH MILESTONE BIJNOR- HARIDWAR ROAD VILL - KUDAHERI NEAR CHANDOK DISTT. BIJNOR (U.P),BIJNOR,Private-Self Financing,N,N,1-5523291,fetchdata,2021-2022,Engineering and Technology,1,1,1,1,Uttar Pradesh,1
1-9317505069,"RAJKIYA ENGINEERING COLLEGE, AMBEDKAR NAGAR","KATARIYA YAKOOBPUR NEAR HAWAI PATTI AKBARPUR, DIST. - AMBEDKAR NAGAR (U.P.) - 224122",AMBEDKAR NAGAR,Govt aided,N,N,1-2850886071,fetchdata,2021-2022,Engineering and Technology,1,1,1,1,Uttar Pradesh,1
1-9317474226,R. R. INSTITUTE OF MODERN TECHNOLOGY,"VILL.- BHAISAMAU, NH-24, BAKSHI KA TALAB, SITAPUR ROAD, LUCKNOW-227202",LUCKNOW,Private-Self Financing,N,N,1-5511961,fetchdata,2021-2022,Engineering and Technology,1,1,1,1,Uttar Pradesh,1
1-9317456441,DIGAMBER JAIN POLYTECHNIC BARAUT,"BARKA ROAD,  BARAUT BAGHPAT",BAGPAT,Govt aided,N,N,1-512597581,fetchdata,2021-2022,Engineering and Technology,1,1,1,1,Uttar Pradesh,1
1-9317491527,"HARCOURT BUTLER TECHNICAL UNIVERSITY, KANPUR",NAWABGANJ,KANPUR NAGAR,Govt aided,N,N,1-38136961,fetchdata,2021-2022,Engineering and Technology,1,1,1,1,Uttar Pradesh,1
1-9317505344,"RAJKIYA ENGINEERING COLLEGE, BANDA","RAJKIYA ENGINEERING COLLEGE, ATARRA,BANDA 210201",BANDA,Government,N,N,1-2881079901,fetchdata,2021-2022,Engineering and Technology,1,1,1,1,Uttar Pradesh,1
1-9317471702,PT. RAM ADHAR J. TIWARI COLLEGE OF POLYTECHNIC,"MAHUAR KALAN, NEAR BALUWA GHAT CHANDAULI, U.P.",CHANDAULI,Private-Self Financing,N,N,1-493189491,fetchdata,2021-2022,Engineering and Technology,1,1,1,1,Uttar Pradesh,1
1-9317478530,NORTH INDIA INSTITUTE OF TECHNOLOGY,"7 KM BUNDKI ROAD, VILLAGE NEKPUR, NAJIBABAD-246763, DISTT. BIJNOR, UTTAR PRADESH.",BIJNOR,Private-Self Financing,N,N,1-6150741,fetchdata,2021-2022,Engineering and Technology,1,1,1,1,Uttar Pradesh,1
1-9317490142,"ARYIKA GYANMATI GOVERNMENT GIRLS POLYTECHNIC, FAIZABAD","BANBEERPUR ROAD, POST - MUMTAZNAGAR, DISTT.- FAIZABAD",FAIZABAD,Government,Y,N,1-485792811,fetchdata,2021-2022,Engineering and Technology,1,1,1,1,Uttar Pradesh,1
1-9317494290,BHABHA INSTITUTEOFTECHNOLOGY,"AUNAHAN ,NEAR SHEOLI,RASOOLABADROAD,RAMABAI NAGAR (KANPUR DEHAT)",RAMABAI NAGAR (KANPUR DEHAT),Private-Self Financing,N,N,1-415278771,fetchdata,2021-2022,Engineering and Technology,1,1,1,1,Uttar Pradesh,1
1-9317500769,GOVERNMENT POLYTECHNIC SORON,"KASGANJ - BAREILY ROAD, SORON",KANSHI RAM NAGAR,Government,N,N,1-506738931,fetchdata,2021-2022,Engineering and Technology,1,1,1,1,Uttar Pradesh,1
1-9317461353,"GOVERNMENT POLYTECHNIC,ORAI(JALAUN)","PRINCIPAL GOVERNMENT POLYTECHNIC,ORAI (JALAUN)",JALAUN,Government,N,N,1-512077921,fetchdata,2021-2022,Engineering and Technology,1,1,1,1,Uttar Pradesh,1
1-9317500899,SUYASH INSTITUTE OF INFORMATION TECHNOLOGY,"HAKKABAD, GORAKHPUR",GORAKHPUR,Private-Self Financing,N,N,1-18724756,fetchdata,2021-2022,Engineering and Technology,1,1,1,1,Uttar Pradesh,1
1-9317466456,IIMT COLLEGE OF POLYTECHNIC,"PLOT NO- A-20, KNOWLEDGE PARK-III, GREATER NOIDA",GAUTHAM BUDDHA NAGAR,Private-Self Financing,N,N,1-773602371,fetchdata,2021-2022,Engineering and Technology,1,1,1,1,Uttar Pradesh,1
1-9317478755,SHRI SIDDHI VINAYAK  POLYTECHNIC,"10 K.M STONE OPP. RELIANCE PETROL PUMP ,  NAINITAL ROAD , BAREILLY",BAREILLY,Private-Self Financing,N,N,1-501848271,fetchdata,2021-2022,Engineering and Technology,1,1,1,1,Uttar Pradesh,1
1-9317480820,R B GAUTAM POLYTECHNIC,"HATHRAS AGRA ROAD, SADABAD",HATHRAS,Private-Self Financing,N,N,1-2846327701,fetchdata,2021-2022,Engineering and Technology,1,1,1,1,Uttar Pradesh,1
1-9317482882,"MAHAMAYA POLYTECHNIC OF INFORMATION TECHNOLOGY, SHAMLI","MAHAMAYA POLYTECHNIC OF INFORMATION TECHNOLOGY, SHAMLI GRAM FAZAILPUR, JASALA, BLOCK - KANDHLA, TEHSIL SHAMLI, DISTRICT SHAMLI, UTTAR PRADESH PIN CODE 247775",SHAMLI,Government,N,N,1-3352807771,fetchdata,2021-2022,Engineering and Technology,1,1,1,1,Uttar Pradesh,1
1-9317513683,ESHAN COLLEGE OF ENGINEERING,"SAHZADPUR PAURI, NH-2, AGRA-MATHURA HIGHWAY, MATHURA (U.P.)",MATHURA,Private-Self Financing,N,N,1-5354601,fetchdata,2021-2022,Engineering and Technology,1,1,1,1,Uttar Pradesh,1
1-9317516189,"GOVERNMENT POLYTECHNIC ,NARAINI (BANDA) U.P.",BADOKHAR,BANDA,Government,N,N,1-481883371,fetchdata,2021-2022,Engineering and Technology,1,1,1,1,Uttar Pradesh,1
1-9317516806,"GOVERNMENT POLYTECHNIC , KOTVAN , MATHURA","KOTVAN , KOSI , MATHURA",MATHURA,Government,N,N,1-2852857111,fetchdata,2021-2022,Engineering and Technology,1,1,1,1,Uttar Pradesh,1
1-9317316109,HINDUSTASN COLLEGE OF SCIENCE & TECHNOLOGY,"NH#2, AGRA DELHI HIGHWAY,   FARAH, MATHURA",MATHURA,Private-Self Financing,N,N,1-9291946,fetchdata,2021-2022,Engineering and Technology,1,1,1,1,Uttar Pradesh,1
1-9317318310,"GOVERNMENT POLYTECHNIC, PURANPUR (PILIBHIT)","GOVERNMENT POLYTECHNIC,VILL-TANDA GULABRAI, MADHOTANDA ROAD, PURANPUR DISTT-PILIBHIT (U.P.)",PILIBHIT,Government,N,N,1-2848956891,fetchdata,2021-2022,Engineering and Technology,1,1,1,1,Uttar Pradesh,1
1-9317325403,"GOVERNMENT POLYTECHNIC, MANKEDA, AGRA",MANKEDA AGRA,AGRA,Government,N,N,1-1603766537,fetchdata,2021-2022,Engineering and Technology,1,1,1,1,Uttar Pradesh,1
1-9317325537,DEV TECHNICAL CAMPUS,"AGRA-FIROZABAD NATIONAL HIGHWAY NO.-2, NEAR KUBERPUR, REHANKHURD, AGRA",AGRA,Private-Self Financing,N,N,1-478643081,fetchdata,2021-2022,Engineering and Technology,1,1,1,1,Uttar Pradesh,1
1-9317323183,ITM COLLEGE OF POLYTECHNIC,"VILL-JUNGAL DUDHAI URF CHEHRI TAPPA KATHRA, POST- CHEHRI, TEHSIL- PHARENDA",MAHARAJGANJ,Private-Self Financing,N,N,1-2883509771,fetchdata,2021-2022,Engineering and Technology,1,1,1,1,Uttar Pradesh,1
1-9317326201,VINDHYA POLYTECHNIC COLLEGE OF ENGINEERING & TECHNOLOGY,"VILL- DEVARI KALA, POST- MARIHAN, DIST- MIRZAPUR, STATE- UTTER PRADESH, PIN CO- 231310",MIRZAPUR,Private-Self Financing,N,N,1-2495503371,fetchdata,2021-2022,Engineering and Technology,1,1,1,1,Uttar Pradesh,1
1-9317323398,MAHAMAYA IT POLYTECHNIC MAHARAJGANJ,DHANEVA DHANEYEE MAHARAJGANJ,MAHARAJGANJ,Government,N,N,1-2879995474,fetchdata,2021-2022,Engineering and Technology,1,1,1,1,Uttar Pradesh,1
1-9317323497,LDC INSTITUTE OF TECNICAL STUDIES,ALLAHABAD PRATAPGARH ROAD  VILL: ABDALPUR TEH: SORAON,ALLAHABAD,Private-Self Financing,N,N,1-3810251,fetchdata,2021-2022,Engineering and Technology,1,1,1,1,Uttar Pradesh,1
1-9317325920,GOVERNMENT POLYTECHNIC ETAWAH,AGRA BY PASS ROAD NH-2 ETAWAH,ETAWAH,Government,N,N,1-500940531,fetchdata,2021-2022,Engineering and Technology,1,1,1,1,Uttar Pradesh,1
1-9317325028,JAWAHAR LAL NEHRU POLYTECHNIC,LAKHPERABAG,SITAPUR,Govt aided,N,N,1-492934391,fetchdata,2021-2022,Engineering and Technology,1,1,1,1,Uttar Pradesh,1
1-9317318585,JYOTIRADITAYA INSTITUTE OF TECHNOLOGY MANAGEMENT AND RESEARCH,VILLEGE DHARAULI MADHUPUR KOHANDAUR TEHSIL PATTI DISTRICT PRATAPGARH UP PIN 230401,PRATAPGARH,Private-Self Financing,N,N,1-4290323357,fetchdata,2021-2022,Engineering and Technology,1,1,1,1,Uttar Pradesh,1
1-9317325230,GOVERNMENT POLYTECHNIC HAMIRPUR,"SUMERPUR,HAMIRPUR",HAMIRPUR,Government,N,N,1-498871051,fetchdata,2021-2022,Engineering and Technology,1,1,1,1,Uttar Pradesh,1
1-9317328988,MAHAMAYA IT POLYTECHNIC KANNAUJ,"MMIT ANAUGI, KANNAUJ",KANNAUJ,Government,N,N,1-2848003131,fetchdata,2021-2022,Engineering and Technology,1,1,1,1,Uttar Pradesh,1
1-9317329098,GOVERNMENT POLYTECHNIC KIRTHAL CHAPRAULI BAGPHAT,"GOVERNMENT POLYTECHNIC,KIRTHAL,CHAPRAULI,TEHSIL- BARAUT, DISTRICT-BAGHPAT UP 250617",BAGPAT,Government,N,N,1-2842045301,fetchdata,2021-2022,Engineering and Technology,1,1,1,1,Uttar Pradesh,1
1-9317326707,"M. M. I. T., AURAIYA","SEHUD, AURAIYA",AURAIYA,Government,N,N,1-2855559131,fetchdata,2021-2022,Engineering and Technology,1,1,1,1,Uttar Pradesh,1
1-9317331076,SHRI RAM POLYTECHNIC,"4TH KM. MILE STONE, ROORKEE ROAD, MUZAFFARNAGAR-251001 (U.P.)",MUZAFFARNAGAR,Private-Self Financing,N,N,1-514002281,fetchdata,2021-2022,Engineering and Technology,1,1,1,1,Uttar Pradesh,1
1-9317326589,GOVERNMENT POLYTECHNIC JEGIRSAND,"GOVERNMENT POLYTECHNIC JEGIRSAND, SIKANDERPUR,BALLIA",BALLIA,Government,N,N,1-2101200721,fetchdata,2021-2022,Engineering and Technology,1,1,1,1,Uttar Pradesh,1
1-9317327539,"MAHALWAR INSTITUTE OF TECHNOLOGY,","VILL. JAKHAIRA, STATION ROAD, ATRAULI",ALIGARH,Private-Self Financing,N,N,1-500888221,fetchdata,2021-2022,Engineering and Technology,1,1,1,1,Uttar Pradesh,1
1-9317337861,GOVERNMENT POLYTECHNIC PUWAYAN,NEAR GANNA KISAAN DEGREE COLLEGE JEWA ROAD,SHAHJAHANPUR,Government,N,N,1-2102055171,fetchdata,2021-2022,Engineering and Technology,1,1,1,1,Uttar Pradesh,1
1-9317337963,GOVERNMENT POLYTECHNIC HINDALPUR,"GOVERNMENT POLYTECHNIC, HINDALPUR, DHOLANA, (HAPUR)",GHAZIABAD,Government,N,N,1-3375683031,fetchdata,2021-2022,Engineering and Technology,1,1,1,1,Uttar Pradesh,1
1-9317338077,IIMT COLLEGE OF ENGINEERING,"PLOT NO A-20, KP-III, GREATER NOIDA",GAUTAM BUDDHA NAGAR,Private-Self Financing,N,N,1-7435011,fetchdata,2021-2022,Engineering and Technology,1,1,1,1,Uttar Pradesh,1
1-9317343396,PANCHWATI INSTITUTE OF POLYTECHNIC,"NH-58, GHAT INSTITUTIONAL AREA, DELHI-HARIDWAR BY-PASS ROAD, MEERUT",MEERUT,Private-Self Financing,N,N,1-447854701,fetchdata,2021-2022,Engineering and Technology,1,1,1,1,Uttar Pradesh,1
1-9317339760,VEER KUNWAR INSTITUTE OF TECHNOLOGY BIJNOR,V.K. PURAM NAGINA ROAD BIJNOR (U.P.) 246701,BIJNOR,Private-Self Financing,N,N,1-6161461,fetchdata,2021-2022,Engineering and Technology,1,1,1,1,Uttar Pradesh,1
1-9317340958,INSTITUTE OF TECHNOLOGY & MANAGEMENT,"12TH KM  STONE , MEERUT-BAGHPAT ROAD ,PANCHLI KHURD",MEERUT,Private-Self Financing,N,N,1-5320601,fetchdata,2021-2022,Engineering and Technology,1,1,1,1,Uttar Pradesh,1
1-9317336531,GOVERNMENT POLYTECHNIC DEEH,"DEEH, SADAR UNNAO",UNNAO,Government,N,N,1-2100812461,fetchdata,2021-2022,Engineering and Technology,1,1,1,1,Uttar Pradesh,1
1-9317336639,SAI MEER COLLEGE OF POLYTECHNIC,"FARRUKHABAD ROAD, CHHIBRAMAU, DISTT.- KANNAUJ (U.P.)",KANNAUJ,Private-Self Financing,N,N,1-2495846061,fetchdata,2021-2022,Engineering and Technology,1,1,1,1,Uttar Pradesh,1
1-9317337411,RADHA GOVIND POLYTECHNIC COLLEGE,"7TH KM. MORADABAD ROAD, NEAR AKROLI CHORAHA, CHANDAUSI, DISTT. MORADABAD (UP)",MORADABAD,Private-Self Financing,N,N,1-433679961,fetchdata,2021-2022,Engineering and Technology,1,1,1,1,Uttar Pradesh,1
1-9317337627,DEV BHOOMI INSTITUTE OF POLYTECHNIC,"VILL. JAMAPUR BERI,NEAR BALIA KHERI RAILWAY STATION,DABKI ROAD,",SAHARANPUR,Private-Self Financing,N,N,1-452087811,fetchdata,2021-2022,Engineering and Technology,1,1,1,1,Uttar Pradesh,1
1-9317343582,BABA SAHEB AMBEDKAR POLYTECHNIC,VILL- NAGLA JHINGA POST- MAGORRA MATHURA,MATHURA,Private-Self Financing,N,N,1-2872710151,fetchdata,2021-2022,Engineering and Technology,1,1,1,1,Uttar Pradesh,1
1-9317350424,MAHAMAYA IT POLYTECHNIC KUSHINAGAR,KHESIA MANSA CHHAPAR PADRAUNA,KUSHINAGAR,Government,N,N,1-2879655341,fetchdata,2021-2022,Engineering and Technology,1,1,1,1,Uttar Pradesh,1
1-9319519918,MAHARANA INSTITUTE OF TECHNOLOGY & SCIENCES,"GRAM-GAURA, MOHANLAL GANJ",LUCKNOW,Private-Self Financing,N,N,1-10487461,fetchdata,2021-2022,Engineering and Technology,1,1,1,1,Uttar Pradesh,1
1-9319523620,AMBEKESHWAR INSTITUTE OF TECHNOLOGY AND MANAGEMENT,"VILL-KATHWARA, POST-BAKSHI KA TALAB, DISTT.-LUCKNOW",LUCKNOW,Private-Self Financing,N,N,1-4414398091,fetchdata,2021-2022,Engineering and Technology,1,1,1,1,Uttar Pradesh,1
1-9319523730,BABU SUSHIL SINGH INSTITUTE OF POLYTECHNIC,"NIBI BELISA, POST- SADAR",AZAMGARH,Private-Self Financing,N,N,1-4773899801,fetchdata,2021-2022,Engineering and Technology,1,1,1,1,Uttar Pradesh,1
1-9327143764,NC POLYTECHNIC,VILL BAGHWAR LATGHAT RAUNAPAR ROAD AZAMGARH,AZAMGARH,Private-Self Financing,N,N,1-7162090789,fetchdata,2021-2022,Engineering and Technology,1,1,1,1,Uttar Pradesh,1
1-10163270611,GOVERNMENT POLYTECHNIC RUN BY PPP MODE,KULPAHAD MAHOBA,MAHOBA,Government,N,N,1-10163270611,fetchdata,2021-2022,Engineering and Technology,1,1,1,1,Uttar Pradesh,1
1-9323325991,UMRAO  TECHNOLOGICAL  INSTITUTE,GRAM & POST -ALAMPUR TEHSIL-BINDKI,FATEHPUR,Private-Self Financing,N,N,1-464969221,fetchdata,2021-2022,Engineering and Technology,1,1,1,1,Uttar Pradesh,1
1-9323329993,RUDRA PRATAP POLYTECHNIC COLLEGE,"DEOPUR KAMALPUR, POST - KOTHIYA, DISTT -  AZAMGARH",AZAMGARH,Private-Self Financing,N,N,1-5095780601,fetchdata,2021-2022,Engineering and Technology,1,1,1,1,Uttar Pradesh,1
1-9323331071,LLOYD COLLEGE OF ENGINEERING,"PLOT NO 3, KNOWLEDGE PARK-II, GREATER NOIDA, GAUTAM BUDH NAGAR, UTTAR PRADESH 201308",GAUTAM BUDDHA NAGAR,Private-Self Financing,N,N,1-4631756641,fetchdata,2021-2022,Engineering and Technology,1,1,1,1,Uttar Pradesh,1
1-9347757924,HEWETT POLYTECHNIC,MAHANAGAR,LUCKNOW,Govt aided,N,N,1-475501231,fetchdata,2021-2022,Engineering and Technology,1,1,1,1,Uttar Pradesh,1
1-9323318856,NOIDA INSTITUTE OF ENGINEERING & TECHNOLOGY,"19, KNOWLEDGE PARK-II, INSTITUTIONAL AREA, GREATER NOIDA-201306",GAUTAM BUDDHA NAGAR,Private-Self Financing,N,N,1-4193641,fetchdata,2021-2022,Engineering and Technology,1,1,1,1,Uttar Pradesh,1
1-9327108916,SNSK INSTITUTE OF TECHNOLOGY,BHAWARAHA PANDEYPUR RADHE,GHAZIPUR,Private-Self Financing,N,N,1-8002245261,fetchdata,2021-2022,Engineering and Technology,1,1,1,1,Uttar Pradesh,1
1-9331001751,YADUVANSH PRASAD MISHRA INSTITUTE OF PROFESSIONAL STUDIES,"RANIPUR  POST -PURANDERPUR TEHSHIL-PHARENDA,DIST-MAHARAJGANJ(UP)",MAHARAJGANJ,Private-Self Financing,N,N,1-480601301,fetchdata,2021-2022,Engineering and Technology,1,1,1,1,Uttar Pradesh,1
1-9327109436,UDAYRAJ SINGH RAMPYARI INSTITUTE OF SCIENCE AND TECHNOLOGY,"VILLAGE & POST- JALALPUR JAGNANDAN PATTI, POST- KAUDIA",AZAMGARH,Private-Self Financing,N,N,1-4631682511,fetchdata,2021-2022,Engineering and Technology,1,1,1,1,Uttar Pradesh,1
1-9330980021,UNITECH INSTITUTE OF ENGINEERING AND TECHNOLOGY,"VILL-KAILAHAT, PO-PACHEWARA DISTT-MIRZAPUR, UP PIN-231305",MIRZAPUR,Private-Self Financing,N,N,1-2494796871,fetchdata,2021-2022,Engineering and Technology,1,1,1,1,Uttar Pradesh,1
1-9327110118,RAJ NARAYAN SINGH SAMMOPUR POLYTECHNIC,"VILLAGE- TAMMARPUR, POST- THEKMA",AZAMGARH,Private-Self Financing,N,N,1-4889066841,fetchdata,2021-2022,Engineering and Technology,1,1,1,1,Uttar Pradesh,1
1-9330982884,THAKUR TEJ BAHADUR SINGH INSTITUTE OF TECHNOLOGY,"VILLAGE- KARAMPUR, POST- KARAMPUR, TEHSIL- SAIDPUR, GHAZIPUR(UP)",GHAZIPUR,Private-Self Financing,N,N,1-2880777101,fetchdata,2021-2022,Engineering and Technology,1,1,1,1,Uttar Pradesh,1
