institute_id,institute_name,address,district,institution_type,women_only,minority,parent_id,method,year,program,level,institutiontype,Women,Minority,state,course
1-9322812549,DHAANISH AHMED INSTITUTE OF TECHNOLOGY,PICHANUR VILLAGE,COIMBATORE,Private-Self Financing,N,N,1-1448217351,fetchdata,2021-2022,Engineering and Technology,1,1,1,1,Tamil Nadu,1
1-9323127319,SOLAMALAI COLLEGE OF ENGINEERING,"RAJA COLLEGE OF ENGINEERING AND TECHNOLOGY, S.V. RAJA NAGAR, VEERAPANJAN, MADURAII- 625 020",MADURAI,Private-Self Financing,N,N,1-6780865,fetchdata,2021-2022,Engineering and Technology,1,1,1,1,Tamil Nadu,1
1-9323172510,NATIONAL ENGINEERING COLLEGE,"K.R.NAGAR, NALATTINPUTHUR, KOVILPATTI, TUTICORIN DISTRICT, TAMILNADU.",THOOTHUKUDI,Private-Self Financing,N,N,1-6350609,fetchdata,2021-2022,Engineering and Technology,1,1,1,1,Tamil Nadu,1
1-9323249208,JERUSALEM COLLEGE OF ENGINEERING,"VELACHERY-TAMBARAM MAIN ROAD, NARAYANAPURAM, PALLIKKARANAI, CHENNAI-600 100",CHENNAI,Private-Self Financing,N,N,1-10612311,fetchdata,2021-2022,Engineering and Technology,1,1,1,1,Tamil Nadu,1
1-9323277031,ANJALAI AMMAL MAHALINGAM ENGINEERING COLLEGE,ANJALAI AMMAL MAHALINGAM ENGG COLLEGE KOVILVENNI,THIRUVARUR,Private-Self Financing,N,N,1-474076001,fetchdata,2021-2022,Engineering and Technology,1,1,1,1,Tamil Nadu,1
1-9322761885,RANE POLYTECHNIC TECHNICAL CAMPUS,NO.82 SETHURAPATTI VILLAGE FATHIMANAGAR P.O.,TIRUCHIRAPPALLI,Private-Self Financing,N,N,1-458066531,fetchdata,2021-2022,Engineering and Technology,1,1,1,1,Tamil Nadu,1
1-9322938194,R.M.K. ENGINEERING COLLEGE,"RSM NAGAR,  KAVARAIPETTAI, GUMMIDIPOONDI TALUK,",THIRUVALLUR,Private-Self Financing,N,Y,1-2019411,fetchdata,2021-2022,Engineering and Technology,1,1,1,1,Tamil Nadu,1
1-9323078537,P.V.POLYTECHNIC COLLEGE,"GINGEE ROAD, PELAKUPPAM VILLAGE",VILUPPURAM,Private-Self Financing,N,N,1-431177501,fetchdata,2021-2022,Engineering and Technology,1,1,1,1,Tamil Nadu,1
1-9323175461,PSN COLLEGE OF ENGINEERING AND TECHNOLOGY,"MELATHEDIYOOR, PALAYAMKOTTAI TALUK, TIRUNELVELI DISTRICT, PINCODE - 627152",TIRUNELVELI,Private-Self Financing,N,N,1-10233347,fetchdata,2021-2022,Engineering and Technology,1,1,1,1,Tamil Nadu,1
1-9323217319,DR. SIVANTHI ADITANAR COLLEGE OF ENGINEERING,"TIRUNELVELI ROAD, TIRUCHENDUR - 628215",THOOTHUKUDI,Private-Self Financing,N,N,1-5775241,fetchdata,2021-2022,Engineering and Technology,1,1,1,1,Tamil Nadu,1
1-9323277903,SRI ESHWAR COLLEGE OF ENGINEERING,KONDAMPATTI POST VADASITHUR VIA COIMBATORE-641202 TAMILNADU,COIMBATORE,Private-Self Financing,N,N,1-4166771,fetchdata,2021-2022,Engineering and Technology,1,1,1,1,Tamil Nadu,1
1-9322602647,ELUMALAIYAN POLYTECHNIC COLLEGE,"THIRUVARUR MAIN  ROAD, KOLLUMANGUDI, NANNILAM TALUK",THIRUVARUR,Private-Self Financing,N,N,1-435504153,fetchdata,2021-2022,Engineering and Technology,1,1,1,1,Tamil Nadu,1
1-9322763638,PAVENDAR BHARATHIDASAN POLYTECHNIC COLLEGE,"NATARAJ NAGAR, MATHUR, PUDUKKOTTAI MAIN ROAD, TRICHY-620024",TIRUCHIRAPPALLI,Private-Self Financing,N,N,1-440472491,fetchdata,2021-2022,Engineering and Technology,1,1,1,1,Tamil Nadu,1
1-9323251536,VELAMMAL ENGINEERING COLLEGE (ENGG. & TECH),VELAMMAL NAGAR AMBATTUR-REDHILLS ROAD SURAPET CHENNAI - 600 066 TAMIL NADU,THIRUVALLUR,Private-Self Financing,N,N,1-22834965,fetchdata,2021-2022,Engineering and Technology,1,1,1,1,Tamil Nadu,1
1-9322533922,CHENDU COLLEGE OF ENGINEERING AND TECHNOLOGY,ZAMIN ENDATHUR VILLAGE,KANCHIPURAM,Private-Self Financing,N,Y,1-8102521,fetchdata,2021-2022,Engineering and Technology,1,1,1,1,Tamil Nadu,1
1-9322714613,SRI RAMACHANDRA FACULTY OF ENGINEERING AND TECHNOLOGY,"SRI RAMACHANDRA INSTITUTE OF HIGHER EDUCATION AND RESEARCH (DEEMED UNIVERSITY) NO.1, RAMACHANDRA NAGAR, PORUR, CHENNAI, TAMIL NADU 600116",THIRUVALLUR,Deemed to be University(Pvt),N,N,1-4865580891,fetchdata,2021-2022,Engineering and Technology,1,1,1,1,Tamil Nadu,1
1-9323135857,P.T.R. COLLEGE OF ENGINEERING & TECHNOLOGY,"THANAPANDIYAN NAGAR, MADURAI - TIRUMANGALAM ROAD, MADURAI - 625 008",MADURAI,Private-Self Financing,N,N,1-35288461,fetchdata,2021-2022,Engineering and Technology,1,1,1,1,Tamil Nadu,1
1-9323136172,NEHRU INSTITUTE OF TECHNOLOGY,JAWAHAR GARDENS KALIAPURAM THIRUMALAYAMPALAYAM COIMBATORE-641105,COIMBATORE,Private-Self Financing,N,N,1-3892556,fetchdata,2021-2022,Engineering and Technology,1,1,1,1,Tamil Nadu,1
1-9323220592,A M K TECHNOLOGICAL POLYTECHNIC COLLEGE,CHENNAI-BANGALARU HIGHWAY,THIRUVALLUR,Govt aided,N,N,1-405645191,fetchdata,2021-2022,Engineering and Technology,1,1,1,1,Tamil Nadu,1
1-9323282494,FRANCIS XAVIER ENGINEERING COLLEGE,"103 G2, BY PASS ROAD, VANNARPETTAI TIRUNELVELI - 627 003",TIRUNELVELI,Private-Self Financing,N,Y,1-4821331,fetchdata,2021-2022,Engineering and Technology,1,1,1,1,Tamil Nadu,1
1-9322827439,STELLA MARY'S COLLEGE OF ENGINEERING,"ARUNTHENKANVILAI, AZHIKAL",KANYAKUMARI,Private-Self Financing,N,N,1-798094521,fetchdata,2021-2022,Engineering and Technology,1,1,1,1,Tamil Nadu,1
1-9323047402,EASA COLLEGE OF ENGINEERING & TECHNOLOGY,"NH-47, PALAKKAD MAIN ROAD, NAVAKKARAI(PO), COIMBATORE-641105",COIMBATORE,Private-Self Financing,N,N,1-4367535,fetchdata,2021-2022,Engineering and Technology,1,1,1,1,Tamil Nadu,1
1-9323182988,C.ABDUL HAKEEM COLLEGE OF ENGINEERING & TECHNOLOGY,HAKEEM NAGAR,VELLORE,Private-Self Financing,N,Y,1-429696611,fetchdata,2021-2022,Engineering and Technology,1,1,1,1,Tamil Nadu,1
1-9322615445,LORD VENKATESHWARAA ENGINEERING COLLEGE,"PULIAMBAKKAM, WALAJABAD KANCHIPURAM DT TAMIL NADU 631605",KANCHIPURAM,Private-Self Financing,N,N,1-8843583,fetchdata,2021-2022,Engineering and Technology,1,1,1,1,Tamil Nadu,1
1-9322827828,VINS CHRISTIAN WOMEN`S COLLEGE OF ENGINEERING,"VINS NAGER, CHUNKANKADAI, NAGERCOIL",KANYAKUMARI,Private-Self Financing,Y,Y,1-4351573,fetchdata,2021-2022,Engineering and Technology,1,1,1,1,Tamil Nadu,1
1-9322894168,BWDA POLYTECHNIC COLLEGE,"BWDA NAGER, KAPPIVILAI, VENDALICODE, KULASEKHARAM",KANYAKUMARI,Private-Self Financing,N,N,1-422715511,fetchdata,2021-2022,Engineering and Technology,1,1,1,1,Tamil Nadu,1
1-9322953103,JKK MUNIRAJAH COLLEGE OF TECHNOLOGY,"377/1A,PUNJAI THURAYAMPALAYAM, THOOKKANICKENPALAYAM(POST), THOOKKANICKENPALAYAM, GOBI (TK) ERODE",ERODE,Private-Self Financing,N,N,1-11002585,fetchdata,2021-2022,Engineering and Technology,1,1,1,1,Tamil Nadu,1
1-9323094933,AGNI COLLEGE OF TECHNOLOGY,THALAMBUR OFF. RAJIV GANDHI SALAI CHENGALPATTU TALUK KANCHEEPURAM DISTRICT CHENNAI PIN CODE : 603 103,KANCHIPURAM,Private-Self Financing,N,N,1-3290934,fetchdata,2021-2022,Engineering and Technology,1,1,1,1,Tamil Nadu,1
1-9323142283,PALLAVAN COLLEGE OF ENGINEERING,THIMMASAMUDRAM,KANCHIPURAM,Private-Self Financing,N,N,1-4478531,fetchdata,2021-2022,Engineering and Technology,1,1,1,1,Tamil Nadu,1
1-9322780271,PRATHYUSHA ENGINEERING COLLEGE,POONAMALLEE - TIRUVALLUR HIGH ROAD ARANVOYALKUPPAM  TIRUVALLUR - 602 025,THIRUVALLUR,Private-Self Financing,N,Y,1-16570211,fetchdata,2021-2022,Engineering and Technology,1,1,1,1,Tamil Nadu,1
1-9322833247,NELLIANDAVAR INSTITUTE OF POLYTECHNIC,TRICHY ROAD,ARIYALUR,Private-Self Financing,N,N,1-425453871,fetchdata,2021-2022,Engineering and Technology,1,1,1,1,Tamil Nadu,1
1-9322897695,SRI ADHISANKARAR POLYTECHNIC COLLEGE,"NATIONAL HIGH WAYS,NEAR RAMAR KOIL",TIRUCHIRAPPALLI,Private-Self Financing,N,N,1-458725891,fetchdata,2021-2022,Engineering and Technology,1,1,1,1,Tamil Nadu,1
1-9323261357,AL-AMEEN ENGINEERING COLLEGE,"KARUNDEVANPALAYAM, NANJAI UTHUKKULI (POST) ERODE, ERODE DISTRICT, PINCODE-638104 TAMIL NADU",ERODE,Private-Self Financing,N,Y,1-3762161,fetchdata,2021-2022,Engineering and Technology,1,1,1,1,Tamil Nadu,1
1-9323286942,TAGORE ENGINEERING COLLEGE,RATHINAMANGALAM VANDALUR CHENNAI - 600 048,KANCHIPURAM,Private-Self Financing,N,N,1-9722913,fetchdata,2021-2022,Engineering and Technology,1,1,1,1,Tamil Nadu,1
1-9323287495,P.S.R.POLYTECHNIC COLLEGE,"APPAIYANAICKENPATTI, SIVAKASI TALUK, VIRUDHUNAGAR DIST - 626 140",VIRUDHUNAGAR,Private-Self Financing,N,N,1-429773891,fetchdata,2021-2022,Engineering and Technology,1,1,1,1,Tamil Nadu,1
1-9322554016,PAAVAI ENGINEERING COLLEGE,"NH-7, PAAVAI NAGAR, PACHAL, NAMAKKAL PIN - 637 018 TAMILNADU",NAMAKKAL,Private-Self Financing,N,N,1-4077897,fetchdata,2021-2022,Engineering and Technology,1,1,1,1,Tamil Nadu,1
1-9322621635,SESHASAYEE INSTITUTE OF TECHNOLOGY,"10, TANJORE ROAD, INDUSTRIAL COLONY (PO), ARIYAMANGALAM",TIRUCHIRAPPALLI,Govt aided,N,N,1-451886891,fetchdata,2021-2022,Engineering and Technology,1,1,1,1,Tamil Nadu,1
1-9322900565,SAMS COLLEGE OF ENGINEERING AND TECHNOLOGY,"82, PANAPAKKAM, CHENNAI - TIRUPATHI ROAD, UTHUKOTTAI TALUK, THIRUVALLUR DIST.- 601102.",CHENNAI,Private-Self Financing,N,N,1-37176461,fetchdata,2021-2022,Engineering and Technology,1,1,1,1,Tamil Nadu,1
1-9323056015, V.S.B. ENGINEERING COLLEGE,"N.H.67 COVAI ROAD, KARUDAYAMPALAYAM (VILLAGE & POST), ARAVAKURICHI (TK) KARUR - 639 111. TAMILNADU.",KARUR,Private-Self Financing,N,N,1-2829001,fetchdata,2021-2022,Engineering and Technology,1,1,1,1,Tamil Nadu,1
1-9354434401,SREE SASTHA INSTITUTE OF ENGINEERING AND TECHNOLOGY,CHENNAI - BANGALORE HIGHWAY  CHEMBARAMBAKKAM  CHENNAI - 600123.,THIRUVALLUR,Private-Self Financing,N,Y,1-445813093,fetchdata,2021-2022,Engineering and Technology,1,1,1,1,Tamil Nadu,1
1-9322190744,S K R ENGINEERING COLLEGE,"AGARMEL, POONAMALLEE, CHENNAI - 600123",THIRUVALLUR,Private-Self Financing,N,Y,1-5681261,fetchdata,2021-2022,Engineering and Technology,1,1,1,1,Tamil Nadu,1
1-9321287753,ALPHA COLLEGE OF ENGINEERING,"NO.34, UDAYAVAR KOIL STREET, THIRUMAZHISAI, CHENNAI - 600124.",THIRUVALLUR,Private-Self Financing,N,Y,1-11017229,fetchdata,2021-2022,Engineering and Technology,1,1,1,1,Tamil Nadu,1
1-9321399353,JAGANNATH INSTITUTE OF TECHNOLOGY,"THANDALAM VILLAGE, THIRUPORUR, CHENGALPATTU TALUK KANCHEEPURAM DISTRICT",KANCHIPURAM,Private-Self Financing,N,N,1-5357526,fetchdata,2021-2022,Engineering and Technology,1,1,1,1,Tamil Nadu,1
1-9321399601,ADHIPARASAKTHI ENGINEERING COLLEGE,"MELMARUVATHUR, CHEYYUR TALUK, KANCHEEPURAM DISTRICT, TAMILNADU, INDIA",KANCHIPURAM,Private-Self Financing,N,N,1-3036221,fetchdata,2021-2022,Engineering and Technology,1,1,1,1,Tamil Nadu,1
1-9321456507,ARUNAI ENGINEERING COLLEGE,"CHITOOR - CUDDALORE ROAD, MATHUR, TIRUVANNAMALAI",TIRUVANNAMALAI,Private-Self Financing,N,N,1-5796751,fetchdata,2021-2022,Engineering and Technology,1,1,1,1,Tamil Nadu,1
1-9321457994,MEENAKSHI RAMASWAMY ENGINEERING COLLEGE,MR KALVI NAGAR  THATHANUR POST  UDAYARPALAYAM TK  ARIYALUR DT,ARIYALUR,Private-Self Financing,N,N,1-2894158,fetchdata,2021-2022,Engineering and Technology,1,1,1,1,Tamil Nadu,1
1-9321460385,KUMARAGURU COLLEGE OF TECHNOLOGY,CHINNAVEDAMPATTI,COIMBATORE,Private-Self Financing,N,N,1-3641071,fetchdata,2021-2022,Engineering and Technology,1,1,1,1,Tamil Nadu,1
1-9322238516,MNSK COLLEGE OF ENGINEERING,DHAKSHINAPURAM VILLAGE VALLATHIRAKKOTTAI (POST) ALANGUDI TALUK PUDUKKOTTAI,PUDUKKOTTAI,Private-Self Financing,N,N,1-5424141,fetchdata,2021-2022,Engineering and Technology,1,1,1,1,Tamil Nadu,1
1-9322492355,INFO INSTITUTE OF ENGINEERING,"S F NO.194-200, N.H.209, SATHY ROAD, SARAKARSAMAKULAM, KOVILPALAYAM, COIMBATORE-641107.",COIMBATORE,Private-Self Financing,N,N,1-5978774,fetchdata,2021-2022,Engineering and Technology,1,1,1,1,Tamil Nadu,1
1-9320087768,VIDYAA VIKAS COLLEGE OF ENGINEERING AND TECHNOLOGY,"VARAHOORAMPATTI VILLAGE, TIRUCHENGODE TALUK, NAMAKKAL DISTRICT, TAMILNADU. PIN: 637214",NAMAKKAL,Private-Self Financing,N,N,1-4023089,fetchdata,2021-2022,Engineering and Technology,1,1,1,1,Tamil Nadu,1
1-9320393631,COLLEGE OF POULTRY PRODCUTION AND MANAGEMENT,"DENKANIKOTTAI ROAD, MATHIGIRI, HOSUR",KRISHNAGIRI,Government,N,N,1-3373970471,fetchdata,2021-2022,Engineering and Technology,1,1,1,1,Tamil Nadu,1
1-9322496328,GOVERNMENT POLYTECHNIC COLLEGE,"PETTAPALAYAM VILLAGE, MOHANUR (PO) NAMAKKAL(DT) TAMILNADU",NAMAKKAL,Government,N,N,1-487651221,fetchdata,2021-2022,Engineering and Technology,1,1,1,1,Tamil Nadu,1
1-9322381687,"UNIVERSITY COLLEGE OF ENGINEERING, BITCAMPUS TIRUCHIRAPPALLI",TRICHY PUTHUKKOTTAI NH47 ROAD SURIYUR VILLAGE.,TIRUCHIRAPPALLI,State Government University,N,N,1-1366332831,fetchdata,2021-2022,Engineering and Technology,1,1,1,1,Tamil Nadu,1
1-9322383276,K.L.NAGASWAMY MEMORIAL POLYTECHNIC COLLEGE,"KOZHIMEDU, VIRAGANOOR POST, MADURAI- 625 009.",MADURAI,Private-Self Financing,N,Y,1-429932921,fetchdata,2021-2022,Engineering and Technology,1,1,1,1,Tamil Nadu,1
1-9322503175,MAHA BARATHI ENGINEERING COLLEGE,"A.VASUDEVANUR (P.O), CHINNASALEM",VILUPPURAM,Private-Self Financing,N,N,1-5157651,fetchdata,2021-2022,Engineering and Technology,1,1,1,1,Tamil Nadu,1
1-9322385966,CHETTINAD COLLEGE OF ENGINEERING & TECHNOLOGY,"NH 67, KARUR TO TRICHY HIGHWAY,PULIYUR CF, KARUR -  639 114, TAMILNADU, INDIA.",KARUR,Private-Self Financing,N,N,1-14877641,fetchdata,2021-2022,Engineering and Technology,1,1,1,1,Tamil Nadu,1
1-9322386470,JNN INSTITUTE OF ENGINEERING,"USHAA GARDEN, 90, KANNIGAIPAIR VILLAGE, UTHUKOTTAI TALUK,",THIRUVALLUR,Private-Self Financing,N,N,1-10769834,fetchdata,2021-2022,Engineering and Technology,1,1,1,1,Tamil Nadu,1
1-9322139742,J.J. COLLEGE OF ENGINEERING AND TECHNOLOGY,"AMMAPETTAI, POOLANKULATHUPATTI POST,",TIRUCHIRAPPALLI,Private-Self Financing,N,N,1-6323463,fetchdata,2021-2022,Engineering and Technology,1,1,1,1,Tamil Nadu,1
1-9322142237,AALIM MUHAMMED SALEGH COLLEGE OF ENGINEERING,"NIZARA EDUCATIONAL CAMPUS, MUTHAPUDUPET, AVADI-IAF,",THIRUVALLUR,Private-Self Financing,N,Y,1-428224561,fetchdata,2021-2022,Engineering and Technology,1,1,1,1,Tamil Nadu,1
1-9322146773,GOVERNMENT POLYTECHNIC COLLEGE FOR WOMEN,"BHARATHIYAR ROAD, NEW SIDDHAPUDUR, COIMBATORE.",COIMBATORE,Government,Y,N,1-462386831,fetchdata,2021-2022,Engineering and Technology,1,1,1,1,Tamil Nadu,1
1-9322326890,BHARATH POLYTECHNIC COLLEGE,"MANICKAMPALAYAM, TIRUCHENGODE (TK)",NAMAKKAL,Private-Self Financing,N,N,1-488121675,fetchdata,2021-2022,Engineering and Technology,1,1,1,1,Tamil Nadu,1
1-9322387739,EINSTEIN COLLEGE OF ENGINEERING,SIR.C.V.RAMAN NAGAR SEETHAPARPANALLUR TIRUNELVELI-627012 TAMIL NADU,TIRUNELVELI,Private-Self Financing,N,N,1-1932651,fetchdata,2021-2022,Engineering and Technology,1,1,1,1,Tamil Nadu,1
1-9319990040,GOVERNMENT POLYTECHNIC COLLEGE,"VANAVASI, METTUR TALUK, SALEM DISTRICT-636 457",SALEM,Government,N,N,1-3652420861,fetchdata,2021-2022,Engineering and Technology,1,1,1,1,Tamil Nadu,1
1-9320099795,KALASALINGAM ACADEMY OF RESEARCH AND EDUCATION,ANAND NAGAR KRISHNANKOIL,VIRUDHUNAGAR,Deemed to be University(Pvt),N,N,1-3705897101,fetchdata,2021-2022,Engineering and Technology,1,1,1,1,Tamil Nadu,1
1-9320226609,PRIST SCHOOL OF ENGINEERING AND TECHNOLOGY THANJAVUR,"THANJAVUR -TRICHY HIGHWAYS, VALLAM, THANJAVUR-613403",THANJAVUR,Deemed to be University(Pvt),N,N,1-3746593501,fetchdata,2021-2022,Engineering and Technology,1,1,1,1,Tamil Nadu,1
1-9320413679,KONGU ENGINEERING COLLEGE,"PERUNDURAI RAILWAY STATION ROAD,  THOPPUPALAYAM PERUNDURAI, ERODE - 638 052",ERODE,Private-Self Financing,N,N,1-3589631,fetchdata,2021-2022,Engineering and Technology,1,1,1,1,Tamil Nadu,1
1-9320417870,PERIYAR CENTENARY POLYTECHNIC COLLEGE,PERIYAR NAGAR,THANJAVUR,Govt aided,N,N,1-413825331,fetchdata,2021-2022,Engineering and Technology,1,1,1,1,Tamil Nadu,1
1-9322148187,SYED AMMAL ENGINEERING COLLEGE,"DR.E.M.ABDULLAH CAMPUS LANTHAI,ACHUNTHANVAYAL POST,",RAMANATHAPURAM,Private-Self Financing,N,Y,1-5803481,fetchdata,2021-2022,Engineering and Technology,1,1,1,1,Tamil Nadu,1
1-9322497598,PAAVAI COLLEGE OF ENGINEERING,"PAAVAI NAGAR, NH-7, PACHAL NAMAKKAL-637018, TAMILNADU",NAMAKKAL,Private-Self Financing,N,N,1-6400991,fetchdata,2021-2022,Engineering and Technology,1,1,1,1,Tamil Nadu,1
1-9322334401,PERUNTHALAIVAR K KAMARAJAR POLYTECHNIC COLLEGE,NEAR EB SUB STATION VENGALAPURAM VILLAGE & POST TIRUPATTUR TK,VELLORE,Private-Self Financing,N,N,1-2053503821,fetchdata,2021-2022,Engineering and Technology,1,1,1,1,Tamil Nadu,1
1-9322395208,C.S.I. INSTITUTE OF TECHNOLOGY,"THOVALAI &  PO, KANYAKUMARI DISTRICT",KANYAKUMARI,Private-Self Financing,N,Y,1-4658711,fetchdata,2021-2022,Engineering and Technology,1,1,1,1,Tamil Nadu,1
1-9322395546,MOHAMED SATHAK ENGINEERING COLLEGE,"SATHAK NAGAR, EAST COAST ROAD, PUDHU MAYAKULAM, KILAKARAI, RAMANATHAPURAM DIST",RAMANATHAPURAM,Private-Self Financing,N,Y,1-4230157,fetchdata,2021-2022,Engineering and Technology,1,1,1,1,Tamil Nadu,1
1-9320349252,SRI KRISHNA COLLEGE OF ENGINEERING AND TECHNOLOGY,SUGUNAPURAM KUNIAMUTHUR POST COIMBATORE - 641 008,COIMBATORE,Private-Self Financing,N,N,1-3955612,fetchdata,2021-2022,Engineering and Technology,1,1,1,1,Tamil Nadu,1
1-9322334547,SHREENIVASA ENGINEERING COLLEGE,"B.PALLIPATTI, BOMMIDI, PAPPIREDDIPATTI TALUK, DHARMAPURI DISTRICT TAMILNADU.",DHARMAPURI,Private-Self Financing,N,N,1-5431161,fetchdata,2021-2022,Engineering and Technology,1,1,1,1,Tamil Nadu,1
1-9322336008,"PSNA COLLEGE OF ENGINEERING AND TECHNOLOGY , DINDIGUL","KOTHANDARAMAN NAGAR, MUTHANAMPATTI ( PO), DINDIGUL.- 624 622",DINDIGUL,Private-Self Financing,N,N,1-5728161,fetchdata,2021-2022,Engineering and Technology,1,1,1,1,Tamil Nadu,1
1-9320488894,VELUDAIYAR POLYTECHNIC COLLEGE,"PAVUKKARA ST, NEW ROAD, AMMAIYAPPAN, KODAVASAL TK",THIRUVARUR,Private-Self Financing,N,N,1-450152041,fetchdata,2021-2022,Engineering and Technology,1,1,1,1,Tamil Nadu,1
1-9322158134,COIMBATORE INSTITUTE OF ENGINEERING AND TECHNOLOGY,"VELLIMALAIPATTINAM,  NARASIPURAM POST, THONDAMUTHUR VIA, COIMBATORE - 641 109",COIMBATORE,Private-Self Financing,N,N,1-4830453,fetchdata,2021-2022,Engineering and Technology,1,1,1,1,Tamil Nadu,1
1-9322343507,INDIAN INSTITUTE OF FOOD PROCESSING TECHNOLOGY,"MINISTRY OF FOOD PROCESSING INDUSTRIES, GOVERNEMNT OF INDIA, PUDUKOTTAI ROAD, THANJAVUR-613005, TAMIL NADU",THANJAVUR,Government,N,N,1-2197135511,fetchdata,2021-2022,Engineering and Technology,1,1,1,1,Tamil Nadu,1
1-9322404474,"122,GOVERNMENT POLYTECHNIC COLLEGE,DHARMAPURI","TEMPORARY SITE: COMMUNITY HALL, KERAKODAHALLI VILLAGE,KARIMANGALM POST ,PALACODE TALUK,DHARMAPURI DISTRICT -635111. PERMANENT SITE: SURVEY NO 211/1 BOOMANDHALLI VILLAGE, PALACODE TALUK,DHARMAPURI DISTRICT.",DHARMAPURI,Government,N,N,1-478412091,fetchdata,2021-2022,Engineering and Technology,1,1,1,1,Tamil Nadu,1
1-9322462582,AVS ENGINEERING COLLEGE,"MILITARY ROAD, AMMAPET, SALEM",SALEM,Private-Self Financing,N,N,1-2012681,fetchdata,2021-2022,Engineering and Technology,1,1,1,1,Tamil Nadu,1
1-9320490046,CMS COLLEGE OF ENGINEERING,"CMS NAGAR, ERANAPURAM POST,",NAMAKKAL,Private-Self Financing,N,N,1-4065001,fetchdata,2021-2022,Engineering and Technology,1,1,1,1,Tamil Nadu,1
1-9322167667,PRINCE SHRI VENKATESHWARA PADMAVATHY ENGINERING COLLEGE,"MEDAVAKKAM - MAMBAKKAM ROAD PONMAR, CHENNAI - 600 048.",KANCHIPURAM,Private-Self Financing,N,N,1-4160781,fetchdata,2021-2022,Engineering and Technology,1,1,1,1,Tamil Nadu,1
1-9322282426,ROEVER ENGINEERING COLLEGE,ELAMBALUR(POST) PERAMBALUR,PERAMBALUR,Private-Self Financing,N,Y,1-6294210,fetchdata,2021-2022,Engineering and Technology,1,1,1,1,Tamil Nadu,1
1-9320243489,ADHI COLLEGE OF ENGINEERING AND TECHNOLOGY,"6, MUNU ADHI NAGAR, SANKARAPURAM, PULIAMBAKKAM POST, NEAR WALLAJABAD, KANCHEEPURAM",KANCHIPURAM,Private-Self Financing,N,N,1-34863771,fetchdata,2021-2022,Engineering and Technology,1,1,1,1,Tamil Nadu,1
1-9320244819,PRIST SCHOOL OF ENGINEERING AND TECHNOLOGY CHENNAI,"MANAMAI NALLUR VILLAGE, THIRUKKALUKUNDRAM TALUK, EAST COAST ROAD, MAHABALIPURAM KANCHEEPURAM DT",KANCHIPURAM,Deemed to be University(Pvt),N,N,1-3356658351,fetchdata,2021-2022,Engineering and Technology,1,1,1,1,Tamil Nadu,1
1-9322283857,VINS CHRISTIAN COLLEGE OF ENGINEERING,"VINS NAGER, CHUNKANKADAI, NAGERCOIL",KANYAKUMARI,Private-Self Financing,N,Y,1-3990308,fetchdata,2021-2022,Engineering and Technology,1,1,1,1,Tamil Nadu,1
1-9322348133,JAYA INSTITUTE OF TECHNOLOGY,"KANCHIPADI, THIRUVALLUR-THIRUTHANI NH ROAD, THIRUVALLUR TK, THIRUVALLUR DT.",THIRUVALLUR,Private-Self Financing,N,Y,1-10920321,fetchdata,2021-2022,Engineering and Technology,1,1,1,1,Tamil Nadu,1
1-9322349396,CSI COLLEGE OF ENGINEERING,"CSI COLLEGE OF ENGINEERING KETTI VALLEY THE NILGIRIS-643 215. TAMILNADU,SOUTH INDIA.",NILGIRIS,Private-Self Financing,N,Y,1-36227871,fetchdata,2021-2022,Engineering and Technology,1,1,1,1,Tamil Nadu,1
1-9320181581,VEL TECH RANGARAJAN DR.SAGUNTHALA R AND D INSTITUTE OF SCIENCE AND TECHNOLOGY,"#42, AVADI -VEL TECH ROAD, AVADI, CHENNAI- 600062, TAMIL NADU.",THIRUVALLUR,Deemed to be University(Pvt),N,N,1-3863975271,fetchdata,2021-2022,Engineering and Technology,1,1,1,1,Tamil Nadu,1
1-9322217891,PMR ENGINEERING COLLEGE,"ADAYALAMPATTU, CHENNAI-95",THIRUVALLUR,Private-Self Financing,N,Y,1-16638665,fetchdata,2021-2022,Engineering and Technology,1,1,1,1,Tamil Nadu,1
1-9322221234,MAHAKAVI BHARATHIYAR COLLEGE OF ENGINEERING & TECHNOLOGY,"KOVIL NAGAR, VASUDEVANALLUR. SIVAGIRI (T.K), TIRUNELVELI (DIST).",TIRUNELVELI,Private-Self Financing,N,N,1-6161693,fetchdata,2021-2022,Engineering and Technology,1,1,1,1,Tamil Nadu,1
1-9320064395,ANNA UNIVERSITY,SARDAR PATEL ROAD CHENNAI-25 TAMIL NADU,CHENNAI,State Government University,N,N,1-3687844468,fetchdata,2021-2022,Engineering and Technology,1,1,1,1,Tamil Nadu,1
1-9322474510,SRI SHANMUGHA COLLEGE OF ENGINEERING AND TECHNOLOGY,"PULLIPALAYAM, MORUR(PO) SANKARI TALUK, SALEM DISTRICT, TAMIL NADU",SALEM,Private-Self Financing,N,N,1-458679111,fetchdata,2021-2022,Engineering and Technology,1,1,1,1,Tamil Nadu,1
1-9322294971,ANNAMALAI POLYTECHNIC COLLEGE,CHETTINAD - 630 102,SIVAGANGA,Govt aided,N,N,1-459476713,fetchdata,2021-2022,Engineering and Technology,1,1,1,1,Tamil Nadu,1
1-9322297142,SBM POLYTECHNIC COLLEGE,"SBM NAGAR, THAMARAIPADI(PO), TRICHY ROAD, DINDIGUL - 5.",DINDIGUL,Private-Self Financing,N,N,1-450592343,fetchdata,2021-2022,Engineering and Technology,1,1,1,1,Tamil Nadu,1
1-9320015733,AARUPADAI VEEDU INSTITUTE OF TECHNOLOGY,"CONSTITUENT COLLEGE OF VINAYAKA MISSION'S RESEARCH FOUNDATION-  DEEMED TO BE UNIVERSITY VINAYAKA NAGAR RAJIV GANDHI SALAI (OMR),PAIYANOOR",KANCHIPURAM,Deemed to be University(Pvt),N,N,1-3704902541,fetchdata,2021-2022,Engineering and Technology,1,1,1,1,Tamil Nadu,1
1-9320447155,IMMANUEL ARASAR JJ COLLEGE OF ENGINEERING,EDAVILAGAM NATTALAM MARTHANDAM,KANYAKUMARI,Private-Self Financing,N,Y,1-12822363,fetchdata,2021-2022,Engineering and Technology,1,1,1,1,Tamil Nadu,1
1-9322036377,KA.SO.KA.POLYTECHNIC COLLEGE,"KA.SO.KA.POLYTECHNIC COLLEGE NO.115,T.PALUR ROAD, KARADIKULAM POST, UDAIYARPALAYAM TALUK, ARIYALUR DIST",ARIYALUR,Private-Self Financing,N,N,1-411390181,fetchdata,2021-2022,Engineering and Technology,1,1,1,1,Tamil Nadu,1
1-9322237065,CHENNAI INSTITUTE OF TECHNOLOGY,"PUDUPER VILLAGE,NANDAMBAKKAM(PO)",KANCHIPURAM,Private-Self Financing,N,N,1-6324891,fetchdata,2021-2022,Engineering and Technology,1,1,1,1,Tamil Nadu,1
1-9320957597,SVS POLYTECHNIC COLLEGE,"R.PUDUPPALAYAM, MEL SATHAMPOOR ROAD,",NAMAKKAL,Private-Self Financing,N,N,1-441516041,fetchdata,2021-2022,Engineering and Technology,1,1,1,1,Tamil Nadu,1
1-9319832779,UNIVERSITY COLLEGE OF ENGINEERING NAGERCOIL,A CONSTITUENT COLLEGE OF ANNA UNIVERSITY  NAGERCOIL - 629 004,KANYAKUMARI,State Government University,N,N,1-4643951261,fetchdata,2021-2022,Engineering and Technology,1,1,1,1,Tamil Nadu,1
1-9319887680,PANDIYAN POLYTECHNIC COLLEGE,ADHIYUR VILLAGE ELAVAMPATTI POST  SALEM ROAD TIRUPATTUR,VELLORE,Private-Self Financing,N,N,1-433821191,fetchdata,2021-2022,Engineering and Technology,1,1,1,1,Tamil Nadu,1
1-9320706159,ANAND INSTITUTE OF HIGHER TECHNOLOGY,"KALASALINGAM NAGAR, OLD MAHABALIPURAM ROAD, KAZHIPATTUR VILLAGE, CHENGALPATTU TALUK KANCHEEPURAM DISTRICT",KANCHIPURAM,Private-Self Financing,N,N,1-2606254,fetchdata,2021-2022,Engineering and Technology,1,1,1,1,Tamil Nadu,1
1-9320708944,AYYAPPA POLYTECHNIC COLLEGE,"AIVADHUGUDI, ERANJI POST, VIRUDHACHALAM TALUK, CUDDALORE DISTRICT.",CUDDALORE,Private-Self Financing,N,N,1-446164681,fetchdata,2021-2022,Engineering and Technology,1,1,1,1,Tamil Nadu,1
1-9320775795,ANNDAVAR POLYTECHNIC COLLEGE,"GOBI - SATHY MAIN ROAD, KOVAI PIRIVU, ALUKULLI POST,",ERODE,Private-Self Financing,N,N,1-453821961,fetchdata,2021-2022,Engineering and Technology,1,1,1,1,Tamil Nadu,1
1-9321186570,"IRT POLYTECHNIC COLLEGE,TIRUNELVELI","THIRUVANANTHAPURAM ROAD, KONGANTHANPARAI POST,",TIRUNELVELI,Private-Self Financing,N,N,1-414161261,fetchdata,2021-2022,Engineering and Technology,1,1,1,1,Tamil Nadu,1
1-9319741096,AMRITA VISHWA VIDYAPEETHAM COIMBATORE CAMPUS,"AMRITA NAGAR POST,  ETTIMADAI COIMBATORE, TAMIL NADU",COIMBATORE,Deemed to be University(Pvt),N,N,1-4494379431,fetchdata,2021-2022,Engineering and Technology,1,1,1,1,Tamil Nadu,1
1-9319837641,VIDHYALAKSHMI POLYTECHNIC COLLEGE,"S197 & 198, RAMAKOODAL, PULLAGOUNDAMPATTI(POST) THEVUR(VIA), SANKARI(TK), SALEM(DT).",SALEM,Private-Self Financing,N,N,1-481878661,fetchdata,2021-2022,Engineering and Technology,1,1,1,1,Tamil Nadu,1
1-9320908206,SITARAJARAMPOLYTECHNICCOLLEGE,MUTHUNAGAR HIRANIYAMANGALAMMETTUPATTI KULITALAITALUK KARURDISTRICT TAMILNADU,KARUR,Private-Self Financing,N,N,1-473897431,fetchdata,2021-2022,Engineering and Technology,1,1,1,1,Tamil Nadu,1
1-9320909371,GUDIYATTAM POLYTECHNIC COLLEGE,"KAKATHOPPU, GUDIYATTAM",VELLORE,Private-Self Financing,N,N,1-456570201,fetchdata,2021-2022,Engineering and Technology,1,1,1,1,Tamil Nadu,1
1-9320972833,PSN ENGINEERING COLLEGE,"MELATHEDIYOOR, PALAYAMKOTTAI TRIUNELVELI",TIRUNELVELI,Private-Self Financing,N,N,1-421801471,fetchdata,2021-2022,Engineering and Technology,1,1,1,1,Tamil Nadu,1
1-9320975254,ERODE SENGUNTHAR ENGINEERING COLLEGE,"THUDUPATHI, PERUNDURAI (TK), ERODE DISTRICT",ERODE,Private-Self Financing,N,N,1-5768853,fetchdata,2021-2022,Engineering and Technology,1,1,1,1,Tamil Nadu,1
1-9321193274,ARULMIGU PALANIANDAVAR POLYTECHNIC COLLEGE,DINDUGAL ROAD PALANI - 624601 TAMILNADU,DINDIGUL,Govt aided,N,N,1-435399441,fetchdata,2021-2022,Engineering and Technology,1,1,1,1,Tamil Nadu,1
1-9320640238,SRI CHANDRA SEKHARENDRA SARASWATHI VISWAMAHA VIDYALAYA,"COLLEGE ROAD, ENATHUR, KANCHIPURAM",KANCHIPURAM,Deemed to be University(Pvt),N,N,1-3642181171,fetchdata,2021-2022,Engineering and Technology,1,1,1,1,Tamil Nadu,1
1-9321194927,MAHENDRA ENGINEERING COLLEGE FOR WOMEN,"KOMARAMANAGALAM POST, TIRUCHENGODE TALUK, NAMAKKAL DT",NAMAKKAL,Private-Self Financing,Y,N,1-9882271,fetchdata,2021-2022,Engineering and Technology,1,1,1,1,Tamil Nadu,1
1-9320726598,COIMBATORE INSTITUTE OF TECHNOLOGY,"AVINASHI ROAD, AERODROMME POST",COIMBATORE,Govt aided,N,N,1-5213396,fetchdata,2021-2022,Engineering and Technology,1,1,1,1,Tamil Nadu,1
1-9320860680,THE KAVERY ENGINEERING COLLEGE,"M.KALIPATTI,  MECHERI (POST), METTUR TALUK, SALEM (DT)",SALEM,Private-Self Financing,N,N,1-3678211,fetchdata,2021-2022,Engineering and Technology,1,1,1,1,Tamil Nadu,1
1-9320977715,CHRIST THE KING ENGINEERING COLLEGE,"CECILIA GARDENS,CHIKKARAMPALAYAM VILLAGE",COIMBATORE,Private-Self Financing,N,N,1-4165591,fetchdata,2021-2022,Engineering and Technology,1,1,1,1,Tamil Nadu,1
1-9320592521,ST.PETER'S INSTITUTE OF HIGHER EDUCATION AND RESEARCH,"TONAKELA CAMP ROAD, AVADI, CHENNAI",THIRUVALLUR,Deemed to be University(Pvt),N,N,1-3640701841,fetchdata,2021-2022,Engineering and Technology,1,1,1,1,Tamil Nadu,1
1-9320729538,P.S.R.ENGINEERING COLLEGE,"APPAYANAICKENPATTY, SEVALPATTY, SIVAKASI-626 140, VIRUDHUNAGAR(DIST).",VIRUDHUNAGAR,Private-Self Financing,N,Y,1-3760792,fetchdata,2021-2022,Engineering and Technology,1,1,1,1,Tamil Nadu,1
1-9320654491,SRM INSTITUTE OF SCIENCE AND TECHNOLOGY RAMAPURAM PART CAMPUS,"1, JAWAHARLAL NEHRU SALAI (100 FEET ROAD), VADAPALANI, CHENNAI 600 026.",CHENNAI,Deemed to be University(Pvt),N,Y,1-3662200961,fetchdata,2021-2022,Engineering and Technology,1,1,1,1,Tamil Nadu,1
1-9320733725,AVINASHILINGAM INSTITUTE FOR HOME SCIENCE AND HIGHER EDUCATION FOR WOMEN DEEMED TO BE UNIVERSITY,"FACULTY OF ENGINEERING, AVINASHILINGAM UNIVERSITY FOR WOMEN, COIMBATORE - 641108",COIMBATORE,Deemed to be University(Govt),Y,N,1-10952891,fetchdata,2021-2022,Engineering and Technology,1,1,1,1,Tamil Nadu,1
1-9320925084,ST. PETER'S COLLEGE OF ENGINEERING AND TECHNOLOGY,"COLLEGE ROAD AVADI CHENNAI-600054 AVADI TALUK, TIRUVALLUR DISTRICT TAMIL NADU",THIRUVALLUR,Private-Self Financing,N,N,1-5148253,fetchdata,2021-2022,Engineering and Technology,1,1,1,1,Tamil Nadu,1
1-9320929745,AERO AVIATION INSTITUTE OF TECHNOLOGY,"AKKRAPATIYAN PALAYAM, KONNIYAR VILLAGE, ELACHIPALAYAM POST, TIRUCHENGODE TALUK.",NAMAKKAL,Private-Self Financing,N,N,1-2865849381,fetchdata,2021-2022,Engineering and Technology,1,1,1,1,Tamil Nadu,1
1-9321106497,JAYA ENGINEERING COLLEGE,"PRAKASH NAGAR, THIRUNINRAVUR, THIRUVALLUR  DIST, CHENNAI - 602024",THIRUVALLUR,Private-Self Financing,N,Y,1-9855475,fetchdata,2021-2022,Engineering and Technology,1,1,1,1,Tamil Nadu,1
1-9320527169,RANGANATHAN POLYTECHNIC COLLEGE,"JAHIRNAICKANPALAYAM, VIRALIYUR POST, COIMBATORE",COIMBATORE,Private-Self Financing,N,N,1-431206441,fetchdata,2021-2022,Engineering and Technology,1,1,1,1,Tamil Nadu,1
1-9320659294,VEL TECH MULTI TECH DR.RANGARAJAN DR.SAKUNTHALA ENGINEERING COLLEGE,"42,VELTECH ROAD,AVADI",THIRUVALLUR,Private-Self Financing,N,Y,1-4011594,fetchdata,2021-2022,Engineering and Technology,1,1,1,1,Tamil Nadu,1
1-9320664308,MUTHAYAMMAL ENGINEERING COLLEGE,"KAKKAVERI, RASIPURAM (TK), NAMAKKAL (DT). TAMIL NADU",NAMAKKAL,Private-Self Financing,N,N,1-4156434,fetchdata,2021-2022,Engineering and Technology,1,1,1,1,Tamil Nadu,1
1-9320808564,HINDUSTHAN COLLEGE OF ENGINEERING AND TECHNOLOGY,"OTHAKKALMANDAPAM VILLAGE,COIMBATORE SOUTH TAULK, COIMBATORE DISTRICT- 641032.",COIMBATORE,Private-Self Financing,N,N,1-22291621,fetchdata,2021-2022,Engineering and Technology,1,1,1,1,Tamil Nadu,1
1-9320668169,SIVAJI COLLEGE OF ENGINEERING & TECHNOLOGY,MANIVILAI MANIVILAI.P.O,KANYAKUMARI,Private-Self Financing,N,N,1-8623201,fetchdata,2021-2022,Engineering and Technology,1,1,1,1,Tamil Nadu,1
1-9320878988,SHANMUGANATHAN ENGINEERING COLLEGE,"ARASAMPATTI, PILIVALAM(PO) THIRUMAYAM TK, PUDUKKOTTAI DIST-622507 TAMILNADU",PUDUKKOTTAI,Private-Self Financing,N,N,1-4163997,fetchdata,2021-2022,Engineering and Technology,1,1,1,1,Tamil Nadu,1
1-9320674924,N.P.R POLYTECHNIC COLLEGE,N.P.R NAGAR PUNNAPATTI POST ULUPPAGUDI NATHAM,DINDIGUL,Private-Self Financing,N,N,1-510772911,fetchdata,2021-2022,Engineering and Technology,1,1,1,1,Tamil Nadu,1
1-9320675251,AKY POLYTECHNIC COLLEGE,"4/254,TENKASI MAIN ROAD, OPPOSITE TO VALLAVANKOTTAI BUS STAND, TIRUNELVELI -627012",TIRUNELVELI,Private-Self Financing,N,N,1-2466526481,fetchdata,2021-2022,Engineering and Technology,1,1,1,1,Tamil Nadu,1
1-9320675396,ADHIYAMAAN COLLEGE OF ENGINEERING (ENGINEERING & TECHNOLOGY),"(ENGINEERING & TECHNOLOGY) AERI CAMPUS DR.M.G.R.NAGAR, HOSUR-635 109 KRISHNAGIRI DISTRICT TAMIL NADU",KRISHNAGIRI,Private-Self Financing,N,N,1-5725821,fetchdata,2021-2022,Engineering and Technology,1,1,1,1,Tamil Nadu,1
1-9321047628,DHIRAJLAL GANDHI COLLEGE OF TECHNOLOGY,"SIKKANAMPATTY, OPPOSITE TO AIRPORT, OMALUR TK. SALEM DT",SALEM,Private-Self Financing,N,N,1-424089211,fetchdata,2021-2022,Engineering and Technology,1,1,1,1,Tamil Nadu,1
1-9321112925,THANGAM-MUTHU POLYTECHNIC COLLEGE,"MADURAI MAIN ROAD, VELNAGAR, PERIYAKULAM EAST",THENI,Private-Self Financing,N,N,1-461642271,fetchdata,2021-2022,Engineering and Technology,1,1,1,1,Tamil Nadu,1
1-9320549020,SRI KRISHNA COLLEGE OF TECHNOLOGY,KOVAIPUDUR POST,COIMBATORE,Private-Self Financing,N,N,1-3643021,fetchdata,2021-2022,Engineering and Technology,1,1,1,1,Tamil Nadu,1
1-9320553702,THIAGARAJAR COLLEGE OF ENGINEERING,TIRUPARANKUNDRAM MADURAI 625 015,MADURAI,Govt aided,N,N,1-429823423,fetchdata,2021-2022,Engineering and Technology,1,1,1,1,Tamil Nadu,1
1-9320555338,"GOVERNMENT COLLEGE OF ENGINEERING,SALEM",GOVERMENT COLLEGE OF ENGINEERING BANGALORE HIGHWAYS SALEM-11,SALEM,Government,N,N,1-8410741,fetchdata,2021-2022,Engineering and Technology,1,1,1,1,Tamil Nadu,1
1-9320680306,V.R.S. COLLEGE OF ENGINEERING AND TECHNOLOGY,ARASUR  ARASUR & POST ULUNDURPET TALUK VILLUPURAM DISTRICT TAMIL NADU INDIA 607107,VILUPPURAM,Private-Self Financing,N,N,1-3036031,fetchdata,2021-2022,Engineering and Technology,1,1,1,1,Tamil Nadu,1
1-9321049731,UDHAYAM POLYTECHNIC COLLEGE,"THENKUDA, THANGACHIMADAM",RAMANATHAPURAM,Private-Self Financing,N,N,1-457956483,fetchdata,2021-2022,Engineering and Technology,1,1,1,1,Tamil Nadu,1
1-9320684106,LORD JEGANNATH COLLEGE OF ENGINEERING AND TECHNOLOGY,PSN NAGAR RAMANATHICHANPUTHUR MARUNGOOR KANYAKUMARIDISTRICT,KANYAKUMARI,Private-Self Financing,N,N,1-11652185,fetchdata,2021-2022,Engineering and Technology,1,1,1,1,Tamil Nadu,1
1-9320997467,VALLIAMMAI POLYTECHNIC COLLEGE,SRM NAGAR POTHERI KATTANKULATHUR (PO),KANCHIPURAM,Private-Self Financing,N,Y,1-445115411,fetchdata,2021-2022,Engineering and Technology,1,1,1,1,Tamil Nadu,1
1-9320998708,TIRUTTANI POLYTECHNIC COLLEGE,"LAKSHMAPURAM VILLAGE, NABALURE  PO, TIRUTTANI  TK, THURUVALLURE  DT.",THIRUVALLUR,Private-Self Financing,N,N,1-516015561,fetchdata,2021-2022,Engineering and Technology,1,1,1,1,Tamil Nadu,1
1-9320998878,HI-TECH POLYTECHNIC COLLEGE,SAMUGARANGAPURAM RADHAPURAM TALUK TIRUNELVELI DISTRICT,TIRUNELVELI,Private-Self Financing,N,Y,1-501779781,fetchdata,2021-2022,Engineering and Technology,1,1,1,1,Tamil Nadu,1
1-9320691940,JAI SHRIRAM ENGINEERING COLLEGE,DHARAPURAM ROAD,TIRUPPUR,Private-Self Financing,N,N,1-4165413,fetchdata,2021-2022,Engineering and Technology,1,1,1,1,Tamil Nadu,1
1-9320756487,RAJALAKSHMI INSTITUTE OF TECHNOLOGY,BANGALORE HIGHWAY ROAD KUTHAMBAKKAM CHENNAI - 600 124,THIRUVALLUR,Private-Self Financing,N,Y,1-10086261,fetchdata,2021-2022,Engineering and Technology,1,1,1,1,Tamil Nadu,1
1-9320563765,VELS INSTITUTE OF SCIENCE TECHNOLOGY AND ADVANCED STUDIES,"VELAN NAGAR, P.V.VAITHIYALINGAM ROAD,",KANCHIPURAM,Deemed to be University(Pvt),N,N,1-3628130411,fetchdata,2021-2022,Engineering and Technology,1,1,1,1,Tamil Nadu,1
1-9321064665,KRISHNASAMY COLLEGE OF ENGINEERING & TECHNOLOGY,"NELLIKUPPAM MAIN ROAD, S. KUMARAPURAM, CUDDALORE, TAMIL NADU, SOUTH INDIA",CUDDALORE,Private-Self Financing,N,Y,1-7482741,fetchdata,2021-2022,Engineering and Technology,1,1,1,1,Tamil Nadu,1
1-9321067185,INFANT JESUS COLLEGE OF ENGINEERING,"KAMARAJAR NAGAR, TIRUNELVELI - THOOTHUKUDI HIGHWAY (NH-7A), KEELAVALLANADU VILLAGE, ELLANAYAKKAN PATTI POST, SRIVAIKUNDAM TALUK, THOOTHUKUDI DISTRICT. PIN CODE - 628851",THOOTHUKUDI,Private-Self Financing,N,Y,1-4553557,fetchdata,2021-2022,Engineering and Technology,1,1,1,1,Tamil Nadu,1
1-9320766142,POLLACHI INSTITUTE OF ENGINEERING AND TECHNOLOGY,"S.F.NO:107/1, POOSARIPATTI VILLAGE POLLACHI TO DHARAPURAM ROAD, POOSARIPATTI(POST) POLLACHI 642205",COIMBATORE,Private-Self Financing,N,N,1-706724951,fetchdata,2021-2022,Engineering and Technology,1,1,1,1,Tamil Nadu,1
1-9320770507,MUTHAYAMMAL COLLEGE OF ENGINEERING,KAKKAVERI RASIPURAM,NAMAKKAL,Private-Self Financing,N,N,1-511454251,fetchdata,2021-2022,Engineering and Technology,1,1,1,1,Tamil Nadu,1
1-9323057159,JEI MATHAAJEE COLLEGE OF ENGINEERING,"NO. 124, VISHAKANDIKUPPAM VILLAGE, SIRUVAKKAM POST KANCHIPURAM",KANCHIPURAM,Private-Self Financing,N,N,1-17330985,fetchdata,2021-2022,Engineering and Technology,1,1,1,1,Tamil Nadu,1
1-9323144068,PSN INSTITUTE OF TECHNOLOGY & SCIENCE,"MELATHEDIYOOR, PALAYAMKOTTAI TALUK, TIRUNELVELI",TIRUNELVELI,Private-Self Financing,N,N,1-10064364,fetchdata,2021-2022,Engineering and Technology,1,1,1,1,Tamil Nadu,1
1-9322839280,SRI DURGADEVI POLYTECHNIC COLLEGE,"R.S.M. NAGAR, KAVARAIPETTAI, GUMMIDIPOONDI TALUK",THIRUVALLUR,Private-Self Financing,N,Y,1-407010941,fetchdata,2021-2022,Engineering and Technology,1,1,1,1,Tamil Nadu,1
1-9323146976,SRG POLYTECHNIC COLLEGE,"NH-7, SALEM - NAMAKKAL ROAD, ATHANUR",NAMAKKAL,Private-Self Financing,N,N,1-463362451,fetchdata,2021-2022,Engineering and Technology,1,1,1,1,Tamil Nadu,1
1-9323232016,KCG COLLEGE OF TECHNOLOGY,RAJIV GANDHI SALAI KARAPAKKAM CHENNAI - 600 097,KANCHIPURAM,Private-Self Financing,N,Y,1-4401459,fetchdata,2021-2022,Engineering and Technology,1,1,1,1,Tamil Nadu,1
1-9323292926,VEL TECH HIGH TECH DR.RANGARAJAN DR.SAKUNTHALA ENGINEERING COLLEGE,"NO-60,VELTECH ROAD,AVADI",THIRUVALLUR,Private-Self Financing,N,Y,1-4011411,fetchdata,2021-2022,Engineering and Technology,1,1,1,1,Tamil Nadu,1
1-9322841615,SRI RAAJA RAAJAN COLLEGE OF ENGINEERING AND TECHNOLOGY,"NO:146/4B1,AMARAVATHI VILLAGE,AMARAVATHYPUDHUR(POST),KARAIKUDI(TALUK) SIVAGANGAI(DISTRICT)",SIVAGANGA,Private-Self Financing,N,N,1-7277651,fetchdata,2021-2022,Engineering and Technology,1,1,1,1,Tamil Nadu,1
1-9322842005,LAXMINARAYANA POLYTECHNIC COLLEGE,"SALEM DHARMAPURI MAIN ROAD, BAGALAHALLI(PO),DHARMAPURI(TK)",DHARMAPURI,Private-Self Financing,N,N,1-405934101,fetchdata,2021-2022,Engineering and Technology,1,1,1,1,Tamil Nadu,1
1-9322909051,EASWARI ENGINEERING COLLEGE,"BHARATHI SALAI, RAMAPURAM, CHENNAI - 600 089",THIRUVALLUR,Private-Self Financing,N,Y,1-4156271,fetchdata,2021-2022,Engineering and Technology,1,1,1,1,Tamil Nadu,1
1-9323107017,PONNAIYAH RAMAJAYAM POLYTECHNIC COLLEGE,"KEELAPALAYAR VILLAGE, PATTEESWARAM (VIA), KUMBAKONAM",THANJAVUR,Private-Self Financing,N,N,1-448474883,fetchdata,2021-2022,Engineering and Technology,1,1,1,1,Tamil Nadu,1
1-9323109805,KINGS COLLEGE OF ENGINEERING,PUNALKULAM VILLAGE GANDARVAKKOTTAI (TK) PUDUKKOTTAI (DIST),PUDUKKOTTAI,Private-Self Financing,N,N,1-2624954,fetchdata,2021-2022,Engineering and Technology,1,1,1,1,Tamil Nadu,1
1-9323195646,THE KAVERY INSTITUTE OF TECHNOLOGY,"KAVERY NAGAR, M.KALIPATTI (PO),MECHERI, METTUR (TK), SALEM (DT)",SALEM,Private-Self Financing,N,N,1-465989121,fetchdata,2021-2022,Engineering and Technology,1,1,1,1,Tamil Nadu,1
1-9323196343,P.R.ENGINEERING COLLEGE,"THANJAVUR-TRICHY HIGH WAYS VALLAM,THANJAVUR.",THANJAVUR,Private-Self Financing,N,N,1-11077531,fetchdata,2021-2022,Engineering and Technology,1,1,1,1,Tamil Nadu,1
1-9323295631,THE SURABI COLLEGE OF POLYTECHNIC,"NAMAKKAL - TIRUCHENGODE ROAD, MANIKATTIPUDUR, NALLIPALAYAM POST NAMAKKAL",NAMAKKAL,Private-Self Financing,N,N,1-480917461,fetchdata,2021-2022,Engineering and Technology,1,1,1,1,Tamil Nadu,1
1-9323156566,MADHA ENGINEERING COLLEGE,"MADHA NAGAR, SOMANGALAM ROAD, KUNDRATHUR, CHENNAI-600 069",KANCHIPURAM,Private-Self Financing,N,Y,1-4680190,fetchdata,2021-2022,Engineering and Technology,1,1,1,1,Tamil Nadu,1
1-9322637083,SRI RAMAKRISHNA ENGINEERING COLLEGE,"VATTAMALAIPALAYAM, N.G.G.O COLONY(POST), COIMABATORE-641022. TAMILNADU.",COIMBATORE,Private-Self Financing,N,N,1-11762850,fetchdata,2021-2022,Engineering and Technology,1,1,1,1,Tamil Nadu,1
1-9322639905,K.S.RANGASAMY COLLEGE OF TECHNOLOGY,"K.S.R KALVI NAGAR, THOKKAVADI, TIRUCHENGODE TK, 637 215.",NAMAKKAL,Private-Self Financing,N,N,1-2494827,fetchdata,2021-2022,Engineering and Technology,1,1,1,1,Tamil Nadu,1
1-9322700487,N.P.R COLLEGE OF ENGINEERING & TECHNOLOGY,PUNNAPPATTI VILLAGE ULUPPAKUDI  NATHAM DINDIGUL (DT),DINDIGUL,Private-Self Financing,N,N,1-2402534,fetchdata,2021-2022,Engineering and Technology,1,1,1,1,Tamil Nadu,1
1-9322975581,KARPAGA VINAYAGA COLLEGE OF ENGINEERING AND TECHNOLOGY,"GST ROAD, CHINNA KOLAMBAKKAM, PALAYANOOR PO, MADURANTAGAM TK,KANCHEEPURAM DIST-603308 TAMILNADU, INDIA.",KANCHIPURAM,Private-Self Financing,N,N,1-3930191,fetchdata,2021-2022,Engineering and Technology,1,1,1,1,Tamil Nadu,1
1-9323113492,M.KUMARASAMY COLLEGE OF ENGINEERING,"M KUMARASAMY COLLEGE OF ENGINEERING, THALAVAPALAYAM, KARUR - 639113",KARUR,Private-Self Financing,N,N,1-422748121,fetchdata,2021-2022,Engineering and Technology,1,1,1,1,Tamil Nadu,1
1-9323115104,MAHENDRA INSTITUTE OF ENGINEERING AND TECHNOLOGY,"MAHENDIRAPURI, MALLASAMUDRAM WEST, VADUGAPLAYAM POST, TIRUCHENGODE TALUK, NAMAKKAL DISTRICT",NAMAKKAL,Private-Self Financing,N,N,1-9870741,fetchdata,2021-2022,Engineering and Technology,1,1,1,1,Tamil Nadu,1
1-9323159108,SHRI SAPTHAGIRI INSTITUTE OF TECHNOLOGY,"381, MBT ROAD, OCHERI, ARAKKONAM TALUK, VELLORE DISTRICT- 632531",VELLORE,Private-Self Financing,N,N,1-3638161,fetchdata,2021-2022,Engineering and Technology,1,1,1,1,Tamil Nadu,1
1-9322979582,VANDAYAR ENGINEERING COLLEGE,"PULAVARNATHAM(PO), MARIAMMANKOVIL(VIA), NAGAI MAIN ROAD, THANJAVUR - 613501. TAMIL NADU",THANJAVUR,Private-Self Financing,N,N,1-4697197,fetchdata,2021-2022,Engineering and Technology,1,1,1,1,Tamil Nadu,1
1-9323116851,MISRIMAL NAVAJEE MUNOTH JAIN ENGINEERING COLLEGE,"GURU MARUDHAR KESARI BUILDING, JYOTHI NAGAR, THORAPAKKAM, CHENNAI - 600097.",CHENNAI,Private-Self Financing,N,Y,1-4796841,fetchdata,2021-2022,Engineering and Technology,1,1,1,1,Tamil Nadu,1
1-9323163744,NANDHA ENGINEERING COLLEGE,"28, CHENNIMALAIPALAYAM ROAD,  PITCHANDAMPALAYAM (PO),  ERODE",ERODE,Private-Self Financing,N,N,1-6156963,fetchdata,2021-2022,Engineering and Technology,1,1,1,1,Tamil Nadu,1
1-9322648105,SRI RAGAVENDRA POLYTECHNIC COLLEGE,"ROTARY NAGAR, NEW PALLIPALAYAM ROAD, KOMARAPALAYAM, TIRUCHENGODU TALUK, NAMAKKAL DISTRICT.",NAMAKKAL,Private-Self Financing,N,N,1-435225131,fetchdata,2021-2022,Engineering and Technology,1,1,1,1,Tamil Nadu,1
1-9322802198,J.J. POLYTECHNIC COLLEGE,"AMMAPETTAI, POOLANGULATHUPPATTI POST.",TIRUCHIRAPPALLI,Private-Self Financing,N,N,1-405756891,fetchdata,2021-2022,Engineering and Technology,1,1,1,1,Tamil Nadu,1
1-9322983857,MEPCO SCHLENK ENGINEERING COLLEGE,"SIVAKASI, MEPCO ENGINEERING COLLEGE POST - 626 005 VIRUDHUNAGAR DISTRICT, TAMILNADU",VIRUDHUNAGAR,Private-Self Financing,N,N,1-26270263,fetchdata,2021-2022,Engineering and Technology,1,1,1,1,Tamil Nadu,1
1-9323071188,ARULMIGU THIRUPURASUNDARI AMMAN POLYTECHNIC COLLEGE,EGAI VILLAGE PULIYUR POST THIRUKKALUKUNDARAM,KANCHIPURAM,Private-Self Financing,N,N,1-425524863,fetchdata,2021-2022,Engineering and Technology,1,1,1,1,Tamil Nadu,1
1-9323118655,DMI COLLEGE OF ENGINEERING,"ST.JOSEPH'S TOWN, MEVALURKUPPAM B VILLAGE, NAZARETHPET POST, PALANCHUR,",KANCHIPURAM,Private-Self Financing,N,Y,1-3584027,fetchdata,2021-2022,Engineering and Technology,1,1,1,1,Tamil Nadu,1
1-9322517617,S.VEERASAMY CHETTIAR COLLEGE OF ENGINEERING AND TECHNOLOGY,"S.V. NAGAR, PULIANGUDI (PO), SIVAGIRI (TK), TIRUNELVELI (DIST), TAMIL NADU, PIN-627855.",TIRUNELVELI,Private-Self Financing,N,N,1-414297172,fetchdata,2021-2022,Engineering and Technology,1,1,1,1,Tamil Nadu,1
1-9322583824,THIRU RAMAKRISHNA NALLAMMAI POLYTECHNIC COLLEGE,NALLAMMAI NAGAR,TIRUPPUR,Private-Self Financing,N,N,1-428161181,fetchdata,2021-2022,Engineering and Technology,1,1,1,1,Tamil Nadu,1
1-9323168508,MAHALAKSHMI ENGINEERING COLLEGE,"MAHALAKSHMI NAGAR, TRICHY - SALEM MAIN ROAD",TIRUCHIRAPPALLI,Private-Self Financing,N,N,1-400503141,fetchdata,2021-2022,Engineering and Technology,1,1,1,1,Tamil Nadu,1
1-9323206621,DR N.G.P.INSTITUTE OF TECHNOLOGY,"DR N.G.P.NAGAR, KALAPATTI ROAD COIMBATORE PIN :641 048",COIMBATORE,Private-Self Financing,N,N,1-4311754,fetchdata,2021-2022,Engineering and Technology,1,1,1,1,Tamil Nadu,1
1-9323244545,SRI JAYARAM INSTITUTE OF ENGINEERING AND TECHNOLOGY,"51 N ELAVUR, 58 N NATHAM VILLAGE,GUMUDIPOONDI TALUK, THIRUVALLUR DISTRICT, TAMIL NADU. PIN 601201",THIRUVALLUR,Private-Self Financing,N,N,1-2186354961,fetchdata,2021-2022,Engineering and Technology,1,1,1,1,Tamil Nadu,1
1-9323272789,GNANAMANI COLLEGE OF TECHNOLOGY,"NH-7, A.K. SAMUTHIRAM, PACHAL POST, NAMAKKAL DISTRICT, TAMILNADU PIN 637018",NAMAKKAL,Private-Self Financing,N,Y,1-4594881,fetchdata,2021-2022,Engineering and Technology,1,1,1,1,Tamil Nadu,1
1-9322656506,SENGUNTHAR COLLEGE OF ENGINEERING,"SATHINAICKENPALAYAM, KUMARAMANGALAM, TIRUCHENGODE,  NAMAKKAL (DT). PIN -  637 205.",NAMAKKAL,Private-Self Financing,N,N,1-10097031,fetchdata,2021-2022,Engineering and Technology,1,1,1,1,Tamil Nadu,1
1-9322754819,ST.MOTHER THERESA ENGINEERING COLLEGE,VAGAIKULAM MUDIVAITHANENDAL POST TUTICORIN DISTRICT PIN CODE - 628102,THOOTHUKUDI,Private-Self Financing,N,Y,1-6373301,fetchdata,2021-2022,Engineering and Technology,1,1,1,1,Tamil Nadu,1
1-9322869636,PET ENGINEERING COLLEGE,THIRUCHENDUR ROAD VALLIOOR,TIRUNELVELI,Private-Self Financing,N,Y,1-3766781,fetchdata,2021-2022,Engineering and Technology,1,1,1,1,Tamil Nadu,1
1-9323274874,GOVERNMENT POLYTECHNIC COLLEGE,"DHARMAPURI DISTRICT CO-OP SUGAR MILLS POLYTECHNIC COLLEGE,PALACODE",DHARMAPURI,Government,N,N,1-437046341,fetchdata,2021-2022,Engineering and Technology,1,1,1,1,Tamil Nadu,1
1-9318543676,SCAD POLYTECHNIC COLLEGE,KALAKAD ROAD CHERANMAHADEVI,TIRUNELVELI,Private-Self Financing,N,Y,1-464136493,fetchdata,2021-2022,Engineering and Technology,1,1,1,1,Tamil Nadu,1
1-9318545246,GOVERNMENT POLYTECHNIC COLLEGE,"AMBALAKARANPATTI, MELUR(T.K)",MADURAI,Government,N,N,1-487923953,fetchdata,2021-2022,Engineering and Technology,1,1,1,1,Tamil Nadu,1
1-9318310724,VICKRAM POLYTECHNIC COLLEGE,"SREENIVASA GARDENS, MADURAI SIVAGANGAI ROAD,",SIVAGANGA,Private-Self Financing,N,N,1-461529121,fetchdata,2021-2022,Engineering and Technology,1,1,1,1,Tamil Nadu,1
1-9318324239,GOVERNMENT POLYTECHNIC COLLEGE,"KOODUVELI VILLAGE, KATTUMANNARKOIL TALUK.",CUDDALORE,Government,N,N,1-3397978421,fetchdata,2021-2022,Engineering and Technology,1,1,1,1,Tamil Nadu,1
1-9318372941,PRIYADARSHINI ENGINEERING COLLEGE,"CHETTIYAPPANUR VILLAGE & POST, VANIYAMBADI.",VELLORE,Private-Self Financing,N,N,1-22286661,fetchdata,2021-2022,Engineering and Technology,1,1,1,1,Tamil Nadu,1
1-9318373369,SRIRAM ENGINEERING COLLEGE,"PERUMALPATTU, VEPPAMPATTU R.S. TIRUVALLUR DISTRICT  602 024",THIRUVALLUR,Private-Self Financing,N,Y,1-2931121,fetchdata,2021-2022,Engineering and Technology,1,1,1,1,Tamil Nadu,1
1-9318545617,BETHLAHEM INSTITUTE OF ENGINEERING,NADUTHERI KARUNGAL,KANYAKUMARI,Private-Self Financing,N,Y,1-5125301,fetchdata,2021-2022,Engineering and Technology,1,1,1,1,Tamil Nadu,1
1-9318546184,KSK COLLEGE OF ENGINEERING AND TECHNOLOGY,"KSK COLLEGE OF ENGINEERING AND TECHNOLOGY, THANJAVUR MAIN ROAD,AMMAPET (VILLAGE),DHARASURAM POST, KUMBAKONAM TALUK, THANJAVUR DISTRICT, TAMILNADU.",THANJAVUR,Private-Self Financing,N,N,1-425765501,fetchdata,2021-2022,Engineering and Technology,1,1,1,1,Tamil Nadu,1
1-9318546431,JAYA COLLEGE OF ENGINEERING AND TECHNOLOGY,"POONAMALLEE BY PASS ROAD, PARIVAKKAM CHENNAI",THIRUVALLUR,Private-Self Financing,N,Y,1-5171127,fetchdata,2021-2022,Engineering and Technology,1,1,1,1,Tamil Nadu,1
1-9318547762,ST.JOSEPH'S POLYTECHNIC COLLEGE,"PAPPU NAGAR, NEAR R.M.T.C.NAGAR, REDDIAPATTI POST DINDIGUL, TAMILNADU. PIN:624003",DINDIGUL,Private-Self Financing,N,N,1-465719371,fetchdata,2021-2022,Engineering and Technology,1,1,1,1,Tamil Nadu,1
1-9318310899,CHERAN POLYTECHNIC COLLEGE,"KADACHANALLUR VILLAGE, S.P.B.COLONY POST, TIRUCHENGODE TALUK NAMAKKAL DISTRICT 638 010",NAMAKKAL,Private-Self Financing,N,N,1-451774951,fetchdata,2021-2022,Engineering and Technology,1,1,1,1,Tamil Nadu,1
1-9318360033,FATIMA MICHAEL COLLEGE OF ENGINEERING & TECHNOLOGY,"SENKOTTAI VILLAGE, KALIMANGALAM PANCHAYAT, SIVAGANGA MAIN ROAD, MADURAI - 20",MADURAI,Private-Self Financing,N,N,1-3239294,fetchdata,2021-2022,Engineering and Technology,1,1,1,1,Tamil Nadu,1
1-9318361653,LOYOLA-ICAM COLLEGE OF ENGINEERING AND TECHNOLOGY,LOYOLA COLLEGE CAMPUS,CHENNAI,Private-Self Financing,N,Y,1-2029051,fetchdata,2021-2022,Engineering and Technology,1,1,1,1,Tamil Nadu,1
1-9318548240,GOVERNMENT POLYTECHNIC COLLEGE - THOOTHUKUDI,PALAYAMKOTTAI ROAD,THOOTHUKUDI,Government,N,N,1-477802431,fetchdata,2021-2022,Engineering and Technology,1,1,1,1,Tamil Nadu,1
1-9318421379,SRI BALAKRISHNA POLYTECHNIC COLLEGE,"OPP. SALEM AIRPORT,  NH-7, KUPPUR, OMALUR(T.K),SALEM(D.T)-636 309",SALEM,Private-Self Financing,N,N,1-461126651,fetchdata,2021-2022,Engineering and Technology,1,1,1,1,Tamil Nadu,1
1-9318517285,AGRICULTURAL ENGINEERING COLLEGE AND RESEARCH INSTITUTE,"TAMIL NADU AGRICULTURAL UNIVERSITY, LAWLEY ROAD, P.O., COIMBATORE - 641 003. TAMIL NADU",COIMBATORE,Government,N,N,1-451453421,fetchdata,2021-2022,Engineering and Technology,1,1,1,1,Tamil Nadu,1
1-9318548564,THE KARUR POLYTECHNIC COLLEGE,SANJAY NAGAR KARUR-ERODE MAIN ROAD ATHUR-POST KARUR-DISTRICT TAMIL NADU,KARUR,Private-Self Financing,N,N,1-412750281,fetchdata,2021-2022,Engineering and Technology,1,1,1,1,Tamil Nadu,1
1-9318362440,TAMILNADU PHYSICAL EDUCATION AND SPORTS UNIVERSITY,"DEPARTMENT OF SPORTS TECHNOLOGY,  TAMIL NADU PHYSICAL EDUCATION AND SPORTS UNIVERSITY, MELAKOTTAIYUR, CHENGALPATTU TALUK, KANCHEEPURAM DISTRICT, CHENNAI- 600048",CHENNAI,Government,N,N,1-444215911,fetchdata,2021-2022,Engineering and Technology,1,1,1,1,Tamil Nadu,1
1-9318362514,THANGAVELU ENGINEERING COLLEGE,RAJIV GANDHI SALAI KARAPAKKAM CHENNAI - 600 097,CHENNAI,Private-Self Financing,N,N,1-11778261,fetchdata,2021-2022,Engineering and Technology,1,1,1,1,Tamil Nadu,1
1-9318363082,GOOD SHEPHERD COLLEGE OF ENGINEERING &,"MARUTHAMPARAI, KALIYAL VILLAGE",KANYAKUMARI,Private-Self Financing,N,N,1-3361406901,fetchdata,2021-2022,Engineering and Technology,1,1,1,1,Tamil Nadu,1
1-9318348410,SRINIVASA POLYTECHNIC COLLEGE,"SRINIVASA NAGAR, KALAMAVUR (PO) KULATHUR TK KEERANUR PUDUKKOTTAI 622 502",PUDUKKOTTAI,Private-Self Financing,N,Y,1-405508261,fetchdata,2021-2022,Engineering and Technology,1,1,1,1,Tamil Nadu,1
1-9318348734,NANJAPPA POLYTECHNIC COLLEGE,"PALANISAME RAVI NAGAR, KARUMATHAMPATTI,",COIMBATORE,Private-Self Financing,N,N,1-442022621,fetchdata,2021-2022,Engineering and Technology,1,1,1,1,Tamil Nadu,1
1-9318351112,DEVANGAR POLYTECHNIC COLLEGE,D.VADIPATTI VILLAGE PERIYAKULAM TALUK THENI DISTRICT TAMILNADU PIN 625602,THENI,Private-Self Financing,N,N,1-449988231,fetchdata,2021-2022,Engineering and Technology,1,1,1,1,Tamil Nadu,1
1-9318351322,SRI MAHALAKSHMI POLYTECHNIC COLLEGE,"VAIRANKUPPAM, SEMMANKUPPAM VILLAGE, POONDIYANKUPPAM POST, CUDDALORE",CUDDALORE,Private-Self Financing,N,N,1-459828611,fetchdata,2021-2022,Engineering and Technology,1,1,1,1,Tamil Nadu,1
1-9318410944,SREE KRISHNA COLLEGE OF ENGINEERING,ANAICUT POST,VELLORE,Private-Self Financing,N,N,1-5177941,fetchdata,2021-2022,Engineering and Technology,1,1,1,1,Tamil Nadu,1
1-9318351563,ARIFA POLYTECHNIC COLLEGE,"ESANOOR, KEELAIYUR-PO, THIRUKKUVALAI -TK, NAGAPATTINAM -DT.",NAGAPATTINAM,Private-Self Financing,N,N,1-447787151,fetchdata,2021-2022,Engineering and Technology,1,1,1,1,Tamil Nadu,1
1-9318352152,SRI RENGA POLYTECHNIC COLLEGE,"3/169, CHENNAI BY PASS, SIRUGANUR",TIRUCHIRAPPALLI,Private-Self Financing,N,N,1-501105191,fetchdata,2021-2022,Engineering and Technology,1,1,1,1,Tamil Nadu,1
1-9318352467,VASANTHA MURUGU POLYTECHNIC COLLEGE,"NALLADAI MAIN ROAD, EACHANGUDI VILLAGE, THARANGAMBADI TK, NAGAPATTINAM DT - 609306",NAGAPATTINAM,Private-Self Financing,N,N,1-2849701121,fetchdata,2021-2022,Engineering and Technology,1,1,1,1,Tamil Nadu,1
1-9318397277,K S R POLYTECHNIC COLLEGE,K S R KALVI NAGAR THOKKAVADI,NAMAKKAL,Private-Self Financing,N,N,1-421808231,fetchdata,2021-2022,Engineering and Technology,1,1,1,1,Tamil Nadu,1
1-9318334317,EIT POLYTECHNIC COLLEGE,KAVINDAPADI,ERODE,Govt aided,N,N,1-401639081,fetchdata,2021-2022,Engineering and Technology,1,1,1,1,Tamil Nadu,1
1-9318397652,MECHANICAL TRANSPORT TRAINING INSTITUTE,"MECHANICAL TRANSPORT TRAINING INSTITUTE, AIR FORCE STATION AVADI, CHENNAI- 600 055",THIRUVALLUR,Government,N,N,1-1451375411,fetchdata,2021-2022,Engineering and Technology,1,1,1,1,Tamil Nadu,1
1-9318539542,MAHARAJA POLYTECHNIC COLLEGE,"ARALIPATTI VILAKKU,THIRUPPATHUR-DINDIGUL MAIN ROAD,",SIVAGANGA,Private-Self Financing,N,N,1-488757261,fetchdata,2021-2022,Engineering and Technology,1,1,1,1,Tamil Nadu,1
1-9318539859,KATHIR COLLEGE OF ENGINEERING,"WISDOM TREE, AVINASHI ROAD, NEELAMBUR, COIMBATORE - 641 062",COIMBATORE,Private-Self Financing,N,N,1-2389972,fetchdata,2021-2022,Engineering and Technology,1,1,1,1,Tamil Nadu,1
1-9318320489,ARASU ENGINEERING COLLEGE,"CHENNAI MAIN ROAD THIRUVISANALLUR - VILLAGE, KUMBAKONAM-612501, THIRUVIDAIMARUTHUR - TALUK",THANJAVUR,Private-Self Financing,N,N,1-3930101,fetchdata,2021-2022,Engineering and Technology,1,1,1,1,Tamil Nadu,1
1-9318540351,KARTHIKEYA POLYTECHNIC COLLEGE,"KANNUDAYANPATTY VILLAGE,MUTHAPUDAYANPATTY POST",TIRUCHIRAPPALLI,Private-Self Financing,N,N,1-460724841,fetchdata,2021-2022,Engineering and Technology,1,1,1,1,Tamil Nadu,1
1-9318306730,P.T.LEE CHENGALVARAYA NAICKER POLYTECHNIC COLLEGE,"P.T.LEE CHENGALVARAYA NAICKER POLYTECHNIC COLLEGE, 2&3,E.V.K SAMPATH SALAI, VEPERY,CHENNAI -600007",CHENNAI,Govt aided,N,N,1-425577831,fetchdata,2021-2022,Engineering and Technology,1,1,1,1,Tamil Nadu,1
1-9318383860,GANAPATHY CHETTIAR COLLEGE OF ENGINEERING AND TECHNOLOGY,MELAKAVANUR(PO) PARAMAKUDI RAMANATHAPURAM(DIST) TAMILNADU,RAMANATHAPURAM,Private-Self Financing,N,N,1-33257691,fetchdata,2021-2022,Engineering and Technology,1,1,1,1,Tamil Nadu,1
1-9318307090,RAASI POLYTECHNIC COLLEGE,"68/2, ATTUR MAIN ROAD, AAYILPATTY (POST), RASIPURAM (TK), NAMAKKAL (DT.)",NAMAKKAL,Private-Self Financing,N,N,1-426093581,fetchdata,2021-2022,Engineering and Technology,1,1,1,1,Tamil Nadu,1
1-9318307336,SRI THIAGARAJAR POLYTECHNIC COLLEGE,"LAKSHMI NAGAR, VALAPPADY (PO), VALAPPADY (TK).",SALEM,Private-Self Financing,N,N,1-439939011,fetchdata,2021-2022,Engineering and Technology,1,1,1,1,Tamil Nadu,1
1-9318322386,GOVERNMENT POLYTECHNIC COLLEGE.,"KANDACHIPURAM MAIN ROAD, ARAGANDANALLUR, TIRUKOVILUR(TALUK), VILUPPURAM.",VILUPPURAM,Government,N,N,1-465223073,fetchdata,2021-2022,Engineering and Technology,1,1,1,1,Tamil Nadu,1
1-9318528653,P.S.V.POLYTECHNIC COLLEGE,"MITTAPALLI ( VILLAGE), BALINAYANAPALLI (POST), KRISHNAGIRI (DISTRICT) PIN CODE: 635 108.",KRISHNAGIRI,Private-Self Financing,N,N,1-1349697224,fetchdata,2021-2022,Engineering and Technology,1,1,1,1,Tamil Nadu,1
1-9318528868,VAIGAI COLLEGE OF ENGINEERING,"THERKUTHERU, MELUR TALUK, MADURAI",MADURAI,Private-Self Financing,N,N,1-789295801,fetchdata,2021-2022,Engineering and Technology,1,1,1,1,Tamil Nadu,1
1-9318308816,VELAMMAL INSTITUTE OF TECHNOLOGY,CHENNAI - KOLKATTA HIGH WAY PANCHEETI VILLAGE PONNERI TALUK THIRUVALLUR DISTRICT PIN 601 204,THIRUVALLUR,Private-Self Financing,N,N,1-6111471,fetchdata,2021-2022,Engineering and Technology,1,1,1,1,Tamil Nadu,1
1-9318309094,EXCEL ENGINEERING COLLEGE,"NH 47-SALEM  MAIN ROAD SANKARI WEST POST, TIRUCHENGODE TALUK, PALLLAKAPALAYAM - 637303 NAMAKKAL DISTRICT TAMILNADU",NAMAKKAL,Private-Self Financing,N,N,1-8213921,fetchdata,2021-2022,Engineering and Technology,1,1,1,1,Tamil Nadu,1
1-9318370887,BHARATHIYAR CENTENARY MEMORIAL GOVT WOMEN'S POLYTECHNIC COLLEGE,BHARATHIAR CENTENARY MEMORIAL GOVERNMENT WOMEN'S POLYTECHNIC COLLEGE ETTAYAPURAM THOOTHUKUDI(DT) 628902,THOOTHUKUDI,Government,Y,N,1-476504581,fetchdata,2021-2022,Engineering and Technology,1,1,1,1,Tamil Nadu,1
1-9318372100,GOVERNMENT POLYTECHNIC COLLEGE,"GOVERNMENT POLYTECHNIC COLLEGE, KELAMANGALAM, BODICHIPALLI VILL, DENKANIKOTTAI TK, KRISHNAGIRI -635113",KRISHNAGIRI,Government,N,N,1-2853630161,fetchdata,2021-2022,Engineering and Technology,1,1,1,1,Tamil Nadu,1
1-9318752056,MUSIRI INSTITUTE OF TECHNOLOGY,"ANNAI NAGAR, M.PUDUPATTI(PO), THURAIYUR MAIN ROAD, MUSIRI - (TK) TRICHY - (DT)",TIRUCHIRAPPALLI,Private-Self Financing,N,N,1-445667701,fetchdata,2021-2022,Engineering and Technology,1,1,1,1,Tamil Nadu,1
1-9318777803,ARASAN GANESAN POLYTECHNIC COLLEGE,"VIRUDHUNAGAR MAIN ROAD, ANAIKUTTAM (PO)",VIRUDHUNAGAR,Govt aided,N,N,1-449922153,fetchdata,2021-2022,Engineering and Technology,1,1,1,1,Tamil Nadu,1
1-9318778082,PGP COLLEGE OF ENGINEERING AND TECHNOLOGY,"NH 7, NAMAKKAL - KARUR MAIN ROAD, PARAMATHI VELUR, NAMAKKAL.",NAMAKKAL,Private-Self Financing,N,N,1-6240341,fetchdata,2021-2022,Engineering and Technology,1,1,1,1,Tamil Nadu,1
1-9318779575,GOVERNMENT POLYTECHNIC COLLEGE,THENI MAIN ROAD CHEKKANURANI,MADURAI,Government,N,N,1-2082797321,fetchdata,2021-2022,Engineering and Technology,1,1,1,1,Tamil Nadu,1
1-9318800022,ANNAI VELANKANNI POLYTECHNIC COLLEGE,"NO.8 SALEM MAIN ROAD, ANGUCHETTYPALAYAM, SIRUVATHUR POST, PANRUTI TALUK CUDDALORE DISTRICT TAMILNADU",CUDDALORE,Private-Self Financing,N,N,1-413810171,fetchdata,2021-2022,Engineering and Technology,1,1,1,1,Tamil Nadu,1
1-9318800252,SRI ANDAL NACHIYAR POLYTECHNIC COLLEGE,"ETHILAPPANAYAKKANPATTY VILLAGE, ETTAYAPURAM TALUK, TUTICORIN DISTRICT",THOOTHUKUDI,Private-Self Financing,N,N,1-2062492931,fetchdata,2021-2022,Engineering and Technology,1,1,1,1,Tamil Nadu,1
1-9318563161,SRI VENKATESWARA COLLEGE OF ENGINEEIRNG & TECHNOLOGY,THIRUPACHUR THIRUVALLUR TALUK AND DISTRICT,THIRUVALLUR,Private-Self Financing,N,Y,1-447612612,fetchdata,2021-2022,Engineering and Technology,1,1,1,1,Tamil Nadu,1
1-9318563758,S.A.RAJAS POLYTECHNIC COLLEGE,RAJA NAGAR VADAKKANGULAM TIRUNELVELI DIST,TIRUNELVELI,Private-Self Financing,N,N,1-467250051,fetchdata,2021-2022,Engineering and Technology,1,1,1,1,Tamil Nadu,1
1-9318580131,ADIPARASAKTHI POLYTECHNIC COLLEGE,"ERUMIYAMPATTI-VILLAGE KOKKARAPATTI-PO PAPPIREDDIPATTI-TK, DHARMAPURI-DT",DHARMAPURI,Private-Self Financing,N,N,1-496776521,fetchdata,2021-2022,Engineering and Technology,1,1,1,1,Tamil Nadu,1
1-9318580435,AAA COLLEGE OF ENGINEERING AND TECHNOLOGY,AMATHUR VILLAGE,VIRUDHUNAGAR,Private-Self Financing,N,N,1-1437622971,fetchdata,2021-2022,Engineering and Technology,1,1,1,1,Tamil Nadu,1
1-9318655072,HINDUSTHAN INSTITUTE OF TECHNOLOGY,OTHAKKALMANDAPAM COIMBATORE,COIMBATORE,Private-Self Financing,N,N,1-4294141,fetchdata,2021-2022,Engineering and Technology,1,1,1,1,Tamil Nadu,1
1-9318689213,ST. JOSEPH'S COLLEGE OF ENGINEERING,JEPPIAAR NAGAR OLD MAMALLAPURAM ROAD,KANCHIPURAM,Private-Self Financing,N,Y,1-434630173,fetchdata,2021-2022,Engineering and Technology,1,1,1,1,Tamil Nadu,1
1-9318753297,BHARATHPOLYTECHNICCOLLEGE,"AGARAM THEN ROAD, PUTHUR, THIRUVANCHERY, SELAIYUR",KANCHIPURAM,Private-Self Financing,N,N,1-404392831,fetchdata,2021-2022,Engineering and Technology,1,1,1,1,Tamil Nadu,1
1-9318779771,GOVERNMENT POLYTECHNIC COLLEGE,SUBBARAYAN  MAIN ROAD NAMMALWARPET CHENNAI,CHENNAI,Government,N,N,1-501927801,fetchdata,2021-2022,Engineering and Technology,1,1,1,1,Tamil Nadu,1
1-9318800361,INDIAN INSTITUTE OF HANDLOOM TECHNOLOGY,FOULKES COMPUND  THILLAI NAGAR  SALEM,SALEM,Government,N,N,1-2501353871,fetchdata,2021-2022,Engineering and Technology,1,1,1,1,Tamil Nadu,1
1-9318564066,SRI SAI RANGANATHAN ENGINEERING COLLEGE,"VIRALIYUR (PO),THONDAMUTHUR (VIA), COIMBATORE-641 109, TAMILNADU.",COIMBATORE,Private-Self Financing,N,N,1-11104730,fetchdata,2021-2022,Engineering and Technology,1,1,1,1,Tamil Nadu,1
1-9318564588,NANJIAH LINGAMMAL POLYTECHNIC COLLEGE,"SIRUMUGAI ROAD, METTUPALAYAM",COIMBATORE,Private-Self Financing,N,N,1-440229621,fetchdata,2021-2022,Engineering and Technology,1,1,1,1,Tamil Nadu,1
1-9318565017,ACHARYA POLYTECHNIC COLLEGE,"MEIKKAL REDDIYUR, VELLARI VELLI (PO), POOLAMPATTI MAIN ROAD, EDAPPADI (TK), SALEM(DT), TAMILNADU - 637101",SALEM,Private-Self Financing,N,N,1-450459671,fetchdata,2021-2022,Engineering and Technology,1,1,1,1,Tamil Nadu,1
1-9318636013,SRI MOOGAMBIGAI POLYTECHNIC COLLEGE,"HOSUR MAIN ROAD,MADHAMPATTI, NEAR VELLICHANDHAI, DHANDUKARANAHALLI- POST",DHARMAPURI,Private-Self Financing,N,N,1-423179251,fetchdata,2021-2022,Engineering and Technology,1,1,1,1,Tamil Nadu,1
1-9318657257,PSG POLYTECHNIC COLLEGE,"AVINASHI ROAD, PEELAMEDU",COIMBATORE,Govt aided,N,N,1-424095781,fetchdata,2021-2022,Engineering and Technology,1,1,1,1,Tamil Nadu,1
1-9318657685,GANADIPATHY TULSI'S JAIN ENGINEERING COLLEGE,"CHITTOOR-CUDDALORE ROAD, KANIYAMBADI, VELLORE.",VELLORE,Private-Self Financing,N,N,1-8340341,fetchdata,2021-2022,Engineering and Technology,1,1,1,1,Tamil Nadu,1
1-9318658134,SRI RAMAKRISHNA COLLEGE OF ENGINEERING,"SRI SARADHA NAGAR, NH - 45,",PERAMBALUR,Private-Self Financing,N,N,1-452176511,fetchdata,2021-2022,Engineering and Technology,1,1,1,1,Tamil Nadu,1
1-9318675074,PARISUTHAM INSTITUTE OF TECHNOLOGY & SCIENCE,"NH 67 RING ROAD, NANJIKOTTAI,        THANJAVUR - 613006, TAMILNADU",THANJAVUR,Private-Self Financing,N,Y,1-3797271,fetchdata,2021-2022,Engineering and Technology,1,1,1,1,Tamil Nadu,1
1-9318690335,GOVERNMENT POLYTECHNIC COLLEGE,"A.KARUMANDICELLIPALAYAM,  PERUNDURAI",ERODE,Government,N,N,1-2064024291,fetchdata,2021-2022,Engineering and Technology,1,1,1,1,Tamil Nadu,1
1-9318754058,CHOLAN INSTITUTE OF TECHNOLOGY,16 SEMBARAMBAKKAM KARAI POST,KANCHIPURAM,Private-Self Financing,N,N,1-444197801,fetchdata,2021-2022,Engineering and Technology,1,1,1,1,Tamil Nadu,1
1-9318754244,G.P.POLYTECHNIC COLLEGE,"VANIYAMBADI ROAD, SALAI NAGAR TIRUPATTUR",VELLORE,Private-Self Financing,N,N,1-513982421,fetchdata,2021-2022,Engineering and Technology,1,1,1,1,Tamil Nadu,1
1-9318755982,THENI KAMMAVAR SANGAM POLYTECHNIC COLLEGE,KAMMAVAR NAGAR KODUVILARPATTI THENI,THENI,Private-Self Financing,N,N,1-425578823,fetchdata,2021-2022,Engineering and Technology,1,1,1,1,Tamil Nadu,1
1-9318780313,GOVERNMENT COLLEGE OF ENGINEERING,"MELACHOKKNATHAPURAM VILLAGE, BODINAYAKKANUR",THENI,Government,N,N,1-2181710931,fetchdata,2021-2022,Engineering and Technology,1,1,1,1,Tamil Nadu,1
1-9318566311,MARUTAM NELLI POLYTECHNIC COLLEGE,"2/1. AGRI THOTTAM, PALLAPATTY, NATHATAHALLI, DHARMAPURI-636803",DHARMAPURI,Private-Self Financing,N,N,1-478268271,fetchdata,2021-2022,Engineering and Technology,1,1,1,1,Tamil Nadu,1
1-9318619143,IMAYAM COLLEGE OF ENGINEERING,"KANNANUR, THURAIYUR(T.K), TRICHY(D.T), 621 206.",TIRUCHIRAPPALLI,Private-Self Financing,N,N,1-7270423,fetchdata,2021-2022,Engineering and Technology,1,1,1,1,Tamil Nadu,1
1-9318658384,CSIR - CENTRAL ELECTROCHEMICAL RESEARCH INSTITUTE,"CENTRAL ELECTROCHEMICAL RESEARCH INSTITUTE, KARAIKUDI",SIVAGANGA,Government,N,N,1-454237241,fetchdata,2021-2022,Engineering and Technology,1,1,1,1,Tamil Nadu,1
1-9318675479,GANDHI POLYTECHNIC COLLEGE,"GANDHI KALVI NAGAR, SATHY- COIMBATORE NH ROAD, D.NO.394, VINNAPPALLI, SATHYAMANGALAM",ERODE,Private-Self Financing,N,N,1-455201421,fetchdata,2021-2022,Engineering and Technology,1,1,1,1,Tamil Nadu,1
1-9318675735,AISHWARYA POLYTECHNIC COLLEGE,"ERRATTAIKARADU, PARUVACH(PO), BHAVANI(TK), ERODE(DT)",ERODE,Private-Self Financing,N,N,1-425541591,fetchdata,2021-2022,Engineering and Technology,1,1,1,1,Tamil Nadu,1
1-9318756451,ADITHYA INSTITUTE OF TECHNOLOGY,"SF NO. 348/1, 349/1, KURUMBAPALAYAM VILLAGE, SS KULUM POST, COIMBATORE",COIMBATORE,Private-Self Financing,N,N,1-2013051,fetchdata,2021-2022,Engineering and Technology,1,1,1,1,Tamil Nadu,1
1-9318782113,GMS-MAVMM POLYTECHNIC COLLEGE,"ALAGARKOVIL, MADURAI.",MADURAI,Private-Self Financing,N,N,1-457465291,fetchdata,2021-2022,Engineering and Technology,1,1,1,1,Tamil Nadu,1
1-9318805226,ST.MARIAM POLYTECHNIC COLLEGE,"SIVALARKULAM VILLAGE, MARANTHA POST, ALANGULAM TALUK, TIRUNELVELI DIST",TIRUNELVELI,Private-Self Financing,N,N,1-455746771,fetchdata,2021-2022,Engineering and Technology,1,1,1,1,Tamil Nadu,1
1-9318637624,SUN COLLEGE OF ENGINEERING AND TECHNOLOGY,"UDAYA NAGAR, AMMANDIVILAI & POST",KANYAKUMARI,Private-Self Financing,N,N,1-427026111,fetchdata,2021-2022,Engineering and Technology,1,1,1,1,Tamil Nadu,1
1-9318737029,R.M.D. ENGINEERING COLLEGE,"R.S.M. NAGAR,  GUMMIDIPOONDI TALUK",THIRUVALLUR,Private-Self Financing,N,Y,1-3136641,fetchdata,2021-2022,Engineering and Technology,1,1,1,1,Tamil Nadu,1
1-9318757013,VETRI VINAYAHA POLYTECHNIC COLLEGE,NAMAKKAL - TRICHY MAIN ROAD THOLURPATTI THOTTIAM,TIRUCHIRAPPALLI,Private-Self Financing,N,N,1-476149491,fetchdata,2021-2022,Engineering and Technology,1,1,1,1,Tamil Nadu,1
1-9318757251,EASWAR POLYTECHNIC COLLEGE,"RETTAKURURICHI(POST), TITTAGUDI(TALUK)CUDDALORE(DISTRICT)",CUDDALORE,Private-Self Financing,N,N,1-2068747811,fetchdata,2021-2022,Engineering and Technology,1,1,1,1,Tamil Nadu,1
1-9318782767,KURINJI COLLEGE OF ENGINEERING AND TECHNOLOGY,VENGAIKURICHI VILLAGE MALAIYADIPATTI POST MANAPPARAI  TIRUCHIRAPPALLI - 621307,TIRUCHIRAPPALLI,Private-Self Financing,N,N,1-3282934,fetchdata,2021-2022,Engineering and Technology,1,1,1,1,Tamil Nadu,1
1-9318805471,A.R.ENGINEERING COLLEGE,"VADAKUCHIPALAYAM,  KAPPIYAMPULIYUR POST, VILLUPURAM-605 601, TAMIL NADU, INDIA.",VILUPPURAM,Private-Self Financing,N,N,1-4168991,fetchdata,2021-2022,Engineering and Technology,1,1,1,1,Tamil Nadu,1
1-9318805692,GOVERNMENT POLYTECHNIC COLLEGE,CHENNAI ROAD,KRISHNAGIRI,Government,N,N,1-475703651,fetchdata,2021-2022,Engineering and Technology,1,1,1,1,Tamil Nadu,1
1-9318567441,T.J.S.POLYTECHNIC COLLEGE,"T.J.S.NAGAR, PERUVOYAL",THIRUVALLUR,Private-Self Financing,N,N,1-452881331,fetchdata,2021-2022,Engineering and Technology,1,1,1,1,Tamil Nadu,1
1-9318620117,VIVEKANANDA POLYTECHNIC COLLEGE,"NEYVELI MAIN ROAD, SEPLANATHAM & PO, NEYVELI, KURINJIPADI TALUK.",CUDDALORE,Private-Self Financing,N,N,1-451963041,fetchdata,2021-2022,Engineering and Technology,1,1,1,1,Tamil Nadu,1
1-9318621306,PGP POLYTECHNIC COLLEGE,"PGP COLLEGE CAMPUS, NH-7, KARUR MAIN ROAD, VILLIPALAYAM",NAMAKKAL,Private-Self Financing,N,N,1-478375891,fetchdata,2021-2022,Engineering and Technology,1,1,1,1,Tamil Nadu,1
1-9318621620,MEENAAKSHI RAMASAMY POLYTECHNIC COLLEGE,"M.R KALVI NAGAR,TRICHY MAIN ROAD,THATHANUR(PO),UDAYARPALAYAM(TK),ARIYALUR(DT)621804",ARIYALUR,Private-Self Financing,N,N,1-439833891,fetchdata,2021-2022,Engineering and Technology,1,1,1,1,Tamil Nadu,1
1-9318637953,SRI VENKATESWARA COLLEGE OF ENGINEERING,"POST BAG NO 3, PENNALUR, SRIPERUMBUDUR, TAMIL NADU PIN - 602 105",KANCHIPURAM,Private-Self Financing,N,Y,1-2492131,fetchdata,2021-2022,Engineering and Technology,1,1,1,1,Tamil Nadu,1
1-9318641645,KPR INSTITUTE OF ENGINEERING AND TECHNOLOGY,"SF: 204/2 & 204/4, KOLLUPALAYAM VILLAGE, ARASUR PANCHAYAT, COIMBATORE - 641 407",COIMBATORE,Private-Self Financing,N,N,1-2828971,fetchdata,2021-2022,Engineering and Technology,1,1,1,1,Tamil Nadu,1
1-9318659503,SAPTHAGIRI  COLLEGE OF ENGINEERING,"N H - 7  KRISHNAGIRI MAIN ROAD, PALACODE  TALUK PERIYANAHALLI  VILLAGE & POST DHARMAPURI DISTRICT PIN CODE :  635 205 TAMIL NADU INDIA",DHARMAPURI,Private-Self Financing,N,N,1-492879031,fetchdata,2021-2022,Engineering and Technology,1,1,1,1,Tamil Nadu,1
1-9318676587,"MASS POLYTECHNIC COLLEGE, KUMBAKONAM","CHENNAI SALAI, KALLAPULIYUR VILLAGE, KUMBAKONAM",THANJAVUR,Private-Self Financing,N,N,1-451567391,fetchdata,2021-2022,Engineering and Technology,1,1,1,1,Tamil Nadu,1
1-9318757494,SRI RANGAPOOPATHI COLLEGE OF ENGINEERING,"ALAMPOONDI VILLAGE & POST, GINGEE TALUK, VILLUPURAM DISTRICT",VILUPPURAM,Private-Self Financing,N,N,1-8270741,fetchdata,2021-2022,Engineering and Technology,1,1,1,1,Tamil Nadu,1
1-9318758784,N.A.MANJAMMAL POLYTECHNIC COLLEGE,M.P.K POST (VIA) RAJAPALAYAM,VIRUDHUNAGAR,Private-Self Financing,N,N,1-490560413,fetchdata,2021-2022,Engineering and Technology,1,1,1,1,Tamil Nadu,1
1-9318759031,MURUGA POLYTECHNIC COLLEGE,MELUR POST,VILUPPURAM,Private-Self Financing,N,N,1-433761563,fetchdata,2021-2022,Engineering and Technology,1,1,1,1,Tamil Nadu,1
1-9318784601,DON BOSCO POLYTECHNIC  COLLEGE,"106 D'CASTOR ROAD,  BASIN BRIDGE",CHENNAI,Private-Self Financing,N,Y,1-1349328411,fetchdata,2021-2022,Engineering and Technology,1,1,1,1,Tamil Nadu,1
1-9318567880,"GOVERNMENT COLLEGE OF ENGINEERING, TIRUNELVELI","THE PRINCIPAL, GOVERNMENT COLLEGE OF ENGINEERING, TIRUNELVELI",TIRUNELVELI,Government,N,N,1-423131932,fetchdata,2021-2022,Engineering and Technology,1,1,1,1,Tamil Nadu,1
1-9318605519,ARULMIGU KALASALINGAM POLYTECHNIC COLLEGE,"ANAND NAGAR, KRISHNANKOIL",VIRUDHUNAGAR,Private-Self Financing,N,N,1-494355911,fetchdata,2021-2022,Engineering and Technology,1,1,1,1,Tamil Nadu,1
1-9318622098,KUMARAN POLYTECHNIC COLLEGE,"KANIAMBAKKAM VILLAGE,DEVATHANAM POST,PONNERI TALUK",THIRUVALLUR,Private-Self Financing,N,N,1-776709841,fetchdata,2021-2022,Engineering and Technology,1,1,1,1,Tamil Nadu,1
1-9318642752,KALAIVANAR NSK POLYTECHNIC COLLEGE,VOC NAGAR CHENBAGARAMANPUTHOOR,KANYAKUMARI,Private-Self Financing,N,N,1-412675211,fetchdata,2021-2022,Engineering and Technology,1,1,1,1,Tamil Nadu,1
1-9318661386,"GOVERNMENT POLYTECHNIC COLLEGE, JOLARPET",AGRAHARAM VILLAGE JOLARPET 635651,VELLORE,Government,N,N,1-2067780361,fetchdata,2021-2022,Engineering and Technology,1,1,1,1,Tamil Nadu,1
1-9318740170,"GOVERNMENT COLLEGE OF ENGINEERING, SRIRANGAM","SETHURAPPATTI VLLAGE, SRIRANGAM TALUK TIRUCHIRAPPALLI",TIRUCHIRAPPALLI,Government,N,N,1-2479273831,fetchdata,2021-2022,Engineering and Technology,1,1,1,1,Tamil Nadu,1
1-9318760365,KMV POLYTECHNIC COLLEGE,"NH-7,BANGALORE MAIN ROAD MELUMALAI VILLAGE HOSUR TALUK KRISHNAGIRI DISTRICT, 635115",KRISHNAGIRI,Private-Self Financing,N,N,1-434044821,fetchdata,2021-2022,Engineering and Technology,1,1,1,1,Tamil Nadu,1
1-9318784773,ERODE KONGU COLLEGE OF POLYTECHNIC,VELEVA GARDEN CHENNIMALAI ROAD GNANIPALAYAM (POST),ERODE,Private-Self Financing,N,N,1-445516531,fetchdata,2021-2022,Engineering and Technology,1,1,1,1,Tamil Nadu,1
1-9318785025,INSTITUTE OF PRINTING TECHNOLOGY,CIT CAMPUS THARAMANI CHENNAI,CHENNAI,Government,N,N,1-500984231,fetchdata,2021-2022,Engineering and Technology,1,1,1,1,Tamil Nadu,1
1-9318550217,RAJAJI INSTITUTE OF TECHNOLOGY,"PERIA SEERAGAPADI (B.O), VEERAPANDI (VIA), SALEM",SALEM,Private-Self Financing,N,N,1-479388911,fetchdata,2021-2022,Engineering and Technology,1,1,1,1,Tamil Nadu,1
1-9318606958,MAHATH AMMA POLYTECHNIC COLLEGE,"ANNAVASAL ROAD,ARIYUR,PUDUKKOTTAI",PUDUKKOTTAI,Private-Self Financing,N,N,1-513913311,fetchdata,2021-2022,Engineering and Technology,1,1,1,1,Tamil Nadu,1
1-9318622497,AMRITA POLYTECHNIC COLLEGE,SUN NAGAR ERACHAKULAM,KANYAKUMARI,Private-Self Financing,N,N,1-444205261,fetchdata,2021-2022,Engineering and Technology,1,1,1,1,Tamil Nadu,1
1-9318643063,THEVANESAM  ERUDHAYA AMMAL POLYTECHNIC COLLEGE,"SF NO 153,154,155 , VEMBER              THOOTHUKUDI DISTRICT,  TAMIL NADU-628906",THOOTHUKUDI,Private-Self Financing,N,N,1-458286343,fetchdata,2021-2022,Engineering and Technology,1,1,1,1,Tamil Nadu,1
1-9318662264,INSTITUTE OF TEXTILE TECHNOLOGY,"C.I.T CAMPUS, THARAMANI",CHENNAI,Government,N,N,1-500053382,fetchdata,2021-2022,Engineering and Technology,1,1,1,1,Tamil Nadu,1
1-9318719913,A.V.C.COLLEGE OF ENGINEERING,MAYILADUTHURAI MANNAMPANDAL,NAGAPATTINAM,Private-Self Financing,N,N,1-3285877,fetchdata,2021-2022,Engineering and Technology,1,1,1,1,Tamil Nadu,1
1-9318741929,M.A.R POLYTECHNIC COLLEGE,"TIRUCHIRAPPALLI - VIRALIMALAI MAIN ROAD BOOTHAKUDI, RASANAIKENPATTY POST ILLUPPUR TALUK PUDUKKOTTAI DISTRICT PINCODE - 621 316",PUDUKKOTTAI,Private-Self Financing,N,N,1-438808021,fetchdata,2021-2022,Engineering and Technology,1,1,1,1,Tamil Nadu,1
1-9318761828,CHERAN COLLEGE OF ENGINEERING,"CHERAN NAGAR, KARUR-COIMBATORE NH 67, ARAVAKURICHI TALUK, K. PARAMATHI VILLAGE, KARUR DISTRICT - 639111",KARUR,Private-Self Financing,N,N,1-769736991,fetchdata,2021-2022,Engineering and Technology,1,1,1,1,Tamil Nadu,1
1-9318587416,MURUGAPPA POLYTECHNIC COLLEGE,SATHYAMURTHY NAGAR AVADI CHENNAI-600 062,THIRUVALLUR,Govt aided,N,N,1-420973431,fetchdata,2021-2022,Engineering and Technology,1,1,1,1,Tamil Nadu,1
1-9318587875,SRI RAMAKRISHNA POLYTECHNIC COLLEGE,KOOTHAMBAKKAM VILLAGE BANAVARAM POST  ARAKKONAM TK  VELLORE DISTRICT TAMILNADU 632 505,VELLORE,Private-Self Financing,N,N,1-462120351,fetchdata,2021-2022,Engineering and Technology,1,1,1,1,Tamil Nadu,1
1-9318607568,AYYANADAR JANAKIAMMAL POLYTECHNIC COLLEGE,CHINNAKKAMANPATTI,VIRUDHUNAGAR,Govt aided,N,N,1-445619201,fetchdata,2021-2022,Engineering and Technology,1,1,1,1,Tamil Nadu,1
1-9318623634,SELVAM COLLEGE OF TECHNOLOGY,"SELVAM COLLEGE OF TECHNOLOGY, PONNUSAMY NAGAR, PAPPINAICKENPATTI, SALEM ROAD - NH-7, NAMAKKAL",NAMAKKAL,Private-Self Financing,N,N,1-4579266,fetchdata,2021-2022,Engineering and Technology,1,1,1,1,Tamil Nadu,1
1-9318643731,J.K.K.NATRAJA COLLEGE OF ENGINEERING & TECHNOLOGY,"NATARAJAPURAM, NH-47 (SALEM TO COIMBATORE), KOMARAPALAYAM - 638 183. NAMAKKAL DT. TAMIL NADU.",NAMAKKAL,Private-Self Financing,N,N,1-8323181,fetchdata,2021-2022,Engineering and Technology,1,1,1,1,Tamil Nadu,1
1-9318644276,SRI NANDHANAM COLLEGE OF ENGINEERING & TECHNOLOGY,MOLAGARAMPATTI TIRUPATTUR,VELLORE,Private-Self Financing,N,Y,1-4330451,fetchdata,2021-2022,Engineering and Technology,1,1,1,1,Tamil Nadu,1
1-9318663360,KRISHNASAMY MEMORIAL POLYTECHNIC COLLEGE,"NELLIKUPPAM HIGH ROAD, S.KUMARAPURAM, CUDDALORE  607 109",CUDDALORE,Private-Self Financing,N,Y,1-430154931,fetchdata,2021-2022,Engineering and Technology,1,1,1,1,Tamil Nadu,1
1-9318720788,AISHWARYA COLLEGE OF ENGINEERING AND TECHNOLOGY,"ERRATTAIKARAD, PARUVACHI(PO), ANTHIYUR BHAVANI(TK), ERODE(DT)",ERODE,Private-Self Financing,N,N,1-425538501,fetchdata,2021-2022,Engineering and Technology,1,1,1,1,Tamil Nadu,1
1-9318721052,"GOVERNMENT POLYTECHNIC COLLEGE, AUNDIPATTI - 625517.","TEKKAMPATTI, AUNDIPATTI - 625517",THENI,Government,N,N,1-2066317801,fetchdata,2021-2022,Engineering and Technology,1,1,1,1,Tamil Nadu,1
1-9318742210,SRI VENKATESWARA INSTITUTE OF SCIENCE & TECHNOLOGY,"KOLUNDHALUR, THIRUVALLUR TALUK & DISTRICT,               TAMIL NADU STATE",THIRUVALLUR,Private-Self Financing,N,Y,1-4838164,fetchdata,2021-2022,Engineering and Technology,1,1,1,1,Tamil Nadu,1
1-9318742671,C..M.ANNAMALAI POLYTECHNIC COLLEGE,"THIRUTHANI HIGH ROAD, VELLATHUR VILLAGE, ADHIVARAGAPURAM  POST, PALLIPET TALUK, THIRUVALLUR DISTRICT",THIRUVALLUR,Private-Self Financing,N,N,1-413854711,fetchdata,2021-2022,Engineering and Technology,1,1,1,1,Tamil Nadu,1
1-9318742834,DHIVYA POLYTECHNIC COLLEGE,"GINGEE ROAD, CHETPET,  POLUR TALUK",TIRUVANNAMALAI,Private-Self Financing,N,N,1-440210971,fetchdata,2021-2022,Engineering and Technology,1,1,1,1,Tamil Nadu,1
1-9318588337,ARIFA INSTITUTE OF TECHNOLOGY,"ESANOOR, KEELAIYUR-PO THIRUKKUVALAI -TK NAGAPATTINAM -DT",NAGAPATTINAM,Private-Self Financing,N,N,1-1490035851,fetchdata,2021-2022,Engineering and Technology,1,1,1,1,Tamil Nadu,1
1-9318589565,INSTITUTE OF TOOL ENGINEERING,"S.R.MILLS ROAD, NEAR SIDCO INDUSTRIAL ESTATE,",DINDIGUL,Government,N,N,1-512465051,fetchdata,2021-2022,Engineering and Technology,1,1,1,1,Tamil Nadu,1
1-9318624932,ARAVINDHAR POLYTECHNIC COLLEGE,POLUR TO CHENGAM ROAD KANGAINUR POST & VILLAGE,TIRUVANNAMALAI,Private-Self Financing,N,N,1-404271913,fetchdata,2021-2022,Engineering and Technology,1,1,1,1,Tamil Nadu,1
1-9318721231,ANNAI VAILANKANNI COLLEGE OF ENGINEERING,"AVK NAGAR, POTHAIYADISALAI POTTALKULAM AZHAGAPPAPURAM.P.O KANYA KUMARI DISTRICT - 629401. TAMIL NADU",KANYAKUMARI,Private-Self Financing,N,Y,1-6150161,fetchdata,2021-2022,Engineering and Technology,1,1,1,1,Tamil Nadu,1
1-9318721763,KOTTAI MARIYAMMAN POLYTECHNIC COLLEGE,"MINNAMPALLI(PO), KARIPATTI(VIA), SALEM",SALEM,Private-Self Financing,N,N,1-457708191,fetchdata,2021-2022,Engineering and Technology,1,1,1,1,Tamil Nadu,1
1-9318589656,NPA CENTENARY POLYTECHNIC COLLEGE,SAKTHI MALAI ROAD,NILGIRIS,Govt aided,N,N,1-413241061,fetchdata,2021-2022,Engineering and Technology,1,1,1,1,Tamil Nadu,1
1-9318590059,NETHAJI SUBASH CHANDRA BOSE POLYTECHNIC COLLEGE,"NSC BOSE COLLEGE CAMPUS,SENTHAMANGALAM,TIRUVARUR - 610001",THIRUVARUR,Private-Self Financing,N,N,1-454565561,fetchdata,2021-2022,Engineering and Technology,1,1,1,1,Tamil Nadu,1
1-9318609804,NACHIMUTHU POLYTECHNIC COLLEGE,UDUMALAI ROAD MAKKINAICKENPATTI POST,COIMBATORE,Govt aided,N,N,1-407397711,fetchdata,2021-2022,Engineering and Technology,1,1,1,1,Tamil Nadu,1
1-9318626327,ANNAI COLLEGE OF ENGINEERING & TECHNOLOGY,"ANAKUDI ROAD, KOVILACHERI, KUMBAKONAM, THANJAVUR - DISTRICT, TAMIL NADU",THANJAVUR,Private-Self Financing,N,Y,1-11237794,fetchdata,2021-2022,Engineering and Technology,1,1,1,1,Tamil Nadu,1
1-9318645278,UNION CHRISTIAN POLYTECHNIC COLLEGE,"KUTTAICODE, MELPALAI.P.O",KANYAKUMARI,Private-Self Financing,N,N,1-456662651,fetchdata,2021-2022,Engineering and Technology,1,1,1,1,Tamil Nadu,1
1-9318645699,NARAYANAGURU COLLEGE OF ENGINEERING,"CHITTADAVU, MANJALUMOODU VILAVANCODE TALUK, KANYAKUMARI DIST, PIN - 629151",KANYAKUMARI,Private-Self Financing,N,Y,1-6067221,fetchdata,2021-2022,Engineering and Technology,1,1,1,1,Tamil Nadu,1
1-9318701494,SRI VENKATESWARA POLYTECHNIC COLLEGE,"NEXT TO GOVT.MEDICAL COLLEGE & HOSPITAL. ADUKKAMPARAI, VELLORE -632011",VELLORE,Private-Self Financing,N,N,1-464388321,fetchdata,2021-2022,Engineering and Technology,1,1,1,1,Tamil Nadu,1
1-9318702732,PSN POLYTECHNIC COLLEGE,"MELATHEDIYOOR, PALAYAMKOTAI TK, TIRUNELVELI DT, PINCODE - 627152",TIRUNELVELI,Private-Self Financing,N,N,1-498030456,fetchdata,2021-2022,Engineering and Technology,1,1,1,1,Tamil Nadu,1
1-9318575440,M.S.POLYTECHNIC COLLEGE,"KURUNTHIRAKOTTAI ROAD, RAJENDRAPURAM VILLAGE, ARANTHANGI TALUK, PUDUKOTTAI DISTRICT -614 624",PUDUKKOTTAI,Private-Self Financing,N,N,1-2082325841,fetchdata,2021-2022,Engineering and Technology,1,1,1,1,Tamil Nadu,1
1-9318590233,CENTRAL POLYTECHNIC COLLEGE,"CIT CAMPUS,  THARAMANI",CHENNAI,Government,N,N,1-453814511,fetchdata,2021-2022,Engineering and Technology,1,1,1,1,Tamil Nadu,1
1-9318591025,PANIMALAR ENGINEERING COLLEGE,"BANGALORE TRUNK ROAD, NAZARATHPET, VARADHARAJAPURAM, POONAMALLEE, THIRUVALLUR(DT)",THIRUVALLUR,Private-Self Financing,N,Y,1-4022409,fetchdata,2021-2022,Engineering and Technology,1,1,1,1,Tamil Nadu,1
1-9318628188,SENGUNTHAR ENGINEERING COLLEGE,KOSAVAMPALAYAM KUMARAMANGALAM (PO) NAMAKKAL(DIST) 637 205,NAMAKKAL,Private-Self Financing,N,N,1-6816681,fetchdata,2021-2022,Engineering and Technology,1,1,1,1,Tamil Nadu,1
1-9318649327,NYRUTHI POLYTECHNIC COLLEGE,"NH - 209, SATHY MAIN ROAD, KARIYAMPALAYAM POST, COIMBATORE - 641 653. TMAIL NADU INDIA",COIMBATORE,Private-Self Financing,N,N,1-7095791,fetchdata,2021-2022,Engineering and Technology,1,1,1,1,Tamil Nadu,1
1-9318704631,BHARATH NIKETAN POLYTECHNIC COLLEGE,"SRI GOWRI NAGAR,",THENI,Private-Self Financing,N,N,1-424764191,fetchdata,2021-2022,Engineering and Technology,1,1,1,1,Tamil Nadu,1
1-9318725235,INSTITUTE OF ROAD TRANSPORT POLYTECHNIC COLLEGE(BARGUR),"CHENNAI-BENGALURU NATIONAL HIGHWAYS, ORAPPAM POST, ELATHAGIRI (VIA), KRISHNAGIRI TK.",KRISHNAGIRI,Private-Self Financing,N,N,1-487083191,fetchdata,2021-2022,Engineering and Technology,1,1,1,1,Tamil Nadu,1
1-9318575586,MUTHAYAMMAL POLYTECHNIC INSTITUTION,"ATTUR MAIN ROAD, KAKKAVERI (PO) RASIPURAM TK, NAMAKKAL DT.TAMILNADU",NAMAKKAL,Private-Self Financing,N,N,1-467566801,fetchdata,2021-2022,Engineering and Technology,1,1,1,1,Tamil Nadu,1
1-9318575882,"GOVERNMENT POLYTECHNIC COLLEGE, ARIYALUR",KEEZHAPAZHUVUR VILLAGE,ARIYALUR,Government,N,N,1-2063780141,fetchdata,2021-2022,Engineering and Technology,1,1,1,1,Tamil Nadu,1
1-9318576011,ROHINI COLLEGE OF ENGINEERING AND TECHNOLOGY,PALKUMLAM KANYAKUMARI DISTRICT,KANYAKUMARI,Private-Self Financing,N,N,1-523681721,fetchdata,2021-2022,Engineering and Technology,1,1,1,1,Tamil Nadu,1
1-9318591854,KUMARAN POYTECHNIC COLLEGE,VELU NAGAR MATHUR TIRUVANNAMALAI,TIRUVANNAMALAI,Private-Self Financing,N,N,1-499988491,fetchdata,2021-2022,Engineering and Technology,1,1,1,1,Tamil Nadu,1
1-9318610995,DON BOSCO POLYTECHNIC COLLEGE,"ECR MAIN ROAD, KAZHIAPPANALLUR POST,  THARANGAMBADI TK, NAGAPATTINAM DT",NAGAPATTINAM,Private-Self Financing,N,N,1-458276801,fetchdata,2021-2022,Engineering and Technology,1,1,1,1,Tamil Nadu,1
1-9318611443,MARIA POLYTECHNIC COLLEGE,"CHANIVILAI KUMARANKUDI, CHENKODI P.O",KANYAKUMARI,Private-Self Financing,N,N,1-447979811,fetchdata,2021-2022,Engineering and Technology,1,1,1,1,Tamil Nadu,1
1-9318705512,BHARATHIDASAN ENGINEERING COLLEGE,K BANDARAPALLI POST NATTRAMPALLI VELLORE DIST - 635 854,VELLORE,Private-Self Financing,N,N,1-4439477,fetchdata,2021-2022,Engineering and Technology,1,1,1,1,Tamil Nadu,1
1-9318725398,M.I.E.T. ENGINEERING COLLEGE,TRICHY - PUDUKKOTTAI  ROAD GUNDUR TIRUCHIRAPPALLI - 620 007,TIRUCHIRAPPALLI,Private-Self Financing,N,Y,1-7532291,fetchdata,2021-2022,Engineering and Technology,1,1,1,1,Tamil Nadu,1
1-9318793276,JAYA POLYTECHNIC COLLEGE,"PRAKASH NAGAR, THIRUNINRAVUR",THIRUVALLUR,Private-Self Financing,N,Y,1-440336561,fetchdata,2021-2022,Engineering and Technology,1,1,1,1,Tamil Nadu,1
1-9318595251,AALIM MUHAMMED SALEGH POLYTECHNIC COLLEGE,NIZARA EDUCATIONAL CAMPUS MUTHAPUDUPET AVADI IAF,THIRUVALLUR,Private-Self Financing,N,N,1-426071661,fetchdata,2021-2022,Engineering and Technology,1,1,1,1,Tamil Nadu,1
1-9318595527,THIRUMATHI ELIZABETH POLYTECHNIC COLLEGE,SELCRIM LAND ANNAMANGALAM- 621102. VEPPANTHATTAI-TK PERAMBALUR-DIST.,PERAMBALUR,Private-Self Financing,N,N,1-499944794,fetchdata,2021-2022,Engineering and Technology,1,1,1,1,Tamil Nadu,1
1-9318611809,GOVERNMENT COLLEGE OF ENGINEERING,"GANDARVAKOTTAI ROAD, SENGIPATTI, THANJAVUR",THANJAVUR,Government,N,N,1-2486967171,fetchdata,2021-2022,Engineering and Technology,1,1,1,1,Tamil Nadu,1
1-9318686998,V.P.MUTHAIAH PILLAI MEENAKSHI AMMAL ENGINEERING COLLEGE FOR WOMEN,"V.P.M NAGAR, KRISHNANKOVIL",VIRUDHUNAGAR,Private-Self Financing,Y,N,1-8897103,fetchdata,2021-2022,Engineering and Technology,1,1,1,1,Tamil Nadu,1
1-9318706446,SRI BHARATHI VELU POLYTECHNIC COLLEGE,"JAMBUKULAM ROAD, MELVENKATAPURAM, KATRAMPAKAM POST",VELLORE,Private-Self Financing,N,N,1-431009331,fetchdata,2021-2022,Engineering and Technology,1,1,1,1,Tamil Nadu,1
1-9318726212,ARULMURUGAN COLLEGE OF ENGINEERING,KARVAZHI ROAD THENNILAI ARAVAKURICHY TALUK KARUR-639206,KARUR,Private-Self Financing,N,N,1-711818921,fetchdata,2021-2022,Engineering and Technology,1,1,1,1,Tamil Nadu,1
1-9318726595,SREE KRISHNA POLYTECHNIC COLLEGE,"DWARAKA,  KALLIANACAUD NAGERCOIL",KANYAKUMARI,Private-Self Financing,N,N,1-409749991,fetchdata,2021-2022,Engineering and Technology,1,1,1,1,Tamil Nadu,1
1-9318793576,SNS COLLEGE OF ENGINEERING,"SATHY MAIN ROAD  KURUMBAPALAYAM (PO), COIMBATORE - 641 107",COIMBATORE,Private-Self Financing,N,N,1-13177981,fetchdata,2021-2022,Engineering and Technology,1,1,1,1,Tamil Nadu,1
1-9318796270,GANESH COLLEGE OF ENGINEERING,"ATTUR MAIN ROAD, METTUPATTI, SALEM",SALEM,Private-Self Financing,N,N,1-408958931,fetchdata,2021-2022,Engineering and Technology,1,1,1,1,Tamil Nadu,1
1-9318796544,DMI ENGINEERING COLLEGE,"KUMARAPURAM ROAD, ARALVAIMOZHI, KANYAKUMARI DIST-629301",KANYAKUMARI,Private-Self Financing,N,Y,1-4225700,fetchdata,2021-2022,Engineering and Technology,1,1,1,1,Tamil Nadu,1
1-9318561284,PASTOR LENSSEN POLYTECHNIC COLLEGE,LENSSEN NAGAR KUTHENKULY,TIRUNELVELI,Private-Self Financing,N,N,1-451473341,fetchdata,2021-2022,Engineering and Technology,1,1,1,1,Tamil Nadu,1
1-9318577354,ADHIPARASAKTHI POLYTECHNIC COLLEGE,"ADHIPARASAKTHI POLYTECHNIC COLLEGE, MELMARUVATHUR & POST, CHEYYUR TALUK",KANCHIPURAM,Private-Self Financing,N,N,1-412359851,fetchdata,2021-2022,Engineering and Technology,1,1,1,1,Tamil Nadu,1
1-9318595922,VOICE OF GOD POLYTECHNIC COLLEGE,DEVARAYAPURAM POST,NAMAKKAL,Private-Self Financing,N,N,1-440311961,fetchdata,2021-2022,Engineering and Technology,1,1,1,1,Tamil Nadu,1
1-9318596180,SRI PADMAM POLYTECHNIC COLLEGE,"441,PACHAL VILLAGE TIRUPATTUR VELLORE (DT)",VELLORE,Private-Self Financing,N,N,1-460860281,fetchdata,2021-2022,Engineering and Technology,1,1,1,1,Tamil Nadu,1
1-9318596333,KONGHU VELALAR POLYTECHNIC COLLEGE,"PERUMAPALAYAM, SULLIPALAYAM(POST), THUDUPPATHI (VIA)  PERUNDURAI",ERODE,Private-Self Financing,N,N,1-424547721,fetchdata,2021-2022,Engineering and Technology,1,1,1,1,Tamil Nadu,1
1-9318612646,THIRUVALLUVAR COLLEGE OF ENGINEERING  AND TECHNOLOGY,"ARUNACHAL CITY, PONNUR HILLS, VANDAVASI - 604 505 THIRUVANNAMALAI DISTRICT TAMILNADU",TIRUVANNAMALAI,Private-Self Financing,N,N,1-4790481,fetchdata,2021-2022,Engineering and Technology,1,1,1,1,Tamil Nadu,1
1-9318613155,JAYARAJ ANNAPACKIAM CSI COLLEGE OF ENGTINEERING,"MARGOSCHIS NAGAR, NAZARETH THOOTHUKUDI DISTRICT TAMILNADU",THOOTHUKUDI,Private-Self Financing,N,N,1-421788122,fetchdata,2021-2022,Engineering and Technology,1,1,1,1,Tamil Nadu,1
1-9318687224,SHAKTHI INSTITUTE OF FASHION TECHNOLOGY,"S.F.NO.250-251, A.PERIYAPALAYAM, TIRUPUR.641607. TAMILNADU.",TIRUPPUR,Private-Self Financing,N,N,1-407308481,fetchdata,2021-2022,Engineering and Technology,1,1,1,1,Tamil Nadu,1
1-9318707983,T.S.SRINIVASAN CENTRE FOR POLYTECHNIC COLLEGE  AND ADVANCED TRAINING,"NO.1, TVS SCHOOL ROAD VANAGARAM",THIRUVALLUR,Private-Self Financing,N,N,1-463882101,fetchdata,2021-2022,Engineering and Technology,1,1,1,1,Tamil Nadu,1
1-9318772842,UDAYA SCHOOL OF ENGINEERING,"UDAYA NAGAR VELLAMADI JUNCTION, AMMANDIVILAI POST, KANYAKUMARI DISTRICT, TAMIL NADU, INDIA.",KANYAKUMARI,Private-Self Financing,N,N,1-6104394,fetchdata,2021-2022,Engineering and Technology,1,1,1,1,Tamil Nadu,1
1-9318796821,MAR EPHRAEM COLLEGE OF ENGINEERING AND TECHNOLOGY,"MALANKARA HILLS, ELAVUVILLAI, KANYAKUMARI",KANYAKUMARI,Private-Self Financing,N,Y,1-6547531,fetchdata,2021-2022,Engineering and Technology,1,1,1,1,Tamil Nadu,1
1-9318561481,KONGU HI-TEK POLYTECHNIC COLLEGE,"S.F.NO.94/2 PUNGAMPADI WEST VILLAGE, KANAKUVELANPATTY POST, ARAVAKURICHI TALUK, KARUR DISTRICT, PIN 639 201",KARUR,Private-Self Financing,N,N,1-743613981,fetchdata,2021-2022,Engineering and Technology,1,1,1,1,Tamil Nadu,1
1-9318561774,LAKSHMI AMMAL POLYTECHNIC COLLEGE,"K.R NAGAR, KOVILPATTI",THOOTHUKUDI,Private-Self Financing,N,N,1-418164793,fetchdata,2021-2022,Engineering and Technology,1,1,1,1,Tamil Nadu,1
1-9318562127,K.M.G POLYTECHNIC COLLEGE,"VALPARAI MAIN ROAD,ANGALAKURICHI,",COIMBATORE,Private-Self Financing,N,N,1-519164011,fetchdata,2021-2022,Engineering and Technology,1,1,1,1,Tamil Nadu,1
1-9318577938,K RAMAKRISHNAN COLLEGE OF TECHNOLOGY,"KARIYAMANICKAM ROAD, MANNACHANALLUR TALUK",TIRUCHIRAPPALLI,Private-Self Financing,N,N,1-1209121,fetchdata,2021-2022,Engineering and Technology,1,1,1,1,Tamil Nadu,1
1-9318596911,KONGU POLYTECHNIC COLLEGE,"KEC CAMPUS, THOPPUPALAYAM, PERUNDURAI R.S.ROAD, PERUNDURAI",ERODE,Private-Self Financing,N,N,1-427049031,fetchdata,2021-2022,Engineering and Technology,1,1,1,1,Tamil Nadu,1
1-9318597552,SALEM KONGU POLYTECHNIC COLLEGE,"6/34, THIRUCHENGODU MAIN ROAD, ARIYANOOR, VEERAPANDI (PO), SALEM (DT)",SALEM,Private-Self Financing,N,N,1-435613801,fetchdata,2021-2022,Engineering and Technology,1,1,1,1,Tamil Nadu,1
1-9318671909,ARJUN COLLEGE OF TECHNOLOGY,"310/1B, CHETTIYAKKAPALAYAM, KINATHUKADAVU, COIMBATORE",COIMBATORE,Private-Self Financing,N,N,1-1522183741,fetchdata,2021-2022,Engineering and Technology,1,1,1,1,Tamil Nadu,1
1-9318687839,S.M. ARUMUGAM POLYTECHNIC COLLEGE,"ADHIYAMAAN BYE PASS ROAD, A.REDDIHALLI, DHARMAPURI",DHARMAPURI,Private-Self Financing,N,N,1-480387011,fetchdata,2021-2022,Engineering and Technology,1,1,1,1,Tamil Nadu,1
1-9318688013,U.S.P.POLYTECHNIC COLLEGE,"USP NAGAR, KODIKURICHI, TENKASI.",TIRUNELVELI,Private-Self Financing,N,N,1-445022371,fetchdata,2021-2022,Engineering and Technology,1,1,1,1,Tamil Nadu,1
1-9318709192,FX POLYTECHNIC COLLEGE,AMBAI ROAD THARUVAI TIRUNELVELI,TIRUNELVELI,Private-Self Financing,N,Y,1-495583181,fetchdata,2021-2022,Engineering and Technology,1,1,1,1,Tamil Nadu,1
1-9318775892,SRI VATSA POLYTECHNIC COLLEGE,"E.KUMARALINGAPURAM ROAD, METTAMALAI, SATTUR-626203, VIRUDHUNAGAR DISTRICT.",VIRUDHUNAGAR,Private-Self Financing,N,N,1-475193221,fetchdata,2021-2022,Engineering and Technology,1,1,1,1,Tamil Nadu,1
1-9318776084,VELALAR COLLEGE OF ENGINEERING AND TECHNOLOGY,PERUNDURAI ROAD THINDAL POST ERODE,ERODE,Private-Self Financing,N,N,1-3451381,fetchdata,2021-2022,Engineering and Technology,1,1,1,1,Tamil Nadu,1
1-9318799604,TIRUMALA POLYTECHNIC COLLEGE,NALLAN PILLAIPETRAL VILLAGE PALLIKONDAPATTU POST TIRUVANNAMALAI TALUK TIRUVANNAMALAI DISTRICT PIN 606611,TIRUVANNAMALAI,Private-Self Financing,N,N,1-419944661,fetchdata,2021-2022,Engineering and Technology,1,1,1,1,Tamil Nadu,1
1-9318562279,CAPE POLYTECHNIC COLLEGE,"OPPOSITE TO MUPPANTAL TEMPLE THOVALAI TALUK,ARALVOIMOZHI",KANYAKUMARI,Private-Self Financing,N,N,1-454891891,fetchdata,2021-2022,Engineering and Technology,1,1,1,1,Tamil Nadu,1
1-9318562491,SANKARA POLYTECHNIC COLLEGE,SARAVANAMPATTY COIMBATORE,COIMBATORE,Private-Self Financing,N,N,1-427010283,fetchdata,2021-2022,Engineering and Technology,1,1,1,1,Tamil Nadu,1
1-9318562768,NEW PRINCE SHRI BHAVANI COLLEGE OF ENGG & TECH,"VENGAIVASAL MAIN ROAD, GOWRIVAKKAM, CHENNAI - 600 073.",KANCHIPURAM,Private-Self Financing,N,N,1-2941897,fetchdata,2021-2022,Engineering and Technology,1,1,1,1,Tamil Nadu,1
1-9318563038,SARASWATHY COLLEGE OF ENGINEERING AND TECHNOLOGY,"NH45 MAIN ROAD, OLAKKUR",VILUPPURAM,Private-Self Financing,N,N,1-7775415,fetchdata,2021-2022,Engineering and Technology,1,1,1,1,Tamil Nadu,1
1-9318579766,NANDHA COLLEGE OF TECHNOLOGY,"235, CHENNIMALAIPALAYAM ROAD PITCHANDAMPALAYAM POST VEPPAMPALAYAM VILLAGE ERODE - 638 052",ERODE,Private-Self Financing,N,N,1-5019688,fetchdata,2021-2022,Engineering and Technology,1,1,1,1,Tamil Nadu,1
1-9318672770,SREE KUMARAGURU POLYTECHNIC COLLEGE,"KUMARAGURU NAGAR, KOKKARAPATTY (PO), P.R.PATTY (TK), GOPINATHAMPATTY CROSS ROAD,",DHARMAPURI,Private-Self Financing,N,N,1-446151383,fetchdata,2021-2022,Engineering and Technology,1,1,1,1,Tamil Nadu,1
1-9318688486,KINGS ENGINEERING COLLEGE,IRUNGATTUKOTTAI OPP. HYUNDAI CAR COMPANY,KANCHIPURAM,Private-Self Financing,N,Y,1-413844974,fetchdata,2021-2022,Engineering and Technology,1,1,1,1,Tamil Nadu,1
1-9318709652,SHRI KRISHNA POLYTECHNIC COLLEGE,"R.GOBINATHAMPATTY POST,  HARUR TALUK, DHARMAPURI DISTRICT",DHARMAPURI,Private-Self Financing,N,N,1-476099451,fetchdata,2021-2022,Engineering and Technology,1,1,1,1,Tamil Nadu,1
1-9318709834,RAJA DESINGH POLYTECHNIC COLLEGE,"RAJA DESINGH POLYTECHNIC COLLEGE KALAIYUR & POST, GINGEE T.K.,",VILUPPURAM,Private-Self Financing,N,N,1-440197611,fetchdata,2021-2022,Engineering and Technology,1,1,1,1,Tamil Nadu,1
1-9319600661,LOYOLA INSTITUTE OF TECHNOLOGY & SCIENCE,"P.BO.NO.2, THOVALAI - RAJAVOOR ROAD, LOYOLA NAGAR, THEROOR VILLAGE, THOVALAI, KANYAKUMARI DT.",KANYAKUMARI,Private-Self Financing,N,Y,1-3409771,fetchdata,2021-2022,Engineering and Technology,1,1,1,1,Tamil Nadu,1
1-9321910195,JAYAMATHA ENGINEERING COLLEGE,THIRURAJAPURAM MUPPANDAL ARALVAIMOZHI,KANYAKUMARI,Private-Self Financing,N,Y,1-11931373,fetchdata,2021-2022,Engineering and Technology,1,1,1,1,Tamil Nadu,1
1-9321911458,ER. PERUMAL MANIMEKALAI COLLEGE OF ENGINEERING,"17TH KM HOSUR - KRISHNAGIRI NH7, NALLAGANAKOTHAPALLI, NEAR KONERIPALLI, HOSUR TALUK. KRISHANGIRI DISTRICT TAMILNADU PIN: 635 117",KRISHNAGIRI,Private-Self Financing,N,Y,1-2590786,fetchdata,2021-2022,Engineering and Technology,1,1,1,1,Tamil Nadu,1
1-9322192387,NELLAI COLLEGE OF ENGINEERING,MARUTHAKULAM P.O NANGUNERI TALUK,TIRUNELVELI,Private-Self Financing,N,Y,1-4378723,fetchdata,2021-2022,Engineering and Technology,1,1,1,1,Tamil Nadu,1
1-9321237424,MOHAMED SATHAK A.J COLLEGE OF ENGINEERING,"#34,RAJIV GANDHI ROAD (OMR), IT HIGHWAY SIRUSERI, EGATTUR, CHENNAI. PIN-603 103",KANCHIPURAM,Private-Self Financing,N,Y,1-9756351,fetchdata,2021-2022,Engineering and Technology,1,1,1,1,Tamil Nadu,1
1-9321400216,TRICHY ENGINEERING COLLEGE,SOMU NAGAR,TIRUCHIRAPPALLI,Private-Self Financing,N,Y,1-5390541,fetchdata,2021-2022,Engineering and Technology,1,1,1,1,Tamil Nadu,1
1-9321403626,VARADHARAJAN POLYTECHNIC COLLEGE,"MUTHAL VARISAI PATTI,  KUNNAM (TK)",PERAMBALUR,Private-Self Financing,N,N,1-460411741,fetchdata,2021-2022,Engineering and Technology,1,1,1,1,Tamil Nadu,1
1-9321541698,COLLEGE OF FISHERIES ENGINEERING,"TAMIL NADU DR.J.JAYALALITHAA FISHERIES UNIVERSITY, VETTAR RIVER VIEW CAMPUS, NAGAPATTINAM, 611002",NAGAPATTINAM,Government,N,N,1-4966783490,fetchdata,2021-2022,Engineering and Technology,1,1,1,1,Tamil Nadu,1
1-9321239184,SUDHARSAN POLYTECHNIC COLLEGE,"NH 210, SATHIYAMANGALAM, KULATHUR - TALUK, PUDUKKOTTAI - DT. 622 501.",PUDUKKOTTAI,Private-Self Financing,N,N,1-425521611,fetchdata,2021-2022,Engineering and Technology,1,1,1,1,Tamil Nadu,1
1-9321294889,SCAD COLLEGE OF ENGINEERING AND TECHNOLOGY,SCAD COLLEGE OF ENGINEERING AND TECHNOLOGY SCAD NAGAR CHERANMAHADEVI TIRUNELVELI,TIRUNELVELI,Private-Self Financing,N,Y,1-4314861,fetchdata,2021-2022,Engineering and Technology,1,1,1,1,Tamil Nadu,1
1-9321415630,RAJALAKSHMI ENGINEERING COLLEGE (ENGINEERING & TECHNOLOGY),"RAJALAKSHMI NAGAR, THANDALAM, CHENNAI -602105 TAMIL NADU",KANCHIPURAM,Private-Self Financing,N,Y,1-5182261,fetchdata,2021-2022,Engineering and Technology,1,1,1,1,Tamil Nadu,1
1-9321416528,S.A.ENGINEERING COLLEGE,"POONAMALLEE-AVADI ROAD, THIRUVERKADU POST, CHENNAI-600077",THIRUVALLUR,Private-Self Financing,N,Y,1-15813371,fetchdata,2021-2022,Engineering and Technology,1,1,1,1,Tamil Nadu,1
1-9321469388,RATHINAM TECHNICAL CAMPUS,"RATHINAM TECHZONE CAMPUS, POLLACHI ROAD,EACHANARI",COIMBATORE,Private-Self Financing,N,N,1-451667801,fetchdata,2021-2022,Engineering and Technology,1,1,1,1,Tamil Nadu,1
1-9321519735,UNIVERSITY COLLEGE OF ENGINEERING VILLUPURAM,UNIVERSITY COLLEGE OF ENGINEERING VILLUPURAM  KAKUPPAM,VILUPPURAM,State Government University,N,N,1-5055871561,fetchdata,2021-2022,Engineering and Technology,1,1,1,1,Tamil Nadu,1
1-9321721722,SRI ANNAI POLYTECHNIC COLLEGE,"INDIRA NAGAR, EARAYANKADU (VIL.) PALLIGONDA (POST), VELLORE TALUK & DIST.",VELLORE,Private-Self Financing,N,N,1-465653091,fetchdata,2021-2022,Engineering and Technology,1,1,1,1,Tamil Nadu,1
1-9321240401,STAR LION COLLEGE OF ENGINEERING AND TECHNOLOGY,"MAIN ROAD, MANANKORAI",THANJAVUR,Private-Self Financing,N,N,1-6588841,fetchdata,2021-2022,Engineering and Technology,1,1,1,1,Tamil Nadu,1
1-9321296410,VANDAYAR POLYTECHNIC COLLEGE,"PULAVARNATHAM (PO),MARIAMMAN KOVIL (VIA) THANJAVUR - 613501.",THANJAVUR,Private-Self Financing,N,N,1-404277901,fetchdata,2021-2022,Engineering and Technology,1,1,1,1,Tamil Nadu,1
1-9321915634,SRI RAMANA INSTITUTE OF POLYTECHNIC COLLEGE,MOOLAIKARAIPATTI,TIRUNELVELI,Private-Self Financing,N,N,1-423280381,fetchdata,2021-2022,Engineering and Technology,1,1,1,1,Tamil Nadu,1
1-9321247243,MAHENDRA INSTITUTE OF TECHNOLOGY,"MAHENDIRAPURI, MALLASAMUDRAM WEST, VADUGAPALAYAM POST, TIRUCHENGODE TALUK, NAMAKKAL DISTRICT",NAMAKKAL,Private-Self Financing,N,N,1-9851811,fetchdata,2021-2022,Engineering and Technology,1,1,1,1,Tamil Nadu,1
1-9321247726,SRI BHARATHI ENGINEERING COLLEGE FOR WOMEN,"ARANTHANGI ROAD,KAIKURICHI ALANGUDI TALUK, PUDUKKOTTAI DT,622 303",PUDUKKOTTAI,Private-Self Financing,Y,N,1-18911704,fetchdata,2021-2022,Engineering and Technology,1,1,1,1,Tamil Nadu,1
1-9321609277,UNIVERSITY COLLEGE OF ENGINEERING TINDIVANAM,"MELPAKKAM, TINDIVANAM",VILUPPURAM,State Government University,N,N,1-4670706161,fetchdata,2021-2022,Engineering and Technology,1,1,1,1,Tamil Nadu,1
1-9321673032,SRI RANGANATHAR INSTITUTE OF POLYTECHNIC COLLEGE,"D.NO 1/104A, ATHIPALAYAM VILLAGE, THUDIYALUR - KOVILPALAYAM ROAD, COIMBATORE 641110",COIMBATORE,Private-Self Financing,N,N,1-476147571,fetchdata,2021-2022,Engineering and Technology,1,1,1,1,Tamil Nadu,1
1-9321675557,KONGUNADU COLLEGE OF ENGINEERING AND TECHNOLOGY,"THOLURPATTI, THOTTIAM",TIRUCHIRAPPALLI,Private-Self Financing,N,N,1-2820021,fetchdata,2021-2022,Engineering and Technology,1,1,1,1,Tamil Nadu,1
1-9321522992,UNIVERSITY COLLEGE OF ENGINEERING KANCHEEPURAM,"NH-4, CHENNAI BANGALORE HIGHWAYS, PONNERIKKARAI, KARAPETTAI VILLAGE & POST, KANCHEEPURAM - 631552",KANCHIPURAM,State Government University,N,N,1-4641291931,fetchdata,2021-2022,Engineering and Technology,1,1,1,1,Tamil Nadu,1
1-9321676152,P.B.COLLEGE OF ENGINEERING,"CHENNAI - BANGALORE HIGH WAY,  IRUNGKATTUKOTTAI, SRIPERUMBUDUR TALUK,  KANCHEEPURAM DIST. CHENNAI - 602 105 TAMIL NADU",KANCHIPURAM,Private-Self Financing,N,Y,1-6275131,fetchdata,2021-2022,Engineering and Technology,1,1,1,1,Tamil Nadu,1
1-9321676522,V. RAMAKRISHNA POLYTECHNIC COLLEGE,"MANALI ROAD, THIRUVOTTIYUR",CHENNAI,Private-Self Financing,N,N,1-405639211,fetchdata,2021-2022,Engineering and Technology,1,1,1,1,Tamil Nadu,1
1-9321678941,GOVERNMENT POLYTECHNIC COLLEGE,"APPINAYAKANPATTI, UTHANGARAI TK, KRISHNAGIRI DT. PIN-635207",KRISHNAGIRI,Government,N,N,1-2059377951,fetchdata,2021-2022,Engineering and Technology,1,1,1,1,Tamil Nadu,1
1-9321859355,M.A.M. COLLEGE OF ENGINEERING,"TRICHY-CHENNAI TRUNK ROAD, SIRUGANUR, TIRUCHIRAPPALLI, TAMILNADU - 621105",TIRUCHIRAPPALLI,Private-Self Financing,N,Y,1-4410164,fetchdata,2021-2022,Engineering and Technology,1,1,1,1,Tamil Nadu,1
1-9321202594,MOUNT ZION COLLEGE OF ENGINEERING AND TECHNOLOGY,"LENA VILAKKU, PILIVALAM PO, PUDUKKOTTAI",PUDUKKOTTAI,Private-Self Financing,N,N,1-2782864,fetchdata,2021-2022,Engineering and Technology,1,1,1,1,Tamil Nadu,1
1-9321524251,UNIVERSITY COLLEGE OF ENGINEERING ARNI,THATCHUR,TIRUVANNAMALAI,State Government University,N,N,1-4647504241,fetchdata,2021-2022,Engineering and Technology,1,1,1,1,Tamil Nadu,1
1-9321805515,SRI RENUGAMBAL POLYTECHNIC COLLEGE,"C.C ROAD, ETTIVADI, POLUR TALUK, T.V. MALAI DT.",TIRUVANNAMALAI,Private-Self Financing,N,N,1-457079051,fetchdata,2021-2022,Engineering and Technology,1,1,1,1,Tamil Nadu,1
1-9321870181,MANORA POLYTECHNIC COLLEGE,KOTTAKUDI-POST PATTUKKOTTAI-TKTHANJAVUR-DT,THANJAVUR,Private-Self Financing,N,N,1-424541291,fetchdata,2021-2022,Engineering and Technology,1,1,1,1,Tamil Nadu,1
1-9321871552,S.M.S POLYTECHNIC COLLEGE,KALLAMANAICKANPATTI SIVAKASI - TALUK VIRUDHUNAGAR - DISTRICT,VIRUDHUNAGAR,Private-Self Financing,N,N,1-429391671,fetchdata,2021-2022,Engineering and Technology,1,1,1,1,Tamil Nadu,1
1-9321204042,SHREE SATHYAM COLLEGE OF ENGINEERING AND TECHNOLOGY,MANJAKKALPATTI KUPPANUR. POST SANKARI.TALUK SALEM. DISTRICT,SALEM,Private-Self Financing,N,N,1-464456581,fetchdata,2021-2022,Engineering and Technology,1,1,1,1,Tamil Nadu,1
1-9321205314,SRI KRISHNA ENGINEERING COLLEGE,PANAPAKKAM NEAR PADAPPAI VIA TAMBARAM CHENNAI - 601301,KANCHIPURAM,Private-Self Financing,N,N,1-423198001,fetchdata,2021-2022,Engineering and Technology,1,1,1,1,Tamil Nadu,1
1-9321205550,KING COLLEGE OF TECHNOLOGY,"NALLUR ,N.PUDUPATTY -PO, NAMAKKAL-DT, TAMILNADU-637020",NAMAKKAL,Private-Self Financing,N,N,1-4026486,fetchdata,2021-2022,Engineering and Technology,1,1,1,1,Tamil Nadu,1
1-9321258362,DHAANISH AHMED COLLEGE OF ENGINEERING,"DHAANISH NAGAR, VANCHUVANCHERRY, PADAPPAI (NEAR TAMBARAM), SRIPERUMBUDUR TALUK, KANCHEEPURAM DISTRICT",KANCHIPURAM,Private-Self Financing,N,Y,1-4636751,fetchdata,2021-2022,Engineering and Technology,1,1,1,1,Tamil Nadu,1
1-9321320143,JAYARAM COLLEGE OF ENGINEERING AND TECHNOLOGY,"KARATTAMPATTY, PAGALAVADI, THURAIYUR TALUK,  TIRUCHIRAPPALLI - 621 014",TIRUCHIRAPPALLI,Private-Self Financing,N,N,1-16908673,fetchdata,2021-2022,Engineering and Technology,1,1,1,1,Tamil Nadu,1
1-9321321716,SUTHANTHIRA POLYTECHNIC COLLEGE,KALAKANMAI VILLAGE,SIVAGANGA,Private-Self Financing,N,N,1-423082411,fetchdata,2021-2022,Engineering and Technology,1,1,1,1,Tamil Nadu,1
1-9321493790,JEEVAN POLYTECHNIC COLLEGE,"VINMATHEE NAGAR, NH-45, TRICHY-DINDIGUL ROAD, MUTHAPUDAIYANPATTY POST MANAPPARAI",TIRUCHIRAPPALLI,Private-Self Financing,N,N,1-474053841,fetchdata,2021-2022,Engineering and Technology,1,1,1,1,Tamil Nadu,1
1-9321874954,SASTHAA POLYTECHNIC COLLEGE,"KARAIKUDI - ARANTHANGI MAIN ROAD,",PUDUKKOTTAI,Private-Self Financing,N,N,1-421340621,fetchdata,2021-2022,Engineering and Technology,1,1,1,1,Tamil Nadu,1
1-9321878186,MUTHAYAMMAL POLYTECHNIC COLLEGE,"KAKKAVERI POST , RASIPURAM TALUK, NAMAKKAL DISTRICT,",NAMAKKAL,Private-Self Financing,N,N,1-451434901,fetchdata,2021-2022,Engineering and Technology,1,1,1,1,Tamil Nadu,1
1-9321263291,AMRITA COLLEGE OF ENGINEERING AND TECHNOLOGY,"SUN NAGAR, ERACHAKULAM POST, NAGERCOIL, PIN-629902",KANYAKUMARI,Private-Self Financing,N,N,1-454166791,fetchdata,2021-2022,Engineering and Technology,1,1,1,1,Tamil Nadu,1
1-9321263664,AS-SALAM COLLEGE OF ENGINEERING AND TECHNOLOGY,THIRUMANGALAKUDI - ADUTHURAI THIRUVIDAIMARUTHUR - 612 102 THANJAVUR DISTRICT,THANJAVUR,Private-Self Financing,N,N,1-3459931,fetchdata,2021-2022,Engineering and Technology,1,1,1,1,Tamil Nadu,1
1-9321322278,K S R COLLEGE OF ENGINEERING,"K S R KALVINAGAR,  THOKKAVADI, TIRUCHENGODE, NAMAKKAL DIST, TAMILNADU-637215.",NAMAKKAL,Private-Self Financing,N,N,1-2942331,fetchdata,2021-2022,Engineering and Technology,1,1,1,1,Tamil Nadu,1
1-9321381875,UNITED INSTITUTE OF TECHNOLOGY,"G.KOUNDAMPALAYAM, PERIYANAICKENPALAYAM",COIMBATORE,Private-Self Financing,N,N,1-3341681,fetchdata,2021-2022,Engineering and Technology,1,1,1,1,Tamil Nadu,1
1-9321495073,SRI  SHAKTHI  INSTITUTE  OF  ENGINEERING  AND  TECHNOLOGY,"SRI  SHAKTHI  NAGAR, L & T  BY-PASS ROAD, CHINNIYAMPALAYAM  POST,",COIMBATORE,Private-Self Financing,N,N,1-3968343,fetchdata,2021-2022,Engineering and Technology,1,1,1,1,Tamil Nadu,1
1-9321500269,SURYA COLLEGE OF ENGINEERING,"SOMU NAGAR,",TIRUCHIRAPPALLI,Private-Self Financing,N,N,1-752005981,fetchdata,2021-2022,Engineering and Technology,1,1,1,1,Tamil Nadu,1
1-9321210297,RENGANAYAGI VARATHARAJ COLLEGE OF ENGINEERING,"SALVARPATTI VILLAGE & POST, THAYILPATTI ï¿½ VIA,  SIVAKASI ï¿½ TALUK.",VIRUDHUNAGAR,Private-Self Financing,N,N,1-452560021,fetchdata,2021-2022,Engineering and Technology,1,1,1,1,Tamil Nadu,1
1-9321263844,SALEM COLLEGE OF ENGINEERING AND TECHNOLOGY,"SALEM-ATTUR MAIN ROAD , NH-68 METTUPATTY-PERUMAPALAYAM",SALEM,Private-Self Financing,N,N,1-5167081,fetchdata,2021-2022,Engineering and Technology,1,1,1,1,Tamil Nadu,1
1-9321501632,AKSHAYA COLLEGE OF ENGINEERING AND TECHNOLOGY,"SF NO.112/1CPT,114/1,115/1,116/2C, BAGAVATHIPALAYAM ROAD, KINATHUKADAVU, COIMBATORE",COIMBATORE,Private-Self Financing,N,N,1-4157792,fetchdata,2021-2022,Engineering and Technology,1,1,1,1,Tamil Nadu,1
1-9321503267,LOYOLA INSTITUTE OF TECHNOLOGY,PALANCHUR MEVALURKUPPAMB VILLAGE NAZARATHPET POST SRIPERUMPUDUR TALUK KANCHIPURAM DISTRICT PIN- 600123,KANCHIPURAM,Private-Self Financing,N,Y,1-4403224,fetchdata,2021-2022,Engineering and Technology,1,1,1,1,Tamil Nadu,1
1-9321532466,UNIVERSITY COLLEGE OF ENGINEERING ARIYALUR,"KATHANKUDIKADU, THELUR (POST), ARIYALUR-621704",ARIYALUR,State Government University,N,N,1-4729857503,fetchdata,2021-2022,Engineering and Technology,1,1,1,1,Tamil Nadu,1
1-9321558077,UNIVERSITY COLLEGE OF ENGINEERING PANRUTI,"CHENNAI KUMBAKONAM HIGHWAY, PANIKKANKUPPAM, PANRUTI -607106, CUDDALORE DISTRICT, TAMIL NADU.",CUDDALORE,State Government University,N,N,1-4758073681,fetchdata,2021-2022,Engineering and Technology,1,1,1,1,Tamil Nadu,1
1-9321814381,SRM TRP ENGINEERING COLLEGE,IRUNGALUR MANACHANALLUR TALUK,TIRUCHIRAPPALLI,Private-Self Financing,N,N,1-6860571,fetchdata,2021-2022,Engineering and Technology,1,1,1,1,Tamil Nadu,1
1-9321214539,MAHENDRA ENGINEERING COLLEGE,"MAHENDHIRAPURI, MALLASAMUDRAM WEST, VADUGAPALAYAM POST, TRICHENGODU TK., NAMAKKAL DIST.",NAMAKKAL,Private-Self Financing,N,N,1-7412871,fetchdata,2021-2022,Engineering and Technology,1,1,1,1,Tamil Nadu,1
1-9321216222,MORNING STAR POLYTECHNIC COLLEGE,"THIRUMALAI, CHUNKANKADAI.",KANYAKUMARI,Private-Self Financing,N,Y,1-479984091,fetchdata,2021-2022,Engineering and Technology,1,1,1,1,Tamil Nadu,1
1-9321266668,BHARATH NIKETAN ENGINEERING COLLEGE,"SHRI GOWRI NAGAR, THIMMARASANAICKANOOR, AUNDIPATTI, THENI (DT). TAMILNADU.625536",THENI,Private-Self Financing,N,N,1-7787601,fetchdata,2021-2022,Engineering and Technology,1,1,1,1,Tamil Nadu,1
1-9321268276,SUDHARSHANA POLYTECHNIC COLLEGE,KALIPATTI  VILLAGE AMMAPATTI POST THURAIYUR TK TRICHY DT PIN:621 014,TIRUCHIRAPPALLI,Private-Self Financing,N,N,1-413109001,fetchdata,2021-2022,Engineering and Technology,1,1,1,1,Tamil Nadu,1
1-9321326352,V.S.B. COLLEGE OF ENGINEERING TECHNICAL CAMPUS,"S.F NO.91/2A, 91/2B, 252, 253/1 SOLAVAMPALAYAM VILLAGE, KINATHUKADAVU, POLLACHI TALUK, COIMBATORE DISTRICT",COIMBATORE,Private-Self Financing,N,N,1-721886391,fetchdata,2021-2022,Engineering and Technology,1,1,1,1,Tamil Nadu,1
1-9321326637,SHRI ANGALAMMAN COLLEGE OF ENGINEERING AND TECHNOLOGY,RAMANAN NAGAR SIRUGANOOR TIRUCHIRAPPALLI TAMIL NADU - 621 105.,TIRUCHIRAPPALLI,Private-Self Financing,N,N,1-5037801,fetchdata,2021-2022,Engineering and Technology,1,1,1,1,Tamil Nadu,1
1-9321327994,SRI SUBRAMANYA COLLEGE OF ENGG & TECH,SUKKAMANAICKENPATTI,DINDIGUL,Private-Self Financing,N,N,1-3131574,fetchdata,2021-2022,Engineering and Technology,1,1,1,1,Tamil Nadu,1
1-9321439406,ADHIPARASAKTHI COLLEGE OF ENGINEERING,G.B. NAGAR KALAVAI  ARCOT TALUK VELLORE DISTRICT TAMILNADU PIN - 632 506.,VELLORE,Private-Self Financing,N,N,1-5138551,fetchdata,2021-2022,Engineering and Technology,1,1,1,1,Tamil Nadu,1
1-9321505219,JAYARAM POLYTECHNIC COLLEGE,"KARATTAMPATTI, PAGAVALADI(PO), THURAIYAR(TK),",TIRUCHIRAPPALLI,Private-Self Financing,N,N,1-448359251,fetchdata,2021-2022,Engineering and Technology,1,1,1,1,Tamil Nadu,1
1-9321506449,MOOKAMBIGAI COLLEGE OF ENGINEERING,"SRINIVASA NAGAR, KALAMAVUR(PO)",PUDUKKOTTAI,Private-Self Financing,N,Y,1-5829693,fetchdata,2021-2022,Engineering and Technology,1,1,1,1,Tamil Nadu,1
1-9321559593,UNIVERSITY COLLEGE OF ENGINEERING,"MANGARAI PIRIVU, REDDIYARCHATRAM(PO), DINDIGUL",DINDIGUL,Government,N,N,1-4803969801,fetchdata,2021-2022,Engineering and Technology,1,1,1,1,Tamil Nadu,1
1-9321632218,BHARATHIYAR INSTITUTE OF ENGINEERING FOR WOMEN,"43/3, DEVIYAKURICHI - 636 112 ATTUR TK, SALEM DT.",SALEM,Private-Self Financing,Y,N,1-4229501,fetchdata,2021-2022,Engineering and Technology,1,1,1,1,Tamil Nadu,1
1-9321634600,CMS POLYTECHNIC COLLEGE,CMS NAGAR ERANAPURAM (POST) NAMAKKAL,NAMAKKAL,Private-Self Financing,N,N,1-473952651,fetchdata,2021-2022,Engineering and Technology,1,1,1,1,Tamil Nadu,1
1-9321760183,GOVERNMENT POLYTECHNIC COLLEGE,"KATTUVANNAJUR COLLEGE, SANKARAPURAM TALUK,  VILLUPURAM DT 606 401",VILUPPURAM,Government,N,N,1-2080393201,fetchdata,2021-2022,Engineering and Technology,1,1,1,1,Tamil Nadu,1
1-9321217461,RVS TECHNICAL CAMPUS-COIMBATORE,KUMARAN KOTTAM CAMPUS KANNAMPALAYAM SULUR COIMBATORE,COIMBATORE,Private-Self Financing,N,N,1-4154504,fetchdata,2021-2022,Engineering and Technology,1,1,1,1,Tamil Nadu,1
1-9321217832,KIT & KIM TECHNICAL CAMPUS,"KEERANIPATTI VILLAGE, THALAKKAVUR PANCHAYAT, KARAIKUDI",SIVAGANGA,Private-Self Financing,N,N,1-477606471,fetchdata,2021-2022,Engineering and Technology,1,1,1,1,Tamil Nadu,1
1-9321275193,KAR POLYTECHNIC COLLEGE,"M.C. ROAD, SOLUR VILLAGE, AMBUR.",VELLORE,Private-Self Financing,N,N,1-448394833,fetchdata,2021-2022,Engineering and Technology,1,1,1,1,Tamil Nadu,1
1-9321329779,SEIKALATHUR KAMATCHI AMMAN POLYTECHNIC COLLEGE,"G.K.COMPLEX, SEIKALATHUR MAIN ROAD, MANAMADURAI.",SIVAGANGA,Private-Self Financing,N,N,1-444176691,fetchdata,2021-2022,Engineering and Technology,1,1,1,1,Tamil Nadu,1
1-9321533914,ANNA UNIVERSITY REGIONAL CAMPUS MADURAI,"KANIYAKUMARI NATIONAL HIGHWAYS, KEELAKUYILKUDI , MADURAI",MADURAI,Government,N,N,1-4713616181,fetchdata,2021-2022,Engineering and Technology,1,1,1,1,Tamil Nadu,1
1-9321636889,SHANMUGHA POLYTECHNIC COLLEGE,SASTRA UNIVERSITY CAMPUS,THANJAVUR,Private-Self Financing,N,N,1-409933451,fetchdata,2021-2022,Engineering and Technology,1,1,1,1,Tamil Nadu,1
1-9321277963,SHRI RAMANAS ABC POLYTECHNIC COLLEGE,PALAM RAJAKKAPATTI PAPPANAMPATTI POST PALANI ROAD  DINDIGUL,DINDIGUL,Private-Self Financing,N,N,1-452838981,fetchdata,2021-2022,Engineering and Technology,1,1,1,1,Tamil Nadu,1
1-9321394714,J.P. COLLEGE OF ENGINEERING,COLLEGE ROAD AYIKUDY TENKASI TIRUNELVELI DIST TAMILNADU PIN - 627852,TIRUNELVELI,Private-Self Financing,N,Y,1-2819861,fetchdata,2021-2022,Engineering and Technology,1,1,1,1,Tamil Nadu,1
1-9321640638,KAMARAJ POLYTECHNIC COLLEGE,"PAZHAVILAI, PAZHAVILAI P.O.,",KANYAKUMARI,Govt aided,N,N,1-501741201,fetchdata,2021-2022,Engineering and Technology,1,1,1,1,Tamil Nadu,1
1-9321766855,SRI KARPAGA POLYTECHNIC COLLEGE,"ACHUKATTU VILLAGE,  OLIMUGAMADPETTAI POST, KANCHIPURAM",KANCHIPURAM,Private-Self Financing,N,N,1-451958991,fetchdata,2021-2022,Engineering and Technology,1,1,1,1,Tamil Nadu,1
1-9321225335,K.S.M. POLYTECHNIC COLLEGE,"PAPAMADAI, RAJAGAMBEERAM POST, MANAMADURAI",SIVAGANGA,Private-Self Financing,N,N,1-461642301,fetchdata,2021-2022,Engineering and Technology,1,1,1,1,Tamil Nadu,1
1-9321281780,MURUGESAN INSTITUTE OF TECHNOLOGY,"SALEM-ATTUR MAIN ROAD, KARUMAPURAM KARIPATTY(PO) SALEM-106",SALEM,Private-Self Financing,N,N,1-433678101,fetchdata,2021-2022,Engineering and Technology,1,1,1,1,Tamil Nadu,1
1-9321336432,ANNAI J.K.K.SAMPOORANI AMMAL POLYTECHNIC COLLEGE,"THOOKKANAICKENPALAYAM POST, GOBICHETTIPALAYAM TALUK.",ERODE,Private-Self Financing,N,N,1-426981261,fetchdata,2021-2022,Engineering and Technology,1,1,1,1,Tamil Nadu,1
1-9321338833,KAMARAJ COLLEGE OF ENGINEERING & TECHNOLOGY,S.P.G.C.NAGAR POST BOX 12 K. VELLAKULAM VIRUDHUNAGAR,VIRUDHUNAGAR,Private-Self Financing,N,N,1-10939912,fetchdata,2021-2022,Engineering and Technology,1,1,1,1,Tamil Nadu,1
1-9321450514,PONNAIYAH RAMAJAYAM POLYTECHNIC COLLEGE,"THANJAVUR - TRICHY HIGHWAYS  VALLAM,  THANJAVUR",THANJAVUR,Private-Self Financing,N,N,1-505670061,fetchdata,2021-2022,Engineering and Technology,1,1,1,1,Tamil Nadu,1
1-9321450726,SRI RAMAKRISHNA POLYTECHNIC COLLEGE,"SRI SARADHA NAGAR, NH 43",PERAMBALUR,Private-Self Financing,N,N,1-456781091,fetchdata,2021-2022,Engineering and Technology,1,1,1,1,Tamil Nadu,1
1-9321451915,SRI KRISHNA INSTITUTE OF TECHNOLOGY,NAVANEEDHAM NAGAR PANAPAKKAM NEAR PADAPPAI,KANCHIPURAM,Private-Self Financing,N,N,1-439765872,fetchdata,2021-2022,Engineering and Technology,1,1,1,1,Tamil Nadu,1
1-9321598179,UNIVERSITY VOC COLLEGE OF ENGINEERING,"ANNA UNIVERSITY: THOOTHUKUDI CAMPUS, BRYANT NAGAR 7TH STREET WEST, THOOTHUKUDI",THOOTHUKUDI,State Government University,N,N,1-4965114821,fetchdata,2021-2022,Engineering and Technology,1,1,1,1,Tamil Nadu,1
1-9321648788,ULTRA COLLEGE OF ENGINEERING AND TECHNOLOGY,"69/1, ULTRA NAGAR, KODIKULAM I BIT, MADURAI - CHENNAI HIGHWAY, MADURAI - 625 104, TAMIL NADU",MADURAI,Private-Self Financing,N,N,1-3341573,fetchdata,2021-2022,Engineering and Technology,1,1,1,1,Tamil Nadu,1
1-9321707697,PRINCE DR. K. VASUDEVAN COLLEGE OF ENGINEERING AND TECHNOLOGY,"MEDAVAKKAM - MAMBAKKAM ROAD, PONMAR, CHENNAI - 600 048.",KANCHIPURAM,Private-Self Financing,N,N,1-4199411,fetchdata,2021-2022,Engineering and Technology,1,1,1,1,Tamil Nadu,1
1-9321768379,THIRU SEVEN HILLS POLYTECHNIC COLLEGE,"ALAPAKKAM MAIN ROAD,MADURAVOYAL",THIRUVALLUR,Private-Self Financing,N,Y,1-455330211,fetchdata,2021-2022,Engineering and Technology,1,1,1,1,Tamil Nadu,1
1-9321227471,DHANALAKSHMI COLLEGE OF ENGINEERING,"MANIMANGALAM PUDUCHERI ROAD, MANIMANGALAM, MANIMANGALAM POST, SRIPERUMBUDUR TALUK, KANCHEEPURAM  DIST., CHENNAI ï¿½ 601301",KANCHIPURAM,Private-Self Financing,N,N,1-4064279,fetchdata,2021-2022,Engineering and Technology,1,1,1,1,Tamil Nadu,1
1-9321230038,PANDIAN SARASWATHI YADAV ENGINEERING COLLEGE,ARASANOOR VILLAGE  THIRUMANSOLAI POST SIVAGANAGI DISTRICT,SIVAGANGA,Private-Self Financing,N,N,1-6571396,fetchdata,2021-2022,Engineering and Technology,1,1,1,1,Tamil Nadu,1
1-9321230525,NARASU'S SARATHY INSTITUTE OF TECHNOLOGY,"POOSARIPATTY (PO), OMALUR TALUK, SALEM",SALEM,Private-Self Financing,N,N,1-5220438,fetchdata,2021-2022,Engineering and Technology,1,1,1,1,Tamil Nadu,1
1-9321453536,DR.NAVALAR NEDUNCHEZHIYAN COLLEGE OF ENGINEERING,"RAJA NAGAR,VAITHIYANATHAPURAM, THOLUDUR - 606 303, CUDDALORE DISTRICT,TAMILNADU.",CUDDALORE,Private-Self Financing,N,N,1-5767351,fetchdata,2021-2022,Engineering and Technology,1,1,1,1,Tamil Nadu,1
1-9321454962,DHANALAKSHMI SRINIVASAN COLLEGE OF ENGINEERING AND TECHNOLOGY,"ECR, POONJERI, MAMALLAPURAM, TAMIL NADU",KANCHIPURAM,Private-Self Financing,N,Y,1-2497331,fetchdata,2021-2022,Engineering and Technology,1,1,1,1,Tamil Nadu,1
1-9318952268,SAVEETHA ENGINEERING COLLEGE,SAVEETHA NAGAR THANDALAM POST SRIPERUMBUDUR TALUK KANCHEEPURAM DISTRICT PIN CODE 602 105,KANCHIPURAM,Private-Self Financing,N,N,1-6943529,fetchdata,2021-2022,Engineering and Technology,1,1,1,1,Tamil Nadu,1
1-9318952695,SARANATHAN COLLEGE OF ENGINEERING,VENKATESWARA NAGAR EDAMALAIPATTIPUDUR POST PANJAPPUR VILLAGE SRIRANGAM TALUK,TIRUCHIRAPPALLI,Private-Self Financing,N,N,1-4190371,fetchdata,2021-2022,Engineering and Technology,1,1,1,1,Tamil Nadu,1
1-9318911419,MEENAKSHI SUNDARARAJAN ENGINEERING COLLEGE,"C/O I.I.E.T SOCIETY NO.363, ARCOT ROAD, KODAMBAKKAM,             CHENNAI - 600024 TAMIL NADU",CHENNAI,Private-Self Financing,N,N,1-6312054,fetchdata,2021-2022,Engineering and Technology,1,1,1,1,Tamil Nadu,1
1-9318985221,DPC POLYTECHNIC COLLEGE,CHETTIAR KADAI BUS STOP PAGALPATTI-PO SALEM-DT,SALEM,Private-Self Financing,N,N,1-437352431,fetchdata,2021-2022,Engineering and Technology,1,1,1,1,Tamil Nadu,1
1-9319408026,PARK AMC POLYTECHNIC COLLEGE,"PREMA RAVI NAGAR,",COIMBATORE,Private-Self Financing,N,N,1-444183381,fetchdata,2021-2022,Engineering and Technology,1,1,1,1,Tamil Nadu,1
1-9319367498,MASS POLYTECHNIC COLLEGE V.PARANGANI,"SH-136,PONDY-MAILAM ROAD, V.PARANGANI VILLAGE,VANUR TALUK,VILLUPURAM DISTRICT,605109",VILUPPURAM,Private-Self Financing,N,N,1-4290333748,fetchdata,2021-2022,Engineering and Technology,1,1,1,1,Tamil Nadu,1
1-9319028008,COLLEGE OF FOOD AND DAIRY TECHNOLOGY,"KODUVALLI ALAMATHI P.O., RED HILLS (VIA), CHENNAI 600 052",THIRUVALLUR,Government,N,N,1-14962834,fetchdata,2021-2022,Engineering and Technology,1,1,1,1,Tamil Nadu,1
1-9319029161,VETHAMONICKAM MEMORIAL C. S. I. POLYTECHNIC COLLEGE,"VIRICODE, MARTHANDAM AND POST ï¿½ 629 165, KANYAKUMARI DISTRICT",KANYAKUMARI,Private-Self Financing,N,Y,1-425753461,fetchdata,2021-2022,Engineering and Technology,1,1,1,1,Tamil Nadu,1
1-9319118116,THAMIRABHARANI ENGINEERING COLLEGE,"WARD-1 THATCHANALLUR, CHATTIRAM PUTHUKULLAM VILLAGE, VEPAKULLAM -CHIDHABRA NAGAR ROAD",TIRUNELVELI,Private-Self Financing,N,N,1-441567601,fetchdata,2021-2022,Engineering and Technology,1,1,1,1,Tamil Nadu,1
1-9319120413,JAYAM COLLEGE OF ENGINEERING AND TECHNOLOGY,"HOGENAKKAL FALLS MAIN ROAD, NALLANUR, DHARMAPURI",DHARMAPURI,Private-Self Financing,N,N,1-14311971,fetchdata,2021-2022,Engineering and Technology,1,1,1,1,Tamil Nadu,1
1-9319029307,PSG INSTITUTE OF TECHNOLOGY AND APPLIED RESEARCH,AVINASHI ROAD NEELAMBUR  PIN - 641062,COIMBATORE,Private-Self Financing,N,N,1-2183174231,fetchdata,2021-2022,Engineering and Technology,1,1,1,1,Tamil Nadu,1
1-9319122726,SRI SAI RAM ENGINEERING COLLEGE,"SAI LEO NAGAR, POONTHANDALAM VILLAGE,  DHARKAST POST, WEST TAMBARAM",KANCHIPURAM,Private-Self Financing,N,N,1-2028941,fetchdata,2021-2022,Engineering and Technology,1,1,1,1,Tamil Nadu,1
1-9319124913,M.A.M. COLLEGE OF ENGINEERING AND TECHNOLOGY,TRICHY - CHENNAI TRUNK ROAD SIRUGANUR MANACHANALLUR (TK) TIRUCHIRAPPALLI,TIRUCHIRAPPALLI,Private-Self Financing,N,Y,1-5386171,fetchdata,2021-2022,Engineering and Technology,1,1,1,1,Tamil Nadu,1
1-9319126292,CENTRAL INSTITUTE OF PETROCHEMICALS ENGINEERING & TECHNOLOGY,"CIPET (MINISTRY OF CHEMICALS AND FERTILIZERS), GOVT. OF INDIA, GUINDY, CHENNAI-600 032.",CHENNAI,Government,N,N,1-2610054,fetchdata,2021-2022,Engineering and Technology,1,1,1,1,Tamil Nadu,1
1-9319158681,MAHENDRA COLLEGE OF ENGINEERING,12TH KM ATTUR MAIN ROAD  MINNAMPALLI SALEM,SALEM,Private-Self Financing,N,N,1-7468481,fetchdata,2021-2022,Engineering and Technology,1,1,1,1,Tamil Nadu,1
1-9319235143,PSG COLLEGE OF TECHNOLOGY,AVINASHI ROAD PEELAMEDU,COIMBATORE,Govt aided,N,N,1-4165514,fetchdata,2021-2022,Engineering and Technology,1,1,1,1,Tamil Nadu,1
1-9319242534,SSM COLLEGE OF ENGINEERING,"NH-47 SALEM MAIN ROAD, KOMARAPALAYAM NAMKKAL DISTRICT",NAMAKKAL,Private-Self Financing,N,N,1-2737891,fetchdata,2021-2022,Engineering and Technology,1,1,1,1,Tamil Nadu,1
1-9319127565,ARUNACHALA COLLEGE OF ENGINEERING FOR WOMEN,"'THANKA GARDENS' MANAVILAI, VELLICHANTHAI, NAGERCOILL, KANYAKUMARI DISTRICT",KANYAKUMARI,Private-Self Financing,Y,N,1-6050501,fetchdata,2021-2022,Engineering and Technology,1,1,1,1,Tamil Nadu,1
1-9319130031,JEPPIAAR INSTITUTE OF TECHNOLOGY,"JEPPIAAR NAGAR, KUNNAM VILLAGE, SRIPERUMBUDUR TALUK",KANCHIPURAM,Private-Self Financing,N,Y,1-463924471,fetchdata,2021-2022,Engineering and Technology,1,1,1,1,Tamil Nadu,1
1-9319016757,PONJESLY COLLEGE OF ENGINEERING,"NEAR PARVATHIPURAM, ALAMPARAI, VETURNIMADAM POST, NAGERCOIL  629 003. KANYAKUMARI DIST., TAMIL NADU.",KANYAKUMARI,Private-Self Financing,N,Y,1-4230371,fetchdata,2021-2022,Engineering and Technology,1,1,1,1,Tamil Nadu,1
1-9319018468,IMAYAM POLYTECHNIC COLLEGE,KANNANUR[PO] THURAIYUR [TK] TRICHY[DT] PIN-621206,TIRUCHIRAPPALLI,Private-Self Financing,N,N,1-444928741,fetchdata,2021-2022,Engineering and Technology,1,1,1,1,Tamil Nadu,1
1-9319192410,THE GANDHIGRAM RURAL INSTITUTE - DEEMED UNIVERSITY,GANDHIGRAM AUTHOOR TK.,DINDIGUL,Government,N,N,1-465941501,fetchdata,2021-2022,Engineering and Technology,1,1,1,1,Tamil Nadu,1
1-9319018707,S.S.K POLYTECHNIC COLLEGE,"TRICHY-DINDUGAL NATIONAL HIGHWAYS, POOLANGULATHUPATTI(PO), AMMAPETTAI, SRIRANGAM (TK),",TIRUCHIRAPPALLI,Private-Self Financing,N,N,1-429708841,fetchdata,2021-2022,Engineering and Technology,1,1,1,1,Tamil Nadu,1
1-9319048407,ST.XAVIER'S POLYTECHNIC COLLEGE,"SEYDUNGANALLUR,",THOOTHUKUDI,Private-Self Financing,N,Y,1-475279121,fetchdata,2021-2022,Engineering and Technology,1,1,1,1,Tamil Nadu,1
1-9319049678,KUMARAN POLYTECHNIC COLLEGE,"ARRIYUR, MATHIANALLUR(PO)",PUDUKKOTTAI,Private-Self Financing,N,N,1-446057201,fetchdata,2021-2022,Engineering and Technology,1,1,1,1,Tamil Nadu,1
1-9319020198,PET POLYTECHNIC COLLEGE,"TIRUCHENDUR ROAD,VALLIOOR-627117,TIRUNELVELI DISTRICT,TAMIL NADU,INDIA.",TIRUNELVELI,Private-Self Financing,N,Y,1-474065941,fetchdata,2021-2022,Engineering and Technology,1,1,1,1,Tamil Nadu,1
1-9319020513,UNNAMALAI INSTITUTE OF TECHNOLOGY,"SUBA NAGAR, AYYANERI POST, KOVILPATTI, THOOTHUKUDI DISTRICT",THOOTHUKUDI,Private-Self Financing,N,N,1-4092411,fetchdata,2021-2022,Engineering and Technology,1,1,1,1,Tamil Nadu,1
1-9319218154,VIVEKANANDHA COLLEGE OF ENGINEERING FOR WOMEN,"VIVEKANANDHA COLLEGE ENGINEERING FOR WOMEN, SATHIYANAICKENPALAYAM  VILLAGE, ELAYAMPALAYAM, TIRUCHENGODE, NAMAKKAL - DT.",NAMAKKAL,Private-Self Financing,Y,N,1-5126364,fetchdata,2021-2022,Engineering and Technology,1,1,1,1,Tamil Nadu,1
1-9319272305,GRG POLYTECHNIC COLLEGE,KUPPEPALAYAM S.S.KULAM POST COIMBATORE,COIMBATORE,Govt aided,N,N,1-456255941,fetchdata,2021-2022,Engineering and Technology,1,1,1,1,Tamil Nadu,1
1-9319273611,KINGSTON ENGINEERING COLLEGE,"CHITTOOR MAIN ROAD, CHRISTIANPET VILLAGE, METTUKULAM PANCHAYAT, KATPADI TALUK",VELLORE,Private-Self Financing,N,N,1-4234205,fetchdata,2021-2022,Engineering and Technology,1,1,1,1,Tamil Nadu,1
1-9319097910,K.L.N.COLLEGE OF ENGINEERING,MADURAI - NEDUNKULAM ROAD POTTAPALAYAM-630611 SIVAGANGAI DISTRICT TAMILNADU,SIVAGANGA,Private-Self Financing,N,Y,1-5127424,fetchdata,2021-2022,Engineering and Technology,1,1,1,1,Tamil Nadu,1
1-9319009193,PATTUKKOTTAI POLYTECHNIC COLLEGE,"PALAYAM, SANTHANGADU,",THANJAVUR,Govt aided,N,N,1-421820701,fetchdata,2021-2022,Engineering and Technology,1,1,1,1,Tamil Nadu,1
1-9319116700,P.A.C. RAMASAMY RAJA POLYTECHNIC COLLEGE,K.R. NAGAR POST,VIRUDHUNAGAR,Govt aided,N,N,1-429469401,fetchdata,2021-2022,Engineering and Technology,1,1,1,1,Tamil Nadu,1
1-9319154925,GOVERNMENT POLYTECHNIC COLLEGE,"PATTUKOTTAI ROAD, PUDUPATTI VILLAGE, GANDHARVAKOTTAI TK, PUDUKOTTAI DISTRICT",PUDUKKOTTAI,Government,N,N,1-2074187531,fetchdata,2021-2022,Engineering and Technology,1,1,1,1,Tamil Nadu,1
1-9318529413,GRACE COLLEGE OF ENGINEERING,"CHANDY NAGAR, MULLAKKADU, THOOTHUKUDI",THOOTHUKUDI,Private-Self Financing,N,N,1-8472709,fetchdata,2021-2022,Engineering and Technology,1,1,1,1,Tamil Nadu,1
1-9318543458,ARIES POLYTECHNIC COLLEGE,KARUNGUZHI,CUDDALORE,Private-Self Financing,N,N,1-420991455,fetchdata,2021-2022,Engineering and Technology,1,1,1,1,Tamil Nadu,1
1-9318372672,RANIPPETTAI INSTITUTE OF TECHNOLOGY,"THENKADAPANTHANGAL-632513, WALLAJAH TALUK, VELLORE DISTRICT",VELLORE,Private-Self Financing,N,N,1-444172581,fetchdata,2021-2022,Engineering and Technology,1,1,1,1,Tamil Nadu,1
1-9318295991,RAMAKRISHNA MISSION POLYTECHNIC COLLEGE,"66, SIR P.S.SIVASAMI SALAI, MYLAPORE, CHENNAI",CHENNAI,Govt aided,N,N,1-430200571,fetchdata,2021-2022,Engineering and Technology,1,1,1,1,Tamil Nadu,1
1-9318292794,M.S.P.VELAYUTHA NADAR LAKSHMI THAIAMMAL POLYTECHNIC COLLEGE,"50/2 PAVOORCHATRAM, [AT] SIVAGAMIPURAM, ALANGULAM TAULK.",TIRUNELVELI,Private-Self Financing,N,N,1-407024373,fetchdata,2021-2022,Engineering and Technology,1,1,1,1,Tamil Nadu,1
1-9318292339,ST. JOSEPH POLYTECHNIC COLLEGE,"VELANTHAVALAM ROAD, VEERAPPANUR, COIMBATORE",COIMBATORE,Private-Self Financing,N,N,1-463879121,fetchdata,2021-2022,Engineering and Technology,1,1,1,1,Tamil Nadu,1
1-9318296964,GLOBAL INSTITUTE OF ENGINEERING AND TECHNOLOGY,"257/1 BANGALORE-CHENNAI HIGHWAY, MELVISHARAM VELLORE - 632509 TAMIL NADU",VELLORE,Private-Self Financing,N,N,1-8097021,fetchdata,2021-2022,Engineering and Technology,1,1,1,1,Tamil Nadu,1
1-9318298728,VELAMMAL COLLEGE OF ENGINEERING & TECHNOLOGY,"VELAMMAL NAGAR, VIRAGANOOR, MADURAI",MADURAI,Private-Self Financing,N,N,1-8119871,fetchdata,2021-2022,Engineering and Technology,1,1,1,1,Tamil Nadu,1
1-9318928172, SONA COLLEGE OF TECHNOLOGY,"SONA NAGAR,  THIAGARAJAR POLYTECHNIC COLLEGE ROAD,  SURAMANGALAM (PO),  SALEM DISTRICT,  TAMILNADU",SALEM,Private-Self Financing,N,N,1-14145641,fetchdata,2021-2022,Engineering and Technology,1,1,1,1,Tamil Nadu,1
1-9318930955,ANNAI MATHAMMAL SHEELA ENGINEERING COLLEGE,ERUMAPATTY POST NAMAKKAL DISTRICT,NAMAKKAL,Private-Self Financing,N,Y,1-12612941,fetchdata,2021-2022,Engineering and Technology,1,1,1,1,Tamil Nadu,1
1-9318956383,"GOVERNMENT COLLEGE OF ENGINEERING,BARGUR","GOVERNMENT COLLEGE OF ENGINEERING,BARGUR MADEPALLI POST BARGUR",KRISHNAGIRI,Government,N,N,1-435593652,fetchdata,2021-2022,Engineering and Technology,1,1,1,1,Tamil Nadu,1
1-9318946707,BANNARI AMMAN INSTITUTE OF TECHNOLOGY,SATHY-BHAVANI STATE HIGHWAY ALATHUKOMBAI-POST SATHYAMANGALAM-638401 ERODE DISTRICT TAMIL NADU,ERODE,Private-Self Financing,N,N,1-5146256,fetchdata,2021-2022,Engineering and Technology,1,1,1,1,Tamil Nadu,1
1-9318277688,PANIMALAR POLYTECHNIC COLLEGE,"23, RAILWAY COLONY II STREET, NELSON MANICKAM ROAD, CHENNAI.",CHENNAI,Private-Self Financing,N,N,1-720615521,fetchdata,2021-2022,Engineering and Technology,1,1,1,1,Tamil Nadu,1
1-9318277893,M.M POLYTECHNIC COLLEGE,"SEVANTHAMPATTI, THUVARANKURICHI, MANAPPARAI(TK), TRICHY(DT).",TIRUCHIRAPPALLI,Private-Self Financing,N,N,1-467275591,fetchdata,2021-2022,Engineering and Technology,1,1,1,1,Tamil Nadu,1
1-9318282792,R.V.S.COLLEGE OF ENGINEERING,RVS NAGAR KARUR ROAD N. PARAIPATTI POST,DINDIGUL,Private-Self Financing,N,N,1-5793836,fetchdata,2021-2022,Engineering and Technology,1,1,1,1,Tamil Nadu,1
1-9318277341,SRI BALAMURUGAN POLYTECHNIC COLLEGE,"UDUMALAI  ROAD, THALAIYUTHU ,PALANI",DINDIGUL,Private-Self Financing,N,N,1-449520751,fetchdata,2021-2022,Engineering and Technology,1,1,1,1,Tamil Nadu,1
1-9318283715,VIVEKANANDHA COLLEGE OF TECHNOLOGY FOR WOMEN,"SATHINAICKENPALAYAM ELAYAMPALAYAM, TIRUCHENGODE NAMAKKAL - DT",NAMAKKAL,Private-Self Financing,Y,N,1-5112281,fetchdata,2021-2022,Engineering and Technology,1,1,1,1,Tamil Nadu,1
1-9318282583,JAYAM POLYTECHNIC COLLEGE,"NALLANUR VILLAGE, KONANGIHALLI POST, PENNAGARAM TALUK",DHARMAPURI,Private-Self Financing,N,N,1-444208811,fetchdata,2021-2022,Engineering and Technology,1,1,1,1,Tamil Nadu,1
1-9318278538,THIRUMALAI MADHANUR POLYTECHNIC COLLEGE,"MADHANUR-AGARAM ROAD,THIRUMALAIKUPPAM VILLAGE, PALUR POST",VELLORE,Private-Self Financing,N,N,1-455503501,fetchdata,2021-2022,Engineering and Technology,1,1,1,1,Tamil Nadu,1
1-9318284211,FACULTY OF ENGINEERING AND TECHNOLOGY,ANNAMALAI UNIVERSITY ANNAMALAINAGAR,CUDDALORE,State Government University,N,N,1-2870850431,fetchdata,2021-2022,Engineering and Technology,1,1,1,1,Tamil Nadu,1
1-9318280208,A.D.J.DHARMAMBAL POLYTECHNIC COLLEGE,"NAGORE MAIN ROAD,  KADAMBADI, NAGAPATTINAM",NAGAPATTINAM,Govt aided,N,N,1-411302291,fetchdata,2021-2022,Engineering and Technology,1,1,1,1,Tamil Nadu,1
1-9318270592,PAAVAI POLYTECHNIC COLLEGE,"NH - 7, PAAVAI NAGAR, PACHAL",NAMAKKAL,Private-Self Financing,N,N,1-429457251,fetchdata,2021-2022,Engineering and Technology,1,1,1,1,Tamil Nadu,1
1-9318270894,MARUTHI POLYTECHNIC COLLEGE,MANIVIZHUNDAN SOUTH POST ATTUR-636121,SALEM,Private-Self Financing,N,N,1-429826871,fetchdata,2021-2022,Engineering and Technology,1,1,1,1,Tamil Nadu,1
1-9318267848,MODERATOR GNANADASON POLYTECHNIC COLLEGE,"DISTILLERY ROAD, NAGERCOIL - 629001. KANYAKUMARI DISTRICT.",KANYAKUMARI,Private-Self Financing,N,Y,1-412318341,fetchdata,2021-2022,Engineering and Technology,1,1,1,1,Tamil Nadu,1
1-9318268174,SRI SAI RAM INSTITUTE OF TECHNOLOGY,"SAI LEO NAGAR, DHARKAST ROAD, WEST TAMBARAM, CHENNAI.600 044",KANCHIPURAM,Private-Self Financing,N,N,1-2501960,fetchdata,2021-2022,Engineering and Technology,1,1,1,1,Tamil Nadu,1
1-9318265655,JEEVA'S POLYTECHNIC COLLEGE,"SF NO. 383/1, MAYLERIPALLAYAM VILLAGE, OTHAKALMANDAPAM,ARISIPALAYAM (PO),  COIMBATORE",COIMBATORE,Private-Self Financing,N,N,1-404639443,fetchdata,2021-2022,Engineering and Technology,1,1,1,1,Tamil Nadu,1
1-9318264959,E.G.S. PILLAY POLYTECHNIC COLLEGE,"NAGORE MAIN ROAD, NAGORE POST NAGAPATTINAM",NAGAPATTINAM,Private-Self Financing,N,N,1-463824941,fetchdata,2021-2022,Engineering and Technology,1,1,1,1,Tamil Nadu,1
1-9318177305,GOVERNMENT POLYTECHNIC COLLEGE,FINGER POST UDHAGAMANDALAM NILGIRIS,NILGIRIS,Government,N,N,1-498722191,fetchdata,2021-2022,Engineering and Technology,1,1,1,1,Tamil Nadu,1
1-9318178486,GOJAN SCHOOL OF BUSINESS AND TECHNOLOGY,"80-FEET ROAD, EDAPALAYAM, RED HILLS, CHENNAI-52",THIRUVALLUR,Private-Self Financing,N,N,1-4776331,fetchdata,2021-2022,Engineering and Technology,1,1,1,1,Tamil Nadu,1
1-9318180290,SRI SAKTHI POLYTECHNIC COLLEGE,"CHE.NACHIPATTU  &POST,",TIRUVANNAMALAI,Private-Self Financing,N,N,1-437704191,fetchdata,2021-2022,Engineering and Technology,1,1,1,1,Tamil Nadu,1
1-9318161843,KONGUNADU POLYTECHNIC COLLEGE,"NAMAKKAL - TRICHY MAIN ROAD, THOLURPATTI.",TIRUCHIRAPPALLI,Private-Self Financing,N,N,1-451870255,fetchdata,2021-2022,Engineering and Technology,1,1,1,1,Tamil Nadu,1
1-9318167157,ELUMALAIPOLYTECHNIC COLLEGE,"NH 45, CHENNAI TRUNK ROAD,AYYANKOILPATTU,VIILUPURAM,TAMILNADU",VILUPPURAM,Private-Self Financing,N,N,1-477970935,fetchdata,2021-2022,Engineering and Technology,1,1,1,1,Tamil Nadu,1
1-9318167451,"ALAGAPPA POLYTECHNIC COLLEGE, KARAIKUDI","PRINCIPAL, ALAGAPPA POLYTECHNIC COLLEGE",SIVAGANGA,Government,N,N,1-468153821,fetchdata,2021-2022,Engineering and Technology,1,1,1,1,Tamil Nadu,1
1-9318167671,VIVEKANANDA POLYTECHNIC COLLEGE,"KARAIKUDI-THIRUPPATHUR MAIN ROAD, (PILLYARPPATTI ROAD),",SIVAGANGA,Private-Self Financing,N,N,1-485960131,fetchdata,2021-2022,Engineering and Technology,1,1,1,1,Tamil Nadu,1
1-9318167856,MARTHANDAM COLLEGE OF ENGINEERING AND TECHNOLOGY,"P.M. VILLAGE ROAD, KUTTAKUZHI, VEEYANNOOR POST, KANYAKUMARI DISTRICT, TAMIL NADU.",KANYAKUMARI,Private-Self Financing,N,N,1-3131921,fetchdata,2021-2022,Engineering and Technology,1,1,1,1,Tamil Nadu,1
1-9318162395,PEE GEE POLYTECHNIC COLLEGE,NO. 7  KRISHNAGIRI MAIN ROAD PERIYANHALLI  DHARMAPURI,DHARMAPURI,Private-Self Financing,N,N,1-524786081,fetchdata,2021-2022,Engineering and Technology,1,1,1,1,Tamil Nadu,1
1-9318179624,SWAMY ABEDHANANDHA POLYTECHNIC COLLEGE,THELLAR   VANDAVASI - TINDIVANAM HIGHWAY,TIRUVANNAMALAI,Private-Self Financing,N,N,1-451838221,fetchdata,2021-2022,Engineering and Technology,1,1,1,1,Tamil Nadu,1
1-9318154108,J.R POLYTECHNIC COLLEGE,SOORAIKUDIPATTI VILLIAGE NAGAMANGALAM POST  ALUNDHUR,TIRUCHIRAPPALLI,Private-Self Financing,N,N,1-423137401,fetchdata,2021-2022,Engineering and Technology,1,1,1,1,Tamil Nadu,1
1-9318162568,NACHIAPPA SWAMIGAL POLYTECHNIC COLLEGE,"KOVILOOR MADALAYAM, KOVILOOR,KARAIKUDI.",SIVAGANGA,Private-Self Financing,N,N,1-455337361,fetchdata,2021-2022,Engineering and Technology,1,1,1,1,Tamil Nadu,1
1-9318175826,SSR POLYTECHNIC COLLEGE,"MADHIYANI VILLAGE, KANDEDUTHANPATTY, ARASAMALAI PANCHAYAT, PONNAMARAVATHY TALUK",PUDUKKOTTAI,Private-Self Financing,N,N,1-457994881,fetchdata,2021-2022,Engineering and Technology,1,1,1,1,Tamil Nadu,1
1-9318177074,DR.MGR POLYTECHNIC COLLEGE,"ACS NAGAR,  IRUMBEDU VILLAGE, ARNI TALUK, ARNI",TIRUVANNAMALAI,Private-Self Financing,N,N,1-437652701,fetchdata,2021-2022,Engineering and Technology,1,1,1,1,Tamil Nadu,1
1-9318164266,V V COLLEGE OF ENGINEERING,"V V NAGAR, ARASUR VILLAGE, IDAICHIVILAI POST, SATHANKULAM TALUK, TUTICORIN DISTRICT, TAMIL NADU STATE, PIN - 628656 SOUTH INDIA.",THOOTHUKUDI,Private-Self Financing,N,N,1-3929123,fetchdata,2021-2022,Engineering and Technology,1,1,1,1,Tamil Nadu,1
1-9318179278,M.A.M. SCHOOL OF ENGINEERING,"TRICHY - CHENNAI TRUNK ROAD,SIRUGANUR,TIRUCHIRAPPALLI",TIRUCHIRAPPALLI,Private-Self Financing,N,N,1-6609971,fetchdata,2021-2022,Engineering and Technology,1,1,1,1,Tamil Nadu,1
1-9318236302,HINDUSTHAN POLYTECHNIC COLLEGE,"OTHAKALMANDAPAM, COIMBATORE-32",COIMBATORE,Private-Self Financing,N,N,1-423199941,fetchdata,2021-2022,Engineering and Technology,1,1,1,1,Tamil Nadu,1
1-9318246550,NANDHA POLYTECHNIC COLLEGE,"232, CHENNIMALAIPALAYAM ROAD, PITCHANDAMAPALAYAM POST, ERODE - 638052",ERODE,Private-Self Financing,N,N,1-465642921,fetchdata,2021-2022,Engineering and Technology,1,1,1,1,Tamil Nadu,1
1-9318198305,SRI  NALLALAGHU  NADAR  POLYTECHNIC  COLLEGE,"GNT ROAD, PUZHAL, CHENNAI - 66",THIRUVALLUR,Private-Self Financing,N,N,1-452668973,fetchdata,2021-2022,Engineering and Technology,1,1,1,1,Tamil Nadu,1
1-9318212823,S.R.I. POLYTECHNIC COLLEGE,"MELMARUVATHUR ROAD BIRUDUR VILLAGE VANDAVASI TALUK TIRUVANNAMALAI D.T, PIN-604408",TIRUVANNAMALAI,Private-Self Financing,N,N,1-423214147,fetchdata,2021-2022,Engineering and Technology,1,1,1,1,Tamil Nadu,1
1-9318236556,HOLYCROSS ENGINEERING COLLEGE,"7/131, VAGAIKULAM SRIVAIKUNTAM EXPRESS ROAD SRI MULAKARAI, THANNOOTHU VILLAGE,SRIVAIKUNTAM TALUK",THOOTHUKUDI,Private-Self Financing,N,N,1-3888371,fetchdata,2021-2022,Engineering and Technology,1,1,1,1,Tamil Nadu,1
1-9318236908,MAHENDRA POLYTECHNIC COLLEGE,"MAHENDIRAPURI,MALLASAMUDRAM(W),VADUGAPALAYAM(POST), TIRUCHENGODE(T.K),NAMMAKKAL(D.T)",NAMAKKAL,Private-Self Financing,N,N,1-449987971,fetchdata,2021-2022,Engineering and Technology,1,1,1,1,Tamil Nadu,1
1-9318248605,SRG ENGINEERING COLLEGE,"SH-95, MOHANUR ROAD, ANIYAPURAM",NAMAKKAL,Private-Self Financing,N,N,1-3762338,fetchdata,2021-2022,Engineering and Technology,1,1,1,1,Tamil Nadu,1
1-9318192754,M.E.T. ENGINEERING COLLEGE,"NO:13/142A9/9, MOGALS GARDEN, CHENBAGARAMANPUTHUR,  THOVALAI TALUK, KANYAKUMARI DIST. TAMIL NADU, PINCODE: 629304",KANYAKUMARI,Private-Self Financing,N,N,1-5223351,fetchdata,2021-2022,Engineering and Technology,1,1,1,1,Tamil Nadu,1
1-9318198928,TAMILNADU COLLEGE OF ENGINEERING,PALANISAME RAVI NAGAR  KARUMATHAMPATTI POST,COIMBATORE,Private-Self Financing,N,N,1-5104051,fetchdata,2021-2022,Engineering and Technology,1,1,1,1,Tamil Nadu,1
1-9318223808,GOVERNMENT POLYTECHNIC COLLEGE KADATHUR,"GOVERNMENT POLYTECHNIC COLLEGE, BOSINAICKANAHALLI VILLAGE, KADATHUR POST, PAPPIREDDIPATTI TALUK, DHARMAPURI DISTRICT - 635303",DHARMAPURI,Government,N,N,1-2873102851,fetchdata,2021-2022,Engineering and Technology,1,1,1,1,Tamil Nadu,1
1-9318253195,INSTITUTE OF CERAMIC TECHNOLOGY,ALADI ROAD VRIDHACHALAM,CUDDALORE,Government,N,N,1-522882493,fetchdata,2021-2022,Engineering and Technology,1,1,1,1,Tamil Nadu,1
1-9318185967,SIGA POLYTECHNIC COLLEGE,"#49, TAYLORS ROAD, KILPAUK",CHENNAI,Private-Self Financing,N,Y,1-519326961,fetchdata,2021-2022,Engineering and Technology,1,1,1,1,Tamil Nadu,1
1-9318199557,ST. ANNE'S COLLEGE OF ENGINEERING AND TECHNOLOGY,ANGUCHETTYPALAYAM  SIRUVATHUR POST  PANRUTI TALUK CUDDALORE DISTRICT,CUDDALORE,Private-Self Financing,N,Y,1-5036551,fetchdata,2021-2022,Engineering and Technology,1,1,1,1,Tamil Nadu,1
1-9318199804,NARASIMMA PALLAVAN POLYTECHNIC COLLEGE,"THIMMASAMUDRAM VILLAGE, WHITE GATE KANCHIPURAM PIN:631502 TAMILNADU",KANCHIPURAM,Private-Self Financing,N,N,1-425987701,fetchdata,2021-2022,Engineering and Technology,1,1,1,1,Tamil Nadu,1
1-9318213149,SRI BOGHAR POLYTECHNIC COLLEGE,"NO.2/158, THIRUCHULLI ROAD, PANTHANAENTHAL VILLAGE,  PUDHUPATTI (POST) KARIAPATTI (TK) VIRUDHUNAGAR (DIST)",VIRUDHUNAGAR,Private-Self Financing,N,N,1-1358418621,fetchdata,2021-2022,Engineering and Technology,1,1,1,1,Tamil Nadu,1
1-9318213302,THANTHAI ROEVER INSTITUTE OF POLYTECHNIC COLLEGE,"ELAMBALUR VILLAGE, PERAMBALUR POST & TALUK, PERAMBALUR - DISTRICT",PERAMBALUR,Private-Self Financing,N,N,1-405918065,fetchdata,2021-2022,Engineering and Technology,1,1,1,1,Tamil Nadu,1
1-9318225172,DHANALAKSHMI SRINIVASAN ENGINEERING COLLEGE,"THURAIYUR ROAD, PERAMBALUR-621212",PERAMBALUR,Private-Self Financing,N,Y,1-4370591,fetchdata,2021-2022,Engineering and Technology,1,1,1,1,Tamil Nadu,1
1-9318229180,ANNAI MIRA COLLEGE OF ENGINEERING AND TECHNOLOGY,"ARAPPAKKAM VILLAGE, ARCOT ROAD, WALAJA TALUK, VELLORE DIST.",VELLORE,Private-Self Financing,N,N,1-404537421,fetchdata,2021-2022,Engineering and Technology,1,1,1,1,Tamil Nadu,1
1-9318237454,CSI POLYTECHNIC COLLEGE,"19, YERCAUD MAIN ROAD, HASTHAMPATTY",SALEM,Private-Self Financing,N,Y,1-463251785,fetchdata,2021-2022,Engineering and Technology,1,1,1,1,Tamil Nadu,1
1-9318214779,MIT POLYTECHNIC COLLEGE,CAUVERY CROSS NAVAPATTY POST METTUR-BHAVANI MAIN ROAD METTUR DAM - 636452,SALEM,Private-Self Financing,N,N,1-450923291,fetchdata,2021-2022,Engineering and Technology,1,1,1,1,Tamil Nadu,1
1-9318238708,RAJAGOPAL POLYTECHNIC COLLEGE,"KATPADI ROAD, GANDHINAGAR GUDIYATTAM- 632 602.",VELLORE,Govt aided,N,N,1-451449251,fetchdata,2021-2022,Engineering and Technology,1,1,1,1,Tamil Nadu,1
1-9318238976,A.R.J COLLEGE OF ENGINEERING AND TECHNOLOGY,THIRUMAKKOTTAI MAIN ROAD EDAYARNATHAM VILLAGE,THIRUVARUR,Private-Self Financing,N,N,1-4252413,fetchdata,2021-2022,Engineering and Technology,1,1,1,1,Tamil Nadu,1
1-9318254507,K S RANGASAMY INSTITUTE OF TECHNOLOGY,K S R KALVI NAGAR THOKKAVADI PO TIRUCHENGODE TK NAMAKKAL DT TAMIL NADU PIN: 637 215,NAMAKKAL,Private-Self Financing,N,N,1-444988331,fetchdata,2021-2022,Engineering and Technology,1,1,1,1,Tamil Nadu,1
1-9318255835,MERIT POLYTECHNIC COLLEGE,KADAYAM - MUKKUDAL ROAD,TIRUNELVELI,Private-Self Financing,N,N,1-416002203,fetchdata,2021-2022,Engineering and Technology,1,1,1,1,Tamil Nadu,1
1-9318192968,MUTHIAH POLYTECHNIC COLLEGE,ANNAMALAINAGAR CHIDAMBARAM CUDDALORE DISTRICT TAMILNADU 608 002,CUDDALORE,Govt aided,N,N,1-466239891,fetchdata,2021-2022,Engineering and Technology,1,1,1,1,Tamil Nadu,1
1-9318193220,S.VEERASAMY CHETTIAR POLYTECHNIC COLLEGE,S.V.NAGAR T.N.PUTHUKUDI PULIANGUDI.,TIRUNELVELI,Private-Self Financing,N,N,1-436289231,fetchdata,2021-2022,Engineering and Technology,1,1,1,1,Tamil Nadu,1
1-9318193554,SACS M.A.V.M.M. ENGINEERING COLLEGE,"446,MELUR-ALAGARKOIL ROAD, KIDARIPATTI (PO), ALAGARKOIL (VIA), MELUR TALUK, MADURAI-625301.",MADURAI,Private-Self Financing,N,N,1-4655811,fetchdata,2021-2022,Engineering and Technology,1,1,1,1,Tamil Nadu,1
1-9318200029,IRT POLYTECHNIC COLLEGE(CHROMEPET),"BHARATHA MATHA ST, BHARATHIPURAM, CHROMEPET,",KANCHIPURAM,Private-Self Financing,N,N,1-478448411,fetchdata,2021-2022,Engineering and Technology,1,1,1,1,Tamil Nadu,1
1-9318205031,P.S.G.PONNAMMAL POLYTECHNIC COLLEGE,"GOUNDAMPALAYAM, COIMBATORE ROAD",TIRUPPUR,Private-Self Financing,N,N,1-1507864111,fetchdata,2021-2022,Engineering and Technology,1,1,1,1,Tamil Nadu,1
1-9318239655,KIT-KALAIGNARKARUNANIDHI INSTITUTE OF TECHNOLOGY,"S.F. NO. 282, S.F. NO. 283 KANNAMPALAYAM  POST, COIMBATORE",COIMBATORE,Private-Self Financing,N,N,1-6089771,fetchdata,2021-2022,Engineering and Technology,1,1,1,1,Tamil Nadu,1
1-9318249020,PRIYADARSHINI POLYTECHNIC COLLEGE,"BARATH NAGAR, CHETTIYAPPANUR (VILLAGE & POST ) VANIYAMBADI",VELLORE,Private-Self Financing,N,N,1-461205761,fetchdata,2021-2022,Engineering and Technology,1,1,1,1,Tamil Nadu,1
1-9318249193,DR.NAGARATHINAM'S COLLEGE OF ENGINEERING,"ANANTHAGOUNDAMPALAYAM , MINNAKKAL (POST), MALLUR VIA, RASIPURAM TALUK, NAMAKKAL DT.",NAMAKKAL,Private-Self Financing,N,N,1-4352751,fetchdata,2021-2022,Engineering and Technology,1,1,1,1,Tamil Nadu,1
1-9318251352,LATHA MATHAVAN POLYTECHNIC COLLEGE,LATHA MATHAVAN NAGAR KIDARIPATTI POST ALAGARKOVIL MELUR TALUK MADURAI,MADURAI,Private-Self Financing,N,N,1-442075131,fetchdata,2021-2022,Engineering and Technology,1,1,1,1,Tamil Nadu,1
1-9318193832,RATNAVEL SUBRAMANIAM POLYTECHNIC COLLEGE,"RVS NAGAR, KARUR ROAD, DINDIGUL.",DINDIGUL,Private-Self Financing,N,N,1-465935091,fetchdata,2021-2022,Engineering and Technology,1,1,1,1,Tamil Nadu,1
1-9318194192,NELLIANDAVAR INSTITUTE OF TECHNOLOGY,"NERUNJIKORAI VILLAGE, PUDHUPALAYAM, ARIYALUR TK & DT",ARIYALUR,Private-Self Financing,N,N,1-1550031721,fetchdata,2021-2022,Engineering and Technology,1,1,1,1,Tamil Nadu,1
1-9318200854,EVEREST POLYTECHNIC COLLEGE,"EVEREST POLYTECHNIC COLLEGE,EVEREST NAGAR, NAINARAGARAM PANCHAYATH, TENKASI-MADURAI NH ROAD, ACHAMPATTI STOP, KADAYANALLUR,TENKASI TALUK,TIRUNELVELI DISTRICT.",TIRUNELVELI,Private-Self Financing,N,N,1-479198411,fetchdata,2021-2022,Engineering and Technology,1,1,1,1,Tamil Nadu,1
1-9318202111,VIGNESHWARA POLYTECHNIC COLLEGE,"CUDDALORE-CHIDAMBARAM ECR HIGHWAY, KEEZHPOOVANIKUPPAM, ALAPAKKAM (PO),",CUDDALORE,Private-Self Financing,N,N,1-460124211,fetchdata,2021-2022,Engineering and Technology,1,1,1,1,Tamil Nadu,1
1-9318205545,PSN INSTITUTE OF TECHNOLOGY,"PSN NAGER , RAMANATHICHANPUTHUR, KUMARAPURAM THOPPUR POST KANYAKUMARI DIST 629402",KANYAKUMARI,Private-Self Financing,N,N,1-413810131,fetchdata,2021-2022,Engineering and Technology,1,1,1,1,Tamil Nadu,1
1-9318205939,MAISURII POLYTECHNIC COLLEGE,"NH-47 SANKARI MAIN ROAD, KANAKAGIRI COLONY, KAKAPALAYAM POST, SANKARI TK, SALEM - 637 504",SALEM,Private-Self Financing,N,N,1-424562161,fetchdata,2021-2022,Engineering and Technology,1,1,1,1,Tamil Nadu,1
1-9318215066,MAHATH AMMA INSTITUTE OF ENGINEERING AND TECHNOLOGY,"ARIYUR, MATHIYANALOOR -  POST ANNAVASAL ROAD, ILLUPUR TALUK",PUDUKKOTTAI,Private-Self Financing,N,N,1-5029546,fetchdata,2021-2022,Engineering and Technology,1,1,1,1,Tamil Nadu,1
1-9318215371,GOMATHI AMBAL POLYTECHNIC COLLEGE,MAVEERAN POOLITHEVAN NAGAR,TIRUNELVELI,Private-Self Financing,N,N,1-432349541,fetchdata,2021-2022,Engineering and Technology,1,1,1,1,Tamil Nadu,1
1-9318219966,ST. JOSEPH'S COLLEGE OF ENGINEERING AND TECHNOLOGY,"A. S. NAGAR, ELLUPATTI, RAWASAPATTI POST, INATHUKANPATTI VILLAGE, THANJAVUR - 613 403.",THANJAVUR,Private-Self Financing,N,Y,1-4410681,fetchdata,2021-2022,Engineering and Technology,1,1,1,1,Tamil Nadu,1
1-9318240444,P.A.COLLEGE OF ENGINEERING AND TECHNOLOGY,PALLADAM ROAD POLLACHI COIMBATORE - 642002,COIMBATORE,Private-Self Financing,N,N,1-3330811,fetchdata,2021-2022,Engineering and Technology,1,1,1,1,Tamil Nadu,1
1-9318241070,MECHANICAL TRAINING INSTITUTE,"MTI,AIR FORCE STATION TAMBARAM, EAST TAMBARAM",KANCHIPURAM,Government,N,N,1-1443729831,fetchdata,2021-2022,Engineering and Technology,1,1,1,1,Tamil Nadu,1
1-9318206299,JAYARAJ ANNAPACKIAM CSI POLYTECHNIC COLLEGE,MARGOSCHIS NAGAR,THOOTHUKUDI,Private-Self Financing,N,Y,1-431264551,fetchdata,2021-2022,Engineering and Technology,1,1,1,1,Tamil Nadu,1
1-9318229815,ADHIYAMAAN POLYTECHNIC COLLEGE,"DR.M.G.R.NAGAR, CHENNATHUR",KRISHNAGIRI,Private-Self Financing,N,N,1-398281221,fetchdata,2021-2022,Engineering and Technology,1,1,1,1,Tamil Nadu,1
1-9318180507,MADURAI INSTITUTE OF ENGINEERING & TECHNOLOGY,POTTAPALAYAM VILLAGE MANAMADURAI TALUK SIVAGANGAI DISTRICT,SIVAGANGA,Private-Self Financing,N,N,1-5729671,fetchdata,2021-2022,Engineering and Technology,1,1,1,1,Tamil Nadu,1
1-9318194410,VELLORE POLYTECHNIC COLLEGE,"OYYATHUR VILLAGE,TIRIMANI POST, KATPADI TALUK, VELLORE",VELLORE,Private-Self Financing,N,N,1-484034091,fetchdata,2021-2022,Engineering and Technology,1,1,1,1,Tamil Nadu,1
1-9318194640,M.P.NACHIMUTHU M.JAGANATHAN ENGINEERING COLLEGE,"CHENNIMALAI, ERODE - 638 112.",ERODE,Private-Self Financing,N,N,1-5323603,fetchdata,2021-2022,Engineering and Technology,1,1,1,1,Tamil Nadu,1
1-9318195170,VETHATHIRI MAHARISHI INSTITUE OF TECHNOLOGY,"KODIVALASAI VILLAGE, ATHIMANJERIPET, PALLIPET ROAD.",THIRUVALLUR,Private-Self Financing,N,N,1-451819501,fetchdata,2021-2022,Engineering and Technology,1,1,1,1,Tamil Nadu,1
1-9318215808,K E T POLYTECHNIC COLLEGE,"CHINNAPANAMUTLU VILLAGE, ANCHOOR POST, T.V. MALAI N.H 66, KRISHNAGIRI",KRISHNAGIRI,Private-Self Financing,N,N,1-462883441,fetchdata,2021-2022,Engineering and Technology,1,1,1,1,Tamil Nadu,1
1-9318216252,THIRUVALLUVAR POLYTECHNIC COLLEGE,KALIPALAYAM VEERAPANDI(VIA) COIMBATORE.,COIMBATORE,Private-Self Financing,N,N,1-429407261,fetchdata,2021-2022,Engineering and Technology,1,1,1,1,Tamil Nadu,1
1-9318220446,P.S.V.COLLEGE OF ENGINEERING AND TECHNOLOGY,"MITTAPALLI, BALINAYANAPALLI (POST), ELATHAGIRI (S.O), KRISHNAGIRI (DISTRICT) PIN CODE: 635 108.",KRISHNAGIRI,Private-Self Financing,N,N,1-8517201,fetchdata,2021-2022,Engineering and Technology,1,1,1,1,Tamil Nadu,1
1-9318252447,SURYA POLYTECHNIC COLLEGE,"SURYA NAGAR,GST ROAD,KEEZHAKONDAI,VIKRAVANDI VILLUPURAM TALUK & DISTRICT",VILUPPURAM,Private-Self Financing,N,N,1-453395091,fetchdata,2021-2022,Engineering and Technology,1,1,1,1,Tamil Nadu,1
1-9318181224,PARK COLLEGE OF ENGINEERING AND TECHNOLOGY,"AVINASHI ROAD(NH-47),  KANIYUR, COIMBATORE-641659.",COIMBATORE,Private-Self Financing,N,N,1-5026891,fetchdata,2021-2022,Engineering and Technology,1,1,1,1,Tamil Nadu,1
1-9318181776,MEENAKSHI COLLEGE OF ENGINEERING,"12, VEMBULI AMMAN KOIL STREET, WEST K K NAGAR, CHENNAI - 600 078",CHENNAI,Private-Self Financing,N,Y,1-14418245,fetchdata,2021-2022,Engineering and Technology,1,1,1,1,Tamil Nadu,1
1-9318195671,SREE ARUMUGHAM POLYTECHNIC COLLEGE,"RAJA NAGAR, VAITHIYANATHAPURAM, THOLUDUR POST, TITTAGUDI TALUK",CUDDALORE,Private-Self Financing,N,N,1-455561401,fetchdata,2021-2022,Engineering and Technology,1,1,1,1,Tamil Nadu,1
1-9318206571,SMK FOMRA INSTITUTE OF TECHNOLOGY,"OLD MAHABALIPURAM ROAD, IT HIGHWAY, THAIYUR, NEAR KELAMBAKKAM,",KANCHIPURAM,Private-Self Financing,N,Y,1-4496136,fetchdata,2021-2022,Engineering and Technology,1,1,1,1,Tamil Nadu,1
1-9318207083,VALIVALAM DESIKAR POLYTECHNIC COLLEGE,NAGORE MAIN ROAD NAGAPATTINAM,NAGAPATTINAM,Govt aided,N,N,1-434084051,fetchdata,2021-2022,Engineering and Technology,1,1,1,1,Tamil Nadu,1
1-9318221083,SRI KRISHNA POLYTECHNIC COLLEGE,KOVAIPUDUR,COIMBATORE,Govt aided,N,N,1-446188791,fetchdata,2021-2022,Engineering and Technology,1,1,1,1,Tamil Nadu,1
1-9318231426,SUDHARSAN ENGINEERING COLLEGE,SATHIYAMANGALAM KULATHUR TALUK PUDKKOTTAI DISTRICT 622501,PUDUKKOTTAI,Private-Self Financing,N,N,1-3956901,fetchdata,2021-2022,Engineering and Technology,1,1,1,1,Tamil Nadu,1
1-9318232070,CHRIST THE KING POLYTECHNIC COLLEGE,"CHRIST THE KING POLYTECHNIC COLLEGE, OTHAKKALMANDAPAM, COIMBATORE - 32",COIMBATORE,Private-Self Financing,N,N,1-461962591,fetchdata,2021-2022,Engineering and Technology,1,1,1,1,Tamil Nadu,1
1-9318197030,CHEYYAR POLYTECHNIC COLLEGE,CHEYYAR POLYTECHNIC COLLEGE KULAMANDHAI VILLAGE ERUMAIVETTI POST CHEYYAR TALUK PIN-604401 THIRUVANNAMALAI DISTRICT TAMILNADU,TIRUVANNAMALAI,Private-Self Financing,N,N,1-450995471,fetchdata,2021-2022,Engineering and Technology,1,1,1,1,Tamil Nadu,1
1-9318197299,SRI VENKATESWARA POLYTECHNIC COLLEGE,PARASUR VILLAGE CHEYYAR TALUK THIRUVANNAMALAI DISTRICT,TIRUVANNAMALAI,Private-Self Financing,N,N,1-499333761,fetchdata,2021-2022,Engineering and Technology,1,1,1,1,Tamil Nadu,1
1-9318208455,THIRUMALAI POLYTECHNIC COLLEGE,KILAMBI VILLAGE KRISHNAPURAM POST KANCHIPURAM TALUK & DISTRICT,KANCHIPURAM,Private-Self Financing,N,N,1-475497154,fetchdata,2021-2022,Engineering and Technology,1,1,1,1,Tamil Nadu,1
1-9318208706,A.K.T. MEMORIALPOLYTECHNIC COLLEGE,A.K.T.NAGAR NEELAMANGALAM VILLAGE,VILUPPURAM,Private-Self Financing,N,N,1-456830121,fetchdata,2021-2022,Engineering and Technology,1,1,1,1,Tamil Nadu,1
1-9318216528,THE SALEM POLYTECHNIC COLLEGE,"GAJJALNAICKENPATTY, PANAMARATHUPATTY PIRIVU ROAD, SALEM.",SALEM,Private-Self Financing,N,N,1-425306601,fetchdata,2021-2022,Engineering and Technology,1,1,1,1,Tamil Nadu,1
1-9318221318,POLYTECHNIC COLLEGE VADAKKANGULAM,"RAJA NAGAR , VADAKKANGULAM, VADAKKANGULAM POST.",TIRUNELVELI,Private-Self Financing,N,Y,1-445619821,fetchdata,2021-2022,Engineering and Technology,1,1,1,1,Tamil Nadu,1
1-9318221532,VETRI POLYTECHNIC COLLEGE,"104,KIILKOVALA VEDU VILLAGE,  WANDAVASI TALUK,  THIRUVANNAMALAI DISTRICT,  TAMILNADU",TIRUVANNAMALAI,Private-Self Financing,N,N,1-1390404971,fetchdata,2021-2022,Engineering and Technology,1,1,1,1,Tamil Nadu,1
1-9318253010,RECT POLYTECHNIC COLLEGE,"MAIN ROAD, SOUTH VIJAYANARAYANAM",TIRUNELVELI,Private-Self Financing,N,N,1-476496781,fetchdata,2021-2022,Engineering and Technology,1,1,1,1,Tamil Nadu,1
1-9318209931,RRASE COLLEGE OF ENGINEERING,"VANJUVANCHERRY, PADAPPAI, SRIPERUMBADUR, KANCHEEPURAM",KANCHIPURAM,Private-Self Financing,N,N,1-25754471,fetchdata,2021-2022,Engineering and Technology,1,1,1,1,Tamil Nadu,1
1-9318221671,THIRUMAGAL POLYTECHNIC COLLEGE,"144,VANCHUVANCHERY,PADAPPAI POST,KANCHIPURAM DISTRICT",KANCHIPURAM,Private-Self Financing,N,N,1-801525501,fetchdata,2021-2022,Engineering and Technology,1,1,1,1,Tamil Nadu,1
1-9318221828,SHRI SITHESWARAR POLYTECHNIC COLLEGE,KALAVAI ROAD POONGODU ARCOT - 632503 VELLORE DISTRICT,VELLORE,Private-Self Financing,N,N,1-445034801,fetchdata,2021-2022,Engineering and Technology,1,1,1,1,Tamil Nadu,1
1-9318250791,JAINEE COLLEGE OF ENGINEERING AND TECHNOLOGY,"DINDIGUL-THENI MAIN ROAD, (NHB EXTN.), AATHUPATTIPRIVU, VEERAKKAL B P O, N.PANJAMPATTI P. O., DINDIGUL-624303",DINDIGUL,Private-Self Financing,N,Y,1-1496623711,fetchdata,2021-2022,Engineering and Technology,1,1,1,1,Tamil Nadu,1
1-9318184881,M.A.M. POLYTECHNIC COLLEGE,"TRICHY - CHENNAI TRUNK ROAD,",TIRUCHIRAPPALLI,Private-Self Financing,N,N,1-422436441,fetchdata,2021-2022,Engineering and Technology,1,1,1,1,Tamil Nadu,1
1-9318185138,UNIVERSAL COLLEGE OF ENGINEERING & TECHNOLOGY,"ANBAGAM CAMPUS, KADAMBANKULAM VILLAKKU, RADHAPURAM ROAD, VALLIOOR",TIRUNELVELI,Private-Self Financing,N,N,1-480945431,fetchdata,2021-2022,Engineering and Technology,1,1,1,1,Tamil Nadu,1
1-9318210698,INSTITUTE OF LEATHER TECHNOLOGY,"C I T CAMPUS, RAJIV GANDHI SALAI, THARAMANI,",CHENNAI,Government,N,N,1-511663341,fetchdata,2021-2022,Engineering and Technology,1,1,1,1,Tamil Nadu,1
1-9318216831,ST.MICHAEL POLYTECHNIC COLLEGE,"ST.SANTHIAGAPER NAGAR, KALAYARKOIL - 630551.",SIVAGANGA,Private-Self Financing,N,Y,1-424559401,fetchdata,2021-2022,Engineering and Technology,1,1,1,1,Tamil Nadu,1
1-9318222094,SREE SAKTHI ENGINEERING COLLEGE,"899/1&898/2 BETTATHAPURAM,BILICHI VILLAGE, KARAMADAI",COIMBATORE,Private-Self Financing,N,N,1-3002821,fetchdata,2021-2022,Engineering and Technology,1,1,1,1,Tamil Nadu,1
1-9318223580,SRI VINAYAGA POLYTECHNIC COLLEGE,PUTHUMOTTUR VILLAGE JINGALKATHIRMAPATTI  POST POCHAMPALLI TK KRISHNAGIRI DT,KRISHNAGIRI,Private-Self Financing,N,N,1-512750241,fetchdata,2021-2022,Engineering and Technology,1,1,1,1,Tamil Nadu,1
1-9318234877,SRI KRISHNA COLLEGE OF ENGINEERING,"T.R.S.CAMPUS, SRI KRISHNA NAGAR, TIRUTTANI ROAD,",VELLORE,Private-Self Financing,N,N,1-6552301,fetchdata,2021-2022,Engineering and Technology,1,1,1,1,Tamil Nadu,1
1-9318235068,SUGUNA POLYHTECHNIC COLLEGE,"NEHRU NAGAR, KALAPATTY ROAD, CIVIL AERODROME  PO,",COIMBATORE,Private-Self Financing,N,N,1-435925181,fetchdata,2021-2022,Engineering and Technology,1,1,1,1,Tamil Nadu,1
1-9318246167,GOLDEN POLYTECHNIC COLLEGE,"9/366, PALLAKADU VILLAGE,NADUVALUR PO GANGAVALLI TK",SALEM,Private-Self Financing,N,N,1-429946931,fetchdata,2021-2022,Engineering and Technology,1,1,1,1,Tamil Nadu,1
1-9318252082,ANNAI MADHA POLYTECHNIC COLLEGE,"EDAICHERUVAI, AKKANUR(PO), TITTAGUDI(TK)",CUDDALORE,Private-Self Financing,N,N,1-447740901,fetchdata,2021-2022,Engineering and Technology,1,1,1,1,Tamil Nadu,1
1-9318252289,GOVERNMENT  POLYTECHNIC  COLLEGE,"RAGUNATHAPURAM,PAPANASAM TALUK,THANJAVUR  DISTRICT",THANJAVUR,Government,N,N,1-2873297751,fetchdata,2021-2022,Engineering and Technology,1,1,1,1,Tamil Nadu,1
1-9318247859,OXFORD COLLEGE OF ENGINEERING,"VENMANI VILLAGE, KARAIPOONDI POST, POLUR 606 803",TIRUVANNAMALAI,Private-Self Financing,N,N,1-22539953,fetchdata,2021-2022,Engineering and Technology,1,1,1,1,Tamil Nadu,1
1-9318211029,DON BOSCO POLYTECHNIC COLLEGE,"MAMALLAPURAM BYE-PASS ROAD, KOTHIMANGALAM THIRUKAZHUKUNDRAM- 603 109",KANCHIPURAM,Private-Self Financing,N,Y,1-413840661,fetchdata,2021-2022,Engineering and Technology,1,1,1,1,Tamil Nadu,1
1-9318235696,VIVEKANANDA POLYTECHNIC COLLEGE,"COLLEGE ROAD, AGASTEESWARAM KANYAKUMARI DIST PIN-629701",KANYAKUMARI,Private-Self Financing,N,N,1-467543583,fetchdata,2021-2022,Engineering and Technology,1,1,1,1,Tamil Nadu,1
1-9318248112,RV REHA POLYTECHNIC COLLEGE,KR NAIDU NAGAR PARUVAKUDI POST KARIVALAM VIA SANKARANKOIL TALUK TIRUNELVELI DT,TIRUNELVELI,Private-Self Financing,N,Y,1-1499476541,fetchdata,2021-2022,Engineering and Technology,1,1,1,1,Tamil Nadu,1
1-9318217139,A V S COLLEGE OF TECHNOLOGY,"ATTUR MAIN ROAD , NEAR AVS COLLEGE OF ARTS & SCIENCE, CHINNAGOUNDAPURAM, SALEM - 636 106.",SALEM,Private-Self Financing,N,N,1-1505869571,fetchdata,2021-2022,Engineering and Technology,1,1,1,1,Tamil Nadu,1
1-9318228110,RUDHRAVENI MUTHUSWAMY POLYTECHNIC COLLEGE,"PALAPPAMPATTI, S.V.MILLS POST",TIRUPPUR,Private-Self Financing,N,N,1-429578191,fetchdata,2021-2022,Engineering and Technology,1,1,1,1,Tamil Nadu,1
1-9318236102,JAWAHAR ENGINEERING COLLEGE,"SABARMATHI NO.54 KALAINGNAR KARUNANITHI ROAD KAVERI RANGAN NAGAR, SALIGRAMAM, CHENNAI - 600093",CHENNAI,Private-Self Financing,N,N,1-7033311,fetchdata,2021-2022,Engineering and Technology,1,1,1,1,Tamil Nadu,1
1-9318260006,THIRUMALAI ENGINEERING COLLEGE,KILAMBI KRISHNAPURAM POST,KANCHIPURAM,Private-Self Financing,N,N,1-6374003,fetchdata,2021-2022,Engineering and Technology,1,1,1,1,Tamil Nadu,1
1-9318261674,RVS POLYTECHNIC COLLEGE,KUMARAN KOTTAM CAMPUS KANNAMPALAYAM SULUR,COIMBATORE,Private-Self Financing,N,N,1-424068551,fetchdata,2021-2022,Engineering and Technology,1,1,1,1,Tamil Nadu,1
1-9318036969,JCT COLLEGE OF ENGINEERING AND TECHNOLOGY,"PICHANUR, COIMBATORE SOUTH TALUK, COIMBATORE - 641105.",COIMBATORE,Private-Self Financing,N,N,1-5218873,fetchdata,2021-2022,Engineering and Technology,1,1,1,1,Tamil Nadu,1
1-9318041370,PERIYAR MANIAMMAI INSTITUTE OF SCIENCE AND TECHNOLOGY  PMIST,PERIYAR NAGAR VALLAM,THANJAVUR,Deemed to be University(Pvt),N,N,1-3673702931,fetchdata,2021-2022,Engineering and Technology,1,1,1,1,Tamil Nadu,1
1-9318025052,ACADEMY OF MARITIME EDUCATION AND TRAINING DEEMED TO BE UNIVERSITY,"NO.135, EAST COAST ROAD, KANATHUR, REDDYKUPPAM, CHENNAI",KANCHIPURAM,Deemed to be University(Pvt),N,N,1-3638728491,fetchdata,2021-2022,Engineering and Technology,1,1,1,1,Tamil Nadu,1
1-9318052417,A.V.C.POLYTECHNIC COLLEGE,MANNAMPANDAL-609305 MAYILADUTHURAI NAGAI DISTRICT TAMIL NADU INDIA,NAGAPATTINAM,Private-Self Financing,N,N,1-440339361,fetchdata,2021-2022,Engineering and Technology,1,1,1,1,Tamil Nadu,1
1-9318080257,BHARATH INSTITUTE OF SCIENCE AND TECHNOLOGY,"NO. 173, AGHARAM ROAD, SELAIYUR, CHENNAI - 600 073",KANCHIPURAM,Deemed to be University(Pvt),N,N,1-3672507201,fetchdata,2021-2022,Engineering and Technology,1,1,1,1,Tamil Nadu,1
1-9318075515,SATHYABAMA INSTITUTE OF SCIENCE AND TECHNOLOGY,"JEPPIAAR NAGAR, RAJIV GANDHI SALAI",KANCHIPURAM,Deemed to be University(Pvt),N,Y,1-3672332485,fetchdata,2021-2022,Engineering and Technology,1,1,1,1,Tamil Nadu,1
1-9318110414,ANNAMALAIAR COLLEGE OF ENGINEERING,CHETPET-POLUR ROAD POLUR T.K THIRUVANNAMALAI DIST,TIRUVANNAMALAI,Private-Self Financing,N,N,1-20016232,fetchdata,2021-2022,Engineering and Technology,1,1,1,1,Tamil Nadu,1
1-9318110591,KALAPANDIAN POLYTECHNI COLLEGE,SILLAMARATHUPATTI,THENI,Private-Self Financing,N,N,1-473835571,fetchdata,2021-2022,Engineering and Technology,1,1,1,1,Tamil Nadu,1
1-9318110871,JANSONS INSTITUTE OF TECHNOLOGY,"SF.NO 443/1,2, 442/1A & 442/1B KARUMATHAMPATTY, COIMBATORE  - 641659",COIMBATORE,Private-Self Financing,N,N,1-6165951,fetchdata,2021-2022,Engineering and Technology,1,1,1,1,Tamil Nadu,1
1-9318121377,PARIMALA PANDURANGAN POLYTECHNIC COLLEGE,"NO,55,CHITHATHUR VILLAGE WALAJAPET TALUK,  VELLORE DISTRICT TAMILNADU",VELLORE,Private-Self Financing,N,N,1-750694384,fetchdata,2021-2022,Engineering and Technology,1,1,1,1,Tamil Nadu,1
1-9318090326,SASTRA DEEMED UNIVERSITY,TIRUMALAISAMUDRAM,THANJAVUR,Deemed to be University(Pvt),N,N,1-3683696591,fetchdata,2021-2022,Engineering and Technology,1,1,1,1,Tamil Nadu,1
1-9318121734,RAJIV GANDHI COLLEGE OF ENGINEERING,"NEMILI VILLAGE, SRIPERUMBUDUR,PIN - 602105",KANCHIPURAM,Private-Self Financing,N,Y,1-463976071,fetchdata,2021-2022,Engineering and Technology,1,1,1,1,Tamil Nadu,1
1-9318122149,CPCL POLYTECHNIC COLLEGE,"NEDUNCHEZHIAN SALAI, MANALI, CHENNAI-600 068",THIRUVALLUR,Private-Self Financing,N,N,1-425559741,fetchdata,2021-2022,Engineering and Technology,1,1,1,1,Tamil Nadu,1
1-9318093299,SRM INSTITUTE OF SCIENCE AND TECHNOLOGY RAMAPURAM CAMPUS,"BHARATHI SALAI, RAMAPURAM, CHENNAI",THIRUVALLUR,Deemed to be University(Pvt),N,Y,1-3694796951,fetchdata,2021-2022,Engineering and Technology,1,1,1,1,Tamil Nadu,1
1-9318148025,PERI INSTITUTE OF TECHNOLOGY,"MANNIVAKKAM, TAMBARAM, CHENNAI",KANCHIPURAM,Private-Self Financing,N,N,1-5937291,fetchdata,2021-2022,Engineering and Technology,1,1,1,1,Tamil Nadu,1
1-9318147516,DHANALAKSHMI SRINIVASAN COLLEGE OF ENGINEERING,"NH-47, PALAKKAD MAIN ROAD NAVAKKARAI POST COIMBATORE",COIMBATORE,Private-Self Financing,N,N,1-4824541,fetchdata,2021-2022,Engineering and Technology,1,1,1,1,Tamil Nadu,1
1-9318140244,VENKATAESVARA POLYTECHNIC COLLEGE,KAIKURUCHI ARANTHANGI ROAD,PUDUKKOTTAI,Private-Self Financing,N,N,1-490060591,fetchdata,2021-2022,Engineering and Technology,1,1,1,1,Tamil Nadu,1
1-9318140461,NAGASIVA POLYTECHNIC COLLEGE,"NEDUNGULAM VILLAGE,VIRATHANOOR(PO),MADURAI SOUTH TK,MADURAI",MADURAI,Private-Self Financing,N,N,1-473841301,fetchdata,2021-2022,Engineering and Technology,1,1,1,1,Tamil Nadu,1
1-9318146828,LATHA MATHAVAN ENGINEERING COLLEGE,LATHA MATHAVAN NAGAR KIDARIPATTI MELUR TALUK MADURAI DISTRICT,MADURAI,Private-Self Financing,N,N,1-5828514,fetchdata,2021-2022,Engineering and Technology,1,1,1,1,Tamil Nadu,1
1-9318153057,NEHRU INSTITUTE OF ENGINEERING AND TECHNOLOGY,NEHRU GARDENSTHIRUMALAYAMPALAYAM (PO) COIMBATORE-641105,COIMBATORE,Private-Self Financing,N,N,1-4151744,fetchdata,2021-2022,Engineering and Technology,1,1,1,1,Tamil Nadu,1
1-9318147160,SSM POLYTECHNIC COLLEGE,VALAYAKARANOOR,NAMAKKAL,Govt aided,N,N,1-447948571,fetchdata,2021-2022,Engineering and Technology,1,1,1,1,Tamil Nadu,1
1-9318136022,SUN POLYTECHNIC COLLEGE,"UDAYA NAGAR, AMMANDI VILAI & POST",KANYAKUMARI,Private-Self Financing,N,N,1-425528111,fetchdata,2021-2022,Engineering and Technology,1,1,1,1,Tamil Nadu,1
1-9318135242,LOURDES MOUNT COLLEGE OF ENGINEERING AND TECHNOLOGY,MARTHANDAM - KARUNGAL ROAD CHUNDAVILAI MULLANGANAVILAI NATTALAM POST,KANYAKUMARI,Private-Self Financing,N,N,1-1503749921,fetchdata,2021-2022,Engineering and Technology,1,1,1,1,Tamil Nadu,1
1-9318135631,GOVERNMENT TECHNICAL TRAINING CENTRE,"100 FEET ROAD, INDUSTRIAL ESTATE, GUINDY, CHENNAI 32",CHENNAI,Government,N,N,1-512494351,fetchdata,2021-2022,Engineering and Technology,1,1,1,1,Tamil Nadu,1
1-9318164654,GOVERNMENT POLYTECHNIC COLLEGE,"SEVVAPET, THIRUVALLUR DISTRICT.",THIRUVALLUR,Government,N,N,1-3398117151,fetchdata,2021-2022,Engineering and Technology,1,1,1,1,Tamil Nadu,1
1-9318175379,THANTHAI PERIYAR GOVERNMENT INSTITUTE OF TECHNOLOGY,BAGAYAM VELLORE-2,VELLORE,Government,N,N,1-14155411,fetchdata,2021-2022,Engineering and Technology,1,1,1,1,Tamil Nadu,1
1-9318175603,SRI BALAJI POLYTECHNIC COLLEGE,BALAJI NAGAR KOLAPAKKAM VANDALUR,KANCHIPURAM,Private-Self Financing,N,N,1-452885211,fetchdata,2021-2022,Engineering and Technology,1,1,1,1,Tamil Nadu,1
1-9317977631,DR.MAHALINGAM COLLEGE OF ENGINEERING AND TECHNOLOGY,"MACKKINAICKENPATTI (POST), UDUMALAI ROAD, POLLACHI 642003",COIMBATORE,Private-Self Financing,N,N,1-5756261,fetchdata,2021-2022,Engineering and Technology,1,1,1,1,Tamil Nadu,1
1-9317976401,TAMILNADU GOVERNMENT POLYTECHNIC COLLEGE,TPK ROAD  MADURAI,MADURAI,Government,N,N,1-506518011,fetchdata,2021-2022,Engineering and Technology,1,1,1,1,Tamil Nadu,1
1-9318061721,KARUNYA INSTITUTE OF TECHNOLOGY AND SCIENCES,KARUNYA NAGAR COIMBATORE,COIMBATORE,Deemed to be University(Pvt),N,Y,1-3672511631,fetchdata,2021-2022,Engineering and Technology,1,1,1,1,Tamil Nadu,1
1-9318039471,THANAPANDIYAN POLYTECHNIC COLLEGE,"THANAPANDIYAN NAGAR, AUSTINPATTY ROAD,",MADURAI,Private-Self Financing,N,N,1-507374661,fetchdata,2021-2022,Engineering and Technology,1,1,1,1,Tamil Nadu,1
1-9317604829,KAPI POLYTECHNIC COLLEGE,"GANDHIGRAM MAMA DR G RAMACHNDRAN NAGAR,SITHAYANKOTTAI POST, PALAYAMKOTTAI VIA,DINDIGUL DISTRICT",DINDIGUL,Private-Self Financing,N,N,1-476324101,fetchdata,2021-2022,Engineering and Technology,1,1,1,1,Tamil Nadu,1
1-9317611672,S.K.P. ENGINEERING COLLEGE,"CHINNKANGIYANUR, SOMASIPADI POST, TIRUVANNAMALAI TALUK, TIRUVANNAMALAI DIST",TIRUVANNAMALAI,Private-Self Financing,N,N,1-1710591,fetchdata,2021-2022,Engineering and Technology,1,1,1,1,Tamil Nadu,1
1-9317613598,KARPAGAM INSTITUTE OF TECHNOLOGY,"KARPAGAM INSTITUTE OF TECHNOLOGY S.F.NO:247,248. L&T BYPASS ROAD SEERAPALAYAM VILLAGE BODIPALAYAM POST COIMBATORE - 641 105 TAMILNADU",COIMBATORE,Private-Self Financing,N,N,1-8932081,fetchdata,2021-2022,Engineering and Technology,1,1,1,1,Tamil Nadu,1
1-9317607479,SHIVANII ENGINEERING COLLEGE,"POOLANGULATHUPATTI, POOLANGULATHUPATTI(P.O), SRIRANGAM(T.K),",TIRUCHIRAPPALLI,Private-Self Financing,N,N,1-5039493,fetchdata,2021-2022,Engineering and Technology,1,1,1,1,Tamil Nadu,1
1-9317624563,T.S.M.JAIN COLLEGE OF TECHNOLOGY,"MELUR VILLAGE, KALLAKURICHI TALUK",VILUPPURAM,Private-Self Financing,N,N,1-6200381,fetchdata,2021-2022,Engineering and Technology,1,1,1,1,Tamil Nadu,1
1-9317624346,ANGEL COLLEGE OF ENGINEERING AND TECHNOLOGY,"ANGEL COLLEGE OF ENGINEERING AND TECHNOLOGY P.K. PALAYAM, UGAYANUR VILLAGE, DHARAPURAM MAIN ROAD,  TIRUPUR",TIRUPPUR,Private-Self Financing,N,N,1-4247542,fetchdata,2021-2022,Engineering and Technology,1,1,1,1,Tamil Nadu,1
1-9317620219,AAROORAN POLYTECHNIC COLLEGE,"MAYILADUTHURAI MAIN ROAD, SORAKKUDI, KANGALANCHERI (PO) NANNILAM(TK) THIRUVARUR",THIRUVARUR,Private-Self Financing,N,N,1-455832283,fetchdata,2021-2022,Engineering and Technology,1,1,1,1,Tamil Nadu,1
1-9317627097,NOORUL ISLAM COLLEGE OF ENGINEERING,NOORUL ISLAM COLLEGE OF ENGINEERING KUMARACOIL TEMPLE ROAD KALKULAM VILLAGE THUCKALAY KANYAKUMARI DISTRICT,KANYAKUMARI,Deemed to be University(Pvt),N,N,1-10525271,fetchdata,2021-2022,Engineering and Technology,1,1,1,1,Tamil Nadu,1
1-9317631332,CHENDHURAN COLLEGE OF ENGINEERING & TECHNOLOGY,"MADURAI MAIN RAOD, LENA VILAKKU, PILIVALAM POST, THIRUMAYAM TALUK, PUDUKKOTTAI DIST-622 507.",PUDUKKOTTAI,Private-Self Financing,N,N,1-6417641,fetchdata,2021-2022,Engineering and Technology,1,1,1,1,Tamil Nadu,1
1-9317632835,CIT SANDWICH POLYTECHNIC COLLEGE,"AVANASHI ROAD, CIVIL AERODROME (POST) COIMBATORE",COIMBATORE,Govt aided,N,N,1-455084151,fetchdata,2021-2022,Engineering and Technology,1,1,1,1,Tamil Nadu,1
1-9317671215,SRI S.RAMASAMY NAIDU MEMORIAL POLYTECHNIC COLLEGE,VENKATACHALAPURAM,VIRUDHUNAGAR,Private-Self Financing,N,N,1-426109571,fetchdata,2021-2022,Engineering and Technology,1,1,1,1,Tamil Nadu,1
1-9317668439,SRI ANNAMALAI POLYTECHNIC COLLEGE,"CHENNAI HIGH WAY,PADUR (POST), ULUNDURPET (TALUK),  VILLUPURAM (DT), PIN :606115",VILUPPURAM,Private-Self Financing,N,N,1-441812371,fetchdata,2021-2022,Engineering and Technology,1,1,1,1,Tamil Nadu,1
1-9317755478,SRI MUTHUKUMARAN INSTITUTE OF TECHNOLOGY,CHIKKARAYAPURAM NEAR MANGADU CHENNAI-600 069.,KANCHIPURAM,Private-Self Financing,N,Y,1-12940021,fetchdata,2021-2022,Engineering and Technology,1,1,1,1,Tamil Nadu,1
1-9317772127,SRI SAIRAM POLYTECHNIC COLLEG,"SAI LEO NAGAR, WEST TAMBARAM, CHENNAI -44",KANCHIPURAM,Private-Self Financing,N,N,1-430192721,fetchdata,2021-2022,Engineering and Technology,1,1,1,1,Tamil Nadu,1
1-9317790936,SURYA ENGINEERING COLLEGE,"PERUNDURAI ROAD,  MANAL MEDU, METTUKADAI, KATHIRAMPATTI POST",ERODE,Private-Self Financing,N,N,1-2388434,fetchdata,2021-2022,Engineering and Technology,1,1,1,1,Tamil Nadu,1
1-9317692138,SBM COLLEGE OF ENGINEERING & TECHNOLOGY,"SBM NAGAR, THAMARAIPADI (PO), TRICHY ROAD, DINDIGUL - 624 005.",DINDIGUL,Private-Self Financing,N,N,1-3483501,fetchdata,2021-2022,Engineering and Technology,1,1,1,1,Tamil Nadu,1
1-9317693584,PAAVENDHAR POLYTECHNIC COLLEGE,"MANIVIZHUNTHAN SOUTH POST, SALEM - CHENNAI HIGHWAY(N H-68)",SALEM,Private-Self Financing,N,N,1-434194991,fetchdata,2021-2022,Engineering and Technology,1,1,1,1,Tamil Nadu,1
1-9317830295,370 PALLAVAN POLYTECHNIC COLLEGE,"KOLIVAKKAM, IYYENGARKULAM, KANCHIPURAM DISTRICT",KANCHIPURAM,Private-Self Financing,N,N,1-431033065,fetchdata,2021-2022,Engineering and Technology,1,1,1,1,Tamil Nadu,1
1-9317831788,GOVERNMENT COLLEGE OF ENGINEERING,CHETTIKARAI P.O DHARMAPURI-636704,DHARMAPURI,Government,N,N,1-2492832711,fetchdata,2021-2022,Engineering and Technology,1,1,1,1,Tamil Nadu,1
1-9317795243,JAIRUPAA COLLEGE OF ENGENEERING,"THOTTIAPALAYAM, KATHANKANNI-PO, KANGAYAM-TK.",TIRUPPUR,Private-Self Financing,N,N,1-468167351,fetchdata,2021-2022,Engineering and Technology,1,1,1,1,Tamil Nadu,1
1-9317776645,SRI SIVASUBRMANIYA NADAR COLLEGE OF ENGINEERING,RAJIV GANDHI SALAI (OMR) KALAVAKKAM - 603 110 KANCHIPURAM DIST TAMIL NADU,KANCHIPURAM,Private-Self Financing,N,N,1-1229101,fetchdata,2021-2022,Engineering and Technology,1,1,1,1,Tamil Nadu,1
1-9317885111,SCHOOL OF MARITIME STUDIES,"OFF RAJIV GANDHI SALAI,  OMR (IT HIGHWAY) THALAMBUR, (NEAR NAVALUR) CHENNAI - 600 130.",KANCHIPURAM,Deemed to be University(Pvt),N,N,1-3710357081,fetchdata,2021-2022,Engineering and Technology,1,1,1,1,Tamil Nadu,1
1-9317896273,KARPAGAM ACADEMY OF HIGHER EDUCATION,"POLLACHI MAIN ROAD, EACHANARI POST, COIMBATORE",COIMBATORE,Deemed to be University(Pvt),N,N,1-3701861724,fetchdata,2021-2022,Engineering and Technology,1,1,1,1,Tamil Nadu,1
1-9317897048,SAVEETHA INSTITUTE OF MEDICAL AND TECHNICAL SCIENCES,"SAVEETHA INSTITUTE OF MEDICAL AND TECHNICAL SCIENCES, SAVEETHA NAGAR, THANDALAM  POST, SRIPERUMPUDUR TALUK, KANCHIPURAM DISTRICT, TAMILNADU - 602105.",KANCHIPURAM,Deemed to be University(Pvt),N,N,1-3702136294,fetchdata,2021-2022,Engineering and Technology,1,1,1,1,Tamil Nadu,1
1-9317913814,AMRITA VISHWA VIDYAPEETHAM CHENNAI CAMPUS,"337/1A, VENGAL VILLAGE THIRUVALLUR TALUK ",THIRUVALLUR,Deemed to be University(Pvt),N,N,1-3739527761,fetchdata,2021-2022,Engineering and Technology,1,1,1,1,Tamil Nadu,1
1-9317850751,ST.JOSEPH COLLEGE OF ENGINEERING,"TRINITY CAMPUS, NEMILI B BEEMANTHANGAL VILLAGE, SRIPERUMBUDUR, KANCHEEPURAM DISTRICT-602105.",KANCHIPURAM,Private-Self Financing,N,Y,1-5216166,fetchdata,2021-2022,Engineering and Technology,1,1,1,1,Tamil Nadu,1
1-9317870876,VINAYAKA MISSION'S KIRUPANANDA VARIYAR ENGINEERING COLLEGE,"A CONSTITUENT COLLEGE OF VINAYAKA MISSION'S RESEARCH FOUNDATION DEEMED TO BE UNIVERSITY,  PERIASEERAGAPADI, NH-47, SANKARI MAIN ROAD, SALEM",SALEM,Deemed to be University(Pvt),N,N,1-3691226051,fetchdata,2021-2022,Engineering and Technology,1,1,1,1,Tamil Nadu,1
1-9317902001,NATIONAL INSTITUTE OF TECHNICAL TEACHERS TRAINING AND RESEARCH,TARAMANI CHENNAI,CHENNAI,Government,N,N,1-3714693441,fetchdata,2021-2022,Engineering and Technology,1,1,1,1,Tamil Nadu,1
1-9317859400,SRI RAMACHANDRA POLYTECHNIC COLLEGE,104/7 ALAMELUPURAM(PO) PAPPIREDDIPATI (TK) DHARMAPURI (DT),DHARMAPURI,Private-Self Financing,N,N,1-421769571,fetchdata,2021-2022,Engineering and Technology,1,1,1,1,Tamil Nadu,1
1-9317846595,GOVERMENT POLYTECHNIC COLLEGE,PAINGINAR VILLAGE CHEYYART.K,TIRUVANNAMALAI,Government,N,N,1-2084815251,fetchdata,2021-2022,Engineering and Technology,1,1,1,1,Tamil Nadu,1
1-9317846799,SRI SANTHOSHI POLYTECHNIC COLLEGE,"09,PAIYAMBADI VILLAGE,MADURANTHAKAM(TK)",KANCHIPURAM,Private-Self Financing,N,N,1-506494903,fetchdata,2021-2022,Engineering and Technology,1,1,1,1,Tamil Nadu,1
1-9317852328,STATE INSTITUTE OF COMMERCE EDUCATION,"CIT CAMPUS THARAMANI, CHENNAI - 113",CHENNAI,Government,N,N,1-504672733,fetchdata,2021-2022,Engineering and Technology,1,1,1,1,Tamil Nadu,1
1-9317864590,RANIPPETTAI ENGINEERING COLLEGE,"THENKADAPANTHANGAL - 632513, WALLAJAH TALUK, VELLORE DISTRICT, TAMILNADU.",VELLORE,Private-Self Financing,N,N,1-5283611,fetchdata,2021-2022,Engineering and Technology,1,1,1,1,Tamil Nadu,1
1-9317922507,VELLORE INSTITUTE OF TECHNOLOGY CHENNAI OFF CAMPUS,MELAKOTTAIYUR VANDALUR KELLAMBAKKAM ROAD CHENNAI,KANCHIPURAM,Deemed to be University(Pvt),N,N,1-3734368051,fetchdata,2021-2022,Engineering and Technology,1,1,1,1,Tamil Nadu,1
1-9317555484,P.S.R.R COLLEGE OF ENGINEERING,APPAYANAICKENPATTI SEVALPATTI SIVAKASI,VIRUDHUNAGAR,Private-Self Financing,Y,Y,1-4410911,fetchdata,2021-2022,Engineering and Technology,1,1,1,1,Tamil Nadu,1
1-9317547375,APOLLO ENGINEERING COLLEGE,"MEVALOORKUPPAM, VALARPURAM POST, SRIPERUMBUDUR TALUK, KANCHIPURAM DISTRICT, TAMILNADU.",KANCHIPURAM,Private-Self Financing,N,N,1-28447791,fetchdata,2021-2022,Engineering and Technology,1,1,1,1,Tamil Nadu,1
1-9317549538,ER. PERUMAL MANIMEKALAI POLYTECHNIC COLLEGE,"17TH KM HOSUR - KRISHNAGIRI ROAD, NH7, 101, NALLAGANAKOTHAPALLI, SHOLLAGIRI POST,  HOSUR TALUK, KRISHNAGIRI DIST PIN 635117",KRISHNAGIRI,Private-Self Financing,N,Y,1-451556641,fetchdata,2021-2022,Engineering and Technology,1,1,1,1,Tamil Nadu,1
1-9317545505,SENTHUR POLYTECHNIC COLLEGE,"SENTHUR POLYTECHNIC COLLEGE,                S.F NO. 449/1, NAMBIYUR -AVINASHI MAIN ROAD,SAVAKKATTUPALAYAM PO,AVINASHI TALUK, TIRUPPUR DISTRICT -638460",TIRUPPUR,Private-Self Financing,N,N,1-426092643,fetchdata,2021-2022,Engineering and Technology,1,1,1,1,Tamil Nadu,1
1-9317548222,OXFORD ENGINEERING COLLEGE,PIRATTIYUR,TIRUCHIRAPPALLI,Private-Self Financing,N,N,1-6539141,fetchdata,2021-2022,Engineering and Technology,1,1,1,1,Tamil Nadu,1
1-9317559090,SADASIVAM KATHIRKAMAVALLI POLYTECHNIC COLLEGE,"27.SERUMANGALAM-I, MANNARGUDI",THIRUVARUR,Private-Self Financing,N,N,1-482116771,fetchdata,2021-2022,Engineering and Technology,1,1,1,1,Tamil Nadu,1
1-9317555766,ST.MICHAEL COLLEGE OF ENGINEERING & TECHNOLOGY,"ST.SANTHIAGAPER NAGAR, KALAYARKOIL, SIVAGANGA DISTRICT.",SIVAGANGA,Private-Self Financing,N,Y,1-3214121,fetchdata,2021-2022,Engineering and Technology,1,1,1,1,Tamil Nadu,1
1-9317545714,GOVERNMENT POLYTECHNIC COLLEGE,KEELAKANAVAI VELUR POST,PERAMBALUR,Government,N,N,1-434019891,fetchdata,2021-2022,Engineering and Technology,1,1,1,1,Tamil Nadu,1
1-9317554790,CMS COLLEGE OF ENGINEERING AND TECHNOLOGY,"APPACHIGOUNDENPATHY, KUMITTIPATHI (PO), OTHAKKALMANDAPAM (VIA), COIMBATORE - 641 032",COIMBATORE,Private-Self Financing,N,N,1-4211871,fetchdata,2021-2022,Engineering and Technology,1,1,1,1,Tamil Nadu,1
1-9317548630,MOTHER TERASA COLLEGE OF ENGINEERING AND TECHNOLOGY,"METTUSALAI, ILLUPPUR (POST & TALUK), PUDUKKOTTAI - DIST, PIN-622102.",PUDUKKOTTAI,Private-Self Financing,N,N,1-4974801,fetchdata,2021-2022,Engineering and Technology,1,1,1,1,Tamil Nadu,1
1-9317548945,K. RAMAKRISHNAN COLLEGE OF ENGINEERING,"KARIYAMANICKAM ROAD, SAMAYAPURAM,",TIRUCHIRAPPALLI,Private-Self Financing,N,N,1-421206141,fetchdata,2021-2022,Engineering and Technology,1,1,1,1,Tamil Nadu,1
1-9317545934,M.I.E.T. POLYTECHNIC COLLEGE,"TRICHY-PUDUKOTTAI ROAD, TRICHIRAPALLI - 620 007.",TIRUCHIRAPPALLI,Private-Self Financing,N,N,1-424592671,fetchdata,2021-2022,Engineering and Technology,1,1,1,1,Tamil Nadu,1
1-9317568218,THIAGARAJAR POLYTECHNIC COLLEGE,POST BOX NO 523 JUNCTION MAIN ROAD SURAMANGALAM POST SALEM,SALEM,Govt aided,N,N,1-409699763,fetchdata,2021-2022,Engineering and Technology,1,1,1,1,Tamil Nadu,1
1-9317570130,OASYS INSTITUTE OF TECHNOLOGY,"TIRUCHIRAPPALLI-THURAIYUR MAIN ROAD, PULIVALAM  P.O MUSIRI TALUK",TIRUCHIRAPPALLI,Private-Self Financing,N,N,1-5359211,fetchdata,2021-2022,Engineering and Technology,1,1,1,1,Tamil Nadu,1
1-9317571757,RUKMINI SHANMUGAM POLYTECHNIC COLLEGE,"RUKMINI SHANMUGAM POLYTECHNIC COLLEGE VARICHIYUR, MADURAI - 625 020 TAMILNADU",MADURAI,Govt aided,N,N,1-510342091,fetchdata,2021-2022,Engineering and Technology,1,1,1,1,Tamil Nadu,1
1-9317560355,SRI VENKATACHALAPATHY POLYTECHNIC COLLEGE,"VADAKUCHIPALAYAM VILLAGE, KAPPIYAMPULIYUR POST, VILLUPURAM",VILUPPURAM,Private-Self Financing,N,N,1-460693031,fetchdata,2021-2022,Engineering and Technology,1,1,1,1,Tamil Nadu,1
1-9317560860,KNOWLEDGE INSTITUTE OF TECHNOLOGY,"KIOT CAMPUS, KAKAPALAYAM(PO), SALEM - 637504",SALEM,Private-Self Financing,N,N,1-2745081,fetchdata,2021-2022,Engineering and Technology,1,1,1,1,Tamil Nadu,1
1-9317562463,STUDYWORLD COLLEGE OF ENGINEERING,ALAGU NACHIAMMAN KOIL ROAD PALATHURAI (PO) COIMBATORE - 641 105,COIMBATORE,Private-Self Financing,N,N,1-6124036,fetchdata,2021-2022,Engineering and Technology,1,1,1,1,Tamil Nadu,1
1-9317559587,SRI ANNAI ABHIRAMI POLYTECHNIC COLLEGE,"PUDUKKOTTAI TO THANJAVUR ROAD,PERUNGALUR(POST),PUDUKKOTTAI,PUDUKKOTTAI-DIST,PIN-622203.",PUDUKKOTTAI,Private-Self Financing,N,N,1-448339453,fetchdata,2021-2022,Engineering and Technology,1,1,1,1,Tamil Nadu,1
1-9317559762,IFET COLLEGE OF ENGINEERING,"IFET NAGAR, GANGARAMPALAYA M,VALAVANUR POST, VILLUPURAM DISTRICT, TAMILNADU 605 108",VILUPPURAM,Private-Self Financing,N,N,1-8141341,fetchdata,2021-2022,Engineering and Technology,1,1,1,1,Tamil Nadu,1
1-9317583100,SRS POLYTECHNIC COLLEGE,"HARUR MAIN ROAD,  KUPPANUR (P.O),  SALEM - 636 122 TAMIL NADU",SALEM,Private-Self Financing,N,N,1-6690913,fetchdata,2021-2022,Engineering and Technology,1,1,1,1,Tamil Nadu,1
1-9317574627,HINDUSTAN INSTITUTE OF ENGINEERING TECHNOLOGY  POLYTECHNIC COLLEGE,"HIET POLYTECHNIC COLLEGE NAVALUR ROAD, VELLARITHANGAL VILLAGE SEREPENANCHERY POST, SRIPERUMBADUR TALUK, KANCHEEPURAM DISTRICT - 601 301.",KANCHIPURAM,Private-Self Financing,N,Y,1-477475681,fetchdata,2021-2022,Engineering and Technology,1,1,1,1,Tamil Nadu,1
1-9317578910,SWAMI VIVEKANANDA POLYTECHNIC COLLEGE,"KOTTARAKUNDRU ROAD,ARUMBAVUR POST,VEPPANTHATTAI TALUK,PERAMBALUR DISTRICT",PERAMBALUR,Private-Self Financing,N,N,1-474311203,fetchdata,2021-2022,Engineering and Technology,1,1,1,1,Tamil Nadu,1
1-9317590275,ASAN MEMORIAL COLLEGE OF ENGINEERING AND TECHNOLOGY,ASAN NAGAR 9TH KILOMETER CHENGALPATTU-MAHABALIPURAM HIGHWAY POST BOX NO:6 CHENGALPATTU-603001,KANCHIPURAM,Private-Self Financing,N,Y,1-3446974,fetchdata,2021-2022,Engineering and Technology,1,1,1,1,Tamil Nadu,1
1-9317590684,KAMATCHI POLYTECHNIC COLLEGE,"VASANTHA NAGAR,THOGAMALAI MAIN ROAD ,POTHAVUR VILLAGE,INAMPULIYUR POST,TIRUCHIRAPPALLI",TIRUCHIRAPPALLI,Private-Self Financing,N,N,1-753723611,fetchdata,2021-2022,Engineering and Technology,1,1,1,1,Tamil Nadu,1
1-9317584435,SRM VALLIAMMAI ENGINEERING COLLEGE,SRM NAGAR KATTANKULATHUR CHENGALPATTU KANCHEEPURAM,KANCHIPURAM,Private-Self Financing,N,Y,1-5788131,fetchdata,2021-2022,Engineering and Technology,1,1,1,1,Tamil Nadu,1
1-9317595827,PAVAI COLLEGE OF TECHNOLOGY,"NH-7, SALEM-NAMAKKAL HIGHWAYS, PACHAL POST, NAMAKKAL DT. TAMIL NADU PIN:637 018",NAMAKKAL,Private-Self Financing,N,N,1-4319191,fetchdata,2021-2022,Engineering and Technology,1,1,1,1,Tamil Nadu,1
1-9317594928,SRI MUTHALAMMAN POLYTECHNIC COLLEGE,"SOMANATHAPURAM, T.NALLUR POST",RAMANATHAPURAM,Private-Self Financing,N,N,1-452747911,fetchdata,2021-2022,Engineering and Technology,1,1,1,1,Tamil Nadu,1
1-9317595434,JEPPIAAR ENGINEERING COLLEGE (E&T),JEPPIAAR NAGAR OLD MAMMALLAPURAM ROAD,KANCHIPURAM,Private-Self Financing,N,Y,1-424068621,fetchdata,2021-2022,Engineering and Technology,1,1,1,1,Tamil Nadu,1
1-9317608092,T.J. INSTITUTE OF TECHNOLOGY,"RAJIV GANDHI SALAI, KARAPAKKAM, CHENNAI - 97",CHENNAI,Private-Self Financing,N,Y,1-273386441,fetchdata,2021-2022,Engineering and Technology,1,1,1,1,Tamil Nadu,1
1-9317605248,JOHN BOSCO POLYTECHNIC COLLEGE,"PERIYAKUPPAM, TIRUVALLUR RAILWAY STATION, TIRUVALLUR, TIRUVALLUR TK & DT, TAMILNADU",THIRUVALLUR,Private-Self Financing,N,N,1-455243423,fetchdata,2021-2022,Engineering and Technology,1,1,1,1,Tamil Nadu,1
1-9317529609,VSA GROUP OF INSTITUTIONS,NH-47 MAIN ROAD UTHAMASOLAPURAM (PO) SALEM-636010,SALEM,Private-Self Financing,N,N,1-5773001,fetchdata,2021-2022,Engineering and Technology,1,1,1,1,Tamil Nadu,1
1-9317535239,SIR ISSAC NEWTON POLYTECHNIC COLLEGE,"PAPPAKOIL ANDHANAPETTAI (POST), NAGAPATTINAM",NAGAPATTINAM,Private-Self Financing,N,N,1-435561771,fetchdata,2021-2022,Engineering and Technology,1,1,1,1,Tamil Nadu,1
1-9317534104,SRI SOLAMALAI POLYTECHNIC COLLEGE,S V  RAJA NAGAR VEERAPANJAN KARUPPAYURANI (PO),MADURAI,Private-Self Financing,N,N,1-525725721,fetchdata,2021-2022,Engineering and Technology,1,1,1,1,Tamil Nadu,1
1-9317533118,C.K. COLLEGE OF ENGINEERING & TECHNOLOGY,"JAYARAM NAGAR, CHELLANGKUPPAM,  CUDDALORE, TAMILNADU - 607 003",CUDDALORE,Private-Self Financing,N,N,1-4294856,fetchdata,2021-2022,Engineering and Technology,1,1,1,1,Tamil Nadu,1
1-9317533673,THAAI POLYTECHNIC COLLEGE,"UNION OFFICE ROAD, NEERATHAN",MADURAI,Private-Self Financing,N,N,1-521025701,fetchdata,2021-2022,Engineering and Technology,1,1,1,1,Tamil Nadu,1
1-9317534378,"GOVERNMENT POLYTECHNIC COLLEGE, KANIYALAMPATTI","SINTHAMANIPATTI VIA, KADAVUR TALUK KARUR  621301",KARUR,Government,N,N,1-456405373,fetchdata,2021-2022,Engineering and Technology,1,1,1,1,Tamil Nadu,1
1-9317541848,SIR ISSAC NEWTON COLLEGE OF ENGINEERING AND TECHNOLOGY,"ANDHANAPEETAI POST, PAPPAKOIL, NAGAPATTINAM 611 102",NAGAPATTINAM,Private-Self Financing,N,N,1-13464971,fetchdata,2021-2022,Engineering and Technology,1,1,1,1,Tamil Nadu,1
1-9317541578,SRI SOWDAMBIKA POLYTECHNIC COLLEGE,THIRUCHULI ROAD CHOCKALINGAPURAM,VIRUDHUNAGAR,Private-Self Financing,N,N,1-467287581,fetchdata,2021-2022,Engineering and Technology,1,1,1,1,Tamil Nadu,1
1-9317538186,RAJALAKSHMI POLYTECHNIC COLLEGE,"IYANGUNAM ROAD, SOMASIPADI VILLAGE & POST",TIRUVANNAMALAI,Private-Self Financing,N,N,1-425803421,fetchdata,2021-2022,Engineering and Technology,1,1,1,1,Tamil Nadu,1
1-9317544670,A.R.J POLYTECHNIC COLLEGE,EDAYARNATHAM THIRUMAKKOTTAI MAIN ROAD SERANGULAM POST MANNARGUDI TK THIRUVARUR DT.,THIRUVARUR,Private-Self Financing,N,N,1-431277511,fetchdata,2021-2022,Engineering and Technology,1,1,1,1,Tamil Nadu,1
1-9317544970,RAMCO INSTITUTE OF TECHNOLOGY,"NORTH VENGANALLUR VILLAGE, KRISHNAPURAM PANCHAYAT, RAJAPALAYAM",VIRUDHUNAGAR,Private-Self Financing,N,N,1-1423258331,fetchdata,2021-2022,Engineering and Technology,1,1,1,1,Tamil Nadu,1
1-9317538431,GOVERNMENT POLYTECHNIC COLLEGE,"GOVERNMENT  POLYTECHNIC COLLEGE,THOZHUVOOR,VALANGAIMAN,THIRUVARUR.",THIRUVARUR,Government,N,N,1-2873498251,fetchdata,2021-2022,Engineering and Technology,1,1,1,1,Tamil Nadu,1
1-9317542114,RAJAS INSTITUTE OF TECHNOLOGY,"OZHUGINASERY, NAGERCOIL KANYAKUMARI DIST. TAMILNADU SOUTH INDIA",KANYAKUMARI,Private-Self Financing,N,N,1-6872191,fetchdata,2021-2022,Engineering and Technology,1,1,1,1,Tamil Nadu,1
1-9317538639,"GOVERNMENT POLYTECHNIC COLLEGE,RK NAGAR","KAMARAJ SALAI ,  TONDIARPET,  CHENNAI -81",CHENNAI,Government,N,N,1-2871904131,fetchdata,2021-2022,Engineering and Technology,1,1,1,1,Tamil Nadu,1
1-9317538979,INDRA GANESAN COLLEGE OF ENGINEERING,"MADURAI MAIN ROAD, MANIKANDAM, TIRUCHIRAPPALLI 620012",TIRUCHIRAPPALLI,Private-Self Financing,N,N,1-5177771,fetchdata,2021-2022,Engineering and Technology,1,1,1,1,Tamil Nadu,1
1-9317542446,PASUMPON NETHAJI POLYTECHNIC COLLEGE,PASUMPON NETHAJI POLYTECHNIC COLLEGE A.R.P.NAGAR MELANEELITHANALLUR,TIRUNELVELI,Private-Self Financing,N,N,1-479941681,fetchdata,2021-2022,Engineering and Technology,1,1,1,1,Tamil Nadu,1
1-9317543120,ST XAVIER'S POLYTECHNIC COLLEGE,"THIRUPPATHUR ROAD,RAM NAGAR,",SIVAGANGA,Private-Self Financing,N,Y,1-429709281,fetchdata,2021-2022,Engineering and Technology,1,1,1,1,Tamil Nadu,1
1-9317542673,ROYAL POLYTECHNIC COLLEGE,KULATHUR POST,PUDUKKOTTAI,Private-Self Financing,N,N,1-454848011,fetchdata,2021-2022,Engineering and Technology,1,1,1,1,Tamil Nadu,1
1-9317543291,SHREE MARUTHI POLYTECHNIC COLLEGE,MANIVIZHUNDAN SOUTH(POST) ATTUR(TK) SALEM(DT),SALEM,Private-Self Financing,N,N,1-425600713,fetchdata,2021-2022,Engineering and Technology,1,1,1,1,Tamil Nadu,1
1-9317551099,VIGNESH POLYTECHNIC COLLEGE,"MELPUTHIYANDAL VILLAGE,  TIRUVANNAMALAI",TIRUVANNAMALAI,Private-Self Financing,N,N,1-454848061,fetchdata,2021-2022,Engineering and Technology,1,1,1,1,Tamil Nadu,1
1-9317524083,GOVERNMENT POLYTECHNIC COLLEGE,"UTHAPPANAICKANUR USILAMPATTI TK,MADURAI",MADURAI,Government,N,N,1-2087247171,fetchdata,2021-2022,Engineering and Technology,1,1,1,1,Tamil Nadu,1
1-9317519163,ST. XAVIER'S CATHOLIC COLLEGE OF ENGINEERING,"CHUNKANKADAI, KANYAKUMARI DISTRICT, TAMILNADU, PIN-629003",KANYAKUMARI,Private-Self Financing,N,Y,1-7826511,fetchdata,2021-2022,Engineering and Technology,1,1,1,1,Tamil Nadu,1
1-9317529078,SRI RENGESWARAR POLYTECHNIC COLLEGE,"3/333, POTTIREDDIPATTI POST, NAMAKKAL DISTRICT.",NAMAKKAL,Private-Self Financing,N,N,1-446140711,fetchdata,2021-2022,Engineering and Technology,1,1,1,1,Tamil Nadu,1
1-9317522928,GOVERNMENT POLYTECHNIC COLLEGE TIRUCHIRAPPALLI,THUVAKKUDI MALAI TIRUCHIRAPPALII,TIRUCHIRAPPALLI,Government,N,N,1-439920471,fetchdata,2021-2022,Engineering and Technology,1,1,1,1,Tamil Nadu,1
1-9317524703,SRI VIGNESH POLYTECHNIC COLLEGE,"TRICHY - CHENNAI TRUNK ROAD, KOOTHUR - POST",TIRUCHIRAPPALLI,Private-Self Financing,N,N,1-452979601,fetchdata,2021-2022,Engineering and Technology,1,1,1,1,Tamil Nadu,1
1-9317523714,SREE SOWDAMBIKA COLLEGE OF ENGINEERING,CHETTIKURICHI ARUPPUKOTTAI,VIRUDHUNAGAR,Private-Self Financing,N,N,1-396896621,fetchdata,2021-2022,Engineering and Technology,1,1,1,1,Tamil Nadu,1
1-9317520794,E.G.S. PILLAY ENGINEERING COLLEGE,"OLD NAGORE ROAD, NAGORE POST, NAGAPATTINAM DT TAMIL NADU STATE PIN: 611 002",NAGAPATTINAM,Private-Self Financing,N,N,1-5857311,fetchdata,2021-2022,Engineering and Technology,1,1,1,1,Tamil Nadu,1
1-9317529880,VIRUDHUNAGAR S.VELLAICHAMY NADAR  POLYTECHNIC COLLEGE,ROSALPATTI VILLAGE VIRUDHUNAGAR,VIRUDHUNAGAR,Govt aided,N,N,1-421375471,fetchdata,2021-2022,Engineering and Technology,1,1,1,1,Tamil Nadu,1
1-9317352234,KARPAGAM COLLEGE OF ENGINEERING," SF NO : 758, 759, 760 OTHAKKAL MANDAPAM COIMBATORE - 641 032",COIMBATORE,Private-Self Financing,N,N,1-4285391,fetchdata,2021-2022,Engineering and Technology,1,1,1,1,Tamil Nadu,1
1-9317348267,VEERAMMAL ENGINEERING COLLEGE,PVP NAGAR K.SINGRAKKOTTAI DINDIGUL DISTRICT-624 708 TAMILNADU,DINDIGUL,Private-Self Financing,Y,N,1-9103125,fetchdata,2021-2022,Engineering and Technology,1,1,1,1,Tamil Nadu,1
1-9317365707,IDHAYA ENGINEERING COLLEGE FOR WOMEN,NAINARPALAYAM ROAD  CHINNA SALEM VILLUPURAM DT,VILUPPURAM,Private-Self Financing,Y,Y,1-10765421,fetchdata,2021-2022,Engineering and Technology,1,1,1,1,Tamil Nadu,1
1-9317380215,THANTHAI PERIYAR E.V.RAMASAMY GOVERNMENT POLYTECHNIC COLLEGE,BAGAYAM ROAD THORAPADI P.O.,VELLORE,Government,N,N,1-457006281,fetchdata,2021-2022,Engineering and Technology,1,1,1,1,Tamil Nadu,1
1-9317373471,SRI AYYAPPA POLYTECHNIC COLLEGE,"AIVADHUGUDI, ERANJI POST, VIRUDHACHALAM TALUK, CUDDALORE DISTRICT.",CUDDALORE,Private-Self Financing,N,N,1-446181421,fetchdata,2021-2022,Engineering and Technology,1,1,1,1,Tamil Nadu,1
1-9317367037,ARULMIGU SENTHILANDAVAR POLYTECHNIC COLLEGE,AYIKUDI (VIA) TENKASI-627811,TIRUNELVELI,Private-Self Financing,N,N,1-507818601,fetchdata,2021-2022,Engineering and Technology,1,1,1,1,Tamil Nadu,1
1-9317373746,JAYALAKSHMI  INSTITUTE  OF  TECHNOLOGY,THOPPUR DHARMAPURI (DT),DHARMAPURI,Private-Self Financing,N,N,1-5822911,fetchdata,2021-2022,Engineering and Technology,1,1,1,1,Tamil Nadu,1
1-9317382331,SRI NANDHANAM POLYTECHNIC COLLEGE,"MOLAGARAMPATTI,TIRUPATTUR-635601",VELLORE,Private-Self Financing,N,Y,1-473846691,fetchdata,2021-2022,Engineering and Technology,1,1,1,1,Tamil Nadu,1
1-9317374191,SUGUNA COLLEGE OF ENGINEERING,"NEHRU NAGAR  (WEST), KALAPATTI ROAD, CIVIL AERODROME  (PO)",COIMBATORE,Private-Self Financing,N,N,1-814729991,fetchdata,2021-2022,Engineering and Technology,1,1,1,1,Tamil Nadu,1
1-9317374717,816 SHREE VENKATESHWARA HI TECH POLYTECHNIC COLLEGE,"ERODE-GOBI MAIN ROAD,SRIKALAIVANI NAGAR,OTHAKUTHIRAI,K.METTUPALAYAM-PO,GOBI-TK,ERODE-DT",ERODE,Private-Self Financing,N,N,1-431725341,fetchdata,2021-2022,Engineering and Technology,1,1,1,1,Tamil Nadu,1
1-9317374923,MOHAMED SATHAK POLYTECHIC COLLEGE,CHAIRMAN SATHAK SALAI POST EAST COAST ROAD KILAKARAI,RAMANATHAPURAM,Govt aided,N,N,1-461168981,fetchdata,2021-2022,Engineering and Technology,1,1,1,1,Tamil Nadu,1
1-9317375191,PODHIGAI COLLEGE OF ENGINEERING & TECHNOLOGY,"SALEM MAIN ROAD, ADIYUR POST,TIRUPATTUR TALUK - 635 601. VELLORE DIST TAMILNADU",VELLORE,Private-Self Financing,N,N,1-4152903,fetchdata,2021-2022,Engineering and Technology,1,1,1,1,Tamil Nadu,1
1-9317370296,TAGORE INSTITUTE OF ENGINEERING AND TECHNOLOGY,"SALEM-CHENNAI MAIN ROAD, DEVIYAKURICHI - 636 112, ATTUR(TK), SALEM(DT), TAMIL NADU",SALEM,Private-Self Financing,N,N,1-4247981,fetchdata,2021-2022,Engineering and Technology,1,1,1,1,Tamil Nadu,1
1-9317379674,LITTLE FLOWER POLYTECHNIC COLLEGE,"NO.682, LAWRENCE NAGAR, MOULIVAKKAM, CHENNAI 600 125",KANCHIPURAM,Private-Self Financing,N,N,1-500053181,fetchdata,2021-2022,Engineering and Technology,1,1,1,1,Tamil Nadu,1
1-9317370683,SNS COLLEGE OF TECHNOLOGY,"SATHY MAIN ROAD, VAZHIYAMPALAYAM SARAVANAMPATTI POST COIMBATORE",COIMBATORE,Private-Self Financing,N,N,1-2494761,fetchdata,2021-2022,Engineering and Technology,1,1,1,1,Tamil Nadu,1
1-9317361150,"R.V.S. EDUCATIONAL TRUST'S GROUP OF INSTITUTIONS  R.V.S. SCHOOL OF ENGINEERING & TECHNOLOGY, R.V.S. SCHOOL OF BUSINESS MANAGEMENT, R.V.S. SCHOOL OF COMPUTER APPLICATION",R.V.S. NAGAR N.PARAIPATTI POST,DINDIGUL,Private-Self Financing,N,N,1-447630411,fetchdata,2021-2022,Engineering and Technology,1,1,1,1,Tamil Nadu,1
1-9317385139,PARK COLLEGE OF TECHNOLOGY,"PREMA RAVI NAGAR, KARUMATHAMPATTY, COIMBATORE - 641659",COIMBATORE,Private-Self Financing,N,N,1-2073181,fetchdata,2021-2022,Engineering and Technology,1,1,1,1,Tamil Nadu,1
1-9317386643,MANGAYARKARASI COLLEGE OF ENGINEERING,"7-1-139, 1ST STREET, MANGAYARKARASI NAGAR, PARAVAI, MADURAI - 625402.",MADURAI,Private-Self Financing,N,N,1-1549625394,fetchdata,2021-2022,Engineering and Technology,1,1,1,1,Tamil Nadu,1
1-9317386865,CARE COLLEGE OF ENGINEERING,"NO. 27, THAYANOOR VILLAGE, KUTTAPATTI",TIRUCHIRAPPALLI,Private-Self Financing,N,N,1-12383211,fetchdata,2021-2022,Engineering and Technology,1,1,1,1,Tamil Nadu,1
1-9317391910,CHENDHURAN POLYTECHNIC COLLEGE,"MADURAI ROAD, PULIVALAM(PO)",PUDUKKOTTAI,Private-Self Financing,N,N,1-450416791,fetchdata,2021-2022,Engineering and Technology,1,1,1,1,Tamil Nadu,1
1-9317384329,SRINIVASA SUBBARAYA POLYTECHNIC COLLEGE,PUTHUR,NAGAPATTINAM,Government,N,N,1-487148641,fetchdata,2021-2022,Engineering and Technology,1,1,1,1,Tamil Nadu,1
1-9317384574,SRI RAMAKRISHNA MISSION VIDYALAYA POLYTECHNIC COLLEGE,"METTUPALAYAM MAIN ROAD, SRKVIDYALAYA  POST, PERIYANAICKENPALAYAM.",COIMBATORE,Govt aided,N,N,1-441479051,fetchdata,2021-2022,Engineering and Technology,1,1,1,1,Tamil Nadu,1
1-9317385462,INDIRA INSTITUTE OF ENGINEERING AND TECHNOLOGY,NO 1 V.G.R NAGAR V.G.R GARDENS PANDUR THIRUVALLUR,THIRUVALLUR,Private-Self Financing,N,N,1-10706530,fetchdata,2021-2022,Engineering and Technology,1,1,1,1,Tamil Nadu,1
1-9317397655,GURU RAAGAVINDRA POLYTECHNIC COLLEGE,"VEPPOOR VILLAGE, KATPADI TALUK,",VELLORE,Private-Self Financing,N,N,1-445053081,fetchdata,2021-2022,Engineering and Technology,1,1,1,1,Tamil Nadu,1
1-9317394299,SRI VIDYA COLLEGE OF ENGINEERING & TECHNOLOGY,"SIVAKASI MAIN ROAD, P.KUMARALINGAPURAM, VIRUDHUNAGAR-626005 TAMIL NADU.",VIRUDHUNAGAR,Private-Self Financing,N,N,1-10093904,fetchdata,2021-2022,Engineering and Technology,1,1,1,1,Tamil Nadu,1
1-9317394737,INSTITUTE OF CHEMICAL TECHNOLOGY,C.I.T CAMPUS TARAMANI CHENNAI,KANCHIPURAM,Government,N,N,1-480361021,fetchdata,2021-2022,Engineering and Technology,1,1,1,1,Tamil Nadu,1
1-9317398181,SARDAR RAJA COLLEGE OF ENGINEERING,"RAJA NAGAR, ALANGULAM, TIRUNELVELI DIST, TAMILNADU.",TIRUNELVELI,Private-Self Financing,N,N,1-2894011,fetchdata,2021-2022,Engineering and Technology,1,1,1,1,Tamil Nadu,1
1-9317395887,GOVERNMENT POLYTECHNIC COLLEGE FOR WOMEN,"TPK ROAD,MADURAI 625011",MADURAI,Government,Y,N,1-479782641,fetchdata,2021-2022,Engineering and Technology,1,1,1,1,Tamil Nadu,1
1-9317396336,V.K.P.POLYTECHNIC COLLEGE,"MADURAI MAIN ROAD,CHOCKAMPATTI.",TIRUNELVELI,Private-Self Financing,N,N,1-466034941,fetchdata,2021-2022,Engineering and Technology,1,1,1,1,Tamil Nadu,1
1-9317396599,SRI KRISHNA POLYTECHNIC COLLEGE,"MADURAI MAINROAD, BATLAGUNDU",DINDIGUL,Private-Self Financing,N,N,1-475207451,fetchdata,2021-2022,Engineering and Technology,1,1,1,1,Tamil Nadu,1
1-9317398693,EXCEL POLYTECHNIC COLLEGE,"KUTTIKINATHOOR ROAD, PALLAKAPALAYAM, SANKARI WEST POST, TIRUCHENGODE TALUK",NAMAKKAL,Private-Self Financing,N,N,1-445360961,fetchdata,2021-2022,Engineering and Technology,1,1,1,1,Tamil Nadu,1
1-9317399005,PSV POLYTECHNIC COLLEGE,EMBAL MAIN ROAD MIRATTUNILAI (VILLAGE & POST) THIRUMAYAM TALUK PUDUKKOTAI DISTRICT,PUDUKKOTTAI,Private-Self Financing,N,N,1-465044147,fetchdata,2021-2022,Engineering and Technology,1,1,1,1,Tamil Nadu,1
1-9317399540,E.S.ENGINEERING COLLEGE,"CHENNAI TRUNK ROAD,  AYYANKOILPATTU,",VILUPPURAM,Private-Self Financing,N,N,1-3858465,fetchdata,2021-2022,Engineering and Technology,1,1,1,1,Tamil Nadu,1
1-9317397470,PADALESUWARAR POLYTECHNIC COLLEGE,K. K. NAGAR VANNARAPALAYAM CUDDALORE,CUDDALORE,Private-Self Financing,N,N,1-458309533,fetchdata,2021-2022,Engineering and Technology,1,1,1,1,Tamil Nadu,1
1-9317400835,CHAMBER OF COMMERCE MANALI RAMAKRISHNA POLYTECHNIC COLLEGE,KURUVADI RAMAPURAM POST,THANJAVUR,Private-Self Financing,N,N,1-494595791,fetchdata,2021-2022,Engineering and Technology,1,1,1,1,Tamil Nadu,1
1-9317406607,SATYAM COLLEGE OF ENGINEERING & TECHNOLOGY,"SATYAM NAGAR, KANNAPPANNALUR, ARALVOIMOZHI, KANYAKUMARI DISTRICT.",KANYAKUMARI,Private-Self Financing,N,N,1-5018761,fetchdata,2021-2022,Engineering and Technology,1,1,1,1,Tamil Nadu,1
1-9317432609,G K M COLLEGE OF ENGINEERING AND TECHNOLOGY,G K M NAGARALAPPAKKAM - MAPPEDU ROADNEW PERUGALATHURCHENNAI -600063.,KANCHIPURAM,Private-Self Financing,N,N,1-2496711,fetchdata,2021-2022,Engineering and Technology,1,1,1,1,Tamil Nadu,1
1-9317440415,SRIRAM POLYTECHNIC COLLEGE,PERUMALPATTU,THIRUVALLUR,Private-Self Financing,N,Y,1-431017001,fetchdata,2021-2022,Engineering and Technology,1,1,1,1,Tamil Nadu,1
1-9317420029,CAPE INSTITUTE OF TECHNOLOGY,"RAJAKRISHNAPURAM POST, RADHAPURAM TALUK.",TIRUNELVELI,Private-Self Financing,N,N,1-5206275,fetchdata,2021-2022,Engineering and Technology,1,1,1,1,Tamil Nadu,1
1-9317441014,SIVAKASI INSTITUTE OF PRINTING TECHNOLOGY,"32/1, A. MEENAKSHIPURAM, ANAIKUTTAM (P.O).",VIRUDHUNAGAR,Private-Self Financing,N,N,1-421207891,fetchdata,2021-2022,Engineering and Technology,1,1,1,1,Tamil Nadu,1
1-9317441234,R.M.K. COLLEGE OF ENGINEERING AND TECHNOLOGY,R.S.M. NAGAR PUDUVOYAL - 601 206 GUMMIDIPOONDI TALUK THIRUVALLUR DISTRICT TAMILNADU,THIRUVALLUR,Private-Self Financing,N,Y,1-2511917,fetchdata,2021-2022,Engineering and Technology,1,1,1,1,Tamil Nadu,1
1-9317441850,SHREE VENKATESHWARA HI-TECH ENGINEERING COLLEGE,"SRI KALAIVANI NAGAR, ERODE-SATHY MAIN ROAD, OTHAKUTHIRAI, K.METTUPALAYAM (PO) GOBICHETTIPALAYAM - 638 455 ERODE (DISTRICT),  TAMILNADU, INDIA.",ERODE,Private-Self Financing,N,N,1-2024231,fetchdata,2021-2022,Engineering and Technology,1,1,1,1,Tamil Nadu,1
1-9317454627,ARULMIGU MEENAKSHI AMMAN COLLEGE OF ENGINEERING,"ARULMIGU MEENAKSHI AMMAN COLLEGE OF ENGINEERING VADAMAVANDAL VILLAGE, NAMANDI POST,(NEAR KANCHIPURAM),",TIRUVANNAMALAI,Private-Self Financing,N,Y,1-4184374,fetchdata,2021-2022,Engineering and Technology,1,1,1,1,Tamil Nadu,1
1-9317433352,K.K.S. MANI POLYTECHNIC COLLEGE,"NO.78.C.C. ROAD, KANNAMANGALAM (VIA), VALLAM VILLAGE, VELLORE TALUK & DISTRICT",VELLORE,Private-Self Financing,N,N,1-458944651,fetchdata,2021-2022,Engineering and Technology,1,1,1,1,Tamil Nadu,1
1-9317437001,MOTHERTERASA POLYTECHNIC COLLEGE,"METTUSALLAI ILLUPPUR, PUDUKKOTTAI(DT) PIN-622102",PUDUKKOTTAI,Private-Self Financing,N,N,1-457048161,fetchdata,2021-2022,Engineering and Technology,1,1,1,1,Tamil Nadu,1
1-9317433484,PAVENDAR BHARATHIDASAN COLLEGE OF ENGINEERING & TECHNOLOGY,"THANJAI NATARAJAN NAGAR, OPP. TO BHARATHIDASAN UNIVERSITY, PUDUKKOTTAI MAIN ROAD, MATHUR, KULATHUR, PUDUKKOTTAI. 622515",PUDUKKOTTAI,Private-Self Financing,N,N,1-3477251,fetchdata,2021-2022,Engineering and Technology,1,1,1,1,Tamil Nadu,1
1-9317417865,SAKTHI POLYTECHNIC COLLEGE,NACHIMUTHUPURAM SAKTHI NAGAR APPAKUDAL,ERODE,Govt aided,N,N,1-445676291,fetchdata,2021-2022,Engineering and Technology,1,1,1,1,Tamil Nadu,1
1-9317453822,DR. G.U. POPE COLLEGE OF ENGINEERING,"POPE NAGAR,  SAWYERPURAM",THOOTHUKUDI,Private-Self Financing,N,N,1-423116251,fetchdata,2021-2022,Engineering and Technology,1,1,1,1,Tamil Nadu,1
1-9317454059,RVS COLLEGE OF ENGINEERING AND TECHNOLOGY,"KUMARAN KOTTAM CAMPUS, KANNAMPALAYAM POST, COIMBATORE.",COIMBATORE,Private-Self Financing,N,N,1-4285831,fetchdata,2021-2022,Engineering and Technology,1,1,1,1,Tamil Nadu,1
1-9317418260,RAMU - SEETHA POLYTECHNIC COLLEGE,RAMU - SEETHA NAGAR KARIAPATTI,VIRUDHUNAGAR,Private-Self Financing,N,N,1-404662901,fetchdata,2021-2022,Engineering and Technology,1,1,1,1,Tamil Nadu,1
1-9317453649,KAMARAJAR POLYTECHNIC COLLEGE,"1016, THIRUPPANINATHAM, ENNANAGARAM POST, CHIDAMBARAM TALUK. CUDDALORE DISTRICT, TAMILNADU.",CUDDALORE,Private-Self Financing,N,N,1-1433116641,fetchdata,2021-2022,Engineering and Technology,1,1,1,1,Tamil Nadu,1
1-9317429440,SRI RAMAKRISHNA INSTITUTE OF TECHNOLOGY,"PACHAPALAYAM, PERUR CHETTIPALAYAM COIMBATORE - 641010",COIMBATORE,Private-Self Financing,N,N,1-7841521,fetchdata,2021-2022,Engineering and Technology,1,1,1,1,Tamil Nadu,1
1-9317435354,UDAYA POLYTECHNIC COLLEGE,"UDAYA NAGER, VELLAMODI JN, ESANTHANGU, AZHIKKAL POST, KANYAKUMARI DISTRICT, TAMILNADU.",KANYAKUMARI,Private-Self Financing,N,N,1-435531783,fetchdata,2021-2022,Engineering and Technology,1,1,1,1,Tamil Nadu,1
1-9317437843,ANNAI VEILANKANNIS COLLEGE OF ENGINEERING,"33 GANDHI ROAD,NEDUNGUNDRAM",CHENNAI,Private-Self Financing,N,N,1-483503761,fetchdata,2021-2022,Engineering and Technology,1,1,1,1,Tamil Nadu,1
1-9317442845,SRI BALAJI CHOCKALINGAM ENGINEERING COLLEGE,"IRUMBEDU, ARNI T.K., ARNI TIRUVANNAMALAI DIST.,",TIRUVANNAMALAI,Private-Self Financing,N,N,1-2189847,fetchdata,2021-2022,Engineering and Technology,1,1,1,1,Tamil Nadu,1
1-9317435760,VENKATRAMANA POLYTECHNIC COLLEGE,"VENKATTAPURAM,45A, VELLIYANAI SOUTH VILLAGE, KARUR TALUK KARUR DISTRICT",KARUR,Private-Self Financing,N,N,1-410024651,fetchdata,2021-2022,Engineering and Technology,1,1,1,1,Tamil Nadu,1
1-9317445459,K S R INSTITUTE FOR ENGINEERING AND TECHNOLOGY,"KSR KALVI NAGAR, TIRUCHENGODE.",NAMAKKAL,Private-Self Financing,N,N,1-501005591,fetchdata,2021-2022,Engineering and Technology,1,1,1,1,Tamil Nadu,1
1-9317438247,MADHA INSTITUTE OF ENGINEERING AND TECHNOLOGY,"IRANDAAM KATTALAI, SADHANANTHAPURAM, THANDALAM (P.O), CHENNAI - 600122",CHENNAI,Private-Self Financing,N,Y,1-17346571,fetchdata,2021-2022,Engineering and Technology,1,1,1,1,Tamil Nadu,1
1-9317454379,"ANNAI COLLEGE OF POLYTECHNIC,","ANAKUDI ROAD, KOVILACHERI,  KUMBAKONAM",THANJAVUR,Private-Self Financing,N,Y,1-401622983,fetchdata,2021-2022,Engineering and Technology,1,1,1,1,Tamil Nadu,1
1-9317439667,SSM INSTITUTE OF ENGINEERING AND TECHNOLOGY,"KUTTATHUPATTI VILLAGE, BEGAMBUR POST, DINDIGUL TALUK, DINDIGUL DISTRICT, TAMILNADU",DINDIGUL,Private-Self Financing,N,N,1-415294961,fetchdata,2021-2022,Engineering and Technology,1,1,1,1,Tamil Nadu,1
1-9317449425,KONGUNADU POLYTECHNIC COLLEGE,PALAYAM (VIA) PUSARIPATTI PIRIVU,DINDIGUL,Private-Self Financing,N,N,1-475245811,fetchdata,2021-2022,Engineering and Technology,1,1,1,1,Tamil Nadu,1
1-9317418900,JESU POLYTECHNIC COLLEGE,"KALLALANGUDI(PO), ALANGUDI(TK), PUDUKKOTTAI(DT), 622301",PUDUKKOTTAI,Private-Self Financing,N,N,1-497077711,fetchdata,2021-2022,Engineering and Technology,1,1,1,1,Tamil Nadu,1
1-9317452121,P.T.LEE CHENGALVARAYA NAICKER COLLEGE OF ENGINEERING & TECHNOLOGY,"OOVERY, VELIYUR POST, KANCHIPURAM, KANCHIPURAM DT. PIN : 631 502. TAMIL NADU, SOUTH INDIA.",KANCHIPURAM,Private-Self Financing,N,N,1-8155938,fetchdata,2021-2022,Engineering and Technology,1,1,1,1,Tamil Nadu,1
1-9317430420,SUBRAMANIAN POLYTECHNIC COLLEGE,"RAYAVARAM, THIRUMAYAM(TK)",PUDUKKOTTAI,Private-Self Financing,N,N,1-488700101,fetchdata,2021-2022,Engineering and Technology,1,1,1,1,Tamil Nadu,1
1-9317430769,SMR EAST COAST COLLEGE OF ENGINEERING AND TECHNOLOGY,"EAST COAST ROAD, SOMANATHAPATTINAM,",THANJAVUR,Private-Self Financing,N,N,1-4791491,fetchdata,2021-2022,Engineering and Technology,1,1,1,1,Tamil Nadu,1
1-9317448542,ASIAN COLLEGE OF ENGINEERING AND TECHNOLOGY,"294/2, ASIAN COLLEGE ROAD, KONDAYAMPALAYAM, NEAR SARAVANAMPATTI, COIMBATORE - 641 110",COIMBATORE,Private-Self Financing,N,N,1-1481600021,fetchdata,2021-2022,Engineering and Technology,1,1,1,1,Tamil Nadu,1
1-9317426489,GOVERNMENT POLYTECHNIC COLLEGE,"CIVIL AERODROME POST, AVINASHI ROAD",COIMBATORE,Government,N,N,1-455756111,fetchdata,2021-2022,Engineering and Technology,1,1,1,1,Tamil Nadu,1
1-9317431031,ANNAPOORANA ENGINEERING COLLEGE,"SANKARI MAIN ROAD, NH-47, PERIASEERAGAPADI",SALEM,Private-Self Financing,N,N,1-7030281,fetchdata,2021-2022,Engineering and Technology,1,1,1,1,Tamil Nadu,1
1-9317427020,P. A. POLYTECHNIC COLLEGE,POLLACHI,COIMBATORE,Private-Self Financing,N,N,1-466447981,fetchdata,2021-2022,Engineering and Technology,1,1,1,1,Tamil Nadu,1
1-9317506261,126-GOVERNMENT POLYTECHNIC COLLEGE,"THENI - KAMBUM MAIN ROAD, SAMUTHAYA KOODAM, KOTTUR-625534, THENI DISTRICT.",THENI,Government,N,N,1-466720281,fetchdata,2021-2022,Engineering and Technology,1,1,1,1,Tamil Nadu,1
1-9317511044,"GOVERNMENT POLYTECHNIC COLLEGE,SRIRANGAM.","GOVERNMENT POLYTECHNIC COLLEGE SRIRANGAM,SETHURAPATTI VILLAGE,MANIKANDAM POST,SRIRANGAM TALUK,TRICHY.",TIRUCHIRAPPALLI,Government,N,N,1-2057990614,fetchdata,2021-2022,Engineering and Technology,1,1,1,1,Tamil Nadu,1
1-9317483133,CHRISTIAN COLLEGE OF ENGINEERING AND TECHNOLOGY,"CHRISTIAN COLLEGE OF ENGINEERING AND TECHNOLOGY, NEAR CHECK POST, ODDANCHATRAM - 624 619, DINDIGUL DISTRICT, TAMILNADU.",DINDIGUL,Private-Self Financing,N,Y,1-4661491,fetchdata,2021-2022,Engineering and Technology,1,1,1,1,Tamil Nadu,1
1-9317511250,DUSI POLYTECHNIC COLLEGE,"DUSI VILLAGE &POST, CHEYYAR TALUK, TIRUVANNAMALAI DISTRICT",TIRUVANNAMALAI,Private-Self Financing,N,N,1-438820481,fetchdata,2021-2022,Engineering and Technology,1,1,1,1,Tamil Nadu,1
1-9317511428,THE KONGU POLYTECHNIC COLLEGE,"KALLIYANVALASU, NH-7, TRICHY MAIN ROAD, MUKKUTHIPALAYAM (POST), MALLUR(VIA),",SALEM,Private-Self Financing,N,N,1-486943331,fetchdata,2021-2022,Engineering and Technology,1,1,1,1,Tamil Nadu,1
1-9317507530,GOVERNMENT COLLEGE OF TECHNOLOGY,THADAGAM ROAD COIMBATORE,COIMBATORE,Government,N,N,1-410916521,fetchdata,2021-2022,Engineering and Technology,1,1,1,1,Tamil Nadu,1
1-9317469661,SREE VAIKUNDAR POLYTECHNIC COLLEGE,"PILLAYARPURAM, MONIKETTIPOTTAL POST",KANYAKUMARI,Private-Self Financing,N,N,1-410940821,fetchdata,2021-2022,Engineering and Technology,1,1,1,1,Tamil Nadu,1
1-9317469839,ST.JOSEPH'S INSTITUTE OF TECHNOLOGY,"JEPPIAAR NAGAR, OLD MAMALLAPURAM ROAD, CHENNAI-600119",KANCHIPURAM,Private-Self Financing,N,Y,1-465995545,fetchdata,2021-2022,Engineering and Technology,1,1,1,1,Tamil Nadu,1
1-9317473677,SRI RAMAKRISHNA POLYTECHNIC COLLEGE,"VATTAMALAIPALAYAM, N.G.G.O.COLONY(POST), COIMBATORE",COIMBATORE,Private-Self Financing,N,N,1-422808431,fetchdata,2021-2022,Engineering and Technology,1,1,1,1,Tamil Nadu,1
1-9317478149,ST.JOSEPH'S POLYTECHNIC COLLEGE,"OPP TO SOOLAMALI BUS STOP , PERIYA PANAMUTLU, THIRUVANNAMALAI,ANCHOOR POST , KRISHNAGIRI  - 635 108",KRISHNAGIRI,Private-Self Financing,N,N,1-479774571,fetchdata,2021-2022,Engineering and Technology,1,1,1,1,Tamil Nadu,1
1-9317512310,MEENAKSHI KRISHNAN POLYTECHNIC COLLEGE,"SHANKAR NAGAR,PAMMAL,CHENNAI",KANCHIPURAM,Private-Self Financing,N,N,1-411314411,fetchdata,2021-2022,Engineering and Technology,1,1,1,1,Tamil Nadu,1
1-9317463912,GRT INSTITUTE OF ENGINEERING AND TECHNOLOGY,GRT MAHALAKSHMI  NAGAR CHENNAI-TIRUPATHI  HIGH WAY  TIRUTTANI-631209,THIRUVALLUR,Private-Self Financing,N,N,1-22710593,fetchdata,2021-2022,Engineering and Technology,1,1,1,1,Tamil Nadu,1
1-9317483945,SRI RANGANATHAR INSTITUTE OF ENGINEERING AND TECHNOLOGY,"SF NO 162, ATHIPALAYAM VILLAGE, THUDIYALUR - KOVILPALAYAM ROAD, COIMBATORE 641110",COIMBATORE,Private-Self Financing,N,N,1-476020081,fetchdata,2021-2022,Engineering and Technology,1,1,1,1,Tamil Nadu,1
1-9317499490,RAMYA SATHIANATHAN POLYTECHNIC COLLEGE,SENGIPPATTY TO BUDHALUR ROAD PUDUPPATTY VILLAGE THANJAVUR DISTRICT TAMIL NADU,THANJAVUR,Private-Self Financing,N,N,1-459233181,fetchdata,2021-2022,Engineering and Technology,1,1,1,1,Tamil Nadu,1
1-9317508201,S.A. POLYTECHNIC COLLEGE,"SUNDARASOLAVARAM, THIRUVERKADU POST, CHENNAI - 600077",THIRUVALLUR,Private-Self Financing,N,N,1-440178891,fetchdata,2021-2022,Engineering and Technology,1,1,1,1,Tamil Nadu,1
1-9317464278,DHANALAKSHMI SRINIVASAN POLYTECHNIC COLLEGE,THURAIYUR ROAD PERAMBALUR,PERAMBALUR,Private-Self Financing,N,N,1-444227391,fetchdata,2021-2022,Engineering and Technology,1,1,1,1,Tamil Nadu,1
1-9317496137,A.R COLLEGE OF ENGINEERING & TECHNOLOGY,"KADAYAM-ALANGULAM ROAD, NEAR RAILWAY STATION, KADAYAM.",TIRUNELVELI,Private-Self Financing,N,N,1-452090031,fetchdata,2021-2022,Engineering and Technology,1,1,1,1,Tamil Nadu,1
1-9317460528,DEPARTMENT OF COMPUTER SCIENCE AND ENGINEERING,MANONMANIAM SUNDARANAR UVIVERSITY,TIRUNELVELI,Government,N,N,1-457344531,fetchdata,2021-2022,Engineering and Technology,1,1,1,1,Tamil Nadu,1
1-9317470985,AMMAIAPPAR POLYTECHNIC COLLEGE,"PUTHUR- MEENATCHIYAPURAM ROAD, MEENATCHIYAPURAM",VIRUDHUNAGAR,Private-Self Financing,N,N,1-1437395791,fetchdata,2021-2022,Engineering and Technology,1,1,1,1,Tamil Nadu,1
1-9317500038,LALGUDI COOPERATIVE POLYTECHNIC COLLEGE,"AYYAN VAIKKAL ROAD,ANGARAI VILLAGE,LALGUDI TK",TIRUCHIRAPPALLI,Private-Self Financing,N,N,1-455767611,fetchdata,2021-2022,Engineering and Technology,1,1,1,1,Tamil Nadu,1
1-9317471208,P.S.B. POLYTECHNIC COLLEGE,"RAJIV GANDHI ROAD (OMR) #46, THAIYUR, CHENNAI.",KANCHIPURAM,Private-Self Financing,N,N,1-440056061,fetchdata,2021-2022,Engineering and Technology,1,1,1,1,Tamil Nadu,1
1-9317484275,SRI VENKATESHWARAA POLYTECHNIC COLLEGE,PAPINAYAKANAHALI VILLAGE SOGATHUR POST DHARMAPURI,DHARMAPURI,Private-Self Financing,N,N,1-434093371,fetchdata,2021-2022,Engineering and Technology,1,1,1,1,Tamil Nadu,1
1-9317487990,V.J.P. POLYTECHNIC COLLEGE,TRICHY-CHENNAI HIGHWAYS,TIRUCHIRAPPALLI,Private-Self Financing,N,N,1-456809141,fetchdata,2021-2022,Engineering and Technology,1,1,1,1,Tamil Nadu,1
1-9317496697,SRI KRISHNA POLYTECHNIC COLLEGE,"TCR COMPLEX, TIRUTTANI HIGH ROAD,",VELLORE,Private-Self Financing,N,N,1-458335301,fetchdata,2021-2022,Engineering and Technology,1,1,1,1,Tamil Nadu,1
1-9317460832,SRI BHARATHI POLYTECHNIC COLLEGE FOR WOMEN,"KAIKKURICHI (POST), ALANGUDI(TK), ARANTHANGI ROAD",PUDUKKOTTAI,Private-Self Financing,Y,N,1-498658531,fetchdata,2021-2022,Engineering and Technology,1,1,1,1,Tamil Nadu,1
1-9317475771,INDIAN INSTITUTE OF HANDLOOM TECHNOLOGY,"FOULKE'S COMPOUND,THILLAI NAGAR",SALEM,Government,N,N,1-748077511,fetchdata,2021-2022,Engineering and Technology,1,1,1,1,Tamil Nadu,1
1-9317475905,SEMBODAI R.V.POLYTECHNIC COLLEGE,SEMBODAI- POST VEDARANIAM-TK NAGAPATTINAM- DT TAMILNADU,NAGAPATTINAM,Private-Self Financing,N,N,1-421398371,fetchdata,2021-2022,Engineering and Technology,1,1,1,1,Tamil Nadu,1
1-9317484540,CENTRAL INSTITUTE OF PETROCHEMICALS ENGINEERING AND TECHNOLOGY,"T.V.K INDUSUTRIAL ESTATE, GUINDY",CHENNAI,Government,N,N,1-506726551,fetchdata,2021-2022,Engineering and Technology,1,1,1,1,Tamil Nadu,1
1-9317488363,SRI RAMACHANDRA POLYTECHNIC COLLEGE,"DHARMANEEDHI VILLAGE, AYARPADI POST, ARAKKONAM TALUK, VELLORE DIST.",VELLORE,Private-Self Financing,N,N,1-455192161,fetchdata,2021-2022,Engineering and Technology,1,1,1,1,Tamil Nadu,1
1-9317456583,ARULMURUGAN POLYTECHNIC COLLEGE,KARVAZHI ROAD THENNILAI ARAVAKURICHY-TK KARUR-DT,KARUR,Private-Self Financing,N,N,1-402581451,fetchdata,2021-2022,Engineering and Technology,1,1,1,1,Tamil Nadu,1
1-9317488602,VI INSTITUTE OF TECHNOLOGY,"NO. 96, SIRUNKUNDRAM POST, CHENGALPATTU TALUK KANCHEEPURAM DIST",KANCHIPURAM,Private-Self Financing,N,N,1-8398021,fetchdata,2021-2022,Engineering and Technology,1,1,1,1,Tamil Nadu,1
1-9317456944,SANKAR POLYTECHNIC COLLEGE,"SANKAR POLYTECHNIC COLLEGE, SANKARNAGAR",TIRUNELVELI,Govt aided,N,N,1-430245341,fetchdata,2021-2022,Engineering and Technology,1,1,1,1,Tamil Nadu,1
1-9317465079,DR DHARMAMBAL GOVT POLYTECHNIC COLLEGE FOR WOMEN,THARAMANI CHENNAI-600113,CHENNAI,Government,Y,N,1-433844241,fetchdata,2021-2022,Engineering and Technology,1,1,1,1,Tamil Nadu,1
1-9317505505,MEENAKSHI POLYTECHNIC COLLEGE,"REGADAHALLI (PO), BOMMIDI (VIA), PAPPIREDDIPATTI (TK), DHARAMAPURI (DT)-635301.",DHARMAPURI,Private-Self Financing,N,N,1-448378441,fetchdata,2021-2022,Engineering and Technology,1,1,1,1,Tamil Nadu,1
1-9317466236,MEENAKSHI AMMAL POLYTECHNIC COLLEGE,MALLIYANKARANAI,KANCHIPURAM,Private-Self Financing,N,Y,1-464322751,fetchdata,2021-2022,Engineering and Technology,1,1,1,1,Tamil Nadu,1
1-9317476169,JEYA POLYTECHNIC COLLEGE,"KAMARAJ NAGAR, SAKKAMALPURAM, SAWYERPURAM POST.",THOOTHUKUDI,Private-Self Financing,N,N,1-431834421,fetchdata,2021-2022,Engineering and Technology,1,1,1,1,Tamil Nadu,1
1-9317485094,SREE NARAYANA GURU POLYTECHNIC COLLEGE,SREE NARAYANA GURU NAGAR,COIMBATORE,Private-Self Financing,N,N,1-439892161,fetchdata,2021-2022,Engineering and Technology,1,1,1,1,Tamil Nadu,1
1-9317457203,ST.JUDEï¿½S POLYTECHNIC COLLEGE,"16-184-1,ANNAI NAGAR,THOLAYAVATTOM POST",KANYAKUMARI,Private-Self Financing,N,N,1-759651851,fetchdata,2021-2022,Engineering and Technology,1,1,1,1,Tamil Nadu,1
1-9317457379,ST. JOSEPH POLYTECHNIC COLLEGE,KARAIKUDI MAIN ROAD,PUDUKKOTTAI,Private-Self Financing,N,Y,1-409727411,fetchdata,2021-2022,Engineering and Technology,1,1,1,1,Tamil Nadu,1
1-9317497277,SRI VENKATESWARAA COLLEGE OF TECHNOLOGY,"SIRUKULATHUR,VADAKAL VILLAGE,MATHUR POST SRIPERUMBHUDUR",KANCHIPURAM,Private-Self Financing,N,N,1-7725831,fetchdata,2021-2022,Engineering and Technology,1,1,1,1,Tamil Nadu,1
1-9317505839,N.V.POLYTECHNIC COLLEGE,"SOMAVARAPATTI VILLAGE,PETHAPPAMPATTY,MADATHUKULAM TK,TIRUPUR DT",TIRUPPUR,Private-Self Financing,N,N,1-425736861,fetchdata,2021-2022,Engineering and Technology,1,1,1,1,Tamil Nadu,1
1-9317476434,AL AMEEN POLYTECHNIC COLLEGE,"KARUNDEVANPALAYAM, NANJAI UTHUKKULI (PO), ERODE.",ERODE,Private-Self Financing,N,N,1-410915017,fetchdata,2021-2022,Engineering and Technology,1,1,1,1,Tamil Nadu,1
1-9317485501,T.J.S.ENGINEERING COLLEGE,"PERUVOYAL , NEAR KAVARAIPETTAI,  GUMMIDIPOONDI TALUK,  THIRUVALLUR DISTRICT - 601 206.  TAMIL NADU.",THIRUVALLUR,Private-Self Financing,N,N,1-2610514,fetchdata,2021-2022,Engineering and Technology,1,1,1,1,Tamil Nadu,1
1-9317510673,BHAKTHAVATSALAM POLYTECHNIC COLLEGE,KARAIPETTAI,KANCHIPURAM,Govt aided,N,N,1-455751941,fetchdata,2021-2022,Engineering and Technology,1,1,1,1,Tamil Nadu,1
1-9317457764,SURYA GROUP OF INSTITUTIONS," NH-45,GST ROAD,",VILUPPURAM,Private-Self Financing,N,N,1-5989201,fetchdata,2021-2022,Engineering and Technology,1,1,1,1,Tamil Nadu,1
1-9317471953,NOORUL ISLAM POLYTECHNIC COLLEGE,PUNKARAI THIRUVITHAMCODE (P.O) K.K.DIST TAMIL NADU PINCODE-629174,KANYAKUMARI,Private-Self Financing,N,N,1-404525741,fetchdata,2021-2022,Engineering and Technology,1,1,1,1,Tamil Nadu,1
1-9317517000,DR.KALAM POLYTECHNIC COLLEGE,"PERIYANAYAKIPURAM, AVANAM (PO), PERAVURANI (TK), THANJAVAUR(DT), TAMILNADU",THANJAVUR,Private-Self Financing,N,N,1-474040451,fetchdata,2021-2022,Engineering and Technology,1,1,1,1,Tamil Nadu,1
1-9317517202,MRK POLYTECHNIC COLLEGE,"MRK POLYTECHNIC COLLEGE, NATTARMANGALAM & POST, KATTUMANNAR KOIL",CUDDALORE,Private-Self Financing,N,N,1-444184611,fetchdata,2021-2022,Engineering and Technology,1,1,1,1,Tamil Nadu,1
1-9317517842,THAI MOOGAMBIGAI POLYTECHNIC COLLEGE,NERKUNDRAM (MUGAPPAIR),THIRUVALLUR,Private-Self Financing,N,N,1-466150731,fetchdata,2021-2022,Engineering and Technology,1,1,1,1,Tamil Nadu,1
1-9317518063,SRI VENKATESWARA POLYTECHNIC COLLEGE,TRICHY NATIONAL HIGHWAY,CUDDALORE,Private-Self Financing,N,N,1-522262181,fetchdata,2021-2022,Engineering and Technology,1,1,1,1,Tamil Nadu,1
1-9317517580,VAANI POLYTECHNIC COLLEGE,BETHAKALLUPALLI VILLAGE THEKKUPATTU POST AMBALUR VIA,VELLORE,Private-Self Financing,N,N,1-455571083,fetchdata,2021-2022,Engineering and Technology,1,1,1,1,Tamil Nadu,1
1-9317518236,S.THANGAPAZHAM POLYTECHNIC COLLEGE,"CHINTHAMANIPERI PUTHUR, AUTHUVAZHI POST, SIVAGIRI TALUK.",TIRUNELVELI,Private-Self Financing,N,N,1-433797571,fetchdata,2021-2022,Engineering and Technology,1,1,1,1,Tamil Nadu,1
1-9317518575,SEMBODAI RUKMANI VARATHARAJAN ENGINEERING COLLEGE,"SEMBODAI-POST, VEDARANIAM-TK, NAGAPATTINAM-DT TAMILNADU-614 820.",NAGAPATTINAM,Private-Self Financing,N,N,1-12371754,fetchdata,2021-2022,Engineering and Technology,1,1,1,1,Tamil Nadu,1
1-9317516273,ERODE INSTITUTE OF CHEMICAL TECHNOLOGY  POLYTECHNIC COLLEGE,"UTHUKULI MAIN ROAD,NADUPATTI POST,VIJAYAMANGALAM(VIA)",TIRUPPUR,Private-Self Financing,N,N,1-423154421,fetchdata,2021-2022,Engineering and Technology,1,1,1,1,Tamil Nadu,1
1-9317321088,BHAVANI POLYTECHNIC COLLEGE,"VARADHANALLUR(P.O),BHAVANI(T.K),ERODE(D.T)",ERODE,Private-Self Financing,N,N,1-434712951,fetchdata,2021-2022,Engineering and Technology,1,1,1,1,Tamil Nadu,1
1-9317322650,KGISL INSTITUTE OF TECHNOLOGY,"365, KGISL CAMPUS, THUDIYALUR ROAD, SARAVANAMPATTI COIMBATORE - 641 035",COIMBATORE,Private-Self Financing,N,N,1-6278271,fetchdata,2021-2022,Engineering and Technology,1,1,1,1,Tamil Nadu,1
1-9317335477,THE KAVERY POLYTECHNIC COLLEGE,"M. KALIPATTI POST, MECHERI, METTUR TALUK, SALEM DISTRICT.",SALEM,Private-Self Financing,N,N,1-435919431,fetchdata,2021-2022,Engineering and Technology,1,1,1,1,Tamil Nadu,1
1-9317332137,MAILAM ENGINEERING COLLEGE,"MAILAM,  TINDIVANAM TALUK, VILLUPURAM DIST. PIN : 604 304.",VILUPPURAM,Private-Self Financing,N,N,1-10688251,fetchdata,2021-2022,Engineering and Technology,1,1,1,1,Tamil Nadu,1
1-9317335851,WORKSHOP TRAINING INSTITUTE,"WTI, AIR FORCE STATION TAMBARAM, CHENNAI-46",KANCHIPURAM,Government,N,N,1-1455442721,fetchdata,2021-2022,Engineering and Technology,1,1,1,1,Tamil Nadu,1
1-9317332815,ALAGAPPA CHETTIAR GOVERNMENT COLLEGE OF ENGINEERING AND TECHNOLOGY,KARAIKUDI SIVAGANGA DISTRICT PIN-630004 TAMILNADU,SIVAGANGA,Government,N,N,1-476065432,fetchdata,2021-2022,Engineering and Technology,1,1,1,1,Tamil Nadu,1
1-9317330561,MRK INSTITUTE OF TECHNOLOGY,"NATTARMANGALAM & POST, KATTUMANNARKOIL, PIN:608301",CUDDALORE,Private-Self Financing,N,N,1-4235331,fetchdata,2021-2022,Engineering and Technology,1,1,1,1,Tamil Nadu,1
1-9317326811,MODERN POLYTECHNIC COLLEGE,"VIRUTHACHALAM ROAD,MAHIMAIPURAM,JAYANKONDAM",ARIYALUR,Private-Self Financing,N,N,1-508675161,fetchdata,2021-2022,Engineering and Technology,1,1,1,1,Tamil Nadu,1
1-9317327028,THIRUVALLUVAR POLYTECHNIC COLLEGE,"SOOLAPPURAM, ELUMALAI, MADURAI DIST",MADURAI,Private-Self Financing,N,N,1-511989461,fetchdata,2021-2022,Engineering and Technology,1,1,1,1,Tamil Nadu,1
1-9317334866,GOVERNMENT POLYTECHNIC COLLEGE,"GOVT. POLYTECHNIC COLLEGE, KONAM NAGERCOIL - 4",KANYAKUMARI,Government,N,N,1-431068831,fetchdata,2021-2022,Engineering and Technology,1,1,1,1,Tamil Nadu,1
1-9317327194,"GOVERNMENT POLYTECHNIC COLLEGE, THIRUVARUR",KORUKKAI                   THIRUTHUTRAIPOONDI   THIRUVARUR,THIRUVARUR,Government,N,N,1-503531621,fetchdata,2021-2022,Engineering and Technology,1,1,1,1,Tamil Nadu,1
1-9317335198,SRI RAMANUJAR ENGINEERING COLLEGE,"VANDALUR, KOLAPAKKAM, CHENNAI, TAMIL NADU",KANCHIPURAM,Private-Self Financing,N,N,1-8824101,fetchdata,2021-2022,Engineering and Technology,1,1,1,1,Tamil Nadu,1
1-9317331948,SAMUEL POLYTECHNIC COLLEGE,"V.E.RAJA NAGAR, MUDIVAITHANENDAL, VAGAIKULAM THOOTHUKUDI (DT)",THOOTHUKUDI,Private-Self Financing,N,Y,1-457130941,fetchdata,2021-2022,Engineering and Technology,1,1,1,1,Tamil Nadu,1
1-9317339461,VARUVAN VADIVELAN INSTITUTE OF TECHNOLOGY,"NH7 KRISHNAGIRI MAIN ROAD GUNDALAPATTY, DHARMAPURI. TAMILNADU",DHARMAPURI,Private-Self Financing,N,N,1-19730241,fetchdata,2021-2022,Engineering and Technology,1,1,1,1,Tamil Nadu,1
1-9317342873,"GOVERNMENT POLYTECHNIC COLLEGE , ARANTHANGI",AVUDAIYAR KOIL ROAD ARANTHANGI,PUDUKKOTTAI,Government,N,N,1-461813733,fetchdata,2021-2022,Engineering and Technology,1,1,1,1,Tamil Nadu,1
1-9317340153,JAYA SAKTHI ENGINEERING COLLEGE,"ST.MARY'S NAGAR,THIRUNINRAVUR,(NEAR AVADI), CHENNAI-602 024",THIRUVALLUR,Private-Self Financing,N,Y,1-10762621,fetchdata,2021-2022,Engineering and Technology,1,1,1,1,Tamil Nadu,1
1-9317341376,VETRI VINAYAHA COLLEGE OF ENGINEERING AND TECHNOLOGY,"VETRI VINAYAHA COLLEGE OF ENGINEERING AND TECHNOLOGY THOLURPATTI, THOTTIAM-621215 TRICHY(DT).",TIRUCHIRAPPALLI,Private-Self Financing,N,N,1-5338244,fetchdata,2021-2022,Engineering and Technology,1,1,1,1,Tamil Nadu,1
1-9317343089,THENI KAMMAVAR SANGAM COLLEGE OF TECHNOLOGY,"THENI MAIN ROAD, KODUVILARPATTI (P.O) VEERAPANDI (VIA), THENI-DT- 625534",THENI,Private-Self Financing,N,N,1-14439301,fetchdata,2021-2022,Engineering and Technology,1,1,1,1,Tamil Nadu,1
1-9317340459,BUILDERS ENGINEERING COLLEGE,EBET KNOWLEDGE PARK ERODE ROAD NATHAKADAIYUR KANGEYAM,TIRUPPUR,Private-Self Financing,N,N,1-3289861,fetchdata,2021-2022,Engineering and Technology,1,1,1,1,Tamil Nadu,1
1-9317346968,AMBAL PROFESSIONAL GROUP OF INSTITUTIONS,"SFNO 166 , 167 PROFESSIONAL NAGAR",TIRUPPUR,Private-Self Financing,N,N,1-6423781,fetchdata,2021-2022,Engineering and Technology,1,1,1,1,Tamil Nadu,1
1-9317345375,THE CHRISTIAN INSTITUTE FOR TECHNICAL EDUCATION (POLYTECHNIC COLLEGE),"CHRISTIAN POLYTECHNIC COLLEGE, NEAR CHECK POST, ODDANCHATRAM - 624 619, DINDIGUL DIST, TAMILNADU.",DINDIGUL,Private-Self Financing,N,Y,1-441418921,fetchdata,2021-2022,Engineering and Technology,1,1,1,1,Tamil Nadu,1
1-9317347385,ARIYALUR ENGINNERING COLLEGE,"TRICHY - CHIDAMBARAM MAIN ROAD, KARUPPUR - SENAPATHY (PO)",ARIYALUR,Private-Self Financing,N,N,1-1488562551,fetchdata,2021-2022,Engineering and Technology,1,1,1,1,Tamil Nadu,1
1-9317346373,CHANDY POLYTECHNIC COLLEGE,"CHANDY NAGAR, MULLAKKADU, THOOTHUKUDI",THOOTHUKUDI,Private-Self Financing,N,N,1-424086761,fetchdata,2021-2022,Engineering and Technology,1,1,1,1,Tamil Nadu,1
1-9317346598,KURINJE POLYTECHNIC COLLEGE,"POTTAVELI VILLAGE, VIRUPATCHI (PO), KURINJIPADI",CUDDALORE,Private-Self Financing,N,N,1-2060195521,fetchdata,2021-2022,Engineering and Technology,1,1,1,1,Tamil Nadu,1
1-9317343735,GOVERNMENT POLYTECHNIC COLLEGE,KARAPATTU VILLAGE CHENGAM TK,TIRUVANNAMALAI,Government,N,N,1-465893641,fetchdata,2021-2022,Engineering and Technology,1,1,1,1,Tamil Nadu,1
1-9317354923,INSTITUTE OF ROAD AND TRANSPORT TECHNOLOGY,VASAVI COLLEGE(PO) ERODE (DT) PIN -638316,ERODE,Private-Self Financing,N,N,1-7644701,fetchdata,2021-2022,Engineering and Technology,1,1,1,1,Tamil Nadu,1
1-9318991872,JCT POLYTECHNIC COLLEGE,"PICHANUR, COIMBATORE SOUTH TALUK, COIMBATORE-641105",COIMBATORE,Private-Self Financing,N,N,1-2059146721,fetchdata,2021-2022,Engineering and Technology,1,1,1,1,Tamil Nadu,1
1-9318993117,NADAR SARASWATHI COLLEGE OF ENGINEERING & TECHNOLOGY,"VADAPUDUPATTI, ANNANJI (PO)",THENI,Private-Self Financing,N,N,1-4431961,fetchdata,2021-2022,Engineering and Technology,1,1,1,1,Tamil Nadu,1
1-9318993433,MAHARANI POLYTECHNIC COLLEGE,"1/74, NANJIYAMPALAYAM",TIRUPPUR,Private-Self Financing,N,N,1-454135583,fetchdata,2021-2022,Engineering and Technology,1,1,1,1,Tamil Nadu,1
1-9318996785,SASURIE COLLEGE OF ENGINEERING,VIJAYAMANGALAM TIRUPPUR - 638 056,TIRUPPUR,Private-Self Financing,N,N,1-6114086,fetchdata,2021-2022,Engineering and Technology,1,1,1,1,Tamil Nadu,1
1-9318998191,N.S.N. COLLEGE OF ENGINEERING AND TECHNOLOGY,N. S. N. KALVI NAGAR KARUR-MADURAI NH-7 MANALMEDU THALAPATTI(PO),KARUR,Private-Self Financing,N,N,1-398066391,fetchdata,2021-2022,Engineering and Technology,1,1,1,1,Tamil Nadu,1
1-9328769791,E.S POLYTECHNIC COLLEGE,"355/1 & 355/2, ELLIS CHATHIRAM ROAD ,VAZHUTHAREDDY VILLAGE ,KANDAMANADI POST, VILLUPURAM TALUK & DISTRICT",COIMBATORE,Private-Self Financing,N,N,1-518645961,fetchdata,2021-2022,Engineering and Technology,1,1,1,1,Tamil Nadu,1
1-9323321987,SETHU INSTITUTE OF TECHNOLOGY,PULLOOR KARIAPATTI,VIRUDHUNAGAR,Private-Self Financing,N,N,1-419556751,fetchdata,2021-2022,Engineering and Technology,1,1,1,1,Tamil Nadu,1
1-9323338265,A.K.T.MEMORIAL COLLEGE OF ENGINEERING & TECHNOLOGY,"NEELAMANGALAM ( POST), KALLAKURICHI-TK VILLUPURAM-DIST PIN-606 202 TAMIL NADU",VILUPPURAM,Private-Self Financing,N,N,1-17747367,fetchdata,2021-2022,Engineering and Technology,1,1,1,1,Tamil Nadu,1
1-9323339809,MARIA COLLEGE OF ENGINEERING AND TECHNOLOGY,ATTOOR PULIYAMOODU JUNCTION THIRUVATTAR P.O,KANYAKUMARI,Private-Self Financing,N,Y,1-5878861,fetchdata,2021-2022,Engineering and Technology,1,1,1,1,Tamil Nadu,1
1-9323327273,ANNA UNIVERSITY REGIONAL CAMPUS COIMBATORE,"NAVAVOOR, MARUDHAMALAI ROAD, SOMAYAMPALAYAM, COIMBATORE-641046",COIMBATORE,State Government University,N,N,1-4500612781,fetchdata,2021-2022,Engineering and Technology,1,1,1,1,Tamil Nadu,1
1-9323328361,UNIVERSITY COLLEGE OF ENGINEERING RAMANATHAPURAM,"EAST COAST ROAD,PULLANGUDI,RAMANATHAPUARAM 623513",RAMANATHAPURAM,State Government University,N,N,1-4628206602,fetchdata,2021-2022,Engineering and Technology,1,1,1,1,Tamil Nadu,1
1-9323307397,ANNAI TERESA COLLEGE OF ENGINEERING,"THIRUNAVALUR, ULUNDURPET TALUK",VILUPPURAM,Private-Self Financing,N,N,1-8546471,fetchdata,2021-2022,Engineering and Technology,1,1,1,1,Tamil Nadu,1
1-9323308116,PARAMVEER POLYTECHNIC COLLEGE,"DHARMAPURI MAIN ROAD, PAPPARAPATTI, DHARMAPURI. 636809",DHARMAPURI,Private-Self Financing,N,N,1-505141471,fetchdata,2021-2022,Engineering and Technology,1,1,1,1,Tamil Nadu,1
1-9323308310,SHREENIVASA POLYTECHNIC COLLEGE,"B.PALLIPATTI (P.O), PAPPIREDDIPATTI (T.K), DHARMAPURI (D.T), PIN - 635 301.",DHARMAPURI,Private-Self Financing,N,N,1-441537821,fetchdata,2021-2022,Engineering and Technology,1,1,1,1,Tamil Nadu,1
1-9323309371,ARASU POLYTECHNIC COLLEGE,"CHENNAI MAIN ROAD, THIRUVISANALLUR VILLAGE, THIRUVIDAIMARUTHUR TALUK, KUMBAKONAM - 612501, THANJAVUR DISTRICT",THANJAVUR,Private-Self Financing,N,N,1-2471463941,fetchdata,2021-2022,Engineering and Technology,1,1,1,1,Tamil Nadu,1
1-9323314553,PANIMALAR INSTITUTE OF TECHNOLOGY,"NO.391, BANGALORE TRUNK ROAD,  VARADHARAJAPURAM,  POONAMALLEE,  CHENNAI - 600123 TAMILNADU",THIRUVALLUR,Private-Self Financing,N,Y,1-5987871,fetchdata,2021-2022,Engineering and Technology,1,1,1,1,Tamil Nadu,1
1-9323315319,PPG INSTITUTE OF TECHNOLOGY,"RATHNAGIRI ROAD, SARAVANAMPATTI, COIMBATORE",COIMBATORE,Private-Self Financing,N,N,1-6032491,fetchdata,2021-2022,Engineering and Technology,1,1,1,1,Tamil Nadu,1
1-9328114060,CENTRAL INSTITUTE OF PETROCHEMICALS ENGINEERING & TECHNOLOGY (CIPET),"CIPET:CENTRE FOR SKILLING & TECHNICAL SUPPORT (CSTS) MINISTRY OF CHEMICALS AND FERTILIZERS, GOVT. OF INDIA, THIRUVATHAVUR, MELUR (TALUK), MADURAI (DISTRICT), TAMIL NADU - PIN:625 110",MADURAI,Government,N,N,1-486840961,fetchdata,2021-2022,Engineering and Technology,1,1,1,1,Tamil Nadu,1
1-9328115217,APOLLO POLYTECHNIC COLLEGE,"APOLLO POLYTECHNIC COLLEGE, MEVALOORKUPPAM, SRIPERUMBUDUR TALUK, KANCHIPURAM DISTRICT, TAMILNADU 602105",KANCHIPURAM,Private-Self Financing,N,N,1-455858691,fetchdata,2021-2022,Engineering and Technology,1,1,1,1,Tamil Nadu,1
1-9327096683,UNIVERSITY COLLEGE OF ENGINEERING,THIRUKKUVALAI,NAGAPATTINAM,Government,N,N,1-7365960051,fetchdata,2021-2022,Engineering and Technology,1,1,1,1,Tamil Nadu,1
1-9327108493,UNIVERSITY COLLEGE OF ENGINEERING PATTUKKOTTAI,UNIVERSITY COLLEGE OF ENGINEERING PATTUKKOTTAI,THANJAVUR,State Government University,N,N,1-7318381541,fetchdata,2021-2022,Engineering and Technology,1,1,1,1,Tamil Nadu,1
1-9327102592,ANNA UNIVERSITY REGIONAL CAMPUS TIRUNELVELI,"ANNA UNIVERSITY REGIONAL CAMPUS, TIRUNELVELI- 600025",CHENNAI,State Government University,N,N,1-7325438491,fetchdata,2021-2022,Engineering and Technology,1,1,1,1,Tamil Nadu,1
1-9327110350,INTERNATIONAL MARITIME ACADEMY,"NO.41, ZAMIN KORATTUR, PUTHUCHATRAM, POONAMALLEE THIRUVALLUR HIGHWAY, CHENNAI 600124.",THIRUVALLUR,Private-Self Financing,N,Y,1-4347534601,fetchdata,2021-2022,Engineering and Technology,1,1,1,1,Tamil Nadu,1
1-9327102872,PERIYAR UNIVERSITY,PERIYAR PALKALAI NAGAR,SALEM,Government,N,N,1-7354617041,fetchdata,2021-2022,Engineering and Technology,1,1,1,1,Tamil Nadu,1
1-9327103081,SRM INSTITUTE OF SCIENCE AND TECHNOLOGY  TIRUCHIRAPPALLI,"SRM NAGAR, TRICHY-CHENNAI NATIONAL HIGHWAY, NEAR SAMAYAPURAM, TIRUCHIRAPPALLI - 621105",TIRUCHIRAPPALLI,Deemed to be University(Pvt),N,N,1-7454394843,fetchdata,2021-2022,Engineering and Technology,1,1,1,1,Tamil Nadu,1
