institute_id,institute_name,address,district,institution_type,women_only,minority,parent_id,method,year,program,level,institutiontype,Women,Minority,state,course
1-765361541,ABMSP'S COLLEGE OF ENGINEERING & RESEARCH,"S.NO. 103 PARVATI RAMANA, SHAHU COLLEGE ROAD, PUNE 411009",PUNE,Unaided - Private,N,N,,fetchdata,2012-2013,Engineering and Technology,1,1,1,1,Maharashtra,1
1-695185781,"ANURADHA ENGINEERING COLLEGE, CHIKHLI","ANURADHA NAGAR, SAKEGAON ROAD, CHIKHLI-443201, DIST BULDANA (MAHARASHTRA STATE)",BULDHANA,Unaided - Private,N,N,1-4878796,fetchdata,2012-2013,Engineering and Technology,1,1,1,1,Maharashtra,1
1-752465563,BALLARPUR SEWASAMITI'S JAINUDDIN ZAWERI POLYTECHNIC,"UMRI REETH, TADOBA ROAD",CHANDRAPUR,Unaided - Private,N,Y,1-492805483,fetchdata,2012-2013,Engineering and Technology,1,1,1,1,Maharashtra,1
1-695343251,BRAHMDEVDADA MANE INSTITUTE OF TECHNOLOGY,"A/P BELATI
TALUKA:NORTH SOLAPUR
DISTRICT :SOLAPUR",SOLAPUR,Unaided - Private,N,N,1-6940306,fetchdata,2012-2013,Engineering and Technology,1,1,1,1,Maharashtra,1
1-695147201,TERNA POLYTECHNIC,"SECTOR-1, KOPARKHIARNE, NAVI MUMBAI",THANE,Unaided - Private,N,N,1-428166151,fetchdata,2012-2013,Engineering and Technology,1,1,1,1,Maharashtra,1
1-695357811,"KARMAVEER KAKASAHEB WAGH POLYTECHNIC, NASHIK","HIRABAI HARIDAS VIDYANAGARI, AMRUTDHAM, PANCHAVATI, NASHIK",NASHIK,Unaided - Private,N,N,1-451476651,fetchdata,2012-2013,Engineering and Technology,1,1,1,1,Maharashtra,1
1-697643341,SMT.RAJSHREE MULAK COLLEGE OF ENGINEERING FOR WOMEN,"GREAT NAG ROAD, NANDANVAN, NAGPUR-440009",NAGPUR,Unaided - Private,Y,N,1-6059776,fetchdata,2012-2013,Engineering and Technology,1,1,1,1,Maharashtra,1
1-698937411,"VIDYA PRASARAK MANDAL'S POLYTECHNIC, THANE","'JANADWEEPA,' COLLEGE CAMPUS CHENDANI BUNDER ROAD, THANE (W) 400601",THANE,Unaided - Private,N,N,1-435547521,fetchdata,2012-2013,Engineering and Technology,1,1,1,1,Maharashtra,1
1-698240271,DR. BHAUSAHEB NANDURKAR COLLEGE OF ENGG.,SHRI SATYA SAI KRIDA NAGARI WAGHAPUR ROAD YAVATMAL-445001.,YAVATMAL,Unaided - Private,N,N,1-19617351,fetchdata,2012-2013,Engineering and Technology,1,1,1,1,Maharashtra,1
1-716002154,"S B JAIN INSTITUTE OF TECHNOLOGY, MANAGEMENT AND RESEARCH"," BEHIND ASARAM BAPU ASHRAM,
GRAM -YERALA, KATOL ROAD, NAGPUR",NAGPUR,Unaided - Private,N,Y,1-6383362,fetchdata,2012-2013,Engineering and Technology,1,1,1,1,Maharashtra,1
1-715271660,SHRI SAI TAJ POLYTECHNIC,"DRUGDHAMNA, 8TH MILE,AMRAVATI ROAD, NAGPUR.",NAGPUR,Unaided - Private,N,N,1-451815071,fetchdata,2012-2013,Engineering and Technology,1,1,1,1,Maharashtra,1
1-715926095,ABHAYSINHRAJE BHONSLE INSTITUTE OF TECHNOLOGY (POLYTECHNIC),"A/P-SHAHUNAGAR-SHENDRE
TAL & DIST-SATARA",SATARA,Unaided - Private,N,N,1-467432523,fetchdata,2012-2013,Engineering and Technology,1,1,1,1,Maharashtra,1
1-715924823,"SHREEYASH PRATISHTHAN'S, SHREEYASH COLLEGE OF ENGINEERING & TECHNOLOGY","GUT NO. 258, SATARA TANDA, AURANGABAD-431005
DIST: AURANGABAD
MAHARASHTRA",AURANGABAD,Unaided - Private,N,N,1-7854956,fetchdata,2012-2013,Engineering and Technology,1,1,1,1,Maharashtra,1
1-715983674,BACKWARD CLASS YOUTH RELIEF COMMITTEE'S UMRER COLLEGE OF ENGINEERING,"STATE HIGHWAY NO. 9, OPP. W.C.L.,
UMRER PROJECT, UMRER,
DIST. NAGPUR, MAHARASHTRA STATE
INDIA-441204",NAGPUR,Unaided - Private,N,N,1-4429884,fetchdata,2012-2013,Engineering and Technology,1,1,1,1,Maharashtra,1
1-716039222,"MAHARASHTRA ACADEMY OF ENGINEERING AND EDUCATIONAL RESEARCH, MIT COLLEGE OF ENGINEERING, PUNE","S.NO. 124, EX-SERVICEMAN COLONY, PAUD ROAD,
KOTHURD, PUNE 411038",PUNE,Unaided - Private,N,N,1-4898091,fetchdata,2012-2013,Engineering and Technology,1,1,1,1,Maharashtra,1
1-715874523,SNJBS LATE SAU. KANTABAI BHAVARLALJI JAIN COLLEGE OF ENGINEERING,"NEMINAGAR,JAIN GURUKUL,
CHANDWAD",NASHIK,Unaided - Private,N,Y,1-8619361,fetchdata,2012-2013,Engineering and Technology,1,1,1,1,Maharashtra,1
1-715148936,PANKAJ LADDHAD INSTITUTE OF TECHNOLOGY AND MANAGEMENT STUDIES,"CHIKHLI ROAD, YELGAON, BULDANA",BULDHANA,Unaided - Private,N,N,1-5372125,fetchdata,2012-2013,Engineering and Technology,1,1,1,1,Maharashtra,1
1-716101022,LAXMINARAYAN INSTITUTE OF TECHNOLOGY,"OPP. BHARAT NAGAR, AMRAVATI ROAD",NAGPUR,University Managed,N,N,1-536924901,fetchdata,2012-2013,Engineering and Technology,1,1,1,1,Maharashtra,1
1-715080932,SANT GAJANAN MAHARAJ RURAL POLYTECHNIC,"SITE - CHINCHEWADI, TAL - GADHINGLAJ, DIST. KOLHAPUR",KOLHAPUR,Unaided - Private,N,N,1-457154483,fetchdata,2012-2013,Engineering and Technology,1,1,1,1,Maharashtra,1
1-716003562,VILASRAO DESHMUKH COLLEGE OF ENGINEERING & TECHNOLOGY,"SURVEY NO. 121 &  262, AT - MOUDA, TAH. - MOUDA, DIST. - NAGPUR",NAGPUR,Unaided - Private,N,N,1-14461931,fetchdata,2012-2013,Engineering and Technology,1,1,1,1,Maharashtra,1
1-716092252,SUSHGANGA POLYTECHNIC,"AT- NAIGAON, POST - KONA",YAVATMAL,Unaided - Private,N,N,1-455837081,fetchdata,2012-2013,Engineering and Technology,1,1,1,1,Maharashtra,1
1-716093103,COLLEGE OF ENGINEERING,"SOLAPUR ROAD, OSMANABAD 413501",OSMANABAD,Unaided - Private,N,N,1-6908013,fetchdata,2012-2013,Engineering and Technology,1,1,1,1,Maharashtra,1
1-716032122,PADMABHOOSHAN VASANTRAODADA PATIL INSTITUTE OF TECHNOLOGY,"AT- BUDHGAON, TALUKA- MIRAJ, DIST.- SANGLI.",SANGLI,Unaided - Private,N,N,1-10058361,fetchdata,2012-2013,Engineering and Technology,1,1,1,1,Maharashtra,1
1-715149605,"âBHARATI VIDYAPEETHâS GROUP OF INSTITUTE, LAVALEâ, TECHNICAL CAMPUS","âBHARATI VIDYAPEETHâS GROUP OF INSTITUTE, LAVALEâ, TECHNICAL CAMPUS
AT-LAVALE, TAL-MULSHI, DIST-PUNE",PUNE,Unaided - Private,N,N,1-506962621,fetchdata,2012-2013,Engineering and Technology,1,1,1,1,Maharashtra,1
1-716101772,BABURAOJI TIDKE POLYTECHNIC,"S.NO. 262, VILLAGE MOUDA",NAGPUR,Unaided - Private,N,N,1-425597381,fetchdata,2012-2013,Engineering and Technology,1,1,1,1,Maharashtra,1
1-715085102,NAGNATHAPPA HALGE COLLEGE OF ENGINEERING," PARLI-BEED STATE HGHWAY, AT. BRAHMAWADI, POST: TOKWADI,
TALUKA- PARLI-VAIJNATH, DIST : BEED",BEED,Unaided - Private,N,N,1-5865411,fetchdata,2012-2013,Engineering and Technology,1,1,1,1,Maharashtra,1
1-715941562,"AMRUTVAHINI COLLEGE OF ENGINEERING, SANGAMNER","AMRUTNAGAR, GHULWADI, SANGAMNER , DIST - AHMEDNAGAR",AHMEDNAGAR,Unaided - Private,N,N,1-7576531,fetchdata,2012-2013,Engineering and Technology,1,1,1,1,Maharashtra,1
1-716203064,D. Y. PATIL COLLEGE OF ENGINEERING & TECHNOLOGY,"KASABA - BAVADA, KOLHAPUR.",KOLHAPUR,Unaided - Private,N,N,1-5880923,fetchdata,2012-2013,Engineering and Technology,1,1,1,1,Maharashtra,1
1-714476602,AGNEL TECHNICAL COLLEGE (POLYTECHNIC),"FR. AGNEL ASHRAM,
BANDSTAND,
BANDRA(W)",MUMBAI SUBURBAN,Govt aided,N,N,1-487347841,fetchdata,2012-2013,Engineering and Technology,1,1,1,1,Maharashtra,1
1-715133942,ACHARYA SHRIMANANRAYAN POLYTECHNIC,"ARVI ROAD, 
PIPRI,
WARDHA.",WARDHA,Govt aided,N,Y,1-409528191,fetchdata,2012-2013,Engineering and Technology,1,1,1,1,Maharashtra,1
1-716203752,JSPM'S RAJARSHI SHAHU COLLEGE OF ENGINEERING,"S. NO. 80, PUNE-MUMBAI BYPASS HIGHWAY,
TATHAWADE, PUNE-411033",PUNE,Unaided - Private,N,N,1-8068015,fetchdata,2012-2013,Engineering and Technology,1,1,1,1,Maharashtra,1
1-716219150,"BALAGHAT ENGINEERING COLLEGE,RUDDHA","LATUR - NANDED HIGHWAY, RUDHA, AHMEDPUR, TALUKA - AHMEDPUR,DIST-LATUR (M.S.)",LATUR,Unaided - Private,N,N,1-6543583,fetchdata,2012-2013,Engineering and Technology,1,1,1,1,Maharashtra,1
1-715168072,G. H. RAISONI INSTITUTE OF ENGINEERING & TECHNOLOGY FOR WOMEN,"37-39/1, SHRADHA PARK, HARIGANGA,
HINGANA - WADI LINK ROAD,
NAGPUR-16",NAGPUR,Unaided - Private,Y,Y,1-8811246,fetchdata,2012-2013,Engineering and Technology,1,1,1,1,Maharashtra,1
1-716259016,KITS COLLEGE OF ENGINEERING,"AT POST- GOKUL SHIRGAON, TAL- KARVEER, DIST. KOLHPAUR.",KOLHAPUR,Unaided - Private,N,N,1-4830121,fetchdata,2012-2013,Engineering and Technology,1,1,1,1,Maharashtra,1
1-716267994,RAJARSHI SHAHU COLLEGE OF ENGINEERING,"NEAR PALNA GHAR, SHAHU NAGAR, SAGWAN, BULDANA",BULDHANA,Unaided - Private,N,N,1-5942801,fetchdata,2012-2013,Engineering and Technology,1,1,1,1,Maharashtra,1
1-715224742,MGM'S COLLEGE OF ENGINEERING AND TECHNOLOGY,"AT JUNCTION NH-4,SION PANVEL EXPRESSWAY, SECTOR-18,KAMOTHE,NAVI MUMBAI.",RAIGAD,Unaided - Private,N,N,1-12120544,fetchdata,2012-2013,Engineering and Technology,1,1,1,1,Maharashtra,1
1-715303660,"G.H. RAISONI COLLEGE OF ENGINEERING AND MANAGEMENT, AMRAVATI",ANJANGAON BARI ROAD,AMRAVATI,Unaided - Private,N,Y,1-30834321,fetchdata,2012-2013,Engineering and Technology,1,1,1,1,Maharashtra,1
1-716411932,PUNE VIDYARTHI GRIHA'S COLLEGE OF ENGINEERING AND TECHNOLOGY,"S.NO.44,VIDYANAGARI,SHIVDARSHAN,PARVATI,PUNE",PUNE,Unaided - Private,N,N,1-7640651,fetchdata,2012-2013,Engineering and Technology,1,1,1,1,Maharashtra,1
1-791148811,VIDYA NIKETAN COLLEGE OF ENGINEERING,"GAT NO. 670, VIDYANAGARI, PUNE- NASHIK ROAD, AT POST- BOTA, TAL-SANGAMNER, DIST- AHMEDNAGAR",AHMEDNAGAR,Unaided - Private,N,N,,fetchdata,2012-2013,Engineering and Technology,1,1,1,1,Maharashtra,1
1-715083782,KHURANA SAWANT INSTITUTE OF ENGINEERING & TECHNOLOGY,"BALSOND, HINGOLI
TQ. & DIST. HINGOLI-431513 (M.S.)",HINGOLI,Unaided - Private,N,N,1-2608151,fetchdata,2012-2013,Engineering and Technology,1,1,1,1,Maharashtra,1
1-716402032,NAMDEORAO POREDDIWAR COLLEGE OF ENGINEERING AND TECHNOLOGY,"AT MOUZA BODLI, DHANORA ROAD, GADCHIROLI
P.O. BOX. NO. 10",GADCHIROLI,Unaided - Private,N,N,1-8078801,fetchdata,2012-2013,Engineering and Technology,1,1,1,1,Maharashtra,1
1-716402572,SHRI SHANKARPRASAD AGNIHOTRI COLLEGE OF ENGINEERING,"AGNIHOTRI COLLEGE CAMPUS 
BAPUJI WADI
SINDI MEGHE
WARDHA",WARDHA,Unaided - Private,N,N,1-15135074,fetchdata,2012-2013,Engineering and Technology,1,1,1,1,Maharashtra,1
1-715060553,COLLEGE OF ENGINEERING,"HADAPSAR-MANJARI  ROAD,
MANJARI BK.",PUNE,Unaided - Private,N,N,1-4257884,fetchdata,2012-2013,Engineering and Technology,1,1,1,1,Maharashtra,1
1-716444302,"SND COLLEGE OF ENGINEERING & RESEARCH CENTER, BABHULGAON","A/P BABHULGAON TAL. YEOLA DIST. NASHIK
STATE MAHARASHTRA
PIN CODE-423401",NASHIK,Unaided - Private,N,N,1-3396281,fetchdata,2012-2013,Engineering and Technology,1,1,1,1,Maharashtra,1
1-716986512,SCTR'S PUNE INSTITUTE OF COMPUTER TECHNOLOGY,"S.NO.27, PUNE SATARA ROAD, DHANKAWADI",PUNE,Unaided - Private,N,N,1-5592509,fetchdata,2012-2013,Engineering and Technology,1,1,1,1,Maharashtra,1
1-715183283,B.L.PATIL POLYTECHNIC,"NEAR OLD POLICE STATION KHOPOLI 
TAL KHALAPUR",RAIGAD,Unaided - Private,N,N,1-445051801,fetchdata,2012-2013,Engineering and Technology,1,1,1,1,Maharashtra,1
1-716404492,EVEREST EDUCATIONAL SOCIETYS GROUP OF INSTITUTIONS,"GUT NO. 187 & 189
OHAR, JATWADA ROAD
AURANGABAD",AURANGABAD,Unaided - Private,N,Y,1-4302111,fetchdata,2012-2013,Engineering and Technology,1,1,1,1,Maharashtra,1
1-717819096,TSSM'S BHIVARABAI SAWANT COLLEGE OF ENGINEERING AND RESEARCH,"S.NO. 12/1/2 AND 12/2/2, NARHE, TALUKA HAVELI, DIST: PUNE",PUNE,Unaided - Private,N,N,1-3669721,fetchdata,2012-2013,Engineering and Technology,1,1,1,1,Maharashtra,1
1-717838752,MARATHWADA INSTITUTE OF TECHNOLOGY,"BEED BYPASS,
AURANGABAD",AURANGABAD,Unaided - Private,N,N,1-7162801,fetchdata,2012-2013,Engineering and Technology,1,1,1,1,Maharashtra,1
1-717699034,RAMBHAU LINGADE POLYTECHNIC COLLEGE,"GAT NO 448,451 LINGADE KNOWLEDGE PARK, CHIKHALI ROAD, BULDHANA",BULDHANA,Unaided - Private,N,N,1-433883613,fetchdata,2012-2013,Engineering and Technology,1,1,1,1,Maharashtra,1
1-717737236,"COLLEGE OF ENGINEERING, PUNE","WELLESLY ROAD, SHIVAJINAGAR, PUNE",PUNE,Government,N,N,1-14626132,fetchdata,2012-2013,Engineering and Technology,1,1,1,1,Maharashtra,1
1-717808972,SHRI SAI COLLEGE OF ENGINEERING & TECHNOLOGY,"NEAR VILLAGE LONARA, NAGPUR ROAD, TAH. BHADRAWATI, DIST. CHANDRAPUR (M.S.)",CHANDRAPUR,Unaided - Private,N,N,1-34086291,fetchdata,2012-2013,Engineering and Technology,1,1,1,1,Maharashtra,1
1-717919332,RIZVI COLLEGE OF ENGINEERING,"RIZVI EDUCATIONAL COMPLEX, SHERLY RAJAN VILLAGE
OFF. CARTER ROAD, BANDRA (WEST)",MUMBAI SUBURBAN,Unaided - Private,N,Y,1-20942721,fetchdata,2012-2013,Engineering and Technology,1,1,1,1,Maharashtra,1
1-717909904,"VINAYAKRAO PATIL SHIKSHAN PRASARAK MANDAL'S INSTITUTE OF ENGINEERING AND TECHNOLOGY, KANNAD","GUT NO. 30, HIWARKHEDA ROAD, KANNAD, DIST AURANGABAD (MAHARASHTRA)
PIN:- 431103",AURANGABAD,Unaided - Private,N,N,1-466056241,fetchdata,2012-2013,Engineering and Technology,1,1,1,1,Maharashtra,1
1-717910902,KRANTIVEER VASANTRAO NARAYANRAO NAIK INSTITUTE OF ENGINEERING EDUCATION AND RESERCH,"KRANTIVEER VASANTRAO NAIK MARG,CANADA CORNER,NASHIK-422002",NASHIK,Unaided - Private,N,N,1-422436343,fetchdata,2012-2013,Engineering and Technology,1,1,1,1,Maharashtra,1
1-717917692,SINHGAD TECHNICAL EDUCATION SOCIETY'S SOU. VENUTAI CHAVAN POLYTECHNIC,"S. NO. 44/1, OFF. SINHGAD, ROAD, VADGAON (BK), PUNE",PUNE,Unaided - Private,N,N,1-419413641,fetchdata,2012-2013,Engineering and Technology,1,1,1,1,Maharashtra,1
1-717948602,"DOEACC CENTRE, AURANGABAD","DOEACC CENTRE AURANGABAD
DR. B.A.M. UNIVERSITY CAMPUS 
AURANGABAD",AURANGABAD,Government,N,N,1-421286153,fetchdata,2012-2013,Engineering and Technology,1,1,1,1,Maharashtra,1
1-816340371,GURUKUL EDUCATION SOCIETY'S INSTITUTE OF ENGINEERING & TECHNOLOGY,"SURVEY NO.34/1/B &34/2,AT- PHULENAGAR,POST NANDGAON  TAL-NANDGAON, DIST-NASHIK",NASHIK,Unaided - Private,N,N,,fetchdata,2012-2013,Engineering and Technology,1,1,1,1,Maharashtra,1
1-717781704,"GOVERNMENT POLYTECHNIC, KARAD","AT POST - VIDYANAGAR, KARAD.",SATARA,Government,N,N,1-441962951,fetchdata,2012-2013,Engineering and Technology,1,1,1,1,Maharashtra,1
1-717980366,YESHWANTRAO CHAVAN COLLEGE OF ENGINEERING,"WANADONGRI,
HINGNA ROAD,
NAGPUR - 441 110",NAGPUR,Unaided - Private,N,N,1-4736951,fetchdata,2012-2013,Engineering and Technology,1,1,1,1,Maharashtra,1
1-717982452,SIR VISVESVARAYA INSTITUTE OF TECHNOLOGY,"A/P: CHINCHOLI, TALUKA: SINNAR, DIST: NASHIK, MAHARASHTRA 422101",NASHIK,Unaided - Private,N,N,1-19640842,fetchdata,2012-2013,Engineering and Technology,1,1,1,1,Maharashtra,1
1-717979172,INDIRA GANDHI POLYTECHNIC BELWANDI(SUGAR),"A/P:BELWANDI(SUGAR),TAL:SHRIGONDA,DIST:AHMEDNAGAR,STATE:MAHARASHTRA",AHMEDNAGAR,Unaided - Private,N,N,1-445064011,fetchdata,2012-2013,Engineering and Technology,1,1,1,1,Maharashtra,1
1-717958872,"OM COLLEGE OF ENGINEERING , WARDHA"," NEAR LOYDS STEEL INDUSTRIES LTD. HINGANGHAT ROAD , INZAPUR, WARDHA",WARDHA,Unaided - Private,N,N,1-2935391,fetchdata,2012-2013,Engineering and Technology,1,1,1,1,Maharashtra,1
1-717045742,INTERNATIONAL INSTITUTE OF INFORMATION TECHNOLOGY (IÂ²IT),"P-14, RAJIV GANDHI INFOTECH PARK, HINJAWADI,PUNE",PUNE,Unaided - Private,N,N,1-448945341,fetchdata,2012-2013,Engineering and Technology,1,1,1,1,Maharashtra,1
1-717967614,"SHRI AMBABAI TALIM SANSTHA'S SANJAY BHOKRE GROUP OF INSTITUTES, MIRAJ.","TILAKNAGAR,
POST-WANLESSWADI,",SANGLI,Unaided - Private,N,N,1-13181371,fetchdata,2012-2013,Engineering and Technology,1,1,1,1,Maharashtra,1
1-720595562,JAYAWANT SHIKSHAN PRASARAK MANDAL'S IMPERIAL COLLEGE OF ENGINEERING AND RESEARCH,"GAT NO- 720 (1 AND 2) PUNE-NAGAR ROAD,
AT POST-WAGHOLI,TALUKA-HAVELI ,DISTRICT-PUNE,   PIN-412207",PUNE,Unaided - Private,N,N,1-5979543,fetchdata,2012-2013,Engineering and Technology,1,1,1,1,Maharashtra,1
1-720609572,"POOJYA SANE GURUJI VIDYA PRASARAK MANDAL'S D. N. PATEL COLLEGE OF ENGINEERING, SHAHADA","POOJYA SANE GURUJI VIDYA PRASARAK MANDAL'S D. N. PATEL COLLEGE OF ENGINEERING, SHAHADA, DIST : NANDURBAR , MAHARASHTRA STATE, 
PIN : 425409.",NANDURBAR,Unaided - Private,N,N,1-2022661,fetchdata,2012-2013,Engineering and Technology,1,1,1,1,Maharashtra,1
1-720611592,BHARAT RATNA INDIRA GANDHI COLLEGE OF ENGINEERING,"GAT NO 58/3, PUNE- SOLAPUR NATIONAL HIGHWAY NO. 9, NEAR SOLAPUR UNIVERSITY, KEGAON, SOLAPUR.",SOLAPUR,Unaided - Private,N,N,1-3323061,fetchdata,2012-2013,Engineering and Technology,1,1,1,1,Maharashtra,1
1-717038002,VISHWAKARMA INSTITUTE OF TECHNOLOGY,"666, UPPER INDIRANAGAR, BIBWEWADI",PUNE,Unaided - Private,N,N,1-3514117,fetchdata,2012-2013,Engineering and Technology,1,1,1,1,Maharashtra,1
1-717782077,VIDYA PRATISHTHAN'S COLLEGE OF ENGINEERING BARAMATI,"VIDYANAGARI, MIDC (RESI. ZONE),
BARAMATI, DIST. PUNE - 413133, MAHARASHTRA STATE, INDIA",PUNE,Unaided - Private,N,N,1-1559911,fetchdata,2012-2013,Engineering and Technology,1,1,1,1,Maharashtra,1
1-717831500," DEPARTMENT OF TECHNOLOGY, SHIVAJI UNIVERSITY, KOLHAPUR","VIDYANAR, KOLHAPUR (MAHARASHTRA STATE)",KOLHAPUR,University Managed,N,N,1-4518485,fetchdata,2012-2013,Engineering and Technology,1,1,1,1,Maharashtra,1
1-720624741,BHAUSAHEB MULIK COLLEGE OF ENGINEERING,"P-73 OSP-73
M.I.D.C. INDUSTRIAL AREA
BUTIBORI NAGPUR - 441122",NAGPUR,Unaided - Private,N,N,1-5213191,fetchdata,2012-2013,Engineering and Technology,1,1,1,1,Maharashtra,1
1-720608233,SHANTINIKETAN POLYTECHNIC,"SURVEY NO. 1911, SHANTINIKETAN LOKVIDYAPEETH,
OPPOSITE SUGAR FACTORY,
MADHAVNAGAR ROAD",SANGLI,Unaided - Private,N,N,1-412748343,fetchdata,2012-2013,Engineering and Technology,1,1,1,1,Maharashtra,1
1-720605605,SHRI BALASAHEB MANE SHIKSHAN PRASARAK MANDAL'S ASHOKRAO MANE GROUP OF INSTITUTIONS,"NH4, PUNE-BENGALURU HIGHWAY, VATHAR TARF VADGAON",KOLHAPUR,Unaided - Private,N,N,1-5828281,fetchdata,2012-2013,Engineering and Technology,1,1,1,1,Maharashtra,1
1-720623012,DEPARTMENT OF CHEMICAL TECHNOLOGY,DR. BABASAHEB AMBEDKAR MARATHWADA UNIVERSITY,AURANGABAD,University Managed,N,N,1-479589481,fetchdata,2012-2013,Engineering and Technology,1,1,1,1,Maharashtra,1
1-720591432,THEEM COLLEGE OF ENGINEERING,"AT VILLAGE BETEGAON, CHILLHAR RAOD, N.H.NO.8,NEAR UNION PARK BOISAR(E) TAL - PALGHAR DIST - THANE",THANE,Unaided - Private,N,Y,1-6351267,fetchdata,2012-2013,Engineering and Technology,1,1,1,1,Maharashtra,1
1-720614142,SHRI BHAGUBHAI MAFATLAL POLYTECHNIC,"IRLA-JUHU RD, NATAKKAR RAM GANESH GADKARI MARG, VILE PARLE(WEST)",MUMBAI SUBURBAN,Govt aided,N,Y,1-415325881,fetchdata,2012-2013,Engineering and Technology,1,1,1,1,Maharashtra,1
1-717056412,"COLLEGE OF ENGINEERING & TECHNOLOGY, NORTH MAHARASHTRA KNOWLEDGE CITY, JALGAON",GAT NO. 166 BAMBHORI TAL. DHARANGAON DIST.  JALGAON,JALGAON,Unaided - Private,N,N,1-456316141,fetchdata,2012-2013,Engineering and Technology,1,1,1,1,Maharashtra,1
1-717155163,PRAVIN PATIL COLLEGE OF DIPLOMA ENGINEERING & TECHNOLOGY-,"MAHAVIDYALAYA MARG, NAVGHAR, WESTERN RAILWAY-BHAYANDAR(E)",THANE,Unaided - Private,N,N,1-466263861,fetchdata,2012-2013,Engineering and Technology,1,1,1,1,Maharashtra,1
1-717707452,SHRI CHHATRAPATI SHIVAJI MAHARAJ COLLEGE OF ENGINEERING,"SURVEY NO. 162 & 163, NAGAR KALYAN ROAD,",AHMEDNAGAR,Unaided - Private,N,N,1-451404281,fetchdata,2012-2013,Engineering and Technology,1,1,1,1,Maharashtra,1
1-720598362,COLLEGE OF ENGINEERING & TECHNOLOGY,"N.H.NO 6, BABHULGAON, AKOLA",AKOLA,Unaided - Private,N,N,1-6174891,fetchdata,2012-2013,Engineering and Technology,1,1,1,1,Maharashtra,1
1-720721542,SINHGAD INSTITUTE OF TECHNOLOGY,"GAT NO.309/310, OFF MUMBAI-PUNE EXPRESSWAY, KUSGAON (BK), LONAVALA, TAL - MAVAL, DIST - PUNE",PUNE,Unaided - Private,N,N,1-5285631,fetchdata,2012-2013,Engineering and Technology,1,1,1,1,Maharashtra,1
1-720695472,DR. D. Y. PATIL POLYTECHNIC,"SR. NO. 124 & 126, A/P AMBI, TALEGAON DABHADE, TAL-. MAVAL, DIST- PUNE",PUNE,Unaided - Private,N,N,1-437673521,fetchdata,2012-2013,Engineering and Technology,1,1,1,1,Maharashtra,1
1-697031881,JEHANGIR INSTITUTE OF PARAMEDICAL STUDIES,"32, SASSOON ROAD, PUNE 1.",PUNE,Unaided - Private,N,Y,1-479228181,fetchdata,2012-2013,Engineering and Technology,1,1,1,1,Maharashtra,1
1-775307832,SHRI VYANKATESH POLYTECHNIC,YELAKELI  TH-SELOO DIST- WARDHA,WARDHA,Unaided - Private,N,N,1-492453991,fetchdata,2012-2013,Engineering and Technology,1,1,1,1,Maharashtra,1
1-802488935,SANDIPANI TECHNICAL AND MEDICAL EDUCATION INSTITUTE'S SANDIPANI TECHNICAL CAMPUS - FACULTY OF ENGINE,"GAT NO.23, MAUJE - KOLPA, TAL. & DIST. LATUR",LATUR,Unaided - Private,N,N,1-449991893,fetchdata,2012-2013,Engineering and Technology,1,1,1,1,Maharashtra,1
1-697990011,PROF RAM MEGHE COLLEGE OF ENGINEERING & MANAGEMENT,"NEW EXPRESS HIGHWAY, 
BADNERA-AMRAVATI",AMRAVATI,Unaided - Private,N,N,1-8266435,fetchdata,2012-2013,Engineering and Technology,1,1,1,1,Maharashtra,1
1-695621681,JAWAHARLAL DARDA INSTITUTE OF ENGINEERING & TECHNOLOGY,"M.I.D.C., LOHARA, 
YAVATMAL-445001.",YAVATMAL,Unaided - Private,N,Y,1-4243471,fetchdata,2012-2013,Engineering and Technology,1,1,1,1,Maharashtra,1
1-698042911,DATTA MEGHE INSTITUTE OF ENGINEERING TECHNOLOGY AND RESEARCH,"SAWANGI (MEGHE)
WARDHA- 442004",WARDHA,Unaided - Private,N,N,1-6754053,fetchdata,2012-2013,Engineering and Technology,1,1,1,1,Maharashtra,1
1-698261711, ASHOK INSTITUTE OF ENGINEERING AND TECHNOLOGY,"ASHOKNAGAR TAL. SHRIRAMPUR, DIST. AHMEDNAGAR",AHMEDNAGAR,Unaided - Private,N,N,1-478378551,fetchdata,2012-2013,Engineering and Technology,1,1,1,1,Maharashtra,1
1-693526491,B.J.E.S. AMRAVATI POLYTECHNIC,"SURVEY NO.5, AT  POST BHANKHEDA,VIA CHANDUR RLY.AMRAVATI.",AMRAVATI,Unaided - Private,N,N,1-447764031,fetchdata,2012-2013,Engineering and Technology,1,1,1,1,Maharashtra,1
1-754438762,MAHATMA EDUCATION SOCIETY'S PILLAI'S POLYTECHNIC,"DR. K. M. VASUDEVAN PILLAI'S CAMPUS, SECTOR 16, NEW PANVEL",RAIGAD,Unaided - Private,N,Y,1-431324581,fetchdata,2012-2013,Engineering and Technology,1,1,1,1,Maharashtra,1
1-754388661,SAHYADRI VALLEY COLLEGE OF ENGINEERING & TECHNOLOGY,"AT GAT NO.1941, RAJURI, TALUKA: JUNNER",PUNE,Unaided - Private,N,N,1-476497031,fetchdata,2012-2013,Engineering and Technology,1,1,1,1,Maharashtra,1
1-751532302,SHRI. SHIVAJIRAO DESHMUKH INSTITUTE OF TECHNOLOGY,"AT/POST- RED, SHIRALA, TAL- SHIRALA, DIST- SANGLI PIN-415408",SANGLI,Unaided - Private,N,N,1-477659611,fetchdata,2012-2013,Engineering and Technology,1,1,1,1,Maharashtra,1
1-751561792,GOVERNMENT POLYTECHNIC SOLAPUR,"AKKALKOT ROAD 
SHANTI CHOUK
SOLAPUR",SOLAPUR,Government,N,N,1-463156901,fetchdata,2012-2013,Engineering and Technology,1,1,1,1,Maharashtra,1
1-762961153,DHARTI JNSEVA PRATISHTHN'S DIPLOMA IN ENGINEERING & TECHNOLOGY INSTITUTE  (POLYTECHNIC),"GUT NO.159, ROHANWADI (AMBEWADI) REOGAON ROAD JALNA",JALNA,Unaided - Private,N,N,1-502053141,fetchdata,2012-2013,Engineering and Technology,1,1,1,1,Maharashtra,1
1-754421882,G. M. VEDAK INSTITUTE OF TECHNOLOGY,"AT POST AND TALUKA TALA, DIST RAIGAD, MAHARASHTRA",RAIGAD,Unaided - Private,N,N,1-526668681,fetchdata,2012-2013,Engineering and Technology,1,1,1,1,Maharashtra,1
1-754454372,PILLAI'S HOC COLLEGE OF ENGINEERING AND TECHNOLOGY,"PILLAI'S HOCL EDUCATIONAL CAMPUS, RASAYANI, KHALAPUR, VIA PANVEL, RAIGAD",RAIGAD,Unaided - Private,N,Y,1-6758589,fetchdata,2012-2013,Engineering and Technology,1,1,1,1,Maharashtra,1
1-752585993,"K.T.PATIL COLLEGE OF ENGINEEGING & TECHNOLOGY , OSMANABAD","JADHAVWADI ROAD ,OSMANABAD",OSMANABAD,Unaided - Private,N,N,1-9310541,fetchdata,2012-2013,Engineering and Technology,1,1,1,1,Maharashtra,1
1-812320421,SUHAS INSTITUTE OF TECHNOLOGY,"GAT NO. 254, JAVJIBUVACHIWADI,  POST: KASURDI, TALUKA - DAUND,",PUNE,Unaided - Private,N,N,,fetchdata,2012-2013,Engineering and Technology,1,1,1,1,Maharashtra,1
1-755614543,SHANTINIKETAN POLYTECHNIC,SECTOR NO-2 PLOT NO 27 NEW PANVEL(E),RAIGAD,Unaided - Private,N,N,1-463896781,fetchdata,2012-2013,Engineering and Technology,1,1,1,1,Maharashtra,1
1-753181922,MAEER MIT'S SRI SAVITRIBAI PHULE POLYTECHNIC,"S/NO:124, EX-SERVICEMAN COLONY, MIT CAMPUS, PAUD ROAD KOTHRUD PUNE.",PUNE,Unaided - Private,N,N,1-419545563,fetchdata,2012-2013,Engineering and Technology,1,1,1,1,Maharashtra,1
1-755639232,ST. XAVIER'S TECHNICAL INSTITUTE,"MAHIM CAUSEWAY, MAHIM(WEST), MUMBAI 400016",MUMBAI CITY,Govt aided,N,Y,1-413785501,fetchdata,2012-2013,Engineering and Technology,1,1,1,1,Maharashtra,1
1-761683218,"VIDYA INSTITUTE OF TECHNOLOGY, DHANORE",AT.POST. DHANORE TAL. YEOLA DIST. NASIK,NASHIK,Unaided - Private,N,N,1-478394691,fetchdata,2012-2013,Engineering and Technology,1,1,1,1,Maharashtra,1
1-753600902,SHATABDI INSTITUTE OF TECHNOLOGY,"AT POST : AGASKHIND,
VIA : DEOLALI CAMP-BHAGUR,
TAL. SINNAR, DIST : NASHIK
PIN : 422 502",NASHIK,Unaided - Private,N,Y,1-413788101,fetchdata,2012-2013,Engineering and Technology,1,1,1,1,Maharashtra,1
1-754455192,MAHATMA EDUCATION SOCIETY'S PILLAI'S HOC POLYTECHNIC,"PILLAI'S HOCL EDUCATIONAL CAMPUS, RASAYANI, TAL KHALAPUR, VIA PANVEL, RAIGAD",RAIGAD,Unaided - Private,N,Y,1-425987621,fetchdata,2012-2013,Engineering and Technology,1,1,1,1,Maharashtra,1
1-753921288,SHRI PRINCE SHIVAJI MARATHA BOARDING HOUSE'S NEW POLYTECHNIC,"R.S. NO. 264, SHANTI NAGAR, UCHAGAON, KOLHAPUR - 416005",KOLHAPUR,Unaided - Private,N,N,1-442128781,fetchdata,2012-2013,Engineering and Technology,1,1,1,1,Maharashtra,1
1-753715152,SOU SHARDADEVI PANDIT POLYTECHNI INSTITUTE ALANI,AT GADPATI ALANI TQ.& DIST.OSMANABAD,OSMANABAD,Unaided - Private,N,N,1-475426153,fetchdata,2012-2013,Engineering and Technology,1,1,1,1,Maharashtra,1
1-753540220,SWAMI RAMANAND TEERTH POLYTECHINIC COLLEGE,"AT. BALANTWADI, POST GHODAJ,TQ.KANDHAR,DIST. NANDED",NANDED,Unaided - Private,N,N,1-512009671,fetchdata,2012-2013,Engineering and Technology,1,1,1,1,Maharashtra,1
1-824774752,"GOEVRNMENT POLYTECHNIC, WASHIM","RISOD ROAD, LAKHALA, WASHIM, DIST:WASHIM",WASHIM,Government,N,N,1-500353381,fetchdata,2012-2013,Engineering and Technology,1,1,1,1,Maharashtra,1
1-778434712,BHONSLA POLYTECHNIC,"SURVEY NO. 65, MOUZA - HINGNA BARLINGNA, AKOLA-WASHIM HIGHWAY, TAH. & DIST. AKOLA. (M.S)",AKOLA,Unaided - Private,N,N,1-464030461,fetchdata,2012-2013,Engineering and Technology,1,1,1,1,Maharashtra,1
1-755777390,"M.G.M'S COLLEGE OF ENGINEERING ,NANDED","NEAR AIRPORT,HINGOLI,ROAD,NANDED-431 605",NANDED,Unaided - Private,N,N,1-15937511,fetchdata,2012-2013,Engineering and Technology,1,1,1,1,Maharashtra,1
1-796885960,GANGAI CHARITABLE TRUST ADARSH POLYTECHNIC,"SHERI (BK), ( KADA) TAL. ASHTI,
DIST. BEED",BEED,Unaided - Private,N,N,1-505907631,fetchdata,2012-2013,Engineering and Technology,1,1,1,1,Maharashtra,1
1-756640962,"MAHARASHTRA INSTITUTE OF TECHNOLOGY, PUNE","SURVEY NO. 124, PAUD ROAD, KOTHRUD, PUNE",PUNE,Unaided - Private,N,N,1-5179827,fetchdata,2012-2013,Engineering and Technology,1,1,1,1,Maharashtra,1
1-756752012,DR. R. N. LAHOTI POLYTECHNIC SULTANPUR,"JALNA ROAD SULTANPUR, TQ. LONAR, DIST. BULDANA",BULDHANA,Unaided - Private,N,N,1-475435423,fetchdata,2012-2013,Engineering and Technology,1,1,1,1,Maharashtra,1
1-756805913,"GOVERNMENT POLYTECHNIC, AHMEDNAGAR","NEAR I.T.I., BURUDGAON ROAD, AHMEDNAGAR - 414001",AHMEDNAGAR,Government,N,N,1-465626741,fetchdata,2012-2013,Engineering and Technology,1,1,1,1,Maharashtra,1
1-756920924,MAULANA MUKHTAR AHMAD NADVI TECHNICAL CAMPUS,"MANSOORA, MALEGAON-MANMAD ROAD,         P.O.BOX 144,",NASHIK,Unaided - Private,N,Y,,fetchdata,2012-2013,Engineering and Technology,1,1,1,1,Maharashtra,1
1-758944932,ADITYA ENGINEERING COLLEGE,TELGAON ROAD BEED,BEED,Unaided - Private,N,N,1-40425501,fetchdata,2012-2013,Engineering and Technology,1,1,1,1,Maharashtra,1
1-756179635,"SHRI BHAIRAVNATH NISARG MANDAL'S, DIPLOMA IN ENGINEERING & TECHNOLOGY(POLYTECHNIC)","GUT NO. 93,GEORAI TANDA, PAITHAN ROAD, AURANGABAD",AURANGABAD,Unaided - Private,N,N,1-412372851,fetchdata,2012-2013,Engineering and Technology,1,1,1,1,Maharashtra,1
1-756330585,SITARAMJI MUNDADA MARATHWADA POLYTECHNIC PARBHANI,KHANDOBA BAZAR PARBHANI,PARBHANI,Unaided - Private,N,N,1-480242611,fetchdata,2012-2013,Engineering and Technology,1,1,1,1,Maharashtra,1
1-756095082,"GOVERNMENT POLYTECHNIC,GONDIA","FULCHUR PETH,GOREGAON ROAD,GONDIA-441601",GONDIA,Government,N,N,1-503580441,fetchdata,2012-2013,Engineering and Technology,1,1,1,1,Maharashtra,1
1-757070843,"DR. RAJESH RAMDASJI KAMBE POLYTECHNIC COLLEGE, TURKHED, MURTIZAPUR, DIST- AKOLA","GAT NO. 8 , SERVEY NO. 13, TURKHED, TQ.MURTIZAPUR, DIST- AKOLA",AKOLA,Unaided - Private,N,N,1-464944731,fetchdata,2012-2013,Engineering and Technology,1,1,1,1,Maharashtra,1
1-756472122,"BALAJI POLYTECHNIC,SAWARLA","WANI WARORA ROAD,SAWARLA,TAI-WANI,DIST-YAVATMAL",YAVATMAL,Unaided - Private,N,N,1-435419521,fetchdata,2012-2013,Engineering and Technology,1,1,1,1,Maharashtra,1
1-752604910,"V.J.SHINDE POLYTENIC COLLEGE, OSMANABAD","VARUDA ROAD, OSMANABAD",OSMANABAD,Unaided - Private,N,N,1-524787191,fetchdata,2012-2013,Engineering and Technology,1,1,1,1,Maharashtra,1
1-693709661,SINHGAD INSTITUTE OF TECHNOLOGY AND SCIENCE,"49/1 NARHE - AMBEGAON (BK.), OFF WESTERNLY BYPASS, PUNE - MUMBAI EXPRESSWAY, PUNE",PUNE,Unaided - Private,N,N,1-4606451,fetchdata,2012-2013,Engineering and Technology,1,1,1,1,Maharashtra,1
1-696276161,COLLEGE OF MILITARY ENGINEERING,"DAPODI, PUNE, MAHARASHTRA STATE",PUNE,Government,N,N,1-503347763,fetchdata,2012-2013,Engineering and Technology,1,1,1,1,Maharashtra,1
1-721908153,INSTITUTE OF TECHNOLOGY,"A/P. KURAN, TAL. JUNNAR, DIST. PUNE",PUNE,Unaided - Private,N,N,1-448090201,fetchdata,2012-2013,Engineering and Technology,1,1,1,1,Maharashtra,1
1-693734501,MAHARSHI KARVE STREE SHIKSHAN SAMSTHA'S CUMMINS COLLEGE OF ENGINEERING FOR WOMEN,"KARVENAGAR, PUNE 411 052",PUNE,Unaided - Private,Y,N,1-5901008,fetchdata,2012-2013,Engineering and Technology,1,1,1,1,Maharashtra,1
1-693870821,"GENBA SOPANRAO MOZE TRUST'S PARVATIBAI GENBA MOZE COLLEGE OF ENGINEERING,WAGHOLI, PUNE","GAT NO. 2181, WAGHOLI, TAL. HAVELI, DIST. PUNE",PUNE,Unaided - Private,N,N,1-10190374,fetchdata,2012-2013,Engineering and Technology,1,1,1,1,Maharashtra,1
1-694663701,SHRI KRISHNARAO PANDAV POLYTECHNIC,BAHADURA,NAGPUR,Unaided - Private,N,N,1-475221403,fetchdata,2012-2013,Engineering and Technology,1,1,1,1,Maharashtra,1
1-686472351,SANJIVANI RURAL EDUCATION SOCIETY'S COLLEGE OF ENGINEERING,"AT: SAHAJANANDNAGAR POST- SHINGNAPUR
TAL:-KOPARGAON DIST: AHMEDANAGR-423 603",AHMEDNAGAR,Unaided - Private,N,N,1-2896661,fetchdata,2012-2013,Engineering and Technology,1,1,1,1,Maharashtra,1
1-723687222,AL-AMEEN EDUCATIONAL & MEDICAL FOUNDATION'S COLLEGE OF ENGINEERING & MANAGEMENT STUDIES,"PIMPLE JAGTAP ROAD,SHARAD CAMPUS",PUNE,Unaided - Private,N,Y,1-7386063,fetchdata,2012-2013,Engineering and Technology,1,1,1,1,Maharashtra,1
1-686505291,MATOSHRI PRATISHTHAN'S GROUP OF INSTITUTION SCHOOL OF ENGINEERING AND SCHOOL OF MANAGEMENT,"JIJAU NAGAR,OFF LATUR NANDED HIGHWAY,AT KHUPSARWADI,PO.VISHNUPURI,",NANDED,Unaided - Private,N,N,1-6754941,fetchdata,2012-2013,Engineering and Technology,1,1,1,1,Maharashtra,1
1-686482291,PRIYADARSHINI INDIRA GANDHI COLLEGE OF ENGINEERING,"OPPOSITE LATA MANGESHKAR HOSPITAL, DIGDOH HILLS, HINGNA ROAD, NAGPUR",NAGPUR,Unaided - Private,N,Y,1-15912061,fetchdata,2012-2013,Engineering and Technology,1,1,1,1,Maharashtra,1
1-753526842,"NAGAON EDUCATION SOCIETY,S GANGAMAI POLYTECHNIC, NAGAON, DHULE",AT & POST NAGAON TAL & DIST DHULE,DHULE,Unaided - Private,N,N,1-462905091,fetchdata,2012-2013,Engineering and Technology,1,1,1,1,Maharashtra,1
1-686310011,SYMBIOSIS INSTITUTE OF TECHNOLOGY,"SYMBIOSIS KNOWLEDGE VILLAGE PROJECT ,TAL MULSHI ,VILLAGE LAVALE/NANDE , DIST .PUNE-411042",PUNE,University Managed,N,N,1-10306294,fetchdata,2012-2013,Engineering and Technology,1,1,1,1,Maharashtra,1
1-781643722, SHREE SIDHIVINAYAK POLYTECHNIC,"SUR. NO. 86/1,,SIDHATEK BERDI,
TAL. KARJAT,,
AHMADNAGAR-414403",AHMEDNAGAR,Unaided - Private,N,N,1-476125311,fetchdata,2012-2013,Engineering and Technology,1,1,1,1,Maharashtra,1
1-686369181,"VIVEKANAND EDUCATION SOCIETY'S POLYTECHNIC,SITASAONGI","AT+PO-SITASAONGI,TAH-TUMSAR,DISTT.-BHANDARA(M.S)",BHANDARA,Unaided - Private,N,N,1-467599631,fetchdata,2012-2013,Engineering and Technology,1,1,1,1,Maharashtra,1
1-686425631,INTERNATIONAL CENTRE OF EXCELLENCE IN ENGINEERING & MANAGEMENT,"GUT NO- 4, OPPOSIT BAJAJ AUTO LTD. ,IN FRONT OF  MIDC FILTERATION  PLANT AURANGABAD - PUNE HIGHWAY,",AURANGABAD,Unaided - Private,N,N,1-455939013,fetchdata,2012-2013,Engineering and Technology,1,1,1,1,Maharashtra,1
1-686427961,GHARDA FOUNDATION'S GHARDA INSTITUTE OF TECHNOLOGY,"AT & POST:LAVEL, TALUKA: KHED, DISTRICT. RATNAGIRI, MAHARASHTRA, PIN: 415 708.",RATNAGIRI,Unaided - Private,N,N,1-5277521,fetchdata,2012-2013,Engineering and Technology,1,1,1,1,Maharashtra,1
1-773561721,DNYANSHREE INSTITUTE ENGINEERING AND TECHNOLOGY,"A/P:-SONVADI-GAJVADI,  SAJJANGAD ROAD,
TAL.-SATARA,
DIST.-SATARA.  MAHARASHTRA,INDIA",SATARA,Unaided - Private,N,N,,fetchdata,2012-2013,Engineering and Technology,1,1,1,1,Maharashtra,1
1-698266721,INSTITUTE OF CIVIL AND RURAL ENGINEERING,"SHRI MOUNI VIDYAPEETH, MURALIDHAR NAGAR, GARGOTI, TAL- BHUDARGAD",KOLHAPUR,Govt aided,N,N,1-439989421,fetchdata,2012-2013,Engineering and Technology,1,1,1,1,Maharashtra,1
1-686441171,"ANNASAHEB DANGE COLLEGE OF ENGINEERING AND TECHNOLOGY, ASHTA","NEAR OLD AIRPORT, A/P - ASHTA, TAL - WALWA, DIST - SANGLI",SANGLI,Unaided - Private,N,N,1-4318091,fetchdata,2012-2013,Engineering and Technology,1,1,1,1,Maharashtra,1
1-686362621,SAMARTH GROUP OF INSTITUTIONS,"A- BANGARWADI, P-BELHE,TAL- JUNNAR",PUNE,Unaided - Private,N,N,1-5099471,fetchdata,2012-2013,Engineering and Technology,1,1,1,1,Maharashtra,1
1-686367121,MAHARASHTRA INSTITUTE OF POLYTECHNIC,"CHOUGAN PHATA,ARMORI ROAD,BETALA",CHANDRAPUR,Unaided - Private,N,N,1-451910481,fetchdata,2012-2013,Engineering and Technology,1,1,1,1,Maharashtra,1
1-686465901,PADMABHUSHAN VASANTDADA PATIL PRATISHTHAN'S COLLEGE OF ENGINEERING,"VASANTDADA PATIL EDUCATIONAL COMPLEX, EASTERN EXPRESS HIGHWAY, NEAR PRIYADARSHINI BUILDING, SION-CHUNABHATTI, MUMBAI - 400 022",MUMBAI CITY,Unaided - Private,N,N,1-4391771,fetchdata,2012-2013,Engineering and Technology,1,1,1,1,Maharashtra,1
1-747523872,SHRI BALASAHEB MANE SHIKSHAN PRASARAK MANDAL ASHOKRAO MANE POLYTECHNIC,"GAT NO.475, 
AT POST- AMBAP
TALUKA-HATKANANGLE",KOLHAPUR,Unaided - Private,N,N,1-425453811,fetchdata,2012-2013,Engineering and Technology,1,1,1,1,Maharashtra,1
1-686339601,"GOVERNMENT POLYTECHNIC, KOLHAPUR","OLD. P. B. ROAD, VIDYANAGAR",KOLHAPUR,Government,N,N,1-475576863,fetchdata,2012-2013,Engineering and Technology,1,1,1,1,Maharashtra,1
1-686451071,SHARAD INSTITUTE OF TECHNOLOGY COLLEGE OF ENGINEERING,"BEHIND ONKARESHWAR MANDIR, 
YADRAV-ICHALKARNJI 
TAL-SHIROL DIST.- KOLHAPUR 
MAHARASHTRA PIN- 416121",KOLHAPUR,Unaided - Private,N,N,1-4156934,fetchdata,2012-2013,Engineering and Technology,1,1,1,1,Maharashtra,1
1-686948221,RAJENDRA MANE POLYTECHNIC,AT AND POST AMBAV DEVRUKH TAL. SANGAMESHWAR DIST RATNAGIRI,RATNAGIRI,Unaided - Private,N,N,1-409865251,fetchdata,2012-2013,Engineering and Technology,1,1,1,1,Maharashtra,1
1-687434761,"MATOSHRI INSTITUTE OF TECHNOLOGY, DHANORE","SUR.NO.101/3 A, 101/2/1, DHANORE, TAL: YEOLA, DIST: NASHIK",NASHIK,Unaided - Private,N,N,1-410954021,fetchdata,2012-2013,Engineering and Technology,1,1,1,1,Maharashtra,1
1-687542771,SHRI YOGESHWARI POLYTECHNIC COLLEGE,"S.NO.92, BEHIND YOGESHWARI COLLEGE, NAGZARI ROAD,
AMBAJOGAI.",BEED,Unaided - Private,N,N,1-511604771,fetchdata,2012-2013,Engineering and Technology,1,1,1,1,Maharashtra,1
1-686605251,RAJENDRA MANE COLLEGE OF ENGINEERING & TECHNOLOGY,"A/P- AMBAV, DEVRUKH,
TAL- SANGMESHWAR,
DIST- RATNAGIRI",RATNAGIRI,Unaided - Private,N,N,1-3885153,fetchdata,2012-2013,Engineering and Technology,1,1,1,1,Maharashtra,1
1-686514051,DR.D.Y.PATIL POLYTECHNIC,KASABA BAVADA,KOLHAPUR,Unaided - Private,N,N,1-435573621,fetchdata,2012-2013,Engineering and Technology,1,1,1,1,Maharashtra,1
1-773625802,"P. E. S. POLYTECHNIC, AURANGABAD","DR. BABASAHEB AMBEDKAR MARATHWADA UNIVERSITY ROAD, NEAR PANCHAKKI, NAGSENVANA, AURANGABAD",AURANGABAD,Unaided - Private,N,N,1-459996711,fetchdata,2012-2013,Engineering and Technology,1,1,1,1,Maharashtra,1
1-687376248,"GURU GOBIND SINGH POLYTECHNIC, NASHIK","KHALSA EDUCATIONAL COMPLEX, WADALA PATHARDI ROAD,GURU GOBIND SINGH MARG, NASHIK - 9",NASHIK,Unaided - Private,N,N,1-462563721,fetchdata,2012-2013,Engineering and Technology,1,1,1,1,Maharashtra,1
1-686877112,JHULELAL INSTITUTE OF TECHNOLOGY,"OFF KORADI ROAD, LONARA, NAGPUR",NAGPUR,Unaided - Private,N,Y,1-2757921,fetchdata,2012-2013,Engineering and Technology,1,1,1,1,Maharashtra,1
1-687452301,BHARATI VIDYAPEETH INSTITUTE OF TECHNOLOGY,"SECTOR-7, C.B.D., BELPADA, OPP. KHARGHAR RAILWAY STATION, NAVI MUMBAI",THANE,Unaided - Private,N,N,1-401936901,fetchdata,2012-2013,Engineering and Technology,1,1,1,1,Maharashtra,1
1-687378121,"VES'S AHINSA POLYTECHNIC, DONDAICHA","DHULE ROAD DONDAICHA 425408
TAL.- SHINDHKHEDA
DIS.- DHULE",DHULE,Unaided - Private,N,N,1-404124841,fetchdata,2012-2013,Engineering and Technology,1,1,1,1,Maharashtra,1
1-687348101,KARMAYOGI POLYTECHNIC COLLEGE,"A/P. SHELVE, TAL. PANDHARPUR",SOLAPUR,Unaided - Private,N,N,1-460082281,fetchdata,2012-2013,Engineering and Technology,1,1,1,1,Maharashtra,1
1-687612131,PRABHAKAR PATIL EDUCATION SOCIETY'S POLYTECHNIC,"S.NO.54A, AT - BHILAVALE, POST - WAVANDHAL, TALUKA - KHALAPUR, DIST - RAIGAD. PIN - 410202",RAIGAD,Unaided - Private,N,N,1-501263641,fetchdata,2012-2013,Engineering and Technology,1,1,1,1,Maharashtra,1
1-686707071,"BHARATI VIDYAPEETH COLLEGE OF ENGINEERING, NAVI MUMBAI","SECTOR-7, C.B.D., BELAPUR, NAVI MUMBAI-400614",THANE,Unaided - Private,N,N,1-4691071,fetchdata,2012-2013,Engineering and Technology,1,1,1,1,Maharashtra,1
1-686881121,"KARMAYOGI ENGINEERING COLLEGE, SHELVE, PANDHARPUR.","GAT NO. 124 AND 125, AP. SHELVE,
TAL. PANDHARPUR, DIST. SOLAPUR.
PIN 413304. MAHARASHTRA",SOLAPUR,Unaided - Private,N,N,1-13499321,fetchdata,2012-2013,Engineering and Technology,1,1,1,1,Maharashtra,1
1-687353101,FINOLEX ACADEMY OF MANAGEMENT AND TECHNOLOGY,"P-60, P-60/1 MIDC,MIRJOLE RATNAGIRI,MAHARASHTRA",RATNAGIRI,Unaided - Private,N,N,1-3861731,fetchdata,2012-2013,Engineering and Technology,1,1,1,1,Maharashtra,1
1-758157332,SHRI. SEWAKBHAU WAGHAYE PATIL POLYTECHNIC,GADEGAON/LAKHANI,BHANDARA,Unaided - Private,N,N,1-511872301,fetchdata,2012-2013,Engineering and Technology,1,1,1,1,Maharashtra,1
1-686634551,SHRI LAXMANRAO MANKAR COLLEGE OF POLYTECHNIC,AMGAON,GONDIA,Unaided - Private,N,N,1-455219361,fetchdata,2012-2013,Engineering and Technology,1,1,1,1,Maharashtra,1
1-688283102,"MCT'S RAJIV GANDHI INSTITUTE OF TECHNOLOGY, MUMBAI","JUHU-VERSOVA LINK ROAD, VERSOVA,  ANDHERI (W),
MUMBAI-400 053",MUMBAI SUBURBAN,Unaided - Private,N,N,1-2403491,fetchdata,2012-2013,Engineering and Technology,1,1,1,1,Maharashtra,1
1-686659731,COLLEGE OF ENGINEERING & TECHNOLOGY,"SIPNA CAMPUS, INFRONT OF NEMANI GODOWN, BADNERA ROAD,
AMRAVATI",AMRAVATI,Unaided - Private,N,N,1-2945121,fetchdata,2012-2013,Engineering and Technology,1,1,1,1,Maharashtra,1
1-688315551,LATE NARAYANDAS BHAWANDAS CHHABADA INSTITUTE OF TECHNOLOGY (POLYTECHNIC),"SURVEY NO. 259, AT/POST - RAIGAON TAL - JAOLI",SATARA,Unaided - Private,N,N,1-401777433,fetchdata,2012-2013,Engineering and Technology,1,1,1,1,Maharashtra,1
1-686619931,HON.SHRI BABANRAO PACHPUTE VICHARDHARA TRUST'S GROUP OF INSTITUTIONS,"A/P KASHTI,
TAL: SHRIGONDA
DIST: AHMEDNAGAR
MAHARASHTRA - 414701",AHMEDNAGAR,Unaided - Private,N,N,1-12614931,fetchdata,2012-2013,Engineering and Technology,1,1,1,1,Maharashtra,1
1-687558761,K. K. WAGH INSTITUTE OF ENGINEERING EDUCATION & RESEARCH,"HIRABAI HARIDAS VIDYANAGARI, AMRUTDHAM, PANCHAVATI, NASHIK",NASHIK,Unaided - Private,N,N,1-5942025,fetchdata,2012-2013,Engineering and Technology,1,1,1,1,Maharashtra,1
1-686576123,ST. JOHN COLLEGE OF ENGINEERING AND TECHNOLOGY,"ST. JOHN TECHNICAL EDUCATION COMPLEX, VEVOOR, MANOR ROAD, PALGHAR (E), THANE DISTRICT",THANE,Unaided - Private,N,Y,1-4790201,fetchdata,2012-2013,Engineering and Technology,1,1,1,1,Maharashtra,1
1-687567701,L&T INSTITUTE OF TECHNOLOGY,"P.O. BOX 8975
SAKI VIHAR ROAD
POWAI",MUMBAI CITY,Unaided - Private,N,N,1-439836201,fetchdata,2012-2013,Engineering and Technology,1,1,1,1,Maharashtra,1
1-686289741,"KAVIKULGURU INSTITUTE OF TECHNOLOGY AND SCIENCE, RAMTEK","K.K. NAGAR, MOUDA ROAD
RAMTEK, DIST- NAGPUR -441106 (MAHARASTRA)",NAGPUR,Unaided - Private,N,N,1-4152791,fetchdata,2012-2013,Engineering and Technology,1,1,1,1,Maharashtra,1
1-686559981,"KAI. SAU. SUNITATAI EKNATHRAO  DHAKANE POLYTECHNIC COLLEGE,SHEVGAON","A/P:-RAKSHI
TAL:-SHEVGAON",AHMEDNAGAR,Unaided - Private,N,N,1-474299561,fetchdata,2012-2013,Engineering and Technology,1,1,1,1,Maharashtra,1
1-686872101,"MARATHWADA MITRA MANDAL'S POLYTECHNIC, THERGAON, PUNE","S.NO. 4/17, SECTOR NO. 34, PCNTDA, OFF KALEWADI ROAD, THERGAON, PUNE",PUNE,Unaided - Private,N,N,1-421166773,fetchdata,2012-2013,Engineering and Technology,1,1,1,1,Maharashtra,1
1-686720091,"GOKHALE EDUCATION SOCIETY'S R. H. SAPAT COLLEGE OF ENGINEERING, MANAGEMENT STUDIES & RESEARCH","PRIN. T. A. KULKARNI VIDYANAGAR,
COLLEGE ROAD",NASHIK,Unaided - Private,N,N,1-6446231,fetchdata,2012-2013,Engineering and Technology,1,1,1,1,Maharashtra,1
1-687516631,G.H.RAISONI COLLEGE OF ENGINEERING & MANAGEMENT,"GAT NO.1200, DOMKHEL ROAD, WAGHOLI, PUNE - 412 207",PUNE,Unaided - Private,N,Y,1-1720061,fetchdata,2012-2013,Engineering and Technology,1,1,1,1,Maharashtra,1
1-688320051,"BAPURAO DESHMUKH COLLEGE OF ENGINEERING, SEWAGRAM","AT-SEWAGRAM
TAH & DIST. -WARDHA
MAHARASHTRA
PIN. 442 102",WARDHA,Unaided - Private,N,N,1-3548701,fetchdata,2012-2013,Engineering and Technology,1,1,1,1,Maharashtra,1
1-688314221,PRAVARA RURAL ENGINEERING COLLEGE,"A/P-LONI, TAL:RAHATA, DIST:AHMEDNAGAR",AHMEDNAGAR,Unaided - Private,N,N,1-2013661,fetchdata,2012-2013,Engineering and Technology,1,1,1,1,Maharashtra,1
1-686464221,"SHRI SIDDHESHWAR DEVASTHAN TRUSTS,SHRI SIDDHESHWAR WOMENS POLYTECHNIC,SOLAPUR","T.P. II,PLOT NO 74,RUPA BHAVANI MANDIR ROAD,BHAVANI PETH,SOLAPUR",SOLAPUR,Unaided - Private,Y,Y,1-438785271,fetchdata,2012-2013,Engineering and Technology,1,1,1,1,Maharashtra,1
1-688321571,ALL INDIA SHRI SHIVAJI MEMORIAL SOCIETY'S INSTITUTE OF INFORMATION TECHNOLOGY,"KENNEDY ROAD, NEAR R.T.O, PUNE- 411 001",PUNE,Unaided - Private,N,N,1-5165001,fetchdata,2012-2013,Engineering and Technology,1,1,1,1,Maharashtra,1
1-688364291,"SRES'S K.B.P.POLYTECHNIC, KOPARGAON","AT-SAHAJANANDNAGAR
POST.SHINGANAPUR
TAL.KOPARGAON
DIST.AHMEDNAGAR",AHMEDNAGAR,Unaided - Private,N,N,1-405661531,fetchdata,2012-2013,Engineering and Technology,1,1,1,1,Maharashtra,1
1-688325231,KASEGAON EDUCATION SOCIETYS RAJARAMBAPU INSTITUTE OF TECHNOLOGY,"RAJARAMNAGAR, SAKHARALE, TAL. WALWA, DIST. SANGLI",SANGLI,Unaided - Private,N,N,1-5373023,fetchdata,2012-2013,Engineering and Technology,1,1,1,1,Maharashtra,1
1-688382311,WALCHAND INSTITUTE OF TECHNOLOGY,"SETH WALCHANAND HIRACHAND MARG
POST BOX NO. 634
ASHOK CHOWK",SOLAPUR,Unaided - Private,N,Y,1-3869061,fetchdata,2012-2013,Engineering and Technology,1,1,1,1,Maharashtra,1
1-687356531,JSPM NARHE TECHNICAL CAMPUS,"S.NO.12/2/2, 14/9, NARHE",PUNE,Unaided - Private,N,N,1-448618911,fetchdata,2012-2013,Engineering and Technology,1,1,1,1,Maharashtra,1
1-687547001,TECHNICAL AND MEDICAL EDUCATION SOCIETY'S J. T. MAHAJAN POLYTECHNIC FAIZPUR,"JIVARAM NAGAR 
NHAVIMARG FAIZPUR
TAL:- YAWAL
DIST:- JALGAON
425524",JALGAON,Unaided - Private,N,N,1-427627533,fetchdata,2012-2013,Engineering and Technology,1,1,1,1,Maharashtra,1
1-818880975,MITTHULALJI SARDA POLYTECHNIC,NALWANDI ROAD SERVE NO. 123  BAHIRWADI,BEED,Unaided - Private,N,N,1-509138261,fetchdata,2012-2013,Engineering and Technology,1,1,1,1,Maharashtra,1
1-722614022,"K.K.WAGH POLYTECHNIC, CHANDORI, TAL:- NIPHAD","AT POST: CHANDORI
TAL :- NIPHAD",NASHIK,Unaided - Private,N,N,1-425998321,fetchdata,2012-2013,Engineering and Technology,1,1,1,1,Maharashtra,1
1-697133351,"SHRI SAIBABA INSTITUTE OF ENGINEERING, RESEARCH AND ALLIED SCIENCES","GRAMODAYA, 
AT/P:- RAHATA 
TAL:- RAHATA
DIST: AHMEDNAGAR
STATE: MAHARASHTRA",AHMEDNAGAR,Unaided - Private,N,N,1-424139091,fetchdata,2012-2013,Engineering and Technology,1,1,1,1,Maharashtra,1
1-698264047,SNEHA INSTITUTE OF TECHNOLOGY,"BARSI TULJAPUR ROAD, NAGOBA CHOWK, RUI, TALUKA - BARSHI,",SOLAPUR,Unaided - Private,N,N,1-494269881,fetchdata,2012-2013,Engineering and Technology,1,1,1,1,Maharashtra,1
1-696545781,"KADWA POLYTECHNIC,RAJARAM NAGAR","RAJARAM NAGAR,
TAL:DINDORI
DIST:NASHIK",NASHIK,Unaided - Private,N,N,1-445499041,fetchdata,2012-2013,Engineering and Technology,1,1,1,1,Maharashtra,1
1-698252771,S.N.RAI INSTITUTE OF ENGG& TECHNOLOGY,PUSAD ROAD MAHUR TQ MAHUR DIST NANDED,NANDED,Unaided - Private,N,N,1-459338411,fetchdata,2012-2013,Engineering and Technology,1,1,1,1,Maharashtra,1
1-685651001,VIDYALANKAR INSTITUTE OF TECHNOLOGY,"VIDYALANKAR MARG,
ANTOP HILL, WADALA(E)",MUMBAI CITY,Unaided - Private,N,N,1-14068819,fetchdata,2012-2013,Engineering and Technology,1,1,1,1,Maharashtra,1
1-685704701,DEOGIRI TECHNICAL CAMPUS FOR ENGINEERING AND MANAGEMENT STUDIES,"DEOGIRI COLLEGE CAMPUS, STATION ROAD, AURANGABAD",AURANGABAD,Unaided - Private,N,N,1-3928641,fetchdata,2012-2013,Engineering and Technology,1,1,1,1,Maharashtra,1
1-686314601,SOU. SUSHILA DANCHAND GHODAWAT CHARITABLE TRUST'S SANJAY GHODAWAT GROUP OF INSTITUTIONS,"GAT NO. 583 TO 585,
A/P- ATIGRE, 416 118
TAL - HATKANANGALE, DIST - KOLHAPUR
MAHARASHTRA",KOLHAPUR,Unaided - Private,N,N,1-4356481,fetchdata,2012-2013,Engineering and Technology,1,1,1,1,Maharashtra,1
1-686339101,"SARASWATI COLLEGE OF ENGINEERING, KHARGHAR, NAVI-MUMBAI","PLOT NO-46
SECTOR-5
KHARGHAR
NAVI-MUMBAI",RAIGAD,Unaided - Private,N,N,1-1630347,fetchdata,2012-2013,Engineering and Technology,1,1,1,1,Maharashtra,1
1-686395191,"PADMASHRI DR VITHALRAO VIKHE PATIL COLLEGE OF ENGINEERING, AHMEDNAGAR","P.O.- M I D C ,
VILAD GHAT ,
AHMEDNAGAR 414111
MAHARASHTRA",AHMEDNAGAR,Unaided - Private,N,N,1-2389691,fetchdata,2012-2013,Engineering and Technology,1,1,1,1,Maharashtra,1
1-721526272,SHRI TULJABHAVANI COLLEGE OF ENGINEERING,"NALDURG ROAD
TULJAPUR - 413 601
DIST- OSMANABAD
[MAHARASHTRA STATE]",OSMANABAD,Unaided - Private,N,N,1-6075381,fetchdata,2012-2013,Engineering and Technology,1,1,1,1,Maharashtra,1
1-720835596,SINHGAD COLLEGE OF ENGINEERING,"S. NO. 44/1, VADGAON (BUDARUK)
OFF SINHGAD ROAD, PUNE",PUNE,Unaided - Private,N,N,1-3674191,fetchdata,2012-2013,Engineering and Technology,1,1,1,1,Maharashtra,1
1-721586183,GURU NANAK INSTITUTE OF ENGNEERING & TECHNOLOGY,"KHASARA NO 95, MOUZA DAHEGAON, NAGPUR",NAGPUR,Unaided - Private,N,Y,1-3882211,fetchdata,2012-2013,Engineering and Technology,1,1,1,1,Maharashtra,1
1-721674905,"SHRI CHHATRAPATI SHIVAJI SHIKSHAN SANSTHA ADAS, SANCHALIT VASANT POLYTECHNIC COLLEGE KAIJ",NEAR GOVT. ITI AMBAJOGAI ROAD KAIJ TQ KAIJ DIST BEED,BEED,Unaided - Private,N,N,1-506411851,fetchdata,2012-2013,Engineering and Technology,1,1,1,1,Maharashtra,1
1-721677472,S. B. PATIL COLLEGE OF ENGINEERING,"A/P-VANGALI, TAL-INDAPUR, DIST-PUNE 413106",PUNE,Unaided - Private,N,N,1-9647544,fetchdata,2012-2013,Engineering and Technology,1,1,1,1,Maharashtra,1
1-721580585,PHALTAN EDUCATION SOCIETY'S COLLEGE OF ENGINEERING,"SR. NO.31 A/P, THAKURDI, TAL PHALTAN, DIST. SATARA",SATARA,Unaided - Private,N,N,1-460099321,fetchdata,2012-2013,Engineering and Technology,1,1,1,1,Maharashtra,1
1-721478575,HI-TECH INSTITUTE OF TECHNOLOGY,"P-119,BAJAJNAGAR NEAR HOTEL MRUGNAYNI
AURANGABAD
PIN CODE 431136",AURANGABAD,Unaided - Private,N,N,1-3290049,fetchdata,2012-2013,Engineering and Technology,1,1,1,1,Maharashtra,1
1-721670153,GURU NANAK INSTITUTE OF ENGINEERING & MANAGEMENT,"KHASARA NO. 94, MOUZA DAHEGAON, KALMESHWAR ROAD, NAGPUR",NAGPUR,Unaided - Private,N,Y,1-7810573,fetchdata,2012-2013,Engineering and Technology,1,1,1,1,Maharashtra,1
1-721541873,BABASAHEB NAIK COLLEGE OF ENGINEERING,"KAKADATI,
KARLA ROAD, PUSAD
DIST.YAVATMAL (MS)",YAVATMAL,Unaided - Private,N,N,1-4318017,fetchdata,2012-2013,Engineering and Technology,1,1,1,1,Maharashtra,1
1-721695023,A.G.PATIL POLYTECHNIC INSTITUTE,"18/2/2A PRATAP NAGAR, OPP. SRP CAMP, VIJAPUR ROAD, SOLAPUR",SOLAPUR,Unaided - Private,N,N,1-425580821,fetchdata,2012-2013,Engineering and Technology,1,1,1,1,Maharashtra,1
1-721762070,"Y.D.MANE INSTITUTE OF TECHNOLOGY,KAGAL","426/5, NEAR ALKA SHETI FARM,SANGOAN  ROAD, KAGAL,TAL.KAGAL,DIST.KOLHAPUR,STATE-MAHARASHTRA,INDIA",KOLHAPUR,Unaided - Private,N,N,1-456704601,fetchdata,2012-2013,Engineering and Technology,1,1,1,1,Maharashtra,1
1-721806162,PADMABHOOSHAN VASANTRAODADA PATIL INSTITUTE OF TECHNOLOGY,SANGLI TASGAON ROAD,SANGLI,Unaided - Private,N,N,1-465762081,fetchdata,2012-2013,Engineering and Technology,1,1,1,1,Maharashtra,1
1-720749712,MATOSHRI PRATISHTHAN'S VISHWABHARTI POLYTECHNIC INSTITUTE,JIJAU NAGAR NANDED LATUR HIGHWAY KHUPSARWADI POST VISHNUPURI NANDED,NANDED,Unaided - Private,N,N,1-437494331,fetchdata,2012-2013,Engineering and Technology,1,1,1,1,Maharashtra,1
1-721384262,S.V.P.M.'S COLLEGE OF ENGINEERING,"A/P- MALEGAON (BK), TAL- BARAMATI, DIST-PUNE, PIN- 413115, MAHARASHTRA, INDIA",PUNE,Unaided - Private,N,N,1-3548907,fetchdata,2012-2013,Engineering and Technology,1,1,1,1,Maharashtra,1
1-721749233,PUNE VIDYARTHI GRIHA'S COLLEGE OF ENGINEERING,"206, DINDORIROAD, BEHIND RELIANCE PETROL PUMP, MHASRUL, NASHIK 422004",NASHIK,Unaided - Private,N,N,1-413208103,fetchdata,2012-2013,Engineering and Technology,1,1,1,1,Maharashtra,1
1-721504672,MUCHHALA POLYTECHNIC,"G. B. ROAD, KAVESAR, THANE(W),THANE",THANE,Unaided - Private,N,N,1-409574951,fetchdata,2012-2013,Engineering and Technology,1,1,1,1,Maharashtra,1
1-722759112,"SHRI SHIVAJI SHIKSHAN PRASARAK MANDAL, SHRI CHHATRAPATI SHIVAJI COLLEGE OF ENGINEERING","SHIRSHIVAJINAGAR (RAHURI FACTORY)
TAL: RAHURI, DIST: AHMEDNAGAR (MAHARASHTRA) 413706",AHMEDNAGAR,Unaided - Private,N,N,1-22837831,fetchdata,2012-2013,Engineering and Technology,1,1,1,1,Maharashtra,1
1-774201335,YOGWASHISTH SHIKSHAN PRASARK MANDASL Y.S.P.'S POLYTECHNIC.,GAT NO 35 BABHALGAON TQ DIST LATUR.,LATUR,Unaided - Private,N,N,1-475761341,fetchdata,2012-2013,Engineering and Technology,1,1,1,1,Maharashtra,1
1-721430282,"SURESH DESHMUKH COLLEGE OF ENGINEERING, SELUKATE","SURVEY NO. 161, MAUZA-SELUKATE,
NEAR LLOYDS STEEL PLANT,SELUKATE
TAH.& DIST. WARDHA
PIN-442 001
MAHARASHTRA",WARDHA,Unaided - Private,N,N,1-5297311,fetchdata,2012-2013,Engineering and Technology,1,1,1,1,Maharashtra,1
1-721274612,LATTHE EDUCATION SOCIETY'S POLYTECHNIC,"P-41, MIDC, KUPWAD",SANGLI,Unaided - Private,N,Y,1-448588381,fetchdata,2012-2013,Engineering and Technology,1,1,1,1,Maharashtra,1
1-722903393,NAVSAHYADRI EDUCATION SOCIETY'S GROUP OF INSTITUTIONS,"GAT. N0. 69,70,71, MOUJE : NAIGAON, TAL. BHOR, DIST. PUNE - 412205.",PUNE,Unaided - Private,N,N,1-3104081,fetchdata,2012-2013,Engineering and Technology,1,1,1,1,Maharashtra,1
1-796493342,BHONSLA COLLEGE OF ENGINEERING & REASEARCH,"SURVEY NO. 65, MOUZA - HINGNA BARLINGNA, AKOLA-WASHIM HIGHWAY, TAH. & DIST. AKOLA. (M.S)",AKOLA,Unaided - Private,N,N,1-7073511,fetchdata,2012-2013,Engineering and Technology,1,1,1,1,Maharashtra,1
1-720601412,SANDIP INSTITUE OF ENGINEERING & MANAGEMENT,"TRIMBAK ROAD, MAHIRAVANI",NASHIK,Unaided - Private,N,Y,1-1545691,fetchdata,2012-2013,Engineering and Technology,1,1,1,1,Maharashtra,1
1-721489912,"COLLEGE OF ENGINEERING,GHATKHED,AMRAVATI","UNIVERSITY MARDI ROAD, OPP.HEART HOSPITAL,AMRAVATI",AMRAVATI,Unaided - Private,N,N,1-10295521,fetchdata,2012-2013,Engineering and Technology,1,1,1,1,Maharashtra,1
1-721506442,"GOVERNMENT POLYTECHNIC,MURTIZAPUR","AT NH-6 AMRAVATI-AKOLA ROAD,HENDAJ,
MURTIZAPUR",AKOLA,Government,N,N,1-453355571,fetchdata,2012-2013,Engineering and Technology,1,1,1,1,Maharashtra,1
1-781577092,SAIKRUPA POLYTECHNIC,SURVEY NO.244 GHARGAON TAH SHRIGONDA DIST. AHAMDANAGAR,AHMEDNAGAR,Unaided - Private,N,N,1-476653971,fetchdata,2012-2013,Engineering and Technology,1,1,1,1,Maharashtra,1
1-722921442,RAJARSHI SHAHU POLYTECHNIC,"NEAR PALNA GHAR, SAGWAN ROAD",BULDHANA,Unaided - Private,N,N,1-451678845,fetchdata,2012-2013,Engineering and Technology,1,1,1,1,Maharashtra,1
1-721367502,INSTITUTE OF KNOWLEDGE-COLLEGE OF ENGINEERING,"S. NO. 60,PLOT NO -6 A/P . PIMPLE JAGTAP, 
TALUKA - SHIRUR, DISTRICT â PUNE",PUNE,Unaided - Private,N,N,1-4976011,fetchdata,2012-2013,Engineering and Technology,1,1,1,1,Maharashtra,1
1-721415952,MANOHAR PHALKE POLYTECHNIC,"VASANTDADA PATIL PRATISHTHAN'S EDUCATIONAL COMPLEX. EASTERN EXPRESS HIGHWAY, NEAR EVERARD NAGAR, SION-CHUNABHATTI, MUMBAI.",MUMBAI CITY,Unaided - Private,N,N,1-430983102,fetchdata,2012-2013,Engineering and Technology,1,1,1,1,Maharashtra,1
1-720823452,NAGAR PARISHAD POLYTECHNIC ACHALPUR,AT: ACHALPUR,AMRAVATI,Unaided - Private,N,N,1-398340581,fetchdata,2012-2013,Engineering and Technology,1,1,1,1,Maharashtra,1
1-755887132,"ABHA GAIKWAD-PATIL COLLEGE OF ENGINEERING, NAGPUR","KH. NO. 8/1, (P.S.K. 74), MOHGAON, WARDHA ROAD, NAGPUR",NAGPUR,Unaided - Private,N,Y,1-6349161,fetchdata,2012-2013,Engineering and Technology,1,1,1,1,Maharashtra,1
1-721433483,RE VERA INSTITUTE OF TECHNOLOGY,"PLOT-46/46A, BEHIND MSEB SUB STATION, SECT-5, NEAR UTSAV CHOWK, KHARGHAR",RAIGAD,Unaided - Private,N,N,1-419619921,fetchdata,2012-2013,Engineering and Technology,1,1,1,1,Maharashtra,1
1-721497054,SANJEEVAN ENGINEERING & TECHNOLOGY INSTITUTE,"SANJEEVAN KNOWLEDGE CITY, SOMWAR PETH, TAL. PANHALA, DIST. KOLHAPUR. PIN 416201",KOLHAPUR,Unaided - Private,N,N,1-8019451,fetchdata,2012-2013,Engineering and Technology,1,1,1,1,Maharashtra,1
1-723813822,BHARATI VIDYAPEETH DEEMED UNIVERSITY COLLEGE OF ENGINEERING,"PUNE-SATARA ROAD, DHANKAWADI, PUNE, MAHARASHTRA, INDIA. PIN - 411 043.",PUNE,Unaided - Private,N,N,1-9293531,fetchdata,2012-2013,Engineering and Technology,1,1,1,1,Maharashtra,1
1-723832586,"GOVERNMENT POLYTECHNIC, ARVI","DEURWADA ROAD, ARVI DIST-WARDHA",WARDHA,Government,N,N,1-465680953,fetchdata,2012-2013,Engineering and Technology,1,1,1,1,Maharashtra,1
1-723961494,YADAVRAO TASGAONKAR INSTITUTE OF ENGNEERING AND TECHNOLOGY,"VILLAGE,CHANDHI,NEAR BHIVPURI ROAD STATION,KARJAT,RAIGAD,PIN 410201",RAIGAD,Unaided - Private,N,N,1-4558233,fetchdata,2012-2013,Engineering and Technology,1,1,1,1,Maharashtra,1
1-723649004,"GOVERNMENT COLLEGE OF ENGINEERING, AURANGABAD (ACADEMIC AUTONOMOUS)","GOVERNMENT COLLEGE OF ENGINEERING
STATION ROAD
OSMANPURA,
AURANGABAD - 431 005 (MAHARASHTRA)",AURANGABAD,Government,N,N,1-35681791,fetchdata,2012-2013,Engineering and Technology,1,1,1,1,Maharashtra,1
1-723747662,SHRI JAIN VIDYA PRASARAK MANDALS POLYTECHNIC,"FATTECHAND MARG, CHINCHWADGAON",PUNE,Unaided - Private,N,Y,1-445042521,fetchdata,2012-2013,Engineering and Technology,1,1,1,1,Maharashtra,1
1-723813652,"SONIYA GANDHI POLYTECHNIC, SHRIGONDA","BALAJINAGAR, SHRIGONDA",AHMEDNAGAR,Unaided - Private,N,N,1-451658073,fetchdata,2012-2013,Engineering and Technology,1,1,1,1,Maharashtra,1
1-724606794,MKSSS'S CUMMINS COLLEGE OF ENGINEERING FOR WOMEN,"MOUJE SUKLI (GUPCHUP), TAL. HINGNA",NAGPUR,Unaided - Private,Y,N,1-10217584,fetchdata,2012-2013,Engineering and Technology,1,1,1,1,Maharashtra,1
1-724793392,K. D. K. COLLEGE OF ENGINEERING,"GREAT NAG ROAD, NANDANVAN, NAGPUR-440009",NAGPUR,Unaided - Private,N,N,1-4449691,fetchdata,2012-2013,Engineering and Technology,1,1,1,1,Maharashtra,1
1-723903770,FABTECH TECHNICAL CAMPUS - COLLEGE OF ENGINEERING AND RESEARCH,"PANDHARPUR ROAD, GAT NO. 565/1, SANGOLA, TALUKA - SANGOLA,",SOLAPUR,Unaided - Private,N,N,1-403335391,fetchdata,2012-2013,Engineering and Technology,1,1,1,1,Maharashtra,1
1-723942532,VIVEKANAND EDUCATION SOCIETY'S POLYTECHNIC,"SINDHI SOCIETY, CHEMBUR, MUMBAI-400071",MUMBAI CITY,Unaided - Private,N,Y,1-424116251,fetchdata,2012-2013,Engineering and Technology,1,1,1,1,Maharashtra,1
1-723938361,A.I.'S MOHAMMED HAJI SABOO SIDDIK POLYTECHNIC,"8, SABOO SIDDIK POLYTECHNIC ROAD,BYCULLA",MUMBAI CITY,Govt aided,N,Y,1-461316291,fetchdata,2012-2013,Engineering and Technology,1,1,1,1,Maharashtra,1
1-724774582,"KARMAVEER BHAURAO PATIL COLLEGE OF ENGINEERING & POLYTECHNIC, SATARA","GAT NO. 242/B/1
AT PANMALEWADI 
POST VARYE",SATARA,Unaided - Private,N,N,1-466046963,fetchdata,2012-2013,Engineering and Technology,1,1,1,1,Maharashtra,1
1-724864832,ANJUMAN-I-ISLAM'S M. H. SABOO SIDDIK COLLEGE OF ENGINEERING,"8, SABOO SIDDIK POLYTECHNIC ROAD, BYCULLA, MUMBAI",MUMBAI CITY,Unaided - Private,N,Y,1-6552785,fetchdata,2012-2013,Engineering and Technology,1,1,1,1,Maharashtra,1
1-723921072,D.Y.PATIL COLLEGE OF ENGINEERING,"SECTOR-29,NIGDI-PRADHIKARAN,AKURDI, PUNE-411044",PUNE,Unaided - Private,N,N,1-12346111,fetchdata,2012-2013,Engineering and Technology,1,1,1,1,Maharashtra,1
1-724915951,"VIDARBHA YOUTH WELFARE SOCIETY'S POLYTECHNIC, BADNERA",ANJANGAON BARI ROAD BADNERA (RLY),AMRAVATI,Unaided - Private,N,N,1-406972591,fetchdata,2012-2013,Engineering and Technology,1,1,1,1,Maharashtra,1
1-726017835,BHARAT RATNA LATA MANGESHKAR COLLEGE OF ENGINEERING AND TECHNOLOGY (DIPLOMA),"AT.POST AURAD SHAHAJANI TQ.NILNAGA,DIST.LATUR(MS)
PIN.413522",LATUR,Unaided - Private,N,N,1-466080731,fetchdata,2012-2013,Engineering and Technology,1,1,1,1,Maharashtra,1
1-724895222,PRIYADARSHINI COLLEGE OF ENGINEERING,"NEAR C.R.P.F. CAMPUS, HINGNA ROAD, NAGPUR",NAGPUR,Unaided - Private,N,Y,1-5435581,fetchdata,2012-2013,Engineering and Technology,1,1,1,1,Maharashtra,1
1-722739825,MET'S INSTITUTE OF ENGINEERING,"BHUJBAL KNOWLEDGE CITY, ADGAON",NASHIK,Unaided - Private,N,N,1-4441835,fetchdata,2012-2013,Engineering and Technology,1,1,1,1,Maharashtra,1
1-724973532,HI-TECH POLYTECHNIC,"P-119, BAJAJNAGAR,MIDC,WALUJ, AURANGABAD.",AURANGABAD,Unaided - Private,N,N,1-433799481,fetchdata,2012-2013,Engineering and Technology,1,1,1,1,Maharashtra,1
1-723980032,DR BABASAHEB AMBEDKAR TECHNOLOGICAL UNIVERSITY LONERE,DR BABASAHEB AMBEDKAR TECHNOLOGICAL UNIVERSITY LONERE,RAIGAD,Govt aided,N,N,1-463267231,fetchdata,2012-2013,Engineering and Technology,1,1,1,1,Maharashtra,1
1-723751052,YADAVRAO TASGAONKAR POLYTECHNIC,"CHANDHAI, NASRAPUR, BHIVPURI, KARJAT, RAIGAD",RAIGAD,Unaided - Private,N,N,1-404247151,fetchdata,2012-2013,Engineering and Technology,1,1,1,1,Maharashtra,1
1-723734502,DATTAKALA GROUP OF INSTITUTIONS,"GAT NO. 541/2, 527 OFF.PUNE-SOLAPUR HIGHWAY NO. 9, A/P-SWAMI-CHINCHOLI, TAHSIL - DAUND, DIST-PUNE PIN-413130",PUNE,Unaided - Private,N,N,1-5986711,fetchdata,2012-2013,Engineering and Technology,1,1,1,1,Maharashtra,1
1-724638932,SMT. KASHIBAI NAVALE COLLEGE OF ENGINEERING,"S.NO. 44/1, VADGAON BK., OFF SINHGAD RD., PUNE",PUNE,Unaided - Private,N,N,1-4266964,fetchdata,2012-2013,Engineering and Technology,1,1,1,1,Maharashtra,1
1-725256992,AABASAHEB SHIVAJIRAO SITARAM PATIL INSTITUTE OF  POLYTECHNIC,AT. CHINCHPURA PO. PIMPRI TAL. DHARANGAON DIST. JALGAON,JALGAON,Unaided - Private,N,N,1-457940921,fetchdata,2012-2013,Engineering and Technology,1,1,1,1,Maharashtra,1
1-725893063,SHREE MAHAVIR EDU. SOCIETY'S INSTITUTE OF TECHNOLOGY,"GUT NO. 166, MHASRUL-VARVANDI ROAD, TALUKA - DINDORI, DISTRICT - NASHIK. (M.S.)",NASHIK,Unaided - Private,N,N,1-420978581,fetchdata,2012-2013,Engineering and Technology,1,1,1,1,Maharashtra,1
1-723793942,"DR. PANJABRAO DESHMUKH GIRLS POLYTECHNIC,AMRAVATI.","RURAL CAMPUS SHIVAJI NAGAR, AMRAVATI",AMRAVATI,Unaided - Private,Y,N,1-434046721,fetchdata,2012-2013,Engineering and Technology,1,1,1,1,Maharashtra,1
1-725269842,SAI POLYTECHNIC,"MAUZA-KINHI(J),
POST-DAHEGAON,TA-RALEGAON,
DIST-YAVATMAL.",YAVATMAL,Unaided - Private,N,N,1-399082231,fetchdata,2012-2013,Engineering and Technology,1,1,1,1,Maharashtra,1
1-725720502,BRAHMDEVDADA MANE POLYTECHNIC,"SOLAPUR-MANGALWEDHA-KOLHAPUR HIGHWAY, A/P.- BELATI, TAL.-NORTH SOLAPUR, DIST.-SOLAPUR",SOLAPUR,Unaided - Private,N,N,1-407330281,fetchdata,2012-2013,Engineering and Technology,1,1,1,1,Maharashtra,1
1-723822952,"PRIYADARSHINI INSTITUTE OF ENGINEERING AND TECHNOLOGY,NAGPUR.","KHASRA NO 1/1 A, 1909/12C NEAR CRPF CAMPUS , MOUZA SHIVANGAON,  NAGPUR",NAGPUR,Unaided - Private,N,Y,1-5340141,fetchdata,2012-2013,Engineering and Technology,1,1,1,1,Maharashtra,1
1-723891953,AAMDAR KASHINATHJI MENGAL POLYTECHNIC.,"AT-LAXMINAGAR,POST-MUNDEGAON,TAL-IGATPURI,DIST-NASHIK 422403",NASHIK,Unaided - Private,N,N,1-484796881,fetchdata,2012-2013,Engineering and Technology,1,1,1,1,Maharashtra,1
1-723644352,NATH POLYTECHNIC PAITHAN,"PLOT NO.B-1, MIDC INDUSTRIAL AREA,AURANGABAD ROAD,PAITHAN",AURANGABAD,Unaided - Private,N,N,1-450062081,fetchdata,2012-2013,Engineering and Technology,1,1,1,1,Maharashtra,1
1-723920604,KHANDESH COLLEGE EDUCATION SOCIETY'S COLLEGE OF ENGINEERING & INFORMATION TECHNOLOGY,"CS NO- 7480 /7323
BEHIND DIC , OFF NH-6",JALGAON,Unaided - Private,N,N,1-10038704,fetchdata,2012-2013,Engineering and Technology,1,1,1,1,Maharashtra,1
1-723709722, BRAHMA VALLEY COLLEGE OF ENGINEERING  AND REASERACH INSTITUTE,"BRAHMA VALLEY CAMPUS,ANJANERI, TRIMBAKESHWAR.",NASHIK,Unaided - Private,N,N,1-3359847,fetchdata,2012-2013,Engineering and Technology,1,1,1,1,Maharashtra,1
1-723746485,"DR.RAJENDRA GODE POLYTECHNIC,AMRAVATI","GHATKHED SURVEY NO.29,UNIVERSITY-MARDI ROAD,AMRAVATI",AMRAVATI,Unaided - Private,N,N,1-437094663,fetchdata,2012-2013,Engineering and Technology,1,1,1,1,Maharashtra,1
1-811826436,MAA VAISHNAVI POLYTECNIC,"SR. NO. 14,  MOUZA- KOLI, KARANJA (LAD) DIST:- WASHIM",WASHIM,Unaided - Private,N,N,1-525730281,fetchdata,2012-2013,Engineering and Technology,1,1,1,1,Maharashtra,1
1-757984384,SDMVM'S ENGINEERING & TECHNOLOGY IN DIPLOMA (POLYTECHNIC),"HATTA, ZERO FATA,
TQ. BASMAT,
DIST -HINGOLI",HINGOLI,Unaided - Private,N,N,1-416779041,fetchdata,2012-2013,Engineering and Technology,1,1,1,1,Maharashtra,1
1-758763694,"GOVERNMENT POLYTECHNIC,BEED","NEAR KHANDESHWARI TEMPLE,NATHAPUR ROAD",BEED,Government,N,N,1-477730261,fetchdata,2012-2013,Engineering and Technology,1,1,1,1,Maharashtra,1
1-774340874,HON. AJITDADA PAWAR DIPLOMA ENGINEERING COLLEGE,"A/P. ANE, GAT NO. 1034, TAL. JUNNAR, DIST. PUNE",PUNE,Unaided - Private,N,N,1-473835671,fetchdata,2012-2013,Engineering and Technology,1,1,1,1,Maharashtra,1
1-758175192,BACKWARD CLASS YOUTH RELIEF COMMITTEE UMRER POLYTECHNIC UMRER,"M.S.H.NO.9,
OPP. W.C.L.,
UMRER PROJECT,
UMRER, 
DISTRICT- NAGPUR",NAGPUR,Unaided - Private,N,N,1-431167861,fetchdata,2012-2013,Engineering and Technology,1,1,1,1,Maharashtra,1
1-757654742,"NAGARJUNA INSTITUTE OF ENGINEERING, TECHNOLOGY & MANAGEMENT","KHASRA NO.27, 32B, VILLAGE SATNAVRI, AMRAVATI RAOD, NAGPUR",NAGPUR,Unaided - Private,N,N,1-3204361,fetchdata,2012-2013,Engineering and Technology,1,1,1,1,Maharashtra,1
1-758479762,MES'S RAJARAM SHINDE INSTITUTE OF ENGGINEERING AND TECHNOLOGY,"MANDAR EDUCATION SOCIETY, AT - PEDHAMBE, POST - ALORE, TAL- CHIPLUN, DIST - RATNAGIRI.",RATNAGIRI,Unaided - Private,N,N,1-427016251,fetchdata,2012-2013,Engineering and Technology,1,1,1,1,Maharashtra,1
1-761180041,RANSAMRAT KREEDA MANDAL'S RAJARSHI SHAHU INSTITUTE OF TECHNOLOGY,"GAT NO 65 A 2
PARALI ROAD 
KALLAM TA.KALLAM
DIST.OSMANABAD
413507",OSMANABAD,Unaided - Private,N,N,1-498117111,fetchdata,2012-2013,Engineering and Technology,1,1,1,1,Maharashtra,1
1-835070791,"SHIVGANGA CHARITABLE TRUST, SANGLI'S VISHVESHWARYA TECHNICAL CAMPUS, FACULTY OF DIPLOMA ENGINEERING,","AT/POST-PATGAON, MIRAJ-PANDHARPUR ROAD,",SANGLI,Unaided - Private,N,N,,fetchdata,2012-2013,Engineering and Technology,1,1,1,1,Maharashtra,1
1-760959492,"GOVERNMENT POLYTECHNIC, OSMANABAD","TULJAPUR ROAD,
OSMANABAD",OSMANABAD,Government,N,N,1-486627323,fetchdata,2012-2013,Engineering and Technology,1,1,1,1,Maharashtra,1
1-812225461,RAJHIV GANDHI POLYTECHNIC COLLEGE MARKHEL,"AT,MARKHEL TQ.DEGLOOR",NANDED,Unaided - Private,N,N,,fetchdata,2012-2013,Engineering and Technology,1,1,1,1,Maharashtra,1
1-762460983,D Y PATIL EDUCATION SOCIETY'S D Y PAIL TECHNICAL CAMPUS FACULTY OF ENGINEERING AND FACULTY OF MANAGE,"TALSANDE ,
TQ ""HATKANGALE KOLHAPUR",KOLHAPUR,Unaided - Private,N,N,1-456228303,fetchdata,2012-2013,Engineering and Technology,1,1,1,1,Maharashtra,1
1-770234221,DEFENCE INSTITUTE OF ADVANCED TECHNOLOGY,"GIRINAGAR, NEAR KHADAKWASALA DAM, KHADAKWASALA, PUNE - 411 025",PUNE,Govt aided,N,N,,fetchdata,2012-2013,Engineering and Technology,1,1,1,1,Maharashtra,1
1-760763984,ABHINAV EDUCATION SOCIETYS COLLEGE OF ENGINEERING AND TECHNOLOGY (POLYTECHNIC),"SR. NO.-209,
AT-WADWADI
POST- WING
TAL-KHANDALA
DIST-SATARA
PIN-412801",SATARA,Unaided - Private,N,N,1-426985841,fetchdata,2012-2013,Engineering and Technology,1,1,1,1,Maharashtra,1
1-762557203,WOMENS TECHNICAL EDUCATION & RESEARCH INSTITUTE,"LAD COLLEGE CAMPUS , SEMINARY HILLS , NAGPUR 440006",NAGPUR,Govt aided,Y,N,1-482159671,fetchdata,2012-2013,Engineering and Technology,1,1,1,1,Maharashtra,1
1-760497045,SURYODAYA INSTITUTE OF ENGINEERING AND POLYTECHNIC SATARA(MAHAGAON),GAT NO 1084 SATARA-KOREGAON ROAD NEAR NAVODAYA VIDHYALAYA SATARA (MAHAGAON ),SATARA,Unaided - Private,N,N,1-456662611,fetchdata,2012-2013,Engineering and Technology,1,1,1,1,Maharashtra,1
1-760499907,GOVERNMENT POLYTECHNIC NANDURBAR,"MAUJE HOLE TARFE HAVELI,NEAR DUBKESHWAR MAHADEV MANDIR
NANDURBAR",NANDURBAR,Government,N,N,1-493083881,fetchdata,2012-2013,Engineering and Technology,1,1,1,1,Maharashtra,1
1-763265272,BHAUSAHEB MULAK POLYTECHNIC,"P-73,OSP-73,MIDC,BUTIBORI",NAGPUR,Unaided - Private,N,N,1-454151895,fetchdata,2012-2013,Engineering and Technology,1,1,1,1,Maharashtra,1
1-762695523,"GOVERNMENT POLYTECHNIC , RATNAGIRI","NEAR THIBAW PALACE , RATNAGIRI.",RATNAGIRI,Government,N,N,1-455597101,fetchdata,2012-2013,Engineering and Technology,1,1,1,1,Maharashtra,1
1-785757044,"DEPARTMENT OF COMPUTER SCIENCE AND IT, DR. BABASAHEB AMBEDKAR MARATHWADA UNIVERSITY, AURANGABAD.","DEPARTMENT OF COMPUTER SCIENCE AND IT, DR. BABASAHEB AMBEDKAR MARATHWADA UNIVERSITY, AURANGABAD.
(MS) - INDIA",AURANGABAD,University Managed,N,N,,fetchdata,2012-2013,Engineering and Technology,1,1,1,1,Maharashtra,1
1-758625364,GENBA SOPANRAO MOZE INSTITUTE OF TECHNOLOGY,"SERVE NO-25/1/3,
BALEWADI,HAVELI,
PUNE",PUNE,Unaided - Private,N,N,1-424568724,fetchdata,2012-2013,Engineering and Technology,1,1,1,1,Maharashtra,1
1-817913391,PREMLILA VITHALDAS POLYTECHNIC,"SNDT WOMEN'S UNIVERSITY, VITHALDAS VIDYA VIHAR, JUHU ROAD, SANTACRZ WEST",MUMBAI SUBURBAN,University Managed,Y,N,,fetchdata,2012-2013,Engineering and Technology,1,1,1,1,Maharashtra,1
1-756690443,VIVA COLLEGE OF DIPLOMA ENGINEERING AND TECHNOLOGY,"AT:- BOLINJ, VIRAR(W),
401303",THANE,Unaided - Private,N,N,1-467821741,fetchdata,2012-2013,Engineering and Technology,1,1,1,1,Maharashtra,1
1-695624131,KAMPTEE POLYTECHNIC KAMPTEE,NEAR DRAGON PALACE TEMPLE NEW KAMPTEE,NAGPUR,Unaided - Private,N,N,1-425537895,fetchdata,2012-2013,Engineering and Technology,1,1,1,1,Maharashtra,1
1-695661151,M.M.'S BABASAHEB GAWDE INSTITUTE OF TECHNOLOGY,"MARATHA MANDIR ANNEX,DR. A.B.NAIR ROAD,BABASAHEB,GAWDE CHOWK,MUMBAI CENTRAL,MUMBAI-400008",MUMBAI CITY,Unaided - Private,N,N,1-457121925,fetchdata,2012-2013,Engineering and Technology,1,1,1,1,Maharashtra,1
1-721909612,VIDYA NIKETAN INSTITUTE OF ENGINEERING AND  TECHNOLOGY,"AT. POST : GONDKHERI. TAH.: KALMESHWAR, DIST.: NAGPUR (MS)",NAGPUR,Unaided - Private,N,Y,1-4565811,fetchdata,2012-2013,Engineering and Technology,1,1,1,1,Maharashtra,1
1-696410261,SAMRAT ASHOK POLYTECHNIC,"SR.NO.410/1, DERABARDI,
DHULE ROAD, CHALISGAON â 424 101",JALGAON,Unaided - Private,N,N,1-444257561,fetchdata,2012-2013,Engineering and Technology,1,1,1,1,Maharashtra,1
1-695330341,KOTI VIDYA CHARITABLE TRUST'S ALAMURI RATNAMALA INSTITUTE OF ENGINEERING AND TECHNOLOGY,"SHEREPADA,VILLAGE SAPGAON,TALUKA -SHAHAPUR,DISTRICT-THANE",THANE,Unaided - Private,N,Y,1-4565987,fetchdata,2012-2013,Engineering and Technology,1,1,1,1,Maharashtra,1
1-688476881,D.K.T.E. SOCIETY'S TEXTILE & ENGINEERING INSTITUTE,"""RAJWADA"" POST BOX NO. 130",KOLHAPUR,Unaided - Private,N,N,1-2404851,fetchdata,2012-2013,Engineering and Technology,1,1,1,1,Maharashtra,1
1-688673791,K.J. SOMAIYA INSTITUTE OF ENGINEERING & INFORMATION TECHNOLOGY,"SOMAIYA AYURVIHAR COMPLEX, EVERARD NAGAR, EASTERN EXPRESS HIGHWAY,SION,",MUMBAI CITY,Unaided - Private,N,Y,1-11306504,fetchdata,2012-2013,Engineering and Technology,1,1,1,1,Maharashtra,1
1-688482601,"DNYANGANGA COLLEGE OF ENGINEERING & RESEARCH, NARHE, PUNE","S. NO. 39, NARHE-DHAYARI ROAD, NARHE, PUNE-411 041.",PUNE,Unaided - Private,N,N,1-2895931,fetchdata,2012-2013,Engineering and Technology,1,1,1,1,Maharashtra,1
1-688969581,P.R.PATIL INSTITUTE OF POLYTECHNIC & TECHNOLOGY,"KATHORA ROAD , POTE ESTATE , MU. KATHORA,AMRAVATI",AMRAVATI,Unaided - Private,N,N,1-404262021,fetchdata,2012-2013,Engineering and Technology,1,1,1,1,Maharashtra,1
1-688514301,SGB AMRAVATI UNIVERSITY,"TOPOWAN ROAD
CAMP",AMRAVATI,University Managed,N,N,1-34727050,fetchdata,2012-2013,Engineering and Technology,1,1,1,1,Maharashtra,1
1-688574731,S LATE NARAYANDAS BHAWANDAS CHHABADA INSTITUTE OF ENGG,"SURVEY NO. 259 AT & POST RIGAON, TALUKA JAOLI, DIST: SATARA- 415020",SATARA,Unaided - Private,N,N,1-6551711,fetchdata,2012-2013,Engineering and Technology,1,1,1,1,Maharashtra,1
1-761144813,INSTITUTE OF CHEMICAL TECHNOLOGY,"NATHALAL PAREKH MARG, MATUNGA",MUMBAI CITY,Govt aided,N,N,1-465973021,fetchdata,2012-2013,Engineering and Technology,1,1,1,1,Maharashtra,1
1-688487611,J D COLLEGE OF ENGINEERING,"AT:KHANDALA , POST: VALNI,KATOL ROAD, NAGPUR 441 501",NAGPUR,Unaided - Private,N,Y,1-8019991,fetchdata,2012-2013,Engineering and Technology,1,1,1,1,Maharashtra,1
1-689012381,P.R.PATIL COLLEGE OF ENGINEERING & TECHNOLOGY,"GAJANAN TOWNSHIP
POTE ESTATE KATHORA ROAD 
AMRAVATI",AMRAVATI,Unaided - Private,N,N,1-20600161,fetchdata,2012-2013,Engineering and Technology,1,1,1,1,Maharashtra,1
1-688494741,"SMT. RADHIKATAI PANDAV COLLEGE OF ENGINEERING,","NEAR DIGHORI NAKA, UMRER ROAD, NAGPUR",NAGPUR,Unaided - Private,N,N,1-6154233,fetchdata,2012-2013,Engineering and Technology,1,1,1,1,Maharashtra,1
1-688489761,ANJUMAN COLLEGE OF ENGINEERING & TECHNOLOGY,"MANGALWARI BAZAR,SADAR, NAGPUR",NAGPUR,Unaided - Private,N,Y,1-9904061,fetchdata,2012-2013,Engineering and Technology,1,1,1,1,Maharashtra,1
1-688388251,"MATOSHRI COLLEGE OF ENGINEERING & RESEARCH CENTRE, NASHIK","EKLAHARE, NEAR ODHA GAON, AURANGABAD HIGHWAY,",NASHIK,Unaided - Private,N,N,1-2528171,fetchdata,2012-2013,Engineering and Technology,1,1,1,1,Maharashtra,1
1-688732641,"BHIWSAN PATIL SHINDE SHIKSHAN GRAMIN VIKAS & BAHU. SANSTHA,SHINDE POLYTECHNIC,","SR.NO.643,647,
ANJANI (BK) MEHKAR DOGON HIGHWAY ROAD, TQ-MEHKAR DIST-BULDHANA",BULDHANA,Unaided - Private,N,N,1-437384411,fetchdata,2012-2013,Engineering and Technology,1,1,1,1,Maharashtra,1
1-747279462,"SANDIP FOUNDATION,SANDIP INSTITUTE OF POLYTECHNIC","AT. POST MAHIRAVANI, TRIMBAK ROAD,",NASHIK,Unaided - Private,N,Y,1-451824831,fetchdata,2012-2013,Engineering and Technology,1,1,1,1,Maharashtra,1
1-688419351,"P R POTE(PATIL) EDUCATION & WELFARE TRUST'S, GROUP OF INSTITUTIONS, COLLEGE OF ENGINEERING & MANAGEM","
KATHORA ROAD
AMRAVATI",AMRAVATI,Unaided - Private,N,N,1-4459396,fetchdata,2012-2013,Engineering and Technology,1,1,1,1,Maharashtra,1
1-689473701,VISHWESHWARAYYA ABHIYANTRIKI PADVIKA MAHAVIDYALAYA,DILIP NAGAR ALMALA TQ AUSA DIST LATUR,LATUR,Unaided - Private,N,N,1-404261661,fetchdata,2012-2013,Engineering and Technology,1,1,1,1,Maharashtra,1
1-689496811,MANOHARBHAI PATEL INSTITUTE OF ENGINEERING & TECHNOLOGY,"N.H.6,SHAHAPUR, BHANDARA",BHANDARA,Unaided - Private,N,N,1-3103701,fetchdata,2012-2013,Engineering and Technology,1,1,1,1,Maharashtra,1
1-689431201,DILKAP RESEARCH INSTITUTE OF ENGINEERING AND MANAGEMENT STUDIES,VILLAGE MAMDAPUR POST NERAL,RAIGAD,Unaided - Private,N,N,1-2029561,fetchdata,2012-2013,Engineering and Technology,1,1,1,1,Maharashtra,1
1-689386191,"MARATHWADA INSTITUTE OF TECHNOLOGY,AURANGABAD",BEED BY PASS ROAD,AURANGABAD,Unaided - Private,N,N,1-421178451,fetchdata,2012-2013,Engineering and Technology,1,1,1,1,Maharashtra,1
1-689406931,DR. D. Y. PATIL INSTITUTE OF ENGINEERING AND TECHNOLOGY,"S.NO 124,126 AT/POST AMBI,TALEGAON DHABADE,TAL-MAVAL,DIS- PUNE",PUNE,Unaided - Private,N,N,1-4277321,fetchdata,2012-2013,Engineering and Technology,1,1,1,1,Maharashtra,1
1-688371821,WATUMULL INSTITUTE OF ELECTRONICS ENGINEERING AND COMPUTER TECHNOLOGY,"47, DR. R.G.THADANI MARG,
WORLI,
MUMBAI 400018",MUMBAI CITY,Unaided - Private,N,Y,1-4193621,fetchdata,2012-2013,Engineering and Technology,1,1,1,1,Maharashtra,1
1-688468631,PADMASHRI DR. V.B.  KOLTE   COLLEGE  OF ENGINEERING,"MALKAPUR-443 101, 
DISTT. BULDANA.",BULDHANA,Unaided - Private,N,N,1-4781081,fetchdata,2012-2013,Engineering and Technology,1,1,1,1,Maharashtra,1
1-689387741,THAKUR COLLEGE OF ENGINEERING & TECHNOLOGY,"SHYAMNARAYAN THAKUR MARG, THAKUR VILLAGE, KANDIVALI             ( EAST ), MUMBAI -400101.",MUMBAI SUBURBAN,Unaided - Private,N,Y,1-5937743,fetchdata,2012-2013,Engineering and Technology,1,1,1,1,Maharashtra,1
1-688546111,SHRI VILE PARLE KELAVANI MANDAL'S DWARKADAS J. SANGHVI COLLEGE OF ENGINEERING,"PLOT U/15, BHAKTIVEDANTA SWAMI MARG, J. V. P. D. SCHEME, VILE PARLE (WEST), MUMBAI 400 046",MUMBAI SUBURBAN,Unaided - Private,N,Y,1-12053991,fetchdata,2012-2013,Engineering and Technology,1,1,1,1,Maharashtra,1
1-689508031,MAHARASHTRA INSTITUTE OF TECHNOLOGY,"NH-211,SATARA VILLAGE ROAD,",AURANGABAD,Unaided - Private,N,N,1-8344254,fetchdata,2012-2013,Engineering and Technology,1,1,1,1,Maharashtra,1
1-689826191,"RAJARSHI SHAHU MAHARAJ POLYTECHNIC, NASHIK","UDOJI MARATHA BOARDING CAMPUS, NEAR PUMPING STATION, GANGAPUR ROAD",NASHIK,Unaided - Private,N,N,1-405925043,fetchdata,2012-2013,Engineering and Technology,1,1,1,1,Maharashtra,1
1-776654722,INDO GERMAN TOOL ROOM,"P-31, MIDC, CHIKALTHANA INDUSTRIAL AREA,",AURANGABAD,Government,N,N,1-497619091,fetchdata,2012-2013,Engineering and Technology,1,1,1,1,Maharashtra,1
1-689926321,D Y PATIL POLYTECHNIC TALSANDE KOLHAPUR," G.NO.199,AT POST TALSANDE TAL:-HATKANGALE DIST:- KOLHAPUR",KOLHAPUR,Unaided - Private,N,N,1-450084911,fetchdata,2012-2013,Engineering and Technology,1,1,1,1,Maharashtra,1
1-689734241,VIDARBHA INSTITUTE OF TECHNOLOGY,"VIDARBHA INSTITUTE OF TECHNOLOGY, MOUZA: UTI(BHIVAPUR),UMRER ROAD, NAGPUR",NAGPUR,Unaided - Private,N,Y,1-6190781,fetchdata,2012-2013,Engineering and Technology,1,1,1,1,Maharashtra,1
1-689783081,M B E SOCIETY'S COLLEGE OF ENGINEERING AMBAJOGAI,"MOREWADI, NEAR YESHWANTRAO CHAVAN CIRCLE, AMBAJOGAI,
TQ:AMBAJOGAI, DIST: BEED (MS)-431517",BEED,Unaided - Private,N,N,1-4969921,fetchdata,2012-2013,Engineering and Technology,1,1,1,1,Maharashtra,1
1-689554768,SHIVAJIRAO S JONDHALE POLYTECNIC,NAVRE NAGAR B CABIN ROAD AMBERNTH EAST,THANE,Unaided - Private,N,N,1-462248861,fetchdata,2012-2013,Engineering and Technology,1,1,1,1,Maharashtra,1
1-690623261,G.H. RAISONI INSTITUTE OF ENGINEERING & TECHNOLOGY,"GAT NO. 1200, DOMKHEL ROAD, WAGHOLI",PUNE,Unaided - Private,N,Y,1-1630281,fetchdata,2012-2013,Engineering and Technology,1,1,1,1,Maharashtra,1
1-689724781,ATHARVA COLLEGE OF ENGINEERING,"PLOT 8-12, CHARKOP NAKA, MALAD MARVE ROAD,MALAD WEST",MUMBAI CITY,Unaided - Private,N,N,1-5823533,fetchdata,2012-2013,Engineering and Technology,1,1,1,1,Maharashtra,1
1-689929271,"MAHATMA GANDHI MISSION'S ,JAWAHARLAL NEHRU ENGINEERING COLLEGE","N-6,CIDCO,AURANGABAD- 431003",AURANGABAD,Unaided - Private,N,N,1-5377821,fetchdata,2012-2013,Engineering and Technology,1,1,1,1,Maharashtra,1
1-747612601,DR.D.Y.PATIL SCHOOL OF ENGINEERING AND TECHNOLOGY,"DR.D.Y.PATIL KNOWLEDGE CITY,S.NO-136,CHARHOLI(BK),VIA LOHEGAON,TAL-HAVELI,",PUNE,Unaided - Private,N,N,,fetchdata,2012-2013,Engineering and Technology,1,1,1,1,Maharashtra,1
1-690701111,ANJUMAN POLYTECHNIC,"MANGALWARI BAZAR ROAD, SADAR, NAGPUR.",NAGPUR,Unaided - Private,N,Y,1-414227051,fetchdata,2012-2013,Engineering and Technology,1,1,1,1,Maharashtra,1
1-689745481,"GOVERNMENT COLLEGE OF ENGINEERING, AMRAVATI","GADGE NAGAR, VMV ROAD, NEAR KATHORA NAKA",AMRAVATI,Government,N,N,1-9598767,fetchdata,2012-2013,Engineering and Technology,1,1,1,1,Maharashtra,1
1-690747431,SAU.SUNDARBAI MANIK ADSUL POLYTECHNIC,"AT-CHAS, CHAS-NIMBLAK BYPASS ROAD, AHMEDNAGAR.",AHMEDNAGAR,Unaided - Private,N,N,1-430212481,fetchdata,2012-2013,Engineering and Technology,1,1,1,1,Maharashtra,1
1-690800841,BHARATI VIDYAPEETH 'S COLLEGE OF ENGINEERING FOR WOMEN,"PUNE â SATARA ROAD, DHANKAWADI, TAL :- HAWELI
  DIST :- PUNE. PIN :- 411 043.",PUNE,Unaided - Private,Y,N,1-13238621,fetchdata,2012-2013,Engineering and Technology,1,1,1,1,Maharashtra,1
1-690789561,MARATHWADA MITRA MANDAL'S INSTITUTE OF TECHNOLOGY,"S. NO. 35, PLOT NO. 5/6, LOHGAON, PUNE -411032",PUNE,Unaided - Private,N,N,1-9847593,fetchdata,2012-2013,Engineering and Technology,1,1,1,1,Maharashtra,1
1-689732651,"G. H. RAISONI COLLEGE OF ENGINEERING, NAGPUR.","CRPF GATE NO.3, DIGDOH HILLS, MIDC AREA, HINGNA ROAD, NAGPUR",NAGPUR,Unaided - Private,N,Y,1-3285267,fetchdata,2012-2013,Engineering and Technology,1,1,1,1,Maharashtra,1
1-690882881,THADOMAL SHAHANI ENGINEERING COLLEGE,"P.G. KHER MARG,32ND ROAD,TPS III OFF. LINKING ROAD BANDRA(WEST) MUMBAI 400050",MUMBAI SUBURBAN,Unaided - Private,N,Y,1-8657401,fetchdata,2012-2013,Engineering and Technology,1,1,1,1,Maharashtra,1
1-689452471,VPM'S MAHARSHI PARSHURAM COLLEGE OF ENGINEERING,"AT.POST. VELNESHWAR,
HEDVAI - PALSHET ROAD",RATNAGIRI,Unaided - Private,N,N,1-612895941,fetchdata,2012-2013,Engineering and Technology,1,1,1,1,Maharashtra,1
1-690678381,VEERMATA JIJABAI TECHNOLOGICAL INSTITUTE,"H R MAHAJANI MARG,
MATUNGA,
MUMBAI - 400 019",MUMBAI CITY,Govt aided,N,N,1-5149491,fetchdata,2012-2013,Engineering and Technology,1,1,1,1,Maharashtra,1
1-689707995,H.V.P.MANDAL'S COLLEGE OF ENGINEERING & TECHNOLOGY," HANUMAN VYAYAM NAGAR,
HVPM CAMPUS  AMRAVATI-444605",AMRAVATI,Unaided - Private,N,N,1-7590971,fetchdata,2012-2013,Engineering and Technology,1,1,1,1,Maharashtra,1
1-690904961,"ALL INDIA SHRI SHIVAJI MEMORIAL SOCIETY'S COLLEGE OF ENGINEERING, PUNE-1","KENNEDY ROAD, NEAR RTO, PUNE-411001.",PUNE,Unaided - Private,N,N,1-4279045,fetchdata,2012-2013,Engineering and Technology,1,1,1,1,Maharashtra,1
1-690696431,TRIMURTI INSTITUTE OF TECHNOLOGY,"SURVEY NO. 227/2, PALDHI BK. , NEAR NORTH MAHARASHTRA UNIVERSITY, OPP. HOTEL GOVIND,",JALGAON,Unaided - Private,N,N,1-477920101,fetchdata,2012-2013,Engineering and Technology,1,1,1,1,Maharashtra,1
1-689683461,DHAMANGAON EDUCATION SOCIETY'S COLLEGE OF ENGINEERING & TECHNOLOGY,"KNOWLEDGE HUB, ANJANSINGI ROAD, DHAMANGAON RLY 
TQ- DHAMANGAON RLY DIST: AMRAVATI (MS)",AMRAVATI,Unaided - Private,N,N,1-6545176,fetchdata,2012-2013,Engineering and Technology,1,1,1,1,Maharashtra,1
1-790273272,N.B.S. INSTITUTE OF POLYTECHNIC,"S.NO.  225/B,225/C,225/D,225/E/6,225/5,233
NEAR POWER HOUSE, AUSA â 413 520 
DIST. LATUR (M.S.)",LATUR,Unaided - Private,N,Y,1-458678271,fetchdata,2012-2013,Engineering and Technology,1,1,1,1,Maharashtra,1
1-690780121,XAVIER INSTITUTE OF  ENGINEERING,"MAHIM CAUSEWAY, MAHIM 
MAHIM (W), MUMBAI - 400 016",MUMBAI CITY,Unaided - Private,N,Y,1-4027961,fetchdata,2012-2013,Engineering and Technology,1,1,1,1,Maharashtra,1
1-689795471,NAGPUR INSTITUTE OF TECHNOLOGY,"SURVEY NO. 13/2, MAHURZARI, NEAR FETARI, KATOL ROAD, NAGPUR-441501",NAGPUR,Unaided - Private,N,N,1-4830701,fetchdata,2012-2013,Engineering and Technology,1,1,1,1,Maharashtra,1
1-690758924,K. J. SOMAIYA COLLEGE OF ENGINEERING,"VIDYANAGAR , VIDYAVIHAR,
MUMBAI -400077",MUMBAI SUBURBAN,Unaided - Private,N,Y,1-3118891,fetchdata,2012-2013,Engineering and Technology,1,1,1,1,Maharashtra,1
1-690659301,DR. BAPUJI SALUNKHE INSTITUTE OF ENGINEERING AND TECHNOLOGY,"2130, E WARD, TARABAI PARK",KOLHAPUR,Unaided - Private,N,N,1-396064271,fetchdata,2012-2013,Engineering and Technology,1,1,1,1,Maharashtra,1
1-689812941,"ABHINAV EDUCATION SOCIETY'S COLLEGE OF ENGINEERING AND TECHNOLOGY (DEGREE),WADWADI","S. NO 209
AT- WADWADI
TAL KHANDALA
DIST SATARA
STATE MAHARASHTRA",SATARA,Unaided - Private,N,N,1-4831184,fetchdata,2012-2013,Engineering and Technology,1,1,1,1,Maharashtra,1
1-689391281,SHRI MUKUNDRAO PANNASE POLYTECHNIC,"K.NO 42, PH.62 AT MAUZA MONDHA, PANJARI, HINGANA, NAGPUR.",NAGPUR,Unaided - Private,N,N,1-522894761,fetchdata,2012-2013,Engineering and Technology,1,1,1,1,Maharashtra,1
1-690767221,MET'S INSTITUTE OF TECHNOLOGY-POLYTECHNIC,BHUJBAL KNOWLEDGE CITY GAT NO.1071 ADGAON,NASHIK,Unaided - Private,N,N,1-435827191,fetchdata,2012-2013,Engineering and Technology,1,1,1,1,Maharashtra,1
1-695612891,MIT ACADEMY OF ENGINEERING,"ALANDI(D),TAL-KHED,DIST-PUNE",PUNE,Unaided - Private,N,N,1-23111191,fetchdata,2012-2013,Engineering and Technology,1,1,1,1,Maharashtra,1
1-722728762,PIMPRI CHINCHWAD POLYTECHNIC,"SECTOR 26, PRADHIKARAN, NIGDI, PUNE, 411044",PUNE,Unaided - Private,N,N,1-441996501,fetchdata,2012-2013,Engineering and Technology,1,1,1,1,Maharashtra,1
1-696538931,"SHRI SHIVAJI VIDYA PRASARAK SANSTHA'S LATE BAPUSAHEB SHIVAJIRAO DEORE COLLEGE OF ENGINEERING, DHULE","SHRI SHIVAJI VIDYA PRASARAK SANSTHA'S LATE BAPUSAHEB SHIVAJIRAO DEORE COLLEGE OF ENGINEERING, VIDYANAGARI, DEOPUR, DHULE (MS)-424 005",DHULE,Unaided - Private,N,N,1-10074451,fetchdata,2012-2013,Engineering and Technology,1,1,1,1,Maharashtra,1
1-698249371,Y. B. PATIL POLYTECHNIC,"PCNTDA, SECTOR-29,
AKURDI",PUNE,Unaided - Private,N,N,1-434118461,fetchdata,2012-2013,Engineering and Technology,1,1,1,1,Maharashtra,1
1-797037901,V. J. SHINDE COLLEGE OF ENGINEERING,"GAT NO. 738, WARUDA ROAD, OSMANABAD.",OSMANABAD,Unaided - Private,N,N,,fetchdata,2012-2013,Engineering and Technology,1,1,1,1,Maharashtra,1
1-764326352,SHIVAJIRAO S JONDHLE POLYTECHNIC,OPP ASANGAON RLY STATION ASANGAON NEAR GURUDWARA,THANE,Unaided - Private,N,N,1-460597801,fetchdata,2012-2013,Engineering and Technology,1,1,1,1,Maharashtra,1
1-764581776,SHRI JAYKUMAR RAWAL INSTITUTE OF TECHNOLOGY,"MANDAL ROAD , DONDIACHA",DHULE,Unaided - Private,N,N,1-484631901,fetchdata,2012-2013,Engineering and Technology,1,1,1,1,Maharashtra,1
1-804497011,GOVERNMENT POLYTECHNIC JALNA,"GOVERNMENT POLYTECHNIC JALNA,NAGEWADI AURANGABAD ROAD JALNA.431203(M.S.)",JALNA,Government,N,N,,fetchdata,2012-2013,Engineering and Technology,1,1,1,1,Maharashtra,1
1-770595703,"LAL BAHADUR SHASTRI POLYTACHNIC INSTITUTE, TONDAR","AT/POST : TONDAR
TQ. : UDGIR
DIST. : LATUR",LATUR,Unaided - Private,N,N,1-463771133,fetchdata,2012-2013,Engineering and Technology,1,1,1,1,Maharashtra,1
1-764123312,NEW SATARA COLLEGE OF ENGINEERING & MANAGEMENT,"GUT NO. - 433/1/A, VILLAGE - KORTI, TAL - PANDHARPUR, DIST - SOLAPUR",SOLAPUR,Unaided - Private,N,N,1-508618511,fetchdata,2012-2013,Engineering and Technology,1,1,1,1,Maharashtra,1
1-764177358,V M INSTITUTE OF ENGINEERING & TECHNOLOGY,"WARDHA ROAD (NH-7), NEAR DONGARGOAN NAGPUR",NAGPUR,Unaided - Private,N,N,1-414725591,fetchdata,2012-2013,Engineering and Technology,1,1,1,1,Maharashtra,1
1-770620502,"MAULI GROUP OF INSTITUTIONS, COLLEGE OF ENGINEERING AND TECHNOLOGY","KHAMGAON ROAD,
SHEGAON",BULDHANA,Unaided - Private,N,N,1-404222571,fetchdata,2012-2013,Engineering and Technology,1,1,1,1,Maharashtra,1
1-770600122,POLYTECHNIC COLLEGE DAHIWADI,"SHINAGANAPUR RAOD 
DAHIWADI
TAL: MAN
DIST:SATARA",SATARA,Unaided - Private,N,N,1-486710761,fetchdata,2012-2013,Engineering and Technology,1,1,1,1,Maharashtra,1
1-769377506,GOVERNMENT POLYTECHNIC NAGPUR,"MANGALWARI BAZAR, SADAR NAGPUR",NAGPUR,Government,N,N,1-499418051,fetchdata,2012-2013,Engineering and Technology,1,1,1,1,Maharashtra,1
1-773238342,SHRI SAI INSTITUTE OF TECHNOLOGY,"PLOT NO. P-75, BEHIND GARWARE POLYESTER LTD., MIDC, CHIKALTHANA, AURANGABAD",AURANGABAD,Unaided - Private,N,N,1-483703601,fetchdata,2012-2013,Engineering and Technology,1,1,1,1,Maharashtra,1
1-773255502,SHRI SAI COLLEGE OF ENGINEERING,"GUT NO. 80, PADDARI VILLAGE, TAL. AURANGABAD, DIST. AURANGABAD,",AURANGABAD,Unaided - Private,N,N,1-34182281,fetchdata,2012-2013,Engineering and Technology,1,1,1,1,Maharashtra,1
1-771017832,"POOJYA SANE GURUJI VIDYA PRASARAK MANDAL'S G. M. CHAUDHARI, POLYTECHNIC, SHAHADA","THE PRINCIPAL
POOJYA SANE GURUJI VIDYA PRASARAK MANDAL'S G. M. CHAUDHARI, POLYTECHNIC, SHAHADA , TAL : SHAHADA, DIST : NANDURBAR.",NANDURBAR,Unaided - Private,N,N,1-452599631,fetchdata,2012-2013,Engineering and Technology,1,1,1,1,Maharashtra,1
1-773436262,"GOVERMENT POLYTECHNIC,YAVATMAL","DHAMANGAON ROAD,YAVATMAL",YAVATMAL,Government,N,N,1-486569621,fetchdata,2012-2013,Engineering and Technology,1,1,1,1,Maharashtra,1
1-770684542,KALA VIDYA MANDIR INSTITUTE OF TECHNOLOGY [POLYTECHNIC],"PLOT NO. M-3 RSC 19, MHADA WORLD BANK PROJECT GAEKWAD NAGAR MALAD [WEST] MUMBAI 400095",MUMBAI SUBURBAN,Unaided - Private,N,N,1-454870201,fetchdata,2012-2013,Engineering and Technology,1,1,1,1,Maharashtra,1
1-773410745,"SHRIRAM INSTITUTE OF ENGINEERING AND TECHNOLOGY(POLYTECHNIC), PANIV","AT/P - PANIV,
TAL- MALSHIRAS,
DIST - SOLAPUR",SOLAPUR,Unaided - Private,N,N,1-440681303,fetchdata,2012-2013,Engineering and Technology,1,1,1,1,Maharashtra,1
1-772030492,VISHWATMAK OM GURUDEV COLLEGE OF ENGINEERING,"AATGAON ,TANSA - AGHAI ROAD,",THANE,Unaided - Private,N,N,1-481028141,fetchdata,2012-2013,Engineering and Technology,1,1,1,1,Maharashtra,1
1-727724722,DR.DAULATRAO AHER COLLEGE OF ENGINEERING,"VIDYANAGAR EXTENSION, BANAWADI, KARAD",SATARA,Unaided - Private,N,N,1-14782151,fetchdata,2012-2013,Engineering and Technology,1,1,1,1,Maharashtra,1
1-728166611,MANAV SCHOOL OF ENGINEERING AND TECHNOLOGY,"GUT NO 1035, NAGPUR SURAT HIGHWAY NH 6, VYALA",AKOLA,Unaided - Private,N,N,,fetchdata,2012-2013,Engineering and Technology,1,1,1,1,Maharashtra,1
1-727936022,SHETH SHRI OTARMAL SHESHMAL PARMAR COLLEGE OF DIPLOMA ENGG.,"S.NO.349/350 VILLAGE, NAGOTHANE, TAL. ROHA,DIST. RAIGAD.",RAIGAD,Unaided - Private,N,N,1-445642511,fetchdata,2012-2013,Engineering and Technology,1,1,1,1,Maharashtra,1
1-727961251,RAJIV GANDHI COLLEGE OF ENGINEERING,"VITTHAL NAGAR ,KOKATE VASTI, AT POST-KARJULE HARYA,TAL-PARNER,DIST-AHMEDNAGAR",AHMEDNAGAR,Unaided - Private,N,N,,fetchdata,2012-2013,Engineering and Technology,1,1,1,1,Maharashtra,1
1-727977242,DECCAN EDUCATION SOCIETYS TECHNICAL INSTITUTE,"BMCC ROAD, DECCAN GYMKHANA",PUNE,Govt aided,N,N,1-475340681,fetchdata,2012-2013,Engineering and Technology,1,1,1,1,Maharashtra,1
1-729046982,SHIVAJI POLYTECHNIC ATPADI,"NEAR SURESH INDANE GAS AGENCY, AT/POST/TAL-ATPADI DIST-SANGLI",SANGLI,Unaided - Private,N,N,1-456009201,fetchdata,2012-2013,Engineering and Technology,1,1,1,1,Maharashtra,1
1-729034275,"GOVERNMENT POLYTECHNIC, NASHIK","NASHIK ROAD, NASHIK",NASHIK,Government,N,N,1-453230981,fetchdata,2012-2013,Engineering and Technology,1,1,1,1,Maharashtra,1
1-727816792,BABASAHEB PHADTARE POLYTECHNIC,"SR.NO.40/1KALAMB-WALCHANDNAGAR, TALUKA - INDAPUR, DISTRICT - PUNE",PUNE,Unaided - Private,N,N,1-425517941,fetchdata,2012-2013,Engineering and Technology,1,1,1,1,Maharashtra,1
1-729058832,"LOKNETE MA. HANMANTRAO PATIL CHARITABLE TRUST, VITA, ADARSH INSTITUTE OF TECHNOLOGY(POLYTECHNIC), VI","GAT.NO.421, KHABALE (BHALAVNI), VITA, KHANAPUR, SANGLI",SANGLI,Unaided - Private,N,N,1-478111381,fetchdata,2012-2013,Engineering and Technology,1,1,1,1,Maharashtra,1
1-729084333,SHIKSHAN PRASARAK MANDAL'S POLYTECHNIC,"KUMATHE, NEAR AIR PORT, HOTAGI ROAD",SOLAPUR,Unaided - Private,N,N,1-429694481,fetchdata,2012-2013,Engineering and Technology,1,1,1,1,Maharashtra,1
1-727840374,DR.D.Y.PATIL POLYTECHNIC,"DR. D.Y. PATIL VIDYANAGAR, DR.D.Y. PATIL POLYTECHNIC , SECTOR- 7 , PHASE - 1,",THANE,Unaided - Private,N,N,1-429714261,fetchdata,2012-2013,Engineering and Technology,1,1,1,1,Maharashtra,1
1-728011690,DATTAKALA POLYTECHNIC,"GAT NO.541/2,
OFF PUNE-SOLAPUR HIGHWAY,
SWAMI-CHINCHOLI(BHIGWAN)
TAL:DAUND
DIST:PUNE",PUNE,Unaided - Private,N,N,1-449919241,fetchdata,2012-2013,Engineering and Technology,1,1,1,1,Maharashtra,1
1-728890513,"SHRI GULABRAO DEOKAR POLYTECHNIC, JALGAON","P B NO.113,
GAT NO.26/1,
MOHADI  SHIVAR,  JALGAON",JALGAON,Unaided - Private,N,N,1-439824195,fetchdata,2012-2013,Engineering and Technology,1,1,1,1,Maharashtra,1
1-820376122,ADITYA POLYTECHNIC BEED,TELGOAN ROAD,BEED,Unaided - Private,N,N,1-509206951,fetchdata,2012-2013,Engineering and Technology,1,1,1,1,Maharashtra,1
1-728804437,"C. S. INSTITUTE OF TECHNOLOGY, DEORI, DIST- GONDIA","AT-PO-TA- DEORI, CHHATRAPATI SHIVAJI CAMPUS, CHICHGADH ROAD, DEORI, DIST- GONDIA.",GONDIA,Unaided - Private,N,N,1-467928841,fetchdata,2012-2013,Engineering and Technology,1,1,1,1,Maharashtra,1
1-727569462,CHANDRAPUR POLYTECHNIC CHANDRAPUR,"BALAJI WARD,NEAR FISH MARKET,",CHANDRAPUR,Unaided - Private,N,Y,1-475182883,fetchdata,2012-2013,Engineering and Technology,1,1,1,1,Maharashtra,1
1-729079735,CHHATRAPATI SHAHU EDUCATION SOCIETY'S CHHATRAPATI SHAHU POLYTECHNIC,"PLOT NO:471, NH-4",SATARA,Unaided - Private,N,N,1-462292111,fetchdata,2012-2013,Engineering and Technology,1,1,1,1,Maharashtra,1
1-728911773,SANJAY EDUCATION SOCIETY'S COLLEGE OF ENGINEERING,"A/P - NAVALNAGAR,

TAL & DIST - DHULE,

PIN -424318",DHULE,Unaided - Private,N,N,1-4746394,fetchdata,2012-2013,Engineering and Technology,1,1,1,1,Maharashtra,1
1-728731102,K.C. COLLEGE OF ENGINEERING AND MANAGEMENT STUDIES AND RESEARCH,"NEAR SADGURU GARDEN, MITH BUNDER ROAD, KOPRI, THANE(E",THANE,Unaided - Private,N,Y,1-15514691,fetchdata,2012-2013,Engineering and Technology,1,1,1,1,Maharashtra,1
1-827280391,SOU. SUSHILA DANCHAND GHODAWAT CHARITABLE TRUST'S SANJAY GHODAWAT POLYTECHNIC,"GAT NO 582, TAL- HATKANANGALE, DIST-KOLHAPUR",KOLHAPUR,Unaided - Private,N,N,,fetchdata,2012-2013,Engineering and Technology,1,1,1,1,Maharashtra,1
1-728863304,"POTDAR FOUNDATION TALODA,POTDAR POLYTECHNIC, PATNE, MALEGAON, NASHIK","NEAR KALAVATI DEVI TEMPLE,SAYGAON.TAL-MALEGAON DIST-NASHIK",NASHIK,Unaided - Private,N,N,1-484758993,fetchdata,2012-2013,Engineering and Technology,1,1,1,1,Maharashtra,1
1-729081349, YASHWANTRAO CHAVAN INSTITUTE OF POLYTECHNIC,"SURVEY NO. 107, 109 WASANWADI TAL. BEED",BEED,Unaided - Private,N,N,1-486351161,fetchdata,2012-2013,Engineering and Technology,1,1,1,1,Maharashtra,1
1-726149473,YADAVRAO TASGAONKAR COLLEGE OF ENGINEERING & MANAGEMENT,"DR. N. Y. TASGAONKAR TECHNICAL EDUCATION COMPLEX,
CHANDHAI, NERAL-KADAV ROAD, POST-NASRAPUR,
TAL-KARJAT, DIST-RAIGAD,
PIN-410201.",RAIGAD,Unaided - Private,N,N,1-4224475,fetchdata,2012-2013,Engineering and Technology,1,1,1,1,Maharashtra,1
1-728842877,"JAWAHAR EDUCATION SOCIETY'S INSTITUTE OF TECHNOLOGY, MANAGEMENT AND RESEARCH NASHIK","SURVE NO. 48, GOWARDHAN, GANAGPUR ROAD NASHIK.",NASHIK,Unaided - Private,N,N,1-455790931,fetchdata,2012-2013,Engineering and Technology,1,1,1,1,Maharashtra,1
1-727734502,ASHOKRAO MANE POLYTECHNIC,"GAT NO.113 A, NH4, PUNE-BENGALURU HIGHWAY",KOLHAPUR,Unaided - Private,N,N,1-454734055,fetchdata,2012-2013,Engineering and Technology,1,1,1,1,Maharashtra,1
1-728200622,SAI INSTITUTE OF ENGINEERING AND TECHNOLOTY,"SURVEY NO,170, SAI NAGAR, AURANGABAD- AJANTHA ROAD,JALGAON HAIGHWAY,VILLAGE-  BILDA, TAH. PHULAMBRI DIST. AURANGABAD",AURANGABAD,Unaided - Private,N,N,1-460722875,fetchdata,2012-2013,Engineering and Technology,1,1,1,1,Maharashtra,1
1-782966843,PRATAP INSTITUTE OF MANAGEMENT AND TECHNOLOGY,"MOUJA WALKI 
( JAHANGIR ),
RISOD ROAD",WASHIM,Unaided - Private,N,N,1-445327272,fetchdata,2012-2013,Engineering and Technology,1,1,1,1,Maharashtra,1
1-730148648,"GOURIHAR POLYTECHNIC LIMB,SATARA.","SURVEY 990 NH4 SATARA PUNA HIGHWAY,AT POST LIMB,SATARA.",SATARA,Unaided - Private,N,N,1-452963869,fetchdata,2012-2013,Engineering and Technology,1,1,1,1,Maharashtra,1
1-729330926,"GOVERNMENT POLYTECHNIC,KHAMGAON","JALAMB ROAD, OPP. I.T.I.",BULDHANA,Government,N,N,1-493065731,fetchdata,2012-2013,Engineering and Technology,1,1,1,1,Maharashtra,1
1-729064912,"DR. BABASAHEB AMBEDKAR COLLEGE OF ENGINEERING AND RESEARCH,","WANADONGRI, HINGNA ROAD, NAGPUR.",NAGPUR,Unaided - Private,N,N,1-7662741,fetchdata,2012-2013,Engineering and Technology,1,1,1,1,Maharashtra,1
1-731257322,SAHAKAR MAHARSHI SHANKARRAO MOHITE-PATIL INSTITUTE OF TECHNOLOGY & RESEARCH,"GAT NO. 93/2/2, 94 AT/POST - YASHWANTNAGAR, TALUKA - MALSHIRAS, DISTRICT - SOLAPUR",SOLAPUR,Unaided - Private,N,N,1-481630821,fetchdata,2012-2013,Engineering and Technology,1,1,1,1,Maharashtra,1
1-731251732,K.J.SOMAIYA POLYTECHNIC,"VIDYANAGARI,
VIDYAVIHAR(E)
MUMBAI",MUMBAI CITY,Govt aided,N,Y,1-467802101,fetchdata,2012-2013,Engineering and Technology,1,1,1,1,Maharashtra,1
1-731345856,MAHARASHTRA UDAYAGIRI INSTITUTE OF MANAGEMENT & TECHNOLOGY,"NANDED ROAD, SOMNATHPUR
UDGIR-413517
DIST -LATUR
MAHARASHTRA
INDIA",LATUR,Unaided - Private,N,N,1-10446591,fetchdata,2012-2013,Engineering and Technology,1,1,1,1,Maharashtra,1
1-774318462,SHRI SHIVAJI SHIKSHAN PRASARAK MANDAL  POLYTECHNIC,"823/I, KARMAVEER  NAGAR, BARSHI.",SOLAPUR,Unaided - Private,N,N,1-460807441,fetchdata,2012-2013,Engineering and Technology,1,1,1,1,Maharashtra,1
1-731408102,DR.SAU.KAMALTAI GAWAI INSTITUTE OF ENGINEERING & TECHNOLOGY DARAPUR,"AT. PO. DARAPUR,TQ.DARYAPUR, DIST.AMRAVATI, STATE MAHARASHTRA - 444 814",AMRAVATI,Unaided - Private,N,N,1-9713541,fetchdata,2012-2013,Engineering and Technology,1,1,1,1,Maharashtra,1
1-731242533,PHOENIX INSTITUTE OF TECHNOLOGY,LODGA,LATUR,Unaided - Private,N,Y,1-474069551,fetchdata,2012-2013,Engineering and Technology,1,1,1,1,Maharashtra,1
1-729840056,SAU. NIRMALATAI P.PATIL WOMEN'S POLYTECHNIC COLLEGE,"65-D,1-A, SHIRSOLI ROAD, NEAR JAIN HILLS, JALGAON",JALGAON,Unaided - Private,Y,N,1-455472381,fetchdata,2012-2013,Engineering and Technology,1,1,1,1,Maharashtra,1
1-732658707,MOKASHI KRISHI VIKAS PRATISHTHAN'S DADASAHEB MOKASHI POLYTECHNIC,"SURVEY NO.75/1,75/2,
RAJMACHI,SADASHIVGAD,
TAL-KARAD,
DIST-SATARA",SATARA,Unaided - Private,N,N,1-455348061,fetchdata,2012-2013,Engineering and Technology,1,1,1,1,Maharashtra,1
1-731468382,"PRIYADARSHINI POLYTECHNIC,NAGPUR","P-131,
ELECTRONICS ZONE, MIDC, HINGNA ROAD,
NAGPUR",NAGPUR,Unaided - Private,N,Y,1-455067971,fetchdata,2012-2013,Engineering and Technology,1,1,1,1,Maharashtra,1
1-731447812,"MAHATMA GANDHI MISSION, MGM'S POLYTECHNIC","N-6, CIDCO, AURANGABAD. 431003",AURANGABAD,Unaided - Private,N,N,1-422740721,fetchdata,2012-2013,Engineering and Technology,1,1,1,1,Maharashtra,1
1-732711307,DR.J.J.MAGDUM POLYTECHNIC JAYSINGPUR,"SHIROL-WADI ROAD JAYSINGPUR ,
TAL:-SHIROL, DIST:-KOLHAPUR",KOLHAPUR,Unaided - Private,N,N,1-457314461,fetchdata,2012-2013,Engineering and Technology,1,1,1,1,Maharashtra,1
1-774043352,"NAGPUR POLYTECHNIC, NAGPUR","GREAT NAG ROAD,
JAGNADE SQUARE,
NANDANWAN",NAGPUR,Unaided - Private,N,N,1-445302991,fetchdata,2012-2013,Engineering and Technology,1,1,1,1,Maharashtra,1
1-729996873,"GRAMIN POLYTECHNIC DHARMAPURI, PARBHANI",GRAMIN POLYTECHNIC PARBHANI TQ. NANDKHEDA DIST. PARBHANI.431501,PARBHANI,Unaided - Private,N,N,1-463716241,fetchdata,2012-2013,Engineering and Technology,1,1,1,1,Maharashtra,1
1-729257022,ADSUL'S TECHNICAL CAMPUS,"AT-CHAS, CHAS-NIMBLAK BYPASS ROAD, AHMEDNAGAR",AHMEDNAGAR,Unaided - Private,N,N,1-444222791,fetchdata,2012-2013,Engineering and Technology,1,1,1,1,Maharashtra,1
1-839862281,"IDEMI, MUMBAI","S.T. TOPE MARG, SION, CHUNABHATTI (E)",MUMBAI CITY,Government,N,N,,fetchdata,2012-2013,Engineering and Technology,1,1,1,1,Maharashtra,1
1-731453408,J.L.CHATURVEDI COLLEGE OF ENGINEERING,"846,NEW NANDANVAN,NAGPUR",NAGPUR,Unaided - Private,N,Y,1-5935951,fetchdata,2012-2013,Engineering and Technology,1,1,1,1,Maharashtra,1
1-729952562,"SHRI SHIVAJI VIDYA PRASARAK SANSTHA'S LATE BAPUSAHEB SHIVAJIRAO DEORE POLYTECHNIC, DHULE","VIDYANAGARI DEOPUR, DHULE",DHULE,Unaided - Private,N,N,1-424082301,fetchdata,2012-2013,Engineering and Technology,1,1,1,1,Maharashtra,1
1-732390238,VASANTRAO MORE POLYTECHNIC,"TEHU,
TALUKA-PAROLA",JALGAON,Unaided - Private,N,N,1-437657381,fetchdata,2012-2013,Engineering and Technology,1,1,1,1,Maharashtra,1
1-732431792,INDIRA INSTITUTE OF TECHNOLOGY (POLYTECHNIC),"GAT NO. 18 & 22
AT POST VISHNUPURI
TQ. & DIST. NANDED",NANDED,Unaided - Private,N,N,1-462119051,fetchdata,2012-2013,Engineering and Technology,1,1,1,1,Maharashtra,1
1-731814826,"RMP'S BHALCHANDRA POLYTECHNIC,PUNE","SR.NO.437,SHIKHAGO HILL'S,PANSHET ROAD,GORHE (KD),PUNE-42",PUNE,Unaided - Private,N,N,1-434161951,fetchdata,2012-2013,Engineering and Technology,1,1,1,1,Maharashtra,1
1-731368902,ANAND CHARITABLE SANSTA'S  DIPLOMA IN ENGINEERING & TECHNOLOGY,"GANGAI NAGAR, MURSHADPUR, TQ-ASHTI,DIST-BEED.",BEED,Unaided - Private,N,N,1-480219541,fetchdata,2012-2013,Engineering and Technology,1,1,1,1,Maharashtra,1
1-732473534,GOVERNMENT POLYTECHNIC DHULE,"VIDYANAGARI, DEOPUR, DHULE",DHULE,Government,N,N,1-461259591,fetchdata,2012-2013,Engineering and Technology,1,1,1,1,Maharashtra,1
1-730518125,"VASANTRAO NAIK INSTITUTE OF TECHNOLOGY,VASARNI,NANDED","GUT NO 24,VASARNI,NANDED",NANDED,Unaided - Private,N,N,1-463299131,fetchdata,2012-2013,Engineering and Technology,1,1,1,1,Maharashtra,1
1-729897423,SHREE CHANAKYA EDUCATION SOCIETY'S INDIRA COLLEGE OF ENGINEERING AND MANAGEMENT,"SR. NO. 64 AND 65,
GAT NO. 276,
AT POST PARANDWADI, TAL- MAVAL,
DIST- PUNE. 410506",PUNE,Unaided - Private,N,N,1-7372541,fetchdata,2012-2013,Engineering and Technology,1,1,1,1,Maharashtra,1
1-730516715,"VILASRAO DESHMUKH FOUNDATIONS, VDF SCHOOL OF POLYTECHNIC","""EDUCITY"", ADDITIONAL MIDC, PLOT NO.-165 A , NEAR MANJARA SUGAR",LATUR,Unaided - Private,N,N,1-445068681,fetchdata,2012-2013,Engineering and Technology,1,1,1,1,Maharashtra,1
1-732505954,"SMT. PREMALATAI CHAVAN POLYTECHNIC, KARAD","271, MANGALWAR PETH, KARAD",SATARA,Unaided - Private,N,Y,1-477725151,fetchdata,2012-2013,Engineering and Technology,1,1,1,1,Maharashtra,1
1-732586293,NAVJEEVAN EDUCATION SOCIETY'S POLYTECHNIC,"GANESH NAGAR, GANESH PATH,",MUMBAI SUBURBAN,Unaided - Private,N,N,1-425541561,fetchdata,2012-2013,Engineering and Technology,1,1,1,1,Maharashtra,1
1-694429661,JAYAWANTRAO SAWANT COLLEGE OF ENGINEERING,"S.NO. 58, HANDEWADI ROAD, HADAPSAR, PUNE-411028",PUNE,Unaided - Private,N,N,1-4738886,fetchdata,2012-2013,Engineering and Technology,1,1,1,1,Maharashtra,1
1-764644018,"GOVERNMENT POLYTECHNIC, JINTUR","YELDARY ROAD, JINTUR",PARBHANI,Government,N,N,1-487484701,fetchdata,2012-2013,Engineering and Technology,1,1,1,1,Maharashtra,1
1-691059451,BHARATIYA VIDYA BHAVANS SARDAR PATEL INSTITUTE OF TECHNOLOGY,"BHAVANS CAMPUS, MUNSHI NAGAR, ANDHERI WEST MUMBAI",MUMBAI CITY,Unaided - Private,N,N,1-5754558,fetchdata,2012-2013,Engineering and Technology,1,1,1,1,Maharashtra,1
1-691798266,B.R. HARNE COLLEGE OF ENGINEERING & TECHNOLOGY,"SURVEY NO. 110/1A, 111/1,, 111/2B, 126/2,  VILLAGE - KARAV, NEAR VANGANI STATION, TAH. AMBARNATH, DIST. THANE.",THANE,Unaided - Private,N,N,1-473869761,fetchdata,2012-2013,Engineering and Technology,1,1,1,1,Maharashtra,1
1-691745232,SHRI NEMINATH JAIN BRAMHACHARYASHRAM SHRI. S.N.J.B. POLYTECHNIC,"NEMINAGAR, A/P:CHANDWAD
TAL: CHANDWAD
DIST: NASHIK
PIN:423101
MAHARASHTRA",NASHIK,Unaided - Private,N,Y,1-424721011,fetchdata,2012-2013,Engineering and Technology,1,1,1,1,Maharashtra,1
1-691715161,SHRI CHHATRAPATI SHIVAJIRAJE COLLEGE OF ENGINEERING,"S.NO. 237, DHANGWADI, TAL. BHOR, DIST. PUNE",PUNE,Unaided - Private,N,N,1-8370541,fetchdata,2012-2013,Engineering and Technology,1,1,1,1,Maharashtra,1
1-691671351,WAINGANGA COLLEGE OF ENGINEERING AND MANAGEMENT,"DONGARGAON, NEAR GUMGAON RLY. STATION, POST-GUMGAON, WARDHA ROAD, NAGPUR.441114.",NAGPUR,Unaided - Private,N,N,1-4190881,fetchdata,2012-2013,Engineering and Technology,1,1,1,1,Maharashtra,1
1-692109251,FR. CONCEICAO RODRIGUES COLLEGE OF ENGINEERING,"FR. AGNEL ASHRAM, BANDSTAND, BANDRA(W)",MUMBAI SUBURBAN,Unaided - Private,N,N,1-4317814,fetchdata,2012-2013,Engineering and Technology,1,1,1,1,Maharashtra,1
1-691547421,J D POLYTECHNIC,KHANDALA POST VALNI TALUKA KALMESHWAR,NAGPUR,Unaided - Private,N,Y,1-424083841,fetchdata,2012-2013,Engineering and Technology,1,1,1,1,Maharashtra,1
1-774833523,"GOVERNMENT INSTITUTE OF PRINTING TECHNOLOGY, MUMBAI","D.N. ROAD, SIR J.J. COLLEGE OF ART CAMPUS, NEAR CRAWFORD MARKET, MUMBAI",MUMBAI CITY,Government,N,N,1-504899711,fetchdata,2012-2013,Engineering and Technology,1,1,1,1,Maharashtra,1
1-691810999,JAYWANT COLLEGE OF ENGINEERING & MANAGEMENT,"GAT NO,319/1,320,KILLEMACHNDRAGAD TAL- WALWA DIST- SANGLI",SANGLI,Unaided - Private,N,N,1-487157891,fetchdata,2012-2013,Engineering and Technology,1,1,1,1,Maharashtra,1
1-788052211,"PAD. DR. D. Y. PATIL INSTITUTE OF ENGINEERING, MANAGEMENT & RESEARCH","SECTOR 29, PCNTDA,(RAVET), NIGDI PRADHIKARAN, PUNE
411044",PUNE,Unaided - Private,N,N,,fetchdata,2012-2013,Engineering and Technology,1,1,1,1,Maharashtra,1
1-691778281,D.Y.PATIL COLLEGE OF ENGINEERING & POLYTECHNIC,"GAT NO - 85, A/P- TALSANDE, TAL-HATKANANGALE, DIST- KOLHAPUR",KOLHAPUR,Unaided - Private,N,N,1-455929981,fetchdata,2012-2013,Engineering and Technology,1,1,1,1,Maharashtra,1
1-691107201,FR. C. RODRIGUES INSTITUTE OF TECHNOLOGY,"FR. AGNEL TECHNICAL EDUCATION COMPLEX,
SECTOR 9 A, NEAR NOOR MD. MASJID.",THANE,Unaided - Private,N,N,1-4849231,fetchdata,2012-2013,Engineering and Technology,1,1,1,1,Maharashtra,1
1-691662261,SHREERAM POLYTECHNIC,"PLOT NO. 98, CIDCO SECTOR-03, AIROLI, NAVI MUMBAI",THANE,Unaided - Private,N,N,1-401949291,fetchdata,2012-2013,Engineering and Technology,1,1,1,1,Maharashtra,1
1-692534261,NAV  VIDYA NIKETAN INSTITUTE OF TECHNOLOGY,"NVNS CAMPUS, MARDI ROAD, INDLA NAKA, AMRAVATI",AMRAVATI,Unaided - Private,N,N,1-410956471,fetchdata,2012-2013,Engineering and Technology,1,1,1,1,Maharashtra,1
1-692144261,AMRUTVAHINI POLYTECHNIC,"AMRUTNAGAR,
P.O. SANGAMNER S.K.
TAL: SANGAMNER
DIST: AHMEDNAGAR",AHMEDNAGAR,Unaided - Private,N,N,1-461211011,fetchdata,2012-2013,Engineering and Technology,1,1,1,1,Maharashtra,1
1-692586451,MADHUKARRAO PANDAV COLLEGE OF ENGINEERING,"AT-BHILEWADA
DIST.-BHANDARA (M.S.)",BHANDARA,Unaided - Private,N,N,1-22995711,fetchdata,2012-2013,Engineering and Technology,1,1,1,1,Maharashtra,1
1-691680271,BHARATI VIDYAPEETH'S COLLEGE OF ENGINEERING KOLHAPUR,"BHARATI VIDYAPEETH'S COLLEGE OF ENGINEERING, 
NEAR CHITRANAGARI,
 KOLHAPUR-416013",KOLHAPUR,Unaided - Private,N,N,1-7272341,fetchdata,2012-2013,Engineering and Technology,1,1,1,1,Maharashtra,1
1-692650152,PROF. RAM MEGHE INSTITUTE OF TECHNOLOGY AND RESEARCH,"ANJANGAON BARI ROAD, BADNERA",AMRAVATI,Unaided - Private,N,N,1-5296001,fetchdata,2012-2013,Engineering and Technology,1,1,1,1,Maharashtra,1
1-808233852,PRERNA POLYTECHNIC COLLEGE,"AT MULI,GANGAKHED.",PARBHANI,Unaided - Private,N,N,1-510973831,fetchdata,2012-2013,Engineering and Technology,1,1,1,1,Maharashtra,1
1-691767231,"P.R.PATIL INSTITUTE OF POLYTECHNIC & TECH.,","SUR. NO 533/3, ARVI ROAD, TALEGAON(SP) TQ. ASHTI DIST. WARDHA",WARDHA,Unaided - Private,N,N,1-459282671,fetchdata,2012-2013,Engineering and Technology,1,1,1,1,Maharashtra,1
1-691758001,GOVINDRAO WANJARI COLLEGE OF ENGINEERING & TECHNOLOGY,"148-149, SALAI GODHANI, NEAR CHIKNA VILLAGE, HUDKESHWAR ROAD, NAGPUR",NAGPUR,Unaided - Private,N,N,1-4776561,fetchdata,2012-2013,Engineering and Technology,1,1,1,1,Maharashtra,1
1-691672121,"RAJIV GANDHI COLLEGE OF ENGINEERING, RESEARCH AND TECHNOLOGY","BALLARPUR ROAD, BABUPETH",CHANDRAPUR,Unaided - Private,N,N,1-7448591,fetchdata,2012-2013,Engineering and Technology,1,1,1,1,Maharashtra,1
1-691694221,SHATABDI INSTITUTE OF ENGINEERING & RESEARCH,"AT POST : AGASKHIND,
VIA : DEOLALI CAMP-BHAGUR,
TAL. SINNAR, DIST : NASHIK
PIN : 422 502",NASHIK,Unaided - Private,N,Y,1-2558181,fetchdata,2012-2013,Engineering and Technology,1,1,1,1,Maharashtra,1
1-692572021,"BHARATI VIDYAPEETH'S INSTITUTE OF TECHNOLOGY (POLY.), A/P: PALUS, TAL:PALUS, DIST:SANGLI, MAHARASHTR","A/P:PALUS, TAL:PALUS, DIST:SANGLI",SANGLI,Unaided - Private,N,N,1-429718053,fetchdata,2012-2013,Engineering and Technology,1,1,1,1,Maharashtra,1
1-692554702,DATTA MEGHE COLLEGE OF ENGINEERING,"PLOT NO.98.P.B.15,SECTOR3,CIDCO COLONY,AIROLI,NAVI MUMBAI,400708",THANE,Unaided - Private,N,N,1-11862950,fetchdata,2012-2013,Engineering and Technology,1,1,1,1,Maharashtra,1
1-692731311, GUNAI  SHIKSHAN PRASARAK MANDAL'S RAJIV GANDHI POLYTECHNIC, UDGIR,LATUR,Unaided - Private,N,N,1-453048233,fetchdata,2012-2013,Engineering and Technology,1,1,1,1,Maharashtra,1
1-691498240,"VAMANRAO ITAHPE POLYTECHNIC VELHALE, SANGAMNER","AP-VELHALE 
TAL-SANGAMNER
DIST-AHMEDNAGAR",AHMEDNAGAR,Unaided - Private,N,N,1-457063561,fetchdata,2012-2013,Engineering and Technology,1,1,1,1,Maharashtra,1
1-691680621,CENTRAL INDIA COLLEGE OF ENGINEERING AND TECHNOLOGY,"KH. NO.25/1  AND 25/3 AT MOUZA LONARA, TAH. DIST. NAGPUR-
MAHARASHTRA",NAGPUR,Unaided - Private,N,Y,1-17363391,fetchdata,2012-2013,Engineering and Technology,1,1,1,1,Maharashtra,1
1-693457311,SHRI. SHARADCHANDRA PAWAR POLYTECHNIC,"AT BHILLEWADA, TAH. & DISTT. BHANDARA.",BHANDARA,Unaided - Private,N,N,1-462880891,fetchdata,2012-2013,Engineering and Technology,1,1,1,1,Maharashtra,1
1-699804541,SHRI DATTA MEGHE POLYTECHNIC,"248/3, HINGNA ROAD,",NAGPUR,Unaided - Private,N,N,1-412299001,fetchdata,2012-2013,Engineering and Technology,1,1,1,1,Maharashtra,1
1-835210071,SUMAN RAMESH TULSIANI TECHNICAL CAMPUS- FACULTY OF ENGINEERING,"GAT NO. 81,82,91,92,94,97,99,101,102 &
106(PART)",PUNE,Unaided - Private,N,N,,fetchdata,2012-2013,Engineering and Technology,1,1,1,1,Maharashtra,1
1-699144121,GRAMIN POLYTECHNIC,GRAMIN POLYTECHNIC VISHNUPURI NANDED,NANDED,Unaided - Private,N,N,1-428117711,fetchdata,2012-2013,Engineering and Technology,1,1,1,1,Maharashtra,1
1-699772191,SANTOSH N. DARADE POLYTECHNIC,"AT POST BABHULGAON, TAL.YEOLA, DIST.NASIK",NASHIK,Unaided - Private,N,N,1-425567771,fetchdata,2012-2013,Engineering and Technology,1,1,1,1,Maharashtra,1
1-699135451,ZAGDU SINGH CHARITABLE TRUST'S THAKUR POLYTECHNIC,"THAKUR COMPLEX,  KANDIVLI (E),
MUMBAI - 400101",MUMBAI SUBURBAN,Unaided - Private,N,Y,1-411241581,fetchdata,2012-2013,Engineering and Technology,1,1,1,1,Maharashtra,1
1-698972781,SHREE L.R. TIWARI COLLEGE OF ENGINEERING," NEAR COMMISIONER'S BUNGALOW,KANAKIYA PARK,MIRA ROAD (E),",THANE,Unaided - Private,N,Y,1-6969851,fetchdata,2012-2013,Engineering and Technology,1,1,1,1,Maharashtra,1
1-699753654,KAI PUJYA TRIMBAKAPPA BASAVANTAPPA GIRWALKAR POLYTECHNIC,YESHWANTRAO CHAVAN CHOWK AMBAJOGAI,BEED,Unaided - Private,N,N,1-511312441,fetchdata,2012-2013,Engineering and Technology,1,1,1,1,Maharashtra,1
1-698279951,"KONKAN GYANPEETH COLLEGE OF ENGINEERING, KARJAT","VENGAON ROAD, DAHIVALI,
TALUKA - KARJAT,
DISTRICT - RAIGAD, MAHARASHTRA (INDIA)
PIN - 410201",RAIGAD,Unaided - Private,N,N,1-8209546,fetchdata,2012-2013,Engineering and Technology,1,1,1,1,Maharashtra,1
1-698243421,SHRI BABULALJI AGNIHOTRI COLLEGE OF ENGINEERING,"NAGTHANA ROAD, NEAR BYPASS HIGHWAY, SINDI (MEGHE), WARDHA",WARDHA,Unaided - Private,N,N,1-6199671,fetchdata,2012-2013,Engineering and Technology,1,1,1,1,Maharashtra,1
1-700164041,M. D. JADHAV INSTITUTE OF TECHNOLOGY,"GAT NO 986
A/P: BHOSE
TAL: MIRAJ",SANGLI,Unaided - Private,N,N,1-475274531,fetchdata,2012-2013,Engineering and Technology,1,1,1,1,Maharashtra,1
1-699772981,"CHHATRAPATI SHAHU MAHARAJ SHIKSHAN SANSTHA,C.S.M.S.S COLLEGE OF POLYTECHNIC","C.S.M.S.S COLLEGE OF POLYTECHNIC,
KANCHANWADI, PAITHAN ROAD, AURANGABAD",AURANGABAD,Unaided - Private,N,N,1-450637101,fetchdata,2012-2013,Engineering and Technology,1,1,1,1,Maharashtra,1
1-700760401,ABDUL RAZZAK KALSEKAR POLYTECHNIC,"PLOT NO. 3, SECTOR 16, KHANDAGAON, THANA NAKA, NEW PANVEL",MUMBAI SUBURBAN,Unaided - Private,N,Y,1-485854731,fetchdata,2012-2013,Engineering and Technology,1,1,1,1,Maharashtra,1
1-699070551,SAVITRIBAI PHULE WOMENS ENGINEERING COLLEGE,"GUTT NO-59/P
SHARANAPUR
AURANGABAD",AURANGABAD,Unaided - Private,Y,N,1-4772908,fetchdata,2012-2013,Engineering and Technology,1,1,1,1,Maharashtra,1
1-700152441,VIDYAVARDHINI'S BHAUSAHEB VARTAK POLYTECHNIC,VASAI ROAD RLY. STATION (W.RLY),THANE,Unaided - Private,N,N,1-412372261,fetchdata,2012-2013,Engineering and Technology,1,1,1,1,Maharashtra,1
1-754539261,GENESIS INSTITUTE OF TECHNOLOGY,"AT POST KASARWADI
TALUKA HATKANANGALE",KOLHAPUR,Unaided - Private,N,N,,fetchdata,2012-2013,Engineering and Technology,1,1,1,1,Maharashtra,1
1-693419231,SONATAI PANDAV POLYTECHNIC,"SURVEY NO.73,AT. LAMDHAM, POST-PARADSINGA,TAH-KATOL.",NAGPUR,Unaided - Private,N,N,1-455493441,fetchdata,2012-2013,Engineering and Technology,1,1,1,1,Maharashtra,1
1-698261611,PADMASHREE DR.D.Y.PATIL POLYTECHNIC,"SECTOR 29,NIGDI PRADHIKARAN, AKURDI,PUNE",PUNE,Unaided - Private,N,N,1-433875501,fetchdata,2012-2013,Engineering and Technology,1,1,1,1,Maharashtra,1
1-699118591,JSPMâS BHIVARABAI SAWANT INSTITUTE OF TECHNOLOGY AND RESEARCH (FOR WOMEN),"GAT NO. 720/1&2, PUNE â NAGAR ROAD, WAGHOLI,TALUKA-HAVELI,DISTRICT-PUNE. 412207",PUNE,Unaided - Private,Y,N,1-6894281,fetchdata,2012-2013,Engineering and Technology,1,1,1,1,Maharashtra,1
1-693485001,"SATARA POLYTECHNIC,SATARA","152,155 SONGAON TURF, 
NEAR NH-4,
SATARA.",SATARA,Unaided - Private,N,N,1-423150903,fetchdata,2012-2013,Engineering and Technology,1,1,1,1,Maharashtra,1
1-701033761,SHAH AND ANCHOR KUTCHHI ENGINEERING COLLEGE,"W.T. PATIL MARG, MET CHOWK, CHEMBUR, MUMBAI-88",MUMBAI CITY,Unaided - Private,N,Y,1-2625316,fetchdata,2012-2013,Engineering and Technology,1,1,1,1,Maharashtra,1
1-693533421,"SMT. RADHIKATAI  PANDAV POLYTECHNIC, NAGPUR.","SUR. 57, MOUZA-BESA, NAGPUR.",NAGPUR,Unaided - Private,N,N,1-479994891,fetchdata,2012-2013,Engineering and Technology,1,1,1,1,Maharashtra,1
1-698934661,SIES GRADUATE SCHOOL OF TECHNOLOGY,"SRI CHANDRASEKARENDRA SARASWATHY VIDYAPURAM, SECTOR-V, NERUL, NAVI MUMBAI",THANE,Unaided - Private,N,Y,1-2933231,fetchdata,2012-2013,Engineering and Technology,1,1,1,1,Maharashtra,1
1-700659811,G. H. RAISONI POLYTECHNIC,"GAT NO. 269, NEAR SHANBAG VIDYALAY, SAVKHEDA (BK)",JALGAON,Unaided - Private,N,Y,1-415281253,fetchdata,2012-2013,Engineering and Technology,1,1,1,1,Maharashtra,1
1-773083504,SUBHASH KOOL COLLEGE OF ENGINEERING,"S.NO.-30,42/2,47,A/P:-KEDGAON",PUNE,Unaided - Private,N,N,1-479426841,fetchdata,2012-2013,Engineering and Technology,1,1,1,1,Maharashtra,1
1-698813401,SHREE SAMARTH POLYTECHNIC,VIDYANAGAR MHASANE PHATA,AHMEDNAGAR,Unaided - Private,N,N,1-489030201,fetchdata,2012-2013,Engineering and Technology,1,1,1,1,Maharashtra,1
1-775019991,DR. D. Y. PATIL SCHOOL OF ENGINEERING ACADEMY,"SR. NO. 124 & 126, A/P AMBI, TALEGAON DABHADE, TQ. MAVAL, DIST. PUNE",PUNE,Unaided - Private,N,N,,fetchdata,2012-2013,Engineering and Technology,1,1,1,1,Maharashtra,1
1-701639461,"K.V.N.NAIK S.P.SANSTHA'S POLYTECHNIC,NASHIK","CANADA CORNER,NASHIK 422002",NASHIK,Unaided - Private,N,N,1-444260281,fetchdata,2012-2013,Engineering and Technology,1,1,1,1,Maharashtra,1
1-699035181,"BHAURAOJI TAYWADE POLYTECHNIC, KORADI","AT: MAHADULLA, KORADI, PO: KORADI COLONY, TAH: KAMPTEE, DIST: NAGPUR.",NAGPUR,Unaided - Private,N,N,1-441952981,fetchdata,2012-2013,Engineering and Technology,1,1,1,1,Maharashtra,1
1-692794011,SHRI SANT GAJANAN MAHARAJ COLLEGE OF ENGINEERING,"ENGINEERING CAMPUS , KHAMGAON ROAD, 
SHEGAON 444 203
DIST BULDHANA
MAHARASHTRA",BULDHANA,Unaided - Private,N,N,1-4792001,fetchdata,2012-2013,Engineering and Technology,1,1,1,1,Maharashtra,1
1-693503801,SHRI VATAVRIKSHA SWAMI MAHARAJ DEVASTHAN'S POLYTECHNIC,"GAT # 604/2,NEAR BHAKTA NIWAS, GANAGAPUR ROAD, AKKALKOT",SOLAPUR,Unaided - Private,N,N,1-426992791,fetchdata,2012-2013,Engineering and Technology,1,1,1,1,Maharashtra,1
1-700153141,SARDAR VALLBHBHAI PATEL POLYTECHNIC,I.C. COLONY BORIVALI (W),MUMBAI SUBURBAN,Unaided - Private,N,N,1-435536633,fetchdata,2012-2013,Engineering and Technology,1,1,1,1,Maharashtra,1
1-760766452,"GOVERNMENT POLYTECHNIC, MALVAN","A/P: KUMBHARMATH, 
TAL: MALVAN
DIST: SINDHUDURG",SINDHUDURG,Government,N,N,1-462877831,fetchdata,2012-2013,Engineering and Technology,1,1,1,1,Maharashtra,1
1-777528946,SARDAR PATEL COLLEGE OF ENGINEERING,"MUNSHI NAGAR,
ANDHERI(W),",MUMBAI CITY,Govt aided,N,N,1-11307927,fetchdata,2012-2013,Engineering and Technology,1,1,1,1,Maharashtra,1
1-697171644,JAWAHAR EDUCATION SOCIETY'S A. C. PATIL COLLEGE OF ENGINEERING,"PLOT NO. 17, SECTOR 4, KHARGHAR, 
NAVI MUMBAI 410210",MUMBAI SUBURBAN,Unaided - Private,N,N,1-32561901,fetchdata,2012-2013,Engineering and Technology,1,1,1,1,Maharashtra,1
1-685779722,DR. J.J. MAGDUM COLLEGE OF ENGINEERING.,"GAT NO.-314/330.AGAR BHAG, SHIROLWADI ROAD.",KOLHAPUR,Unaided - Private,N,N,1-4190011,fetchdata,2012-2013,Engineering and Technology,1,1,1,1,Maharashtra,1
1-747687446,"GOVERNMENT POLYTECHNIC, VIKRAMGAD","AT POST SHIL, SURVEY NO. 20",THANE,Government,N,N,1-513112193,fetchdata,2012-2013,Engineering and Technology,1,1,1,1,Maharashtra,1
1-735824102,NUTAN MAHARASHTRA INSTITUTE OF ENGINEERING  & TECHNOLOGY,"""VISHNUPURI, TALEGAON STATION,
TAL : MAVAL, DIST : PUNE - 410507",PUNE,Unaided - Private,N,N,1-8618657,fetchdata,2012-2013,Engineering and Technology,1,1,1,1,Maharashtra,1
1-735673132,VIDYAVARDHINI'S COLLEGE OF ENGINEERING AND TECHNOLOGY,K T MARG VASAI ROAD WEST,THANE,Unaided - Private,N,N,1-262262952,fetchdata,2012-2013,Engineering and Technology,1,1,1,1,Maharashtra,1
1-733951463,KBPSS-SAHYADRI POLYTECHNIC,"AT/POST. KIKAVI,
TAL. BHOR,",PUNE,Unaided - Private,N,N,1-505343821,fetchdata,2012-2013,Engineering and Technology,1,1,1,1,Maharashtra,1
1-733731683,PULGAON POLYTECHNIC,"JAWAHAR COLONY , NACHANGAON ROAD EXPRESS HIGHWAY PULGAON TAH DEOLI DIST WARDHA",WARDHA,Unaided - Private,N,N,1-474065881,fetchdata,2012-2013,Engineering and Technology,1,1,1,1,Maharashtra,1
1-734630994,RAJIV GANDHI INSTITUTE OF POLYTECHNIC,"EDUCATIONAL AREA. GURUNATHAPPA BAVAGE KNOWLEDGE CITY, HASEGAON",LATUR,Unaided - Private,N,N,1-452140361,fetchdata,2012-2013,Engineering and Technology,1,1,1,1,Maharashtra,1
1-735939322,DR.VARSHA PATIL INSTITUTE OF TECHNOLOGY,"GAT NO 57/1, 57/2, N.H.6, BHUSAWAL ROAD, NR. DR. ULHAS PATIL MEDICAL COLLEGE, KHIRID KH",JALGAON,Unaided - Private,N,N,1-403200961,fetchdata,2012-2013,Engineering and Technology,1,1,1,1,Maharashtra,1
1-733684782,"VIDYA VIKAS PRATISHTHAN POLYTECHNIC,SOLAPUR","GAT NO 72/2 PRATAPNAGAR, SOREGAON-DONGAON ROAD SOREGAON SOLAPUR",SOLAPUR,Unaided - Private,N,N,1-409588801,fetchdata,2012-2013,Engineering and Technology,1,1,1,1,Maharashtra,1
1-781668172,"GOVERNMENT POLYTECHNIC, SAKOLI","SHENDURWAFA, TALUKA-SAKOLI, DISTRICT- BHANDARA STATE-MAHARASHTRA",BHANDARA,Government,N,N,1-495149841,fetchdata,2012-2013,Engineering and Technology,1,1,1,1,Maharashtra,1
1-824204804,LATE HARIBAI WARPUDKAR POLYTECHNIC,"GAT NO. 104, KAREGAON, OPP. WATER FILTER PLANT, BASMAT ROAD, PARBHANI",PARBHANI,Unaided - Private,N,N,1-462941063,fetchdata,2012-2013,Engineering and Technology,1,1,1,1,Maharashtra,1
1-733936116,YASHODA TECHNICAL CAMPUS SATARA,"S. N. 242/1 AT POST - WADHE, TAL DIST - SATARA",SATARA,Unaided - Private,N,N,1-467424873,fetchdata,2012-2013,Engineering and Technology,1,1,1,1,Maharashtra,1
1-734605262,JMCT POLYTECHNIC NASHIK,"WADALA ROAD , WADALA NASHIK",NASHIK,Unaided - Private,N,Y,1-430193881,fetchdata,2012-2013,Engineering and Technology,1,1,1,1,Maharashtra,1
1-733927212,"SHRI DADASAHEB GAWAI CHARITABLE TRUST, VIKRAMSHILA POLYTECHNIC","VIKRAMSHILA POLYTECHNIC,DARAPUR
TQ. DARYAPUR,DIST. AMRAVATI
PIN: 444814",AMRAVATI,Unaided - Private,N,N,1-421143073,fetchdata,2012-2013,Engineering and Technology,1,1,1,1,Maharashtra,1
1-735366791,SOPHIA SHREE B.K.SOMANI MEMORIAL POLYTECHNIC,"BHULABHAI DESAI ROAD
MUMBAI 400 026",MUMBAI CITY,Govt aided,Y,Y,,fetchdata,2012-2013,Engineering and Technology,1,1,1,1,Maharashtra,1
1-735961882,SVKM'S NARSEE MONJEE INSTITUTE OF MANAGEMENT STUDIES,"BABHULDE, BANK OF TAPI RIVER, MUMBAI AGRA ROAD",DHULE,University Managed,N,Y,1-513082061,fetchdata,2012-2013,Engineering and Technology,1,1,1,1,Maharashtra,1
1-735366532,MHFS COLLEGE OF POLYTECHNIC,"AT.GUNJALWADI,
PO.WARUDIPATHAR,TAL.SANGAMNER,DIST. AHMEDNAGAR.
PIN 422605",AHMEDNAGAR,Unaided - Private,N,N,1-439862831,fetchdata,2012-2013,Engineering and Technology,1,1,1,1,Maharashtra,1
1-735366864,VIDYALANKAR POLYTECHNIC,"VIDYALANKAR MARG,
WADALA -EAST",MUMBAI CITY,Unaided - Private,N,N,1-449869651,fetchdata,2012-2013,Engineering and Technology,1,1,1,1,Maharashtra,1
1-734513872,TULSIRAMJI GAIKWAD-PATIL COLLEGE OF ENGINEERING AND TECHNOLOGY,"KHASARA NO. 8/1, P.S.K. 74, MOHGAON, WARDHA ROAD, NAGPUR",NAGPUR,Unaided - Private,N,Y,1-4187806,fetchdata,2012-2013,Engineering and Technology,1,1,1,1,Maharashtra,1
1-736588142,KALAWATIBAI COLLEGE OF ENGG & TECH(POLY),"LALWANDI ROAD , NAIGAON(BZ)",NANDED,Unaided - Private,N,N,1-475220731,fetchdata,2012-2013,Engineering and Technology,1,1,1,1,Maharashtra,1
1-735643192,GOVERNMENT POLYTECHNIC MIRAJ,"NEAR MAJI SAINIK VASAHAT VIDYANAGAR, MIRAJ",SANGLI,Government,N,N,1-453002861,fetchdata,2012-2013,Engineering and Technology,1,1,1,1,Maharashtra,1
1-737129021,SMT. BHAGWATI CHATURVEDI COLLEGE OF ENGINEERING,"HARPUR NAGAR, UMRER ROAD, NAGPUR - 440009",NAGPUR,Unaided - Private,N,Y,1-5931571,fetchdata,2012-2013,Engineering and Technology,1,1,1,1,Maharashtra,1
1-737396774,CENTRAL INDIA INSTITUTE OF POLYTECHNIC,"AT POST- LONARA, NEAR GODHNI  RAILWAY,",NAGPUR,Unaided - Private,N,Y,1-477036216,fetchdata,2012-2013,Engineering and Technology,1,1,1,1,Maharashtra,1
1-736613272,"SHANTI EDUCATION SOCIETY'S, A.G. PATIL INSTITUTE OF TECHNOLOGY","18(2/2A), PRATAP NAGAR, SOREGAON
TAL : NORTH SOLAPUR DIST. : SOLAPUR",SOLAPUR,Unaided - Private,N,N,1-2142081,fetchdata,2012-2013,Engineering and Technology,1,1,1,1,Maharashtra,1
1-736772754,OM POLYTECHNIC WARDHA,"SAMATA NAGAR, MASTER COLONY SAWANGI (MEGHE), WARDHA",WARDHA,Unaided - Private,N,N,1-413158501,fetchdata,2012-2013,Engineering and Technology,1,1,1,1,Maharashtra,1
1-737112134,DHARAMPETH POLYTECHNIC,"NEAR AMBAZARI GARDEN, NORTH AMBAZARI ROAD, NAGPUR",NAGPUR,Unaided - Private,N,N,1-475206581,fetchdata,2012-2013,Engineering and Technology,1,1,1,1,Maharashtra,1
1-737969092,SHRIMAN BHAUSAHEB ZADBUKE INSTITUTE OF POLYTECHNIC,"GAT NO. 280,282,273,275,276 , AT.- PURI POST-GHARI",SOLAPUR,Unaided - Private,N,N,1-460091841,fetchdata,2012-2013,Engineering and Technology,1,1,1,1,Maharashtra,1
1-738052372,SANJIVANI PRATISTHAN INSTITUTE OF TECHNOLOGY,"AT-KURUND, POST-RALEGAN THERPAL, TAL-PARNER, DIST-AHMEDNAGAR",AHMEDNAGAR,Unaided - Private,N,N,1-445019155,fetchdata,2012-2013,Engineering and Technology,1,1,1,1,Maharashtra,1
1-736999062,TERNA PUBLIC CHARITABLE TRUST'S  TERNA  ENGINEERING COLLEGE,"PLOT NO 12, SECTOR 22, PHASE II , 
OPPOSITE NERUL RAILWAY STATION,
NERUL (WEST)",THANE,Unaided - Private,N,N,1-4011650,fetchdata,2012-2013,Engineering and Technology,1,1,1,1,Maharashtra,1
1-736946262,"SOLAPUR EDUCATION SOCIETY'S POLYTECHNIC, SOLAPUR","SAMRAT CHOWK, BUDHWAR PETH",SOLAPUR,Unaided - Private,N,N,1-433952121,fetchdata,2012-2013,Engineering and Technology,1,1,1,1,Maharashtra,1
1-738467672,"GOVERNMENT POLYTECHNIC,BRAMHAPURI","AT:-KHED,NAGBHID ROAD,BRAMHAPURI,TA:-BRAMHAPURI,DIST:-CHANDRAPUR",CHANDRAPUR,Government,N,N,1-492853671,fetchdata,2012-2013,Engineering and Technology,1,1,1,1,Maharashtra,1
1-736912423,ARMY INSTITUTE OF TECHNOLOGY,"PUNE-ALANDI ROAD, DIGHI HILLS,  PUNE 411015",PUNE,Unaided - Private,N,N,1-14666921,fetchdata,2012-2013,Engineering and Technology,1,1,1,1,Maharashtra,1
1-738729061,DHANANJAY MAHADIK GROUP OF INSTITUTIONS,"GAT. NO.-209/A,NH-4,VIKASWADI,KAGAL.",KOLHAPUR,Unaided - Private,N,N,1-8363021,fetchdata,2012-2013,Engineering and Technology,1,1,1,1,Maharashtra,1
1-739202772,BRAHMA VALLEY COLLEGE OF TECHNICAL EDUCATION,"G.NO. 592/B, VILLAGE-ANJANERI, TAL. TRIMBAKESHWAR",NASHIK,Unaided - Private,N,N,1-449295711,fetchdata,2012-2013,Engineering and Technology,1,1,1,1,Maharashtra,1
1-738592593,JAMIA INSTITUTE OF ENGINEERING AND MANAGEMENT STUDIES,MOLGI ROAD,NANDURBAR,Unaided - Private,N,Y,1-5774831,fetchdata,2012-2013,Engineering and Technology,1,1,1,1,Maharashtra,1
1-809266041,KEYSTONE SCHOOL OF ENGINEERING,"SR. NO. 305/7, 306, 307/5 & 308/21
URULI DEVACHI, PUNE - 412308",PUNE,Unaided - Private,N,N,,fetchdata,2012-2013,Engineering and Technology,1,1,1,1,Maharashtra,1
1-737176343,"MAHARASHTRA SHETKARI SEVA MANDAL, TRYAMBAKRAO SHEJAWAL INSTITUTE OF TECHNOLOGY (POLYTECHNIC)","RDC,ANAKWADE, YEOLA-MANMAD ROAD,MANMAD",NASHIK,Unaided - Private,N,N,1-484980531,fetchdata,2012-2013,Engineering and Technology,1,1,1,1,Maharashtra,1
1-733947212,AMBARWADIKAR'S INSTITUTE OF TECHNOLOGY,"GUT NO 60,NAGAR ROAD,TOLL PLAZA,WALUJ,AURANGABAD.",AURANGABAD,Unaided - Private,N,N,1-451140871,fetchdata,2012-2013,Engineering and Technology,1,1,1,1,Maharashtra,1
1-736817682,"PRABHAT DIPLOMA COLLEGE OF ENGINEERING, RUI","GUT NO 90,102, MOUZA RUI, TA.BRAMHAPURI, DIST.CHANDRAPUR",CHANDRAPUR,Unaided - Private,N,N,1-476678311,fetchdata,2012-2013,Engineering and Technology,1,1,1,1,Maharashtra,1
1-738045835,PVG'S MAHARASHTRA INSTITUTE OF PRINTING TECHNOLOGY,"1786,SADASHIV PETH,PUNE",PUNE,Govt aided,N,N,1-479033741,fetchdata,2012-2013,Engineering and Technology,1,1,1,1,Maharashtra,1
1-736865496,AGNIHOTRI COLLEGE OF ENGINEERING,"NEAR BYPASS HIGHWAY
NAGTHANA ROAD SINDI (MEGHE)
WARDHA",WARDHA,Unaided - Private,N,N,1-15049654,fetchdata,2012-2013,Engineering and Technology,1,1,1,1,Maharashtra,1
1-738089323,"DR. PANJABRAO DESHMUKH POLYTECHNIC, AMRAVATI","SHIVAJI NAGAR,",AMRAVATI,Govt aided,N,N,1-424592181,fetchdata,2012-2013,Engineering and Technology,1,1,1,1,Maharashtra,1
1-737388281,MANAV SCHOOL OF POLYTECHNIC,"SURAT NAGPUR HIGHWAY NH 6, VYALA, TAL BALAPUR",AKOLA,Unaided - Private,N,N,,fetchdata,2012-2013,Engineering and Technology,1,1,1,1,Maharashtra,1
1-735900262,NANASAHEB MAHADIK COLLEGE OF ENGINEERING,"GAT NO-894,2665 
A/P PETH NAKA",SANGLI,Unaided - Private,N,N,1-463276851,fetchdata,2012-2013,Engineering and Technology,1,1,1,1,Maharashtra,1
1-787239743,G. E. SOCIETY'S KATGARA POLYTECHNIC INSTITUTE,"AT POST BORDI, 
TAL. DAHANU",THANE,Unaided - Private,N,N,1-493178931,fetchdata,2012-2013,Engineering and Technology,1,1,1,1,Maharashtra,1
1-837265874,"SWAMI VIVEKANAND POLYTECHNIC,JOLA.","AT JOLA ,  POST DEVGAON,
TQ- KAIJ,DIST- BEED,
ST- MAHARASHTRA.",BEED,Unaided - Private,N,N,1-500892721,fetchdata,2012-2013,Engineering and Technology,1,1,1,1,Maharashtra,1
1-774108218,GOVERNMENT POLYTECHNIC HINGOLI,"P-9 M.I.D.C. LIMBALA
HINGOLI",HINGOLI,Government,N,N,1-501048591,fetchdata,2012-2013,Engineering and Technology,1,1,1,1,Maharashtra,1
1-778908533,LATE VASANTDADA POLYTECHNIC,"E-2/F-3., NEW NANDANVAN,NEAR WATER TANK, NAGPUR",NAGPUR,Unaided - Private,N,N,1-467832381,fetchdata,2012-2013,Engineering and Technology,1,1,1,1,Maharashtra,1
1-779754782,SHRI CHHATRAPATI SAMBHAJI POLYTECHNIC YELPANE,"A/P:YELPANE,TAL:SHRIGONDA,DIST:AHMEDNAGAR,PIN:414701",AHMEDNAGAR,Unaided - Private,N,N,1-475814661,fetchdata,2012-2013,Engineering and Technology,1,1,1,1,Maharashtra,1
1-775536202,GOVERNMENT POLYTECHNIC FOR DISTANCE LEARNING PUNE,"412-D,BAHIRAT PATIL CHOWK,GOKHALE ROAD,
SHIVAJINAGAR",PUNE,Govt aided,N,N,1-517624431,fetchdata,2012-2013,Engineering and Technology,1,1,1,1,Maharashtra,1
1-781450694,RAJ LAXMI FOUNDATION'S  SAHAKAR MAHARSHI RAJARAM BAPU PATIL POLYTECHNIC INSTITUTE,"GAT NO. 190/2 , MADADGAON (TAKALI-KAJI), TAL & DIST AHMEDNAGAR.",AHMEDNAGAR,Unaided - Private,N,N,1-473977601,fetchdata,2012-2013,Engineering and Technology,1,1,1,1,Maharashtra,1
1-781746622,SHREE KAPILDHARA POLYTECHNIC,"S.NO. 231, AT POST WAKI, KAWNAI ROAD, TAHSIL IGATPURI",NASHIK,Unaided - Private,N,N,1-505713481,fetchdata,2012-2013,Engineering and Technology,1,1,1,1,Maharashtra,1
1-773520091,SANT GAJANAN MAHARAJ COLLEGE OF ENGINEERING,"SITE - CHINCHEWADI, TAL- GADHINGLAJ,",KOLHAPUR,Unaided - Private,N,N,,fetchdata,2012-2013,Engineering and Technology,1,1,1,1,Maharashtra,1
1-840158791,VIVEKANAND INSTITUTE OF POLYTECHNIC,"GUT NO P-59, SHARNAPUR,  NASHIK ROAD, AURANGABAD",AURANGABAD,Unaided - Private,N,N,,fetchdata,2012-2013,Engineering and Technology,1,1,1,1,Maharashtra,1
1-773471758,JBES'S RAJIV GANDHI POLYTECHNIC,"SURYAPRAKASH SANKUL,S.NO.-108,ZIRAPWADI,PHALTAN GIRVI ROAD",SATARA,Unaided - Private,N,N,1-479296511,fetchdata,2012-2013,Engineering and Technology,1,1,1,1,Maharashtra,1
1-693793571,SHREE SANTKRUPA INSTITUTE OF ENGINEERING & TECHNOLOGY,"A/P:-GHOGAON
(SHIVAJINAGAR)
TAL:-KARAD
DIST:-SATARA",SATARA,Unaided - Private,N,N,1-458668021,fetchdata,2012-2013,Engineering and Technology,1,1,1,1,Maharashtra,1
1-786298932,"BALAGHAT POLYTECHNIC,RUDDHA-AHMEDPUR","NANDED-LATUR HIGHWAY ROAD, RUDDHA-AHMEDPUR",LATUR,Unaided - Private,N,N,1-496120531,fetchdata,2012-2013,Engineering and Technology,1,1,1,1,Maharashtra,1
1-693702501,"D.K.T.E.SOCIETY'S TEXTILE & ENGINEERING INSTITUTE, ICHALKARANJI","""RAJWADA"" POST BOX NO. 130",KOLHAPUR,Unaided - Private,N,N,1-451550371,fetchdata,2012-2013,Engineering and Technology,1,1,1,1,Maharashtra,1
1-722497332,COLLEGE OF MILITARY ENGINEERING,"COLLEGE OF MILITARY ENGINEERING, PUNE-411 031",PUNE,Government,N,N,1-458581531,fetchdata,2012-2013,Engineering and Technology,1,1,1,1,Maharashtra,1
1-721904704,JAIHIND COLLEGE OF ENGINEERING,"G. NO. 441, KURAN, TAL. JUNNAR, DIST. PUNE",PUNE,Unaided - Private,N,N,1-3287311,fetchdata,2012-2013,Engineering and Technology,1,1,1,1,Maharashtra,1
1-749250158,FLORA INSTITUTE OF TECHNOLOGY,"SR. NO.-49, 
VILLAGE - KHOPI,
TAL - BHOR,
DIST - PUNE",PUNE,Unaided - Private,N,N,1-456070991,fetchdata,2012-2013,Engineering and Technology,1,1,1,1,Maharashtra,1
1-761115102,SANMATI ENGINEERING COLLEGE,"SURVEY NO. 40
WASHIM-MALEGAON ROAD
AT. PO. SAWARGAON BARDE",WASHIM,Unaided - Private,N,Y,1-3640401,fetchdata,2012-2013,Engineering and Technology,1,1,1,1,Maharashtra,1
1-696625871,SMT INDIRA GANDHI COLLEGE OF ENGINEERING,"SECT-16, KOPARKHAIRANE, NAVI MUMBAI 400 709",THANE,Unaided - Private,N,N,1-5935221,fetchdata,2012-2013,Engineering and Technology,1,1,1,1,Maharashtra,1
1-695264951,ZEAL EUCATION SOCIETY'S DNYANGANGA POLYTECHNIC,"S NO 39 NARHE ,PUNE HAVELI",PUNE,Unaided - Private,N,N,1-425603821,fetchdata,2012-2013,Engineering and Technology,1,1,1,1,Maharashtra,1
1-696276231,HON SHRI BABANRAO PACHPUTE VICHARDHRA TRUST'S PARIKRAMA POLYTECHNIC,"A/P KASHTI,
TAL: SHRIGONDA,
DIST: AHMEDNAGAR
MAHARASHTRA 414701",AHMEDNAGAR,Unaided - Private,N,N,1-456333111,fetchdata,2012-2013,Engineering and Technology,1,1,1,1,Maharashtra,1
1-695510061,"MAHARASHTRA COLLEGE OF ENGINEERING, NILANGA","MAHARASHTRA COLLEGE OF ENGINEERING, 
MAIN ROAD, NILANGA DIST. LATUR 413521",LATUR,Unaided - Private,N,N,1-8033533,fetchdata,2012-2013,Engineering and Technology,1,1,1,1,Maharashtra,1
1-695645921,SINDHUDURG SHIKSHAN PRASARAK MANDAL'S COLLEGE OF ENGINEERING,"HARKUL(BUDRUK) KANKAVLI
TAL:KANKAVLI",SINDHUDURG,Unaided - Private,N,N,1-4527041,fetchdata,2012-2013,Engineering and Technology,1,1,1,1,Maharashtra,1
1-696118781,SMT. S. H. MANSUKHANI INSTITUTE OF TECHNOLOGY,"CHM CAMPUS,
OPPOSITE ULHASNAGAR RAILWAY STATION,
ULHASNAGAR",THANE,Unaided - Private,N,Y,1-423121635,fetchdata,2012-2013,Engineering and Technology,1,1,1,1,Maharashtra,1
1-696382650,CENTRAL INSTITUTE OF PLASTICS ENGINEERING & TECHNOLOGY,J-3/2 MIDC INDUSTRIAL AREA,AURANGABAD,Government,N,N,1-481299411,fetchdata,2012-2013,Engineering and Technology,1,1,1,1,Maharashtra,1
1-686261431,"HINDI SEVA MANDAL'S , SHRI SANT GADGE BABA COLLEGE OF ENGINEERING & TECHNOLOGY, BHUSAWAL.","NEAR Z.T.C., BHUSAWAL,
DIST.- JALGAON.
STATE-MAHARASHTRA",JALGAON,Unaided - Private,N,Y,1-3140633,fetchdata,2012-2013,Engineering and Technology,1,1,1,1,Maharashtra,1
1-685773951,AURANGABAD COLLEGE OF ENGINEERING,"GAT NO 52, TULJAPUR SHIVAR,",AURANGABAD,Unaided - Private,N,N,1-6223991,fetchdata,2012-2013,Engineering and Technology,1,1,1,1,Maharashtra,1
1-686329701,"SAU.SHANTIDEVI CHAVAN INSTITUTE OF ENGINEERING AND TECHNOLOGY,POLYTECHNIC","S.NO-94/3/1&2,
BHORAS,CHALISGAON,
DIST-JALGAON",JALGAON,Unaided - Private,N,N,1-459778831,fetchdata,2012-2013,Engineering and Technology,1,1,1,1,Maharashtra,1
1-686250701,"P.DR.V.V.P.INSTITUTE OF TECHONOLOGY & ENGINEERING (POLYTECHNIC), PRAVARANAGAR","A/P-LONI, TAL-RAHATA, DIST-AHMEDNAGAR (M.S.)",AHMEDNAGAR,Unaided - Private,N,N,1-421292021,fetchdata,2012-2013,Engineering and Technology,1,1,1,1,Maharashtra,1
1-783046151,SASMIRA'S INSTITUTE OF MAN-MADE TEXTILES,"SASMIRA, OFF SASMIRA MARG, WORLI, DR. ANNIE BESANT ROAD, MUMBAI - 400030",MUMBAI CITY,Govt aided,N,N,,fetchdata,2012-2013,Engineering and Technology,1,1,1,1,Maharashtra,1
1-697988941,MAHARASHTRA MUDRAN PARISHADS' INSTITUTE OF PRINTING TECHNOLOGY & RESEARCH,"PLOT NO. 3, SECTOR - 11, BALBHARATI MARG, KHANDA COLONY, NEW PANVEL, 410206",RAIGAD,Unaided - Private,N,N,1-539082885,fetchdata,2012-2013,Engineering and Technology,1,1,1,1,Maharashtra,1
1-698122321,SHRI SAI POLYTECHNIC,"NEAR KUNDAN PLAZA HOTEL, NAGPUR ROAD, CHANDRAPUR",CHANDRAPUR,Unaided - Private,N,N,1-413854521,fetchdata,2012-2013,Engineering and Technology,1,1,1,1,Maharashtra,1
1-722797695,UNIVERSAL COLLEGE OF ENGINEERING & RESEARCH,"GAT NO. 430, SASEWADI, TALUKA - BHOR,",PUNE,Unaided - Private,N,N,1-3101711,fetchdata,2012-2013,Engineering and Technology,1,1,1,1,Maharashtra,1
1-785546262,"GOVERNMENT POLYTECHNIC, GADCHIROLI","MIDC ROAD, INDALA, GADCHIROLI",GADCHIROLI,Government,N,N,1-478389881,fetchdata,2012-2013,Engineering and Technology,1,1,1,1,Maharashtra,1
1-704082554,"GOVERNMENT COLLEGE OF ENGINEERING, KARAD","VIDYANAGAR, KARAD-415124
DIST: SATARA, MAHARASHTRA",SATARA,Government,N,N,1-8833781,fetchdata,2012-2013,Engineering and Technology,1,1,1,1,Maharashtra,1
1-702019932,GOVERNMENT POLYTECHNIC MUMBAI,"49, KHERWADI ALIYAWAR JUNG MARG, BANDRA (EAST)
MUMBAI",MUMBAI SUBURBAN,Government,N,N,1-434680011,fetchdata,2012-2013,Engineering and Technology,1,1,1,1,Maharashtra,1
1-705235394,"SAHYADRI POLYTECHNIC, SAWARDE","A/P SAWARDE WAHAL PHATA, TECHNICAL CAMPUS,",RATNAGIRI,Unaided - Private,N,N,1-423856851,fetchdata,2012-2013,Engineering and Technology,1,1,1,1,Maharashtra,1
1-707549992,ST. FRANCIS INSTITUTE OF TECHNOLOGY (ENGG. COLLEGE),"MT. POINSUR, S.V.P. ROAD, MANDAPESHWAR VILLAGE, BORIVLI (W)",MUMBAI CITY,Unaided - Private,N,Y,1-4154841,fetchdata,2012-2013,Engineering and Technology,1,1,1,1,Maharashtra,1
1-705859657,G.H.RAISONI INSTITUTE OF ENGINEERING & MANAGEMENT,"GAT NO.57/1, SHIRSOLI ROAD, MOHADI",JALGAON,Unaided - Private,N,Y,1-6510076,fetchdata,2012-2013,Engineering and Technology,1,1,1,1,Maharashtra,1
1-701875302,"SVERI'S COLLEGE OF ENGINEERING, PANDHARPUR","P.B NO 54 GOPALPUR-RANJANI ROAD, GOPALPUR TAL.PANDHARPUR DIST.SOLAPUR 413304.",SOLAPUR,Unaided - Private,N,N,1-9554891,fetchdata,2012-2013,Engineering and Technology,1,1,1,1,Maharashtra,1
1-702373343,USHA MITTAL INSTITUTE OF TECHNOLOGY,"S.N.D.T WOMEN'S UNIVERSITY, 
SIR VITHAL DAS VIHAR, SANTACRUZ(W),
MUMBAI",MUMBAI CITY,University Managed,Y,N,1-41838661,fetchdata,2012-2013,Engineering and Technology,1,1,1,1,Maharashtra,1
1-808434212,VIDYA PRATISHTHAN'S POLYTECHNIC COLLEGE,"VIDYANAGARI, TARANGWADI",PUNE,Unaided - Private,N,N,1-440610371,fetchdata,2012-2013,Engineering and Technology,1,1,1,1,Maharashtra,1
1-705856262,ANJUMAN-I-ISLAM'S KALSEKAR TECHNICAL CAMPUS,"PLOT NOS. 2 & 3, SECTOR 16, KHANDAGAON, NEAR THANA NAKA",MUMBAI SUBURBAN,Unaided - Private,N,Y,1-482471901,fetchdata,2012-2013,Engineering and Technology,1,1,1,1,Maharashtra,1
1-702374325,"EKALAVYA SHIKSHAN SANSTHA'S POLYTECHNIC,PUNE","S.NO.68/3/1,PAUD ROAD,KOTHRUD,PUNE",PUNE,Unaided - Private,N,N,1-433830775,fetchdata,2012-2013,Engineering and Technology,1,1,1,1,Maharashtra,1
1-707626825,BALLARPUR INSTITUTE OF TECHNOLOGY,"MAUJA BAHMNI,RAJURA ROAD, TEHSIL BALLARPUR, DISTICT CHANDRAPUR.",CHANDRAPUR,Unaided - Private,N,N,1-7963511,fetchdata,2012-2013,Engineering and Technology,1,1,1,1,Maharashtra,1
1-707905212,"MODERN EDUCATION SOCIETY'S COLLEGE OF ENGINEERING, PUNE","WADIA COLLEGE CAMPUS, 19 LATE PRIN V K JOAG PATH, PUNE 411 001",PUNE,Unaided - Private,N,N,1-5105511,fetchdata,2012-2013,Engineering and Technology,1,1,1,1,Maharashtra,1
1-708586634,SAMARTH POLYTECHNIC,"A/P- BEHLE, (BANGARAWADI), TAL- JUNNAR, DIST -PUNE",PUNE,Unaided - Private,N,N,1-435426767,fetchdata,2012-2013,Engineering and Technology,1,1,1,1,Maharashtra,1
1-707941804,VITTHAL PATIL POLYTECHNIC,"A/P INAM DHAMNI, TAL:- MIRAJ, DIST:- SANGLI-416416",SANGLI,Unaided - Private,N,N,1-431174941,fetchdata,2012-2013,Engineering and Technology,1,1,1,1,Maharashtra,1
1-707921392,RAJIV GANDHI COLLEGE OF ENGINEERING AND RESEARCH,"WANADONGRI, HINGNA ROAD, NAGPUR",NAGPUR,Unaided - Private,N,N,1-8926061,fetchdata,2012-2013,Engineering and Technology,1,1,1,1,Maharashtra,1
1-708766796,SHRIRAM INSTITUTE OF ENGINEERING AND TECHNOLOGY CENTRE,"AT/P-PANIV, TAL-MALSHIRAS, DIST-SOLAPUR, STATE- MAHARASHTRA",SOLAPUR,Unaided - Private,N,N,1-7029521,fetchdata,2012-2013,Engineering and Technology,1,1,1,1,Maharashtra,1
1-708554102,GOVERNMENT POLYTECHNIC AURANGABAD,"OSMANPURA, AURANGABD",AURANGABAD,Government,N,N,1-493166031,fetchdata,2012-2013,Engineering and Technology,1,1,1,1,Maharashtra,1
1-708617792,"G.H.RAISONI ACADEMY OF ENGINEERING & TECHNOLOGY, NAGPUR","37-39/1, SHRADHA PARK, HINGNA-WADI  LINK ROAD,MIDC.",NAGPUR,Unaided - Private,N,Y,1-2742801,fetchdata,2012-2013,Engineering and Technology,1,1,1,1,Maharashtra,1
1-707886132,GODAVARI COLLEGE OF ENGINEERING,"PLOT NO. P-51, ADDL MIDC, BHUSAWAL ROAD, DR. ULHAS PATIL NAGAR,",JALGAON,Unaided - Private,N,N,1-6138871,fetchdata,2012-2013,Engineering and Technology,1,1,1,1,Maharashtra,1
1-709495473,"SANDIP FOUNDATION'S, SANDIP POLYTECHNIC","AT. POST MAHIRAVANI,
TRIMBAK ROAD",NASHIK,Unaided - Private,N,Y,1-450955961,fetchdata,2012-2013,Engineering and Technology,1,1,1,1,Maharashtra,1
1-707799559,SHREE DATTA POLYTECHNIC COLLEGE,"DATTANAGAR
416120
TAL:SHIROL
DIST:KOLHAPUR",KOLHAPUR,Unaided - Private,N,N,1-462450421,fetchdata,2012-2013,Engineering and Technology,1,1,1,1,Maharashtra,1
1-707605822,"KARMAVEER BHAURAO PATIL COLLEGE OF ENGINEERING & POLY ,SATARA","SADAR BAZAR, NEAR RTO OFFICE,SATARA MAHARASHTRA",SATARA,Unaided - Private,N,N,1-12527441,fetchdata,2012-2013,Engineering and Technology,1,1,1,1,Maharashtra,1
1-707716598,"SHIVAJIRAO DESAI COLLLEGE OF POLYTECHNIC,DAULATNAGAR","S.NO.149-1/2/3 DAULATNAGAR,A/P-DAULATNAGAR,TAL-PATAN,DIST-SATARA",SATARA,Unaided - Private,N,N,1-492801871,fetchdata,2012-2013,Engineering and Technology,1,1,1,1,Maharashtra,1
1-708613985,SKN SINHGAD INSTITUTE OF TECHNOLOGY & SCIENCE,"GAT NO 309, KUSGAON (BK.), OFF MUMBAI - PUNE EXPRESSWAY",PUNE,Unaided - Private,N,N,1-459215421,fetchdata,2012-2013,Engineering and Technology,1,1,1,1,Maharashtra,1
1-708556723,NANASAHEB  MAHADIK POLYTECHNIC INSTITUTE,GAT NO. 905 A/1 A/P - PETH NAKA,SANGLI,Unaided - Private,N,N,1-435886003,fetchdata,2012-2013,Engineering and Technology,1,1,1,1,Maharashtra,1
1-707688634,LEELAVATI AWHAD INSTITUTE OF TECHNOLOGY M S & R,"KANHOR, BADLAPUR (WEST)",THANE,Unaided - Private,N,N,1-10998561,fetchdata,2012-2013,Engineering and Technology,1,1,1,1,Maharashtra,1
1-797101161,DKTE SOCIETY'S YASHWANTRAO CHAVAN POLYTECHNIC,"R.S.NO. 644, SANGLI ROAD, NEAR ADINATH  SOCIETY, ICHALKARANJI",KOLHAPUR,Unaided - Private,N,N,,fetchdata,2012-2013,Engineering and Technology,1,1,1,1,Maharashtra,1
1-707640672,"SHRI GULABRAO DEOKAR COLLEGE OF ENGINEERING, JALGAON","GAT(SURVEY) NO.56, P.B. NO.113, SHIRSOLI ROAD, JALGAON",JALGAON,Unaided - Private,N,N,1-8286121,fetchdata,2012-2013,Engineering and Technology,1,1,1,1,Maharashtra,1
1-744895411,"S.B.PATIL POLYTECHNIC, INDAPUR","VILLAGE - VANGALI, PUNE SOLAPUR HIGHWAY, TAL - INDAPUR",PUNE,Unaided - Private,N,N,,fetchdata,2012-2013,Engineering and Technology,1,1,1,1,Maharashtra,1
1-708639152,JSPM'S DR.N.P.HIRANI INSTITUTE OF POLYTECHNIC,KARLA ROAD,YAVATMAL,Unaided - Private,N,N,1-470930961,fetchdata,2012-2013,Engineering and Technology,1,1,1,1,Maharashtra,1
1-707731754,SHRI.JAYWANTRAO BHOSALE POLYTECHNIC,"SURVEY, NO.319/1,320, KILLEMACHINDRAGAD TAL-WALWA DIST- SANGLI",SANGLI,Unaided - Private,N,N,1-509701431,fetchdata,2012-2013,Engineering and Technology,1,1,1,1,Maharashtra,1
1-708562972,JAMIA ISLAMIA ISHAATUL ULOOM JAMIA POLYTECHNIC,"MOLGI ROAD, AMLIBARI FATA",NANDURBAR,Unaided - Private,N,Y,1-448291871,fetchdata,2012-2013,Engineering and Technology,1,1,1,1,Maharashtra,1
1-708648578,"VIDYA VIKAS PRATISHTHAN INSTITUTE OF ENGINEERING & TECHNOLOGY,SOLAPUR","SOREGAON-DONGAON ROAD,SOREGAON,SOLAPUR-413004",SOLAPUR,Unaided - Private,N,N,1-4351754,fetchdata,2012-2013,Engineering and Technology,1,1,1,1,Maharashtra,1
1-709481882,NATH NANGE BABA MULTI PURPOSE MANDAL,"AT POST- WAGHARE 
TAL.- PAROLA, DIST.-JALGAON",JALGAON,Unaided - Private,N,N,1-510643281,fetchdata,2012-2013,Engineering and Technology,1,1,1,1,Maharashtra,1
1-708772032,KALYANI CHARITABLE TRUST'S LATE G.N.SAPKAL COLLEGE OF ENGINEERING,"SAPKAL KNOWLEDGE HUB,KALYANI HILLS,

ANJANERI-WADHOLI,TAL.TRIMBAKESHWAR,DIST.NASHIK (M.S.)

PIN-422 212",NASHIK,Unaided - Private,N,N,1-7351948,fetchdata,2012-2013,Engineering and Technology,1,1,1,1,Maharashtra,1
1-709412836,"SHRI RAMDEOBABA COLLEGE OF ENGINEERING AND MANAGEMENT, RAMDEO TEKDI, GITTIKHADAN, KATOL ROAD, NAGPUR","RAMDEO TEKDI, KATOL ROAD,
GITTIKHADAN,
NAGPUR",NAGPUR,Unaided - Private,N,Y,1-3638154,fetchdata,2012-2013,Engineering and Technology,1,1,1,1,Maharashtra,1
1-707568284,"ITM COLLEGE OF ENGINEERING, NAGPUR","KHASRA NO.180, GHORPAD (SHIRPUR), TAL-KAMPTEE, DIST-NAGPUR, MAHARASHTRA",NAGPUR,Unaided - Private,N,Y,1-3761141,fetchdata,2012-2013,Engineering and Technology,1,1,1,1,Maharashtra,1
1-707596913,MAHARASHTRA SHIKSHAN VIKAS MANDAL LOKNETE GOPALRAOJI GULWE POLYTECHNIC,"SURVEY NO.35/1/2A,
VILHOLI,
TAL:NASHIK
DIST:NASHIK",NASHIK,Unaided - Private,N,N,1-425988481,fetchdata,2012-2013,Engineering and Technology,1,1,1,1,Maharashtra,1
1-709418442,"CHH. SHIVAJI POLYTECHNIC,VADUJ","A/P.VADUJ
TAL. KHATAV
DIST. SATARA",SATARA,Unaided - Private,N,N,1-423118991,fetchdata,2012-2013,Engineering and Technology,1,1,1,1,Maharashtra,1
1-707870405,SF'S SANDIP INSTITUTE OF TECHNOLOGY AND RESEARCH CENTRE,"TRIMBAK ROAD, MAHIRAVANI, NASHIK - 422213, MAHARASHTRA",NASHIK,Unaided - Private,N,Y,1-2942871,fetchdata,2012-2013,Engineering and Technology,1,1,1,1,Maharashtra,1
1-708724502,"SATARA COLLEGE OF ENGINEERING & MANAGEMENT LIMB,SATARA","SURVEY NO. 989KA1/990, NH4, A/P-LIMB, T/D- SATARA",SATARA,Unaided - Private,N,N,1-6806714,fetchdata,2012-2013,Engineering and Technology,1,1,1,1,Maharashtra,1
1-773276002,"GOVERNMENT POLYTECHNIC, PEN","SHIVAJINAGAR, RAMWADI, PEN",RAIGAD,Government,N,N,1-502653541,fetchdata,2012-2013,Engineering and Technology,1,1,1,1,Maharashtra,1
1-709561542,SINHGAD ACADEMY OF ENGINEERING,"S.NO. 40, KONDHWA(BK), KONDHWA- SASWAD ROAD,
NEAR PMC OCTROI POST, PUNE-411048,
 MAHARASHTRA",PUNE,Unaided - Private,N,N,1-4676331,fetchdata,2012-2013,Engineering and Technology,1,1,1,1,Maharashtra,1
1-708974063,"SVERI'S ,COLLEGE OF ENGINEERING (POLYTECHNIC),PANDHARPUR","GOPALPUR -RANJANI ROAD, GOPALPUR, P.B. NO. 54, TAL - PANDHARPUR- 413 304,
DIST.-  SOLAPUR (MAHARASHTRA)",SOLAPUR,Unaided - Private,N,N,1-455434311,fetchdata,2012-2013,Engineering and Technology,1,1,1,1,Maharashtra,1
1-707589242,SHAH & ANCHOR KUTCHHI POLYTECHNIC,MAHAVIR EDUCATION TRUST CHOWK W.T.PATIL MARG NEXT TO DUKES CO.CHEMBUR MUMBAI 400 088.,MUMBAI SUBURBAN,Unaided - Private,N,Y,1-421236411,fetchdata,2012-2013,Engineering and Technology,1,1,1,1,Maharashtra,1
1-740992867,"UNIVERSITY INSTITUTE OF CHEMICAL TECHNOLOGY, NORTH MAHARASHTRA UNIVERSITY, JALGAON","NORTH MAHARASHTRA UNIVERSITY, UMAVI NAGAR P. O. BOX. NO. 80, JALGAON",JALGAON,University Managed,N,N,1-28467561,fetchdata,2012-2013,Engineering and Technology,1,1,1,1,Maharashtra,1
1-773805873,GOVERNMENT POLYTECHNICAL JALGAON,NATIONAL HIGHWAY NO 6 JILHAPETH JALGAON,JALGAON,Government,N,N,1-462258093,fetchdata,2012-2013,Engineering and Technology,1,1,1,1,Maharashtra,1
1-740038022,G. V. ACHARYA POLYTECHNIC,"VEERACHARYA TECHNICAL EDUCATION CAMPUS,
OPP. SHELU SUBURBAN RAILWAY STATION,
SHELU/DAMAT,",RAIGAD,Unaided - Private,N,N,1-435619581,fetchdata,2012-2013,Engineering and Technology,1,1,1,1,Maharashtra,1
1-740683912,"GOVERNMENT POYTECHNIC, THANE","OPP. BHARAT GEAR CO. LTD. PHADKE PADA, KHARDI GOAN, MUMBRA ( EAST )",THANE,Government,N,N,1-508835181,fetchdata,2012-2013,Engineering and Technology,1,1,1,1,Maharashtra,1
1-740674414,APURVA POLYTECHNIC,"GAT NO. 88/02,
RAWALGAON ROAD,
SELU-431503,
DIST-PARBHANI,
MAHARASHTRA",PARBHANI,Unaided - Private,N,N,1-475419225,fetchdata,2012-2013,Engineering and Technology,1,1,1,1,Maharashtra,1
1-740746612,VILASRAO DESHMUKH FOUNDATION GROUP OF INSTITUTIONS,"PLOT NO.165A,ADDITIONAL MIDC, NEAR TO MANJARA SUGAR,BARSHI ROAD,LATUR.",LATUR,Unaided - Private,N,N,1-20530371,fetchdata,2012-2013,Engineering and Technology,1,1,1,1,Maharashtra,1
1-740021435,G V ACHARYA INSTITUTE OF ENGINEERING AND TECHNOLOGY,"VERACHARYA TECHNICAL EDUCATION CAMPUS,  OPP. SHELU SUBURBAN RAILWAY STATION, SHELU/DAMAT,",RAIGAD,Unaided - Private,N,N,1-15804431,fetchdata,2012-2013,Engineering and Technology,1,1,1,1,Maharashtra,1
1-739626246,SHRI SHANKARRAO CHAVHAN INSTITUTE OF TECHNOLOGY,"SURVEY NO:- 55/2, 55/3, GADA",NAGPUR,Unaided - Private,N,N,1-445026491,fetchdata,2012-2013,Engineering and Technology,1,1,1,1,Maharashtra,1
1-741025664,SHRI SHIVAJI INSTITUTE OF ENGINEERING AND MANAGEMENT STUDIES,VASMAT ROAD,PARBHANI,Unaided - Private,N,N,1-3929271,fetchdata,2012-2013,Engineering and Technology,1,1,1,1,Maharashtra,1
1-741123026,SHIVAJIRAO S JONDHALE COLLEGE OF ENGINEERING,"BEHND VENKATESH PETROL PUMP, SONARPADA, DOMBIVLI EAST, TAL- KALYAN, DIST-THANE, PIN-421 204.",THANE,Unaided - Private,N,N,1-2891714,fetchdata,2012-2013,Engineering and Technology,1,1,1,1,Maharashtra,1
1-740961302,GANGAMAI COLLEGE OF ENGINEERING,AT POST NAGAON TAL. DIST. DHULE,DHULE,Unaided - Private,N,N,1-21313644,fetchdata,2012-2013,Engineering and Technology,1,1,1,1,Maharashtra,1
1-740979662,VIDYAVARDHINI INSTITUTE OF TECHNOLOGY,"A/P-PAL, TAL-BHUDARGAD,
DIST-KOLHAPUR,
PIN-416209.",KOLHAPUR,Unaided - Private,N,N,1-467753611,fetchdata,2012-2013,Engineering and Technology,1,1,1,1,Maharashtra,1
1-741090222,SHRI GURU GOBIND SINGHJI INSTITUTE OF ENGINEERING AND TECHNOLOGY,VISHNUPURI,NANDED,Govt aided,N,N,1-414200305,fetchdata,2012-2013,Engineering and Technology,1,1,1,1,Maharashtra,1
1-739741332,SAMARTH SAMAJ S.H.JONDHALE POLYTECHNIC,"SHASTRI NAGAR
OPP.RAILWAY
STATION
DOMBIVALI WEST",THANE,Unaided - Private,N,N,1-414224371,fetchdata,2012-2013,Engineering and Technology,1,1,1,1,Maharashtra,1
1-739696833,"ST. VINCENT PALLOTTI COLLEGE OF ENGG. & TECHNOLOGY, NAGPUR","GAVSI MANAPUR, WARDHA ROAD, NAGPUR 441108",NAGPUR,Unaided - Private,N,Y,1-8718443,fetchdata,2012-2013,Engineering and Technology,1,1,1,1,Maharashtra,1
1-754526009,"SHIVGANGA CHARITABLE TRUST, SANGLI'S VISHVESHWARYA TECHNICAL CAMPUS, FACULTY OF DEGREE ENGINEERING, ","AT / POST- PATGAON, MIRAJ-PANDHARPUR ROAD,",SANGLI,Unaided - Private,N,N,,fetchdata,2012-2013,Engineering and Technology,1,1,1,1,Maharashtra,1
1-741151485,MATA MAHAKALI POLYTECHNIC,"BYE PASS ROAD,WARORA",CHANDRAPUR,Unaided - Private,N,N,1-474573111,fetchdata,2012-2013,Engineering and Technology,1,1,1,1,Maharashtra,1
1-741305922,"SHRI BABULALJI AGNIHOTRI SCHOOL OF TECHNOLOGY, WARDHA","NAGTHANA RD. BYPASS HIGH WAY, SINDI (MEGHE), WARDHA",WARDHA,Unaided - Private,N,N,1-478264681,fetchdata,2012-2013,Engineering and Technology,1,1,1,1,Maharashtra,1
1-798608003,AIT TECHNICAL CAMPUS,"GUT NO-59,60,NAGAR ROAD,TOLL PLAZA,WALUJ,AURANGABAD.",AURANGABAD,Unaided - Private,N,N,1-450989561,fetchdata,2012-2013,Engineering and Technology,1,1,1,1,Maharashtra,1
1-742055732,INDIRA INSTITUTE OF DIPLOMA ENGINEERING,"A/P: SASURE-VAIRAG GAT NO. 67,DHENGALE-PATIL NAGAR TAL: BARSHI DIST: SOLAPUR",SOLAPUR,Unaided - Private,N,N,1-478133211,fetchdata,2012-2013,Engineering and Technology,1,1,1,1,Maharashtra,1
1-785752812,SIDDHARTH POLYTECHNIC,"672/1, SHEGAON ROAD",SANGLI,Unaided - Private,N,Y,1-463274081,fetchdata,2012-2013,Engineering and Technology,1,1,1,1,Maharashtra,1
1-742090512,COLLEGE OF ENGINEERING VAIRAG,AT/P- SASURE- VAIRAG ON SOLAPUR BARSHI STATE HIGHWAY TAL-BARSHI DIST-SOLAPUR PIN-413 402   MAHARASHTRA,SOLAPUR,Unaided - Private,N,N,1-17707261,fetchdata,2012-2013,Engineering and Technology,1,1,1,1,Maharashtra,1
1-739583225,DR.NANDKUMAR Y. TASGAONKAR POLYTECHNIC,"SAU. VANDANA N TASGAONKAR TECHNICAL EDUCATION COMPLEX, PLOT NO 14, VILLAGE-DIKSAL, POST-KOSHANE, KALYAN-KARJAT ROAD, OPP. BHIVPURI ROAD RAILWAY STATIO",RAIGAD,Unaided - Private,N,N,1-411224981,fetchdata,2012-2013,Engineering and Technology,1,1,1,1,Maharashtra,1
1-742607702,SANJAY EDUCATION SOCIETY'S POLYTECHNIC,A/P WADIBHOKAR,DHULE,Unaided - Private,N,N,1-429487061,fetchdata,2012-2013,Engineering and Technology,1,1,1,1,Maharashtra,1
1-741237162,SHRI TIRUPATI TANTRA NIKETAN,KESHAV NAGAR,AKOLA,Unaided - Private,N,N,1-483549151,fetchdata,2012-2013,Engineering and Technology,1,1,1,1,Maharashtra,1
1-742147862,METROPOLITAN INSTITUTE OF TECHNOLOGY AND MANAGEMENT,AT VILLAGE SUKHALWAD NEAR SINDHUDURG RLY. STATION POST ORAS TAL. MALVAN DIST. SINDHDURG,SINDHUDURG,Unaided - Private,N,N,1-461064671,fetchdata,2012-2013,Engineering and Technology,1,1,1,1,Maharashtra,1
1-744330912,NATIONAL POWER TRAINING INSTITUTE,SOUTH AMBAZARI ROAD GOPAL NAGAR,NAGPUR,Unaided - Private,N,N,1-12590881,fetchdata,2012-2013,Engineering and Technology,1,1,1,1,Maharashtra,1
1-744338962,"RAMCHANDRA SANSKRITIK KRIDA MANDAL'S SHRI R.D.BHAKT POLYTECHNIC COLLEGE,JALNA","DAREGAON ROAD, JALNA",JALNA,Unaided - Private,N,N,1-475591623,fetchdata,2012-2013,Engineering and Technology,1,1,1,1,Maharashtra,1
1-754393593,"PILLAIS INSTITUTE OF INFORMATION TECHNOLOGY, ENGG.MEDIA STUDIES & RESEARCH","DR. K. M. VASUDEVAN PILLAIS, SECTOR 16, NEW PANVEL, NAVI MUMBAI -410206",RAIGAD,Unaided - Private,N,Y,1-5772986,fetchdata,2012-2013,Engineering and Technology,1,1,1,1,Maharashtra,1
1-744465376,G. H. RAISONI POLYTECHNIC,"B-37/39-1, SHRADHA PARK, HINGNA-WADI LINK ROAD, NAGPUR-440028",NAGPUR,Unaided - Private,N,Y,1-462834281,fetchdata,2012-2013,Engineering and Technology,1,1,1,1,Maharashtra,1
1-744464252,KINKAR INSTITUTE OF TECHNOLOGY,"REHAKI ROAD, SELOO",WARDHA,Unaided - Private,N,N,1-441658691,fetchdata,2012-2013,Engineering and Technology,1,1,1,1,Maharashtra,1
1-742431562,"MATOSHRI AASARABAI POLYTECHNIC,EKLAHARE","EKLAHARE NEAR AURANGABAD HIGHWAY, ODHAGAON,TAL NASHIK",NASHIK,Unaided - Private,N,N,1-421103811,fetchdata,2012-2013,Engineering and Technology,1,1,1,1,Maharashtra,1
1-742741536,OM POLYTECHNIC COLLEGE,"SURVEY NO. 79 & 85, MOUZA - PARSODI, TAH. - UMRED, DIST. - NAGPUR",NAGPUR,Unaided - Private,N,N,1-437703501,fetchdata,2012-2013,Engineering and Technology,1,1,1,1,Maharashtra,1
1-744480121,SMT GEETA D TATKARE POLYTECHNIC,"AT- GOVE, POST- KOLAD,  TAL-ROHA, DIST- RAIGAD",RAIGAD,Unaided - Private,N,N,,fetchdata,2012-2013,Engineering and Technology,1,1,1,1,Maharashtra,1
1-742172483,LATE HON DASHARATHSETH RAOJI KAKADE RURAL INSTITUTE OF ENGINEERING & TECHNOLOGY,A/P: PIMPALWANDI,PUNE,Unaided - Private,N,N,1-459066431,fetchdata,2012-2013,Engineering and Technology,1,1,1,1,Maharashtra,1
1-742456564,SHREE SANT MUKTABAI INSTITUTE OF TECHNOLOGY (POLYTECHNIC),"BHIKAMCHAND JAIN NAGAR, PIMPRALA ROAD,
P.O. BOX NO. 132, JALGAON",JALGAON,Unaided - Private,N,N,1-478403761,fetchdata,2012-2013,Engineering and Technology,1,1,1,1,Maharashtra,1
1-746294052,P K TECHNICAL CAMPUS,"GAT NO. 714 ( OLD 1680)
AT: KADACHIWADI
CHAKAN, TALUKA:KHED
DISTRICT:PUNE-410501",PUNE,Unaided - Private,N,N,1-428206721,fetchdata,2012-2013,Engineering and Technology,1,1,1,1,Maharashtra,1
1-742116892,DR. MANOJ  A. SHETE COLLEGE OF ENGINEERING AND TCHNOLOGY,AT POST KASARA S. NO. 11(OLD 88) TAL. SHAHAPUR DIST. THANE,THANE,Unaided - Private,N,N,1-456075541,fetchdata,2012-2013,Engineering and Technology,1,1,1,1,Maharashtra,1
1-794138202,B.H.S.S.TRUST'S POLYTECHNIC,"BHAYGAON ROAD ,MALEGAON CAMP",NASHIK,Unaided - Private,N,N,1-441945611,fetchdata,2012-2013,Engineering and Technology,1,1,1,1,Maharashtra,1
1-798713112,GURU SAI POLYTECHNIC,"MOUZA - DATALA, RAMNAGAR, DATALA SQUARE, TAH. & DIST. - CHANDRAPUR",CHANDRAPUR,Unaided - Private,N,N,1-467476193,fetchdata,2012-2013,Engineering and Technology,1,1,1,1,Maharashtra,1
1-796790982,DR. ARUN MOTGHARE POLYTECHNIC,KOSRA-KONDHA,BHANDARA,Unaided - Private,N,N,1-420011951,fetchdata,2012-2013,Engineering and Technology,1,1,1,1,Maharashtra,1
1-722772353,DR.D.Y.PATL COLLEGE OF ENGINEERING,"A/P AMBI,TAL-MAVAL,DIST-PUNE 410506",PUNE,Unaided - Private,N,N,1-10447061,fetchdata,2012-2013,Engineering and Technology,1,1,1,1,Maharashtra,1
1-695170531,VIVEKANAND EDUCATION SOCIETY'S INSTITUTE OF TECHNOLOGY,"HASHU ADVANI MEMORIAL  COMPLEX,  COLLECTOR'S COLONY, R.C. MARG, CHEMBUR, MUMBAI - 400074",MUMBAI SUBURBAN,Unaided - Private,N,Y,1-7118101,fetchdata,2012-2013,Engineering and Technology,1,1,1,1,Maharashtra,1
1-695258551,LAXMINARAYAN AGRAWAL MEMORIAL INSTITUTE OF TECHNOLOGY,"ANJANSINGHI ROAD
JUNA DHAMANGAON",AMRAVATI,Unaided - Private,N,N,1-458331831,fetchdata,2012-2013,Engineering and Technology,1,1,1,1,Maharashtra,1
1-819593522,GOVERNMENT POLYTECHNIC AMRAVATI,"GADGE NAGAR, AMRAVATI",AMRAVATI,Government,N,N,1-468116611,fetchdata,2012-2013,Engineering and Technology,1,1,1,1,Maharashtra,1
1-721893162,KASEGAON EDUCATION SOCIETY'S POLYTECHNIC,"S.NO-35/4,VADAGAON SHINDE ROAD LOHAGAON ,TAL:- HAVELI,DIST:- PUNE.",PUNE,Unaided - Private,N,N,1-424572491,fetchdata,2012-2013,Engineering and Technology,1,1,1,1,Maharashtra,1
1-695313031,M.S BIDVE ENGINEERING COLLEGE,"P.O BOX NO. 112, VASWADI, BARSHI ROAD, LATUR-413531",LATUR,Unaided - Private,N,N,1-2061292,fetchdata,2012-2013,Engineering and Technology,1,1,1,1,Maharashtra,1
1-693715331,ADV. V. R. MANOHAR INSTITUTE OF DIPLOMA IN MEDICAL LABORATORY  TECHNOLOGY,"R-2, ELECTRONIC ZONE, M.I.D.C. NILDOH, HINGNA ROAD, NAGPUR",NAGPUR,Govt aided,N,N,1-451673051,fetchdata,2012-2013,Engineering and Technology,1,1,1,1,Maharashtra,1
1-693753021,"POONA DISTRICT EDUCATION ASSOCIATION S INSTITUTE OF TECHNOLOGY, HADAPSAR","A. M. COLLEGE CAMPUS, MAHADEO NAGAR, MANJARI ROAD, HADAPSAR",PUNE,Unaided - Private,N,N,1-412785161,fetchdata,2012-2013,Engineering and Technology,1,1,1,1,Maharashtra,1
1-722545542,SHIVNERI POLYTECHIC,"A/P - KHANAPUR, TAL - JUNNAR, DIST - PUNE.410502.
MAHARASHTRA STATE.",PUNE,Unaided - Private,N,N,1-434113021,fetchdata,2012-2013,Engineering and Technology,1,1,1,1,Maharashtra,1
1-697141571,ACHARYA VINOBA BHAVE INSTITUTE OF TECHNOLOGY,"S. NO. 320, CANAL ROAD,  PAWNAR,  WARDHA",WARDHA,Unaided - Private,N,N,1-4269393,fetchdata,2012-2013,Engineering and Technology,1,1,1,1,Maharashtra,1
1-722513833,"DNYANESHWAR POLYTECHNIC, BHANASHIVARE","AT POST BHANASHIVARE, TAL-NEWASA",AHMEDNAGAR,Unaided - Private,N,N,1-453861811,fetchdata,2012-2013,Engineering and Technology,1,1,1,1,Maharashtra,1
1-696345541,"MANDAR EDUCATION SOCIETY'S, RAJARAM SHINDE COLLEGE OF ENGINEERING,PEDHAMBE","AT PEDHAMBE, POST ALLORE,
TALLUKA:CHIPLUN,
DISTRICT:
RATNAGIRI,
STATE:CHIPLUN
PIN:415603",RATNAGIRI,Unaided - Private,N,N,1-4703945,fetchdata,2012-2013,Engineering and Technology,1,1,1,1,Maharashtra,1
1-697146101,ANURADHA POLYTECHNIC,"ANURADHA NAGAR,
SAKEGAON ROAD,
CHIKHLI",BULDHANA,Unaided - Private,N,N,1-457154461,fetchdata,2012-2013,Engineering and Technology,1,1,1,1,Maharashtra,1
1-802313742,SOMAYYA DIPLOMA IN ENGINEERING,"WADGAON WARD, CHANDRAPUR. (M.S.)",CHANDRAPUR,Unaided - Private,N,N,1-522899491,fetchdata,2012-2013,Engineering and Technology,1,1,1,1,Maharashtra,1
1-698117271,KARMVEER KAKASAHEB WAGH WOMENâS POLYTECHNIC,"HIRABAI HARIDAS VIDYANAGARI, AMRUTDHAM, PANCHAVATI.",NASHIK,Unaided - Private,Y,N,1-426127551,fetchdata,2012-2013,Engineering and Technology,1,1,1,1,Maharashtra,1
1-747829202,"GOURISHANKAR POLYTECHNIC, LIMB, SATARA","A/P LIMB, TALUKA & DIST. SATARA",SATARA,Unaided - Private,N,N,1-421836391,fetchdata,2012-2013,Engineering and Technology,1,1,1,1,Maharashtra,1
1-709908477,ALARD COLLEGE OF ENGINEERING & MANAGEMENT,"SURVAY  NO. 50, NEAR RAJEEV GANDHI INFOTECH PARK, PHASE II(HINJEWADI), MARUNJE, PUNE - 411057",PUNE,Unaided - Private,N,Y,1-6506121,fetchdata,2012-2013,Engineering and Technology,1,1,1,1,Maharashtra,1
1-709732632,AGNEL CHARITIES AGNEL POLYTECHNIC,"SECTOR-9A, VASHI,
NAVI MUMBAI
DIST.THANE.",THANE,Unaided - Private,N,N,1-435792081,fetchdata,2012-2013,Engineering and Technology,1,1,1,1,Maharashtra,1
1-710398504,VISHWAKARMA INSTITUTE OF INFORMATION TECHNOLOGY,"SURVEY NO. 3/4, KONDHWA (BUDRUK) 
PUNE -411048",PUNE,Unaided - Private,N,N,1-6647171,fetchdata,2012-2013,Engineering and Technology,1,1,1,1,Maharashtra,1
1-710416494,"SMT.SHARCHCHANDRIKA SURESH PATIL INSTITUTE OF TECHNOLOGY (POLYTECHNIC), CHOPDA","MGSM'S CAMPUS, YAWAL ROAD, CHOPDA",JALGAON,Unaided - Private,N,N,1-460448591,fetchdata,2012-2013,Engineering and Technology,1,1,1,1,Maharashtra,1
1-710492242,JAGADAMBHA COLLEGE OF ENGG & TECHNOLOGY,"SURVEY NO:167/1,167/2,
163
ARNI ROAD,KINHI YAVATMAL-445001",YAVATMAL,Unaided - Private,N,N,1-5911301,fetchdata,2012-2013,Engineering and Technology,1,1,1,1,Maharashtra,1
1-710498032,DR. DY PATIL GROUP OF INSTITUTIONS (TECHNICAL CAMPUS),"DR. D. Y. PATIL KNOWELDGE CITY, S. NO. 136, CHARHOLI (BK),
VIA LOHEGAON, TAL.- HAVELI",PUNE,Unaided - Private,N,N,1-3847411,fetchdata,2012-2013,Engineering and Technology,1,1,1,1,Maharashtra,1
1-710395412,J.T. MAHAJAN COLLEGE OF ENGINEERING,"JIVRAMNAGAR,
NHAVI-MARG, MSSK,
FAIZPUR,
TEHSIL - YAWAL, DISTRICT - JALGAON",JALGAON,Unaided - Private,N,N,1-2056282,fetchdata,2012-2013,Engineering and Technology,1,1,1,1,Maharashtra,1
1-710451342,G.H.RAISONI COLLEGE OF ENGINEERING AND MANAGEMENT,"GAT NO.1030, NAGAR PUNE HIGHWAY, CHAS, AHMEDNAGAR.",AHMEDNAGAR,Unaided - Private,N,Y,1-5943171,fetchdata,2012-2013,Engineering and Technology,1,1,1,1,Maharashtra,1
1-709546222,CUSROW WADIA INSTITUTE OF TECHNOLOGY,"19, BUND GARDEN ROAD, PUNE",PUNE,Govt aided,N,N,1-459095821,fetchdata,2012-2013,Engineering and Technology,1,1,1,1,Maharashtra,1
1-709717162,"Nagesh Karajagi Orchid College of Engineering and Technology, Solapur.","POST BOX NO. 154, GUT NO. 16, SOLAPUR-TULJAPUR ROAD, TALE HIPPARAGA, 
SOLAPUR.  TAHSIL- NORTH SOLAPUR, DIST. SOLAPUR. PIN CODE- 413 002.  MAHARASHTRA",SOLAPUR,Unaided - Private,N,N,1-2893356,fetchdata,2012-2013,Engineering and Technology,1,1,1,1,Maharashtra,1
1-710034462,"PROGRESSIVE EDUCATION SOCIETY'S MODERN COLLEGE OF ENGINEERING, PUNE","1186 A, SHIVAJINAGAR, OFF. J.M. ROAD, TAL: HAVELI, PUNE-411005, MAHARASHTRA, INDIA",PUNE,Unaided - Private,N,N,1-4779181,fetchdata,2012-2013,Engineering and Technology,1,1,1,1,Maharashtra,1
1-710515242,SANGHAVI COLLEGE OF ENGINEERING,"GUT NO.166, VARVANDI, TALUKA: DINDORI DIST.: NASHIK",NASHIK,Unaided - Private,N,N,1-461186721,fetchdata,2012-2013,Engineering and Technology,1,1,1,1,Maharashtra,1
1-709564623,K J COLLEGE OF ENGINEERING & MANAGEMENT RESEARCH,"SURVEY NO. 25&27 , PISOLI, NEAR BAPDEO GHAT,POST- YEWALEWADI TAL : HAVELI DIST : PUNE -411048",PUNE,Unaided - Private,N,N,1-4917161,fetchdata,2012-2013,Engineering and Technology,1,1,1,1,Maharashtra,1
1-778654402,"RAMRAO NIKAM POLYTECHNIC COLLEGE, INDOLI","A/P-INDOLI TAL-KARAD, DIST-SATARA",SATARA,Unaided - Private,N,N,1-455325061,fetchdata,2012-2013,Engineering and Technology,1,1,1,1,Maharashtra,1
1-710531502,MDA INSTITUTE OF POLYTECHNIC KOLPA,AT. KOLPA POST. KASARKHEDA TQ. & DIST. LATUR,LATUR,Unaided - Private,N,N,1-421236331,fetchdata,2012-2013,Engineering and Technology,1,1,1,1,Maharashtra,1
1-710613218,"SHIVAJI POLYTECHNIC COLLEGE, SANGOLA","SURVEY NO.76/1,77 ,SANGOLA-JATH ROAD SANGOLA",SOLAPUR,Unaided - Private,N,N,1-462213385,fetchdata,2012-2013,Engineering and Technology,1,1,1,1,Maharashtra,1
1-709906804,SIDDHIVINAYAK TECHNICAL CAMPUS,"GAT NO.133,134,140
                                                  SHEGAON-KHAMGAON ROAD, 
                                                  SHIRA",BULDHANA,Unaided - Private,N,N,1-465030131,fetchdata,2012-2013,Engineering and Technology,1,1,1,1,Maharashtra,1
1-710675802,WALCHAND COLLEGE OF ENGINEERING,"OPP. WILLINGDON COLLEGE POST OFFICE
VISHRAMBAG",SANGLI,Govt aided,N,N,1-4197831,fetchdata,2012-2013,Engineering and Technology,1,1,1,1,Maharashtra,1
1-710647176,PADMASHREE DR. D. Y. PATIL INSTITUTE OF ENGINEERING & TECHNOLOGY,"OPPOSITE HINDUSTAN ANTIBIOTICS FACTORY,
SANT TUKARAM NAGAR,
PIMPRI, PUNE. 
(MAHARASHTRA) PIN-411018",PUNE,Unaided - Private,N,N,1-3858524,fetchdata,2012-2013,Engineering and Technology,1,1,1,1,Maharashtra,1
1-747960162,DR. A.D.SHINDE INSTITUTE OF TECHNOLOGY,"GUDDAI, A/P BHADGAON, TAL. GADHINGLAJ, DIST. KOLHAPUR",KOLHAPUR,Unaided - Private,N,N,1-451985031,fetchdata,2012-2013,Engineering and Technology,1,1,1,1,Maharashtra,1
1-797444271,MAULANA AZAD POLYTECHNIC,"GAT NO.36/1A, AT POST-HOTGI, HOTGI-KUMBHARI ROAD, TAL- SOUTH SOLAPUR.",SOLAPUR,Unaided - Private,N,Y,,fetchdata,2012-2013,Engineering and Technology,1,1,1,1,Maharashtra,1
1-710678473,GOVERNMENT COLLEGE OF ENGINEERING AND RESEARCH,"AVASARI (KHURD)
TAL. AMBEGAON, DIST. PUNE",PUNE,Government,N,N,1-10063464,fetchdata,2012-2013,Engineering and Technology,1,1,1,1,Maharashtra,1
1-709670852,"GOVERNMENT COLLEGE OF ENGINEERING, CHANDRAPUR","BALLARPUR BYPASS, BABUPETH, OPP. PRASANNA PETROL PUMP CHANDRAPUR-442 403  MAHARASHTRA",CHANDRAPUR,Government,N,N,1-8194771,fetchdata,2012-2013,Engineering and Technology,1,1,1,1,Maharashtra,1
1-710681322,ADARSH INSTITUTE OF TECHNOLOGY & RESERCH CENTRE.,"A/P:- KHAMBALE(BHA),VITA. GAT NO. 421, TAL - KHANAPUR, DIST- SANGLI, PIN- 415311",SANGLI,Unaided - Private,N,N,1-4836141,fetchdata,2012-2013,Engineering and Technology,1,1,1,1,Maharashtra,1
1-710392052,R. C. PATEL INSTITUTE OF TECHNOLOGY,"NEAR NIMZARI NAKA,SHAHADA ROAD, SHIRPUR",DHULE,Unaided - Private,N,Y,1-14601229,fetchdata,2012-2013,Engineering and Technology,1,1,1,1,Maharashtra,1
1-709652412,MANOHARBHAI PATEL INSTITUTE OF ENGINEERING & TECHNOLOGY,"KUDWA,
GONDIA 441614 (M.S.)",GONDIA,Unaided - Private,N,N,1-5372991,fetchdata,2012-2013,Engineering and Technology,1,1,1,1,Maharashtra,1
1-709674846,MPES RADIO ELECTRIC INSTITUTE,"394, LAMINGTON CHAMBERS, 
DR BHADKAMKAR ROAD,",MUMBAI CITY,Unaided - Private,N,N,1-442018681,fetchdata,2012-2013,Engineering and Technology,1,1,1,1,Maharashtra,1
1-801247281,MANAJIRAJE BHOSALE TECHNICAL CAMPUS (FACULTY OF ENGINEERING),"ISALMPUR-SANGLI ROAD,URUN ISLAMPUR,TAL.-WALWA,DIST.-SANGLI.",SANGLI,Unaided - Private,N,N,,fetchdata,2012-2013,Engineering and Technology,1,1,1,1,Maharashtra,1
1-709533314,TRINITY COLLEGE OF ENGINEERING & RESEARCH,"KONDHAWA-SASWAD ROAD, S. NO. 25 & 27, POST: PISOLI, POST/OFFICE: YEWALEWADI(BOPDEV GHAT), TAL: HAVELI, DIST: PUNE",PUNE,Unaided - Private,N,N,1-6066612,fetchdata,2012-2013,Engineering and Technology,1,1,1,1,Maharashtra,1
1-709950157,"SWAMI VIVEKANAND INSTITUTE OF TECHNOLOGY (POLYTECHNIC), SOLAPUR","GAT NO. 16/2, SOLAPUR-BARSHI ROAD, A/P. KHED, TALUKA- NORTH SOLAPUR.",SOLAPUR,Unaided - Private,N,N,1-458405201,fetchdata,2012-2013,Engineering and Technology,1,1,1,1,Maharashtra,1
1-709539111,"MARATHWADA INSTITUTE OF TECHNOLOGY, POLYTECHNIC ROTEGAON","AT. POST. ROTEGAON, NEAR RAILWAY STATION, TQ:VAIJAPUR, DIST:AURANGABAD",AURANGABAD,Unaided - Private,N,N,1-430159691,fetchdata,2012-2013,Engineering and Technology,1,1,1,1,Maharashtra,1
1-711363373,DON BOSCO INSTITUTE OF TECHNOLOGY,"PREMIER AUTOMOBILES ROAD, KURLA W - MUMBAI - 400 070",MUMBAI SUBURBAN,Unaided - Private,N,Y,1-2942301,fetchdata,2012-2013,Engineering and Technology,1,1,1,1,Maharashtra,1
1-710789322,PURANDAR COLLEGE OF ENGINEERING & MANAGEMENT RESEARCH,"S.NO.25 & 27,AT-PISOLI,POST-YEWALEWADI,NEAR BOPDEVGHAT,TAL-HAVELI,PUNE.",PUNE,Unaided - Private,N,N,1-3450001,fetchdata,2012-2013,Engineering and Technology,1,1,1,1,Maharashtra,1
1-711542643,"VISHWABHARATI ACADEMY'S COLLEGE OF ENGINEERING, AHMEDNAGAR","GAT NO. 171, 145/1, 2
VILLAGE SAROLA BADDI,
JAMKHED ROAD,
TQ. AHMEDNAGAR
DIST.  AHMEDNAGAR",AHMEDNAGAR,Unaided - Private,N,N,1-7718584,fetchdata,2012-2013,Engineering and Technology,1,1,1,1,Maharashtra,1
1-711589515,GENBA SOPANRAO MOZE COLLEGE OF ENGINEERING,"S. NO. 25/1/3, BALEWADI,PUNE",PUNE,Unaided - Private,N,N,1-2055561,fetchdata,2012-2013,Engineering and Technology,1,1,1,1,Maharashtra,1
1-714129406,"DHOLE PATIL EDUCATION SOCIETY'S, DHOLE PATIL COLLEGE OF ENGINEERING.","1284, UBALE NAGAR, WAGHOLI, PUNE - 412207.",PUNE,Unaided - Private,N,N,1-7337111,fetchdata,2012-2013,Engineering and Technology,1,1,1,1,Maharashtra,1
1-714167571,"SHRI SOMESHWAR SHIKSHAN PRASARAK MANDALS, SOMESHWAR ENGINEERING COLLEGE","GAT.NO. 53, WAGHALWADI, POST SOMESHWARNAGAR,
TAL-BARAMATI, DIST PUNE.",PUNE,Unaided - Private,N,N,,fetchdata,2012-2013,Engineering and Technology,1,1,1,1,Maharashtra,1
1-710757420,N. B. NAVALE SINHGAD COLLEGE OF ENGINEERING,"AT POST KEGAON, SOLAPUR - PUNE NATIONAL HIGHWAY, DIST SOLAPUR, MAHARASHTRA,  PIN- 413256",SOLAPUR,Unaided - Private,N,N,1-2945211,fetchdata,2012-2013,Engineering and Technology,1,1,1,1,Maharashtra,1
1-711404733,NUTAN MAHARASHTRA VIDYA POLYTECHNIC,"""VISHNUPURI"",TALEGAON DABHADE , TALEGAON STATION TAL MAVAL DIST PUNE",PUNE,Unaided - Private,N,N,1-413241561,fetchdata,2012-2013,Engineering and Technology,1,1,1,1,Maharashtra,1
1-787158084,LATE.JULALSING MANGTU COLLEGE OF ENGINEERING {DIPLOMA},25/A PATNADEVI ROAD VALTHAN,JALGAON,Unaided - Private,N,N,1-449922591,fetchdata,2012-2013,Engineering and Technology,1,1,1,1,Maharashtra,1
1-711397923,"GOVERNMENT COLLEGE OF ENGINEERING ,JALGAON(M.S.)","NH-6,OPPOSITE TO DIC OFFICE,JALGAON -425002
MAHARASHTRA",JALGAON,Government,N,N,1-5025816,fetchdata,2012-2013,Engineering and Technology,1,1,1,1,Maharashtra,1
1-711669006,"GURUKUL POLYTECHNIC NAGRA,GONDIA","AT+PO:NAGRA
TAL:GONDIA
DIST:GONDIA",GONDIA,Unaided - Private,N,N,1-458456931,fetchdata,2012-2013,Engineering and Technology,1,1,1,1,Maharashtra,1
1-712690422,AJITDADA PAWAR COLLEGE OF POLYTECHNIC,"SURVEY NO. 3&6/2, SHRIRAMPUR - NEWASA ROAD,      A/P: WADALA MAHADEV;
TAL: SHRIRAMPUR;
DIST: AHMEDNAGAR",AHMEDNAGAR,Unaided - Private,N,N,1-426033711,fetchdata,2012-2013,Engineering and Technology,1,1,1,1,Maharashtra,1
1-712456095,MARATHWADA MITRA MANDAL'S COLLEGE OF ENGINEERING,"SR.NO 18, PLOT NO.5/3,KARVENAGAR, PUNE 411 052",PUNE,Unaided - Private,N,N,1-8323471,fetchdata,2012-2013,Engineering and Technology,1,1,1,1,Maharashtra,1
1-711528603,NIT'S LATE ANNASAHEB PATIL POLYTECHNIC,"SVR. NO.155 /1A , HIRAWADI , BEHIND HYDRO DIVISION ,CANOL ROAD ,PANCHAVATI",NASHIK,Unaided - Private,N,N,1-431327121,fetchdata,2012-2013,Engineering and Technology,1,1,1,1,Maharashtra,1
1-714167354,RASIKLAL M. DHARIWAL SINHGAD TECHNICAL INSTITUTES CAMPUS,"111/1 WARJE, OFF KATRAJ - DEHUROAD BYEPASS, TALUKA HAVELI",PUNE,Unaided - Private,N,N,1-450175511,fetchdata,2012-2013,Engineering and Technology,1,1,1,1,Maharashtra,1
1-711688972,SIDDHANT COLLEGE OF ENGINEERING,"GAT NO. 131
VILLAGE : SUDUMBARE, TALEGAON CHAKAN ROAD, TALUKA : MAVAL, DISTRICT : PUNE - 412109",PUNE,Unaided - Private,N,Y,1-3836111,fetchdata,2012-2013,Engineering and Technology,1,1,1,1,Maharashtra,1
1-711838084,SHARADCHANDRA PAWAR COLLEGE OF ENGINEERING,"AT. DUMBARWADI , POST. KHAMUNDI, TAL- JUNNAR, DIST- PUNE 412409",PUNE,Unaided - Private,N,N,1-6092911,fetchdata,2012-2013,Engineering and Technology,1,1,1,1,Maharashtra,1
1-711889994,SHARADCHANDRA PAWAR INSTITUTE OF ENGINEERING & TECHNOLOGY,"AT-KHAMUNDI, PO-DUMBARWADI, TAL- JUNNAR, DIST-PUNE 412 409",PUNE,Unaided - Private,N,N,1-455617021,fetchdata,2012-2013,Engineering and Technology,1,1,1,1,Maharashtra,1
1-712386406,LOKMANYA TILAK COLLEGE OF ENGINEERING,"SECTOR-4,KOPARKHAIRANE,
PLOT NO.17,18 & 19,
NAVI MUMBAI",MUMBAI CITY,Unaided - Private,N,Y,1-6317941,fetchdata,2012-2013,Engineering and Technology,1,1,1,1,Maharashtra,1
1-712666962,ISB&M SCHOOL OF  TECHNOLOGY,"SURVEY NO.44/1, 44/1/2, NANDE VILLAGE",PUNE,Unaided - Private,N,N,1-4351941,fetchdata,2012-2013,Engineering and Technology,1,1,1,1,Maharashtra,1
1-711605077,SSBT'S COLLEGE OF ENGINEERING & TECHNOLOGY,"POST BOX NO. 94
N.H. 6, BAMBHORI, JALGAON 425 001
MAHARASHTRA STATE",JALGAON,Unaided - Private,N,N,1-8773881,fetchdata,2012-2013,Engineering and Technology,1,1,1,1,Maharashtra,1
1-800693881,"GOVERNMENT RESIDENTIAL WOMENS POLYTECHNIC COLLEGE,YAVATMAL","DHAMANGAO ROAD,YAVATMAL",YAVATMAL,Government,Y,N,,fetchdata,2012-2013,Engineering and Technology,1,1,1,1,Maharashtra,1
1-712704063,SWVSM'S TATYASAHEB KORE INSTITUTE OF ENGINEERING AND TECHNOLOGY,"TATYASAHEB KORE INSTITUTE OF ENGINEERING AND TECHNOLOGY, WARANANAGAR, TAL.: PANHALA, 
DIST.: KOLHAPUR",KOLHAPUR,Unaided - Private,N,N,1-3674181,fetchdata,2012-2013,Engineering and Technology,1,1,1,1,Maharashtra,1
1-712740246,"PADMABHOOSHAN VASANTDADA PATIL INSTITUTE OF TECHNOLOGY, PUNE","SR. NO. 33/22, BAVDHAN (KHURD)
OFF PIRANGUT ROAD,
NEAR CHANDANI CHOWK,
BAVDHAN, PUNE 21",PUNE,Unaided - Private,N,N,1-4068259,fetchdata,2012-2013,Engineering and Technology,1,1,1,1,Maharashtra,1
1-712368334,"SHRI. SOMESHWAR  SHIKSHAN  PRASARAK MANDALS ,SOMESHWAR POLYTECHNIC COLLEGE","GAT. NO.-53,WAGHALWADI,POST-SOMESHWARNAGAR,TAL-BARAMATI,DIST-PUNE,412306",PUNE,Unaided - Private,N,N,1-433763741,fetchdata,2012-2013,Engineering and Technology,1,1,1,1,Maharashtra,1
1-711652163,ALL INDIA SHRI SHIVAJI MEMORIAL SOCIETYS POLYTECHNIC,"KENNEDY ROAD, NEAR RTO,
PUNE-411001",PUNE,Unaided - Private,N,N,1-457130041,fetchdata,2012-2013,Engineering and Technology,1,1,1,1,Maharashtra,1
1-711590505,NASHIK DISTRICT MARATHA VIDYA PRASARAK SAMAJ'S  KARMAVEER BABURAO GANPATRAO THAKARE COLLEGE OF ENGIN,"UDOJI MARATHA BOARDING CAMPUS, NEAR PUMPING STATION, GANGAPUR ROAD, NASHIK-422013, MAHARASHTRA",NASHIK,Unaided - Private,N,N,1-3565901,fetchdata,2012-2013,Engineering and Technology,1,1,1,1,Maharashtra,1
1-712321942,PIMPRI CHINCHWAD COLLEGE OF ENGINEERING,"SECTOR NO 26,PRADHIKARAN,NIGADI,PUNE 44",PUNE,Unaided - Private,N,N,1-6028469,fetchdata,2012-2013,Engineering and Technology,1,1,1,1,Maharashtra,1
1-712435002,VIVA INSTITUTE OF TECHNOLOGY,"AT:- SHIRGAON, POST:- VIRAR (EAST),
TAL:- VASAI, DIST:- THANE.",THANE,Unaided - Private,N,N,1-7468271,fetchdata,2012-2013,Engineering and Technology,1,1,1,1,Maharashtra,1
1-714289972,NBN SINHGAD TECHNICAL INSTITUTES CAMPUS,"10/1 AMBEGAON (BK), TALUKA HAVELI, DIST. PUNE 411041",PUNE,Unaided - Private,N,N,1-461491971,fetchdata,2012-2013,Engineering and Technology,1,1,1,1,Maharashtra,1
1-714250912,BHARATI VIDYAPEETH'S JAWAHARLAL NEHRU INSTITUTE OF TECHNOLOGY,"PUNE SATARA ROAD, DHANKAWADI",PUNE,Unaided - Private,N,N,1-414751622,fetchdata,2012-2013,Engineering and Technology,1,1,1,1,Maharashtra,1
1-710887442,SHANKARRAO DHAWAD POLYTECHNIC,"RAJIV NAGAR, SOMALWADA, WARDHA ROAD, NAGPUR",NAGPUR,Unaided - Private,N,N,1-447854691,fetchdata,2012-2013,Engineering and Technology,1,1,1,1,Maharashtra,1
1-712442772,INSTITUTE OF TECHNOLOGY AND ENGINEERING,MALEGAON (BK),PUNE,Unaided - Private,N,N,1-454208831,fetchdata,2012-2013,Engineering and Technology,1,1,1,1,Maharashtra,1
1-711829392,SHREE RAMCHANDRA COLLEGE OF ENGINNERING,"GUT NO-351/353, AT POST LONIKAND, TAL HAVELI, DIST PUNE.",PUNE,Unaided - Private,N,N,1-423117483,fetchdata,2012-2013,Engineering and Technology,1,1,1,1,Maharashtra,1
1-711603262,SARASWATI EDUCATION SOCIETY'S GROUP OF INSTITUTIONS FACULTY OF ENGINEERING AND FACULTY OF MANAGEMENT,"SA. VANDANA N. TASGAONKAR TECHNICAL EDUCATION COMPLEX, PLOT. NO. 14, VILLAGE- DIKSAL, POST-KOSHANE, KALYAN-KARJAT ROAD, OPP. BHIPURI ROAD RAILWAY STAT",RAIGAD,Unaided - Private,N,N,1-4247206,fetchdata,2012-2013,Engineering and Technology,1,1,1,1,Maharashtra,1
1-712441799,P.E.S. COLLEGE OF ENGINEERING,"UNIVERSITY ROAD, NEAR PANCHAKKI, NAGSENVANA,",AURANGABAD,Unaided - Private,N,N,1-3929261,fetchdata,2012-2013,Engineering and Technology,1,1,1,1,Maharashtra,1
1-713493762,S K N SINHGAD COLLEGE OF ENGINEERING,"AT POST KORTI, TALUKA PANDHARPUR, PANDHARPUR - KARAD ROAD, DIST SOLAPUR -413304",SOLAPUR,Unaided - Private,N,N,1-6343361,fetchdata,2012-2013,Engineering and Technology,1,1,1,1,Maharashtra,1
1-711866943,JSPM'S BHIVRABAI SAWANT POLYTECHNIC,"GAT NO.720,1&2 BAKORI PHATA PUNE-NAGAR ROAD, WAGHOLI",PUNE,Unaided - Private,N,N,1-412310651,fetchdata,2012-2013,Engineering and Technology,1,1,1,1,Maharashtra,1
1-711912662,THE PEOPLES EDUCATION SOCIETY'S DIPLOMA COLLEGE OF ENGINEERING & TECHNOLOGY,"BEHIND POLICE QUARTERS, A/P. TAL. JMAKHED DIST. AHMEDNAGAR.",AHMEDNAGAR,Unaided - Private,N,N,1-428165701,fetchdata,2012-2013,Engineering and Technology,1,1,1,1,Maharashtra,1
1-712735939,BHAGWANT INSTITUTE OF TECHNOLOGY,"GAT NUMBER â 1239/4/2,1240/4/2,1242/2, BARSHI,",SOLAPUR,Unaided - Private,N,N,1-475800583,fetchdata,2012-2013,Engineering and Technology,1,1,1,1,Maharashtra,1
1-714113742,SHARADCHANDRAJI PAWAR POLYTECHNIC COLLEGE,"NEAR VIDEOCON COMMUNICATION LTD, BEED HIGHWAY ROAD,BHALGAON,DIST: AURANGABAD,431005",AURANGABAD,Unaided - Private,N,N,1-475136291,fetchdata,2012-2013,Engineering and Technology,1,1,1,1,Maharashtra,1
1-711890734,RAMRAO ADIK INSTITUTE OF TECHNOLOGY,"DR D. Y. PATIL, VIDYANAGAR, SECTOR 7, NERUL",THANE,Unaided - Private,N,N,1-4274281,fetchdata,2012-2013,Engineering and Technology,1,1,1,1,Maharashtra,1
1-711874042,JAYAWANTRAO SAWANT POLYTECHNIC,"SR.NO.58,  HANDEWADI ROAD, HADAPSAR",PUNE,Unaided - Private,N,N,1-465949211,fetchdata,2012-2013,Engineering and Technology,1,1,1,1,Maharashtra,1
1-748189164,BALASAHEB MHATRE POLYTECHNIC,"BADLAPUR(W), AT KANHOR , TALUKA AMBERNATH DIST THANE",THANE,Unaided - Private,N,N,1-450326751,fetchdata,2012-2013,Engineering and Technology,1,1,1,1,Maharashtra,1
1-747512852,SHIVAJIRAO S. JONDHLE COLLEGE OF ENGINEERING &TECHNOLOGY,"AT ASANGAON, OPP RAILWAY STATION, ASANGAON TAL SHAHAPUR DIST THANE",THANE,Unaided - Private,N,N,1-21309801,fetchdata,2012-2013,Engineering and Technology,1,1,1,1,Maharashtra,1
1-747673805,"SHREEYASH PRATISHTHAN'S SHREEYASH POLYTECHNIC, AURANGABAD.","GUT NO. 258(P), SATARA TANDA, AURANGABAD-431005 DIST: AURANGABAD MAHARASHTRA",AURANGABAD,Unaided - Private,N,N,1-449988223,fetchdata,2012-2013,Engineering and Technology,1,1,1,1,Maharashtra,1
1-748051295,G H RAISONI POLYTECHNIC,"ANJANGAON BARI ROAD,",AMRAVATI,Unaided - Private,N,Y,1-445372741,fetchdata,2012-2013,Engineering and Technology,1,1,1,1,Maharashtra,1
1-747196942,RAJESHKUMAR WADHWAN POLYTECHNIC INSTITUTE,AT: KONGHARA   POST : PIMPRI  TAL : KELAPUR,YAVATMAL,Unaided - Private,N,N,1-473828641,fetchdata,2012-2013,Engineering and Technology,1,1,1,1,Maharashtra,1
1-763089390,"GOVERNMENT POLYTECHNIC, NANDED","VEER SAWARKAR MARG, BABA NAGAR,",NANDED,Government,N,N,1-503069261,fetchdata,2012-2013,Engineering and Technology,1,1,1,1,Maharashtra,1
1-746355389,SURYODAYA COLLEGE OF ENGINEERING & TECHNOLOGY,"SURVEY NO. 117/1 & 117/3 A, VIHIRGAON,",NAGPUR,Unaided - Private,N,N,1-6595181,fetchdata,2012-2013,Engineering and Technology,1,1,1,1,Maharashtra,1
1-748187502,RAJARSHEE SHAHU MAHARAJ POLYTECHNIC KOTHARI (CHI.) TQ.KINWAT DIST.NANDED.,"SURVEY NO. 52, KOTHARI (CHI.)",NANDED,Unaided - Private,N,Y,1-513460971,fetchdata,2012-2013,Engineering and Technology,1,1,1,1,Maharashtra,1
1-857295374,KAI.PARSHURAMJI JADHAV ENGINEERING  COLLEGE,"AT-KONHALI
.POST-KARJAL TAL-AKKALKOT DIST-SOLAPUR",SOLAPUR,Unaided - Private,N,N,1-504269371,fetchdata,2012-2013,Engineering and Technology,1,1,1,1,Maharashtra,1
1-774380822,DR. UTTAMRAO MAHAJAN INSTITUTE OF ENGINEERING & TECHNOLOGY (DIPLOMA),"BILAKHED SHIVAR, TAL. CHALISGAON DIST. JALGAON-424101",JALGAON,Unaided - Private,N,N,1-496291671,fetchdata,2012-2013,Engineering and Technology,1,1,1,1,Maharashtra,1
1-747374582,"MATSYODARI SHIKSHAN SANSTHA'S COLLEGE OF ENGINEERING AND TECHNOLOGY, JALNA","AURANGABAD ROAD,
NAGEWADI",JALNA,Unaided - Private,N,N,1-18902034,fetchdata,2012-2013,Engineering and Technology,1,1,1,1,Maharashtra,1
1-749659492,GOURISHIV POLYTECHNIC KHATAV,"GAT NO. 1230 
A/P-KHATAV
TAL-KHATAV
DIST-SATARA",SATARA,Unaided - Private,N,N,1-449881911,fetchdata,2012-2013,Engineering and Technology,1,1,1,1,Maharashtra,1
1-749926723,SHRI SHIVAJI POLYTECHNIC INSTITUTE,WASMAT ROAD,PARBHANI,Unaided - Private,N,N,1-478264351,fetchdata,2012-2013,Engineering and Technology,1,1,1,1,Maharashtra,1
1-747197332,ARVIND GAVALI COLLEGE OF ENGINEERING,"GAT NO. 247, PANMALEWADI, POST - VARYE,",SATARA,Unaided - Private,N,N,1-4210711,fetchdata,2012-2013,Engineering and Technology,1,1,1,1,Maharashtra,1
1-749356323,"GOVERNMENT POLYTECHNIC, AWASARI (KHURD)","AT POST- AWASARI (KHURD), TAL- AMBEGAON, DIST- PUNE",PUNE,Government,N,N,1-475026781,fetchdata,2012-2013,Engineering and Technology,1,1,1,1,Maharashtra,1
1-750839442,AGNIHOTRI POLYTECHNIC,"NAGTHANA ROAD, NEAR BYPASS HIGHWAY, SINDI (MEGHE), WARDHA",WARDHA,Unaided - Private,N,N,1-463964011,fetchdata,2012-2013,Engineering and Technology,1,1,1,1,Maharashtra,1
1-750204763,"GOVERNMENT POLYTECHNIC, AMBAD.","MHADA COLONY, PACHOD ROAD, AMBAD.",JALNA,Government,N,N,1-506482491,fetchdata,2012-2013,Engineering and Technology,1,1,1,1,Maharashtra,1
1-749485309,GOVERNMENT POLYTECHNIC PUNE,"UNIVERSITY ROAD,GANESHKHID,PUNE",PUNE,Government,N,N,1-492904741,fetchdata,2012-2013,Engineering and Technology,1,1,1,1,Maharashtra,1
1-749901732,SHRI.SURESHCHANDRA DHARIWAL POLYTECHNIC,"GUT NO 86/1/2 & 86/2/1 
AT VILAGE PALASKHEDE (BK) TAL JAMNER 
DIST JALGAON 
PIN CODE 424206",JALGAON,Unaided - Private,N,Y,1-464922281,fetchdata,2012-2013,Engineering and Technology,1,1,1,1,Maharashtra,1
1-750835842,DR. N. J. PAULBUDHE INSTITUTE OF TECHNOLOGY,"SURVEY NO. 479, A/P- NARAYANDOHO, TAL, DIST- AHMEDNAGAR",AHMEDNAGAR,Unaided - Private,N,N,1-474113981,fetchdata,2012-2013,Engineering and Technology,1,1,1,1,Maharashtra,1
1-749192812,"INS SHIVAJI, CENTRE OF MARINE ENGINEERING TECHNOLOGY",I.N.S. SHIVAJI,PUNE,Government,N,N,1-455915773,fetchdata,2012-2013,Engineering and Technology,1,1,1,1,Maharashtra,1
1-750862882,AGNIHOTRI SCHOOL OF TECHNOLOGY,"AGNIHOTRI COLLEGE CAMPUS, BAPUJI WADI , RAMNAGAR, WARDHA",WARDHA,Unaided - Private,N,N,1-464255611,fetchdata,2012-2013,Engineering and Technology,1,1,1,1,Maharashtra,1
1-750901575,NUVA COLLEGE OF ENGINEERING & TECHNOLOGY,"NAGPUR KATOL HIGHWAY, KHAPRI (KOTHE), TAH. KALMESHWAR, DIST. NAGPUR",NAGPUR,Unaided - Private,N,N,1-15322531,fetchdata,2012-2013,Engineering and Technology,1,1,1,1,Maharashtra,1
1-751048135,"GOVERNMENT RESIDENCE WOMEN POLYTECHNIC, TASGAON","MANE RAJURI ROAD, TASGAON",SANGLI,Government,Y,N,1-444179601,fetchdata,2012-2013,Engineering and Technology,1,1,1,1,Maharashtra,1
1-748979902,NIT POLYTECHNIC,"SURVEY NO. 13/2, MAHURZARI, NEAR FETRI, KATOL ROAD, NAGPUR",NAGPUR,Unaided - Private,N,N,1-407026971,fetchdata,2012-2013,Engineering and Technology,1,1,1,1,Maharashtra,1
1-747838252,"SHARAD INSTITUTE OF TECHNOLOGY, POLYTECHNIC, YADRAV","GAT NO. 476/A, JAY-SANGLI NAKA, YADRAV-ICHALKARANJI, TAL- SHIROL,DIST - KOLHAPUR",KOLHAPUR,Unaided - Private,N,N,1-415341911,fetchdata,2012-2013,Engineering and Technology,1,1,1,1,Maharashtra,1
1-750389393,DR BABASAHEB AMBEDKAR TECHNOLOGICAL UNIVERSITY INSTITUTE OF PETROCHEMICAL ENGINEERING,"A/P LONERE,
TAL - MANGAON,
DIST - RAIGAD",RAIGAD,Govt aided,N,N,1-479638061,fetchdata,2012-2013,Engineering and Technology,1,1,1,1,Maharashtra,1
1-749214753,"AVDOOT DIPLOMA COLLEGE  OF ENGINEERING,KUHI","AT-AKOLI ROAD,MOUZA BHOJAPUR,KUHI,
TAH-KUHI,
DIST-NAGPUR",NAGPUR,Unaided - Private,N,N,1-475529453,fetchdata,2012-2013,Engineering and Technology,1,1,1,1,Maharashtra,1
1-812108575,V J POLYTECHNIC,"AT- KHAMONA, TAH.- RAJURA, DIST.- CHANDRAPUR",CHANDRAPUR,Unaided - Private,N,N,1-510112701,fetchdata,2012-2013,Engineering and Technology,1,1,1,1,Maharashtra,1
1-829437292,SHRI PANDIT ANNA PATIL COLLEGE OF ENGINEERING,"SURVEY NO. 227/2, PALDHI BK. NEAR NORTH MAHARASHTRA UNIVERSITY, OPP. HOTEL GOVIND,",JALGAON,Unaided - Private,N,N,1-482219451,fetchdata,2012-2013,Engineering and Technology,1,1,1,1,Maharashtra,1
1-809000994,VIDYA VIKAS EDUCATION TRUST'S TECHNICAL CAMPUS,"KAMAN BHIWANDI ROAD, S.N. 146(PART),
KAMAN",THANE,Unaided - Private,N,Y,1-483654421,fetchdata,2012-2013,Engineering and Technology,1,1,1,1,Maharashtra,1
1-831538692,RAJENDRA JOTIRAM PHULE POLYTECHNIC,"BELGAON ROAD, MIRAJGAON, TAL : KARJAT DIST : AHMEDNAGAR",AHMEDNAGAR,Unaided - Private,N,N,1-497473291,fetchdata,2012-2013,Engineering and Technology,1,1,1,1,Maharashtra,1
1-812402530,K.B.S.S'S.VAIRAG.R.R.POLYTECHNIC HASEGAON(K) TQ-KALLAM DIST-OSMANABAD.,A/P-HASEGAON(K).TQ-KALLAM. DIST-OSMANABAD.STATE-MAHARASHTRA.,OSMANABAD,Unaided - Private,N,N,1-494480521,fetchdata,2012-2013,Engineering and Technology,1,1,1,1,Maharashtra,1
