institute_id,institute_name,address,district,institution_type,women_only,minority,parent_id,method,year,program,level,institutiontype,Women,Minority,state,course
1-695250151,NARASARAOPETA ENGINEERING COLLEGE,"KOTAPPA KONDA ROAD, 
YELLAMANDA POST, 
NARASARAOPET - 522 601 
GUNTUR DIST. 
ANDHRA PRADESH",GUNTUR,Unaided - Private,N,N,1-2146711,fetchdata,2012-2013,Engineering and Technology,1,1,1,1,Andhra Pradesh,1
1-853917901,RGUKT-NUZIVID,"MYLAVARAM ROAD,
NUZIVID,
KRISHNA DISTRICT.HEAD OFFICE : RGUKT VINDHYA C-4, IIITH CAMPUS, GACHIBOWLI, HYDERABAD",KRISHNA,University Managed,N,N,,fetchdata,2012-2013,Engineering and Technology,1,1,1,1,Andhra Pradesh,1
1-721887102,SREE VAHINI INSTITUTE OF SCIENCE AND TECHNOLOGY,"BEHIND GANESH TEMPLE
BYE PASS ROAD
TIRUVURU
KRISHNA (DT)
ANDHRA PRADESH
PIN-521235",KRISHNA,Unaided - Private,N,N,1-5525976,fetchdata,2012-2013,Engineering and Technology,1,1,1,1,Andhra Pradesh,1
1-694663081,VIGNAN'S NIRULA INSTITUTE OF TECHNOLOGY & SCIENCE FOR WOMEN,"VIGNAN AVENUE
PALAKALURU ROAD
GUNTUR TEHSIL,
GUNTUR - 522 005",GUNTUR,Unaided - Private,Y,N,1-4302237,fetchdata,2012-2013,Engineering and Technology,1,1,1,1,Andhra Pradesh,1
1-722586992,GODAVARI INSTITUTE OF ENGINEERING & TECHNOLOGY,"NH-5, CHAITANYA NAGAR
VELUGUBANDA VILLAGE
RAJANAGARAM MANDAL
EAST GODAVARI DISTRICT",EAST GODAVARI,Unaided - Private,N,N,1-5015921,fetchdata,2012-2013,Engineering and Technology,1,1,1,1,Andhra Pradesh,1
1-698938531,SANKETIKA VIDYA PARISHAD ENGINEERING COLLEGE,"TECHNICAL COMPLEX,
 BESIDE ACA/VDCA CRICKET STADIUM,
POTHINAMALLAYYAPALEM,
VISAKHAPATNAM
PIN-530041
ANDHRA PRADESH",VISHAKHAPATNAM,Unaided - Private,N,N,1-3638131,fetchdata,2012-2013,Engineering and Technology,1,1,1,1,Andhra Pradesh,1
1-715972362,ANIL NEERUKONDA INSTITUTE OF TECHNOLOGY & SCIENCES,"SANGIVALASA
BHEEMUNIPATNAM MANDAL
VISAKHAPATANAM â 531 162
TEL: 08933-225083, 84 & 85
FAX: 08933-226395
WEBSITE: WWW.ANITS.EDU.IN 
E-MAIL: PRINC",VISHAKHAPATNAM,Unaided - Private,N,N,1-3992214,fetchdata,2012-2013,Engineering and Technology,1,1,1,1,Andhra Pradesh,1
1-716085963,M V R COLLEGE OF ENGINEERING,"D.NO. 25-5-92/2, RAMACHANDRA NAGAR, KANITHI (V), NADUPUR POST, GAJUWAKA, VISAKHAPATNAM",VISHAKHAPATNAM,Unaided - Private,N,N,1-511898651,fetchdata,2012-2013,Engineering and Technology,1,1,1,1,Andhra Pradesh,1
1-715125942,M.B.T.S. GOVERNMENT POLYTECHNIC,"NALLAPADU,
GUNTUR",GUNTUR,Government,N,N,1-461064441,fetchdata,2012-2013,Engineering and Technology,1,1,1,1,Andhra Pradesh,1
1-716152052,NARAYANA ENGINEERING COLLEGE,"DHURJATI NAGAR
GUDURU
NELLORE (DT)",NELLORE,Unaided - Private,N,N,1-7884691,fetchdata,2012-2013,Engineering and Technology,1,1,1,1,Andhra Pradesh,1
1-716420903,MADDALA RAMAKRISHNAMMA POLYTECHNIC,"M.R.K.POLYTECHN IC, VEERAVASARAM, VEERAVASARAM MANDAL, WEST GODAVARI DISTRICT, ANDHRA PRADESH, 
PIN: 534 245",WEST GODAVARI,Unaided - Private,N,N,1-437194781,fetchdata,2012-2013,Engineering and Technology,1,1,1,1,Andhra Pradesh,1
1-716398323,BRINDAVAN INSTITUTE OF TECHNOLOGY AND SCIENCE,"N.H.-7
PEDDATEKUR
KURNOOL-518218(ANDHRA PRADESH)",KURNOOL,Unaided - Private,N,N,1-4316767,fetchdata,2012-2013,Engineering and Technology,1,1,1,1,Andhra Pradesh,1
1-716421312,ELURU COLLEGE OF ENGINEERING & TECHNOLOGY,"DUGGIRALA (V),
PEDAVEGI(M),
WEST GODAVARI DISTRICT",WEST GODAVARI,Unaided - Private,N,N,1-3546901,fetchdata,2012-2013,Engineering and Technology,1,1,1,1,Andhra Pradesh,1
1-716973924,SANKETIKA INSTITUTE OF TECHNOLOGY AND MANAGEMENT,"SANKETIKA INSTITUTE OF TECHNOLOGY AND MANAGEMENT
 TECHNICAL EDUCATIONAL COMPLEX,
 BESIDE Y.S.R. ACA-VDCA CRICKET STADIUM,
RATNAGIRI HOUSING BOARD C",VISHAKHAPATNAM,Unaided - Private,N,N,1-4452851,fetchdata,2012-2013,Engineering and Technology,1,1,1,1,Andhra Pradesh,1
1-716418962,A.K.R.G. COLLEGE OF ENGINEERING & TECHNOLOGY,"NALLAJERLA
WEST GODAVARI DIST
ANDHRA PRADESH",WEST GODAVARI,Unaided - Private,N,N,1-5399421,fetchdata,2012-2013,Engineering and Technology,1,1,1,1,Andhra Pradesh,1
1-716442513,MULAGONDLA PAKIRA REDDY MEMORIAL POLYTECHNIC,"NARAYANAPURAM
NADIKUDI POST
DACHEPALLLI MANDAL
GUNTUR DIST
PIN-522414
ANDHRA PRADESH",GUNTUR,Unaided - Private,N,N,1-401581011,fetchdata,2012-2013,Engineering and Technology,1,1,1,1,Andhra Pradesh,1
1-717208553,ANANTHA LAKSHMI INSTITUTE OF TECHNOLOGY & SCIENCES,"ITIKAKAPALLI 
NEAR SK UNIVERSITY
ITIKALAPALLI,
ANANTAPUR",ANANTAPUR,Unaided - Private,N,N,1-3643041,fetchdata,2012-2013,Engineering and Technology,1,1,1,1,Andhra Pradesh,1
1-717885312,SRI VAISHNAVI COLLEGE OF ENGINEERING,"SINGUPURAM - VILL. & POST,
SRIKAKULAM (RURAL) - MANDAL,
SRIKAKULAM - 532 185.",SRIKAKULAM,Unaided - Private,N,N,1-6048271,fetchdata,2012-2013,Engineering and Technology,1,1,1,1,Andhra Pradesh,1
1-717008822,INDIRA INSTITUTE OF TECHNOLOGY AND SCIENCES,"DARIMADUGU VI,
MARKAPUR,
PRAKASAM DT.",PRAKASAM,Unaided - Private,N,N,1-11346262,fetchdata,2012-2013,Engineering and Technology,1,1,1,1,Andhra Pradesh,1
1-717000692,VAISHNAVI INSTITUTE OF TECHNOLOGY,"TANAPALLI(V)
KUNTRAPAKKAM(P)
TIRUPATI RURAL",CHITTOOR,Unaided - Private,N,N,1-6169101,fetchdata,2012-2013,Engineering and Technology,1,1,1,1,Andhra Pradesh,1
1-717977302,PRIYADARSHINI INSTITUTE OF TECHNOLOGY & SCIENCE FOR WOMEN,"CHINTALAPUDI,
NEAR TENALI,
DUGGIRALA MANDAL,
GUNTUR DT,
ANDHRA PRADESH
PIN:522 306",GUNTUR,Unaided - Private,Y,N,1-8096533,fetchdata,2012-2013,Engineering and Technology,1,1,1,1,Andhra Pradesh,1
1-717964642,PRIYADARSHINI INSTITUTE OF TECHNOLOGY & SCIENCE,"CHINTALAPUDI, DUGGIRALA MANDAL, NEAR TENALI, GUNTUR DIST - ANDHRA PRADESH - 522 306",GUNTUR,Unaided - Private,N,N,1-4161548,fetchdata,2012-2013,Engineering and Technology,1,1,1,1,Andhra Pradesh,1
1-717098353,SREE MULLAPUDI VENKATARAYA MEMORIAL POLYTECHNIC,"35-1-5, R.P.ROAD,
TIMMARAJUPURAM
TANUKU-534211
WEST GODAVARY DISTRICT
A.P.",WEST GODAVARI,Govt aided,N,N,1-457658221,fetchdata,2012-2013,Engineering and Technology,1,1,1,1,Andhra Pradesh,1
1-717618414,SESHACHALA INSTITUTE OF ENGINEERING & TECHNOLOGY,"SVS NAGAR,
VADAMALA VILLAGE,
VADAMALAPETA,
TIRUPATI.",CHITTOOR,Unaided - Private,N,N,1-440116001,fetchdata,2012-2013,Engineering and Technology,1,1,1,1,Andhra Pradesh,1
1-717734836,ANNAMACHARYA INSTITUTE OF TECHNOLOGY & SCIENCES,"NEW BOYANAPALLI, THALLAPAKA PANCHAYATH,
RAJAMPET MANDAL
YSR DISTRICT",YSR DISTRICT,Unaided - Private,N,N,1-5841586,fetchdata,2012-2013,Engineering and Technology,1,1,1,1,Andhra Pradesh,1
1-720592512,"PRIYADARSHINI COLLEGE OF ENGINEERING, SULLURPET-524121","AKKAMPETA
SULLURPETA-524121
SPSR NELLORE DIST.
ANDHRA PRADESH.",NELLORE,Unaided - Private,N,N,1-20371281,fetchdata,2012-2013,Engineering and Technology,1,1,1,1,Andhra Pradesh,1
1-717604565,CHEBROLU ENGINEERING COLLEGE,"CHEBROLU ENGINEERING COLLEGE
NEAR POWER STATION
CHEBROLU(P.O & MANDEL)
GUNTUR(DT)",GUNTUR,Unaided - Private,N,N,1-4187241,fetchdata,2012-2013,Engineering and Technology,1,1,1,1,Andhra Pradesh,1
1-758452026,GAYATRI GROUP OF INSTITUTIONS,"ASWARAOPET ROAD, JANGAREDDIGUDEM, W.G.DT PIN:534447",WEST GODAVARI,Unaided - Private,N,N,1-7020905,fetchdata,2012-2013,Engineering and Technology,1,1,1,1,Andhra Pradesh,1
1-717000004,ST. ANN'S COLLEGE OF ENGINEERING & TECHNOLOGY,"NAYUNIPALLI VILLAGE
CHALLAREDDYPALEM
VETAPALEM MANDAL
PRAKASAM DISTRICT",PRAKASAM,Unaided - Private,N,N,1-4169101,fetchdata,2012-2013,Engineering and Technology,1,1,1,1,Andhra Pradesh,1
1-717058082,SANTHIRAM ENGINEERING COLLEGE,"NH-18, NANDYAL, KURNOOL DIST, A.P",KURNOOL,Unaided - Private,N,N,1-5783126,fetchdata,2012-2013,Engineering and Technology,1,1,1,1,Andhra Pradesh,1
1-717625332,AMALAPURAM INSTITUTE OF MANAGEMENT SCIENCES & COLLEGE OF ENGINEERING.,"NH-214 ROAD,
MUMMIDIVARAM,
EAST GODAVARI DIST,
ANDHRA PRADESH,
PIN-533216.",EAST GODAVARI,Unaided - Private,N,N,1-3967731,fetchdata,2012-2013,Engineering and Technology,1,1,1,1,Andhra Pradesh,1
1-717021402,ST. ANN'S ENGINEERING COLLEGE,"NAYUNIPALLI VILLAGE
CHALLAREDDYPALEM
VETAPALEM MANDAL
PRAKASAM DISTRICT
ANDHRAPRADESH",PRAKASAM,Unaided - Private,N,N,1-4352103,fetchdata,2012-2013,Engineering and Technology,1,1,1,1,Andhra Pradesh,1
1-720614823,KOTTAM COLLEGE OF ENGINEERING,"CHINNA TEKURU (V),
KALLUR (M),
KURNOOL (DIST),
ANDHRA PRADESH",KURNOOL,Unaided - Private,N,N,1-6051351,fetchdata,2012-2013,Engineering and Technology,1,1,1,1,Andhra Pradesh,1
1-720625252,BHASKARA POLYTECHNIC,"KOMATIPALLI(V), BOBBILI(M),PIN NO-535558, VIZIANAGARAM DIST, ANDHARA PRADESH..",VIZIANAGARAM,Unaided - Private,N,N,1-455302511,fetchdata,2012-2013,Engineering and Technology,1,1,1,1,Andhra Pradesh,1
1-717075982,SYAMALADEVI INSTITUTE OF TECHNOLOGY FOR WOMEN,"N.H.-18
OPP. SANTHIRAM MEDICAL COLLEGE
NANDYAL 518 501
KURNOOL DIST
A.P.",KURNOOL,Unaided - Private,Y,N,1-8082241,fetchdata,2012-2013,Engineering and Technology,1,1,1,1,Andhra Pradesh,1
1-762367292,CHAITANYA ENGINEERING COLLEGE,"D. NO. 9-3-15,
NEAR PRAKRUTHI ASHRAMAM,
BHIMAVARAM-534 203,
WEST GODAVARI DISTRICT,
ANDHRA PRADESH",WEST GODAVARI,Unaided - Private,N,N,1-7127091,fetchdata,2012-2013,Engineering and Technology,1,1,1,1,Andhra Pradesh,1
1-697031441,MALINENI PERUMALLU EDUCATIONAL SOCIETY'S GROUP OF INSTITUTIONS(INTEGRATED CAMPUS),"PULLADIGUNTA (V), VATTICHERUKURU (MD), GUNTUR (DT) - 522017",GUNTUR,Unaided - Private,N,N,1-5083966,fetchdata,2012-2013,Engineering and Technology,1,1,1,1,Andhra Pradesh,1
1-747567482,KOTTAM KARUNAKARA REDDY INSTITUTE OF TECHNOLOGY,"SURVEY NO. 341
CHINNA TEKURU (VILLAGE)
KALLUR (M)
KURNOOL 
ANDHRA PRADESH",KURNOOL,Unaided - Private,N,N,1-6568776,fetchdata,2012-2013,Engineering and Technology,1,1,1,1,Andhra Pradesh,1
1-778692212,BVR INSTITUTE OF ENGG & TECHNOLOGY,"GADIVEMULA(V & M),
KURNOOL DIST",KURNOOL,Unaided - Private,N,N,1-514109361,fetchdata,2012-2013,Engineering and Technology,1,1,1,1,Andhra Pradesh,1
1-722571102,GIET COLLEGE OF ENGINEERING,"NH-5, CHAITANYA NAGAR
VELUGUBANDA VILLAGE
RAJANAGARAM MANDAL
RAJAMUNDRY-533296",EAST GODAVARI,Unaided - Private,N,N,1-5495146,fetchdata,2012-2013,Engineering and Technology,1,1,1,1,Andhra Pradesh,1
1-698015301,ARIES POLYTECHNIC COLLEGE,"1-123 B.N.R.PETA
CHITTOOR- TIRUTTANI ROAD",CHITTOOR,Unaided - Private,N,N,1-402988081,fetchdata,2012-2013,Engineering and Technology,1,1,1,1,Andhra Pradesh,1
1-754392124,BONAM VENKATA CHALAMAYYA ENGINEERING COLLEGE,"(VIA) AMALAPURAM, ALLAVARAM MANDAL, EAST GODAVARI DISTRICT",EAST GODAVARI,Unaided - Private,N,N,1-6029701,fetchdata,2012-2013,Engineering and Technology,1,1,1,1,Andhra Pradesh,1
1-801791123,GOVERNMENT POLYTECHNIC,GOVT.JUNIOR COLLEGE CAMPUS,ANANTAPUR,Government,N,N,1-455470741,fetchdata,2012-2013,Engineering and Technology,1,1,1,1,Andhra Pradesh,1
1-754583243,GOVERNMENT POLYTECHNIC,"OV ROAD 
POST OFFICE CENTRE",PRAKASAM,Government,N,N,1-454872263,fetchdata,2012-2013,Engineering and Technology,1,1,1,1,Andhra Pradesh,1
1-773388925,GOVERNMENT POLYTECHNIC,"KANCHARAPALEM
NEAR URVASI JUNCTION",VISHAKHAPATNAM,Government,N,N,1-461017691,fetchdata,2012-2013,Engineering and Technology,1,1,1,1,Andhra Pradesh,1
1-755777983,LEELA KRUSHNA BABUJI POLYTECHNIC,"D.NO.6-67
BHEEMIREDDY NAGAR",EAST GODAVARI,Unaided - Private,N,N,1-453221041,fetchdata,2012-2013,Engineering and Technology,1,1,1,1,Andhra Pradesh,1
1-755938434,GOVT INSTITUTE OF TEXTILE TECHNOLOGY,"NALLAPADU, GUNTUR,     ANDHRA PRADESH",GUNTUR,Government,N,N,1-460522461,fetchdata,2012-2013,Engineering and Technology,1,1,1,1,Andhra Pradesh,1
1-755262562,ST.MARK EDUCATIONAL INSTITUTION SOCIETY GROUP OF INSTITUTION (INTEGRATED CAMPUS),"ST.MARK CAMPUS,BELLARY ROAD ,RACHANAPALLY,ANANTAPUR",ANANTAPUR,Unaided - Private,N,N,1-5776303,fetchdata,2012-2013,Engineering and Technology,1,1,1,1,Andhra Pradesh,1
1-755541503,NIGHTINGALE ENGINEERING COLLEGE (WOMEN),"GIDIJALA VILLAGE,
ANANDAPURAM MANDAL,
VISAKHAPATNAM DISTRICT,
PIN-531173",VISHAKHAPATNAM,Unaided - Private,Y,N,1-3419951,fetchdata,2012-2013,Engineering and Technology,1,1,1,1,Andhra Pradesh,1
1-753255853,GOVERNMENT MODEL RESIDENTIAL POLYTECHNIC,"WESTERN COLONY
SUNNIPENTA",KURNOOL,Government,N,N,1-453225941,fetchdata,2012-2013,Engineering and Technology,1,1,1,1,Andhra Pradesh,1
1-755775153,DR SAMUEL GEORGE INSTITUTE OF ENGINEERING & TECHNOLOGY,"POST BOX NO:9

MARKAPUR(PO & MD)

PRAKASAM(DT)",PRAKASAM,Unaided - Private,N,N,1-4804114,fetchdata,2012-2013,Engineering and Technology,1,1,1,1,Andhra Pradesh,1
1-754810855,ANDHRA POLYTECHNIC,"YANAM ROAD
JAGANNAICK PUR",EAST GODAVARI,Government,N,N,1-452909201,fetchdata,2012-2013,Engineering and Technology,1,1,1,1,Andhra Pradesh,1
1-756068495,MAHARAJA ANANDA GAJAPATHI RAJU GOVERNMENT POLYTECHNIC,"PHOOLBAUGH COLONY
NELLIMARLA ROAD",VIZIANAGARAM,Government,N,N,1-454435501,fetchdata,2012-2013,Engineering and Technology,1,1,1,1,Andhra Pradesh,1
1-756716694,SRI VENKATESWARA POLYTECHNIC,"N H -5,MRO OFFICE ROAD,
BESIDE DR.B.R.AMBEDKAR UNIVERSITY, ETCHERLA",SRIKAKULAM,Unaided - Private,N,N,1-505310841,fetchdata,2012-2013,Engineering and Technology,1,1,1,1,Andhra Pradesh,1
1-755963832,A.S.N.WOMEN S ENGINEERING COLLEGE,"BURRRIPALAM ROAD,NELAPADU,TENALI.522201,GUNTUR (DT), A.P.",GUNTUR,Unaided - Private,Y,N,1-3761464,fetchdata,2012-2013,Engineering and Technology,1,1,1,1,Andhra Pradesh,1
1-763108652,SIR C.V.RAMAN INSTITUTE OF TECHNOLOGY & SCIENCES,"BEHIND BHARATH PETROL BUNK,
ANANTAPUR ROAD,
TADPATRI.",ANANTAPUR,Unaided - Private,N,N,1-10482254,fetchdata,2012-2013,Engineering and Technology,1,1,1,1,Andhra Pradesh,1
1-752744359,GOUTHAMI INSTITUTE OF TECHNOLOGY & MANAGEMENT FOR WOMEN,"SAI NAGAR, PEDDASETTYPALLE(V),
PRODDATUR(M), KADAPA(DT),
ANDHRA PRADESH - 516361",YSR DISTRICT,Unaided - Private,Y,N,1-6227996,fetchdata,2012-2013,Engineering and Technology,1,1,1,1,Andhra Pradesh,1
1-756665174,SAI SAKTHI ENGINEERING COLLEGE,"MAHARAJAPURAM,
KANAKAMMACHATRAM (PO)",CHITTOOR,Unaided - Private,N,N,1-6471241,fetchdata,2012-2013,Engineering and Technology,1,1,1,1,Andhra Pradesh,1
1-756818583,SRI VATSAVAI KRISHNAM RAJU POLYTECHNIC,"GOLLALAKODERU VILLAGE,",WEST GODAVARI,Unaided - Private,N,N,1-458049191,fetchdata,2012-2013,Engineering and Technology,1,1,1,1,Andhra Pradesh,1
1-756754927,JNTUA COLLEGE OF ENGINEERING PULIVENDULA,MUDDANURU ROAD,YSR DISTRICT,Government,N,N,1-473911691,fetchdata,2012-2013,Engineering and Technology,1,1,1,1,Andhra Pradesh,1
1-853566191,RGUKT- RK VALLEY,"IDUPULAPAYA,VEMPALLI MANDALAM,
KADAPA DISTRICT,
ANDHRA PRADESH
HEAD OFFICE: RGUKT VINDHYA C-4, IIIT-H CAMPUS, GACHIBOWLI, HYDERABAD.",YSR DISTRICT,University Managed,N,N,,fetchdata,2012-2013,Engineering and Technology,1,1,1,1,Andhra Pradesh,1
1-755879263,GOVERNMENT POLYTECHNIC,"AYYANNAPALEM
VIA K D PETA ROAD",VISHAKHAPATNAM,Government,N,N,1-450134121,fetchdata,2012-2013,Engineering and Technology,1,1,1,1,Andhra Pradesh,1
1-755928182,SRI VENKATESWARA COLLEGE OF ENGINEERING & TECHNOLOGY,"NH-5,
MRO OFFICE ROAD,
BESIDE DR.B.R.AMBEDKAR UNIVERSITY
ETCHERLA",SRIKAKULAM,Unaided - Private,N,N,1-14627816,fetchdata,2012-2013,Engineering and Technology,1,1,1,1,Andhra Pradesh,1
1-755743312,KKR & KSR INSTITUTE OF TECHNOLOGY AND SCIENCES,"D NO:646,647
VINJANAMPADU (VILLAGE)
VATTICHERUKURU (MANDAL)
GUNTUR( DIST)
ANDHRAPRADESH
PIN:522017",GUNTUR,Unaided - Private,N,N,1-2076261,fetchdata,2012-2013,Engineering and Technology,1,1,1,1,Andhra Pradesh,1
1-756599072,"GOVERNMENT POLYTECHNIC, RAYADURG",KANEKAL ROAD,ANANTAPUR,Government,N,N,1-467324581,fetchdata,2012-2013,Engineering and Technology,1,1,1,1,Andhra Pradesh,1
1-755688262,MENTEY PADMANABHAM COLLEGE OF ENGINEERING & TECHNOLOGY,"KGRL COLLEGE ROAD, BHIMAVARAM, WEST GODAVARI DISTRICT, ANDHRA PRADESH",WEST GODAVARI,Unaided - Private,N,N,1-5810211,fetchdata,2012-2013,Engineering and Technology,1,1,1,1,Andhra Pradesh,1
1-752649296,KIMS COLLEGE OF ENGINEERING,"NH-214,CHAITANYA NAGAR,
NEAR RED BRIDGE,
AMALAPURAM.
EAST GODAVARI DIST-533201",EAST GODAVARI,Unaided - Private,N,N,1-5760721,fetchdata,2012-2013,Engineering and Technology,1,1,1,1,Andhra Pradesh,1
1-695490081,SRI VENKATESWARA COLLEGE OF ENGINEERING,"OPP LIC TRAINING CENTER,
KARAKAMBADI ROAD, 
CHENNAIAHGUNTA",CHITTOOR,Unaided - Private,N,N,1-3280921,fetchdata,2012-2013,Engineering and Technology,1,1,1,1,Andhra Pradesh,1
1-760831392,GOVERNMENT POLYTECHNIC FOR WOMEN,"GUJARATHIPETA POST,
SRIKAKULAM",SRIKAKULAM,Government,Y,N,1-453072271,fetchdata,2012-2013,Engineering and Technology,1,1,1,1,Andhra Pradesh,1
1-693753581,SRI VENKATESWARA INSTITUTE OF SCIENCE AND TECHNOLOGY,"TADIGOTLA (VILLAGE),
C.K.DINNE (MANDAL),
KADAPA.
A.P.      516003",YSR DISTRICT,Unaided - Private,N,N,1-6130631,fetchdata,2012-2013,Engineering and Technology,1,1,1,1,Andhra Pradesh,1
1-695713991,NARASARAOPETA INSTITUTE OF TECHNOLOGY,"KOTAPPA KONDA ROAD
YELLAMANDA(POST)
NARASARAOPET(MANDAL)
GUNTUR(DIST)
ANDHRA PRADESH-522601",GUNTUR,Unaided - Private,N,N,1-1721491,fetchdata,2012-2013,Engineering and Technology,1,1,1,1,Andhra Pradesh,1
1-693706701,PACE INSTITUTE OF TECHNOLOGY AND SCIENCES,"NH5, NEAR VALLURAMMA TEMPLE, VALLURU-523272, TANGUTUR(M), PRAKASAM DIST, ANDHRA PRADESH",PRAKASAM,Unaided - Private,N,N,1-4290161,fetchdata,2012-2013,Engineering and Technology,1,1,1,1,Andhra Pradesh,1
1-693702831,KAKINADA INSTITUTE OF ENGINEERING & TECHNOLOGY FOR WOMEN,"KORANGI,
TALLAREVU MANDAL,
EAST GODAVARI DISTRICT",EAST GODAVARI,Unaided - Private,Y,N,1-3806221,fetchdata,2012-2013,Engineering and Technology,1,1,1,1,Andhra Pradesh,1
1-693672691,KAKINADA INSTITUTE OF ENGINEERING & TECHNOLOGY-II,"YANAM ROAD ,KORANGI VILLAGE ,
TALLAREVU MANDAL ,
E.G DIST,AP",EAST GODAVARI,Unaided - Private,N,N,1-4166249,fetchdata,2012-2013,Engineering and Technology,1,1,1,1,Andhra Pradesh,1
1-695369441,SRI VASAVI INSTITUTE OF ENGINEERING & TECHNOLOGY,"NANDAMURU
PEDANA MANADAL 
KRISHNA DISTRICT
ANDHRAPRADESH-521369",KRISHNA,Unaided - Private,N,N,1-4279961,fetchdata,2012-2013,Engineering and Technology,1,1,1,1,Andhra Pradesh,1
1-721898392,G.PULLAIAH COLLEGE OF ENGINEERING AND TECHNOLOGY,"NANDIKOTKUR ROAD,KURNOOL",KURNOOL,Unaided - Private,N,N,1-23838031,fetchdata,2012-2013,Engineering and Technology,1,1,1,1,Andhra Pradesh,1
1-693676291,SMT. T.K.R. POLYTECHNIC,"SAI NAGAR, GUDIVADA ROAD",KRISHNA,Unaided - Private,N,N,1-437161311,fetchdata,2012-2013,Engineering and Technology,1,1,1,1,Andhra Pradesh,1
1-686507041,NIMRA INSTITUTE OF SCIENCE & TECHNOLOGY,"NIMRA NAGAR ,JUPUDI,IBRAHIMPATNAM,
VIJAYAWADA,
KRISHNA DIST.
ANDHRA PRADESH
PIN:521456",KRISHNA,Unaided - Private,N,Y,1-4532306,fetchdata,2012-2013,Engineering and Technology,1,1,1,1,Andhra Pradesh,1
1-686482001,NIMRA WOMEN'S COLLEGE OF ENGINEERING,"NIMRA NAGAR
JUPUDI - 521 456
IBRAHIMPATNAM
VIJAYAWADA,
KRISHNA DT.,ANDHRA PRADESH",KRISHNA,Unaided - Private,Y,Y,1-5720916,fetchdata,2012-2013,Engineering and Technology,1,1,1,1,Andhra Pradesh,1
1-686440701,NIMRA COLLEGE OF ENGINEERING AND TECHNOLOGY,"NIMRA NAGAR JUPUD,IBRAHIMPATNAM-521 456,KRISHNA DT., ANDHRA PRADESH",KRISHNA,Unaided - Private,N,Y,1-4457071,fetchdata,2012-2013,Engineering and Technology,1,1,1,1,Andhra Pradesh,1
1-686392781,BAPATLA ENGINEERING COLLEGE,"MAHATMAJIPURM
G.B.C ROAD
BAPATLA POST",GUNTUR,Unaided - Private,N,N,1-3933154,fetchdata,2012-2013,Engineering and Technology,1,1,1,1,Andhra Pradesh,1
1-686520701,NIMRA INSTITUTE OF ENGINEERING AND TECHNOLOGY,"YEDUGUNDLAPADU
MADDIPADU
ONGOLE - 523262
ANDHRA PRADESH",PRAKASAM,Unaided - Private,N,Y,1-6013161,fetchdata,2012-2013,Engineering and Technology,1,1,1,1,Andhra Pradesh,1
1-687414921,SWARNANDHRA COLLEGE OF ENGINEERING & TECHNOLOGY,SEETHARAMPURAM,WEST GODAVARI,Unaided - Private,N,N,1-3695144,fetchdata,2012-2013,Engineering and Technology,1,1,1,1,Andhra Pradesh,1
1-687445701,AVANTHI'S RESEARCH & TECHNOLOGICAL ACADEMY,"AVANTHI'S RESEARCH & TECHNOLOGICAL ACADEMY
BASAVAPALEM VILLAGE,
BHOGAPURAM MANDALAM,
VIZIANAGARAM DISTRICT.",VIZIANAGARAM,Unaided - Private,N,N,1-4814144,fetchdata,2012-2013,Engineering and Technology,1,1,1,1,Andhra Pradesh,1
1-686937801,A.A.N.M. & V.V.R.S.R. POLYTECHNIC,SESHADRI RAO KNOWLEDGE VILLAGE,KRISHNA,Unaided - Private,N,N,1-399048571,fetchdata,2012-2013,Engineering and Technology,1,1,1,1,Andhra Pradesh,1
1-753540622,SIR C V RAMAN POLYTECHNIC,ULLAMPARRU PALAKOL MANDAL  WEST GODAVARI DISTRICT ANDHRA PRADESH,WEST GODAVARI,Unaided - Private,N,N,1-429989731,fetchdata,2012-2013,Engineering and Technology,1,1,1,1,Andhra Pradesh,1
1-687543031,ST. JOHNS COLLEGE OF ENGINEERING & TECHNOLOGY,"YERRAKOTA,
YEMMIGANUR",KURNOOL,Unaided - Private,N,N,1-7143028,fetchdata,2012-2013,Engineering and Technology,1,1,1,1,Andhra Pradesh,1
1-687455651,LENDI INSTITUTE OF ENGINEERING AND TECHNOLOGY,"JONNADA VILLAGE 
VIA 5TH APSP BATTALION 
DENKADA MANDAL
VIZIANAGARAM DIST - 535 005",VIZIANAGARAM,Unaided - Private,N,N,1-3678201,fetchdata,2012-2013,Engineering and Technology,1,1,1,1,Andhra Pradesh,1
1-687546181,ADITYA INSTITUTE OF TECHNOLOGY AND MANAGEMENT,"K.KOTTURU (VILL)
TEKKALI - 532 201
SRIKAKULAM (DIST)
ANDHRA PRADESH",SRIKAKULAM,Unaided - Private,N,N,1-3048184,fetchdata,2012-2013,Engineering and Technology,1,1,1,1,Andhra Pradesh,1
1-688303331,SRI VENKATESA PERUMAL COLLEGE OF ENGINEERING & TECHNOLOGY,"CHINNARAJA KUPPAM,  KN ROAD, PUTTUR â 517 583, CHITTOOR (DT), A.P.",CHITTOOR,Unaided - Private,N,N,1-1721502,fetchdata,2012-2013,Engineering and Technology,1,1,1,1,Andhra Pradesh,1
1-685705071,SHIPWRIGHT SCHOOL,"NAD PO 
VISAKHAPATNAM 530009",VISHAKHAPATNAM,Government,N,N,,fetchdata,2012-2013,Engineering and Technology,1,1,1,1,Andhra Pradesh,1
1-686427481,"V.K.R., V.N.B.  A.G.K. COLLEGE OF ENGINEERING","ELURU ROAD,
GUDIVADA-521301
KRISHNA DISTRICT
A.P.",KRISHNA,Unaided - Private,N,N,1-7823641,fetchdata,2012-2013,Engineering and Technology,1,1,1,1,Andhra Pradesh,1
1-686562577,KRISHNA CHAITANYA INSTITUTE OF TECHNOLOGY & SCIENCES,"DEVARAJUGATTU VILLAGE,
PEDDARAVEEDU MANDAL,
PRAKASAM DISTRICT",PRAKASAM,Unaided - Private,N,N,1-3979901,fetchdata,2012-2013,Engineering and Technology,1,1,1,1,Andhra Pradesh,1
1-758078512,SARADA INSTITUTE OF SCIENCE TECHNOLOGY AND MANAGEMENT,"AMPOLU ROAD
GARA MANDAL
SRIKAKULAM-PIN 532404
ANDHRA PRADESH",SRIKAKULAM,Unaided - Private,N,N,1-7876191,fetchdata,2012-2013,Engineering and Technology,1,1,1,1,Andhra Pradesh,1
1-688371251,ANDHRA LOYOLA INSTITUTE OF ENGINEERING AND TECHNOLOGY,"GOVERNMENT POLYTECHNIC POST OFFICE,
VIJAYAWADA-520008,
KRISHNA DISTRICT,
ANDHRA PRADESH",KRISHNA,Unaided - Private,N,N,1-4663161,fetchdata,2012-2013,Engineering and Technology,1,1,1,1,Andhra Pradesh,1
1-686638101,SRI CHAITANYA POLYTECHNIC COLLEGE,"PANUKUVALASA (VILL) VISWANADHAPURAM POST, PACHIPENTA MANDAL, SALUR, VIZIANAGARAM DIST- 535592",VIZIANAGARAM,Unaided - Private,N,N,1-421232751,fetchdata,2012-2013,Engineering and Technology,1,1,1,1,Andhra Pradesh,1
1-697065231,RISE PRAKASAM GROUP OF INSTITUTIONS,"NH - 5,
VALLURU - ONGOLE
PRAKASAM DT
PIN - 523 272
ANDHRA PRADESH",PRAKASAM,Unaided - Private,N,N,1-3935283,fetchdata,2012-2013,Engineering and Technology,1,1,1,1,Andhra Pradesh,1
1-697068351,LAKIREDDY BALI REDDY COLLEGE OF ENGINEERING,"L.B.REDDY NAGAR
MYLAVARAM - 521230, 
KRISHNA DISTRICT,
ANDHRA PRADESH.",KRISHNA,Unaided - Private,N,N,1-2508773,fetchdata,2012-2013,Engineering and Technology,1,1,1,1,Andhra Pradesh,1
1-696733191,SMT. B.SEETHA POLYTECHNIC,VISHNUPUR,WEST GODAVARI,Unaided - Private,N,N,1-449952531,fetchdata,2012-2013,Engineering and Technology,1,1,1,1,Andhra Pradesh,1
1-698274841,GLOBAL COLLEGE OF ENGINEERING & TECHNOLOGY,"CHINNAMACHUPALLI(V), NEAR SATELLITE CITY, CHENNUR(M),KADAPA.",YSR DISTRICT,Unaided - Private,N,N,1-3976425,fetchdata,2012-2013,Engineering and Technology,1,1,1,1,Andhra Pradesh,1
1-755460017,GOVERNMENT POLYTECHNIC FOR WOMEN,BHEEMUNIPATNAM,VISHAKHAPATNAM,Government,Y,N,1-456691411,fetchdata,2012-2013,Engineering and Technology,1,1,1,1,Andhra Pradesh,1
1-693428731,S.R.K.INSTITUTE OF TECHNOLOGY,"3-41,ENIKEPADU, VIJAYAWADA",KRISHNA,Unaided - Private,N,N,1-3585751,fetchdata,2012-2013,Engineering and Technology,1,1,1,1,Andhra Pradesh,1
1-764303233,SPKM INDIAN INSTITUTE OF HANDLOOM TECHNOLOGY,"8-282, 
TIRUPATI ROAD",NELLORE,Government,N,N,1-487878833,fetchdata,2012-2013,Engineering and Technology,1,1,1,1,Andhra Pradesh,1
1-746371242,GAYATRI INSTITUTE OF ENGINEERING & TECHNOLOGY,"GAYATRI INSTITUTE OF ENGINEERING& TECHNOLOGY,
JANGAREDDIGUDEM,
WEST GODAVARI DIST.,
ANDHRA PRADESH-534447",WEST GODAVARI,Unaided - Private,N,N,1-2024361,fetchdata,2012-2013,Engineering and Technology,1,1,1,1,Andhra Pradesh,1
1-698242411,MJR COLLEGE OF ENGINEERING & TECHNOLOGY,"DIGUVAPOKULAVARIPALLI (V) & (P), PULICHERLA (MANDAL), CHITTOOR (DISTRICT), ANDHRAPRADESH - 517 113",CHITTOOR,Unaided - Private,N,N,1-5623431,fetchdata,2012-2013,Engineering and Technology,1,1,1,1,Andhra Pradesh,1
1-686349941,GUDLAVALLERU ENGINEERING COLLEGE,"SESHADRI RAO KNOWLEDGE VILLAGE,
GUDLAVALLERU-521356,
KRISHNA DISTRICT, 
ANDHRA PRADESH",KRISHNA,Unaided - Private,N,N,1-8998977,fetchdata,2012-2013,Engineering and Technology,1,1,1,1,Andhra Pradesh,1
1-685780251,MVR COLLEGE OF ENGINEERING AND TECHNOLOGY,"BESIDE HANUMAN STATUE, 
NH-9,
PARITALA,
KANCHIKACHERLA MANDALAM,
KRISHNA DT,
ANDHRA PRADESH
521180",KRISHNA,Unaided - Private,N,N,1-2507491,fetchdata,2012-2013,Engineering and Technology,1,1,1,1,Andhra Pradesh,1
1-721498942,SHREE RAMA EDUCATIONAL SOCIETY GROUP OF INSTITUTIONS,"RAMI REDDY NAGAR,
KARAKAMBADI ROAD,
MANGALAM BO
TIRUPATI URABAN MANDAL
TIRUPATI - 517 507
CHITTOOR DIST. A.P.",CHITTOOR,Unaided - Private,N,N,1-3134941,fetchdata,2012-2013,Engineering and Technology,1,1,1,1,Andhra Pradesh,1
1-721562032,CHAITANYA INSTITUTE OF ENGINEERING AND TECHNOLOGY,"NH-5, CHAITANYA KNOWLEDGE CITY, VELUGUBANDA (V), RAJANAGARAM (M), RAJAHMUNDRY-533296.",EAST GODAVARI,Unaided - Private,N,N,1-4272281,fetchdata,2012-2013,Engineering and Technology,1,1,1,1,Andhra Pradesh,1
1-721375082,SRI MITTAPALLI COLLEGE OF ENGINEERING,"NH-5, TUMMALAPALEM, GUNTUR - 522 233, A.P",GUNTUR,Unaided - Private,N,N,1-2514001,fetchdata,2012-2013,Engineering and Technology,1,1,1,1,Andhra Pradesh,1
1-720701182,KAUSHIK COLLEGE OF ENGINEERING,"GAMBHEERAM VILLAGAE,
ANANDAPURAM MANDAL,
VISAKHAPATNAM- 531163",VISHAKHAPATNAM,Unaided - Private,N,N,1-5852691,fetchdata,2012-2013,Engineering and Technology,1,1,1,1,Andhra Pradesh,1
1-720679212,NOVA COLLEGE OF ENGINEERING & TECHNOLOGY FOR WOMEN,"T.V.RELAY STATION ROAD
JUPUDI VILLAGE
IBRAHIMPATNAM MANDAL
KRISHNA DISTRCIT",KRISHNA,Unaided - Private,Y,N,1-5478086,fetchdata,2012-2013,Engineering and Technology,1,1,1,1,Andhra Pradesh,1
1-720740367,E S C GOVT. POLYTECHNIC,"TEKKE,
NANDYAL-518501
KURNOOL (DT),
ANDHRAPRADESH",KURNOOL,Government,N,N,1-445713221,fetchdata,2012-2013,Engineering and Technology,1,1,1,1,Andhra Pradesh,1
1-722829702,SAGI RAMAKRISHNAM RAJU ENGINEERING COLLEGE,"S.R.K.R.ENGINEERING COLLEGE,
CHINNAAMIRAM,
BHIMAVARAM,
WEST GODAVARI DISTRICT,
ANDHRA PRADESH",WEST GODAVARI,Unaided - Private,N,N,1-5906491,fetchdata,2012-2013,Engineering and Technology,1,1,1,1,Andhra Pradesh,1
1-721400233,"GOVERNMENT POLYTECHNIC, VIJAYAWADA",OPP MARIS STELLA COLLEGE,KRISHNA,Government,N,N,1-452266671,fetchdata,2012-2013,Engineering and Technology,1,1,1,1,Andhra Pradesh,1
1-751024692,RAJOLI VEERA REDDY PADMAJA ENGINEERING COLLEGE FOR WOMEN,"PULIVENDULA ROAD, TADIGOTLA VILLAGE, C.K.DINNIE MANDAL,
KADAPA",YSR DISTRICT,Unaided - Private,Y,N,1-5687314,fetchdata,2012-2013,Engineering and Technology,1,1,1,1,Andhra Pradesh,1
1-754617183,GOVERNMENT POLYTECHNIC,GUJARATHI PETA,SRIKAKULAM,Government,N,N,1-454375261,fetchdata,2012-2013,Engineering and Technology,1,1,1,1,Andhra Pradesh,1
1-723595332,SWAMY VIVEKANANDA ENGINEERING COLLEGE,"KALAVARAI(V), BOBBILI MANDALAM, VIZIANAGARAM DIST, ANDHRA PRADESH",VIZIANAGARAM,Unaided - Private,N,N,1-7130971,fetchdata,2012-2013,Engineering and Technology,1,1,1,1,Andhra Pradesh,1
1-723622673,MADANAPALLE INSTITUTE OF TECHNOLOGY & SCIENCE,"10TH KM., ANGALLU (V), NH - 205,
KURABALAKOTA (M),
MADANAPALLE - ANANTAPUR ROAD,",CHITTOOR,Unaided - Private,N,N,1-7603741,fetchdata,2012-2013,Engineering and Technology,1,1,1,1,Andhra Pradesh,1
1-720740012,VEMU INSTITUTE OF TECHNOLOGY,"P.KOTHAKOTA, (NEAR PAKALA)
PUTHALAPATTU MANDAL
CHITTOOR DISTRICT
ANDHRA PRADESH
PIN-517 112",CHITTOOR,Unaided - Private,N,N,1-8725091,fetchdata,2012-2013,Engineering and Technology,1,1,1,1,Andhra Pradesh,1
1-723105932,SRINIVASA INSTITUTE OF TECHNOLOGY & SCIENCE,"CHENNAI- HYDERABAD BYPASS ROAD ,
UKKAYAPALLI (V)
KADAPA",YSR DISTRICT,Unaided - Private,N,N,1-4431071,fetchdata,2012-2013,Engineering and Technology,1,1,1,1,Andhra Pradesh,1
1-723201785,BONAM VENKATACHALAMAYYA INSTITUTE OF TECHNOLOGY & SCIENCE,"BATLAPALEM
AMALAPURAM (MANDAL)
EAST GODAVARI DISTRICT
ANDHRA PRADESH
533221",EAST GODAVARI,Unaided - Private,N,N,1-3140596,fetchdata,2012-2013,Engineering and Technology,1,1,1,1,Andhra Pradesh,1
1-723972702,NEWTON'S INSTITUTE OF ENGINEERING,ALUGURAJU PALLY VILLAGE KOPPUNORU POST MACHERLA GUNTUR DT,GUNTUR,Unaided - Private,N,N,1-9851031,fetchdata,2012-2013,Engineering and Technology,1,1,1,1,Andhra Pradesh,1
1-723678532,PRIYADARSHINI COLLEGE OF ENGINEERING & TECHNOLOGY,"KANUPARTHIPADU
NELLORE - 524004
SPSR  NELLORE(DIST.)",NELLORE,Unaided - Private,N,N,1-2396524,fetchdata,2012-2013,Engineering and Technology,1,1,1,1,Andhra Pradesh,1
1-724859485,SUVR & SR GOVERNMENT POLYTECHNIC FOR WOMEN,"ETHAMUKKLA(POST),
KOTHAPATNAM(MANDAL),
PRAKASAM(DIST)-523280.",PRAKASAM,Government,Y,N,1-460915511,fetchdata,2012-2013,Engineering and Technology,1,1,1,1,Andhra Pradesh,1
1-762355102,SRI VADDAMANU CHIDANANDAM MEMORIAL POLYTECHNIC,"4-2-15
NELLORE ROAD
GOPAVARAM MANDAL",YSR DISTRICT,Unaided - Private,N,N,1-446147101,fetchdata,2012-2013,Engineering and Technology,1,1,1,1,Andhra Pradesh,1
1-723869603,SRI YVS & SRI BRM POLYTECHNIC,"MAIN ROAD
MUKTESWARAM",EAST GODAVARI,Unaided - Private,N,N,1-436301211,fetchdata,2012-2013,Engineering and Technology,1,1,1,1,Andhra Pradesh,1
1-723658742,PRIYADARSHINI INSTITUTE OF TECHNOLOGY,C.RAMACHANDRAPURAM,CHITTOOR,Unaided - Private,N,N,1-2214602,fetchdata,2012-2013,Engineering and Technology,1,1,1,1,Andhra Pradesh,1
1-723990294,NEWTON'S INSTITUTE OF SCIENCE & TECHNOLOGY,ALUGURAJU PALLY VILLAGE KOPPUNORU POST MACHERLA MD,GUNTUR,Unaided - Private,N,N,1-12974863,fetchdata,2012-2013,Engineering and Technology,1,1,1,1,Andhra Pradesh,1
1-725041922,T.G.L.GOPALSETTY POLYTECHNIC,TGK NAGAR,KURNOOL,Unaided - Private,N,N,1-447755101,fetchdata,2012-2013,Engineering and Technology,1,1,1,1,Andhra Pradesh,1
1-723880997,GOVERNMENT POLYTECHNIC,"ZP BOYS HIGH SCHOOL CAMPUS
KAMALAPURAM",YSR DISTRICT,Government,N,N,1-465144811,fetchdata,2012-2013,Engineering and Technology,1,1,1,1,Andhra Pradesh,1
1-725875762,CHAITANYA ENGINEERING COLLEGE,"KOMMADI,
MADHURAWADA,
VISAKHAPATNAM-530041
ANDHRA PRADESH",VISHAKHAPATNAM,Unaided - Private,N,N,1-6656101,fetchdata,2012-2013,Engineering and Technology,1,1,1,1,Andhra Pradesh,1
1-764386312,"GOVERNMENT POLYTECHNIC, PILLARIPATTU",PILLARIPATTU,CHITTOOR,Government,N,N,1-454561923,fetchdata,2012-2013,Engineering and Technology,1,1,1,1,Andhra Pradesh,1
1-723621627,MALINENI LAKSHMAIAH ENGINEERING COLLEGE,"KANUMALLA(V), SINGARAYAKONDA(MD), PRAKASAM (DT), AP.",PRAKASAM,Unaided - Private,N,N,1-7408501,fetchdata,2012-2013,Engineering and Technology,1,1,1,1,Andhra Pradesh,1
1-725297282,INDIRA PRIYADARSHINI COLLEGE OF ENGG AND TECH FOR WOMEN,"NANNUR (V),ORVAKAL (M),
KURNOOL(DIST)-518 002",KURNOOL,Unaided - Private,Y,N,1-6234833,fetchdata,2012-2013,Engineering and Technology,1,1,1,1,Andhra Pradesh,1
1-723961022,SRI VATSAVAI KRISHNAM RAJU COLLEGE OF ENGINEERING&TECHNOLOGY,"SRI VATSAVAI KRISHNAM RAJU COLLEGE OF ENGINEERNING & TECHNOLOGY,GOLLALAKODERU VILLAGE, PALAKODERU MANDAL, BHIMAVARAM-534202",WEST GODAVARI,Unaided - Private,N,N,1-7931436,fetchdata,2012-2013,Engineering and Technology,1,1,1,1,Andhra Pradesh,1
1-724635222,PYDAH COLLEGE OF ENGINEERING & TECHNOLOGY,"GAMBHEERAM
VISAKHAPATNAM",VISHAKHAPATNAM,Unaided - Private,N,N,1-8088571,fetchdata,2012-2013,Engineering and Technology,1,1,1,1,Andhra Pradesh,1
1-725041152,PRAGATI ENGINEERING COLLEGE,"1-378, ADB ROAD, SURAMPALEM,NEAR PEDDAPURAM,E.G.DIST,A.P.",EAST GODAVARI,Unaided - Private,N,N,1-4885880,fetchdata,2012-2013,Engineering and Technology,1,1,1,1,Andhra Pradesh,1
1-725238802,TADIPATRI ENGINEERING COLLEGE,"KADAPA ROAD, VEERAPURAM (V),TADIPATRI(M).",ANANTAPUR,Unaided - Private,N,N,1-4380391,fetchdata,2012-2013,Engineering and Technology,1,1,1,1,Andhra Pradesh,1
1-765185356,"GOVERNMENT POLYTECHNIC, SATYAVEDU","C/O GOVT. JUNIOR COLLEGE, SATYAVEDU",CHITTOOR,Government,N,N,1-463787451,fetchdata,2012-2013,Engineering and Technology,1,1,1,1,Andhra Pradesh,1
1-758576812,SRI SAI COLLEGE OF ENGINEERING & TECHNOLOGY,"LOLURU,SINGANAMALA(MANDAL) ANANTAPUR(D.T)ANDHRA PRADESH(STATE) PIN CODE:515731",ANANTAPUR,Unaided - Private,N,N,1-5838786,fetchdata,2012-2013,Engineering and Technology,1,1,1,1,Andhra Pradesh,1
1-759338749,S.V.GOVERNMENT POLYTECHNIC,"KAPILA THEERTHAM ROAD, OPP: T.T.D ADMN. BUILDING",CHITTOOR,Government,N,N,1-455999511,fetchdata,2012-2013,Engineering and Technology,1,1,1,1,Andhra Pradesh,1
1-757973224,"JOGAIAH INSTITUTE OF TECHNOLOGY & SCIENCES, COLLEGE OF ENGINEERING","NH-214, CHINCHINADA ROAD,
 KALAGAMPUDI,
ELAMANCHILI MANDAL
WEST GODAVARI
ANDHRA PRADESH",WEST GODAVARI,Unaided - Private,N,N,1-7158893,fetchdata,2012-2013,Engineering and Technology,1,1,1,1,Andhra Pradesh,1
1-757954463,INDO AMERICAN INSTITUTIONS - TECHNICAL CAMPUS,"INDO AMERICAN VALLEY,
SANKARAM VILLAGE,
BATLAPUDI POST,
ANAKAPALLE MANDAL,",VISHAKHAPATNAM,Unaided - Private,N,N,1-434059261,fetchdata,2012-2013,Engineering and Technology,1,1,1,1,Andhra Pradesh,1
1-759973507,"GOVT. POLYTECHNIC,DHARMAVARAM, GOVT. OF A.P","GUTTAKINDI PALLI
NEAR GOVT.DEGREE COLLEGE,
DHARMAVARAM,
ANANTAPUR DIST",ANANTAPUR,Government,N,N,1-454585981,fetchdata,2012-2013,Engineering and Technology,1,1,1,1,Andhra Pradesh,1
1-760145482,GANDHIJI INSTITUTE OF SCIENCE AND TECHNOLOGY,"NEAR KONGARAMALLAIGH GATTU,
OPP-RELIANCE PETROL BUNK,
GATTU BHIMAVARAM (VILLAGE),
VATSAVAI ( MANDAL),
KRISHNA DISTRICT,
ANDHRA PRADESH,
PIN-521 ",KRISHNA,Unaided - Private,N,N,1-10271391,fetchdata,2012-2013,Engineering and Technology,1,1,1,1,Andhra Pradesh,1
1-760667713,"GOVT. POLYTECHNIC,MADAKASIRA,  GOVT. OF A.P","C/O SYTR GOVT. DEGREE COLLEGE CAMPUS,
MADAKASIRA,
ANANTAPUR DIST",ANANTAPUR,Government,N,N,1-454561201,fetchdata,2012-2013,Engineering and Technology,1,1,1,1,Andhra Pradesh,1
1-759071028,VISAKA ENGINEERING COLLEGE (PROPOSED: BABA INSTITUTE OF TECHNOLOGY AND SCIENCES ),"P M PALEM, MADHURAWADA",VISHAKHAPATNAM,Unaided - Private,N,N,1-3291051,fetchdata,2012-2013,Engineering and Technology,1,1,1,1,Andhra Pradesh,1
1-760722793,ATMAKUR ENGINEERING COLLEGE,NELLOREPALEM-VILLAGE,NELLORE,Unaided - Private,N,N,1-6894121,fetchdata,2012-2013,Engineering and Technology,1,1,1,1,Andhra Pradesh,1
1-761228722,CHIRALA ENGINEERING COLLEGE,"RAMAPURAM BEACH ROAD
AKKAYYAPALEM VILLAGE
VETAPALEM MANDAL
PRAKASAM DISTRICT",PRAKASAM,Unaided - Private,N,N,1-10435671,fetchdata,2012-2013,Engineering and Technology,1,1,1,1,Andhra Pradesh,1
1-757828983,BHASKARA INSTITUTE OF TECHNOLOGY AND SCIENCE,"MITHRA INSTITUTE OF TECHNOLOGY,
CHINARAVUPALLI VILLAGE,
ETCHERLA POST,
SRIKAKULAM DIST.,
ANDHRA PRADESH.
PIN :532 410",SRIKAKULAM,Unaided - Private,N,N,1-16740411,fetchdata,2012-2013,Engineering and Technology,1,1,1,1,Andhra Pradesh,1
1-759318073,GOVERNMENT POLYTECHNIC NELLORE,VENKATESWARAPURAM,NELLORE,Government,N,N,1-455937761,fetchdata,2012-2013,Engineering and Technology,1,1,1,1,Andhra Pradesh,1
1-762462812,SREENIVASA COLLEGE OF ENGINEERING & TECHNOLOGY.,"NH-7, LAKSHMIPURAM(V), KURNOOL.",KURNOOL,Unaided - Private,N,N,1-6948153,fetchdata,2012-2013,Engineering and Technology,1,1,1,1,Andhra Pradesh,1
1-761092523,GOVERNMENT POLYTECHNIC,ADDANKI,PRAKASAM,Government,N,N,1-475006541,fetchdata,2012-2013,Engineering and Technology,1,1,1,1,Andhra Pradesh,1
1-759796514,"GOVT. POLYTECHNIC FOR WOMEN, HINDUPUR, GOVT. OF A.P","GUDDAM
HINDUPUR
ANANTAPUR DT",ANANTAPUR,Government,Y,N,1-454592681,fetchdata,2012-2013,Engineering and Technology,1,1,1,1,Andhra Pradesh,1
1-778218262,SHRI SAI INSTITUTE OF ENGINEERING AND TECHNOLOGY,"#2-383,NH-7, VADIYAMPETA (POST) PODARALLA (VILLAGE)
BUKKARAYASAMUDRAM(MANDAL),ANANTAPUR (DIST)
ANANTAPUR - 515731",ANANTAPUR,Unaided - Private,N,N,1-7731231,fetchdata,2012-2013,Engineering and Technology,1,1,1,1,Andhra Pradesh,1
1-760267700,RAJIV GANDHI RECS POLYTECHNIC,"RECS,OPPSITE TO BPCL PETROL BUNK,KASIMKOTA",VISHAKHAPATNAM,Unaided - Private,N,N,1-462392761,fetchdata,2012-2013,Engineering and Technology,1,1,1,1,Andhra Pradesh,1
1-772170991,BEHARA TECHNICAL CAMPUS(BEHARA POLYTECHNIC),"NARAVA, 57TH WARD, GVMC, VISAKHAPATNAM,A.P. PIN-5300",VISHAKHAPATNAM,Unaided - Private,N,N,,fetchdata,2012-2013,Engineering and Technology,1,1,1,1,Andhra Pradesh,1
1-762768066,SAROJINI INSTITUTE OF TECHNOLOGY,"TELAPROLU VILLAGE,UNGUTURU MANDAL,NEAR GANNAVARAM,KRISHNA DIST,ANDHRA PRADESH,521109",KRISHNA,Unaided - Private,N,N,1-8777591,fetchdata,2012-2013,Engineering and Technology,1,1,1,1,Andhra Pradesh,1
1-762360612,HELAPURI INSTITUTE OF TECHNOLOGY & SCIENCE,"VEGAVARAM, DENDULURU MANDAL, ELURU, WEST GODAVARI DISTRICT, ANDHRA PRADESH",WEST GODAVARI,Unaided - Private,N,N,1-5399791,fetchdata,2012-2013,Engineering and Technology,1,1,1,1,Andhra Pradesh,1
1-760889832,ANDHRA UNIVERSITY COLLEGE OF ENGINEERING,"ANDHRA UNIVERSITY, WALTAIR",VISHAKHAPATNAM,Government,N,N,1-489841401,fetchdata,2012-2013,Engineering and Technology,1,1,1,1,Andhra Pradesh,1
1-763211452,MALINENI LAKSHMAIAH WOMEN'S ENGINEERING COLLEGE,"PULLADIGUNTA(V), VATTICHERUKURU(MD), GUNTUR - 522017",GUNTUR,Unaided - Private,Y,N,1-3106414,fetchdata,2012-2013,Engineering and Technology,1,1,1,1,Andhra Pradesh,1
1-760749282,KAKINADA INSTITUE OF TECHNOLOGICAL SCIENCES,"KAKINADA INSTITUE OF TECHNOLOGICAL SCIENCES
AMBIKAPALLI AGRAHARAM VILLAGE
RAMACHNDRAPURAM MANDAL
EAST GODAVARI DISTRICT",EAST GODAVARI,Unaided - Private,N,N,1-2736031,fetchdata,2012-2013,Engineering and Technology,1,1,1,1,Andhra Pradesh,1
1-695237621,SWAMY VIVEKANANDA POLYTECHNIC,KALAVARAI VILLAGE,VIZIANAGARAM,Unaided - Private,N,N,1-475275711,fetchdata,2012-2013,Engineering and Technology,1,1,1,1,Andhra Pradesh,1
1-721881433,GOVENMENT POLYTECHNIC,"E.E.BANGALOW
NEAR R&B GUEST HOUSE",KRISHNA,Government,N,N,1-474252861,fetchdata,2012-2013,Engineering and Technology,1,1,1,1,Andhra Pradesh,1
1-696347471,NARSAPUR INSTITUTE OF TECHNOLOGY,"RAJEEV NAGAR ROAD, LAKSHMANESWRAM VILLAGE
NARSAPUR
WEST GODVARI DISTRICT
ANDHRA PRADESH",WEST GODAVARI,Unaided - Private,N,N,1-4449495,fetchdata,2012-2013,Engineering and Technology,1,1,1,1,Andhra Pradesh,1
1-688646151,SRINIVASA RAMANUJAN INSTITUTE OF TECHNOLOGY,"ROTARYPURAM (VILLAGE)
B K SAMUDRAM (MANDAL)
ANANTAPUR (DISTRICT)",ANANTAPUR,Unaided - Private,N,N,1-1710534,fetchdata,2012-2013,Engineering and Technology,1,1,1,1,Andhra Pradesh,1
1-688324971,KAKINADA INSTITUTE OF TECHNOLOGY AND SCIENCE,"TIRUPATHI VILLAGE
PEDDAPURAM MANDAL
EAST GODAWARI DIST.,
ANDRAPRADESH-533433",EAST GODAVARI,Unaided - Private,N,N,1-4781171,fetchdata,2012-2013,Engineering and Technology,1,1,1,1,Andhra Pradesh,1
1-688789601,SANKETIKA POLYTECHNIC COLLEGE,"BEHIND CRICKET STADIUM, P.M. PALEM",VISHAKHAPATNAM,Unaided - Private,N,N,1-447694061,fetchdata,2012-2013,Engineering and Technology,1,1,1,1,Andhra Pradesh,1
1-689344111,AMRITA SAI INSTITUTE OF SCIENCE AND TECHNOLOGY,"AMRITA SAI NAGAR, 
PARITALA POST,
KANCHIKACHERLA MANDAL,
KRISHNA DIST,
A.P. - 521180, INDIA.",KRISHNA,Unaided - Private,N,N,1-3038007,fetchdata,2012-2013,Engineering and Technology,1,1,1,1,Andhra Pradesh,1
1-689352741,SWARNANDHRA INSTITUTE OF ENGINEERING & TECHNOLOGY,"SEETHARAMPURAM, NARSAPUR, W.G.DT. 534280 ANDHRA PRADESH.",WEST GODAVARI,Unaided - Private,N,N,1-3755274,fetchdata,2012-2013,Engineering and Technology,1,1,1,1,Andhra Pradesh,1
1-773986211,SESHACHALA POLYTECHNIC COLLEGE,"SVS NAGAR,
SV PURAM VILLAGE,
VADAMALAPET,
TIRUPATI",CHITTOOR,Unaided - Private,N,N,,fetchdata,2012-2013,Engineering and Technology,1,1,1,1,Andhra Pradesh,1
1-688477751,VIKAS COLLEGE OF ENGINEERING & TECHNOLOGY,"NUNNA VILLAGE & POST,
VIJAYAWADA RURAL MANDAL,
KRISHNA DIST.",KRISHNA,Unaided - Private,N,N,1-4233034,fetchdata,2012-2013,Engineering and Technology,1,1,1,1,Andhra Pradesh,1
1-772064952,SRI PADMAVATHI WOMENS POLYTECHNIC,"NEAR SV DAIRY FARM, CHITTOOR ROAD,",CHITTOOR,Govt aided,Y,N,1-479882101,fetchdata,2012-2013,Engineering and Technology,1,1,1,1,Andhra Pradesh,1
1-688316571,SRI VENKATESWARA UNIVERSITY COLLEGE OF ENGINEERING,SRI VENKATESWARA UNIVERSITY COLLEGE OF ENGINEERING,CHITTOOR,Government,N,N,1-497512909,fetchdata,2012-2013,Engineering and Technology,1,1,1,1,Andhra Pradesh,1
1-776839441,MRS. A V N COLLEGE,"21-1-17, AVN COLLEGE ROAD, NEAR POORNA MARKET, BACK SIDE OF KGH,",VISHAKHAPATNAM,Govt aided,N,N,,fetchdata,2012-2013,Engineering and Technology,1,1,1,1,Andhra Pradesh,1
1-689430321,SIR C R REDDY COLLEGE OF ENGINEERING,"VATLURU
ELURU
WEST GODAVARI DISTRICT",WEST GODAVARI,Unaided - Private,N,N,1-5443411,fetchdata,2012-2013,Engineering and Technology,1,1,1,1,Andhra Pradesh,1
1-688566341,VITS GROUP OF INSTITUTIONS,"SONTYAM (VILLAGE)
ANANDAPURAM (MANDAL)",VISHAKHAPATNAM,Unaided - Private,N,N,1-12393881,fetchdata,2012-2013,Engineering and Technology,1,1,1,1,Andhra Pradesh,1
1-688342451,VIGNAN'S LARA INSTITUTE OF TECHNOLOGY & SCIENCE,"VADLAMUDI,
CHEBROLU MANDAL,
GUNTUR DISTRICT - 522 213.
ANDHRA PRADESH,
INDIA.",GUNTUR,Unaided - Private,N,N,1-4225801,fetchdata,2012-2013,Engineering and Technology,1,1,1,1,Andhra Pradesh,1
1-689372521,SASI INSTITUTE OF TECHNOLOGY & ENGINEERING,"PERMANENT LOCATION AS APPROVED BY AICTE ,
KADAKATLA,
TADEPALLIGUDEM,
WEST GODAVARI",WEST GODAVARI,Unaided - Private,N,N,1-4319851,fetchdata,2012-2013,Engineering and Technology,1,1,1,1,Andhra Pradesh,1
1-688463641,AL- HUDA POLYTECHNIC,"YALAMAVARIDINNE
VIA CHILDERNS PARK ROAD
NEAR CHINTHAREDDY PALEM
NELLORE",NELLORE,Unaided - Private,N,Y,1-445465531,fetchdata,2012-2013,Engineering and Technology,1,1,1,1,Andhra Pradesh,1
1-688361471,VASAVI POLYTECHNIC,"KOILAKUNTLA ROAD,
BANAGANAPALLE -518124.
KURNOOL (DT).
A.P",KURNOOL,Unaided - Private,N,N,1-412330821,fetchdata,2012-2013,Engineering and Technology,1,1,1,1,Andhra Pradesh,1
1-688473556,PRASAD V POTLURI SIDDHARTHA INSTITUE OF TECHNOLOGY,"DEVABHAKTUNI RAMALINGESWARA RAO ROAD
KANURU  PENAMALURU MANDAL
VIJAYAWADA",KRISHNA,Unaided - Private,N,N,1-2509654,fetchdata,2012-2013,Engineering and Technology,1,1,1,1,Andhra Pradesh,1
1-689374911,SRI VENKATESWARA INSTITUTE OF SCIENCE & INFORMATION TECHNOLOGY,"VENKATRAMANNAGUDEM - THELIKICHERLA ROAD, PRAKASARAOPALEM (V), NALLAJERLA (M), TADEPALLIGUDEM - 534101, W.G. DT. A.P.",WEST GODAVARI,Unaided - Private,N,N,1-6041831,fetchdata,2012-2013,Engineering and Technology,1,1,1,1,Andhra Pradesh,1
1-690683371,K.S.R.M. COLLEGE OF ENGINEERING,"YERRAMASUPALLI VILLAGE
CHINTAKOMMA DINNE MANDAL
KADAPA",YSR DISTRICT,Unaided - Private,N,N,1-4543611,fetchdata,2012-2013,Engineering and Technology,1,1,1,1,Andhra Pradesh,1
1-690713061,KANDULA OBULA REDDY MEMORIAL COLLEGE OF ENGINEERING,"TADIGOTLA, 
CHINTAKOMMADINNE (MANDAL)
KADAPA",YSR DISTRICT,Unaided - Private,N,N,1-5871703,fetchdata,2012-2013,Engineering and Technology,1,1,1,1,Andhra Pradesh,1
1-689589681,PRAVEENYA INSTITUTE OF MARINE ENGINEERING & MARITIME STUDIES,"MODAVALASA VILLAGE, DENKADA MANDAL, VIZIANAGARAM DISTRICT-531162.",VIZIANAGARAM,Unaided - Private,N,N,1-15650003,fetchdata,2012-2013,Engineering and Technology,1,1,1,1,Andhra Pradesh,1
1-689720181,SRINIVASA INSTITUTE OF ENGINEERING AND TECHNOLOGY,"NH 214, KAKINADA-AMALAPURAM ROAD,
CHEYYERU VILLAGE,
KATRENIKONA MANDAL,
AMALAPURAM-533222",EAST GODAVARI,Unaided - Private,N,N,1-4636134,fetchdata,2012-2013,Engineering and Technology,1,1,1,1,Andhra Pradesh,1
1-690002202,SRI VASAVI ENGINEERING COLLEGE,"PEDATADEPALLI,
TADEPALLIGUDEM",WEST GODAVARI,Unaided - Private,N,N,1-4889341,fetchdata,2012-2013,Engineering and Technology,1,1,1,1,Andhra Pradesh,1
1-689472641,INTERNATIONAL SCHOOL OF TECHNOLOGY AND SCIENCES FOR WOMEN,"EAST GONA GUDEM (VIL),
RAJA NAGARAM(MAN),
EAST GODAVARI (DIST).",EAST GODAVARI,Unaided - Private,Y,N,1-37485014,fetchdata,2012-2013,Engineering and Technology,1,1,1,1,Andhra Pradesh,1
1-689597701,LENORA COLLEGE OF ENGINEERING,IRLAPALLY VILLAGE RAMPACHODAVARM EAST GODAVRI,EAST GODAVARI,Unaided - Private,N,N,1-10347270,fetchdata,2012-2013,Engineering and Technology,1,1,1,1,Andhra Pradesh,1
1-770856602,ACHARYA COLLEGE OF ENGINEERING,"D-AGRAHARAM VILLAGE
REKALAKUNTA, BRAMHAMGARI MATAM MANDAL,
NEAR BADVEL, ON BADVEL-MYDUKUR HIGHWAY
KADAPA  516501",YSR DISTRICT,Unaided - Private,N,N,1-11639121,fetchdata,2012-2013,Engineering and Technology,1,1,1,1,Andhra Pradesh,1
1-689692241,GATES INSTITUTE OF TECHNOLOGY,"NH-7, GOOTYANANTAPUR, ANANTAPUR - 515401, 
ANDHRA PRADESH",ANANTAPUR,Unaided - Private,N,N,1-7021304,fetchdata,2012-2013,Engineering and Technology,1,1,1,1,Andhra Pradesh,1
1-689615821,CHUNDI RANGANAYAKULU POLYTECHNIC,"7-249,
GANAPAVARAM, 
CHILAKALURIPET,NADENDLA (MD)
GUNTUR(DT)",GUNTUR,Unaided - Private,N,N,1-422736341,fetchdata,2012-2013,Engineering and Technology,1,1,1,1,Andhra Pradesh,1
1-690646781,A.V.N.POLYTECHNIC,ANNAVARAM ROAD,KRISHNA,Unaided - Private,N,N,1-441937191,fetchdata,2012-2013,Engineering and Technology,1,1,1,1,Andhra Pradesh,1
1-689612855,DAITA MADHUSUDANA SASTRY SRI VENKATESWARA HINDU COLLEGE OF ENGINEERING,"DAITA MADHUSUDANA SASTRY SRI VENKATESWARA HINDU COLLEGE OF ENGINEERING,
MACHILIPATNAM
PIN - 521 002",KRISHNA,Unaided - Private,N,N,1-447958521,fetchdata,2012-2013,Engineering and Technology,1,1,1,1,Andhra Pradesh,1
1-690037251,QIS COLLEGE OF ENGINEERING & TECHNOLOGY,"PONDUR ROAD,
VENGAMUKKAPALEM,
ONGOLE-523272",PRAKASAM,Unaided - Private,N,N,1-2819834,fetchdata,2012-2013,Engineering and Technology,1,1,1,1,Andhra Pradesh,1
1-690479891,K.E.S.POLYTECHNIC FOR WOMEN,"P.W.D.GROUNDS, VIJAYAWADA 520002",KRISHNA,Unaided - Private,Y,N,1-434671821,fetchdata,2012-2013,Engineering and Technology,1,1,1,1,Andhra Pradesh,1
1-689656741,SRI KRISHNADEVARAYA ENGINEERING COLLEGE,"NH-7, GOOTY ANANTAPURAM,
GOOTY,
ANANTAPUR(DIST),
A.P-515401.",ANANTAPUR,Unaided - Private,N,N,1-2933011,fetchdata,2012-2013,Engineering and Technology,1,1,1,1,Andhra Pradesh,1
1-689821211,SRI VARALAKSHMI POLYTECHNIC,"NEAR CHILAKALPUDI RAILWAY STATION
CHILAKALAPUDI",KRISHNA,Unaided - Private,N,N,1-428268011,fetchdata,2012-2013,Engineering and Technology,1,1,1,1,Andhra Pradesh,1
1-689603511,GOVERNMENT POLYTECHNIC GANNAVARAM,Z P BOYS HIGH SCHOOL CAMPUS,KRISHNA,Government,N,N,1-453497791,fetchdata,2012-2013,Engineering and Technology,1,1,1,1,Andhra Pradesh,1
1-690707531,VIGNAN'S INSTITUTE OF INFORMATION TECHNOLOGY,"VIGNAN'S INSTITUTE OF INFORMATION TECHNOLOGY,
BESIDE VSEZ, DUVVADA,
VEPZ (POST),
GAJUWAKA,
VISAKHAPATNAM-530049.",VISHAKHAPATNAM,Unaided - Private,N,N,1-2511162,fetchdata,2012-2013,Engineering and Technology,1,1,1,1,Andhra Pradesh,1
1-690610281,VIKAS POLYTECHNIC COLLEGE,PUTRELA ROAD,KRISHNA,Unaided - Private,N,N,1-424545981,fetchdata,2012-2013,Engineering and Technology,1,1,1,1,Andhra Pradesh,1
1-690755781,MOTHER THERESA EDUCATIONAL SOCIETY GROUP OF INSTITUTIONS,"NUNNA VILLAGE, 
VIJAYAWADA RURAL MANDAL,
KRISHNA DIST.",KRISHNA,Unaided - Private,N,N,1-5601571,fetchdata,2012-2013,Engineering and Technology,1,1,1,1,Andhra Pradesh,1
1-722590572,DHANEKULA INSTITUTE OF ENGINEERING & TECHNOLOGY,"DHANEKULA INSTITUTE OF ENGINEERING & TECHNOLOGY
GANGURU
PENAMALURU MANDALAM
VIJAYAWADA
ANDHRA PRADESH - 521 139
INDIA",KRISHNA,Unaided - Private,N,N,1-1548741,fetchdata,2012-2013,Engineering and Technology,1,1,1,1,Andhra Pradesh,1
1-764543882,GOVERNMENT POLYTECHNIC,"TILAK NAGAR,
GUDUR -524101
SPSR NELLORE(DIST)",NELLORE,Government,N,N,1-457263301,fetchdata,2012-2013,Engineering and Technology,1,1,1,1,Andhra Pradesh,1
1-824418931,AVANTHI'S RESEARCH & SCIENTIFIC TECHNOLOGICAL ACADEMY,"KAVULAVADA VILLAGE,
BHOGAPURAM MANDAL
VIZIANAGARAM DIST.",VIZIANAGARAM,Unaided - Private,N,N,,fetchdata,2012-2013,Engineering and Technology,1,1,1,1,Andhra Pradesh,1
1-808319152,YALAMARTY COLLEGE OF POLYTECHNIC,"YALAMARTY NAGAR, TARULAVADA, ANANDAPURAM , VISAKHAPATNAM.",VISHAKHAPATNAM,Unaided - Private,N,N,1-475432291,fetchdata,2012-2013,Engineering and Technology,1,1,1,1,Andhra Pradesh,1
1-764106282,GOVERNMENT POLYTECHNIC,ENGINEERING COLLEGGE ROAD,ANANTAPUR,Government,N,N,1-453990531,fetchdata,2012-2013,Engineering and Technology,1,1,1,1,Andhra Pradesh,1
1-773216664,R.K. COLLEGE OF ENGINEERING,"R.S.NO.52,53 ,NAVEPOTAVARAM VILLAGE,KETHANA KONDA,IBRAHIMPATNAM 521456,VIJAYAWADA,A.P.",KRISHNA,Unaided - Private,N,N,1-9752331,fetchdata,2012-2013,Engineering and Technology,1,1,1,1,Andhra Pradesh,1
1-764114232,GOVERNMENT POLYTECHNIC FOR MINORITIES,"B-THANDRAPADU
KURNOOL-2",KURNOOL,Government,N,Y,1-456876091,fetchdata,2012-2013,Engineering and Technology,1,1,1,1,Andhra Pradesh,1
1-773385765,LOYOLA POLYTECHNIC (YSRR),"BAKARAPURAM,
LOYOLA COLLEGE COMPOUND,
PULIVENDLA - 516390
YSR DIST.
ANDHRA PRADESH",YSR DISTRICT,Unaided - Private,N,Y,1-449929001,fetchdata,2012-2013,Engineering and Technology,1,1,1,1,Andhra Pradesh,1
1-773280972,AKSHAYA BHARATHI INSTITUTE OF TECHNOLOGY,"R S NAGAR, 
SIDDAVATAM,
KADAPA,
ANDHRA PRADESH",YSR DISTRICT,Unaided - Private,N,N,1-4166824,fetchdata,2012-2013,Engineering and Technology,1,1,1,1,Andhra Pradesh,1
1-773455362,MONTESSORI SIVA SIVANI INSTITUTE OF SCIENCE AND TECHNOLOGY-COLLEGE OF ENGINEERING,"MONTESSORI SIVA SIVANI INSTITUTE OF SCIENCE AND TECHNOLOGY-COLLEGE OF ENGINEERING,GURRAJUPALEM,MYLAVARAM-521230,KRISHANA DIST,AP.",KRISHNA,Unaided - Private,N,N,1-34285321,fetchdata,2012-2013,Engineering and Technology,1,1,1,1,Andhra Pradesh,1
1-727724352,AKULA SREERAMULU COLLEGE OF ENGINEERING AND TECHNOLOGY,"TURANGI, KAKINADA, E.G.DIST.",EAST GODAVARI,Unaided - Private,N,N,1-5945491,fetchdata,2012-2013,Engineering and Technology,1,1,1,1,Andhra Pradesh,1
1-727847427,GRANDHI VARALAKSHMI VENKATA RAO INSTITUTE OF TECHNOLOGY,"VEMPA ROAD 
TUNDURRU
BHIMAVARAM MANDAL
BHIMAVARAM
PIN : 534207
WEST GODAVARI DISTRICT",WEST GODAVARI,Unaided - Private,N,N,1-4499657,fetchdata,2012-2013,Engineering and Technology,1,1,1,1,Andhra Pradesh,1
1-727751442,SREERAMULU INSTITUTE OF TECHNOLOGY,"TETALI, TANUKU-534218, W.G.DIST, A.P.",WEST GODAVARI,Unaided - Private,N,N,1-4564461,fetchdata,2012-2013,Engineering and Technology,1,1,1,1,Andhra Pradesh,1
1-727686562,J.B.WOMENS EINGINEERING COLLEGE,"DAMINEDU VILLAGE,
RENIGUNTA ROAD,
TIRUPATI.",CHITTOOR,Unaided - Private,Y,N,1-9715611,fetchdata,2012-2013,Engineering and Technology,1,1,1,1,Andhra Pradesh,1
1-725991710,VIJAYA INSTITUTE OF TECHNOLOGY FOR WOMEN,"ENIKEPADU
VIJAYAWADA",KRISHNA,Unaided - Private,Y,N,1-11965891,fetchdata,2012-2013,Engineering and Technology,1,1,1,1,Andhra Pradesh,1
1-727657505,AKULA SREERAMULU COLLEGE OF ENGINEERING,"NH-5, TETALI-534218, 
TANUKU, 
W.G.DIST, A.P.",WEST GODAVARI,Unaided - Private,N,N,1-5568726,fetchdata,2012-2013,Engineering and Technology,1,1,1,1,Andhra Pradesh,1
1-727992683,KANDULA LAKSHUMMA MEMORIAL COLLEGE OF ENGINEERING FOR WOMEN,"THADIGOTLA VILLAGE,
C.K.DINNE MANDAL,
KADAPA.",YSR DISTRICT,Unaided - Private,Y,N,1-6093421,fetchdata,2012-2013,Engineering and Technology,1,1,1,1,Andhra Pradesh,1
1-727801563,CHAITANYA INSTITUTE OF SCIENCE AND TECHNOLOGY,MADHAVA PATNAM,EAST GODAVARI,Unaided - Private,N,N,1-16895401,fetchdata,2012-2013,Engineering and Technology,1,1,1,1,Andhra Pradesh,1
1-726198242,VAAGDEVI INSTITUTE OF TECHNOLOGY & SCIENCE,"PEDDASETTIPALLY(VILLAGE)
PRODDATUR(MANDAL)
CUDDAPAH(DT)
ANDHRA PRADESH- 516 360",YSR DISTRICT,Unaided - Private,N,N,1-2020098,fetchdata,2012-2013,Engineering and Technology,1,1,1,1,Andhra Pradesh,1
1-725986433,VISAKHA INSTITUTE OF ENGINEERING & TECHNOLOGY,"57TH DIVISION, NARAVA, VISAKHAPATNAM",VISHAKHAPATNAM,Unaided - Private,N,N,1-3242944,fetchdata,2012-2013,Engineering and Technology,1,1,1,1,Andhra Pradesh,1
1-727635552,GOVERNMENT POLYTECHNIC,CSTS DEGREE COLLEGE CAMPUS,WEST GODAVARI,Government,N,N,1-463269041,fetchdata,2012-2013,Engineering and Technology,1,1,1,1,Andhra Pradesh,1
1-729265203,GOVERNMENT POLYTECHNIC,"C/O GOVERNMENT DEGREE COLLEGE CAMPUS,
KALYANADURG",ANANTAPUR,Government,N,N,1-464922171,fetchdata,2012-2013,Engineering and Technology,1,1,1,1,Andhra Pradesh,1
1-726921614,"AVANTHI S ST.THERESSA INSTITUTE OF ENGINEERING AND TECHNOLOGY,GARIVIDI","GARBHAM ROAD,
GARIVIDI (CHEEPURUPALLI),
VIZIANAGARAM DISTRICT",VIZIANAGARAM,Unaided - Private,N,N,1-5123173,fetchdata,2012-2013,Engineering and Technology,1,1,1,1,Andhra Pradesh,1
1-726062273,VISAKHA TECHNICAL CAMPUS,"57TH DIVISION, NARAVA, VISAKHAPATNAM 530027",VISHAKHAPATNAM,Unaided - Private,N,N,1-5947441,fetchdata,2012-2013,Engineering and Technology,1,1,1,1,Andhra Pradesh,1
1-727692722,BUCHEPALLI VENKAYAMMA SUBBAREDDY ENGINEERING COLLEGE,KURNOOL ROAD,PRAKASAM,Unaided - Private,N,N,1-16461651,fetchdata,2012-2013,Engineering and Technology,1,1,1,1,Andhra Pradesh,1
1-727618510,AKULA SREERAMULU INSTITUTE OF ENGINEERING AND TECHNOLOGY,"PRATHIPADDU
TADEPALLIGUDEM
WESTGODAVARI DIST",WEST GODAVARI,Unaided - Private,N,N,1-5902261,fetchdata,2012-2013,Engineering and Technology,1,1,1,1,Andhra Pradesh,1
1-727671258,JNTUA COLLEGE OF ENGINEERING,"SIR M VISWESWARAIAH ROAD,
ANANTAPUR-
515002",ANANTAPUR,Government,N,N,1-448409851,fetchdata,2012-2013,Engineering and Technology,1,1,1,1,Andhra Pradesh,1
1-729860522,SRI PADMAVATHI ENGINEERING COLLEGE,"MUSUNUR VILLAGE, KAVALI MANDAL, 
NELLORE DT",NELLORE,Unaided - Private,N,N,1-44819251,fetchdata,2012-2013,Engineering and Technology,1,1,1,1,Andhra Pradesh,1
1-770794582,GOVERNMENT POLYTECHNIC,GOVT. JUNIOR COLLEGE CAMPUS,SRIKAKULAM,Government,N,N,1-456702831,fetchdata,2012-2013,Engineering and Technology,1,1,1,1,Andhra Pradesh,1
1-732453784,TAYYIB MUSLIM POLYTECHNIC,"NEAR BUILTUP,
PULIVENDALA ROAD
RAMARAJU PALLI,
KADAPA,
ANDHRA PRADESH",YSR DISTRICT,Unaided - Private,N,Y,1-485033091,fetchdata,2012-2013,Engineering and Technology,1,1,1,1,Andhra Pradesh,1
1-730025375,SRI PRAKASH COLLEGE OF ENGINEERING,"RAJUPETA VILLAGE
KOTTURU PANCHAYAT",EAST GODAVARI,Unaided - Private,N,N,1-6909001,fetchdata,2012-2013,Engineering and Technology,1,1,1,1,Andhra Pradesh,1
1-729890085,ANAKAPALLE MERCHANTS ASSOCIATION KONATHALA SUBRAHMANYAM & IMMEDISETTY KANAKARAJU COLLEGE OF TECHNOLO,"KOTHURU VILLAGE
ANAKAPALLE MANDAL
ANAKAPALLE
VISAKHA DIST.
ANDHRA PRADESH
531001",VISHAKHAPATNAM,Unaided - Private,N,N,1-2786871,fetchdata,2012-2013,Engineering and Technology,1,1,1,1,Andhra Pradesh,1
1-731233642,A.V.R & S.V.R ENGINEERING COLLEGE,"NH-18,
NANNUR(V)
ORVAKAL(M),
KURNOOL(DT)
518002.",KURNOOL,Unaided - Private,N,N,1-8637024,fetchdata,2012-2013,Engineering and Technology,1,1,1,1,Andhra Pradesh,1
1-730169582,GUNTUR ENGINEERING COLLEGE,"OPP. KATURI MEDICAL COLLEGE,
NH - 5, 
YANAMADALA, 
GUNTUR - 522019",GUNTUR,Unaided - Private,N,N,1-4418451,fetchdata,2012-2013,Engineering and Technology,1,1,1,1,Andhra Pradesh,1
1-730278002,NANNAPANENI VENKAT RAO COLLEGE OF ENGINEERING & TECHNOLOGY,"TENALI, GUNTUR DT.",GUNTUR,Unaided - Private,N,N,1-5029173,fetchdata,2012-2013,Engineering and Technology,1,1,1,1,Andhra Pradesh,1
1-732301580,"SPATIAL INFORMATION TECHNOLOGY,IST,JNTUK","JNTUK,KAKINADA",EAST GODAVARI,University Managed,N,N,1-515086231,fetchdata,2012-2013,Engineering and Technology,1,1,1,1,Andhra Pradesh,1
1-731504630,QUBA COLLEGE OF ENGINEERING & TECHNOLOGY,"KANPUR BIT - I,
VENKATACHALAM(POST & MANDAL),
SPSR NELLORE DISTRICT - A.P.
PIN - 524 320.",NELLORE,Unaided - Private,N,Y,1-6944964,fetchdata,2012-2013,Engineering and Technology,1,1,1,1,Andhra Pradesh,1
1-731156890,JAGAN'S COLLEGE OF ENGINEERING AND TECHNOLOGY,"CHOUTAPALEM
VENKATACHALAM MANDAL
SPSR NELLORE DISTRICT
524320",NELLORE,Unaided - Private,N,N,1-8661111,fetchdata,2012-2013,Engineering and Technology,1,1,1,1,Andhra Pradesh,1
1-729913032,NALANDA INSTITUTE OF ENGINEERING & TECHNOLOGY,"SIDDHARTH NAGAR,
KANTEPUDI (V),
SATTENAPALLI (M),
GUNTUR DISTRICT - 522 438,
ANDHRA PRADESH",GUNTUR,Unaided - Private,N,N,1-7030093,fetchdata,2012-2013,Engineering and Technology,1,1,1,1,Andhra Pradesh,1
1-730208853,"DR. Y. C. JAMES YEN RURAL POLYTECHNIC, KUPPAM","YANADIPALLI VILLAGE, KRISNADASANA PALLI POST,",CHITTOOR,Unaided - Private,N,N,1-475218391,fetchdata,2012-2013,Engineering and Technology,1,1,1,1,Andhra Pradesh,1
1-730330752,SHIVA RAMA KRISHNA COLLEGE OF ENGINEERING & TECHNOLOGY,"TECHNOVALLEY, TURAKALAKOTA,
NANDIGAM MANDAL,
SRIKAKULAM DIST.,
ANDHRA PRADESH
532220",SRIKAKULAM,Unaided - Private,N,N,1-9714171,fetchdata,2012-2013,Engineering and Technology,1,1,1,1,Andhra Pradesh,1
1-730302732,NARAYANADRI INSTITUTE OF SCIENCE AND TECHNOLOGY,"VENKATAPALLI ROAD, NEAR GOVT DEGREE COLLEGE,
RAJAMPET,KADAPA DIST, ANDHRA PRADESH 
PIN-516115.",YSR DISTRICT,Unaided - Private,N,N,1-6400741,fetchdata,2012-2013,Engineering and Technology,1,1,1,1,Andhra Pradesh,1
1-695270241,PRAKASAM ENGINEERING COLLEGE,"O.V ROAD
KANDUKUR
PRAKASAM DISTRICT
ANDHRA PRADESH-523105",PRAKASAM,Unaided - Private,N,N,1-2787821,fetchdata,2012-2013,Engineering and Technology,1,1,1,1,Andhra Pradesh,1
1-722475244,KONERU LAKSHMAIAH EDUCATION FOUNDATION UNIVERSITY (K L COLLEGE OF ENGINEERING),"GREENFIELDS, KUNCHANAPALLI POST, VADDESWARAM (V), TADEPALLI",GUNTUR,Unaided - Private,N,N,1-474252121,fetchdata,2012-2013,Engineering and Technology,1,1,1,1,Andhra Pradesh,1
1-695415211,BHEEMA INSTITUTE OF TECHNOLOGY AND SCIENCE,"ALUR ROAD,MANDIGIRI VILLAGE
SADHAPURAM (G.P)
ADONI - 518301
KURNOOL(DIST)
ANDHRA PRADESH",KURNOOL,Unaided - Private,N,N,1-2408841,fetchdata,2012-2013,Engineering and Technology,1,1,1,1,Andhra Pradesh,1
1-755487980,GOVERNMENT POLYTECHNIC,Z.P.H.SCHOOL CAMPUS,GUNTUR,Government,N,N,1-481013391,fetchdata,2012-2013,Engineering and Technology,1,1,1,1,Andhra Pradesh,1
1-696664211,RISE GANDHI GROUP OF INSTITUTIONS,"NH - 5,
VALLURU , ONGOLE
PRAKASAM DIST",PRAKASAM,Unaided - Private,N,N,1-4403428,fetchdata,2012-2013,Engineering and Technology,1,1,1,1,Andhra Pradesh,1
1-697056721,"COL.D.S.RAJU POLYTECHNIC,","MAIN ROAD,
PODURU",WEST GODAVARI,Unaided - Private,N,N,1-432697951,fetchdata,2012-2013,Engineering and Technology,1,1,1,1,Andhra Pradesh,1
1-691732351,G.PULLA REDDY ENGINEERING COLLEGE,"NANDYAL ROAD, KURNOOL (AP)",KURNOOL,Unaided - Private,N,N,1-4717591,fetchdata,2012-2013,Engineering and Technology,1,1,1,1,Andhra Pradesh,1
1-691716481,G.V.R & S COLLEGE OF ENGINEERING & TECHNOLOGY,"GANGINENIPURAM,
NEAR BUDAMPADU,
GUNTUR - 522 013.",GUNTUR,Unaided - Private,N,N,1-2896174,fetchdata,2012-2013,Engineering and Technology,1,1,1,1,Andhra Pradesh,1
1-691661801,VELAGA NAGESWARA RAO COLLEGE OF ENGINEERING     PONNUR,"OPP. TEACHERS COLONY 
G.B.C ROAD
PONNUR
GUNTUR(DIST)
ANDHRA PRADESH 
522124",GUNTUR,Unaided - Private,N,N,1-2069587,fetchdata,2012-2013,Engineering and Technology,1,1,1,1,Andhra Pradesh,1
1-692584801,NUZVID POLYTECHNIC,"VENKATADRIPURAM
ANNAVARAM (POST)
NUZVID",KRISHNA,Unaided - Private,N,N,1-447985891,fetchdata,2012-2013,Engineering and Technology,1,1,1,1,Andhra Pradesh,1
1-691810461,SAFA COLLEGE OF ENGINEERING & TECHNOLOGY,"B.THANDRAPADU,
NH-18,
KURNOOL.",KURNOOL,Unaided - Private,N,Y,1-5870961,fetchdata,2012-2013,Engineering and Technology,1,1,1,1,Andhra Pradesh,1
1-692158161,LOYOLA INSTITUTE OF TECHNOLOGY AND MANAGEMENT,"LOYOLA NAGAR,
DHULIPALLA (VILLAGE),
SATTENAPALLI (MANDAL),
GUNTUR (DIST.),
ANDHRA PRADESH.
PIN CODE: 522 412.",GUNTUR,Unaided - Private,N,N,1-2061151,fetchdata,2012-2013,Engineering and Technology,1,1,1,1,Andhra Pradesh,1
1-692204231,KAKINADA INSTITUTE OF ENGINEERING & TECHNOLOGY,"YANAM ROAD,KORANGI VILLAGE,
TALLAREVU MANDAL,
E.G.DT ,AP",EAST GODAVARI,Unaided - Private,N,N,1-4167651,fetchdata,2012-2013,Engineering and Technology,1,1,1,1,Andhra Pradesh,1
1-691502731,SREENIVASA INSTITUTE OF TECHNOLOGY AND MANAGEMENT STUDIES,"DR.VISWESWARAIAH ROAD (BANGALORE-TIRUPATHI BYE-PASS ROAD),
MURUKAMBATTU POST,
CHITTOOR - 517 127.",CHITTOOR,Unaided - Private,N,N,1-3807111,fetchdata,2012-2013,Engineering and Technology,1,1,1,1,Andhra Pradesh,1
1-691655461,GOVERNMENT POLYTECHNIC FOR WOMEN,RAMANJANEYAPURAM,YSR DISTRICT,Government,Y,N,1-450090791,fetchdata,2012-2013,Engineering and Technology,1,1,1,1,Andhra Pradesh,1
1-692698081,PRIYADARSHNI INSTITUTE OF TECHNOLOGY & MANEGEMENT,"5TH MILE, PULLADIGUNTA, GUNTUR-17",GUNTUR,Unaided - Private,N,N,1-3589711,fetchdata,2012-2013,Engineering and Technology,1,1,1,1,Andhra Pradesh,1
1-692569201,SHRI VISHNU ENGINEERING COLLEGE FOR WOMEN,"VISHNUPUR,
BHIMAVARAM",WEST GODAVARI,Unaided - Private,Y,N,1-3456561,fetchdata,2012-2013,Engineering and Technology,1,1,1,1,Andhra Pradesh,1
1-691076441,GUNTUPALLI VENKATESWARLU MEMORIAL POLYTECHNIC COLLEGE,"NAGULAPALEM VILLAGE,KARAMCHEDU-PARCHUR ROAD,PARCHUR MANDAL,PRAKASAM DISTRICT,A.P.",PRAKASAM,Unaided - Private,N,N,1-410888971,fetchdata,2012-2013,Engineering and Technology,1,1,1,1,Andhra Pradesh,1
1-692126041,BHARATH COLLEGE OF ENGINEERING AND TECHNOLOGY FOR WOMEN,"BUGGALATIPALLI,C.K.DINNA MANDAL,RAYACHOTY ROAD,KADAPA,ANDHRA PRADESH,INDIA",YSR DISTRICT,Unaided - Private,Y,N,1-9915321,fetchdata,2012-2013,Engineering and Technology,1,1,1,1,Andhra Pradesh,1
1-691551541,HINDU COLLEGE TECHNO CAMPUS,"AMARAVATHI ROAD,",GUNTUR,Unaided - Private,N,N,1-462239141,fetchdata,2012-2013,Engineering and Technology,1,1,1,1,Andhra Pradesh,1
1-691082891,STANLEY STEPHEN COLLEGE OF ENGINEERING & TECHNOLOGY,"PANCHALINGALA (V), KURNOOL-518004.
ANDHRA PRADESH. INDIA.",KURNOOL,Unaided - Private,N,N,1-2944831,fetchdata,2012-2013,Engineering and Technology,1,1,1,1,Andhra Pradesh,1
1-691712281,DADI INSTITUTE OF ENGINEERING & TECHNOLOGY (DIET),"DADI INSTITUTE OF ENGINEERING & TECHNOLOGY
NATIONAL HIGH WAY- 5,
GAVARAPALEM,
ANAKAPALLE,
VISAKHAPATNAM -531002.",VISHAKHAPATNAM,Unaided - Private,N,N,1-8547648,fetchdata,2012-2013,Engineering and Technology,1,1,1,1,Andhra Pradesh,1
1-699104411,AVANTHI`S SRI GNANESWARI RESEARCH AND TECHNOLOGICAL ACADEMY,"SRI GNANESWARI RESEARCH & TECHNOLOGICAL ACADEMY FOR WOMEN
KAVULAWADA VILLAGE,
BHOGAPURAM MANDALAM,
VIZIANAGARAM DISTRICT",VIZIANAGARAM,Unaided - Private,Y,N,1-4826914,fetchdata,2012-2013,Engineering and Technology,1,1,1,1,Andhra Pradesh,1
1-699826501,AVANTHI INSTITUTE OF ENGINERRING AND TECHNOLOGY,"CHERUKUPALLI VIILAGE, CHITTIVALASA SO,
BHOGAPURAM MANDAL, VIZIANAGRAM DIST",VIZIANAGARAM,Unaided - Private,N,N,1-4708546,fetchdata,2012-2013,Engineering and Technology,1,1,1,1,Andhra Pradesh,1
1-699790451,V.R.S & Y.R.N COLLEGE OF ENGINEERING AND TECHNOLOGY,"VODAREVU ROAD,
PERALA(PO),
CHIRALA
PRAKASAM(DT),
ANDHRA PRADESH - 523 157",PRAKASAM,Unaided - Private,N,N,1-2492091,fetchdata,2012-2013,Engineering and Technology,1,1,1,1,Andhra Pradesh,1
1-699162771,MODUGULA KALAVATHAMMA INSTITUTE OF TECHNOLOGY FOR WOMEN,"NEW BOYANAPALLI,
RAJAMPET,",YSR DISTRICT,Unaided - Private,Y,N,1-6842066,fetchdata,2012-2013,Engineering and Technology,1,1,1,1,Andhra Pradesh,1
1-699190461,VIGNANA BHARATHI INSTITUTE OF TECHNOLOGY,"VIDYA NAGAR, PALLAVOLU VILLAGE, PRODDATUR,
CHAPADU MANDAL, Y S R DISTRICT, ANDHRA PRADESH, PINCODE - 516362.",YSR DISTRICT,Unaided - Private,N,N,1-3447077,fetchdata,2012-2013,Engineering and Technology,1,1,1,1,Andhra Pradesh,1
1-699035461,NOVA COLLEGE OF ENGINEERING AND TECHNOLOGY,"IBRAHIMPATNAM,
VIJAYAWADA-521456",KRISHNA,Unaided - Private,N,N,1-6262713,fetchdata,2012-2013,Engineering and Technology,1,1,1,1,Andhra Pradesh,1
1-800941073,GOVERNMENT POLYTECHNIC,RAILWAY FEEDER ROAD,CHITTOOR,Government,N,N,1-456114171,fetchdata,2012-2013,Engineering and Technology,1,1,1,1,Andhra Pradesh,1
1-699200851,GOVERNMENT POLYTECHNIC FOR WOMEN,NARASANNA NAGAR,EAST GODAVARI,Government,Y,N,1-456042871,fetchdata,2012-2013,Engineering and Technology,1,1,1,1,Andhra Pradesh,1
1-699003551,DR. Y S RAJASEKHAR REDDY INSTITUTE OF ENGINEERING & TECHNOLOGY,"CHINNAMACHUPPALLI(V) 
CHENNUR ROAD
KADAPA - 516 162",YSR DISTRICT,Unaided - Private,N,N,1-5835171,fetchdata,2012-2013,Engineering and Technology,1,1,1,1,Andhra Pradesh,1
1-699881421,RAMACHANDRA COLLEGE OF ENGINEERING,"NH-5 BYPASS ROAD,
VATLURU (V), ELURU-534007,
WEST GODAVARI DT.,
ANDHRA PRADESH.",WEST GODAVARI,Unaided - Private,N,N,1-4331343,fetchdata,2012-2013,Engineering and Technology,1,1,1,1,Andhra Pradesh,1
1-699872721,V.S.LAKSHMI ENGINEERING COLLEGE FOR WOMEN,"N.H-214,MATLAPALEM,G.VEMAVARAM(V)
TALLAREVU(M)
EAST GODAVARI",EAST GODAVARI,Unaided - Private,Y,N,1-4466710,fetchdata,2012-2013,Engineering and Technology,1,1,1,1,Andhra Pradesh,1
1-700175631,GOVERNMENT POLYTECHNIC,"GOVERNMENT POLYTECHNIC,DEGREE COLLEGE CAMPUS",YSR DISTRICT,Government,N,N,1-451882421,fetchdata,2012-2013,Engineering and Technology,1,1,1,1,Andhra Pradesh,1
1-691041201,SAI KRISHNA POLYTECHNIC,"SAI KRISHNA POLYTECHNIC, BONDAPALLI(VILLAGE AND MANDALAM), VIZIANAGARAM DISTRICT, ANDHRA PRADESH",VIZIANAGARAM,Unaided - Private,N,N,1-424590471,fetchdata,2012-2013,Engineering and Technology,1,1,1,1,Andhra Pradesh,1
1-699790011,CHAITANYA BHARATHI INSTITUTE OF TECHNOLOGY,"VIDYANAGAR, PALLAVOLU VILLAGE, PRODDATUR,
CHAPADU MANDAL, Y S R DISTRICT DISTRICT",YSR DISTRICT,Unaided - Private,N,N,1-4240341,fetchdata,2012-2013,Engineering and Technology,1,1,1,1,Andhra Pradesh,1
1-700154361,SIR VISHVESHWARIAH INSTITUE OF SCIENCE & TECHNOLOGY,"ANGALLU, MADANAPALLE, CHITTOOR DIST. ANDHRAPRADESH.",CHITTOOR,Unaided - Private,N,N,1-8307885,fetchdata,2012-2013,Engineering and Technology,1,1,1,1,Andhra Pradesh,1
1-700154605,PIDATHALA RANGAREDDY POLYTECHNIC,"OPP. GOVT.HOSPITAL,
BADVEL ROAD,
GIDDALUR.(POST & MANDAL)
PRAKASAM DIST.
ANDHRA PRADESH",PRAKASAM,Unaided - Private,N,N,1-419953991,fetchdata,2012-2013,Engineering and Technology,1,1,1,1,Andhra Pradesh,1
1-699205766,N.B.K.R.INSTITUTE OF SCIENCE & TECHNOLOGY,"VIDYANAGAR
KOTA MANDAL
SPSR NELLORE DIST.
ANDHRA PRADESH",NELLORE,Unaided - Private,N,N,1-444182693,fetchdata,2012-2013,Engineering and Technology,1,1,1,1,Andhra Pradesh,1
1-699070231,VISHNU INSTITUTE OF TECHNOLOGY,"VISHNUPUR,
BHIMAVARAM-534202.
W.G.DIST.
ANDHRA PRADESH",WEST GODAVARI,Unaided - Private,N,N,1-3592461,fetchdata,2012-2013,Engineering and Technology,1,1,1,1,Andhra Pradesh,1
1-700701311,CHALAPATHI INSTITUTE OF ENGINEERING AND TECHNOLOGY,"CHALAPATHI NAGAR, LAM, GUNTUR-522034, ANDHRA PRADESH",GUNTUR,Unaided - Private,N,N,1-3285881,fetchdata,2012-2013,Engineering and Technology,1,1,1,1,Andhra Pradesh,1
1-699004591,SRADDAHA COLLEGE OF DIPLOMA IN ENG & TECHNOLOGY,"KRISHNUNIPALEM, GOKAVARAM MANDAL, EAST GODAVARIA.P
 PIN :533288",EAST GODAVARI,Unaided - Private,N,N,1-478323311,fetchdata,2012-2013,Engineering and Technology,1,1,1,1,Andhra Pradesh,1
1-693463521,NARAYANA ENGINEERING COLLEGE,"NARAYANA AVENUE
MUTHUKUR ROAD,
NELLORE - 524004",NELLORE,Unaided - Private,N,N,1-7178941,fetchdata,2012-2013,Engineering and Technology,1,1,1,1,Andhra Pradesh,1
1-693405711,ESWAR COLLEGE OF ENGINEERING,"ESWAR COLLEGE OF ENGINEERING
KESANUPALLY(V), NARASARAOPET(M), GUNTUR(DIST)-522601, ANDHRA PRADESH, INDIA",GUNTUR,Unaided - Private,N,N,1-2614741,fetchdata,2012-2013,Engineering and Technology,1,1,1,1,Andhra Pradesh,1
1-698934161,CHADALAWADA RAMANAMMA ENGINEERING COLLEGE,"CHADALAWADA NAGAR, RENIGUNTA ROAD, TIRUPATI",CHITTOOR,Unaided - Private,N,N,1-10607954,fetchdata,2012-2013,Engineering and Technology,1,1,1,1,Andhra Pradesh,1
1-698813564,RANI PRATAP EDUCATIONAL SOCIETY,"MARUTHY PLOYTECHNIC COLLEGE , VAKKAPATALAVARIPALEM, NAGAYALANKA, KRISHNA",KRISHNA,Unaided - Private,N,N,1-450014161,fetchdata,2012-2013,Engineering and Technology,1,1,1,1,Andhra Pradesh,1
1-699104861,AMARA  INSTITUTE OF ENGINEERING & TECHNOLOGY,"SATULURU POST
NADENDLA MD
NARASARAOPET
GUNTUR DT - 522549",GUNTUR,Unaided - Private,N,N,1-2629451,fetchdata,2012-2013,Engineering and Technology,1,1,1,1,Andhra Pradesh,1
1-835073522,GOVERNMENT POLYTECHNIC,"GOVT. BOYS HIGH SCHOOL-I,
ALUR",KURNOOL,Government,N,N,1-474055771,fetchdata,2012-2013,Engineering and Technology,1,1,1,1,Andhra Pradesh,1
1-698978511,VIZAG INSTITUTE OF TECHNOLOGY,"DAKAMARRI VILLAGE & PANCHAYAT
BHEEMUNIPATNAM MANDAL
VISAKHAPATNAM-531162",VISHAKHAPATNAM,Unaided - Private,N,N,1-4897352,fetchdata,2012-2013,Engineering and Technology,1,1,1,1,Andhra Pradesh,1
1-701479831,ANNAMACHARYA INSTITUTE OF TECHNOLOGY AND SCIENCES,"VENKATAPURAM (VILLAGE), MANGALAM ROAD, KARAKAMBADI(POST), RENIGUNTA(MANDAL),TIRUPATI-517520, CHITTOOR DIST",CHITTOOR,Unaided - Private,N,N,1-6104121,fetchdata,2012-2013,Engineering and Technology,1,1,1,1,Andhra Pradesh,1
1-698270561,SRI SUNFLOWER COLLEGE OF ENGINEERING & TECHNOLOGY,"LANKAPALLI-521 131
GHANTASALA MANDAL
KRISHNA DISTRICT
ANDHRA PRADESH
INDIA",KRISHNA,Unaided - Private,N,N,1-2056521,fetchdata,2012-2013,Engineering and Technology,1,1,1,1,Andhra Pradesh,1
1-698967321,BALAJEE POLYTECHNIC,"MARUPALLI VILL
GAJAPATHI NAGARAM MANDAL
VIZIANAGARAM DIST",VIZIANAGARAM,Unaided - Private,N,N,1-504946321,fetchdata,2012-2013,Engineering and Technology,1,1,1,1,Andhra Pradesh,1
1-701592231,MIRACLE EDUCATIONAL SOCIETY GROUP OF INSTITUTIONS,"MIRACLE CITY, KONGAVANIPALEM, BHOGAPURAM MANDAL,
VIZIANAGARAM DIST
ANDHRA PRADESH
PIN-535216",VIZIANAGARAM,Unaided - Private,N,N,1-14752081,fetchdata,2012-2013,Engineering and Technology,1,1,1,1,Andhra Pradesh,1
1-722519063,"MRR INSTITUTE OF TECHNOLOGY & SCIENCE, UDAYAGIRI","MRR INSTITUTE OF TECHNOLOGY & SCIENCE,
S.R.PURAM ROAD,
 UDAYAGIRI,
NELLORE,DT
ANDHRA PRADESH.
PIN-524226.",NELLORE,Unaided - Private,N,N,1-5329571,fetchdata,2012-2013,Engineering and Technology,1,1,1,1,Andhra Pradesh,1
1-696701371,SIDDARTHA EDUCATIONAL ACADEMY GROUP OF INSTITUTIONS,"CHINTAGUNTA VILLAGE,
NEAR C. GOLLAPALLI, 
TIRUPATI (RURAL) - 517 505
CHITTOOR DIST
 A.P.",CHITTOOR,Unaided - Private,N,N,1-3867401,fetchdata,2012-2013,Engineering and Technology,1,1,1,1,Andhra Pradesh,1
1-733702812,GOVT.MODEL RESEDENTIAL POLYTECHNIC,"G M R POLYTECHNIC

TALARSINGH",VISHAKHAPATNAM,Government,N,N,1-450629931,fetchdata,2012-2013,Engineering and Technology,1,1,1,1,Andhra Pradesh,1
1-735810242,AUDISANKARA INSTITUTE OF TECHNOLOGY,"NH-5,
BY-PASS ROAD,
GUDUR,
NELLORE DISTRICT
ANDHRA PRADESH
PIN:524101",NELLORE,Unaided - Private,N,N,1-4092776,fetchdata,2012-2013,Engineering and Technology,1,1,1,1,Andhra Pradesh,1
1-735702222,K M M INSTITUTE OF TECHNOLOGY & SCIENCE,"RAMIREDDIPALLE
NARASINGAPURAM BPO
TIRUPATI RURAL - 517102",CHITTOOR,Unaided - Private,N,N,1-5369287,fetchdata,2012-2013,Engineering and Technology,1,1,1,1,Andhra Pradesh,1
1-735783273,AUDISANKARA COLLEGE OF ENGINEERING FOR WOMEN,"NH-5, 
BYPASS ROAD,
GUDUR,
NELLORE DISTRICT
A.P.",NELLORE,Unaided - Private,Y,N,1-4773481,fetchdata,2012-2013,Engineering and Technology,1,1,1,1,Andhra Pradesh,1
1-735849613,DAMISETTY BALA SURESH INSTITUTE OF TECHNOLOGY,"MADDURUPADU VILLAGE, 
KAVALI MANDAL,
NELLORE DT, ANDHRA PRADESH
PIN: 524 203",NELLORE,Unaided - Private,N,N,1-5831671,fetchdata,2012-2013,Engineering and Technology,1,1,1,1,Andhra Pradesh,1
1-733651722,BRAHMAS INSTITUTE OF ENGINEERING AND TECHNOLOGY,"NORTHRAJUPALEM(VILL) RAMANNAPALEM ROAD,KODAVALUR(MD) NELLORE DT.,A.P - 524366",NELLORE,Unaided - Private,N,N,1-7603141,fetchdata,2012-2013,Engineering and Technology,1,1,1,1,Andhra Pradesh,1
1-734003172,P.V.K.K. INSTITUTE OF TECHNOLOGY,"RUDRAMPETA, SANAPA ROAD,ANANTAPUR,A P.",ANANTAPUR,Unaided - Private,N,N,1-42546281,fetchdata,2012-2013,Engineering and Technology,1,1,1,1,Andhra Pradesh,1
1-735710242,AUDISANKARA COLLEGE OF ENGINEERING & TECHNOLOGY,"NH-5,
BY-PASS ROAD,
GUDUR,
NELLORE DISTRICT,
ANDHRA PRADESH,
PIN:524101",NELLORE,Unaided - Private,N,N,1-4201911,fetchdata,2012-2013,Engineering and Technology,1,1,1,1,Andhra Pradesh,1
1-735470322,AVR&SVR COLLEGE OF ENGINEERING & TECHNOOOGY,"AYYALUR (V)
NANDYAL (M)
KURNOOL (DIST) 
PIN:  518 502
ANDHRA PRADESH",KURNOOL,Unaided - Private,N,N,1-7279151,fetchdata,2012-2013,Engineering and Technology,1,1,1,1,Andhra Pradesh,1
1-735670762,NALANDA INSTITUTE OF TECHNOLOGY,"SIDDHARTH NAGAR,
KANTEPUDI (V),
SATTENAPALLI (M),
GUNTUR DISTRICT - 522 438.
ANDHRA PRADESH",GUNTUR,Unaided - Private,N,N,1-6392373,fetchdata,2012-2013,Engineering and Technology,1,1,1,1,Andhra Pradesh,1
1-735495012,SRI SAI ADITYA INSTITUTE OF SCIENCE & TECHNOLOGY,"ADITYA NAGAR
ADB ROAD
SURAMPALEM
GANDEPALLI MANDAL
E.G.DT.
533437",EAST GODAVARI,Unaided - Private,N,N,1-19920221,fetchdata,2012-2013,Engineering and Technology,1,1,1,1,Andhra Pradesh,1
1-733807624,BRAHMAIAH COLLEGE OF ENGINEERING,"NH-5,
NORTH RAJU PALEM,
KODAVALURU MANDAL,
NELLORE DISTRICT,
ANDHRA PRADESH,
PIN:524366",NELLORE,Unaided - Private,N,N,1-6089375,fetchdata,2012-2013,Engineering and Technology,1,1,1,1,Andhra Pradesh,1
1-733016566,"WELLFARE INSTITUTE OF SCIENCE, TECHNOLOGY AND MANAGEMENT","PINAGADI (V),
PENDURTHY(M),
VISAKHAPATNAM-531173.
ANDHRA PRADESH.",VISHAKHAPATNAM,Unaided - Private,N,N,1-13323323,fetchdata,2012-2013,Engineering and Technology,1,1,1,1,Andhra Pradesh,1
1-736561022,K S N INSTITUTE OF TECHNOLOGY,"KOVUR(VIL&MDL), KOTTUR ROAD,SRI POTTI SREERAMULU NELLORE DT-524 137",NELLORE,Unaided - Private,N,N,1-5939831,fetchdata,2012-2013,Engineering and Technology,1,1,1,1,Andhra Pradesh,1
1-733625462,RAVINDRA COLLEGE OF ENGINEERING FOR WOMEN,"PASUPULA VILLAGE, NANDIKOTKUR ROAD
KURNOOL  - 518002.",KURNOOL,Unaided - Private,Y,N,1-3675361,fetchdata,2012-2013,Engineering and Technology,1,1,1,1,Andhra Pradesh,1
1-735896262,CHIRANJEEVI REDDY INSTITUTE OF ENGINEERING AND TECHNOLOGY,"ST. MARK CAMPUS,
BELLARY ROAD,
ANANTAPUR",ANANTAPUR,Unaided - Private,N,N,1-7990024,fetchdata,2012-2013,Engineering and Technology,1,1,1,1,Andhra Pradesh,1
1-737905224,SCHOOL OF BIOTECHNOLOGY,INSTITUTE OF SCIENCE AND TECHNOLOGY.JAWARHARLAL NEHRU TECHNOLOGICAL UNIVERSITY(JNTUK) KAKINADA-533003,EAST GODAVARI,Government,N,N,1-515068561,fetchdata,2012-2013,Engineering and Technology,1,1,1,1,Andhra Pradesh,1
1-737048442,SRI G PULLA REDDY GOVERNMENT POLYTECHNIC,"B. THANDRAPADU,
KURNOOL-518002",KURNOOL,Government,N,N,1-454450051,fetchdata,2012-2013,Engineering and Technology,1,1,1,1,Andhra Pradesh,1
1-736038373,UNIVERSAL COLLEGE OF ENGINEERING AND TECHNOLOGY,"DOKIPARRU (VILLAGE)
MEDIKONDUR (MANDAL),
GUNTUR-522 438.",GUNTUR,Unaided - Private,N,N,1-2404711,fetchdata,2012-2013,Engineering and Technology,1,1,1,1,Andhra Pradesh,1
1-738060965,POTTI SRIRAMULU CHALAVADI MALLIKARJUNA RAO COLLEGE OF ENGINEERING AND TECHNOLOGY,"D.NO: 7-3-6/1, RAGHAVA REDDY STREET, 
KOTHAPETA,
VIJAYAWADA - 520 001.
ANDHRA PRADESH.",KRISHNA,Unaided - Private,N,N,1-9363131,fetchdata,2012-2013,Engineering and Technology,1,1,1,1,Andhra Pradesh,1
1-738035502,A.M.REDDY MEMORIAL COLLEGE OF ENGINEERING& TECHNOLOGY,"PETLURIVARIPALEM
NARASARAOPET
GUNTUR(D.T)
A.P",GUNTUR,Unaided - Private,N,N,1-456138111,fetchdata,2012-2013,Engineering and Technology,1,1,1,1,Andhra Pradesh,1
1-738004562,INTELLECTUAL INSTITUTE OF TECHNOLOGY,"GOTUKUR(V), 
KUDERU(M),
BELLARY ROAD,
ANANTAPUR-515711
ANDHRA PRADESH",ANANTAPUR,Unaided - Private,N,N,1-4247574,fetchdata,2012-2013,Engineering and Technology,1,1,1,1,Andhra Pradesh,1
1-733877792,SRIKALAHASTEESWARA INSTITUTE OF TECHNOLOGY,"PANAGAL
SRIKALAHASTI
CHITTOOR DIST,
ANDHRA PRADESH
PIN-â 517 640.",CHITTOOR,Government,N,N,1-6271657,fetchdata,2012-2013,Engineering and Technology,1,1,1,1,Andhra Pradesh,1
1-794349204,VIKAS POLYTECHNIC COLLEGE,"SIDDAVATAM VILLAGE,KADAPA",YSR DISTRICT,Unaided - Private,N,N,1-513467611,fetchdata,2012-2013,Engineering and Technology,1,1,1,1,Andhra Pradesh,1
1-737133782,V.S.M. COLLEGE OF ENGINEERING,"V.S.M. COLLEGE OF ENGINEERING
RAMACHANDRAPURAM
EAST GODAVARI DISTRICT.",EAST GODAVARI,Unaided - Private,N,N,1-3453133,fetchdata,2012-2013,Engineering and Technology,1,1,1,1,Andhra Pradesh,1
1-735476542,GOVERNMENT POLYTECHNIC FOR WOMEN,M B T ROAD,CHITTOOR,Government,Y,N,1-454809251,fetchdata,2012-2013,Engineering and Technology,1,1,1,1,Andhra Pradesh,1
1-779144437,Y.S.R. ENGINEERING COLLEGE OF Y.V.U.,KORRAPADU,YSR DISTRICT,Government,N,N,1-513257381,fetchdata,2012-2013,Engineering and Technology,1,1,1,1,Andhra Pradesh,1
1-784671483,SREE VASAVI KANYAKA PARAMESWARI POLYTECHNIC,"MARKAPUR ROAD
KANDULAPURAM VILLAGE
CUMBUM MANDAL
PRAKASAM DISTRICT
A.P STATE.",PRAKASAM,Unaided - Private,N,N,1-423210721,fetchdata,2012-2013,Engineering and Technology,1,1,1,1,Andhra Pradesh,1
1-773927432,GOVERNMENT POLYTECNIC,"GOVT JR COLLEGE CAMPUS
RAYACHOTY",YSR DISTRICT,Government,N,N,1-499418321,fetchdata,2012-2013,Engineering and Technology,1,1,1,1,Andhra Pradesh,1
1-785298112,SIMHADHRI EDUCATIONAL SOCIETY GROUP OF INSTITUTIONS,"NARAPADU(V)  AMMULUAPALEM(PO)
SABBAVARAM(MANDAL)
VISAKHAPATNAM(DT)",VISHAKHAPATNAM,Unaided - Private,N,N,1-14266274,fetchdata,2012-2013,Engineering and Technology,1,1,1,1,Andhra Pradesh,1
1-773836322,"GOVT.POLYTECHNIC ,REPALLE",GOVT.JUNIOR COLLEGE CAMPUS,GUNTUR,Government,N,N,1-481845421,fetchdata,2012-2013,Engineering and Technology,1,1,1,1,Andhra Pradesh,1
1-773816712,SRI VENKATESWARA POLYTECHNIC FOR THE PHYSICALLY CHALLENGED,"S.P.W.
POLYTECHNIC CAMPUS,
 NEAR S.V.DAIRY FARM,",CHITTOOR,Unaided - Private,N,N,1-475255181,fetchdata,2012-2013,Engineering and Technology,1,1,1,1,Andhra Pradesh,1
1-794835861,GOVERNMENT POLYTECHNIC,"DSP BUNGLOW ROAD
NEAR ESI HOSPITAL",KURNOOL,Government,N,N,1-475266551,fetchdata,2012-2013,Engineering and Technology,1,1,1,1,Andhra Pradesh,1
1-695272301,SRI VASAVI INSTITUTE OF ENGINEERING AND TECHNOLOGY,"KANURU (NEAR TANUKU), W.G.DT - 534329",WEST GODAVARI,Unaided - Private,N,N,1-9762481,fetchdata,2012-2013,Engineering and Technology,1,1,1,1,Andhra Pradesh,1
1-693674711,SIDDHARTH INSTITUTE OF ENGINEERING & TECHNOLOGY,"SIDDHARTH NAGAR
NARAYANAVANAM ROAD
PUTTUR - 517 583
CHITTOOR DIST.
ANDHRA PRADESH",CHITTOOR,Unaided - Private,N,N,1-22686521,fetchdata,2012-2013,Engineering and Technology,1,1,1,1,Andhra Pradesh,1
1-694481921,SIDDARTHA INSTITUTE OF SCIENCE AND TECHNOLOGY,"SIDDARTHA NAGAR
NARAYANAVANAM ROAD
PUTTUR - 517 583
CHITTOOR DISTRICT
ANDHRA PRADESH",CHITTOOR,Unaided - Private,N,N,1-3042114,fetchdata,2012-2013,Engineering and Technology,1,1,1,1,Andhra Pradesh,1
1-695654851,SIR C RAMALINGA REDDY POLYTECHNIC,VATLURU,WEST GODAVARI,Unaided - Private,N,N,1-437017331,fetchdata,2012-2013,Engineering and Technology,1,1,1,1,Andhra Pradesh,1
1-696271371,DR LANKAPALLI BULLAYYA COLLEGE OF ENGINEERING (FOR WOMEN),"SURVEY NO 44,D.NO 52-14-75
RESAPUVANIPALEM
VISAKHAPATNAM
PIN CODE 530013",VISHAKHAPATNAM,Unaided - Private,Y,N,1-16908541,fetchdata,2012-2013,Engineering and Technology,1,1,1,1,Andhra Pradesh,1
1-697159231,ADARSH COLLEGE OF ENGINEERING,"NH-214
CHEBROLU
GOLLAPROLU MANDAL
EAST GODAVARI DISTRICT
ANDHRA PRADESH",EAST GODAVARI,Unaided - Private,N,N,1-4734112,fetchdata,2012-2013,Engineering and Technology,1,1,1,1,Andhra Pradesh,1
1-696565201,SRINIVASA DIPOLMA IN ENGINEERING & TECHNOLOGY,"BURJA (V),
NEAR CHELLAMNAIDUVALASA (V),
SEETHANAGARAM (M),
VIZIANAGARAM DIST - 535542.
ANDHARA PRADESH",VIZIANAGARAM,Unaided - Private,N,N,1-444957381,fetchdata,2012-2013,Engineering and Technology,1,1,1,1,Andhra Pradesh,1
1-685951021,NARAYANA POLYTECHNIC,"GUDEM VILLAGE,SRIKAKULAM MANDAL,SRIKAKULAM DIST.A.P-532484",SRIKAKULAM,Unaided - Private,N,N,1-416031301,fetchdata,2012-2013,Engineering and Technology,1,1,1,1,Andhra Pradesh,1
1-697133781,NOVA COLLEGE OF ENGINEERING & TECHNOLOGY,"VEGAVARAM VILLAGE
JANGAREDDY GUDEM MANDAL
WEST GODAVARI DISTRCIT
ANDHRA PRADESH 
PIN:534447",WEST GODAVARI,Unaided - Private,N,N,1-5543891,fetchdata,2012-2013,Engineering and Technology,1,1,1,1,Andhra Pradesh,1
1-698259771,GURINDAPALLI DEVANANDAM MARY MEMORIAL COLLEGE OF ENGINEERING & TECHNOLOGY FOR WOMEN,"RAMANNAPET ROAD,
OPP.D.V.R. COLONY
NANDIGAMA
KRISHNA-DT 
ANDHRA PRADESH",KRISHNA,Unaided - Private,Y,N,1-4499731,fetchdata,2012-2013,Engineering and Technology,1,1,1,1,Andhra Pradesh,1
1-697223651,SREE VIDYANIKETHAN ENGINEERING COLLEGE,"SREE VIDYANIKETHAN ENGINEERING COLLEGE,
SREE SAINATH NAGAR,
A.RANGAMPET,
CHANDRAGIRI MANDAL,
CHITTOOR DISTRICT,
PIN: 517 102,
ANDHRA PRADESH.",CHITTOOR,Unaided - Private,N,N,1-4287165,fetchdata,2012-2013,Engineering and Technology,1,1,1,1,Andhra Pradesh,1
1-705188664,THANDRA PAPARAYA INSTITUTE OF SCIENCE AND TECHNOLOGY,"THANDRA PAPARAYA INSTITUTE OF SCIENCE AND TECHNOLOGY
KOMATIPALLI ( V ),
BOBBILI ( M ),
VIZIANAGARAM ( DIST.)
ANDHRA PRADESH",VIZIANAGARAM,Unaided - Private,N,N,1-10389501,fetchdata,2012-2013,Engineering and Technology,1,1,1,1,Andhra Pradesh,1
1-705116814,PALADUGU PARVATHI DEVI COLLEGE OF ENGINEERING AND TECHNOLOGY,"SURAMPALLI VILLAGE
VIA NUNNA
VIJAYAWADA RURAL
KRISHNA DISTRICT - 521212
ANDHRA PRADESH",KRISHNA,Unaided - Private,N,N,1-4249202,fetchdata,2012-2013,Engineering and Technology,1,1,1,1,Andhra Pradesh,1
1-705218452,SHIRIDI SAI DIPLOMA IN ENGINEERING & TECHNOLOGY,"SURAMPETA (P), MARIPIVALASA (V),
SEETANAGARAM (M),
VIZIANAGARAM DIST.  PIN 535546",VIZIANAGARAM,Unaided - Private,N,N,1-449870181,fetchdata,2012-2013,Engineering and Technology,1,1,1,1,Andhra Pradesh,1
1-705182502,SREE RAMA ENGINEERING COLLEGE,"OPP.LIC TRAINING CENTRE,
KARAKAMBADI ROAD,
VENKATAPURAM (V),
RENIGUNTA(M),
MANGALAM (BO)
TIRUPATI,
CHITTOOR(DT)-517507",CHITTOOR,Unaided - Private,N,N,1-23716013,fetchdata,2012-2013,Engineering and Technology,1,1,1,1,Andhra Pradesh,1
1-776228512,GOVERNMENT POLYTECHNIC,"GOVT JR COLLEGE FOR BOYS CAMPUS,KADIRI.",ANANTAPUR,Government,N,N,1-483406591,fetchdata,2012-2013,Engineering and Technology,1,1,1,1,Andhra Pradesh,1
1-702366393,GAYATRI VIDYA PARISHAD COLLEGE OF ENGINEERING,"MADHURAWADA,
VISAKHAPATNAM 
PIN: 530 048",VISHAKHAPATNAM,Unaided - Private,N,N,1-3360134,fetchdata,2012-2013,Engineering and Technology,1,1,1,1,Andhra Pradesh,1
1-702882872,NRI INSTITUTE OF TECHNOLOGY,"VISADALA (PO)
MEDIKONDURU(MD)
GUNTUR-522438
ANDHRA PRADESH",GUNTUR,Unaided - Private,N,N,1-6140036,fetchdata,2012-2013,Engineering and Technology,1,1,1,1,Andhra Pradesh,1
1-705925063,DNR COLLEGE OF ENGINEERING & TECHNOLOGY,"DNR COLLEGE OF ENGINEERING & TECHNOLOGY, BALUSUMUDI,",WEST GODAVARI,Unaided - Private,N,N,1-4702766,fetchdata,2012-2013,Engineering and Technology,1,1,1,1,Andhra Pradesh,1
1-704972262,YOGANANDA INSTITUTE OF TECHNOLOGY AND SCIENCE,"ROAD NO. 2, 
MOHAN REDDY NAGAR,
ELAMANDYAM VILLAGE,
RENIGUNTA MANDAL,
TIRUPATI - 517 520",CHITTOOR,Unaided - Private,N,N,1-1739536,fetchdata,2012-2013,Engineering and Technology,1,1,1,1,Andhra Pradesh,1
1-703644443,VAISHNAVI INSTITUTE OF TECHNOLOGY FOR WOMEN,"KUNTRAPAKAM VILLAGE, TIRUPATI RURAL MANDAL, CHITTOOR DIST., A.P.",CHITTOOR,Unaided - Private,Y,N,1-9669141,fetchdata,2012-2013,Engineering and Technology,1,1,1,1,Andhra Pradesh,1
1-703644662,SESHACHALA INSTITUTE OF TECHNOLOGY,"TIRUPATI-CHENNAI HIGHWAY,
KANAKAMPALEM VILLAGE,
PUTTUR MANDAL,
CHITTOOR DIST., A.P",CHITTOOR,Unaided - Private,N,N,1-37064261,fetchdata,2012-2013,Engineering and Technology,1,1,1,1,Andhra Pradesh,1
1-702734632,SHREE INSTITUTE OF TECHNICAL EDUCATION,"KRISHNAPURAM VILLAGE, RENIGUNTA MANDAL, CHITTOOR DIST., A.P.",CHITTOOR,Unaided - Private,N,N,1-6048723,fetchdata,2012-2013,Engineering and Technology,1,1,1,1,Andhra Pradesh,1
1-704073412,GMR INSTITUTE OF TECHNOLOGY,"GMR NAGAR
RAJAM
SRIKAKULAM DISTRICT",SRIKAKULAM,Unaided - Private,N,N,1-2609821,fetchdata,2012-2013,Engineering and Technology,1,1,1,1,Andhra Pradesh,1
1-703275652,SAI GANAPATHI POLYTECHNIC,"GIDIJALA VILLAGE, ANANDAPURAM MANDAL, VISAKHAPATNAM DIST.",VISHAKHAPATNAM,Unaided - Private,N,N,1-456261781,fetchdata,2012-2013,Engineering and Technology,1,1,1,1,Andhra Pradesh,1
1-703345382,"GOVERNMENT POLYTECHNIC, PARVATHIPURAM.","S.V.D. COLLEGE CAMPUS, KOTHAVALASA, PARVATHIPURAM.",VIZIANAGARAM,Government,N,N,1-456843931,fetchdata,2012-2013,Engineering and Technology,1,1,1,1,Andhra Pradesh,1
1-704068807,GOVERNMENT MODEL RESIDENTIAL POLYTECHNIC,NIMMANAPALLE ROAD,CHITTOOR,Government,N,N,1-465653481,fetchdata,2012-2013,Engineering and Technology,1,1,1,1,Andhra Pradesh,1
1-705015511,B.A. RAMAIAH POLYTECHNIC- RAJAHMUNDRY,"KONDAGUNTURU
VILLAGE
RAJAHMUNDRY- BOMMURU-KONDAGUNTURU ROAD, RAJANAGARAM MANDAL, EAST GODAVARI DISTRICT, PIN- 533124, ANDHRA PRADESH",EAST GODAVARI,Unaided - Private,N,N,,fetchdata,2012-2013,Engineering and Technology,1,1,1,1,Andhra Pradesh,1
1-770592812,"GOVT POLYTECHNIC,VEMPALLI","GOVT POLYTECHNIC
SRIRAM NAGAR
GANDI ROAD
VEMPALLI
YSR DISTRICT",YSR DISTRICT,Government,N,N,1-462337375,fetchdata,2012-2013,Engineering and Technology,1,1,1,1,Andhra Pradesh,1
1-701931813,G.V.P COLLEGE FOR DEGREE & PG COURSES,"YENDADA VILLAGE, RUSHIKONDA,VISAKHAPATNAM - 530 045",VISHAKHAPATNAM,Unaided - Private,N,N,1-5025246,fetchdata,2012-2013,Engineering and Technology,1,1,1,1,Andhra Pradesh,1
1-703277672,KUPPAM ENGINEERING COLLEGE,"KES NAGAR, 
P.B NATHAM (PO)
KUPPAM
CHITTOOR DT.",CHITTOOR,Unaided - Private,N,N,1-4184101,fetchdata,2012-2013,Engineering and Technology,1,1,1,1,Andhra Pradesh,1
1-704217822,VISVODAYA ENGINEERING COLLEGE,"VISVODAYA CAMPUS
UDAYAGIRI ROAD
KAVALI-524201",NELLORE,Unaided - Private,N,N,1-3142834,fetchdata,2012-2013,Engineering and Technology,1,1,1,1,Andhra Pradesh,1
1-705095033,THANDRA PAPARAYA POLYTECHNIC,"KOMATIPALLI (V)
BOBBILI (MD)
VIZIANAGARAM-DT",VIZIANAGARAM,Unaided - Private,N,N,1-455824501,fetchdata,2012-2013,Engineering and Technology,1,1,1,1,Andhra Pradesh,1
1-705040102,IDEAL INSTITUTE OF TECHNOLOGY,"IDEAL COLLEGE ROAD
MAIN ROAD
VIDYUTNAGAR",EAST GODAVARI,Unaided - Private,N,N,1-5355081,fetchdata,2012-2013,Engineering and Technology,1,1,1,1,Andhra Pradesh,1
1-704380182,CHADALAWADA VENKATA SUBBAIAH COLLEGE OF ENGINEERING,"CHADALAWADA VENKATA SUBBAIAH COLLEGE OF ENGINEERING
CHADALAWADA NAGAR
RENIGUNTA ROAD
TIRUPATI.",CHITTOOR,Unaided - Private,N,N,1-8869884,fetchdata,2012-2013,Engineering and Technology,1,1,1,1,Andhra Pradesh,1
1-704618152,NRI INSTITUTE OF TECHNOLOGY,"POTHAVARAPPADU VILLAGE, VIA NUNNA, 
AGIRIPALLI MANDAL
521212,
KRISHNA DIST,
A.P",KRISHNA,Unaided - Private,N,N,1-4824481,fetchdata,2012-2013,Engineering and Technology,1,1,1,1,Andhra Pradesh,1
1-702851152,INTELL ENGINEERING COLLEGE,"AKKAMPALI 'X'
KALYANDURG ROAD
ANANTAPUR - 515 004",ANANTAPUR,Unaided - Private,N,N,1-3933661,fetchdata,2012-2013,Engineering and Technology,1,1,1,1,Andhra Pradesh,1
1-704484113,"THANDRA PAPARAYA INSTITUTE OF SCIENCE&TECHNOLOGY,(SHIFT POLYTECHNIC)",KOMATIPALLI (VILLAGE ),VIZIANAGARAM,Unaided - Private,N,N,1-440315393,fetchdata,2012-2013,Engineering and Technology,1,1,1,1,Andhra Pradesh,1
1-707105722,"GOVERNMENT POLYTECHNIC FOR WOMEN, NANDIGAMA","OLD BYE-PASS ROAD,
NEAR GAS COMPANY,",KRISHNA,Government,Y,N,1-455602811,fetchdata,2012-2013,Engineering and Technology,1,1,1,1,Andhra Pradesh,1
1-705015622,SRI SATYA NARAYANA COLLEGE OF ENGINEERING AND TECHNOLOGY,"KURNOOL ROAD,
NEAR SANTANUTALAPADU (V)
ONGOLE- 523225
PRAKASAM(DT) DISTRICT.
ANDHRA PRADESH.",PRAKASAM,Unaided - Private,N,N,1-9440631,fetchdata,2012-2013,Engineering and Technology,1,1,1,1,Andhra Pradesh,1
1-704484373,AVS COLLEGE OF ENGINEERING AND TECHNOLOGY,"VEERANA KANNUPUR VILLAGE,
VENKATACHALAM MANDAL,
NELLORE DISTRICT.",NELLORE,Unaided - Private,N,N,1-10033913,fetchdata,2012-2013,Engineering and Technology,1,1,1,1,Andhra Pradesh,1
1-703309152,H.M.K.S & M.G.S COLLEGE OF ENGINEERING,"KANAGALA (PO)
CHERUKUPALLI (MANDAL)
GUNTUR (DIST)
ANDHRA PRADESH
INDIA
PIN : 522259",GUNTUR,Unaided - Private,N,Y,1-14368851,fetchdata,2012-2013,Engineering and Technology,1,1,1,1,Andhra Pradesh,1
1-707579242,VELAGAPUDI RAMAKRISHNA SIDDHARTHA ENGINEERING COLLEGE,"VASANTHA NAGAR
KANURU
VIJAYAWADA - 7
AP, INDIA",KRISHNA,Unaided - Private,N,N,1-10213343,fetchdata,2012-2013,Engineering and Technology,1,1,1,1,Andhra Pradesh,1
1-707621886,BIT INSTITUTE OF TECHNOLOGY,"S.NO. 284/1, MALGUR (V), BEEREPALLI (P),
H.S. MANDIR (S.O), 
HINDUPUR",ANANTAPUR,Unaided - Private,N,N,1-3598171,fetchdata,2012-2013,Engineering and Technology,1,1,1,1,Andhra Pradesh,1
1-707711582,TENALI ENGINEERING COLLEGE,"ANUMARLAPUDI (VILLAGE & POST)
PEDAKAKANI MANDAL
GUNTUR DISTRICT",GUNTUR,Unaided - Private,N,N,1-4322549,fetchdata,2012-2013,Engineering and Technology,1,1,1,1,Andhra Pradesh,1
1-708606061,GIET POLYTECHNIC COLLEGE,"NH-5, CHAITANYA KNOWLEDGE CITY
VELUGUBANDA VILLAGE",EAST GODAVARI,Unaided - Private,N,N,,fetchdata,2012-2013,Engineering and Technology,1,1,1,1,Andhra Pradesh,1
1-707712762,ADITYA ENGINEERING COLLEGE,"ADITYA ENGINEERING COLLEGE
ADITYA NAGAR, ADB ROAD, SURAMPALEM,
GANDEPALLI MANDAL, EAST GODAVARI DISTRICT, 
PIN - 533 437, ANDHRA PRADESH.",EAST GODAVARI,Unaided - Private,N,N,1-2504741,fetchdata,2012-2013,Engineering and Technology,1,1,1,1,Andhra Pradesh,1
1-707732232,MAHARAJ VIJAYARAM GAJAPATHI RAJ COLLEGE OF ENGINEERING,"VIJAYARAM NAGAR CAMPUS CHINTALAVALASA DENKADA
MANDAL VIZIANAGARAM 535 005 ANDHRA PRADESH",VIZIANAGARAM,Unaided - Private,N,N,1-19574481,fetchdata,2012-2013,Engineering and Technology,1,1,1,1,Andhra Pradesh,1
1-708655123,SRI PRAKASH COLLEGE OF TECHNOLOGY,"D.B.V.RAJU TOWNSHIP
DIWANCHERUVU
RAJAHMUNDRY",EAST GODAVARI,Unaided - Private,N,N,1-2557971,fetchdata,2012-2013,Engineering and Technology,1,1,1,1,Andhra Pradesh,1
1-707533122,COASTAL INSTITUTE OF TECHNOLOGY AND MANAGEMENT,"NARAPAM(V), VEERABHADRAPURAM(P), KOTTAVALASA(M), VIZIANAGARAM(D)",VIZIANAGARAM,Unaided - Private,N,N,1-507727571,fetchdata,2012-2013,Engineering and Technology,1,1,1,1,Andhra Pradesh,1
1-709455323,RAGHU ENGINEERING COLLEGE,"DAKAMARRI VILLAGE,
BHEEMUNIPATNAM MANDAL,
VISAKHAPATNAM",VISHAKHAPATNAM,Unaided - Private,N,N,1-9785275,fetchdata,2012-2013,Engineering and Technology,1,1,1,1,Andhra Pradesh,1
1-775237174,GOVERNMENT POLYTECHNIC,"JR.COLLEGE ROAD, ATMAKUR, S.P.S.R. NELLORE",NELLORE,Government,N,N,1-515472551,fetchdata,2012-2013,Engineering and Technology,1,1,1,1,Andhra Pradesh,1
1-787231264,SCHOOL OF ENGINEERING & TECHNOLOGY,"THE REGISTRAR, SRI PADMAVATI MAHILA VISVAVIDYALAYAM, TIRUPATI -517 502",CHITTOOR,Government,Y,N,1-451965541,fetchdata,2012-2013,Engineering and Technology,1,1,1,1,Andhra Pradesh,1
1-707845942,PARVATHAREDDY BABULREDDY VISVODAYA INSTITUTE OF TECHNOLOGY AND SCIENCE,"VISVODAYA CAMPUS
UDAYAGIRI ROAD
KAVALI",NELLORE,Unaided - Private,N,N,1-3767327,fetchdata,2012-2013,Engineering and Technology,1,1,1,1,Andhra Pradesh,1
1-708585412,R.V.R.& J.C.COLLEGE OF ENGINEERING,"CHANDRAMOULIPURAM
CHOWDAVARAM
GUNTUR-522 019
ANDHRA PRADESH",GUNTUR,Unaided - Private,N,N,1-12529801,fetchdata,2012-2013,Engineering and Technology,1,1,1,1,Andhra Pradesh,1
1-709426312,GOVERNMENT POLYTECHNIC,KORRAPADU ROAD PRODDATUR POST PIN 516361,YSR DISTRICT,Government,N,N,1-454006851,fetchdata,2012-2013,Engineering and Technology,1,1,1,1,Andhra Pradesh,1
1-707775422,SREE VENKATESWARA COLLEGE OF ENGINEERING,"GOLDEN NAGAR, NH-5-NORTH RAJUPALEM BYPASS ROAD.",NELLORE,Unaided - Private,N,N,1-484620061,fetchdata,2012-2013,Engineering and Technology,1,1,1,1,Andhra Pradesh,1
1-760723827,BALAJI INSTITUTE OF TECHNOLOGY AND SCIENCE,"BALAJI NAGAR, TALLAMAPURAM ROAD",YSR DISTRICT,Unaided - Private,N,N,1-6855414,fetchdata,2012-2013,Engineering and Technology,1,1,1,1,Andhra Pradesh,1
1-708963732,SRI SAI INSTITUTE OF TECHNOLOGY AND SCIENCE,"2/714-18,
GOLLAPALLI (V)
RAYACHOTI- 516 270",YSR DISTRICT,Unaided - Private,N,N,1-5019839,fetchdata,2012-2013,Engineering and Technology,1,1,1,1,Andhra Pradesh,1
1-707588872,VIGNAN'S INSTITUTE OF ENGINEERING FOR WOME,"KAPU JAGGARAJUPETA, VADLAPUDI POST, GAJUWAKA, VISAKHAPATNAM - 530 046",VISHAKHAPATNAM,Unaided - Private,Y,N,1-5843821,fetchdata,2012-2013,Engineering and Technology,1,1,1,1,Andhra Pradesh,1
1-706111901,UNIVERSITY COLLEGE OF ENGINGEERING KAKINADA,"PITHAPURAM ROAD
JNTU K
KAKINADA",EAST GODAVARI,Government,N,N,,fetchdata,2012-2013,Engineering and Technology,1,1,1,1,Andhra Pradesh,1
1-708959154,RAO & NAIDU ENGINEERING COLLEGE,"NEAR SOUTH BY PASS ROAD JUNCTION, ONGOLE",PRAKASAM,Unaided - Private,N,N,1-8620461,fetchdata,2012-2013,Engineering and Technology,1,1,1,1,Andhra Pradesh,1
1-709463252,GOKULA KRISHNA COLLEGE OF ENGINEERING,"BEHIND RTC DEPOT
SULLURUPETA
NELLORE DISTRICT
ANDHRA PRADESH - 524 121",NELLORE,Unaided - Private,N,N,1-7092659,fetchdata,2012-2013,Engineering and Technology,1,1,1,1,Andhra Pradesh,1
1-707975912,CHINTALAPUDI ENGINEERING COLLEGE,"PONNUR ENGINEERING COLLEGE
CHINTALAPUDI(P.O)
PONNUR(M.D)
GUNTUR(D.T)
ANDHRA PRADESH-522 124",GUNTUR,Unaided - Private,N,N,1-6256425,fetchdata,2012-2013,Engineering and Technology,1,1,1,1,Andhra Pradesh,1
1-709426502,GOVERNMENT POLYTECHNIC,"GOVERMENT POLYTECHNIC
DEGREE COLLAGE PREMISES
RAMIREDDY PALLY ROAD
JAMMALAMADUGU",YSR DISTRICT,Government,N,N,1-456899381,fetchdata,2012-2013,Engineering and Technology,1,1,1,1,Andhra Pradesh,1
1-708957932,ADITYA COLLEGE OF ENGINEERING,"VALASAPALLI POST,
MADANAPALLE,
CHITTOOR DIST,
ANDHRA PRADESH",CHITTOOR,Unaided - Private,N,N,1-3285111,fetchdata,2012-2013,Engineering and Technology,1,1,1,1,Andhra Pradesh,1
1-707723595,SRI MITTAPALLI INSTITUTE OF TECHNOLOGY FOR WOMEN,"NEAR PEPSI COMPANY, ON NH-5, TUMMALAPALEM, GUNTUR, ANDHRA PRADESH, INDIA.",GUNTUR,Unaided - Private,Y,N,1-24879271,fetchdata,2012-2013,Engineering and Technology,1,1,1,1,Andhra Pradesh,1
1-709460222,RAGHU INSTITUTE OF TECHNOLOGY,"DAKAMARRI VILLAGE,
BHEEMUNIPATNAM 
VISAKHAPATNAM DIST",VISHAKHAPATNAM,Unaided - Private,N,N,1-3119681,fetchdata,2012-2013,Engineering and Technology,1,1,1,1,Andhra Pradesh,1
1-709405622,SRI SARATHI INSTITUTE OF ENGINEERING & TECHNOOLOGY,"DR. NO:2-78-10A,
NEAR MDO OFFICE,
NUZVID - 521201
KRISHNA DIST., ANDHRA PRADESH.",KRISHNA,Unaided - Private,N,N,1-4828311,fetchdata,2012-2013,Engineering and Technology,1,1,1,1,Andhra Pradesh,1
1-708967393,V.K.R & V.N.B POLYTECHNIC,ELURU ROAD,KRISHNA,Unaided - Private,N,N,1-436255981,fetchdata,2012-2013,Engineering and Technology,1,1,1,1,Andhra Pradesh,1
1-739799714,GOVERNMENT POLYTECHNIC,"THE PRINCIPAL, GOVERNMENT POLYTECHNIC,C/O SRI RAMA MUNICIPAL HIGH SCHOOL, ITEKAMPADU ROAD, PONNUR-522124, GUNTUR(DIST.) , ANDHRA PRADESH.",GUNTUR,Government,N,N,1-460885041,fetchdata,2012-2013,Engineering and Technology,1,1,1,1,Andhra Pradesh,1
1-740771202,VISWANADHA INSTITUTE OF TECHNOLOGY AND MANAGEMENT,"MINDHIVANIPALEM VILLAGE
SONTYAM PANCHAYAT
ANANDAPURAM MANDAL
VISAKHAPATNAM-531173",VISHAKHAPATNAM,Unaided - Private,N,N,1-22890411,fetchdata,2012-2013,Engineering and Technology,1,1,1,1,Andhra Pradesh,1
1-756531372,"GOVERNMENT POLYTECHNIC, URAVAKONDA",BALLARY BY PASS ROAD,ANANTAPUR,Government,N,N,1-467341191,fetchdata,2012-2013,Engineering and Technology,1,1,1,1,Andhra Pradesh,1
1-739550113,BAPATLA POLYTECHNIC,"BAPATLA-522101,
GUNTUR DIST,
ANDHRA PRADESH",GUNTUR,Unaided - Private,N,N,1-421855101,fetchdata,2012-2013,Engineering and Technology,1,1,1,1,Andhra Pradesh,1
1-740846992,DR.B.R.A.G.M.R.POLYTECHNIC,"RAJAVOLU ROAD,
BOMMURU,
RAJAHMUNDRY RURAL",EAST GODAVARI,Government,N,N,1-455317911,fetchdata,2012-2013,Engineering and Technology,1,1,1,1,Andhra Pradesh,1
1-740928162,DIVISEEMA POLYTECHNIC,"1-185-1
RAMACHANDRA PURAM",KRISHNA,Unaided - Private,N,N,1-455262197,fetchdata,2012-2013,Engineering and Technology,1,1,1,1,Andhra Pradesh,1
1-739249238,CHALAPATHI INSTITUTE OF TECHNOLOGY,"A.R. NAGAR, MOTHADAKA, GUNTUR",GUNTUR,Unaided - Private,N,N,1-4822221,fetchdata,2012-2013,Engineering and Technology,1,1,1,1,Andhra Pradesh,1
1-739292303,GOVERNMENT POLYTECHNIC,"M H SCHOOL CAMPUS
4 ROAD JUNCTION
NEHRU CHOWK
ANAKAPALLI
VIZAG DT
INDIA
531001",VISHAKHAPATNAM,Government,N,N,1-454262893,fetchdata,2012-2013,Engineering and Technology,1,1,1,1,Andhra Pradesh,1
1-741274695,BELLAMKONDA POLYTECHNIC COLLEGE,"KAMBALAPADU(VILL)
PODILI(MD)
PRAKASAM(DT)
A.P",PRAKASAM,Unaided - Private,N,N,1-407303563,fetchdata,2012-2013,Engineering and Technology,1,1,1,1,Andhra Pradesh,1
1-739176312,GONNA INSTITUTE OF INFORMATION TECHNOLOGY AND SCIENCES,"WARD NO:-56, GONNAVANI PALEM, AGANAMPUDI,  VISAKHAPATNAM.",VISHAKHAPATNAM,Unaided - Private,N,N,1-6055691,fetchdata,2012-2013,Engineering and Technology,1,1,1,1,Andhra Pradesh,1
1-739872449,GOVT.POLYTECHNIC,"OBULAVARIPALLI,",YSR DISTRICT,Government,N,N,1-452073541,fetchdata,2012-2013,Engineering and Technology,1,1,1,1,Andhra Pradesh,1
1-741449932,SKR COLLEGE OF ENGINEERING AND TECHNOLOGY,"NH-5,KONDURU SATRAM (V),MANUBOLU (MANDAL),S.P.S.NELLORE DISTRICT. PIN::524 405.",NELLORE,Unaided - Private,N,N,1-36630761,fetchdata,2012-2013,Engineering and Technology,1,1,1,1,Andhra Pradesh,1
1-744246883,BENAIAH INSTITUTE OF TECHNOLOGY & SCIENCES,"CHRIST VIDHYA NAGAR,
BURUGUPUDI,
KORUKONDA MANDAL,E.G.DT.,",EAST GODAVARI,Unaided - Private,N,Y,1-522877031,fetchdata,2012-2013,Engineering and Technology,1,1,1,1,Andhra Pradesh,1
1-744189392,BAPATLA WOMEN'S ENGINEERING COLLEGE,"KARLAPALEM ROAD
BACK SIDE OF BAPATLA COLLEGE OF ARTS & SCIENCES",GUNTUR,Unaided - Private,Y,N,1-5301801,fetchdata,2012-2013,Engineering and Technology,1,1,1,1,Andhra Pradesh,1
1-744293282,MOTHER THERESA INSTITUTE OF ENGINEERING AND TECHNOLOGY,"MELUMOI VILLAGE AND POST, PALAMANER, CHITTOOR DIST, ANDHRA PRADESH 517408",CHITTOOR,Unaided - Private,N,N,1-4066143,fetchdata,2012-2013,Engineering and Technology,1,1,1,1,Andhra Pradesh,1
1-743830602,GOVT POLYTECHNIC,"GOVT POLYTECHNIC,
SIMHADRIPURAM,YSR(DIST), ANDRA PRADESH,
INDIA",YSR DISTRICT,Government,N,N,1-481028041,fetchdata,2012-2013,Engineering and Technology,1,1,1,1,Andhra Pradesh,1
1-744312032,KALLAM HARANADHAREDDY INSTITUTE OF TECHNOLOGY,"BEHIND KALLAM SPINNING MILLS LIMITED
N.H.5,CHOWDAVARAM",GUNTUR,Unaided - Private,N,N,1-8213321,fetchdata,2012-2013,Engineering and Technology,1,1,1,1,Andhra Pradesh,1
1-744339142,GOVERNMENT POLYTECHNIC,"INDIRAMMA COLONY
MADANAPALLI ROAD",CHITTOOR,Government,N,N,1-454806201,fetchdata,2012-2013,Engineering and Technology,1,1,1,1,Andhra Pradesh,1
1-742615643,GOKUL GROUP OF INSTITUTIONS,"PIRIDI - VILLAGE,",VIZIANAGARAM,Unaided - Private,N,N,1-6621371,fetchdata,2012-2013,Engineering and Technology,1,1,1,1,Andhra Pradesh,1
1-744424038,ABR COLLEGE OF ENGINEERING AND TECHNOLOGY,"CHINA IRLAPADU, KANDUKUR ROAD,KANIGIRI,
PRAKASAM DT, PIN 523230.",PRAKASAM,Unaided - Private,N,N,1-4304354,fetchdata,2012-2013,Engineering and Technology,1,1,1,1,Andhra Pradesh,1
1-744445676,SRI CHUNDI RANGANAYAKULU ENGINEERING COLLEGE,"GANAPAVARAM
NADENDLA(MANDAL)",GUNTUR,Unaided - Private,N,N,1-2037011,fetchdata,2012-2013,Engineering and Technology,1,1,1,1,Andhra Pradesh,1
1-744232642,KRISHNAVENI ENGINEERING COLLEGE FOR WOMEN,"VILLAGE 	KESANUPALLI
TALUK 	NARASARAOPET
DISTRICT 	GUNTUR
STATE	ANDHRA PRADESH
PIN CODE	522 601",GUNTUR,Unaided - Private,Y,N,1-9276495,fetchdata,2012-2013,Engineering and Technology,1,1,1,1,Andhra Pradesh,1
1-796653742,WEST GODAVARI INSTITUTE OF SCIENCE AND ENGINEERING,"AVAPADU, PRAKASARAOPALEM(POST),
NALLAJERLA (MANDAL), WEST GODAVARI DISTRICT,
ANDHRAPRADESH - 534 112",WEST GODAVARI,Unaided - Private,N,N,1-6590696,fetchdata,2012-2013,Engineering and Technology,1,1,1,1,Andhra Pradesh,1
1-744446356,DEVINENI VENKATA RAMANA & DR.HIMA SEKHAR  MIC COLLEGE OF TECHNOLOGY,"DVR & DR HS MIC COLLEGE OF TECHNOLOGY
KANCHIKACHERLA-521 180
KRISHNA DISTRICT
ANDHA PRADESH",KRISHNA,Unaided - Private,N,N,1-6048681,fetchdata,2012-2013,Engineering and Technology,1,1,1,1,Andhra Pradesh,1
1-826477966,CHIRANJEEVI REDDY GROUP OF INSTITUTIONS,"RACHANAPALLY, BELLARY ROAD, ANANTAPUR",ANANTAPUR,Unaided - Private,N,N,1-7954811,fetchdata,2012-2013,Engineering and Technology,1,1,1,1,Andhra Pradesh,1
1-744539122,SCHOOL OF FOOD PROCESSING TECHNOLOGY JNTUK,JNTUK KAKINADA,EAST GODAVARI,Government,N,N,1-514934923,fetchdata,2012-2013,Engineering and Technology,1,1,1,1,Andhra Pradesh,1
1-798180892,GOVERNMENT POLYTECHNIC FOR WOMEN,"SARASWATHI NAGAR,
DARGAMITTA,
NELLORE",NELLORE,Government,Y,N,1-466095961,fetchdata,2012-2013,Engineering and Technology,1,1,1,1,Andhra Pradesh,1
1-721892282,GOVERNMENT POLYTECHNIC,"ZPH SCHOOL CAMPUS 
KALIDINDI",KRISHNA,Government,N,N,1-474178841,fetchdata,2012-2013,Engineering and Technology,1,1,1,1,Andhra Pradesh,1
1-693759781,RAJAMAHENDRI INSTITUTE OF ENGINEERING AND TECHNOLOGY,"BHOOPALAPATANM, NEAR PIDIMGOYYI, 
RAJAHMUNDRY,
ANDHRA PRADESH-533103.",EAST GODAVARI,Unaided - Private,N,N,1-2896354,fetchdata,2012-2013,Engineering and Technology,1,1,1,1,Andhra Pradesh,1
1-693666501,PRAJNA INSTITUTE OF TECHNOLOGY & MANAGEMENT,"NH-5, RAMAKRISHNAPURAM (VILL),  PALASA (MDL), SRIKAKULAM (DISTRICT)",SRIKAKULAM,Unaided - Private,N,N,1-21656734,fetchdata,2012-2013,Engineering and Technology,1,1,1,1,Andhra Pradesh,1
1-695272141,ANNAMACHARYA INSTITUTE OF TECHNOLOGY AND SCIENCES,"BACK SIDE OF RTO OFFICE
MULAVANKA
RAYACHOTY ROAD
CHINTAKOMMA DINNE VILLAGE & POST
KADAPA - 516 003",YSR DISTRICT,Unaided - Private,N,N,1-4884011,fetchdata,2012-2013,Engineering and Technology,1,1,1,1,Andhra Pradesh,1
1-693690731,TIRUMALA ENGINEERING COLLEGE,"JONNALAGADDA,
NARASARAOPET- 522601
GUNTUR(DT)",GUNTUR,Unaided - Private,N,N,1-2173587,fetchdata,2012-2013,Engineering and Technology,1,1,1,1,Andhra Pradesh,1
1-693668041,VASIREDDY VENKATADRI INSTITUTE OF TECHNOLOGY,"NAMBUR(V), PEDAKAKANI(M), GUNTUR-522508",GUNTUR,Unaided - Private,N,N,1-5864731,fetchdata,2012-2013,Engineering and Technology,1,1,1,1,Andhra Pradesh,1
1-695338541,SWETHA INSTITUTE OF TECHNOLOGY & SCIENCE FOR WOMEN,"C.RAMAPURAM, TIRUPATI
RAMACHANDRAPURAM MANDAL,
CHITTOOR DISTRICT - 517 561,
A.P",CHITTOOR,Unaided - Private,Y,N,1-8955201,fetchdata,2012-2013,Engineering and Technology,1,1,1,1,Andhra Pradesh,1
1-696300661,B V C COLLEGE OF ENGINEERING,"PALACHERLA VILLAGE,
RAJANAGARAM MANDAL,
EAST GODAVARI DISTRICT
ANDHRA PRADESH
533104",EAST GODAVARI,Unaided - Private,N,N,1-11068223,fetchdata,2012-2013,Engineering and Technology,1,1,1,1,Andhra Pradesh,1
1-697647941,GOVT. POLYTECHNIC,"C/O. DRG GOVT. DEGREE COLLEGE, PENTAPADU",WEST GODAVARI,Government,N,N,1-465548143,fetchdata,2012-2013,Engineering and Technology,1,1,1,1,Andhra Pradesh,1
1-820812855,SUJANA COLLEGE OF POLYTECHNIC,"39-27-44/7, VUDA LAYOUT, MADHAVADHARA",VISHAKHAPATNAM,Unaided - Private,N,N,1-512688231,fetchdata,2012-2013,Engineering and Technology,1,1,1,1,Andhra Pradesh,1
1-710399487,LINGAYAS INSTITUTE OF MANAGEMENT AND TECHNOLOGY,"VIVEKA NAGAR, MADALAVARIGUDEM
NUZVID ROAD, VIJAYAWADA.",KRISHNA,Unaided - Private,N,N,1-4518991,fetchdata,2012-2013,Engineering and Technology,1,1,1,1,Andhra Pradesh,1
1-810325221,"INSTITUTE OF SCIENCE AND TECHNOLOGY,JNTUK,KAKINADA","JAWAHARLAL NEHRU TECHNOLOGICAL UNIVERSITY,PITHAPURAM ROAD",EAST GODAVARI,University Managed,N,N,,fetchdata,2012-2013,Engineering and Technology,1,1,1,1,Andhra Pradesh,1
1-710485032,NOVA'S INSTITUTE OF TECHNOLOGY,"N.H.-5, BYE PASS ROAD
TANGELLAMUDI VILLAGE
ELURU MANDAL
WEST GODAVARI DISTRCIT
ANDHRA PRADSEH
INDIA
PIN:534005",WEST GODAVARI,Unaided - Private,N,N,1-9742451,fetchdata,2012-2013,Engineering and Technology,1,1,1,1,Andhra Pradesh,1
1-710491913,NOVA'S INSTITUTE OF TECHNOLOGY FOR WOMEN,"N.H. - 5 BYE PASS ROAD,
TANGELLAMUDI VILLAGE
ELURU MANDAL
WEST GODAVRI DISTRICT
ANDHRA PRADESH 
INDIA",WEST GODAVARI,Unaided - Private,Y,N,1-5505156,fetchdata,2012-2013,Engineering and Technology,1,1,1,1,Andhra Pradesh,1
1-710393407,SRI CHAITANYA ENGINEERING COLLEGE,"CHAITANYA VALLEY, KOMMADI
MADHURAWADA, VISAKHAPATNAM-530041.",VISHAKHAPATNAM,Unaided - Private,N,N,1-6810456,fetchdata,2012-2013,Engineering and Technology,1,1,1,1,Andhra Pradesh,1
1-709632290,SRI SATYA NARAYANA ENGINEERING COLLEGE,"KURNOOL ROAD
ONGOLE",PRAKASAM,Unaided - Private,N,N,1-9777366,fetchdata,2012-2013,Engineering and Technology,1,1,1,1,Andhra Pradesh,1
1-710393712,GEETHANJALI INSTITUTE OF SCIENCE AND TECHNOLOGY,"3RD MILE, NELLORE BOMBAY HIGHWAY,
GANGAVARAM (VILL. & POST),
KOVUR (MANDAL),
SPSR NELLORE DISTRICT",NELLORE,Unaided - Private,N,N,1-3891204,fetchdata,2012-2013,Engineering and Technology,1,1,1,1,Andhra Pradesh,1
1-710534184,GOVERNMENT INSTITUTE OF CHEMICAL ENGINEERING,"NH - 5, KANCHARAPALEM, 
NER V TOWN POLICE STATION",VISHAKHAPATNAM,Government,N,N,1-454519561,fetchdata,2012-2013,Engineering and Technology,1,1,1,1,Andhra Pradesh,1
1-710532553,SATYA INSTITUTE OF TECHNOLOGY AND MANAGEMNET,"GAJULAREGA,
VIZIANAGARAM",VIZIANAGARAM,Unaided - Private,N,N,1-440051859,fetchdata,2012-2013,Engineering and Technology,1,1,1,1,Andhra Pradesh,1
1-710633143,DR.K.V.SUBBA REDDY INSTITUTE OF TECHNOLOGY,"DR.K.V.SUBBA REDDY INSTITUTE OF TECHNOLOGY
OPP.DUPADU (RAILWAY STATION),
N.H. - 7,
LAKSHMIPURAM(POST)
KURNOOL - 518218.
ANDHRA PRADESH (STATE)",KURNOOL,Unaided - Private,N,N,1-3975664,fetchdata,2012-2013,Engineering and Technology,1,1,1,1,Andhra Pradesh,1
1-710553762,SRI SIVANI INSTITUTE OF TECHNOLOGY,"CHILAKAPALEM JUNCTION,ETCHERAL MANDAL, SRIKAKULAM DIST.",SRIKAKULAM,Unaided - Private,N,N,1-15938264,fetchdata,2012-2013,Engineering and Technology,1,1,1,1,Andhra Pradesh,1
1-748349102,T V R POLYTECHNIC,"MAIN ROAD, SONDIPUDI",SRIKAKULAM,Unaided - Private,N,N,1-501668061,fetchdata,2012-2013,Engineering and Technology,1,1,1,1,Andhra Pradesh,1
1-710707712,SRI VENKATESWARA COLLEGE OF ENGINEERING AND TECHNOLOGY,"R.V.S NAGAR, TIRUPATHI ROAD,  CHITTOOR-517127
ANDHRA PRADESH.",CHITTOOR,Unaided - Private,N,N,1-4734871,fetchdata,2012-2013,Engineering and Technology,1,1,1,1,Andhra Pradesh,1
1-710826102,QIS INSTITUTE OF TECHNOLOGY,"VENGAMUKKAPALEM,PONDUR ROAD,ONGOLE,PRAKASAM DISTRICT,ANDHRA PRADESH:-523272",PRAKASAM,Unaided - Private,N,N,1-3955821,fetchdata,2012-2013,Engineering and Technology,1,1,1,1,Andhra Pradesh,1
1-712590502,RAJEEV GANDHI MEMORIAL COLLEGE OF ENGINEERING & TECHNOLOGY,"N.H. - 18
NANDYAL 
KURNOOL DIST. 
A.P.",KURNOOL,Unaided - Private,N,N,1-7535941,fetchdata,2012-2013,Engineering and Technology,1,1,1,1,Andhra Pradesh,1
1-713412982,BHARATH EDUCATIONAL SOCIETY'S GROUP OF INSTITUTIONS,"GOLDEN VALLEY CAMPUS,
NH-205,
ANGALLU POST
MADANAPALLE",CHITTOOR,Unaided - Private,N,N,1-6715081,fetchdata,2012-2013,Engineering and Technology,1,1,1,1,Andhra Pradesh,1
1-710610373,SRI SIVANI COLLEGE OF ENGINEERING,"CHILAKAPALEM JUNCTION,ETCHERLA MANDAL, SRIKAKULAM",SRIKAKULAM,Unaided - Private,N,N,1-2929021,fetchdata,2012-2013,Engineering and Technology,1,1,1,1,Andhra Pradesh,1
1-711417644,DJR COLLEGE OF ENGINEERING & TECHNOLOGY,"DJR COLLEGE OF ENGINEERING & TECHNOLOGY,
DJR NAGAR,
VELPUR VILLAGE, VIA GUDAVALLI
VIJAYAWADA - 521104",KRISHNA,Unaided - Private,N,N,1-21378091,fetchdata,2012-2013,Engineering and Technology,1,1,1,1,Andhra Pradesh,1
1-711495492,ST. MARY'S GROUP OF INSTITUTIONS GUNTUR,"CHEBROLU VILLAGE, CHEBROLU MANDAL, GUNTUR DISTRICT",GUNTUR,Unaided - Private,N,Y,1-6392801,fetchdata,2012-2013,Engineering and Technology,1,1,1,1,Andhra Pradesh,1
1-712516592,AVANTHI INSTITUTE OF ENGINEERING & TECHNOLOGY,"TAMARAM VILLAGE,
MAKAVARAPALEM MANDAL,
NARSIPATNAM REVENUE DIVISION,
VISAKHAPATNAM DIST.",VISHAKHAPATNAM,Unaided - Private,N,N,1-6296166,fetchdata,2012-2013,Engineering and Technology,1,1,1,1,Andhra Pradesh,1
1-712873442,MADINA ENGINEERING COLLEGE,"NEAR AIRPORT
KAMALAPURAM ROAD
CUDDAPAH
PIN:516003
ANDHRAPRADESH",YSR DISTRICT,Unaided - Private,N,Y,1-4773821,fetchdata,2012-2013,Engineering and Technology,1,1,1,1,Andhra Pradesh,1
1-712538622,USHA RAMA COLLEGE OF ENGINEERING AND TECHNOLOGY,"NH-5, TELAPROLU, UNGUTURU MANDAL, KRISHNA DISTRICT,ANDHRA PRADESH",KRISHNA,Unaided - Private,N,N,1-4563957,fetchdata,2012-2013,Engineering and Technology,1,1,1,1,Andhra Pradesh,1
1-711497222,DJR INSTITUTE OF ENGINEERING & TECHNOLOGY,"DJR NAGAR, NH 5
VELPUR VILLAGE, VIA GUDAVALLI,",KRISHNA,Unaided - Private,N,N,1-5101644,fetchdata,2012-2013,Engineering and Technology,1,1,1,1,Andhra Pradesh,1
1-711472152,EVM COLLEGE OF ENGINEERING & TECHNOLOGY,"JONNALAGADDA(VILLAGE & POST), NARASARAOPET",GUNTUR,Unaided - Private,N,N,1-6116177,fetchdata,2012-2013,Engineering and Technology,1,1,1,1,Andhra Pradesh,1
1-711531833,DR.K.V.SUBBA REDDY COLLEGE OF ENGINEERING FOR WOMEN,"DR.K.V.SUBBA REDDY COLLEGE OF ENGINEERING FOR WOMEN
OPP. DUPADU RAILWAY STATION,
N.H - 7,
LAKSHMI PURAM (POST),
KURNOOL - 518218.
ANDHRA PRADESH",KURNOOL,Unaided - Private,Y,N,1-4255774,fetchdata,2012-2013,Engineering and Technology,1,1,1,1,Andhra Pradesh,1
1-711521472,GOVERNMENT POLYTECHNIC FOR MINORITIES,NALLAPADU,GUNTUR,Government,N,Y,1-456682113,fetchdata,2012-2013,Engineering and Technology,1,1,1,1,Andhra Pradesh,1
1-711841862,SRI SAI MADHAVI INSTITUTE OF SCIENCE & TECHNOLOGY,"SRI SAI MADHAVI INSTITUTE OF SCIENCE & TECHNOLOGY
MALLAMPUDI - 533 296
NEAR RAJAHMUNDRY
RAJANAGARAM MANDAL
EAST GODAVARI DISTRICT
ANDHRA PRADESH",EAST GODAVARI,Unaided - Private,N,N,1-5278441,fetchdata,2012-2013,Engineering and Technology,1,1,1,1,Andhra Pradesh,1
1-711547772,MANDAVA INSTITUTE OF ENGINEERING AND TECHNOLOGY,"VIDYANAGAR, JAGGAYYAPETA, KRISHNA DT - 521175, ANDHRA PRADESH",KRISHNA,Unaided - Private,N,N,1-4252181,fetchdata,2012-2013,Engineering and Technology,1,1,1,1,Andhra Pradesh,1
1-712467462,RAMIREDDY SUBBARAMI REDDY ENGINEERING COLLEGE,"N.H.5,
KADANUTHALA (VILLAGE),
BOGOLE (MANDAL),
SPS NELLORE (DISTRICT),
PIN - 524 142",NELLORE,Unaided - Private,N,N,1-3453101,fetchdata,2012-2013,Engineering and Technology,1,1,1,1,Andhra Pradesh,1
1-711652773,D A GOVERNEMENT POLYTECHNIC,HOUSING BOARD COLONY,PRAKASAM,Government,N,N,1-449823531,fetchdata,2012-2013,Engineering and Technology,1,1,1,1,Andhra Pradesh,1
1-712551932,PRASIDDHA COLLEGE OF ENGINEERING & TECHNOLOGY,"ANATHAVARAM (V),
AMALAPURAM - 533 222,
EAST GODAVARI DIST,
ANDHRA PRADESH.",EAST GODAVARI,Unaided - Private,N,N,1-4645651,fetchdata,2012-2013,Engineering and Technology,1,1,1,1,Andhra Pradesh,1
1-712616172,GAYATRI VIDYA PARISHAD COLLEGE OF ENGINEERING FOR WOMEN,"MADHURAWADA
VISAKHAPATNAM",VISHAKHAPATNAM,Unaided - Private,Y,N,1-4202073,fetchdata,2012-2013,Engineering and Technology,1,1,1,1,Andhra Pradesh,1
1-711515962,ST. MARY'S WOMEN'S ENGINEERING COLLEGE,"BUDAMPADU VILLAGE, GUNTUR RURAL MANDAL, GUNTUR DISTRICT, ANDHRA PRADESH, INDIA",GUNTUR,Unaided - Private,Y,Y,1-10359491,fetchdata,2012-2013,Engineering and Technology,1,1,1,1,Andhra Pradesh,1
1-712597552,"GOVERNMENT POLYTECHNIC,KAVALI,NELLORE DIST ANDHRAPRADESH","GOVERNMENT POLYTECHNIC,Z.P.P.BOYS HIGHSCHOOL CAMPUS,THUMMALAPENTA ROAD,KAVALI-524201 NELLORE DIST,ANDHRA PRADESH",NELLORE,Government,N,N,1-455276361,fetchdata,2012-2013,Engineering and Technology,1,1,1,1,Andhra Pradesh,1
1-711825022,PRIYADARSHINI INSTITUTUE OF TECHNOLOGY,"KANUPARTHIPADU, NELLORE - 524 002
ANDHRA PRADESH",NELLORE,Unaided - Private,N,N,1-6106961,fetchdata,2012-2013,Engineering and Technology,1,1,1,1,Andhra Pradesh,1
1-712450995,SRI RAGHAVENDRA INSTITUTE OF SCIENCE AND TECHNOLOGY,"SRI RAGHAVENDRA INSTITUTE OF SCIENCE AND TECHNOLOGY
KAVALI-UDAYAGIRI ROAD
VINJAMUR(POST&MANDAL)
SPSR NELLORE(DIST)
ANDHRAPRADESH-524228",NELLORE,Unaided - Private,N,N,1-4391451,fetchdata,2012-2013,Engineering and Technology,1,1,1,1,Andhra Pradesh,1
1-747467322,ALFA COLLEGE OF ENGINEERING AND TECHNOLOGY,"KANDUKURIMETTA,
ALLAGADDA,
KURNOOL(DIST),
ANDHRA PRADESH",KURNOOL,Unaided - Private,N,N,1-22644781,fetchdata,2012-2013,Engineering and Technology,1,1,1,1,Andhra Pradesh,1
1-746954122,SRI VANI EDUCATIONAL SOCIETY GROUP OF INSTITUTIONS,"CHEVUTURU(VIL)
G KONDURU(MDL)
KRISHNA(DIST)
PIN:521229",KRISHNA,Unaided - Private,N,N,1-14419987,fetchdata,2012-2013,Engineering and Technology,1,1,1,1,Andhra Pradesh,1
1-765023012,GOVERNMENT INSTITUTE OF CERAMIC TECHNOLOGY,"CERAMIC ROAD,
THILAK NAGAR,
GUDUR.",NELLORE,Government,N,N,1-477786221,fetchdata,2012-2013,Engineering and Technology,1,1,1,1,Andhra Pradesh,1
1-747920318,PRATAP POLYTECHNIC,"PAPAYAPALEM(P.O)
RAMAPURAM(V),
VETAPALEM(M)",PRAKASAM,Unaided - Private,N,N,1-405719351,fetchdata,2012-2013,Engineering and Technology,1,1,1,1,Andhra Pradesh,1
1-748133374,GOVERNMENT POLYTECHNIC FOR WOMEN,"GUJJANAGUNDLA
GUNTUR
ANDHRA PRADESH
PIN 522006",GUNTUR,Government,Y,N,1-466044331,fetchdata,2012-2013,Engineering and Technology,1,1,1,1,Andhra Pradesh,1
1-748004342,SRI VENKATESWARA ENGINEERING COLLEGE FOR WOMEN,"OPP. LIC TRAINING CENTER,
KARAKAMBADI ROAD",CHITTOOR,Unaided - Private,Y,N,1-33729371,fetchdata,2012-2013,Engineering and Technology,1,1,1,1,Andhra Pradesh,1
1-747270612,BHIMAVARAM INSTITUTE OF ENGINEERING & TECHNOLOGY,"GNANANANDA ASHRAM ROAD
PENNADA (VILLAGE)
PALAKODERU MANDAL",WEST GODAVARI,Unaided - Private,N,N,1-7048771,fetchdata,2012-2013,Engineering and Technology,1,1,1,1,Andhra Pradesh,1
1-748532673,SWARNANDHRA ENGINEERING COLLEGE,"NH 214-A, 
CHINAMAMIDIPALLI,
 PALAKOL-NARSAPUR ROAD,
NARSAPUR- 534275, 
WEST GODAVARI DISTRICT, 
ANDHRA PRADESH.",WEST GODAVARI,Unaided - Private,N,N,1-4190381,fetchdata,2012-2013,Engineering and Technology,1,1,1,1,Andhra Pradesh,1
1-748992371,CHITTOOR POLYTECHNIC COLLEGE,"CHITTOOR POLYTECHNIC COLLEGE,
(BEHIND GOVT. HIGH SCHOOL),
GANGADHARA NELLORE",CHITTOOR,Unaided - Private,N,N,,fetchdata,2012-2013,Engineering and Technology,1,1,1,1,Andhra Pradesh,1
1-750087842,KKC INSTITUTE OF TECHNOLOGY & ENGINEERING FOR WOMEN,"TIRUPATI-NAGARI ROAD
P.R. MANGALAM
PUTTUR
CHITTOOR(D.T)
ANDHRA PRADESH",CHITTOOR,Unaided - Private,Y,N,1-5219901,fetchdata,2012-2013,Engineering and Technology,1,1,1,1,Andhra Pradesh,1
1-749575453,SRI ADITYA ENGINEERING COLLEGE,"ADITYA NAGAR,
ADB ROAD,
SURAMPALEM,
VIA PEDDAPURAM.",EAST GODAVARI,Unaided - Private,N,N,1-4023854,fetchdata,2012-2013,Engineering and Technology,1,1,1,1,Andhra Pradesh,1
1-747214033,PYDAH COLLEGE OF ENGINEERING,"PATAVALA, TALLAREVU MANDAL, EAST GODAVBARI DISTRICT.",EAST GODAVARI,Unaided - Private,N,N,1-4575591,fetchdata,2012-2013,Engineering and Technology,1,1,1,1,Andhra Pradesh,1
1-749572395,A1 GLOBAL INSTITUTE OF ENGINEERING & TECHNOLOGY,"MARKAPUR, PRAKASAM DISTRICT, ANDHRA PRADESH.",PRAKASAM,Unaided - Private,N,Y,1-6212413,fetchdata,2012-2013,Engineering and Technology,1,1,1,1,Andhra Pradesh,1
1-751217422,SRI VENKATESWARA INSTITUTE OF TECHNOLOGY.,"HAMPAPURAM, N.H.44, RAPTHADU (MANDAL)
ANANTAPUR (DIST) - 515 722, A.P.",ANANTAPUR,Unaided - Private,N,N,1-5989171,fetchdata,2012-2013,Engineering and Technology,1,1,1,1,Andhra Pradesh,1
1-750887373,GOKUL INSTITUTE OF TECHNOLOGY AND SCIENCES,"PIRIDI (VILLAGE)
BOBBILI (MANDAL)
VIZIANAGARAM (DIST)
ANDHRAPRADESH STATE
PIN- 535568",VIZIANAGARAM,Unaided - Private,N,N,1-10906901,fetchdata,2012-2013,Engineering and Technology,1,1,1,1,Andhra Pradesh,1
1-777550882,SHRI SHIRDI SAI INSTITUTE OF SCIENCE AND ENGINEERING,"#2-383, WARD NO. 10,VADIYAMPETA(POST),
PODARALLA (VILLAGE), BUKKARAYASAMUDRAM (M),
ANANTAPUR - 515731.`
ANDHRA PRADESH.",ANANTAPUR,Unaided - Private,N,N,1-6038961,fetchdata,2012-2013,Engineering and Technology,1,1,1,1,Andhra Pradesh,1
1-814332083,GOVERNMENT POLYTECHNIC CHINAMERANGI,"GOVERNMENT POLYTECHNIC CHINAMERANGI,JIYAMMAVALASA MANDAL",VIZIANAGARAM,Government,N,N,1-805954011,fetchdata,2012-2013,Engineering and Technology,1,1,1,1,Andhra Pradesh,1
1-1490534571,PNC&VIJAI INSTITUTE OF ENGINEERING & TECHNOLGOY,"REPUDI (V), PHIRANGIPURAM (M), GUNTUR DIST. ANDHRA PRADESH",GUNTUR,Unaided - Private,N,N,,fetchdata,2012-2013,Engineering and Technology,1,1,1,1,Andhra Pradesh,1
