institute_id,institute_name,address,district,institution_type,women_only,minority,parent_id,method,year,program,level,institutiontype,Women,Minority,state,course
1-801381082,VISION INSTITUTE OF TECHNOLOGY,"HATHIPUR, MAHRAJPUR
NH-2
KNAPUR",KANPUR NAGAR,Unaided - Private,N,N,1-7309818,fetchdata,2012-2013,Engineering and Technology,1,1,1,1,Uttar Pradesh,1
1-695264011,HI-TECH INSTITUTE OF ENGINEERING & TECHNOLOGY,"766, 26TH KM, DELHI-HAPUR BYPASS, NH-24",GHAZIABAD,Unaided - Private,N,N,1-4167997,fetchdata,2012-2013,Engineering and Technology,1,1,1,1,Uttar Pradesh,1
1-808522152,RISHI INSTITUTE OF ENGINNERING AND TECHNOLOGY,"DELHI-DEHRADUN BYPASS ROAD, PARTAPUR, MEERUT-250103",MEERUT,Unaided - Private,N,N,1-9408471,fetchdata,2012-2013,Engineering and Technology,1,1,1,1,Uttar Pradesh,1
1-698240811,SARASWATI INSTITUTE OF ENGINEERING & TECHNOLOGY,"NH_24,PAWLA,PILAKHUWA,GHAZIABAD,U.P-245304",GHAZIABAD,Unaided - Private,N,N,1-7856143,fetchdata,2012-2013,Engineering and Technology,1,1,1,1,Uttar Pradesh,1
1-716275472,SARASWATI INSTITUTE OF TECHNOLOGY & MANAGEMENT,"MADHU VIHAR
LUCKNOW KANPUR HIGHWAY NH 25
KUSHERI, ASHAKHERA
TEHSIL- HASANGANJ
DISTT- UNNAO",UNNAO,Unaided - Private,N,N,1-3641914,fetchdata,2012-2013,Engineering and Technology,1,1,1,1,Uttar Pradesh,1
1-776652555,IMS COLLEGE OF POLYTECHNIC,"97 MILE STONE, NH-24,KAKATHER CROSSING, KHUNGAWALI, GAJRAULA, J.P. NAGAR",J P NAGAR,Unaided - Private,N,N,1-524513341,fetchdata,2012-2013,Engineering and Technology,1,1,1,1,Uttar Pradesh,1
1-785033865,DR. B.R. AMBEDKAR POLYTECHNIC,"PREMBAGH, SHYAMLAL KI BAGIYA, GWALIOR ROAD",AGRA,Unaided - Private,N,N,1-475734621,fetchdata,2012-2013,Engineering and Technology,1,1,1,1,Uttar Pradesh,1
1-782710906,DEVPRAYAG INSTITUTE OF TECHNICAL STUDIES,"PHAPHAMAU, ALLAHABAD-211013 (U.P.)",ALLAHABAD,Unaided - Private,N,N,1-13514891,fetchdata,2012-2013,Engineering and Technology,1,1,1,1,Uttar Pradesh,1
1-714465533,JSS ACADEMY OF TECHNICAL EDUCATION,"C 20/1, SECTOR 62, NOIDA-201301",GAUTAM BUDDHA NAGAR,Unaided - Private,N,N,1-3675821,fetchdata,2012-2013,Engineering and Technology,1,1,1,1,Uttar Pradesh,1
1-716007315,INSTITUTE OF TECHNOLOGY & MANAGEMENT(341),"ALIGARH PALAWAL DELHI ROAD 
KARSUA ALIGARH",ALIGARH,Unaided - Private,N,N,1-5715647,fetchdata,2012-2013,Engineering and Technology,1,1,1,1,Uttar Pradesh,1
1-715237806,BUDDHA INSTITUTE OF TECHNOLOGY,"CL-1, SECTOR-7
VILL-BADGAHAN
GIDA
GORAKHPUR
PIN-273209",GORAKHPUR,Unaided - Private,N,N,1-11680601,fetchdata,2012-2013,Engineering and Technology,1,1,1,1,Uttar Pradesh,1
1-716148592,"MANYAVAR KASHI RAM GOVERNMENT POLYTECHNIC, KANNAUJ (RUNNING AT GOVT. POLYTECHNIC, FARRUKHABAD)","DURGA NAGAR, TIRWA KAHS
 
( RUNNING AT GOVT. POLYTECNIC, FARRUKHABAD )",KANNAUJ,Government,N,N,1-479023391,fetchdata,2012-2013,Engineering and Technology,1,1,1,1,Uttar Pradesh,1
1-715946043,SCHOOL OF MANAGEMENT SCIENCES,"KASIMPUR BIRUHA,
POST - KASIMPUR,
GOSAINGANJ, LUCKNOW SULTANPUR ROAD,
TEHSIL - MOHANLAL GANJ, LUCKNOW 227125",LUCKNOW,Unaided - Private,N,N,1-6147591,fetchdata,2012-2013,Engineering and Technology,1,1,1,1,Uttar Pradesh,1
1-714974880,PT. RAM ADHAR J. TIWARI COLLEGE OF POLYTECHNIC,"MAHUAR KALAN, NEAR BALUWA GHAT CHANDAULI, U.P.",CHANDAULI,Unaided - Private,N,N,1-493189491,fetchdata,2012-2013,Engineering and Technology,1,1,1,1,Uttar Pradesh,1
1-753233663,KANCHAN POLYTECHNIC,"VILLAGE- MANHERU, POST- BELA KHARA, RAE BARELI",RAE BARELI,Unaided - Private,N,N,1-462629961,fetchdata,2012-2013,Engineering and Technology,1,1,1,1,Uttar Pradesh,1
1-752803643,LUCKNOW MODEL INSTITUTE OF TECHNOLOGY & MANAGEMENT,"LUCKNOW MODEL INSTITUTE OF TECHNOLOGY & MANAGEMENT
4.0 K.M. STONE MOHANLALGANJ - KANPUR ROAD BYPASS
VILLAGE: BHASANDA, PARGANA - NIGOHA
TEHSIL: MOH",LUCKNOW,Unaided - Private,N,N,1-8909931,fetchdata,2012-2013,Engineering and Technology,1,1,1,1,Uttar Pradesh,1
1-715055413,"GOVERNMENT POLYTECHNIC, FARRUKHABAD","BEWAR ROAD, BHOLEPUR",FARRUKHABAD,Government,N,N,1-478892761,fetchdata,2012-2013,Engineering and Technology,1,1,1,1,Uttar Pradesh,1
1-714477603,SHANTI NIKETAN GROUP OF INSTITUTIONS,"VILLAGE-IKLA, GOON-GEJHA ROAD, MOHIUDDINPUR-250 205, MEERUT (U.P.)",MEERUT,Unaided - Private,N,N,1-4866573,fetchdata,2012-2013,Engineering and Technology,1,1,1,1,Uttar Pradesh,1
1-715382502,SAGAR INSTITUTE OF TECHNOLOGY & MANAGEMENT,"6TH KM STONE, FAIZABAD ROAD, BARABANKI.",BARABANKI,Unaided - Private,N,N,1-6264633,fetchdata,2012-2013,Engineering and Technology,1,1,1,1,Uttar Pradesh,1
1-715034992,ACCURATE INSTITUTE OF MANAGEMENT & TECHNOLOGY,"PLOT NO. 49, KNOWLEDGE PARK-III",GAUTAM BUDDHA NAGAR,Unaided - Private,N,N,1-6060126,fetchdata,2012-2013,Engineering and Technology,1,1,1,1,Uttar Pradesh,1
1-715260643,"GOVERNMENT LEATHER INSTITUTE, AGRA","INDUSTRIAL ESTATE, NUNHAI AGRA-06",AGRA,Government,N,N,1-475498331,fetchdata,2012-2013,Engineering and Technology,1,1,1,1,Uttar Pradesh,1
1-715167824,DR. RAJENDRA PRASAD POLYTECHNIC,"V.P.O.- SUNDERPUR 
TEHSIL - BEHAT
DISTT- SAHARANPUR",SAHARANPUR,Unaided - Private,N,N,1-465872931,fetchdata,2012-2013,Engineering and Technology,1,1,1,1,Uttar Pradesh,1
1-715240085,ALLENHOUSE INSTITUTE OF TECHNOLOGY,"PLOT  NO. 176, ROOMA,
KULGAON ROAD,
KANPUR",KANPUR NAGAR,Unaided - Private,N,N,1-6262181,fetchdata,2012-2013,Engineering and Technology,1,1,1,1,Uttar Pradesh,1
1-714454412,INDRAPRASTHA INSTITUTE OF TECHNOLOGY,"NH 24, VILLAGE SHAHWAJPUR KALAN, POST - RAJABPUR, DISTT.
JYOTIBA PHULLEY NAGAR -UP",JYOTIBA PHULE NAGAR,Unaided - Private,N,N,1-6419651,fetchdata,2012-2013,Engineering and Technology,1,1,1,1,Uttar Pradesh,1
1-715180073,MAHARANA PRATAAP COLLEGE OF ENGINEERING,"KALYANPUR-BITHOOR ROAD, BAIKUNTHPUR, KANPUR",KANPUR NAGAR,Unaided - Private,Y,N,1-8860461,fetchdata,2012-2013,Engineering and Technology,1,1,1,1,Uttar Pradesh,1
1-783158675,LUCKNOW POLYTECHNIC LUCKNOW," KANPUR ROAD,KRISHNA NAGAR",LUCKNOW,Govt aided,N,N,1-478354121,fetchdata,2012-2013,Engineering and Technology,1,1,1,1,Uttar Pradesh,1
1-717011332,M.S.D.POLYTECHNIC COLLEGE,"BALPUR, KHARAILA, SARAIPALTU",AZAMGARH,Unaided - Private,N,N,1-513542071,fetchdata,2012-2013,Engineering and Technology,1,1,1,1,Uttar Pradesh,1
1-747431803,MAHAVEER INSTITUTE OF  TECHNOLOGY,"VILL-POHALLI,POST-DABATHUWA,TEHSIL-SARDHANA",MEERUT,Unaided - Private,N,N,1-449917701,fetchdata,2012-2013,Engineering and Technology,1,1,1,1,Uttar Pradesh,1
1-717077948,JMS GROUP OF INSTITUTIONS,"HANS KNOWLEDGE PARK,34 MILES FROM DELHI, DELHI - HAPUR ROAD, GHAZIABAD",GHAZIABAD,Unaided - Private,N,N,1-3143011,fetchdata,2012-2013,Engineering and Technology,1,1,1,1,Uttar Pradesh,1
1-717940142,DIGAMBER JAIN POLYTECHNIC BARAUT,"BARKA ROAD,  BARAUT
BAGHPAT",BAGPAT,Govt aided,N,N,1-512597581,fetchdata,2012-2013,Engineering and Technology,1,1,1,1,Uttar Pradesh,1
1-718745651,GOVT. GOVIND BALLABH PANT POLYTECHNIC,"MOHAN ROAD, LUCKNOW",LUCKNOW,Government,N,N,,fetchdata,2012-2013,Engineering and Technology,1,1,1,1,Uttar Pradesh,1
1-717988992,NORTHERN REGIONAL INSTITUTE OF PRINTING TECHNOLOGY,TELIARGANJ,ALLAHABAD,Government,N,N,1-510129781,fetchdata,2012-2013,Engineering and Technology,1,1,1,1,Uttar Pradesh,1
1-720596822,RAJ KUMAR GOEL INSTITUE OF TECHNOLOGY,"5 KM. STONE DELHI-MEERUT ROAD, GHAZIABAD (U.P.)",GHAZIABAD,Unaided - Private,N,N,1-24371465,fetchdata,2012-2013,Engineering and Technology,1,1,1,1,Uttar Pradesh,1
1-717818852,AWADH INSTITUTE OF TECHNOLOGY,"AZADPURAM, ADJACENT CRPF CAMP",LUCKNOW,Unaided - Private,N,Y,1-3887261,fetchdata,2012-2013,Engineering and Technology,1,1,1,1,Uttar Pradesh,1
1-720622613,SAMS INSTITUTE OF HOTEL MANAGEMENT,"BHELKHAN (NEAR VYAS BAGH HANUMAN MANDIR), SHIVPUR - AIRPORT ROAD, VARANASI 221003",VARANASI,Unaided - Private,N,N,1-23602414,fetchdata,2012-2013,Engineering and Technology,1,1,1,1,Uttar Pradesh,1
1-720593124,"SOCIETY OF ADVANCED MANAGEMENT STUDIES, INSTITUTE OF TECHNOLOGY","BHELKHAN (NEAR VYAS BAGH HANUMAN MANDIR) SHIVPUR - AIRPORT ROAD, VARANASI",VARANASI,Unaided - Private,N,N,1-561580431,fetchdata,2012-2013,Engineering and Technology,1,1,1,1,Uttar Pradesh,1
1-720594952,R. R. INSTITUTE OF MODERN TECHNOLOGY,"VILL.- BHAISAMAU, NH-24, BAKSHI KA TALAB,
SITAPUR ROAD, LUCKNOW-227202",LUCKNOW,Unaided - Private,N,N,1-5511961,fetchdata,2012-2013,Engineering and Technology,1,1,1,1,Uttar Pradesh,1
1-720645801,SHRI JEET RAM SMARAK INSTITUTE OF POLYTECHNIC,"VILLAGE KHATA, P.O BHANDSAR,",BAREILLY,Unaided - Private,N,N,,fetchdata,2012-2013,Engineering and Technology,1,1,1,1,Uttar Pradesh,1
1-720597962,KASHI INSTITUTE OF TECHNOLOGY,"MS 23, VARANASI ALLAHABAD HIGHWAY, MIRZAMURAD, VARANASI",VARANASI,Unaided - Private,N,N,1-7853771,fetchdata,2012-2013,Engineering and Technology,1,1,1,1,Uttar Pradesh,1
1-720687533,SHIV NADAR UNIVERSITY,"VILL- CHITHERA
TEHSIL- DADRI
DISTT- GOUTAM BUDH NAGAR",GAUTHAM BUDDHA NAGAR,Unaided - Private,N,N,1-522234101,fetchdata,2012-2013,Engineering and Technology,1,1,1,1,Uttar Pradesh,1
1-720700553,GOVT. GIRLS POLYTECHNIC BAREILLY,"C.B. GANJ, RAMPUR ROAD, N.H. 24, BAREILLY U.P.",BAREILLY,Government,Y,N,1-465665481,fetchdata,2012-2013,Engineering and Technology,1,1,1,1,Uttar Pradesh,1
1-717018302,BANARAS INSTITUTEOF POLYTECHNIC & ENGINEERING,VILLAGE GAJOKHAR POST PARSARA PHOOLPUR,VARANASI,Unaided - Private,N,N,1-488233171,fetchdata,2012-2013,Engineering and Technology,1,1,1,1,Uttar Pradesh,1
1-717783536,KESHAV POLYTECHNIC,"NH-58, VILL. TEJALHERA BARLA-BASERA ROAD, MUZAFFRANAGAR",MUZAFFARNAGAR,Unaided - Private,N,N,1-493088031,fetchdata,2012-2013,Engineering and Technology,1,1,1,1,Uttar Pradesh,1
1-720696672,GALGOTIAS COLLEGE OF ENGINEERING & TECHNOLOGY,"PLOT NO 1, KNOWLEDGE PARK, PHASE II, INSTITUTIONAL AREA,
GREATER NOIDA, UP.",GAUTAM BUDDHA NAGAR,Unaided - Private,N,N,1-21805422,fetchdata,2012-2013,Engineering and Technology,1,1,1,1,Uttar Pradesh,1
1-720687742,"FACULTY OF ENGINEERING & TECHNOLOGY, R.B.S.COLLEGE, BICHPURI CAMPUS, AGRA.","BICHPURI CAMPUS, BICHPURI, AGRA.",AGRA,Unaided - Private,N,N,1-5933071,fetchdata,2012-2013,Engineering and Technology,1,1,1,1,Uttar Pradesh,1
1-758708293,"GOVERNEMENT POLYTECHNIC, MANIKPUR",MANIKPUR,CHITRAKOOT,Government,N,N,1-493511761,fetchdata,2012-2013,Engineering and Technology,1,1,1,1,Uttar Pradesh,1
1-752552153,JP INSTITUTE OF HOTEL MANAGEMENT & CATERING TECHNOLOGY,"POST - RAJPURA, MAWANA ROAD",MEERUT,Unaided - Private,N,N,1-455818941,fetchdata,2012-2013,Engineering and Technology,1,1,1,1,Uttar Pradesh,1
1-722594722,ABES ENGINEERING COLLEGE,"CAMPUS -1,             19TH KM STONE DELHI HAPUR BY PASS ROAD
N.H.-24                 VIJAY NAGAR",GHAZIABAD,Unaided - Private,N,N,1-6248771,fetchdata,2012-2013,Engineering and Technology,1,1,1,1,Uttar Pradesh,1
1-763018457,SITAPUR SHIKSHA SANSTHAN GROUP OF INSTITUTIONS,"RESORA ,SITAPUR",SITAPUR,Unaided - Private,N,N,1-11478661,fetchdata,2012-2013,Engineering and Technology,1,1,1,1,Uttar Pradesh,1
1-697975060,INSTITUTE OF ADVANCED MANAGEMENT & TECHNOLOGY,"MOHAN NAGAR, KILA PARIKSHITGARH ROAD, ABDULLAPUR",MEERUT,Unaided - Private,N,N,1-10509624,fetchdata,2012-2013,Engineering and Technology,1,1,1,1,Uttar Pradesh,1
1-776703872,"ANUPAMA COLLEGE OF ENGINEERING, AGRA","AGRA-FIROZABAD ROAD,
NH-2,  ETEMADPUR ,AGRA(U.P.)",AGRA,Unaided - Private,N,N,1-6125851,fetchdata,2012-2013,Engineering and Technology,1,1,1,1,Uttar Pradesh,1
1-752913442,FUTURE INSTITUTE OF ENGINEEING & TECHNOLOGY,"NH-24, BAREILLY LUCKNOW ROAD,  NEAR FARIDPUR, BAREILLY",BAREILLY,Unaided - Private,N,N,1-8841171,fetchdata,2012-2013,Engineering and Technology,1,1,1,1,Uttar Pradesh,1
1-754385377,SHREE  BALAJI POLYTECHNIC COLLEGE,BAGHPAT ROAD KURALI,MEERUT,Unaided - Private,N,N,1-477750473,fetchdata,2012-2013,Engineering and Technology,1,1,1,1,Uttar Pradesh,1
1-754491592,STALLION COLLEGE FOR ENGINEERING & TECHNOLOGY,"MEERPUR, POST-SHERPUR KHANAJADPUR, BLOCK-MUZAFFARABAD, TEHSIL-BEHAT",SAHARANPUR,Unaided - Private,N,N,1-479356451,fetchdata,2012-2013,Engineering and Technology,1,1,1,1,Uttar Pradesh,1
1-754423940,ASHOKA INSTITUTE OF TECHNOLOGY AND MANAGEMENT,"AKTHA,SARNATH,VARANASI.",VARANASI,Unaided - Private,N,N,1-5716861,fetchdata,2012-2013,Engineering and Technology,1,1,1,1,Uttar Pradesh,1
1-754449952,STALLION COLLEGE FOR ENGINEERING AND TECHNOLOGY,"RASOOLPUR-MEERPUR, TEHSIL-BEHAT",SAHARANPUR,Unaided - Private,N,N,1-5571961,fetchdata,2012-2013,Engineering and Technology,1,1,1,1,Uttar Pradesh,1
1-754542374,VEER KUNWAR INSTITUTE OF TECHNOLOGY BIJNOR,V.K. PURAM NAGINA ROAD BIJNOR (U.P.) 246701,BIJNOR,Unaided - Private,N,N,1-6161461,fetchdata,2012-2013,Engineering and Technology,1,1,1,1,Uttar Pradesh,1
1-753153922,KUNAL PROFESSIONAL EDUCATION ACADEMY,"TEHRA,GWALIOR ROAD,TEHSIL KHERAGARH AGRA",AGRA,Unaided - Private,N,N,1-496788751,fetchdata,2012-2013,Engineering and Technology,1,1,1,1,Uttar Pradesh,1
1-754559127,IIMT COLLEGE OF ENGINEERING,"PLOT NO A-20, KP-III, GREATER NOIDA",GAUTAM BUDDHA NAGAR,Unaided - Private,N,N,1-7435011,fetchdata,2012-2013,Engineering and Technology,1,1,1,1,Uttar Pradesh,1
1-754661383,INDIAN INSTITUTE OF CARPET TECHNOLOGY,CHAURI ROAD BHADOHI,SANT RAVIDAS NAGAR,Govt aided,N,N,1-462578871,fetchdata,2012-2013,Engineering and Technology,1,1,1,1,Uttar Pradesh,1
1-752853131,DSR COLLEGE OF POLYTECHNIC,"233 PAPARANANAKAR PIPARA NANAKAR , BAHERI BAREILLY - 243205 UP",BAREILLY,Unaided - Private,N,N,1-478241871,fetchdata,2012-2013,Engineering and Technology,1,1,1,1,Uttar Pradesh,1
1-753269410,KM. MAYAWATI GOVERMENT GIRLS POLYTECHNIC,SADOPUR KI JHAL BADALPUR,GAUTAM BUDDHA NAGAR,Government,Y,N,1-460908921,fetchdata,2012-2013,Engineering and Technology,1,1,1,1,Uttar Pradesh,1
1-781253682,JAWAHAR LAL NEHRU POLYTECHNIC,LAKHPERABAG,SITAPUR,Govt aided,N,N,1-492934391,fetchdata,2012-2013,Engineering and Technology,1,1,1,1,Uttar Pradesh,1
1-755621305,MAHA MANAV GAUTAM BUDDHA POLYTECHNIC," BANKATI KHURD, AHIRAULI",GORAKHPUR,Unaided - Private,N,N,1-492831601,fetchdata,2012-2013,Engineering and Technology,1,1,1,1,Uttar Pradesh,1
1-755626795,DR. RIZVI COLLEGE OF ENGINEERING,"DR. RIZVI EDUCATIONAL COMPLEX, KARARI, KAUSHAMBI",KAUSHAMBI,Unaided - Private,N,Y,1-460509291,fetchdata,2012-2013,Engineering and Technology,1,1,1,1,Uttar Pradesh,1
1-753498254,MAHAVEER INSTITUTE OF TECHNOLOGY,"VILL. SARFUDDEENPUR ABUSA, POST SARAY INYAYAT, TEHSIL FULPUR",ALLAHABAD,Unaided - Private,N,N,1-518894391,fetchdata,2012-2013,Engineering and Technology,1,1,1,1,Uttar Pradesh,1
1-755689032,PANCHWATI INSTITUTE OF ENGINEERING & TECHNOLOGY,"N. H. -58, GHAT INSTITUTIONAL AREA, DELHI- HARIDWAR BY PASS ROAD, MEERUT, PIN 250103",MEERUT,Unaided - Private,N,N,1-10107051,fetchdata,2012-2013,Engineering and Technology,1,1,1,1,Uttar Pradesh,1
1-753481102,PSIT COLLEGE OF ENGINEERING,"NH-2 KANPUR AGRA NATIONAL HIGHWAY, BHAUTI , KANPUR",KANPUR NAGAR,Unaided - Private,N,N,1-15232571,fetchdata,2012-2013,Engineering and Technology,1,1,1,1,Uttar Pradesh,1
1-755423496,ISHWARCHAND VIDYA SAGAR INSTITUTE OF TECHNOLOGY,NH-2 DELHI MATHURA HIGHWAY AKBARPUR MATHURA-281405 UP,MATHURA,Unaided - Private,N,N,1-21298561,fetchdata,2012-2013,Engineering and Technology,1,1,1,1,Uttar Pradesh,1
1-786007711,SANJAY INSTITUTE OF TECHNOLOGY &  MANAGEMENT,"21ST MILE STONE, MATHURA-DELHI ROAD, NH#2, P.O.-CHAUMUHAN, TEHSIL-CHHATA",MATHURA,Unaided - Private,N,N,,fetchdata,2012-2013,Engineering and Technology,1,1,1,1,Uttar Pradesh,1
1-752099268,ARYABHATT COLLEGE OF ENGINEERING & TECHNOLOGY,"13TH KM. STONE, 
BAGHPAT-MEERUT ROAD, DAULA",BAGPAT,Unaided - Private,N,N,1-5828930,fetchdata,2012-2013,Engineering and Technology,1,1,1,1,Uttar Pradesh,1
1-752538876,SHAMBHUNATH INSTITUTE OF ENGINEERING & TECHNOLOGY,"JHALWA, NEAR IIIT, ALLAHABAD",ALLAHABAD,Unaided - Private,N,N,1-10813514,fetchdata,2012-2013,Engineering and Technology,1,1,1,1,Uttar Pradesh,1
1-755824763,SHRI KRISHNA COLLEGE OF ENGINEERING,"SINGHAWALI AHIR, BAGHPAT",BAGPAT,Unaided - Private,N,N,1-20200194,fetchdata,2012-2013,Engineering and Technology,1,1,1,1,Uttar Pradesh,1
1-755684192,MAHAMAYA POLYTECHNIC OF INFORMATION TECHNOLOGY,"BACHRAUN, J.P.NAGAR",J P NAGAR,Government,N,N,1-508444131,fetchdata,2012-2013,Engineering and Technology,1,1,1,1,Uttar Pradesh,1
1-756711572,LANDMARK TECHNICAL CAMPUS,VILLAGE DIDAULI DELHI MORADABAD ROAD,JYOTIBA PHULE NAGAR,Unaided - Private,N,N,1-414245441,fetchdata,2012-2013,Engineering and Technology,1,1,1,1,Uttar Pradesh,1
1-755684823,PRIYADARSHINI COLLEGE OF COMPUTER SCIENCES,"PLOT NO. 6-A & 7 INSTITUTIONAL AREA,KNOWLEDGE PARK-I
GREATER NOIDA,GAUTAM BUDH NAGAR-201306,UTTAR PRADESH",GAUTAM BUDDHA NAGAR,Unaided - Private,N,N,1-16298721,fetchdata,2012-2013,Engineering and Technology,1,1,1,1,Uttar Pradesh,1
1-756752346,"INSTITUTE OF TECHNOLOGY &MANAGEMENT,LUCKNOW","N.H.-24,MAMPUR BANA,BAKSHI KA TALAB,SITAPUR ROAD,LUCKNOW",LUCKNOW,Unaided - Private,N,N,1-4199791,fetchdata,2012-2013,Engineering and Technology,1,1,1,1,Uttar Pradesh,1
1-756073842,R.B. INSTITUTE OF TECHNOLOGY,"JALESAR ROAD, AGRA",AGRA,Unaided - Private,N,N,1-16090841,fetchdata,2012-2013,Engineering and Technology,1,1,1,1,Uttar Pradesh,1
1-756857802,TRIDENT ET GROUP OF INSTITUTIONS,"N.H-58, MORTA, DELHI-MEERUT ROAD, GHAZIABAD-201003",GHAZIABAD,Unaided - Private,N,N,1-7811791,fetchdata,2012-2013,Engineering and Technology,1,1,1,1,Uttar Pradesh,1
1-756178522,DELHI INSTITUTE OF ENGINEERING & TECHNOLOGY,"5TH KM, STONE, PARTAPUR BY PASS ROAD, GHAT INSTITUTIONAL AREA, NH-58, MEERUT, (U.P.)",MEERUT,Unaided - Private,N,N,1-4267091,fetchdata,2012-2013,Engineering and Technology,1,1,1,1,Uttar Pradesh,1
1-756345784,SWAMI KALYAN DEV POLYTECHNIC INSTITUITE,VILL-BEHRA SADAT.POST-KAKRAULI.,MUZAFFARNAGAR,Unaided - Private,N,N,1-503599301,fetchdata,2012-2013,Engineering and Technology,1,1,1,1,Uttar Pradesh,1
1-756061283,KALKA ENGINEERING COLLEGE,"PARTA PUR 
BYEPASS ROAD
MEERUT",MEERUT,Unaided - Private,N,N,1-22275071,fetchdata,2012-2013,Engineering and Technology,1,1,1,1,Uttar Pradesh,1
1-756971352,DNM INSTITUTE OF ENGINEERING & TECHNOLOGY," VILLAGE-  SARAI SHEHZADI,
PARGANA- BIJNAUR,
P.O. BANTHARA
LUCKNOW
PIN- 227101",LUCKNOW,Unaided - Private,N,N,1-474054481,fetchdata,2012-2013,Engineering and Technology,1,1,1,1,Uttar Pradesh,1
1-754585266,"KAMLA NEHRU INSTITUTE OF TECHNOLOGY , SULTANPUR","KAMLA NEHRU INSTITUTE OF TECHNOLOGY, SULTANPUR
228118 (U.P)",SULTANPUR,Government,N,N,1-9932280,fetchdata,2012-2013,Engineering and Technology,1,1,1,1,Uttar Pradesh,1
1-753210962,ANJANA INSTITUTE OF TECHNICAL EDUCATION,"VILL-SANKROULI,
MADUPUR POST-AJGARA,PRATAPGARH",PRATAPGARH,Unaided - Private,N,N,1-493198401,fetchdata,2012-2013,Engineering and Technology,1,1,1,1,Uttar Pradesh,1
1-755717872,CENTRAL INSTITUTE OF PLASTICS ENGINEERING & TECHNOLOGY LUCKNOW,"B-27 AMAUSI INDUSTRIAL AREA, NADARGANJ, LUCKNOW",LUCKNOW,Government,N,N,1-15843806,fetchdata,2012-2013,Engineering and Technology,1,1,1,1,Uttar Pradesh,1
1-756301145,MUKDAM BIHARI LAL COLLEGE OF TECHNOLOGY AND MANAGEMENT,"NH-2,
MAHUAN,
FARAH,
MATHURA,",MATHURA,Unaided - Private,N,N,1-442049281,fetchdata,2012-2013,Engineering and Technology,1,1,1,1,Uttar Pradesh,1
1-755785633,SHREE KRISHNA COLLEGE OF ENGINEERING,"SINGHWALI AHIR, MEERUT BAGHPAT ROAD,",BAGPAT,Unaided - Private,N,N,1-505728861,fetchdata,2012-2013,Engineering and Technology,1,1,1,1,Uttar Pradesh,1
1-756366383,MAHARANA PRATAP POLYTECHNIC GORAKHPUR,SUNAULI ROAD GORAKHNATH,GORAKHPUR,Govt aided,N,N,1-487322491,fetchdata,2012-2013,Engineering and Technology,1,1,1,1,Uttar Pradesh,1
1-756547853,MAHAKRNIK TATHAGAT GAUTAM BUDHA GOVT. POLYTECHNIC SIDDHARTH NAGAR,"VASA CHAK, DUMARIYAGANJ SIDDHATHNAGAR",SIDDHARTHNAGAR,Government,N,N,1-486681621,fetchdata,2012-2013,Engineering and Technology,1,1,1,1,Uttar Pradesh,1
1-755959452,MURLI MANOHAR AGRAWAL INSTITUTE OF TECHNOLOGY,"NH-2 DELHI MATHURA HIGHWAYAY
 AKBARPUR
MATHURA
281405",MATHURA,Unaided - Private,N,N,1-18685311,fetchdata,2012-2013,Engineering and Technology,1,1,1,1,Uttar Pradesh,1
1-755977072,INFINITY INSTITUTE OF TECHNOLOGY,"VILL.TIKARI PARGANA-ARAIL, TEHSIL-BARA",ALLAHABAD,Unaided - Private,N,N,1-454008531,fetchdata,2012-2013,Engineering and Technology,1,1,1,1,Uttar Pradesh,1
1-756419414,"R.S.S.COLLEGE OF TECH.& MGMT. BALDEO ,MATHURA","BALDEO, MATHURA",MATHURA,Unaided - Private,N,N,1-500246291,fetchdata,2012-2013,Engineering and Technology,1,1,1,1,Uttar Pradesh,1
1-753228564,URMILA COLLEGE OF TECHNOLOGY @ MANAGEMENT,"VILLAGE- POST- KOTSARAI, TAHSIL- SOHAWAL, FAIZABAD",FAIZABAD,Unaided - Private,N,N,1-463799471,fetchdata,2012-2013,Engineering and Technology,1,1,1,1,Uttar Pradesh,1
1-695215761,GYAN BHARTI INSTITUTE OF TECHNOLOGY,"GYAN NAGAR,
OPP. ANSAL SUSHANT CITY,
NH-58, PARTAPUR BY-PASS ROAD,
MEERUT-250002",MEERUT,Unaided - Private,N,N,1-2893381,fetchdata,2012-2013,Engineering and Technology,1,1,1,1,Uttar Pradesh,1
1-695225691,R V INSTITUTE OF TECHNOLOGY,"VILLAGE ALHEDADPUR, 9TH KM MILESTONE, BIJNOR MORADABAD ROAD, BIJNOR, UTTAR PRADESH-246701",BIJNOR,Unaided - Private,N,N,1-11338124,fetchdata,2012-2013,Engineering and Technology,1,1,1,1,Uttar Pradesh,1
1-699143161,D.N.POLYTECHNIC MEERUT,"PARTAPUR
DELHI ROAD",MEERUT,Govt aided,N,N,1-514619561,fetchdata,2012-2013,Engineering and Technology,1,1,1,1,Uttar Pradesh,1
1-686443271,MORADABAD INSTITUTE OF TECHNOLOGY,"RAM GANGA VIHAR PHASE - 2
MORADABAD",MORADABAD,Unaided - Private,N,N,1-6029336,fetchdata,2012-2013,Engineering and Technology,1,1,1,1,Uttar Pradesh,1
1-763034702,UTTARAKHAND UTHAN SAMITI GROUP OF INSTITUTIONS,"VILL.JAMAPUR BERI
DABKI ROAD,
NEAR BALIA KHERI RAILWAY STATION
SAHARANPUR",SAHARANPUR,Unaided - Private,N,N,1-9218101,fetchdata,2012-2013,Engineering and Technology,1,1,1,1,Uttar Pradesh,1
1-686268701,SHRI RAMSWAROOOP MEMORIAL GROUP OF PROFESSIONAL COLLEGES,"VILLAGE - UTTARDHAUNA, PARGANA & TEHSIL - LUCKNOW",LUCKNOW,Unaided - Private,N,N,1-6383651,fetchdata,2012-2013,Engineering and Technology,1,1,1,1,Uttar Pradesh,1
1-759009342,MAHAMAYA POLYTECHNIC OF INFORMATION TECHNOLOGY,"PILIBHIT BHARATPUR ROAD,15 KM FROM SIKNDRA RAO TO HATHRAS",MAHAMAYA NAGAR,Government,N,N,1-495770371,fetchdata,2012-2013,Engineering and Technology,1,1,1,1,Uttar Pradesh,1
1-686324521,KIET GROUP OF INSTITUTIONS,"13 KM STONE GHAZIABAD- MEERUT ROAD,",GHAZIABAD,Unaided - Private,N,N,1-13439501,fetchdata,2012-2013,Engineering and Technology,1,1,1,1,Uttar Pradesh,1
1-686388181,DR. K.N. MODI INSTITUTE OF ENGINEERING AND TECHNOLOGY,"DELHI - MEERUT ROAD, OPPOSITE SBI MAIN BRANCH
MODINAGAR, DISTRICT - GHAZIABAD
PIN - 201201",GHAZIABAD,Unaided - Private,N,N,1-12314001,fetchdata,2012-2013,Engineering and Technology,1,1,1,1,Uttar Pradesh,1
1-686426901,B.B.S. COLLEGE OF ENGINEERING & TECHNOLOGY,"GADDOPUR
PHAPHAMAU
ALLAHABAD",ALLAHABAD,Unaided - Private,N,N,1-8955671,fetchdata,2012-2013,Engineering and Technology,1,1,1,1,Uttar Pradesh,1
1-686373171,INDERPRASTHA ENGINEERING COLLEGE,"63, SITE-4,SURYA NAGAR, FLYOVER ROAD, SAHIBABAD GHAZIABAD",GHAZIABAD,Unaided - Private,N,N,1-5276325,fetchdata,2012-2013,Engineering and Technology,1,1,1,1,Uttar Pradesh,1
1-775461822,VENKATESHWARA COLLEGE OF ENGINEERING,"NH-58, DELHI ROORKEE BY PASS ROAD, JATOLI, MEERUT",MEERUT,Unaided - Private,N,N,1-498003581,fetchdata,2012-2013,Engineering and Technology,1,1,1,1,Uttar Pradesh,1
1-686436361,GANESHI LAL BAJAJ INSTITUTE OF TECHNOLOGY AND MANAGEMENT,"PLOT NO :2,KNOWLEDGE PARK - III",GAUTAM BUDDHA NAGAR,Unaided - Private,N,N,1-4863336,fetchdata,2012-2013,Engineering and Technology,1,1,1,1,Uttar Pradesh,1
1-686468491,UNITED COLLEGE OF ENGINEERING & RESEARCH,"UPSIDC INDUSTRIAL AREA, NAINI,
ALLAHABAD",ALLAHABAD,Unaided - Private,N,N,1-6281266,fetchdata,2012-2013,Engineering and Technology,1,1,1,1,Uttar Pradesh,1
1-686439731,SHRI JEET RAM SMARAK INSTITUTE OF ENGINEERING & TECHNOLOGY,"VILL. KHATA BHANDSAR ROAD
PO-BHANDSAR RITHORA",BAREILLY,Unaided - Private,N,N,1-14776451,fetchdata,2012-2013,Engineering and Technology,1,1,1,1,Uttar Pradesh,1
1-686491301,ALPINE COLLEGE OF ENGINEERING,"ALPINE COLLEGE OF ENGINEERING
45 KM STONE,NH-91,VILLAGE KOT,TEHSIL DADRI,
DISTRICT G.B.NAGAR-203207",GAUTAM BUDDHA NAGAR,Unaided - Private,N,N,1-13282325,fetchdata,2012-2013,Engineering and Technology,1,1,1,1,Uttar Pradesh,1
1-686997681,INSTITUTE OF TECHNOLOGY & MANAGEMENT,"12TH KM  STONE , MEERUT-BAGHPAT ROAD ,PANCHLI KHURD",MEERUT,Unaided - Private,N,N,1-5320601,fetchdata,2012-2013,Engineering and Technology,1,1,1,1,Uttar Pradesh,1
1-686944881,BABU BANARASI DAS NORTHERN INDIA INSTITUTE OF TECHNOLOGY,"SECTOR-II, DR. AKHILESH DAS NAGAR, FAIZABAD ROAD,CHINHAT",LUCKNOW,Unaided - Private,N,N,1-12993504,fetchdata,2012-2013,Engineering and Technology,1,1,1,1,Uttar Pradesh,1
1-686944351,OM SAI INSTITUTE OF TECHNOLOGY AND SCIENCE,"OM SAI NAGAR,
MAIN DELHI-BAGHPAT ROAD,
PALI",BAGPAT,Unaided - Private,N,N,1-3136251,fetchdata,2012-2013,Engineering and Technology,1,1,1,1,Uttar Pradesh,1
1-686617511,SUYASH INSTITUTE OF INFORMATION TECHNOLOGY,"HAKKABAD, GORAKHPUR",GORAKHPUR,Unaided - Private,N,N,1-18724756,fetchdata,2012-2013,Engineering and Technology,1,1,1,1,Uttar Pradesh,1
1-687461911,KOTHIWAL INSTITUTE OF TECHNOLOGY & PROFESSIONAL STUDIES,"PACHOKRA, HARIDWAR ROAD, MORADABAD 
UTTAR PRADESH",MORADABAD,Unaided - Private,N,N,1-5353321,fetchdata,2012-2013,Engineering and Technology,1,1,1,1,Uttar Pradesh,1
1-687532161,BABU BANARASI DAS ENGINEERING COLLEGE,"SECTOR-I, DR. AKHILESH DAS NAGAR, FAIZABAD ROAD",LUCKNOW,Unaided - Private,N,N,1-14932291,fetchdata,2012-2013,Engineering and Technology,1,1,1,1,Uttar Pradesh,1
1-686616871,UNITED COLLEGE OF ENGINEERING & MANAGEMENT,"D-2 UPSIDC INDUSTRIAL AREA, NAINI,
ALLAHABAD",ALLAHABAD,Unaided - Private,N,N,1-6249736,fetchdata,2012-2013,Engineering and Technology,1,1,1,1,Uttar Pradesh,1
1-687579181,SVS POLYTECHNIC,"HASTINAPUR ROAD,",MEERUT,Unaided - Private,N,N,1-458571121,fetchdata,2012-2013,Engineering and Technology,1,1,1,1,Uttar Pradesh,1
1-687511341,SUNDER DEEP GROUP OF INSTITUTIONS,NH-24 DELHI- HAPUR ROAD,GHAZIABAD,Unaided - Private,N,N,1-3199093,fetchdata,2012-2013,Engineering and Technology,1,1,1,1,Uttar Pradesh,1
1-686585421,EMERALD-9 INSTITUTE OF MANAGEMENT AND TECHNOLOGY,"11TH KM STONE, LUCKNOW-DEVA ROAD",BARABANKI,Unaided - Private,N,N,1-477119421,fetchdata,2012-2013,Engineering and Technology,1,1,1,1,Uttar Pradesh,1
1-687470471,BABU BANRASI DAS NATIONAL INSTITUTE OF TECHNOLOGY AND MANAGEMENT,"SECTOR-I, DR. AKHILESH DAS NAGAR, FAIZABAD ROAD, LUCKNOW",LUCKNOW,Unaided - Private,N,N,1-412781281,fetchdata,2012-2013,Engineering and Technology,1,1,1,1,Uttar Pradesh,1
1-686465601,MODINAGAR INSTITUTE OF TECHNOLOGY,"3RD KM. MILESTONE, NIWARI ROAD, MODINAGAR
GHAZIABAD",GHAZIABAD,Unaided - Private,N,N,1-21349201,fetchdata,2012-2013,Engineering and Technology,1,1,1,1,Uttar Pradesh,1
1-686627521,UNITED INSTITUTE OF TECHNOLOGY,"D-3 UPSIDC INDUSTRIAL AREA, NAINI",ALLAHABAD,Unaided - Private,N,N,1-5284031,fetchdata,2012-2013,Engineering and Technology,1,1,1,1,Uttar Pradesh,1
1-687749361,GOVERNMENT LEATHER INSTITUTE KANPUR,"11/208 A SOUTERGANJ PARWATI BAGLA ROAD,
KANPUR 208001",KANPUR NAGAR,Government,N,N,1-474135851,fetchdata,2012-2013,Engineering and Technology,1,1,1,1,Uttar Pradesh,1
1-686597531,DR. Z.H. INSTITUTE OF TECHNOLOGY & MANAGEMENT,NEAR ETMADPUR RAILWAY OVER BRIDGE NH 2 AGRA TUNDA FIROZABAD- 283202,AGRA,Unaided - Private,N,N,1-5379021,fetchdata,2012-2013,Engineering and Technology,1,1,1,1,Uttar Pradesh,1
1-686699221,HINDUSTASN COLLEGE OF SCIENCE & TECHNOLOGY,"NH#2, AGRA DELHI HIGHWAY,  
FARAH, MATHURA",MATHURA,Unaided - Private,N,N,1-9291946,fetchdata,2012-2013,Engineering and Technology,1,1,1,1,Uttar Pradesh,1
1-687375138,INFINITY INSTITUTE OF MANAGEMENT & TECHNOLOGY,"OPP- RADHA SWAMI SATSUNG BHAWAN, MUZAFFARNAGAR ROAD",SAHARANPUR,Unaided - Private,N,N,1-525400571,fetchdata,2012-2013,Engineering and Technology,1,1,1,1,Uttar Pradesh,1
1-818278722,GOVERNMENT POLYTECHNIC SONEBHADRA,ROBERTSGANJ,SONBHADRA,Government,N,N,1-513990011,fetchdata,2012-2013,Engineering and Technology,1,1,1,1,Uttar Pradesh,1
1-686590501,"UNITED COLLEGE OF ENGINEERING & RESEARCH, GREATER NOIDA","50, KNOWLEDGE PARK III,
GREATER NOIDA",GAUTAM BUDDHA NAGAR,Unaided - Private,N,N,1-6286037,fetchdata,2012-2013,Engineering and Technology,1,1,1,1,Uttar Pradesh,1
1-688357441,SACHDEVA INSTITUTE OF TECHNOLOGY,"DELHI- AGRA NATIONALHIGHWAY NO. 2,
VILL. CHAWKIPUR, POST RAIPURA JAT, FARAH,MATHURA",MATHURA,Unaided - Private,N,N,1-9713621,fetchdata,2012-2013,Engineering and Technology,1,1,1,1,Uttar Pradesh,1
1-697056331,K.P. ENGINEERING COLLEGE,"ETMADPUR
NH-2, AGRA - FIROZABAD ROAD
AGRA -283202",AGRA,Unaided - Private,N,N,1-4518381,fetchdata,2012-2013,Engineering and Technology,1,1,1,1,Uttar Pradesh,1
1-722728304,MASS COLLEGE OF ENGINEERING & MANAGEMENT,"VILLAGE & POST SUSYANT KALA, ALIGARH-AGRA ROAD,
NEAR MANGALATAYAN, SASNI, HATHRAS",HATHRAS,Unaided - Private,N,N,1-7852236,fetchdata,2012-2013,Engineering and Technology,1,1,1,1,Uttar Pradesh,1
1-746468192,NARAINA COLLEGE OF ENGINEERRING & TECHNOLOGY,"1423/1, RATANPUR, PANKI, KANPUR-208020 (UP) INDIA",KANPUR NAGAR,Unaided - Private,N,N,1-6414801,fetchdata,2012-2013,Engineering and Technology,1,1,1,1,Uttar Pradesh,1
1-758753772,INDRAPRASTHA INSTITUTE OF MANAGEMENT & TECHNOLOGY,"VILL: UMAHI (KOTA),SAHARANPUR MUZZAFAR NAGAR STATE HIGHWAY,SAHARANPUR",SAHARANPUR,Unaided - Private,N,N,1-18909921,fetchdata,2012-2013,Engineering and Technology,1,1,1,1,Uttar Pradesh,1
1-697630701,"COLLEGE OF ENGG. & RURAL TECHNOLOGY ,MEERUT","BY PASS ROAD, PARTAPUR, MEERUT",MEERUT,Unaided - Private,N,N,1-2891634,fetchdata,2012-2013,Engineering and Technology,1,1,1,1,Uttar Pradesh,1
1-872235554,U.P COLLEGE OF POLYTECHNIC FOR RESEARCH,"VPO-KAMALPUR, TEHSIL-BEHAT, DISTT. SAHARANPUR",SAHARANPUR,Unaided - Private,N,N,1-463246411,fetchdata,2012-2013,Engineering and Technology,1,1,1,1,Uttar Pradesh,1
1-781689742,"GOVERNMENT POLYTECHNIC , JHANSI","GWALIOR ROAD
JHANSI",JHANSI,Government,N,N,1-491388531,fetchdata,2012-2013,Engineering and Technology,1,1,1,1,Uttar Pradesh,1
1-721402586,"GOVT GIRLS POLYTECHNIC, GORAKHPUR","ASURAN CHOWK, MEDICAL ROAD",GORAKHPUR,Government,Y,N,1-475533653,fetchdata,2012-2013,Engineering and Technology,1,1,1,1,Uttar Pradesh,1
1-721448372,GOVERNMENT POLYTECHNIC LAKHIMPUR-KHERI,AIRA ROAD,LAKHIMPUR-KHERI,Government,N,N,1-514006201,fetchdata,2012-2013,Engineering and Technology,1,1,1,1,Uttar Pradesh,1
1-721528892,K.N.G.D. MODI ENGINEERING COLLEGE,"HAPUR ROAD, 
OPPOSITE MODIPON LTD.
MODINAGAR - 201 204",GHAZIABAD,Unaided - Private,N,N,1-12356524,fetchdata,2012-2013,Engineering and Technology,1,1,1,1,Uttar Pradesh,1
1-721598484,"GOVERNMENT POLYTECHNIC, GORAKHPUR","OPPOSITE- N.E.RAILWAY MECHANICAL WORKSHOP, NEAR- ASURAN CHOWK, GORAKHPUR",GORAKHPUR,Government,N,N,1-496078411,fetchdata,2012-2013,Engineering and Technology,1,1,1,1,Uttar Pradesh,1
1-721681063,"MAHAMAYA GOVERNMENT POLYTECHNIC OF INFORMATION TECHNOLOGY,  GORAKHPUR","HARIHARPUR,
TAHSEEL- KHAJANI,
DISTT.- GORAKHPUR
U.P.",GORAKHPUR,Government,N,N,1-492711691,fetchdata,2012-2013,Engineering and Technology,1,1,1,1,Uttar Pradesh,1
1-773166002,MAHAVEER INSTITUTE OF ENGINEERING AND TECHNOLOGY,"VILLAGE-POHALLI,POST OFFICE-DABATHUWA,TEHSIL-SARDHANA,MEERUT",MEERUT,Unaided - Private,N,N,1-3874391,fetchdata,2012-2013,Engineering and Technology,1,1,1,1,Uttar Pradesh,1
1-721442712,MAA BUDDHA NATIONAL INSTITUTE OF ENGG. & TECHNOLOGY,MAA BUDDHA NATIONAL INSTITUTE OF ENGG. & TECHNOLOGY,AZAMGARH,Unaided - Private,N,N,1-511605991,fetchdata,2012-2013,Engineering and Technology,1,1,1,1,Uttar Pradesh,1
1-721651364,MADHU VACHASPATI INSTITUTE OF ENGIENEERING & TECHNOLOGY,"VILL: RASOOLABAD, KOILAHA, G.T.ROAD,
KAUSHAMBI",KAUSHAMBI,Unaided - Private,N,N,1-8469061,fetchdata,2012-2013,Engineering and Technology,1,1,1,1,Uttar Pradesh,1
1-720712134,IIMT INSTITUTE OF ENGINEERING AND TECHNOLOGY,"`O' POCKET, GANGA NAGAR, MAWANA ROAD, MEERUT",MEERUT,Unaided - Private,N,N,1-6141821,fetchdata,2012-2013,Engineering and Technology,1,1,1,1,Uttar Pradesh,1
1-721678882,GOVERNMENT POLYTECHNIC UNNAO,DAHI CHOWKI,UNNAO,Government,N,N,1-518179761,fetchdata,2012-2013,Engineering and Technology,1,1,1,1,Uttar Pradesh,1
1-721675342,GOEL INSTITUTE OF TECHNOLOGY & MANAGEMENT,"NEAR INDIRA CANAL, FAIZABAD ROAD, LUCKNOW-227105",LUCKNOW,Unaided - Private,N,N,1-5729824,fetchdata,2012-2013,Engineering and Technology,1,1,1,1,Uttar Pradesh,1
1-721693314,RAJIV MEMORIAL INSTITUTE OF EDUCATION &  TECHNOLOGY,BHARDWAJ FARM HOUSE,SAHARANPUR,Unaided - Private,N,N,1-475579843,fetchdata,2012-2013,Engineering and Technology,1,1,1,1,Uttar Pradesh,1
1-815289113,GOVERNMENT POLYTECHNIC AURAI (SANT RAVIDAS NAGAR BHADOHI),KATEHARA,SANT RAVIDAS NAGAR,Government,N,N,1-513988191,fetchdata,2012-2013,Engineering and Technology,1,1,1,1,Uttar Pradesh,1
1-722858333,DR. M.C. SAXENA COLLEGE OF ENGINEERING & TECHNOLOGY,"171, BARAWANKALA, MALL ROAD,
IIM-DUBAGGA BYPASS, LUCKNOW",LUCKNOW,Unaided - Private,N,N,1-39287261,fetchdata,2012-2013,Engineering and Technology,1,1,1,1,Uttar Pradesh,1
1-750910482,"GOVT.GIRLS POLYTECHNIC,MORADABAD","KANTH ROAD
NEAR HARTHALA
MORADABD",MORADABAD,Government,Y,N,1-511310971,fetchdata,2012-2013,Engineering and Technology,1,1,1,1,Uttar Pradesh,1
1-721762583,SHERWOOD COLLEGE OF ENGINEERING RESEARCH & TECHNOLOGY,"LUCKNOW FAIZABAD ROAD,
VILL. - DHARSANIYA",BARABANKI,Unaided - Private,N,N,1-7597681,fetchdata,2012-2013,Engineering and Technology,1,1,1,1,Uttar Pradesh,1
1-721310752,"SHRI RAM MURTI SMARAK COLLEGE OF ENGINEERING & TECHNOLOGY, BAREILLY","RAM MURTI PURAM
VILL: GHANGHORA GHANGHORI
13 KM, BAREILLY-NAINITAL ROAD
BAREILLY (U.P.)",BAREILLY,Unaided - Private,N,N,1-4412641,fetchdata,2012-2013,Engineering and Technology,1,1,1,1,Uttar Pradesh,1
1-722866562,IEC GROUP OF INSTITUTIONS,"PLOT NO.-4&11, K.P.-1&3, GREATER NOIDA",GAUTHAM BUDDHA NAGAR,Unaided - Private,N,N,1-6641291,fetchdata,2012-2013,Engineering and Technology,1,1,1,1,Uttar Pradesh,1
1-722650141,SURYA POLITECHNIC FOR ENGINEERING & TECHNOLOGY,VILL. DHARMPUR 5 BISWA (BHATIYANA) PO. BHATIYANA,GHAZIABAD,Unaided - Private,N,N,,fetchdata,2012-2013,Engineering and Technology,1,1,1,1,Uttar Pradesh,1
1-722845803,H R INSTITUTE OF ENGINEERING AND TECHNOLOGY,"7TH KM STONE, MEERUT ROAD, MORTA",GHAZIABAD,Unaided - Private,N,N,1-455715581,fetchdata,2012-2013,Engineering and Technology,1,1,1,1,Uttar Pradesh,1
1-723082403,LITTLE FLOWER POLYTECHNIC,"POST BAG NO. 1
M M M ENGINEERING COLLEGE P.O.
GORAKHPUR",GORAKHPUR,Unaided - Private,N,Y,1-485055081,fetchdata,2012-2013,Engineering and Technology,1,1,1,1,Uttar Pradesh,1
1-721463730,VIDYA BHAVAN COLLEGE FOR ENGINEERING TECHNOLOGY,"RAUTAPUR, CHAUBEYPUR, KANPUR - 209203",KANPUR NAGAR,Unaided - Private,N,N,1-17481561,fetchdata,2012-2013,Engineering and Technology,1,1,1,1,Uttar Pradesh,1
1-720715992,SHRI RAM MURTI SMARAK WOMEN'S COLLEGE OF ENGINEERING. & TECHNOLOGY,"RAM MURTI PURAM, 
PRAHLADPUR,
13KM. BAREILLY NAINITAL ROAD,
BAREILLY- 243202",BAREILLY,Unaided - Private,Y,N,1-4410773,fetchdata,2012-2013,Engineering and Technology,1,1,1,1,Uttar Pradesh,1
1-723055772,RAJ KUMAR GOEL ENGINEERING COLLEGE,"40 KM STONE NH-24 DELHI HAPUR ROAD, PILKHUWA, GHAZIABAD",GHAZIABAD,Unaided - Private,N,N,1-6618871,fetchdata,2012-2013,Engineering and Technology,1,1,1,1,Uttar Pradesh,1
1-723607502,BABA KADHERA SINGH COLLEGE OF ENGINEERING & TECHNOLOGY,"NAGLA AKKHA, PO- SONKH, SONKH-GOVERDHAN MARG, DIST- MATHURA,(U.P). PIN- 281123",MATHURA,Unaided - Private,N,N,1-31811151,fetchdata,2012-2013,Engineering and Technology,1,1,1,1,Uttar Pradesh,1
1-723958753,FIT ENGINEERING COLLEGE,"KASERU BUXAR, GREEN PARK, MAWANA ROAD, MEERUT",MEERUT,Unaided - Private,N,N,1-16992934,fetchdata,2012-2013,Engineering and Technology,1,1,1,1,Uttar Pradesh,1
1-723701702,BANSAL INSTITUTE OF ENGINEERING AND TECNOLOGY,"NH-24, BEHIND SEWA HOSPITAL,
SITAPUR ROAD,
LUCKNOW",LUCKNOW,Unaided - Private,N,N,1-6848541,fetchdata,2012-2013,Engineering and Technology,1,1,1,1,Uttar Pradesh,1
1-723741202,RAJSHREE INSTITUTE OF MANAGEMENT & TECHNOLOGY,"VILLAGE-LABHERA TEHSIL-NAWABGANJ,BAREILLY",BAREILLY,Unaided - Private,N,N,1-21575861,fetchdata,2012-2013,Engineering and Technology,1,1,1,1,Uttar Pradesh,1
1-724704934,PRABHAT ENGINEERING COLLEGE,"NATIONAL HIGHWAY-II,
RANIA,BARA,
KANPUR DEHAT-209304",RAMABAI NAGAR (KANPUR DEHAT),Unaided - Private,N,N,1-8098211,fetchdata,2012-2013,Engineering and Technology,1,1,1,1,Uttar Pradesh,1
1-724647367,BABU SUNDER SINGH INSTITUTE OF TECHNOLOGY & MANAGEMENT,"VILL. SHERPUR LAWAL 
NH-24B,RAEBARELLY ROAD,
NIGOHAN
LUCKNOW",LUCKNOW,Unaided - Private,N,N,1-8093711,fetchdata,2012-2013,Engineering and Technology,1,1,1,1,Uttar Pradesh,1
1-724689082,"DR. AMBEDKAR INSTITUTE OF TECHNOLOGY FOR HANDICAPPED, U.P.","AWADHPURI, KANPUR",KANPUR NAGAR,Government,N,N,1-11565519,fetchdata,2012-2013,Engineering and Technology,1,1,1,1,Uttar Pradesh,1
1-755489352,JANTA POLYTECHNIC JAHANGIRABAD,"JAHANGIRABAD, BHAIPUR (BULANDSHAHR) U.P. - 202391",BULANDSHAHAR,Govt aided,N,N,1-465940751,fetchdata,2012-2013,Engineering and Technology,1,1,1,1,Uttar Pradesh,1
1-723785652,JASWANT SINGH BHADAURIA INSTITUTE OF TECHNOLOGY,VILL + POST KOSI KHURD BHARATPUR ROAD MATHURA,MATHURA,Unaided - Private,N,N,1-458433155,fetchdata,2012-2013,Engineering and Technology,1,1,1,1,Uttar Pradesh,1
1-724836021,"KAMLA NEHRU INSTITUTE OF PHYSICAL & SOCIAL SCIENCES,FARIDIPUR CAMPUS SULTANPUR","KAMLA NEHRU INSTITUTE OF PHYSICAL & SOCIAL SCIENCES,FARIDIPUR CAMPUS SULTANPUR",SULTANPUR,Unaided - Private,N,N,1-13734711,fetchdata,2012-2013,Engineering and Technology,1,1,1,1,Uttar Pradesh,1
1-724848402,GOVERNMENT POLYTECHNIC BIJNOR UP,"GOVERNMENT POLYTECHNIC
MEERUT ROAD, BIJNOR, UP",BIJNOR,Government,N,N,1-457237741,fetchdata,2012-2013,Engineering and Technology,1,1,1,1,Uttar Pradesh,1
1-723671575,SARASWATI HIGHER EDUCATION AND TECHNICAL COLLEGE OF ENGINEERING,"NH-56 AIRPORT ROAD NR GAS PLANT 
BABATPUR VARANASI",VARANASI,Unaided - Private,N,N,1-14863571,fetchdata,2012-2013,Engineering and Technology,1,1,1,1,Uttar Pradesh,1
1-724732389,"GOVERNMENT GIRLS POLYTECHNIC, ALLAHABAD","RASOOLABAD ROAD,
TELIYARGANJ, ALLAHABAD - 211004",ALLAHABAD,Government,Y,N,1-475922551,fetchdata,2012-2013,Engineering and Technology,1,1,1,1,Uttar Pradesh,1
1-723892675,"AZAD POLYTECHNIC, BHARTHIPUR","BHARTHIPUR, PALHNA, LALGANJ, AZAMGARH",AZAMGARH,Unaided - Private,N,N,1-461664851,fetchdata,2012-2013,Engineering and Technology,1,1,1,1,Uttar Pradesh,1
1-725761652,SHAHEED VIRENDRA SINGH SIROHI INSTITUTE OF TECHNOLOGY,"VILLAGE-SUJGAWAN,
POST-RURGAON,",RAMABAI NAGAR (KANPUR DEHAT),Unaided - Private,N,N,1-509207631,fetchdata,2012-2013,Engineering and Technology,1,1,1,1,Uttar Pradesh,1
1-781058892,GOVERNMENT GIRLS  POLYTECHNIC MEJA,"MEJA KHAS,
ALLAHABAD",ALLAHABAD,Government,Y,N,1-511759291,fetchdata,2012-2013,Engineering and Technology,1,1,1,1,Uttar Pradesh,1
1-725022137,GOVERNMENT POLYTECHNIC KANPUR,"GT ROAD, VIKAS NAGAR, NEAR GURUDEV PALACE",KANPUR NAGAR,Government,N,N,1-499378841,fetchdata,2012-2013,Engineering and Technology,1,1,1,1,Uttar Pradesh,1
1-723879483,SATYADEV INSTITUTE OF TECHNOLOGY,"GADHIPURAM (BORSIYA), POST- FADANPUR, GHAZIPUR UP",GHAZIPUR,Unaided - Private,N,N,1-450160753,fetchdata,2012-2013,Engineering and Technology,1,1,1,1,Uttar Pradesh,1
1-723622237,FOCUS INSTITUTE OF ENGINEERING & MANAGEMENT,"19TH KM. STONE, NH-24,RAMPUR ROAD, FATEHGANJ WEST  ,BAREILLY",BAREILLY,Unaided - Private,N,N,1-11715987,fetchdata,2012-2013,Engineering and Technology,1,1,1,1,Uttar Pradesh,1
1-755890772,SHRI GOPICHAND COLLEGE OF PHARMACY,"VILLAGE -AHERA,POST-BAGHPAT, DISTT.-BAGHPAT, UP",BAGPAT,Unaided - Private,N,N,1-5470601,fetchdata,2012-2013,Engineering and Technology,1,1,1,1,Uttar Pradesh,1
1-723686694,GLOBAL EDUCATIONAL & WELFARE SOCIETY GROUP OF INSTITUTIONS,"VILLAGE PURSENI, TEHSIL-MOHANLALGANJ, DISTT. LUCKNOW-227305",LUCKNOW,Unaided - Private,N,N,1-3260061,fetchdata,2012-2013,Engineering and Technology,1,1,1,1,Uttar Pradesh,1
1-785972071,HARIRAM SATYANARAIAN INSTITUTE OF HIGHER AND TECHNICAL EDUCATION,"PLOT NO.-666, RAJTHAL  ROAD",BUDAUN,Unaided - Private,N,N,,fetchdata,2012-2013,Engineering and Technology,1,1,1,1,Uttar Pradesh,1
1-779208202,INSTITUTE OF ENGG. & RURAL TECHNOLOGY,"26, CHATHAM LINE",ALLAHABAD,Govt aided,N,N,1-495597721,fetchdata,2012-2013,Engineering and Technology,1,1,1,1,Uttar Pradesh,1
1-830167002,RAJENDRA INSTITUTE OF SCIENCE AND TECHNOLOGY,"BASWAR, NAINI",ALLAHABAD,Unaided - Private,N,N,1-440420721,fetchdata,2012-2013,Engineering and Technology,1,1,1,1,Uttar Pradesh,1
1-757772872,L.T.R. INSTITUTE OF TECHNOLOGY,"KURALI, BAGHPAT ROAD, MEERUT",MEERUT,Unaided - Private,N,N,1-475564615,fetchdata,2012-2013,Engineering and Technology,1,1,1,1,Uttar Pradesh,1
1-760640562,DRONACHARYA GROUP OF INSTITUTIONS,"B-27, KNOWLEDGE PARK-III, GREATER NOIDA-201308",GAUTAM BUDDHA NAGAR,Unaided - Private,N,N,1-2193161,fetchdata,2012-2013,Engineering and Technology,1,1,1,1,Uttar Pradesh,1
1-758545972,BEACON INSTITUTE OF TECHNOLOGY,"BY PASS ROAD PARTAPUR, MEERUT",MEERUT,Unaided - Private,N,N,1-483969241,fetchdata,2012-2013,Engineering and Technology,1,1,1,1,Uttar Pradesh,1
1-758422503,SHRI RAM POLYTECHNIC,"4TH KM. MILE STONE, ROORKEE ROAD, MUZAFFARNAGAR-251001 (U.P.)",MUZAFFARNAGAR,Unaided - Private,N,N,1-514002281,fetchdata,2012-2013,Engineering and Technology,1,1,1,1,Uttar Pradesh,1
1-760774933,RAMA INSTITUTE OF TECHNOLOGY,"RAMA CITY, G.T.ROAD MANDHANA
KANPUR",KANPUR NAGAR,Unaided - Private,N,N,1-20727251,fetchdata,2012-2013,Engineering and Technology,1,1,1,1,Uttar Pradesh,1
1-760768903,MAHARANA INSTITUTE OF TECHNOLOGY & SCIENCES,"GRAM-GAURA, MOHANLAL GANJ",LUCKNOW,Unaided - Private,N,N,1-10487461,fetchdata,2012-2013,Engineering and Technology,1,1,1,1,Uttar Pradesh,1
1-757858742,SSLD VARSHNEY GIRLS ENGINEERING COLLEGE,13 K.M STONE ON ALIGARH-KANPUR GT ROAD NH 91,ALIGARH,Unaided - Private,Y,N,1-40578521,fetchdata,2012-2013,Engineering and Technology,1,1,1,1,Uttar Pradesh,1
1-764228844,M.G. INSTITUTE OF MANAGEMENT & TECHNOLOGY,GRAM KHANDEDEV,LUCKNOW,Unaided - Private,N,N,1-3105801,fetchdata,2012-2013,Engineering and Technology,1,1,1,1,Uttar Pradesh,1
1-761093392,D.N.S. COLLEGE OF ENGINEERING & TECHNOLOGY,"NH-24
DIDAULI,
AMROHA",J P NAGAR,Unaided - Private,N,N,1-7750107,fetchdata,2012-2013,Engineering and Technology,1,1,1,1,Uttar Pradesh,1
1-760843013,SP MEMORIAL INSTITUTE TECHNOLOGY,"G.T.KANPUR ROAD, KAUSHAMBI, ALLAHABAD",ALLAHABAD,Unaided - Private,N,N,1-12974226,fetchdata,2012-2013,Engineering and Technology,1,1,1,1,Uttar Pradesh,1
1-761158332,A.D.R.S. INSTITUTE OF TECHNOLOGY & MANAGEMENT,"G.T. ROAD, TEH.-GABHANA,
ALIGARH",ALIGARH,Unaided - Private,N,N,1-506058351,fetchdata,2012-2013,Engineering and Technology,1,1,1,1,Uttar Pradesh,1
1-760747925,DEV BHOOMI INSTITUTE OF POLYTECHNIC,"VILL. JAMAPUR BERI,NEAR BALIA KHERI RAILWAY STATION,DABKI ROAD,",SAHARANPUR,Unaided - Private,N,N,1-452087811,fetchdata,2012-2013,Engineering and Technology,1,1,1,1,Uttar Pradesh,1
1-773633932,SATYAM COLLEGE OF ENGINEERING,"VILL. - MUKIMPUR, P.O. - PILKHUWA
NEAR RAILWAY STATION, PILKHUWA, NH-24,
GHAZIABAD",GHAZIABAD,Unaided - Private,N,N,1-20924481,fetchdata,2012-2013,Engineering and Technology,1,1,1,1,Uttar Pradesh,1
1-762898391,CENTRAL INSTITUTE OF PLASTICS ENGINEERING & TECHNOLOGY,"B-27 AMAUSI INDUSTRIAL AREA, NADARGANJ, LUCKNOW",LUCKNOW,Government,N,N,1-492922931,fetchdata,2012-2013,Engineering and Technology,1,1,1,1,Uttar Pradesh,1
1-763311399,BABA BINDESHWARI SINGH INSTITUTE OF TECHNOLOGY AND MANAGEMENT,"MURDAHA, SINDHORA ROAD",VARANASI,Unaided - Private,N,N,1-450600351,fetchdata,2012-2013,Engineering and Technology,1,1,1,1,Uttar Pradesh,1
1-760400822,"SHANTI POLYTECHNIC [CE, CE(E&PC), ME(A), ME(P), EE","KURALI BAGHPAT ROAD,MEERUT",MEERUT,Unaided - Private,N,N,1-455197861,fetchdata,2012-2013,Engineering and Technology,1,1,1,1,Uttar Pradesh,1
1-758217595,CHANDAULI POLYTECHNIC CHANDAULI,CHANDAULI POLYTECHNIC CHANDAULI,CHANDAULI,Govt aided,N,N,1-489218631,fetchdata,2012-2013,Engineering and Technology,1,1,1,1,Uttar Pradesh,1
1-695262441,ESHAN COLLEGE OF ENGINEERING,"SAHZADPUR PAURI, NH-2, AGRA-MATHURA HIGHWAY, MATHURA (U.P.)",MATHURA,Unaided - Private,N,N,1-5354601,fetchdata,2012-2013,Engineering and Technology,1,1,1,1,Uttar Pradesh,1
1-695277461,APEX INSTITUTE OF TECHNOLOGY,"VILL. & PO KAUSHALGANJ, DISTT.- RAMPUR (U.P.),6 KM AWAY FROM RUDRAPUR, PIN CODE -244923",RAMPUR,Unaided - Private,N,N,1-10083071,fetchdata,2012-2013,Engineering and Technology,1,1,1,1,Uttar Pradesh,1
1-695178701,DEWAN V.S. INSTITUTE OF ENGINEERING & TECHNOLOGY,"BY- PASS ROAD, PARTAPUR",MEERUT,Unaided - Private,N,N,1-7459631,fetchdata,2012-2013,Engineering and Technology,1,1,1,1,Uttar Pradesh,1
1-800298912,HEWETT POLYTECHNIC,MAHANAGAR,LUCKNOW,Govt aided,N,N,1-475501231,fetchdata,2012-2013,Engineering and Technology,1,1,1,1,Uttar Pradesh,1
1-693564291,P.K.INSTITUTE OF TECHNOLOGY & MANAGEMENT,"ALIGARH ROAD, BIRHANA, RAYA, MATHURA (U.P)",MATHURA,Unaided - Private,N,N,1-6946521,fetchdata,2012-2013,Engineering and Technology,1,1,1,1,Uttar Pradesh,1
1-696320081,BHABHA COLLEGE OF ENGINEERING,"AONHAN ,MAITHA ,RASOOLABAD ,KANPUR DEHAT",RAMABAI NAGAR (KANPUR DEHAT),Unaided - Private,N,N,1-12056881,fetchdata,2012-2013,Engineering and Technology,1,1,1,1,Uttar Pradesh,1
1-696118661,INGRAHAM POLYTECHNIC,HAPUR ROAD,GHAZIABAD,Unaided - Private,N,Y,1-495353761,fetchdata,2012-2013,Engineering and Technology,1,1,1,1,Uttar Pradesh,1
1-688822071,VISHVESHWARYA GROUP OF INSTITUTIONS,20KMS. FROM GHAZIABAD ON GHAZIABAD - BULANDSHAHR MAIN G.T.ROAD,GAUTAM BUDDHA NAGAR,Unaided - Private,N,N,1-5978601,fetchdata,2012-2013,Engineering and Technology,1,1,1,1,Uttar Pradesh,1
1-872266855,VISION INSTITUTE OF TECHNOLOGY,"SHAHPUR, MADROK
ALIGARH-AGRA HIGHWAY
ALIGARH",ALIGARH,Unaided - Private,N,N,1-2123071,fetchdata,2012-2013,Engineering and Technology,1,1,1,1,Uttar Pradesh,1
1-773447102,M.I.M.T POLYTECHNIC,"CHHUTMALPUR,
TEHSIL-BEHAT",SAHARANPUR,Unaided - Private,N,N,1-503506511,fetchdata,2012-2013,Engineering and Technology,1,1,1,1,Uttar Pradesh,1
1-750794722,BABA SAHEB  DR. BHIMRAO AMBEDKAR GOVERNMENT POLYTECHNIC HAIDARPUR AURAIYA,HAIDARPUR AURAIYA,AURAIYA,Government,N,N,1-506782631,fetchdata,2012-2013,Engineering and Technology,1,1,1,1,Uttar Pradesh,1
1-688832391,IDEAL INSTITUTE OF TECHNOLOGY,"SADARPUR- SIKROAD,BEHIND GOVINDPURAM,POST BOX NO. 62,GHAZIABAD 201003 UP",GHAZIABAD,Unaided - Private,N,N,1-3680181,fetchdata,2012-2013,Engineering and Technology,1,1,1,1,Uttar Pradesh,1
1-688472961,KRISHNA GIRLS ENGG. COLLEGE,"GRAM: BHAWANIPUR, POST MANDHANA,KANPUR-209217",KANPUR NAGAR,Unaided - Private,Y,N,1-7372321,fetchdata,2012-2013,Engineering and Technology,1,1,1,1,Uttar Pradesh,1
1-689369081,LDC INSTITUTE OF TECNICAL STUDIES,"ALLAHABAD PRATAPGARH ROAD 
VILL: ABDALPUR
TEH: SORAON",ALLAHABAD,Unaided - Private,N,N,1-3810251,fetchdata,2012-2013,Engineering and Technology,1,1,1,1,Uttar Pradesh,1
1-805101432,INSTITUTE OF ENGINEERING & TECHNOLOGY,"DR. RAM MANOHAR LOHIA AVADH UNIVERSITY,
FAIZABAD
UTTAR PRADESH 224001",FAIZABAD,University Managed,N,N,1-35241531,fetchdata,2012-2013,Engineering and Technology,1,1,1,1,Uttar Pradesh,1
1-689289101,"RAKSHPAL BAHADUR COLLEGE OF ENGINEERING & TECHNOLOGY, BAREILLY","NEAR ITBP, BUKHARA TURN, BADAUN ROAD, BAREILLY - 243001 (U.P.)",BAREILLY,Unaided - Private,N,N,1-5115146,fetchdata,2012-2013,Engineering and Technology,1,1,1,1,Uttar Pradesh,1
1-688474171,NEW ERA COLLEGE OF SC. & TECH. GHAZIABAD,"616,BHIKANPUR,
MEERUT ROAD, GHAZIABAD",GHAZIABAD,Unaided - Private,N,N,1-419864321,fetchdata,2012-2013,Engineering and Technology,1,1,1,1,Uttar Pradesh,1
1-689467771,IDEAL INSTITUTE OF MANAGEMENT AND TECHNOLOGY,"IDEAL NAGAR SECTOR-II,DASNA",GHAZIABAD,Unaided - Private,N,N,1-4470141,fetchdata,2012-2013,Engineering and Technology,1,1,1,1,Uttar Pradesh,1
1-688795601,RAMESHWARAM INSTITUTE OF TECHNOLOGY & MANAGEMENT,"GOVIND PURAM, 
NEAR SEWA HOSPITAL, 
SITAPUR ROAD, 
LUCKNOW",LUCKNOW,Unaided - Private,N,N,1-5796654,fetchdata,2012-2013,Engineering and Technology,1,1,1,1,Uttar Pradesh,1
1-807925122,J. R. POLYTECHNIC,"VILL-MITTHAULI
POST-BAJNA
DISTT-MATHURA",MATHURA,Unaided - Private,N,N,1-485220721,fetchdata,2012-2013,Engineering and Technology,1,1,1,1,Uttar Pradesh,1
1-688881181,S.D.POLYTECHNIC,"S.D.POLYTECHNIC,  MUZAFFARNAGAR",MUZAFFARNAGAR,Unaided - Private,N,N,1-427088941,fetchdata,2012-2013,Engineering and Technology,1,1,1,1,Uttar Pradesh,1
1-688833071,SR GROUP OF INSTITUTIONS," 16 KM. GWALIOR ROAD, AMBABAI, JHANSI",JHANSI,Unaided - Private,N,N,1-9870715,fetchdata,2012-2013,Engineering and Technology,1,1,1,1,Uttar Pradesh,1
1-688722481,BHARAT INSTITUTE OF TECHNOLOGY (SCHOOL OF ENGINEERING),"BY PASS ROAD, PARTAPUR, MEERUT",MEERUT,Unaided - Private,N,N,1-6050863,fetchdata,2012-2013,Engineering and Technology,1,1,1,1,Uttar Pradesh,1
1-688470601,"S.D.COLLEGE OF ENGG. & TECH.,","JANSATH ROAD,",MUZAFFARNAGAR,Unaided - Private,N,N,1-5880891,fetchdata,2012-2013,Engineering and Technology,1,1,1,1,Uttar Pradesh,1
1-773250782,KCC INSTITUTE OF TECHNOLOGY AND MANAGEMENT,"2B & 2C, KNOWLEDGE PARK III,
GREATER NOIDA
GAUTAMBUDH NAGAR",GAUTAM BUDDHA NAGAR,Unaided - Private,N,N,1-13393212,fetchdata,2012-2013,Engineering and Technology,1,1,1,1,Uttar Pradesh,1
1-689552881,RAM-EESH INSTITUTE OF ENGINEERING AND TECHNOLOGY,"PLOT NO.3,KNOWLEDGE PARK-I,KASNA ROAD,GREATER NOIDA (U.P-201310)",G B NAGAR,Unaided - Private,Y,N,1-3931981,fetchdata,2012-2013,Engineering and Technology,1,1,1,1,Uttar Pradesh,1
1-690495831,AJAY KUMAR GARG ENGINEERING COLLEGE,"27 KM STONE, DELHI-HAPUR BYPASS ROAD,
ADHYATMIK NAGAR,
GHAZIABAD, U.P",GHAZIABAD,Unaided - Private,N,N,1-2893141,fetchdata,2012-2013,Engineering and Technology,1,1,1,1,Uttar Pradesh,1
1-689485631,SAI NATH COLLEGE,"NEAR BHOLE BABA DAIRY, SHAMSHABAD ROAD, BAROLI AHEER, AGRA",AGRA,Unaided - Private,N,N,1-450941581,fetchdata,2012-2013,Engineering and Technology,1,1,1,1,Uttar Pradesh,1
1-689739841,BABU BANARSI DAS INSTITUTE OF TECHNOLOGY,"7TH K.M. FROM GHAZIABAD ON N.H. 58, DELHI-MEERUT ROAD, DUHAI, GHAZIABAD (U.P.)",GHAZIABAD,Unaided - Private,N,N,1-5551151,fetchdata,2012-2013,Engineering and Technology,1,1,1,1,Uttar Pradesh,1
1-689939151,"FACULTY OF ENGINEERING & TECHNOLOGY,AGRA COLLEGE,AGRA","FET,AGRA COLLEGE,AGRA
MOTI KATRA ROAD,
M.G ROAD AGRA.",AGRA,Unaided - Private,N,N,1-2647213,fetchdata,2012-2013,Engineering and Technology,1,1,1,1,Uttar Pradesh,1
1-690600883,INTERNATIONAL MARITIEME INSTITUTE,"13, KNOWLEDGE PARK 1, 
SURAJPUR KASNA ROAD,",GAUTAM BUDDHA NAGAR,Unaided - Private,N,N,1-6072006,fetchdata,2012-2013,Engineering and Technology,1,1,1,1,Uttar Pradesh,1
1-689761171,IIMT ENGINEERING COLLEGE,"""O"", POCKET, GANGA NAGAR, MAWANA ROAD, MEERUT",MEERUT,Unaided - Private,N,N,1-5316519,fetchdata,2012-2013,Engineering and Technology,1,1,1,1,Uttar Pradesh,1
1-689714641,SHRI KRISHNA YOGIRAJ TECHNICAL INSTITUTE,"VILLAGE-RATIBHANPUR
POST- PIPALGAWAN
TEHSIL-SIKANDRA
RAO
DISTRICT- MAHAMAYANAGAR",HATHRAS,Unaided - Private,N,N,1-431712682,fetchdata,2012-2013,Engineering and Technology,1,1,1,1,Uttar Pradesh,1
1-776654062,KAMAL INSTITUTE OF TECHNOLOGY,"PITAMPUR DERAPUR,NH-2 KANPUR DEHAT",RAMABAI NAGAR (KANPUR DEHAT),Unaided - Private,N,N,1-463478151,fetchdata,2012-2013,Engineering and Technology,1,1,1,1,Uttar Pradesh,1
1-778860862,"GOVERNMENT POLYTECHNIC,LALITPUR","MEHRONI ROAD,
LALITPUR",LALITPUR,Government,N,N,1-497355503,fetchdata,2012-2013,Engineering and Technology,1,1,1,1,Uttar Pradesh,1
1-690657031,VIDYA COLLEGE OF ENGINEERING,"VIDYA COLLEGE OF ENGINEERING 
VIDYA KNOWLEDGE PARK
BAGHPAT ROAD , MEERUT 
UTTAR PRADESH-250002",MEERUT,Unaided - Private,N,Y,1-18873461,fetchdata,2012-2013,Engineering and Technology,1,1,1,1,Uttar Pradesh,1
1-689779481,KRISHNA ENGINEERING COLLEGE,"95, LONI ROAD NEAR HINDON AIR FORCE STATION, MOHAN NAGAR",GHAZIABAD,Unaided - Private,N,N,1-2825941,fetchdata,2012-2013,Engineering and Technology,1,1,1,1,Uttar Pradesh,1
1-690676321,KANPUR INSTITUTE OF TECHNOLOGY,"A-1 UPSIDC INDUSTRIAL AREA
ROOMA",KANPUR NAGAR,Unaided - Private,N,N,1-8069644,fetchdata,2012-2013,Engineering and Technology,1,1,1,1,Uttar Pradesh,1
1-760887792,HANDIA POLYTECHNIC HANDIA ALLAHABAD," HANDIA
ALLAHABAD
221504",ALLAHABAD,Govt aided,N,N,1-510782393,fetchdata,2012-2013,Engineering and Technology,1,1,1,1,Uttar Pradesh,1
1-689748021,AZAD INSTITUTE OF ENGINEERING & TECHNOLOGY,"AZADPURAM, ADJACENT CRPF CAMP, POST CHANDRAWAL, BIJNAUR",LUCKNOW,Unaided - Private,N,Y,1-10094951,fetchdata,2012-2013,Engineering and Technology,1,1,1,1,Uttar Pradesh,1
1-689820721,"VIVEKANANDA COLLEGE OF TECHNOLOGY & MANAGEMENT, ALIGARH","MATHURA BYE PASS, NEAR KHAIR ROAD, 500 MTRS FROM NADA PUL, ALIGARH",ALIGARH,Unaided - Private,N,N,1-5884509,fetchdata,2012-2013,Engineering and Technology,1,1,1,1,Uttar Pradesh,1
1-690037071,SHIVAM TECHNICAL CAMPUS,JUNCTION ROAD,BULANDSHAHAR,Unaided - Private,N,N,1-481174431,fetchdata,2012-2013,Engineering and Technology,1,1,1,1,Uttar Pradesh,1
1-689748591,MEERUT INSTITUTE OF ENGINEERING & TECHNOLOGY,"NH-58, BYPASS ROAD,BAGHPAT CROSSING,MEERUT",MEERUT,Unaided - Private,N,N,1-3962501,fetchdata,2012-2013,Engineering and Technology,1,1,1,1,Uttar Pradesh,1
1-798862511,TRIRUPATI COLLEGE OF ENGINEERING,"VILLAGE-BENDOWA BLOCK MOHANLALGANJ, RAEBARELI RAOD, LUCKNOW",LUCKNOW,Unaided - Private,N,N,,fetchdata,2012-2013,Engineering and Technology,1,1,1,1,Uttar Pradesh,1
1-696156821,R. D. FOUNDATION GROUP OF INSTITUTIONS,"NH-58, KADRABAD, MODINAGAR,",GHAZIABAD,Unaided - Private,N,N,1-6252241,fetchdata,2012-2013,Engineering and Technology,1,1,1,1,Uttar Pradesh,1
1-819657251,GREATER NOIDA COLLEGE OF TECHNOLOGY,"PLOT NO. 6-B, KNOWLEDGE PARK - II,",GAUTHAM BUDDHA NAGAR,Unaided - Private,N,N,,fetchdata,2012-2013,Engineering and Technology,1,1,1,1,Uttar Pradesh,1
1-764123102,SR INSTITUTE OF MANAGEMENT& TECHNOLOGY,"BHAISAMAU, BAKSHI KA TALAB, LUCKNOW",LUCKNOW,Unaided - Private,N,N,1-21788371,fetchdata,2012-2013,Engineering and Technology,1,1,1,1,Uttar Pradesh,1
1-764316582,RAMA ENGINEERING COLLEGE-TECHNICAL CAMPUS,"38KM MILE STONE, NH-24 (DELHI HAPUR ROAD, PILKHUWA",GHAZIABAD,Unaided - Private,N,N,1-463092541,fetchdata,2012-2013,Engineering and Technology,1,1,1,1,Uttar Pradesh,1
1-773059702,SHOBHIT INSTITUTE OF ENGINEERING & TECHNOLOGY,"BABU VIJENDRA MARG, ADARSH INSTITUTIONAL AREA, GANGOH, DISTT. SAHARANPUR , UTTAR PRADESH- 247341",SAHARANPUR,Unaided - Private,N,N,1-23471008,fetchdata,2012-2013,Engineering and Technology,1,1,1,1,Uttar Pradesh,1
1-773541408,SETH SRINIWAS AGARWAL INSTITUTE OF ENGINEERING & TECHNOLOGY,"S.S.A KNOWLEDGE PARK, G.T. ROAD (2 KM.FROM I.I.T), NARAMAU, KANPUR",KANPUR NAGAR,Unaided - Private,N,N,1-5772171,fetchdata,2012-2013,Engineering and Technology,1,1,1,1,Uttar Pradesh,1
1-764259763,SHAMLI INSTITUTE OF ENGINEERING & TECHNOLOGY,"10 K.M. MILSESTONE, RAJJAKNAGAR, SHAMLI KARNAL ROAD",MUZAFFARNAGAR,Unaided - Private,N,N,1-18657531,fetchdata,2012-2013,Engineering and Technology,1,1,1,1,Uttar Pradesh,1
1-764913292,"GOVERNMENT POLYTECHNIC, FIROZABAD","NEAR STADIUM, JALESAR ROAD , FIROZABAD",FIROZABAD,Government,N,N,1-492934291,fetchdata,2012-2013,Engineering and Technology,1,1,1,1,Uttar Pradesh,1
1-773358594,INDUS INSTITUTE OF TECHNOLOGY & MANAGEMENT,"KAKWAN ROAD, VILL : BARAULI, TEHSIL : BILHAUR
DISTT: KANPUR NAGAR (U.P.)",KANPUR NAGAR,Unaided - Private,N,N,1-3954924,fetchdata,2012-2013,Engineering and Technology,1,1,1,1,Uttar Pradesh,1
1-771152582,GOVERNMENT POLYTECHNIC BAREILLY,C. B. GANJ,BAREILLY,Government,N,N,1-494408131,fetchdata,2012-2013,Engineering and Technology,1,1,1,1,Uttar Pradesh,1
1-773419912,"GOVERNMENT POLYTECHNIC, DEORIA","PO- G.I.ESTATE
GORAKHPUR-DEORIA ROAD
DISTT- DEORIA (U.P)",DEORIA,Government,N,N,1-480403641,fetchdata,2012-2013,Engineering and Technology,1,1,1,1,Uttar Pradesh,1
1-755771132,SHANTI INSTITUTE OF TECHNOLOGY (DIPLOMA IN ENGINEERING),"VILL+POST- KURALI, BAGHPAT ROAD, MEERUT",MEERUT,Unaided - Private,N,N,1-460238021,fetchdata,2012-2013,Engineering and Technology,1,1,1,1,Uttar Pradesh,1
1-727834134,IAMR COLLEGE OF ENGINEERING,"12TH KM STONE,
MEERUT-BAGPAT ROAD,
PANCHIL KHURD,
MEERUT, INDIA",MEERUT,Unaided - Private,N,N,1-5545723,fetchdata,2012-2013,Engineering and Technology,1,1,1,1,Uttar Pradesh,1
1-748118322,DR. DASHRATH CHAUDHARY NATIONAL POLYTECHNIC,BANSI (SIDDHARTH NAGAR),SIDDHARTHNAGAR,Unaided - Private,N,N,1-479595311,fetchdata,2012-2013,Engineering and Technology,1,1,1,1,Uttar Pradesh,1
1-727877263,MAA VAISHNO MAA SHARDA POLYTECHNIC,"VILLAGE- KHORRAMPUR, POST- BELAOUN, TAHSIL- NIGAMABAD",AZAMGARH,Unaided - Private,N,N,1-481762581,fetchdata,2012-2013,Engineering and Technology,1,1,1,1,Uttar Pradesh,1
1-727996632,DEV INSTITUTE OF TECHNICAL EDUCATION,"BARHAN ETMADPUR
AGRA",AGRA,Unaided - Private,N,N,1-475295651,fetchdata,2012-2013,Engineering and Technology,1,1,1,1,Uttar Pradesh,1
1-727915322,SUBHARTI INSTITUTE OF TECHNOLOGY AND ENGINEERING,"NH-58
SUBHARTIPURAM 
DELHI-MEERUT-HARDIWAR BY PASS ROAD",MEERUT,University Managed,N,N,1-458360541,fetchdata,2012-2013,Engineering and Technology,1,1,1,1,Uttar Pradesh,1
1-773259041,IVS POLYTECHNIC,"123 MILESTONE, MATHURA-DELHI HIGHWAY (NH-2) AKBARPUR, MATHURA - 281406",MATHURA,Unaided - Private,N,N,,fetchdata,2012-2013,Engineering and Technology,1,1,1,1,Uttar Pradesh,1
1-727621035,NIKHIL INSTITUTE OF ENGINEERING & MANAGEMENT,"HATHAWALI ROAD, NH-2,  NEAR MAHAWAN TOLL POST, FARAH, MATHURA",MATHURA,Unaided - Private,N,N,1-7465441,fetchdata,2012-2013,Engineering and Technology,1,1,1,1,Uttar Pradesh,1
1-784811821,DREAMS COLLEGE OF POLYTECHNIQUE,5TH KM MILESTONE JANTA ROAD SAHARANPUR,SAHARANPUR,Unaided - Private,N,N,,fetchdata,2012-2013,Engineering and Technology,1,1,1,1,Uttar Pradesh,1
1-728998271,ACN COLLEGE OF POLYTECHNIC,"ACN CITY, CHHERAT,  KASIMPUR POWER HOUSE ROAD, ALIGARH",ALIGARH,Unaided - Private,N,Y,,fetchdata,2012-2013,Engineering and Technology,1,1,1,1,Uttar Pradesh,1
1-729079266,VEDANT INSTITUTE OF MANAGEMENT AND TECHNOLOGY,"SIYANA ROAD, GARHMUKTESHWAR
DISTRICT GHAZIABAD
(U.P)",GHAZIABAD,Unaided - Private,N,N,1-14290541,fetchdata,2012-2013,Engineering and Technology,1,1,1,1,Uttar Pradesh,1
1-727940312,"P.M.V. POLYTECHNIC, MATHURA","MATHURA-VRINDAVAN ROAD, NEAR BIRLA TEMPLE, MATHURA",MATHURA,Govt aided,N,N,1-536946181,fetchdata,2012-2013,Engineering and Technology,1,1,1,1,Uttar Pradesh,1
1-728175052,GOVERNMENT POLYTECHNIC FAIZABAD,"LUCKNOW ROAD
MUMTAJ NAGAR",FAIZABAD,Government,N,N,1-511484751,fetchdata,2012-2013,Engineering and Technology,1,1,1,1,Uttar Pradesh,1
1-726197946,GOVERNMENT POLYTECHNIC,TIKHAMPUR BALLIA,BALLIA,Government,Y,N,1-493882871,fetchdata,2012-2013,Engineering and Technology,1,1,1,1,Uttar Pradesh,1
1-728753442,K L S INSTITUTE OF ENGINEERING & TECHNOLOGY,20TH MILESTONE BIJNOR- HARIDWAR ROAD VILL - KUDAHERI NEAR CHANDOK DISTT. BIJNOR (U.P),BIJNOR,Unaided - Private,N,N,1-5523291,fetchdata,2012-2013,Engineering and Technology,1,1,1,1,Uttar Pradesh,1
1-728926571,VIKAS INSTITUTE OF ENGINEERING AND TECHNOLOGY,"VIL-JUNGLE EKLA NO-2
HATHWA TOLA
PO- GULARIHA",GORAKHPUR,Unaided - Private,N,N,,fetchdata,2012-2013,Engineering and Technology,1,1,1,1,Uttar Pradesh,1
1-728827352,D.J. COLLEGE OF ENGINEERING & TECHNOLOGY,"YAKUTPUR MAVI, NIWARI ROAD",GHAZIABAD,Unaided - Private,N,N,1-6899059,fetchdata,2012-2013,Engineering and Technology,1,1,1,1,Uttar Pradesh,1
1-727678597,GOVERNMENT POLYTECHNIC BANDA,"CHILLA ROAD 
 NEAR KATAI MILL",BANDA,Government,N,N,1-524341001,fetchdata,2012-2013,Engineering and Technology,1,1,1,1,Uttar Pradesh,1
1-728998173,GOVERNMENT GIRL'S POLYTECHNIC SHAMLI,G.G.P SHAMLI MUNDATE ROAD SHAMLI,MUZAFFARNAGAR,Government,Y,N,1-475207671,fetchdata,2012-2013,Engineering and Technology,1,1,1,1,Uttar Pradesh,1
1-728778662,K L S POLYTECHNIC COLLEGE,"20TH MILESTONE BIJNOR-HARIDWAR ROAD, NEAR CHANDOK , VILL-KHUDAHERI",BIJNOR,Unaided - Private,N,N,1-484950331,fetchdata,2012-2013,Engineering and Technology,1,1,1,1,Uttar Pradesh,1
1-727742312,GNIT GIRLS INSTITUTE OF TECHNOLOGY,"PLOT NO. 6-B, KNOWLEDGE PARK - II,",GAUTAM BUDDHA NAGAR,Unaided - Private,Y,N,1-13462784,fetchdata,2012-2013,Engineering and Technology,1,1,1,1,Uttar Pradesh,1
1-728811833,GOVERNMENT POLYTECHNIC MORADABAD,"KANTH ROAD, OPPOSITE VIVEKANAND HOSPITAL , MORADABAD",MORADABAD,Government,N,N,1-479242731,fetchdata,2012-2013,Engineering and Technology,1,1,1,1,Uttar Pradesh,1
1-729111402,MANGALMAY INSTITUTE OF ENGINEERING & TECHNOLOGY,"PLOT NO. 8, KNOWLEDGE PARK-II",GAUTAM BUDDHA NAGAR,Unaided - Private,N,N,1-413241491,fetchdata,2012-2013,Engineering and Technology,1,1,1,1,Uttar Pradesh,1
1-729177254,KASHI NATH INSTITUTE OF TECHNOLOGY,"VILLAGE- SANAND NAGAR, POST- BANKI KHURD, GHAZIPUR",GHAZIPUR,Unaided - Private,N,N,1-450196631,fetchdata,2012-2013,Engineering and Technology,1,1,1,1,Uttar Pradesh,1
1-729073324,R D ENGINEERING COLLEGE & RESEARCH CENTRE,"9 TH KM MILE STONE ON NH 58 DELHI MEERUT ROAD, DUHAI GHAZIABAD",GHAZIABAD,Unaided - Private,N,N,1-421190141,fetchdata,2012-2013,Engineering and Technology,1,1,1,1,Uttar Pradesh,1
1-730111652,PRASAD INSTITUTE OF MANAGEMENT AND TECHNOLOGY,"SARAI SAHJADI
BANTHRA , KANPUR ROAD
LUCKNOW",LUCKNOW,Unaided - Private,N,N,1-35328241,fetchdata,2012-2013,Engineering and Technology,1,1,1,1,Uttar Pradesh,1
1-730528183,SANJAY INSTITUTE OF ENGINEERING & MANAGEMENT,"VILLAGE &  MAUZA - CHAUMUHA , 
NH # 2 , TEHSIL - CHHATA 
DISTRICT - MATHURA, 281406",MATHURA,Unaided - Private,N,N,1-7778101,fetchdata,2012-2013,Engineering and Technology,1,1,1,1,Uttar Pradesh,1
1-731252072,DR. M.C. SAXEAN INSTITUTE OF ENGINEERING & MANAGEMENT,"171, BARAWANKALA MALL ROAD, IIM DUBGGA BY-PASS LUCKNOW",LUCKNOW,Unaided - Private,N,N,1-38372931,fetchdata,2012-2013,Engineering and Technology,1,1,1,1,Uttar Pradesh,1
1-731498332,NEELKANTH INSTITUTE OF TECHNOLOGY,"NH-58, NEAR SVBP AGRICULTURE UNIVERISTY,MEERUT",MEERUT,Unaided - Private,N,N,1-13635421,fetchdata,2012-2013,Engineering and Technology,1,1,1,1,Uttar Pradesh,1
1-730524142,INSTITUTE OF ENGINEERING & MANAGEMENT,"MATHURA-DELHI ROAD, NH#2, P.O.- CHAUMUHAN, TEHSIL-CHHATA, DIST - MATHURA, U.P.
281406",MATHURA,Unaided - Private,N,N,1-8301631,fetchdata,2012-2013,Engineering and Technology,1,1,1,1,Uttar Pradesh,1
1-730214575,SEVDIE INSTITUTE OF MANAGEMENT & TECHNOLOGY,"CHINHAT-DEVA ROAD, NEAR TELCO INDUSTRIAL AREA, LUCKNOW",LUCKNOW,Unaided - Private,N,N,1-476291461,fetchdata,2012-2013,Engineering and Technology,1,1,1,1,Uttar Pradesh,1
1-729886235,BHAGWANT INSTITUTE OF TECHNOLOGY,"BHAGWANTPURAM, 17TH MILE STONE
BIJNOR-DELHI HIGHWAY
DISTT.- MUZAFFARNAGAR 
(U.P.)-251315",MUZAFFARNAGAR,Unaided - Private,N,N,1-16872534,fetchdata,2012-2013,Engineering and Technology,1,1,1,1,Uttar Pradesh,1
1-730063192,PRASAD INSTITUTE OF TECHNOLOGY,"VILLAGE: PUNCH-HATIA
TALUK: SADAR
DISTRICT:JAUNPUR
STATE: UTTER-PRADESH",JAUNPUR,Unaided - Private,N,N,1-16962461,fetchdata,2012-2013,Engineering and Technology,1,1,1,1,Uttar Pradesh,1
1-732762262,MILLENNIUM INSTITUTE OF TECHNOLOGY,"35 K.M. STONE ON ROORKEE-DEHRADUN NATIONAL HIGHWAY,NH-72 A ,VILLAGE âTHAPAL ISMAILPUR, PARGANA-MUZAFFARABAD, TEHSIL-BEHAT, DISTT -SAHARANPUR (U. P.)",SAHARANPUR,Unaided - Private,N,N,1-12134923,fetchdata,2012-2013,Engineering and Technology,1,1,1,1,Uttar Pradesh,1
1-730134136,BABA VISHWANATH INSTITUTE OF TECHNOLOGY,"AMNAVE, POST- MAHUJA, BLOCK MARTIN GANJ, TEHSIL- PHOOLPUR,",AZAMGARH,Unaided - Private,N,N,1-455978431,fetchdata,2012-2013,Engineering and Technology,1,1,1,1,Uttar Pradesh,1
1-730135972,PRASAD POLYTECHNIC,"SARAI SAHJADI 
KANPUR ROAD
BANTHRA
LUCKNOW",LUCKNOW,Unaided - Private,N,N,1-479769481,fetchdata,2012-2013,Engineering and Technology,1,1,1,1,Uttar Pradesh,1
1-729865035,MAHARAJA AGARSAIN INSTITUTE OF TECHNOLOGY,"HAPUR ROAD, NH- 24,  HAPUR ROAD ,PILKHUWA
GHAZIABAD",GHAZIABAD,Unaided - Private,N,N,1-4026664,fetchdata,2012-2013,Engineering and Technology,1,1,1,1,Uttar Pradesh,1
1-731504406,MAHARAJA AGRASEN COLLEGE OF ENGG. &  TECHNOLOGY,"10 TH KM. BAGARPUR MAFEE,
 GAJRAULA, DHANAURA,
J.P NAGAR-244236 (UP)",JYOTIBA PHULE NAGAR,Unaided - Private,N,N,1-6084002,fetchdata,2012-2013,Engineering and Technology,1,1,1,1,Uttar Pradesh,1
1-730067073,SWAMI SAHAJANAND POLYTECHNIC,"VILLAGE & POST - PATWADH KAUTUK, BLOCK BILARIYAGANJ, TEHSIL SAGRI, AZAMGARH",AZAMGARH,Unaided - Private,N,N,1-450312581,fetchdata,2012-2013,Engineering and Technology,1,1,1,1,Uttar Pradesh,1
1-730107832,PRASAD POLYTECHNIC,"PUNCH-HATTIA 
SADAR",JAUNPUR,Unaided - Private,N,N,1-479655381,fetchdata,2012-2013,Engineering and Technology,1,1,1,1,Uttar Pradesh,1
1-730251982,MGM'S COLLEGE OF ENGINEERING AND TECHNOLOGY,"A-9, SECTOR-62, NOIDA",GAUTAM BUDDHA NAGAR,Unaided - Private,N,N,1-5693791,fetchdata,2012-2013,Engineering and Technology,1,1,1,1,Uttar Pradesh,1
1-802860504,SWAMI VIVEKANAND POLYTECHNIC,"VILLAGE-MANDUWALA,POST-KHUJNAWAR, P.S.-FATEHPUR, TEHSIL-BEHAT, DISTT. SAHARANPUR",SAHARANPUR,Unaided - Private,N,N,1-510969201,fetchdata,2012-2013,Engineering and Technology,1,1,1,1,Uttar Pradesh,1
1-731465225,SHRI SIDDHI VINAYAK  POLYTECHNIC,"10 K.M STONE OPP. RELIANCE PETROL PUMP ,  NAINITAL ROAD , BAREILLY",BAREILLY,Unaided - Private,N,N,1-501848271,fetchdata,2012-2013,Engineering and Technology,1,1,1,1,Uttar Pradesh,1
1-729898975,JAHANGIRABAD EDUCATIONAL TRUST GROUP OF INSTITUTIONS,"JAHANGIRABAD FORT, JAHANGIRABAD,BARABANKI,UP-225203",BARABANKI,Unaided - Private,N,Y,1-8718336,fetchdata,2012-2013,Engineering and Technology,1,1,1,1,Uttar Pradesh,1
1-773713303,GOVERNMENT POLYTECHNIC BAHRAICH,"ASSAM CHAURAHA,
BHINGA ROAD,
KALPIPARA",BAHRAICH,Government,N,N,1-486305231,fetchdata,2012-2013,Engineering and Technology,1,1,1,1,Uttar Pradesh,1
1-693699621,AMBITION INSTITUTE OF TECHNOLOGY,"G.T. ROAD, PARAO,NEAR PUNEET AUTOMOBILES",VARANASI,Unaided - Private,N,N,1-450289281,fetchdata,2012-2013,Engineering and Technology,1,1,1,1,Uttar Pradesh,1
1-695277801,"LUCKNOW INSTITUTE OF TECHNOLOGY, LUCKNOW","AZADPURAM, ADJACENT CRPF GROUP CENTRE, POST- CHANDRAWAL, BIJNOUR-BANTHARA ROAD",LUCKNOW,Unaided - Private,N,Y,1-3992601,fetchdata,2012-2013,Engineering and Technology,1,1,1,1,Uttar Pradesh,1
1-803649271,SANSKRITI SCHOOL OF POLYTECHNIC,"28, K.M. STONE, CHATTA, DISTRICT
MATHURA (U.P.)",MATHURA,Unaided - Private,N,N,,fetchdata,2012-2013,Engineering and Technology,1,1,1,1,Uttar Pradesh,1
1-773408907,NEELKANTH COLLEGE OF ENGINEERING,"NH-58, NEAR SVBP AGRICULTURE UNIVERSITY, MODIPURAM, MEERUT",MEERUT,Unaided - Private,N,N,1-462197695,fetchdata,2012-2013,Engineering and Technology,1,1,1,1,Uttar Pradesh,1
1-735489922,SETH JAIPRAKASH MUKANDLAL POLYTECHNIC,"SUSHILA COLLEGE CAMPUS, DAYANAND NAGAR",GHAZIABAD,Unaided - Private,Y,N,1-437195903,fetchdata,2012-2013,Engineering and Technology,1,1,1,1,Uttar Pradesh,1
1-691041771,"SRMS COLLEGE OF ENGINEERING & TECHNOLOGY, UNNAO","35 KM. STONE 
LUCKNOW-KANPUR HIGHWAY",UNNAO,Unaided - Private,N,N,1-425510491,fetchdata,2012-2013,Engineering and Technology,1,1,1,1,Uttar Pradesh,1
1-754623903,FEROZE GANDHI INSTITUTE OF ENGG. & TECHNOLOGY,"RATAPUR CHURAHA,
RAEBARELI",RAE BARELI,Govt aided,N,N,1-12748731,fetchdata,2012-2013,Engineering and Technology,1,1,1,1,Uttar Pradesh,1
1-691665751,MP SCHOOL OF ENGINEERING,"BHAGATUA,VARANASI",VARANASI,Unaided - Private,N,N,1-15260084,fetchdata,2012-2013,Engineering and Technology,1,1,1,1,Uttar Pradesh,1
1-746477441,K.S. JAIN INSTITUTE OF ENGINEERING & TECHNOLOGY,"5TH KM STONE, HAPUR ROAD, BHOJPUR, MODINAGAR.",GHAZIABAD,Unaided - Private,N,N,1-16487004,fetchdata,2012-2013,Engineering and Technology,1,1,1,1,Uttar Pradesh,1
1-692529251,"SHANTI INSTITUTE OF TECHNOLOGY (B.TECH,CS, IT, EC, ME, CE, EE) & MBA","SHANTI PURAM, KURALI BAGHPAT ROAD, MEERUT- 250501",MEERUT,Unaided - Private,N,N,1-5285551,fetchdata,2012-2013,Engineering and Technology,1,1,1,1,Uttar Pradesh,1
1-809075111,DEV RISHI INSTITUTE OF POLYTECHNIC & TECHNOLOGY,"# 223,KHAND 2, VILLAGE-SALHAPUR, NAKUR",SAHARANPUR,Unaided - Private,N,N,,fetchdata,2012-2013,Engineering and Technology,1,1,1,1,Uttar Pradesh,1
1-691786701,AYODHYA PRASAD MANAGEMENT INSTITUTE & TECHNOLOGY,MOHARUB SHRINGVERPUR,ALLAHABAD,Unaided - Private,N,N,1-7437181,fetchdata,2012-2013,Engineering and Technology,1,1,1,1,Uttar Pradesh,1
1-691502501,JAUHAR COLLEGE OF ENGINEERING & TECHNOLOGY,"JAUHAR NAGAR
SINGHAN KHERA",RAMPUR,Unaided - Private,N,Y,1-8358651,fetchdata,2012-2013,Engineering and Technology,1,1,1,1,Uttar Pradesh,1
1-691497221,JP INSTITUTE OF ENGINEERING & TECHNILOGY,"SALARPUR, JALALPUR
MAWANA ROAD, MEERUT
PIN-250001",MEERUT,Unaided - Private,N,N,1-4824676,fetchdata,2012-2013,Engineering and Technology,1,1,1,1,Uttar Pradesh,1
1-691546961,SHIVAJI INSTITUTE OF TECHNOLOGY AND MANAGEMENT,ALLAHABAD - MIRZAPUR ROAD BENDO KARCHHANA,ALLAHABAD,Unaided - Private,N,N,1-466597743,fetchdata,2012-2013,Engineering and Technology,1,1,1,1,Uttar Pradesh,1
1-691688311,PSIT-PRANVEER SINGH INSTITUTE OF TECHNOLOGY,"NH-2 KANPUR AGRA NATIONAL HIGHWAY,BHAUTI, KANPUR",KANPUR NAGAR,Unaided - Private,N,N,1-15116411,fetchdata,2012-2013,Engineering and Technology,1,1,1,1,Uttar Pradesh,1
1-809143783,DR. VIRENDRA SWARUP MEMORIAL TRUST GROUP OF INSTITUTION,"RAGENDRA SWARUP KNOWLEDGE CITY, LUCKNOW KANPUR NATIONAL HIGHWAY 25, POLE NO. 70-71, KADER PATARI, UNNAO",UNNAO,Unaided - Private,N,N,1-11878126,fetchdata,2012-2013,Engineering and Technology,1,1,1,1,Uttar Pradesh,1
1-812461002,DR. BHEEM RAO AMBEDKAR POLYTECHNIC COLLEGE,VILL.- MARDAPUR POST SADAT,GHAZIPUR,Unaided - Private,N,N,1-514424411,fetchdata,2012-2013,Engineering and Technology,1,1,1,1,Uttar Pradesh,1
1-692099201,BHABHA INSTITUTEOFTECHNOLOGY,"AUNAHAN ,NEAR SHEOLI,RASOOLABADROAD,RAMABAI NAGAR (KANPUR DEHAT)",RAMABAI NAGAR (KANPUR DEHAT),Unaided - Private,N,N,1-415278771,fetchdata,2012-2013,Engineering and Technology,1,1,1,1,Uttar Pradesh,1
1-807948742,R C INSTITUTE OF TECHNOLOGY & MANAGEMENT,"DHARAMPURA,
RAYA, MATHURA",MATHURA,Unaided - Private,N,N,1-509653371,fetchdata,2012-2013,Engineering and Technology,1,1,1,1,Uttar Pradesh,1
1-691096371,SHRI SIDDHI VINAYAK INSTITUTE OF TECHNOLOGY,DOHNA PITAMRAI NEAR DHONA RAILWAY STATION  P.O BHOJIPURA DISTT BAREILLY 243002,BAREILLY,Unaided - Private,N,N,1-8021301,fetchdata,2012-2013,Engineering and Technology,1,1,1,1,Uttar Pradesh,1
1-691096641,A.P.S.COLLEGE OF EDUCATION & TECHNOLOGY,"ROHTA ROAD, VILL-KHIWAI NEAR-HARRA MORE,
SARDHANA (MEERUT)",MEERUT,Unaided - Private,N,N,1-476053711,fetchdata,2012-2013,Engineering and Technology,1,1,1,1,Uttar Pradesh,1
1-798509172,GOVERNMENT POLYTECHNIC MAHOBA,GOVT. POLY. STATION ROAD MAHOBA,MAHOBA,Government,N,N,1-530694751,fetchdata,2012-2013,Engineering and Technology,1,1,1,1,Uttar Pradesh,1
1-691034081,HIMALYAN INSTITUTE OF TECHNOLOGY AND MANAGEMENT,"MOHAMMADPUR SARAIYA, POST- PAHARPUR, BKT, LUCKNOW, U.P.",LUCKNOW,Unaided - Private,N,N,1-11292931,fetchdata,2012-2013,Engineering and Technology,1,1,1,1,Uttar Pradesh,1
1-699046571,GCRG MEMORIAL TRUST'S GROUP OF INSTITUTIONS,"VILLAGE-PARVATPUR,
CHANDRIKA DEVI ROAD,
POST-KATHWARA
BAKSHI KA TALAB
DISTT.-LUCKNOW
UTTAR PRADESH",LUCKNOW,Unaided - Private,N,N,1-10294391,fetchdata,2012-2013,Engineering and Technology,1,1,1,1,Uttar Pradesh,1
1-699763861,JINDAL INSTITUTE OF POLYTECHNIC," NH 58 ,NEAR KHAR KHODA MOD MOHIUDDINPUR DELHI ROAD MEERUT",MEERUT,Unaided - Private,N,N,1-478259131,fetchdata,2012-2013,Engineering and Technology,1,1,1,1,Uttar Pradesh,1
1-757893322,SAROJ INSTITUTE OF MANAGEMENT AND TECHNOLOGY,"CHAND SARAI, NEAR GOSAIGANJ,
SULTANPUR RAOD,
LUCKNOW",LUCKNOW,Unaided - Private,N,N,1-5295661,fetchdata,2012-2013,Engineering and Technology,1,1,1,1,Uttar Pradesh,1
1-698256511,BAKHSHI POLYTECHNIC,"MUJAR MACHHLI SHAHAR JAUNPUR, U.P.",JAUNPUR,Unaided - Private,N,N,1-453167813,fetchdata,2012-2013,Engineering and Technology,1,1,1,1,Uttar Pradesh,1
1-887577298,"GOVT. POLYTECHNIC,PILIBHIT(U.P)","GOVT. POLYTECHNIC,BILGAUN ROAD",PILIBHIT,Government,N,N,1-486883911,fetchdata,2012-2013,Engineering and Technology,1,1,1,1,Uttar Pradesh,1
1-802747784,GOVT. GIRLS POLYTECHNIC,LUCKNOW,LUCKNOW,Government,Y,N,1-480272543,fetchdata,2012-2013,Engineering and Technology,1,1,1,1,Uttar Pradesh,1
1-781748812,"M.G.POLYTECHNIC, HATHRAS",AGRA ALIGARH ROAD HATHRAS,MAHAMAYA NAGAR,Govt aided,N,N,1-522663081,fetchdata,2012-2013,Engineering and Technology,1,1,1,1,Uttar Pradesh,1
1-833085941,SHREE SAI COLLEGE OF EDUCATION OF TECHNOLOGY,VILLAGE & POST-JANGETHI (NEAR P.H.C. GHASOLI) SARDHANA ROAD,MEERUT,Unaided - Private,N,N,,fetchdata,2012-2013,Engineering and Technology,1,1,1,1,Uttar Pradesh,1
1-756454862,SHRI GOPICHAND INSTITUTE OF TECHNOLOGY & MANAGEMENT,"VILLAGE & P.O.-AHERA, DISTT.-BAGHPAT, UP-250609",BAGPAT,Unaided - Private,N,N,1-11510036,fetchdata,2012-2013,Engineering and Technology,1,1,1,1,Uttar Pradesh,1
1-700649011,BUNDELKHAND INSTITUTE OF ENGINEERING & TECHNOLOGY JHANSI,KANPUR ROAD JHANSI,JHANSI,Govt aided,N,N,1-449514562,fetchdata,2012-2013,Engineering and Technology,1,1,1,1,Uttar Pradesh,1
1-700682101,"GOVT. GIRLAS POLYTECHNIC, AMETHI",DHMAUR ROAD,AMETHI,Government,Y,N,1-505375991,fetchdata,2012-2013,Engineering and Technology,1,1,1,1,Uttar Pradesh,1
1-797385882,SUBHARTI POLYTECHNIC COLLEGE,"SUBHARTIPURAM, NH-58, DELHI-HARDWAR-MEERUT BYPASS ROAD",MEERUT,Unaided - Private,N,N,1-478381221,fetchdata,2012-2013,Engineering and Technology,1,1,1,1,Uttar Pradesh,1
1-700660091,"CHHATRAPATI SHAHUJI MAHARAJ COLLEGE OF ENGINEERING & TECHNOLOGY,","8TH MILE STONE, REWA ROAD
IRADATGANJ, GHOORPUR
ALLAHABAD",ALLAHABAD,Unaided - Private,N,N,1-8693693,fetchdata,2012-2013,Engineering and Technology,1,1,1,1,Uttar Pradesh,1
1-696556461,SHREE GANPATI INSTITUTE OF TECHNOLOGY,"SHREE GANPATI KNOWLEDGE PARK, OPP. JINDAL PIPES LTD., NH-24, JINDAL NAGAR, GHAZIABAD",GHAZIABAD,Unaided - Private,N,N,1-10573051,fetchdata,2012-2013,Engineering and Technology,1,1,1,1,Uttar Pradesh,1
1-696664771,P.K.POLYTECHNIC,"HATHRAS ROAD, MISHRI, SONAI , MATHURA",MATHURA,Unaided - Private,N,N,1-404574931,fetchdata,2012-2013,Engineering and Technology,1,1,1,1,Uttar Pradesh,1
1-733897196,MEERUT INTERNATIONAL INSTITUTE OF TECHNOLOGY,"GHAT ROAD
NEAR SUBHARTI MEDICAL COLLEGE
N.H. 58 (PARTAPUR BYE PASS)",MEERUT,Unaided - Private,N,N,1-9017377,fetchdata,2012-2013,Engineering and Technology,1,1,1,1,Uttar Pradesh,1
1-735702912,DR GOVIND PRASAD RANI DEVI PATEL INSTITUTE OF TECHNOLOGY AND MANAGEMENT,"G.T.ROAD , ARAUL ,TEHSIL BILHAUR ,DISTRICT KANPUR NAGAR",KANPUR NAGAR,Unaided - Private,N,N,1-419984144,fetchdata,2012-2013,Engineering and Technology,1,1,1,1,Uttar Pradesh,1
1-735777785,SAVITA DEVI INSTITUTE OF TECHNOLOGY,"DELHI MEERUT ROAD, MOHIUDDINPUR",MEERUT,Unaided - Private,N,N,1-494458211,fetchdata,2012-2013,Engineering and Technology,1,1,1,1,Uttar Pradesh,1
1-733890461,APOLLO INSTITUTE OF TECHNOLOGY,"VILL. SUNDHELA, BLOCK SARSAUL, KANPUR",KANPUR NAGAR,Unaided - Private,N,N,1-8889121,fetchdata,2012-2013,Engineering and Technology,1,1,1,1,Uttar Pradesh,1
1-734123436,SMT.RAM DULARI COLLEGE OF TECHNOLOGY & MANAGEMENT,"7,N.R.GARDEN ,OLE,MATHURA",MATHURA,Unaided - Private,N,N,1-502651481,fetchdata,2012-2013,Engineering and Technology,1,1,1,1,Uttar Pradesh,1
1-733770902,"ARYAN INSTITUTE OF TECHNOLOGY, GHAZIABAD","13 KM STONE, NH-24, JINDAL NAGAR, GHAZIABAD",GHAZIABAD,Unaided - Private,N,N,1-20121091,fetchdata,2012-2013,Engineering and Technology,1,1,1,1,Uttar Pradesh,1
1-773613233,D.E.I. TECHNICAL COLLEGE,"DAYALBAGH EDUCATIONAL INSTITUTE (DEEMED) UNIVERSITY, DAYALBAGH, AGRA 282005",AGRA,Govt aided,N,N,1-496299171,fetchdata,2012-2013,Engineering and Technology,1,1,1,1,Uttar Pradesh,1
1-735792443,GOVERNMENT POLYTECHNIC ETAWAH,AGRA BY PASS ROAD NH-2 ETAWAH,ETAWAH,Government,N,N,1-500940531,fetchdata,2012-2013,Engineering and Technology,1,1,1,1,Uttar Pradesh,1
1-736071198,R K POLYTECHNIC,"GARH ROAD,
KITHORE,
DISTT-MEERUT",MEERUT,Unaided - Private,N,Y,1-512619431,fetchdata,2012-2013,Engineering and Technology,1,1,1,1,Uttar Pradesh,1
1-733744083,KALI CHARAN NIGAM INSTITUTE OF TECHNOLOGY,"NARAINI ROAD, BANDA",BANDA,Unaided - Private,N,N,1-20221111,fetchdata,2012-2013,Engineering and Technology,1,1,1,1,Uttar Pradesh,1
1-735785324,KITE GROUP OF INSTITUTIONS,"NH58, OPPOSITE ANSAL TOWNSHIP MAIN GATE, BYE-PASS MEERUT",MEERUT,Unaided - Private,N,N,1-7511871,fetchdata,2012-2013,Engineering and Technology,1,1,1,1,Uttar Pradesh,1
1-736664892,GOVT. GIRLS POLYTECHNIC VARANASI,"SUNDERPUR, VARANASI",VARANASI,Government,Y,N,1-487990271,fetchdata,2012-2013,Engineering and Technology,1,1,1,1,Uttar Pradesh,1
1-735540223,BABU BANARSI DAS INSTITUTE OF ENGINEERING TECHNOLOGY & RESEARCH CENTRE,"25TH KM, ON BULANDSHAHR ANOOPSHAHR ROAD, NEAR JAHANGIRABAD, BULANDSHAHR, (NATIONAL CAPITAL REGION) 202391",BULANDSHAHAR,Unaided - Private,N,N,1-8654601,fetchdata,2012-2013,Engineering and Technology,1,1,1,1,Uttar Pradesh,1
1-736698052,C M S GOVERNMENT GIRLS POLYTECHNIC,SARADHANA ROAD,MEERUT,Government,Y,N,1-499735681,fetchdata,2012-2013,Engineering and Technology,1,1,1,1,Uttar Pradesh,1
1-737382292,GOKARAN NARVADESHWAR INSTITUTE OF TECHNOLOGY AND MANAGEMENT,"VILLAGE-TINDOLA
12 KM STONE,LUCKNOW-DEWA ROAD
BARABANKI",BARABANKI,Unaided - Private,N,N,1-21643361,fetchdata,2012-2013,Engineering and Technology,1,1,1,1,Uttar Pradesh,1
1-737931293, DR. K.N. MODI  ENGINEERING COLLEGE,"HAPUR ROAD,
NEAR EYE HOSPITAL
MODINAGAR-201204
DISTT. GHAZIABAD.",GHAZIABAD,Unaided - Private,Y,N,1-14677794,fetchdata,2012-2013,Engineering and Technology,1,1,1,1,Uttar Pradesh,1
1-738036318,INSTITUTE OF ENGINEERING AND TECHNOLOGY,"SITAPUR ROAD,
LUCKNOW",LUCKNOW,Govt aided,N,N,1-505421321,fetchdata,2012-2013,Engineering and Technology,1,1,1,1,Uttar Pradesh,1
1-772959492,GOVENMENT POLYTECHNIC GHAZIPUR,MAU ROAD,GHAZIPUR,Government,N,N,1-475289081,fetchdata,2012-2013,Engineering and Technology,1,1,1,1,Uttar Pradesh,1
1-736809027,SUNRISE INSTITUTE OF ENGINEERING TECHNOLOGY & MANAGEMENT,"KORARI KALA, ACHALGANJ-ROAD, UNNAO",UNNAO,Unaided - Private,N,N,1-22939033,fetchdata,2012-2013,Engineering and Technology,1,1,1,1,Uttar Pradesh,1
1-735644822,SHIVDAN SINGH INSTITUTE OF TECHNOLOGY & MANAGEMENT,"10TH KM STONE ALIGARH MATHURA ROAD, ALIGARH",ALIGARH,Unaided - Private,N,N,1-5368091,fetchdata,2012-2013,Engineering and Technology,1,1,1,1,Uttar Pradesh,1
1-738302152,HARCOURT BUTLER TECHNOLOGICAL INSTITUTE,NAWABGANJ,KANPUR NAGAR,Govt aided,N,N,1-38136961,fetchdata,2012-2013,Engineering and Technology,1,1,1,1,Uttar Pradesh,1
1-738345572,MADAN MOHAN MALAVIYA ENGINEERING COLLEGE,"MADAN MOHAN MALAVIYA ENGINEERING COLLEGE
DEORIA ROAD 
GORAKHPUR-273010",GORAKHPUR,Govt aided,N,N,1-5435425,fetchdata,2012-2013,Engineering and Technology,1,1,1,1,Uttar Pradesh,1
1-733703082,"J.S. INSTITUTE OF MANAGEMENT AND TECHNOLOGY, SHIKOHABAD","5 KM, MAINPURI ROAD, SHIKOHABAD, DISTT.- FIROZABAD, UP",FIROZABAD,Unaided - Private,N,N,1-4429201,fetchdata,2012-2013,Engineering and Technology,1,1,1,1,Uttar Pradesh,1
1-736880065,BHABHA INSTITUTE OF SCIENCE AND TECHNOLOGY,ONAHA RASULABAD ROAD KANPUR DEHAT-209204,RAMABAI NAGAR (KANPUR DEHAT),Unaided - Private,N,N,1-39607283,fetchdata,2012-2013,Engineering and Technology,1,1,1,1,Uttar Pradesh,1
1-807370181,IMS COLLEGE OF ENGINEERING,"94, MILE STONE
VILLAGE - BHAGWANPUR KHADAR, TEHSIL - HASANPUR, 
NEAR BRAJGHAT, GAJRAULA, J.P. NAGAR",J P NAGAR,Unaided - Private,N,N,,fetchdata,2012-2013,Engineering and Technology,1,1,1,1,Uttar Pradesh,1
1-736818093,PREM PRAKASH GUPTA INSTITUTE OF ENGINEERING,"16.1 KM.STONE, BAREILLY LUCKNOW ROAD",BAREILLY,Unaided - Private,N,N,1-7689101,fetchdata,2012-2013,Engineering and Technology,1,1,1,1,Uttar Pradesh,1
1-776658763,ADHUNIK COLLEGE OF ENGINEERING,"9TH MILE STONE, DELHI MEERUT ROAD DUHAI, GHAZIABAD",GHAZIABAD,Unaided - Private,N,N,1-510100011,fetchdata,2012-2013,Engineering and Technology,1,1,1,1,Uttar Pradesh,1
1-738139233,MARATHWADA INSTITUTE OF TECHNOLOGY (MIT),"VILLAGE: DHAMERA-CHOLA
TALUKA: SIKANDARABAD
DISTRICT: BULANDSHAHR
UTTAR PRADESH
PIN:203001",BULANDSHAHAR,Unaided - Private,N,N,1-16692924,fetchdata,2012-2013,Engineering and Technology,1,1,1,1,Uttar Pradesh,1
1-737148632,PRINCE INSTITUTE OF INNOVATIVE TECHNOLOGY GR. NOIDA,"PLOT NO.- 9, KNOWLEDGE PARK-III, GREATER NOIDA",GAUTAM BUDDHA NAGAR,Unaided - Private,N,N,1-15151891,fetchdata,2012-2013,Engineering and Technology,1,1,1,1,Uttar Pradesh,1
1-738270362,"GOVERNMENT POLYTECHNIC ,NARAINI (BANDA) U.P.",BADOKHAR,BANDA,Government,N,N,1-481883371,fetchdata,2012-2013,Engineering and Technology,1,1,1,1,Uttar Pradesh,1
1-738158933,GOVERNMENT POLYTECHNIC BARABANKI,"JAHANGIRABAD RD.
SOMMIYANAGAR
BARABANKI",BARABANKI,Government,N,N,1-474661871,fetchdata,2012-2013,Engineering and Technology,1,1,1,1,Uttar Pradesh,1
1-774888653,"MAHALWAR INSTITUTE OF TECHNOLOGY,","VILL. JAKHAIRA, STATION ROAD, ATRAULI",ALIGARH,Unaided - Private,N,N,1-500888221,fetchdata,2012-2013,Engineering and Technology,1,1,1,1,Uttar Pradesh,1
1-774692582,GOVT POLYTECHNIC GHAZIABAD,"D BLOCK
SHASTRI NAGAR
HAPUR ROAD",GHAZIABAD,Government,N,N,1-508787873,fetchdata,2012-2013,Engineering and Technology,1,1,1,1,Uttar Pradesh,1
1-773532962,LAKSHYA TECHNICAL CAMPUS,POWAYAN ROAD,SHAHJAHANPUR,Unaided - Private,N,N,1-510146471,fetchdata,2012-2013,Engineering and Technology,1,1,1,1,Uttar Pradesh,1
1-773800994,TATHAGAT GAUTAM BUDH GOVERNMENT POLYTECHNIC SHRAVASTI,"SIRSIA, SHRAVASTI",SHRAVASTI,Government,N,N,1-507648541,fetchdata,2012-2013,Engineering and Technology,1,1,1,1,Uttar Pradesh,1
1-797220792,INSTITUTE OF ENGINEERING AND RURAL TECHNOLOGY,"26- CHATHAM LINES 
(NEAR PRAYAG RAILWAY STATION)",ALLAHABAD,Unaided - Private,N,N,1-4432041,fetchdata,2012-2013,Engineering and Technology,1,1,1,1,Uttar Pradesh,1
1-774574303,"RISHI CHADHA VISHVAS GIRLS INSTITUTE OF TECHNOLOGY,","A-6(II)SECTOR-22, MEERUT ROAD, GHAZIABAD",GHAZIABAD,Unaided - Private,Y,N,1-10970301,fetchdata,2012-2013,Engineering and Technology,1,1,1,1,Uttar Pradesh,1
1-778899613,DAYANAND DINANATH INSTITUTE OF TECHNOLOGY (DDIT),"MILE STONE -46, NH#25
LUCKNOW- KANPUR HIGHWAY JAGDISHPUR
NAWABGANJ AJGAIN, UNNAO",UNNAO,Unaided - Private,N,N,1-28640291,fetchdata,2012-2013,Engineering and Technology,1,1,1,1,Uttar Pradesh,1
1-773602371,IIMT COLLEGE OF POLYTECHNIC,"PLOT NO- A-20, KNOWLEDGE PARK-III, GREATER NOIDA",GAUTHAM BUDDHA NAGAR,Unaided - Private,N,N,,fetchdata,2012-2013,Engineering and Technology,1,1,1,1,Uttar Pradesh,1
1-774586013,NEELKANTH INSTITUTE OF ENGINEERING & TECHNOLOGY,"NH-58, NEAR SVBP AGRICULTURE UNIVERSITY, MODIPURAM, MEERUT",MEERUT,Unaided - Private,N,N,1-462354711,fetchdata,2012-2013,Engineering and Technology,1,1,1,1,Uttar Pradesh,1
1-778546264,GOVERNMENT POLYTECHNIC SORON,"KASGANJ - BAREILY ROAD, SORON",KANSHI RAM NAGAR,Government,N,N,1-506738931,fetchdata,2012-2013,Engineering and Technology,1,1,1,1,Uttar Pradesh,1
1-782665331,KIPM-COLLEGE OF ENGINEERING & TECHNOLOGY,"PLOT NO. BL-1 & 2, 
SECTOR-9, GIDA",GORAKHPUR,Unaided - Private,N,N,,fetchdata,2012-2013,Engineering and Technology,1,1,1,1,Uttar Pradesh,1
1-774434972,VENKATESHWARA INSTITUTE OF TECHNOLOGY,"NH-58, DELHI-ROORKEE BYPASS, JATAULI, MEERUT (U.P.)",MEERUT,Unaided - Private,N,N,1-11863731,fetchdata,2012-2013,Engineering and Technology,1,1,1,1,Uttar Pradesh,1
1-785077093,AXIS INSTITUTE OF TECHNOLOGY AND MANAGEMENT,"VILL-HATHIPUR,
KANPUR SADAR",KANPUR NAGAR,Unaided - Private,N,N,1-5977441,fetchdata,2012-2013,Engineering and Technology,1,1,1,1,Uttar Pradesh,1
1-695661691,KRISHNA INSTITUTE OF MANAGEMENT & TECHNOLOGY MORADABAD,"N.H.24 , RAMPUR ROAD,
VILL. BHANSIYA
MORADABAD",MORADABAD,Unaided - Private,N,N,1-5325881,fetchdata,2012-2013,Engineering and Technology,1,1,1,1,Uttar Pradesh,1
1-814720962,K.L. POLYTECHNIC,"BHARAURA
MALHANI
PO:MALHANI BAZAR",JAUNPUR,Unaided - Private,N,N,1-498207103,fetchdata,2012-2013,Engineering and Technology,1,1,1,1,Uttar Pradesh,1
1-685780581,HANSWAHINI INSTITUTE OF SCIENCE & TECHNOLOGY,"MAHUARI CHAKIA
POST:NIBI
NAINI",ALLAHABAD,Unaided - Private,N,N,1-477826721,fetchdata,2012-2013,Engineering and Technology,1,1,1,1,Uttar Pradesh,1
1-686321201,P.C.P.S. COLLEGE OF TECHNOLOGY & MANAGEMENT,"P.C.P.S. COLLEGE OF TECHNOLOGY & MANAGEMENT
VILL+POST:- USPHAR SONKH ROAD,
MATHURA.",MATHURA,Unaided - Private,N,N,1-416775421,fetchdata,2012-2013,Engineering and Technology,1,1,1,1,Uttar Pradesh,1
1-776694294,GOVERNMENT POLYTECHNIC HAMIRPUR,"SUMERPUR,HAMIRPUR",HAMIRPUR,Government,N,N,1-498871051,fetchdata,2012-2013,Engineering and Technology,1,1,1,1,Uttar Pradesh,1
1-705226231,SHRI RAM GROUP OF COLLEGES,"OPP. ALMASPUR TELEPHONE EXCHANGE, PARIKRAMA MARG, MUZAFFARNAGAR",MUZAFFARNAGAR,Unaided - Private,N,N,1-1237131,fetchdata,2012-2013,Engineering and Technology,1,1,1,1,Uttar Pradesh,1
1-702523712,ABHAY MEMORIAL TRUST GROUP OF INSTITUTIONS,"366 AKBARPUR, SALLAPUR",ALLAHABAD,Unaided - Private,N,N,1-5325231,fetchdata,2012-2013,Engineering and Technology,1,1,1,1,Uttar Pradesh,1
1-706088632,INSTITUTE OF TECHNOLOGY AND MANAGEMENT,"AL-1 SECTOR-7,  GIDA
GORAKHPUR",GORAKHPUR,Unaided - Private,N,N,1-4056851,fetchdata,2012-2013,Engineering and Technology,1,1,1,1,Uttar Pradesh,1
1-761185032,R.G.M INSTITUTE OF TECHNOLOGY AND MANAGEMENT,"VILL-NAGALIYA PALLA SALLU
POST-KORAH RUSTAMPUR",ALIGARH,Unaided - Private,N,N,1-503599231,fetchdata,2012-2013,Engineering and Technology,1,1,1,1,Uttar Pradesh,1
1-760017261,NITRA TECHNICAL CAMPUS,"SECTOR-23
RAJ NAGAR",GHAZIABAD,Unaided - Private,N,N,,fetchdata,2012-2013,Engineering and Technology,1,1,1,1,Uttar Pradesh,1
1-707656883,SUNDER DEEP COLLEGE OF ENGG &RESEARCH CENTRE,"NH-24, DELHI - HAPUR ROAD",GHAZIABAD,Unaided - Private,N,N,1-2508734,fetchdata,2012-2013,Engineering and Technology,1,1,1,1,Uttar Pradesh,1
1-747378053,SHRI KASHI CHANDRA DEV YADAV PRAVIDHIK SHIKSHAN SANSTHAN,"VILLAGE- HAZIPUR POST- BAMHAUR, SADAR, AZAMGARH",AZAMGARH,Unaided - Private,N,N,1-465683701,fetchdata,2012-2013,Engineering and Technology,1,1,1,1,Uttar Pradesh,1
1-707775492,IMS ENGINEERING COLLEGE,"NH-24, ADHYATMIK NAGAR, 
GHAZIABAD, UTTAR PRADESH
PIN CODE 201009",GHAZIABAD,Unaided - Private,N,N,1-4903321,fetchdata,2012-2013,Engineering and Technology,1,1,1,1,Uttar Pradesh,1
1-708567032,JAGANNATH INSTITUTE OF MANAGEMENT STUDIES,"48/4,KNOWLEDGE PARK-III,
GREATER NOIDA
PIN-201306",GAUTAM BUDDHA NAGAR,Unaided - Private,N,N,1-6898451,fetchdata,2012-2013,Engineering and Technology,1,1,1,1,Uttar Pradesh,1
1-708732833,"NATIONAL INSTITUTE OF ELECTRONICS AND INFORMATION TECHNOLOGY, GORAKHPUR CENTRE","M.M.M. ENGINEERING COLLEGE CAMPUS,
GORAKHPUR - 273010",GORAKHPUR,Government,N,N,1-27916062,fetchdata,2012-2013,Engineering and Technology,1,1,1,1,Uttar Pradesh,1
1-707904188,MORADABAD POLYTECHNIC INSTITUTE,SAMBHAL ROAD          RUSTAM SARAI,MORADABAD,Unaided - Private,N,N,1-479191791,fetchdata,2012-2013,Engineering and Technology,1,1,1,1,Uttar Pradesh,1
1-708652403,SUNDER DEEP COLLEGE OF ENGINEERING & TECHNOLOGY,"NH-24,DELHI - HAPUR ROAD",GHAZIABAD,Unaided - Private,N,N,1-4796695,fetchdata,2012-2013,Engineering and Technology,1,1,1,1,Uttar Pradesh,1
1-708641830,ROORKEE ENGINEERING & MANAGEMENT TECHNOLOGY INSTITUTE,"8-K.M., SHAMLI-PANIPAT ROAD, STATE HIGHWAY-12,
(NEAR MANNA MAZRA), SHAMLI-247774.
DISTRICT MUZAFFARNAGAR. (U.P.).",MUZAFFARNAGAR,Unaided - Private,N,N,1-3328804,fetchdata,2012-2013,Engineering and Technology,1,1,1,1,Uttar Pradesh,1
1-708826986,SVS GROUP OF INSTITIONS,"SVS EDUCATIONAL VILLAGE,GANGA NAHAR",MEERUT,Unaided - Private,N,N,1-8549271,fetchdata,2012-2013,Engineering and Technology,1,1,1,1,Uttar Pradesh,1
1-707657203,KRISHNA INSTITUTE OF TECHNOLOGY(351),"GRAM AMILIHA,POST TATIYAGANJ",KANPUR NAGAR,Unaided - Private,N,N,1-23064741,fetchdata,2012-2013,Engineering and Technology,1,1,1,1,Uttar Pradesh,1
1-708958672,GANDHI POLYTECHNIC,MUZAFFARNAGAR,MUZAFFARNAGAR,Govt aided,N,N,1-508649771,fetchdata,2012-2013,Engineering and Technology,1,1,1,1,Uttar Pradesh,1
1-707820109,RADHA GOVIND POLYTECHNIC COLLEGE,"7TH KM. MORADABAD ROAD, NEAR AKROLI CHORAHA, CHANDAUSI, DISTT. MORADABAD (UP)",MORADABAD,Unaided - Private,N,N,1-433679961,fetchdata,2012-2013,Engineering and Technology,1,1,1,1,Uttar Pradesh,1
1-751978287,SHIVAM INSTITUTE OF SCIENCE AND TECHNOLOGY,"MAHAWAN ROAD 
MATHURA(NEAR GOPALPUR)",MATHURA,Unaided - Private,N,N,1-429435541,fetchdata,2012-2013,Engineering and Technology,1,1,1,1,Uttar Pradesh,1
1-709505452,VIVEKANAND INSTITUTE OF TECHNOLOGY & SCIENCE,"33-34 KM. MILE STONE, N.H. - 24, DELHI - HAPUR BY PASS, JINDAL NAGAR, GHAZIABAD",GHAZIABAD,Unaided - Private,N,N,1-15868911,fetchdata,2012-2013,Engineering and Technology,1,1,1,1,Uttar Pradesh,1
1-709508096,"CHHATRAPATI SAHUJI MAHARAJ GOVERNMENT POLYTECHNIC,AMBEDKARNAGAR","FAIZABAD ROAD
SHIVBABA,AKBARPUR,AMBEDKARNAGAR",AMBEDKAR NAGAR,Government,N,N,1-480133081,fetchdata,2012-2013,Engineering and Technology,1,1,1,1,Uttar Pradesh,1
1-778491812,INSTITUTE OF ENGINEERING & TECHNOLOGY,"BUNDELKHAND UNIVERSITY CAMPUS, KANPUR ROAD, JHANSI",JHANSI,Government,N,N,1-491997703,fetchdata,2012-2013,Engineering and Technology,1,1,1,1,Uttar Pradesh,1
1-709411123,VISHVESHWARYA INSTITUTE OF  TECHNOLOGY,"20 KM FROM GHAZIABAD ON GHAZIABAD-BULANDSHAR ROAD, NEAR DADRI",GAUTAM BUDDHA NAGAR,Unaided - Private,N,N,1-6234091,fetchdata,2012-2013,Engineering and Technology,1,1,1,1,Uttar Pradesh,1
1-707599989,RADHA GOVIND GROUP OF INSTITUTIONS,"ANUYOGIPURAM,
GARH ROAD",MEERUT,Unaided - Private,N,N,1-3799173,fetchdata,2012-2013,Engineering and Technology,1,1,1,1,Uttar Pradesh,1
1-707799203,BON MAHARAJ ENGINEERING COLLEGE,"RAMAN RETI, VRINDAVAN",MATHURA,Unaided - Private,N,N,1-10177351,fetchdata,2012-2013,Engineering and Technology,1,1,1,1,Uttar Pradesh,1
1-707539790,NORTH INDIA INSTITUTE OF TECHNOLOGY,"7 KM BUNDKI ROAD, VILLAGE NEKPUR, NAJIBABAD-246763, DISTT. BIJNOR, UTTAR PRADESH.",BIJNOR,Unaided - Private,N,N,1-6150741,fetchdata,2012-2013,Engineering and Technology,1,1,1,1,Uttar Pradesh,1
1-740014973,GOVERNMENT POLYTECHNIC MADHOGARH,PRINCIPAL GOVERNMENT POLYTECHNIC MADHOGARH (JALAUN)UP,JALAUN,Government,N,N,1-514159911,fetchdata,2012-2013,Engineering and Technology,1,1,1,1,Uttar Pradesh,1
1-794543195,"REMOTE SENSING APPLICATIONS CENTRE,U.P.","SECTOR G
JANKIPURAM
KURSI ROAD
LUCKNOW - 226021",LUCKNOW,Government,N,N,1-515102021,fetchdata,2012-2013,Engineering and Technology,1,1,1,1,Uttar Pradesh,1
1-739889962,AMBALIKA INSTITUTE OF MANAGEMENT AND TECHNOLOGY,"GRAM TIKRA, MAURAWAN ROAD,MOHANLALGANJ . LUCKNOW",LUCKNOW,Unaided - Private,N,N,1-5498631,fetchdata,2012-2013,Engineering and Technology,1,1,1,1,Uttar Pradesh,1
1-739724772,VIRA COLLEGE OF ENGINEERING,"VIRA COLLEGE OF ENGINEERING
BARRAGE ROAD
OPP. NEW TELEPHONE EXCHANGE
BIJNOR-246701",BIJNOR,Unaided - Private,N,N,1-9757731,fetchdata,2012-2013,Engineering and Technology,1,1,1,1,Uttar Pradesh,1
1-740761022,"GOVERNMENT POLYTECHNIC,HARDOI(U.P.)","GOVERNMENT POLYTECHNIC, BAWAN ROAD, HARDOI(U.P.)",HARDOI,Government,N,N,1-477946931,fetchdata,2012-2013,Engineering and Technology,1,1,1,1,Uttar Pradesh,1
1-740789492,GAYATRI DEVI INSTITUTE OF MANAGMENT & TECHNOLOGY,MALAKPUR ROAD BARAUT,BAGPAT,Unaided - Private,N,N,1-462199661,fetchdata,2012-2013,Engineering and Technology,1,1,1,1,Uttar Pradesh,1
1-740868573,BALWANT RURAL ENGINEERING INSTITUTE,"BICHPURI, AGRA",AGRA,Govt aided,N,N,1-492742791,fetchdata,2012-2013,Engineering and Technology,1,1,1,1,Uttar Pradesh,1
1-739342974,HMFA MEMORIAL INSTITUTE OF ENGG & TECH.,"KARARI BHADAILY, HANDIA, ALLAHABAD",ALLAHABAD,Unaided - Private,N,N,1-5325021,fetchdata,2012-2013,Engineering and Technology,1,1,1,1,Uttar Pradesh,1
1-739257798,GOVT.POLYTECHNIC GHATAMPUR,"RAMSARI ROAD
GHATAMPUR
KANPUR",KANPUR NAGAR,Government,N,N,1-506477541,fetchdata,2012-2013,Engineering and Technology,1,1,1,1,Uttar Pradesh,1
1-740556712,UMRAO  TECHNOLOGICAL  INSTITUTE,"GRAM & POST -ALAMPUR
TEHSIL-BINDKI",FATEHPUR,Unaided - Private,N,N,1-464969221,fetchdata,2012-2013,Engineering and Technology,1,1,1,1,Uttar Pradesh,1
1-771098822,B.N. COLLEGE OF ENGINEERING & TECHNOLOGY(BNCET),"N.H. - 24
SITAPUR ROAD, BAKSHI KA TALAAB
LUCKNOW
226021",LUCKNOW,Unaided - Private,N,N,1-6174053,fetchdata,2012-2013,Engineering and Technology,1,1,1,1,Uttar Pradesh,1
1-815393382,INSTITUTE OF TECHNOLOGY AND MANAGEMENT,"VILL CHEHARI
MAHARJGANJ",MAHARAJGANJ,Unaided - Private,N,N,1-10176721,fetchdata,2012-2013,Engineering and Technology,1,1,1,1,Uttar Pradesh,1
1-739676854,I.T.S ENGINEERING COLLEGE,"PLOT NO 46, KNOWLEDGE PARK-III,",GAUTHAM BUDDHA NAGAR,Unaided - Private,N,N,1-3548911,fetchdata,2012-2013,Engineering and Technology,1,1,1,1,Uttar Pradesh,1
1-740978712,A.N.A COLLEGE OF ENGINEERING AND MANAGEMENT STUDIES,"VILLAGE KURTARA , AGRAS ROAD, BEHIND RUBBER FACTORY
P.O. BHITAURA BAREILLY - 243501
U.P.",BAREILLY,Unaided - Private,N,N,1-7162981,fetchdata,2012-2013,Engineering and Technology,1,1,1,1,Uttar Pradesh,1
1-741113235,SAVITRI BAI PHULE GOVERMENT GIRLS POLYTECHNIC,DEHRADUN ROAD KHUMARHERA SAHARANPUR,SAHARANPUR,Government,Y,N,1-486488521,fetchdata,2012-2013,Engineering and Technology,1,1,1,1,Uttar Pradesh,1
1-739529922,"CHAUDHARY BEERI SINGH COLLEGE OF ENGINEERING & MANAGEMENT, AGRA","CH. BEERI SINGH COLLEGE OF ENGINEERING & MANAGEMENT,
POIYA, NEAR 400 KV SUB STATION, PILI POKHAR, ALIGARH ROAD, AGRA-282006",AGRA,Unaided - Private,N,N,1-3476931,fetchdata,2012-2013,Engineering and Technology,1,1,1,1,Uttar Pradesh,1
1-739787792,BANSAL INSTITUTE OF ENGINEERING & TECHNOLOGY,"NEAR PAWLI KHAS RAILWAY STATION, MODIPURAM, MEERUT",MEERUT,Unaided - Private,N,N,1-9086181,fetchdata,2012-2013,Engineering and Technology,1,1,1,1,Uttar Pradesh,1
1-741180502,BSA COLLEGE OF ENGINEERING & TECHNOLOGY,"NEAR NEW BUS STAND
BHUTESHWAR ROAD
MATHURA (UP)",MATHURA,Unaided - Private,N,N,1-6777301,fetchdata,2012-2013,Engineering and Technology,1,1,1,1,Uttar Pradesh,1
1-739293823,HEERA LAL YADAV INSTITUTE OF TECHNOLOGY AND MANAGEMENT,"VILLAGE AHMEDPUR (KAMLAPUR),",LUCKNOW,Unaided - Private,N,N,1-7695191,fetchdata,2012-2013,Engineering and Technology,1,1,1,1,Uttar Pradesh,1
1-739347891,GCRG COLLEGE OF  POLYTECHNIC,"PARVATPUR, CHANDRIKA DEVI ROAD, BAKSHI KA TALAB, LUCKNOW",LUCKNOW,Unaided - Private,N,N,,fetchdata,2012-2013,Engineering and Technology,1,1,1,1,Uttar Pradesh,1
1-741204642,FEROZE GANDHI POLYTECHNIC,RATAPUR,RAE BARELI,Govt aided,N,N,1-513090141,fetchdata,2012-2013,Engineering and Technology,1,1,1,1,Uttar Pradesh,1
1-741213482,SETH GANGA SAGAR JATIA POLYTECHNIC,G.T.ROAD,BULANDSHAHAR,Government,N,N,1-495959991,fetchdata,2012-2013,Engineering and Technology,1,1,1,1,Uttar Pradesh,1
1-741274292,GOVERNMENT POLYTECHNIC PRATAPGARH,SULTANPUR ROAD,PRATAPGARH,Government,N,N,1-501163661,fetchdata,2012-2013,Engineering and Technology,1,1,1,1,Uttar Pradesh,1
1-817642043,MAHATMA JYOTIBA PHULE GOVERNMENT POLYTECHNIC KAUSHAMBI,"VILL-TEWAN
MANJHANPUR",KAUSHAMBI,Government,N,N,1-513929261,fetchdata,2012-2013,Engineering and Technology,1,1,1,1,Uttar Pradesh,1
1-741497153,SHRI RAMDEVI RAMDAYAL TRIPATHI MAHILAPOLYTECHNIC SAKET NAGAR KANPUR,781 W-1 SAKET NAGAR,KANPUR NAGAR,Govt aided,Y,N,1-513224101,fetchdata,2012-2013,Engineering and Technology,1,1,1,1,Uttar Pradesh,1
1-741457210,SURYA SCHOOL OF PLANNING & ENGINEERING MANAGEMENT,"PRESENT-SHAHEEDPATH, HARIHARPUR, LUCKNOW-226002 /PROPOSED NEW ADDRESS GAURA, MOHANLALGANJ, LUCKNOW-227305",LUCKNOW,Unaided - Private,N,N,1-5099544,fetchdata,2012-2013,Engineering and Technology,1,1,1,1,Uttar Pradesh,1
1-741447628,BABU SANT BUX SHIVMURTI SINGH ENGINEERING AND MEDICO INSTITUTE,"VILL. SANDAWA DUBAN
POST. SAHABGANJ
DISTT. PRATAPGARH
U.P.
230137
PIN 230137",PRATAPGARH,Unaided - Private,N,N,1-455224771,fetchdata,2012-2013,Engineering and Technology,1,1,1,1,Uttar Pradesh,1
1-799349581,SANSKRITI ENGINEERING COLLEGE,"28,K.M. STONE, CHATTA, DISTRICT MATHURA (U.P.)",MATHURA,Unaided - Private,N,N,,fetchdata,2012-2013,Engineering and Technology,1,1,1,1,Uttar Pradesh,1
1-741452823,SHIVA POLITECHNIC INST.&MANAGEMENT COLLEGE,JAULI ROAD BILASPUR,MUZAFFARNAGAR,Unaided - Private,N,N,1-475972421,fetchdata,2012-2013,Engineering and Technology,1,1,1,1,Uttar Pradesh,1
1-741943192,"GOVERNMENT POLYTECHNIC, BHILIHILI, AZAMGARH(CENTRALLY ASSISTED)","VILL- BHILIHILI, P.O.- TARWA",AZAMGARH,Government,N,N,1-515044431,fetchdata,2012-2013,Engineering and Technology,1,1,1,1,Uttar Pradesh,1
1-739314072,SANJAY GANDHI POLYTECHNIC,"ROAD NO.- 4
INDUSTRIAL AREA JAGDISHPUR",SULTANPUR,Government,N,N,1-475212911,fetchdata,2012-2013,Engineering and Technology,1,1,1,1,Uttar Pradesh,1
1-742081282,SETH VISHAMBHAR NATH INSTITUTE OF ENGINEERING & TECHNOLOGY,"19TH KM MILE STONE
DANIYAL PUR, SAFEDABAD.
BARABANKI-225003",BARABANKI,Unaided - Private,N,N,1-13965411,fetchdata,2012-2013,Engineering and Technology,1,1,1,1,Uttar Pradesh,1
1-744271532,INVERTIS INSTITUTE OF ENGINEERING & TECHNOLOGY,"NH-24, NEAR TRANSPORT NAGAR, P.O.- RAJAU",BAREILLY,Unaided - Private,N,N,1-8166463,fetchdata,2012-2013,Engineering and Technology,1,1,1,1,Uttar Pradesh,1
1-744269682,INVERTIS INSTITUTE OF ENGINEERING AND MANAGEMENT,"INVERTIS VILLAGE, BAREILLY-LUCKNOW,NH-24, BAREILLY(U.P.)",BAREILLY,Unaided - Private,N,N,1-8834391,fetchdata,2012-2013,Engineering and Technology,1,1,1,1,Uttar Pradesh,1
1-744316793,"SRI ANAR DEVI KHANDELWAL MAHILA POLYTECHNIC, MATHURA","VRINDAVAN ROAD, MATHURA (U.P.)",MATHURA,Govt aided,Y,N,1-497484511,fetchdata,2012-2013,Engineering and Technology,1,1,1,1,Uttar Pradesh,1
1-744338841,DOON COLLEGE TECHNICAL CAMPUS,"V.P.O.- SUNDERPUR TANKO
DISTT- SAHARANPUR (UP)",SAHARANPUR,Unaided - Private,N,N,,fetchdata,2012-2013,Engineering and Technology,1,1,1,1,Uttar Pradesh,1
1-744355782,SHREE BANKEY BIHARI INSTITUTE OF TECHNOLOGY,"MEERUT-HAPUR BYPASS 
MEERUT (U.P.)",MEERUT,Unaided - Private,N,N,1-5333621,fetchdata,2012-2013,Engineering and Technology,1,1,1,1,Uttar Pradesh,1
1-744398960,INTERNATIONAL COLLEGE OF ENGINEERING,"VILL. : DIDOLI, MURADNAGAR, GHAZIABAD",GHAZIABAD,Unaided - Private,N,N,1-14490169,fetchdata,2012-2013,Engineering and Technology,1,1,1,1,Uttar Pradesh,1
1-742449082,"GOVT. POLYTECHNIC, JAUNPUR","JAGDISHPUR
VARANASI ROAD",JAUNPUR,Government,N,N,1-486143161,fetchdata,2012-2013,Engineering and Technology,1,1,1,1,Uttar Pradesh,1
1-742219894,ARYAVART INSTITUTE OF TECHNOLOGY & MANAGEMENT,"ARYAVART INSTITUTE OF TECHNOLOGY & MANAGEMENT, OPPOSITE-AMBEDKAR UNIVERSITY, SHAHEED PATH, RAEBARELI ROAD, LUCKNOW",LUCKNOW,Unaided - Private,N,N,1-13456471,fetchdata,2012-2013,Engineering and Technology,1,1,1,1,Uttar Pradesh,1
1-747543684,ANAND ENGINEERING COLLEGE,"N. H. 2, AGRA - MATHURA HIGHWAY, KEETHAM",AGRA,Unaided - Private,N,N,1-9292671,fetchdata,2012-2013,Engineering and Technology,1,1,1,1,Uttar Pradesh,1
1-742681052,ABES INSTITUTE OF TECHNOLOGY,"CAMPUS - 2, 
19TH KM STONE, 
NATIONAL HIGHWAY - 24,
 VIJAY NAGAR, 
GHAZIABAD (UP)",GHAZIABAD,Unaided - Private,N,N,1-6708331,fetchdata,2012-2013,Engineering and Technology,1,1,1,1,Uttar Pradesh,1
1-831614121,HASTINAPUR INSTITUTE OF TECHNOLOGY & MANAGEMENT,"HASTINAPUR ROAD 

VILAGE GANESHPUR
TEHSIL MAWANA",MEERUT,Unaided - Private,N,N,,fetchdata,2012-2013,Engineering and Technology,1,1,1,1,Uttar Pradesh,1
1-746040221,NANDINI NAGAR TECHNICAL CAMPUS,"NANDINI NAGAR MAHAVIDYALAYA SAMITI ,
VILLAGE- TURKAULI
POST- NAWABGANJ
DISTRICT- GONDA
UTTAR PRADESH",GONDA,Unaided - Private,N,N,,fetchdata,2012-2013,Engineering and Technology,1,1,1,1,Uttar Pradesh,1
1-742449482,MAHAMAYA POLYTECHNIC OF INFORMATION TECHNOLOGY,"DHANAPUR CHANDAULI
(PRESENTLY RUNNING AT GOVT. POLYTECHNIC, JAUNPUR)",CHANDAULI,Government,N,N,1-499373221,fetchdata,2012-2013,Engineering and Technology,1,1,1,1,Uttar Pradesh,1
1-746288442,"TOWN POLYTECHNIC,BALLIA","TIKHAM PUR
BALLIA",BALLIA,Govt aided,N,N,1-492974821,fetchdata,2012-2013,Engineering and Technology,1,1,1,1,Uttar Pradesh,1
1-742281846,RAJ KUMAR GOEL INSTITUTE OF TECHNOLOGY FOR WOMEN,"5 KM STONE, DELHI-MEERUT ROAD, NH-58, GHAZIABAD",GHAZIABAD,Unaided - Private,Y,N,1-7317231,fetchdata,2012-2013,Engineering and Technology,1,1,1,1,Uttar Pradesh,1
1-749833542,HARDAYAL TECHNICAL CAMPUS,"24 MILES STONE, AGRA DELHI NATIONAL HIGHWAY (NH2), FARAH, MATHURA",MATHURA,Unaided - Private,N,N,1-480895001,fetchdata,2012-2013,Engineering and Technology,1,1,1,1,Uttar Pradesh,1
1-742351998,PANCHWATI INSTITUTE OF POLYTECHNIC,"NH-58, GHAT INSTITUTIONAL AREA, DELHI-HARIDWAR BY-PASS ROAD, MEERUT",MEERUT,Unaided - Private,N,N,1-447854701,fetchdata,2012-2013,Engineering and Technology,1,1,1,1,Uttar Pradesh,1
1-798353404,GOVERNMENT GIRLS POLYTECHNIC CHARKHARI MAHOBA,"GOVERNMENT GIRLS POLYTECHNIC , STATION ROAD CHARKHARI MAHOBA",MAHOBA,Government,Y,N,1-530749861,fetchdata,2012-2013,Engineering and Technology,1,1,1,1,Uttar Pradesh,1
1-796189501,BHONWAL  SCHOOL OF ENGINEERING,"NATKUR, BIJNAUR-
BANTHRA ROAD, LUCKNOW",LUCKNOW,Unaided - Private,N,N,,fetchdata,2012-2013,Engineering and Technology,1,1,1,1,Uttar Pradesh,1
1-722579142,H.R.C.T. GROUP OF INSTITUTIONS,"7TH KM STONE, DELHI-MEERUT ROAD, MORTA, GHAZIABAD",GHAZIABAD,Unaided - Private,N,N,1-460901471,fetchdata,2012-2013,Engineering and Technology,1,1,1,1,Uttar Pradesh,1
1-694529961,ALIGARH COLLEGE OF ENGINEERING AND TECHNOLOGY,"3 KM FROM SASNI GATE,
AT ALIGARH-MATHURA ROAD,
ALIGARH.",ALIGARH,Unaided - Private,N,N,1-9275577,fetchdata,2012-2013,Engineering and Technology,1,1,1,1,Uttar Pradesh,1
1-696571731,HINDUSTAN INSTITUTE OF TECHNOLOGY AND MANAGEMENT,"AGRA-DELHI HIGHWAY (NH-2), P.O. KEETHAM, AGRA â 282007 
CHAUMA-FARAH
KEETHAM 
AGRA
282007
UTTAR PRADESH",AGRA,Unaided - Private,N,N,1-4594595,fetchdata,2012-2013,Engineering and Technology,1,1,1,1,Uttar Pradesh,1
1-696591903,R D ENGINEERING COLLEGE,"9TH KM MILE STONE ON NH-58 
DELHI MEERUT ROAD
DUHAI, GHAZIABAD",GHAZIABAD,Unaided - Private,N,N,1-3548321,fetchdata,2012-2013,Engineering and Technology,1,1,1,1,Uttar Pradesh,1
1-698006211,DEVENDER SINGH INSTITUTE OF TECHNOLOGY AND MANAGEMENT,"05 KM STONE, NH-58 OPP. ITC, DELHI-MEERUT ROAD, GHAZIABAD",GHAZIABAD,Unaided - Private,N,N,1-8172099,fetchdata,2012-2013,Engineering and Technology,1,1,1,1,Uttar Pradesh,1
1-697335251,MIT GROUP OF INSTITUTIONS,"NH-58, BARAL PARTAPUR, BYPASS ROAD, MEERUT-250103 (U.P.)",MEERUT,Unaided - Private,N,N,1-6588351,fetchdata,2012-2013,Engineering and Technology,1,1,1,1,Uttar Pradesh,1
1-710497904,INDO-UNIVERSAL COLLEGE OF MANAGEMENT & TECHNOLOGY,INDO-UNIVERSAL COLLEGE OF MANAGEMENT & TECHNOLOGY,BAGPAT,Unaided - Private,N,N,1-511915001,fetchdata,2012-2013,Engineering and Technology,1,1,1,1,Uttar Pradesh,1
1-709565213,MAHARANA PRATAP ENGINEERING COLLEGE,"430, INDRAPURI, SHARDA NAGAR, KANPUR U.P.",KANPUR NAGAR,Unaided - Private,N,N,1-21127301,fetchdata,2012-2013,Engineering and Technology,1,1,1,1,Uttar Pradesh,1
1-709941776,SKYLINE INSTITUTE OF ENGINEERING & TECHNOLOGY,"PLOT NO-3, 
KNOWLEDGE PARK-II, 
GREATER NOIDA, 
DIST. GAUTAM BUDH NAGAR, 
U.P. 201306",GAUTAM BUDDHA NAGAR,Unaided - Private,N,N,1-7212911,fetchdata,2012-2013,Engineering and Technology,1,1,1,1,Uttar Pradesh,1
1-710533972,ANSAL TECHNICAL CAMPUS,"SECTOR-C, POCKET-9, SUSHANT GOLF CITY, LUCKNOW",LUCKNOW,Unaided - Private,N,N,1-426785831,fetchdata,2012-2013,Engineering and Technology,1,1,1,1,Uttar Pradesh,1
1-710570952,RAJARSHI RANANJAY SINH INSTITUTE OF MANAGEMENT & TECHNOLOGY,"RAJARSHI NAGAR,
MUNSHIGANJ",SULTANPUR,Unaided - Private,N,N,1-7612991,fetchdata,2012-2013,Engineering and Technology,1,1,1,1,Uttar Pradesh,1
1-774646402,GOVT.GIRLS POLYTECHNIC JHANSI,GWALIOR ROAD JHANSI,JHANSI,Government,Y,N,1-479831861,fetchdata,2012-2013,Engineering and Technology,1,1,1,1,Uttar Pradesh,1
1-710546002,UNIVERSITY INSTITUTE OF ENGINEERING AND TECHNOLOGY,"CSJM UNIVERSITY
KALYANPUR
KANPUR",KANPUR NAGAR,Government,N,N,1-34374804,fetchdata,2012-2013,Engineering and Technology,1,1,1,1,Uttar Pradesh,1
1-709612832,"GOVERNEMT POLYTECHNIC, FATEHPUR","NAUWA BAGH, G.T. ROAD",FATEHPUR,Government,N,N,1-462557131,fetchdata,2012-2013,Engineering and Technology,1,1,1,1,Uttar Pradesh,1
1-709702962,"CENTRE FOR DEVELOPMENT OF ADVANCED COMPUTING, NOIDA","ANUSANDHAN BHAWAN, C-56/1 & B-30, INSTITUTIONAL AREA, SECTOR-62, NOIDA",GAUTAM BUDDHA NAGAR,Govt aided,N,N,1-21699611,fetchdata,2012-2013,Engineering and Technology,1,1,1,1,Uttar Pradesh,1
1-709743934,GOVERNMENT POLYTECHNIC SHAHJAHANPUR,"VILL-LALPUR
BLOCK-DADROUL
JALALABAD ROAD",SHAHJAHANPUR,Government,N,N,1-475129943,fetchdata,2012-2013,Engineering and Technology,1,1,1,1,Uttar Pradesh,1
1-709921366,"GOVERNMENT POLYTECHNIC, GONDA","UTRAULA ROAD, BABHANI KANOONGO, GONDA",GONDA,Government,N,N,1-460503211,fetchdata,2012-2013,Engineering and Technology,1,1,1,1,Uttar Pradesh,1
1-753148964,DEV TECHNICAL CAMPUS,"AGRA-FIROZABAD NATIONAL HIGHWAY NO.-2, NEAR KUBERPUR, REHANKHURD, AGRA",AGRA,Unaided - Private,N,N,1-478643081,fetchdata,2012-2013,Engineering and Technology,1,1,1,1,Uttar Pradesh,1
1-709903936,"CHHATRAPATI SAHUJI MAHARAJ GOVERNMENT POYTECHNIC, BALRAMPUR (RUNNING AT GOVT POLT. GONDA)","CHHATRAPATI SAHUJI MAHARAJ GOVERNMENT POLYTECHNIC, SURAHIYA DEWER POST - MAHUWA DHANI BALRAMPUR",BALRAMPUR,Government,N,N,1-486282911,fetchdata,2012-2013,Engineering and Technology,1,1,1,1,Uttar Pradesh,1
1-709691502,NOIDA INSTITUTE OF ENGINEERING & TECHNOLOGY,"19, KNOWLEDGE PARK-II,
INSTITUTIONAL AREA,
GREATER NOIDA-201306",GAUTAM BUDDHA NAGAR,Unaided - Private,N,N,1-4193641,fetchdata,2012-2013,Engineering and Technology,1,1,1,1,Uttar Pradesh,1
1-710760052,ASIA SCHOOL OF ENGINEERING AND MANAGEMENT,"PLOT NO. A-3,INDUSTRIAL AREA, KURSI ROAD, LUCKNOW",BARABANKI,Unaided - Private,N,N,1-14272011,fetchdata,2012-2013,Engineering and Technology,1,1,1,1,Uttar Pradesh,1
1-709568112,ABSS INSTITUTE OF TECHNOLOGY,"SALARPUR, MAWANA ROAD, MEERUT,U.P",MEERUT,Unaided - Private,N,N,1-5924881,fetchdata,2012-2013,Engineering and Technology,1,1,1,1,Uttar Pradesh,1
1-710410053,ALLAHABAD INSTITUTE OF ENGINEERING AND TECHNOLOGY,"PANWAR, REWA ROAD
NH-27
ALLAHABAD
PIN- 212107 (U.P.)",ALLAHABAD,Unaided - Private,N,N,1-6407466,fetchdata,2012-2013,Engineering and Technology,1,1,1,1,Uttar Pradesh,1
1-712497478,MAA BHAGWATI EDUCATIONAL INSTITUTE,"SATRIKH ROAD, NEAR INDIRA CANAL,
VILLAGE -JUGGAUR,
CHINHAT,
LUCKNOW.",LUCKNOW,Unaided - Private,N,N,1-451018511,fetchdata,2012-2013,Engineering and Technology,1,1,1,1,Uttar Pradesh,1
1-712536752,EXCEL INSTITUTE OF MANAGEMENT & TECHNOLOGY,"VILL SAMERI, CHHATA",MATHURA,Unaided - Private,N,N,1-10368611,fetchdata,2012-2013,Engineering and Technology,1,1,1,1,Uttar Pradesh,1
1-712690664,COLLEGE OF ENGINEERING SCIENCE & TECHNOLOGY,"GAURA, MOHANLALGANJ, LUCKNOW",LUCKNOW,Unaided - Private,N,N,1-8005616,fetchdata,2012-2013,Engineering and Technology,1,1,1,1,Uttar Pradesh,1
1-713588442,AGRA PUBLIC COLLEGE OF TECH.& MANAGEMENT,"HIRA LAL KI PIYAU, ARTONI,NH-2, AGRA",AGRA,Unaided - Private,N,N,1-7455037,fetchdata,2012-2013,Engineering and Technology,1,1,1,1,Uttar Pradesh,1
1-711860453,"COLLEGE OF ENGINEERING & TECHNOLOGY, IILM ACADEMY OF HIGHER LEARNING","PLOT NO. 17-18, KNOWLEDGE PARK-II
GREATER NOIDA-201306",GAUTAM BUDDHA NAGAR,Unaided - Private,N,N,1-6545116,fetchdata,2012-2013,Engineering and Technology,1,1,1,1,Uttar Pradesh,1
1-711417014,GOVERNMENT POLYTECHNIC BUDAUN,BISAULI ROAD,BUDAUN,Government,N,N,1-475420653,fetchdata,2012-2013,Engineering and Technology,1,1,1,1,Uttar Pradesh,1
1-711736052,RAM SINGH COLLEGE OF ENGG.&TECHNOLOGY,"NAGLA SIKANDAR
TUNDLA,ETAH ROAD 
FIROZABAD",FIROZABAD,Unaided - Private,N,N,1-476171123,fetchdata,2012-2013,Engineering and Technology,1,1,1,1,Uttar Pradesh,1
1-712526546,SIR CHHOTU RAM INSTITUTE OF ENGINEERING & TECHNOLOGY CCS UNIVERSITY MEERUT,CCS UNIVERSITY CAMPUS MEERUT,MEERUT,University Managed,N,N,1-479808442,fetchdata,2012-2013,Engineering and Technology,1,1,1,1,Uttar Pradesh,1
1-712595672,AMARDEEP COLLEGE OF ENGINEERING & MANAGEMENT,7TH KM. STONE JALESAR ROAD,FIROZABAD,Unaided - Private,N,N,1-10088401,fetchdata,2012-2013,Engineering and Technology,1,1,1,1,Uttar Pradesh,1
1-711610040,YADUVANSH PRASAD MISHRA INSTITUTE OF PROFESSIONAL STUDIES,"RANIPUR  POST -PURANDERPUR
TEHSHIL-PHARENDA,DIST-MAHARAJGANJ(UP)",MAHARAJGANJ,Unaided - Private,N,N,1-480601301,fetchdata,2012-2013,Engineering and Technology,1,1,1,1,Uttar Pradesh,1
1-714164262,GAYATRI COLLEGE OF ENGG.&TECHNOLOGY,MURHI JAHANGIRPUR,AGRA,Unaided - Private,N,N,1-476366521,fetchdata,2012-2013,Engineering and Technology,1,1,1,1,Uttar Pradesh,1
1-711810352,RAMA INSTITUTE OF ENGINEERING & TECHNOLOGY,"G.T. ROAD, MANDHANA,
KANPUR",KANPUR NAGAR,Unaided - Private,N,N,1-20654821,fetchdata,2012-2013,Engineering and Technology,1,1,1,1,Uttar Pradesh,1
1-834755192,S.M. COLLEGE OF TECH. & MGMT.,PALI DUNGRA SONKH ROAD MATHURA.,MATHURA,Unaided - Private,N,N,1-507492571,fetchdata,2012-2013,Engineering and Technology,1,1,1,1,Uttar Pradesh,1
1-710789703,"DOON COLLEGE OF ENGINEERING AND TECHNOLOGY, SUNDERPUR, SAHARANPUR","V.P.O. SUNDERPUR
NH-72A DEHLI DEHRADUN ROAD
DISTT  SAHARANPUR (UP)",SAHARANPUR,Unaided - Private,N,N,1-22172981,fetchdata,2012-2013,Engineering and Technology,1,1,1,1,Uttar Pradesh,1
1-711741352,B. S. M. COLLEGE OF TECHNOLOGY AND MANAGEMENT,"VILL-BHADAR
POST-SON
DISTT-MATHURA",MATHURA,Unaided - Private,N,N,1-478117321,fetchdata,2012-2013,Engineering and Technology,1,1,1,1,Uttar Pradesh,1
1-712537954,"SHRIRAM INSTITUTE OF TECHNOLOGY , MEERUT","NH-58 ,DELHI-ROORKEE BY PASS ROAD 
NEAR SARDHANA CROSSING,JATTOLI,MEERUT- 250001",MEERUT,Unaided - Private,N,N,1-6564101,fetchdata,2012-2013,Engineering and Technology,1,1,1,1,Uttar Pradesh,1
1-714167052,G L BAJAJ GROUP OF INSTITUTIONS,"23 KM MILESTONE, NATIONAL HIGHWAY # 2",MATHURA,Unaided - Private,N,N,1-3925751,fetchdata,2012-2013,Engineering and Technology,1,1,1,1,Uttar Pradesh,1
1-711581172,DIT SCHOOL OF ENGINEERING,"PLOT NO. 48-A, KNOWLEDGE PARK-III, GREATER NOIDA",GAUTAM BUDDHA NAGAR,Unaided - Private,N,N,1-7781121,fetchdata,2012-2013,Engineering and Technology,1,1,1,1,Uttar Pradesh,1
1-713359902,SANSKRITI INSTITUTE OF MANAGEMENT & TECHNOLOGY (SIMT),"28, K.M. STONE, CHATTA, DISTRICT MATHURA (U.P.)",MATHURA,Unaided - Private,N,N,1-5984601,fetchdata,2012-2013,Engineering and Technology,1,1,1,1,Uttar Pradesh,1
1-713360092,SANSKRITI  INSTITUTE OF POLYTECHNIC,"28 KM STONE, CHATTA, MATHURA",MATHURA,Unaided - Private,N,N,1-444175841,fetchdata,2012-2013,Engineering and Technology,1,1,1,1,Uttar Pradesh,1
1-712461633,"INSTITUTE OF ENGINEERING & TECHNOLOGY, MJP ROHILKHAND UNIVERSITY",PILIBHIT BY PASS ROAD,BAREILLY,University Managed,N,N,1-18440821,fetchdata,2012-2013,Engineering and Technology,1,1,1,1,Uttar Pradesh,1
1-711912122,BHAGWATI INSTITUTE OF TECHNOLOGY & SCIENCE,"BHAGWATI KNOWLEDGE PARK, NH 24, DELHI-HAPUR ROAD, NEAR MASAURI CANAL, MASAURI, GHAZIABAD",GHAZIABAD,Unaided - Private,N,N,1-2889771,fetchdata,2012-2013,Engineering and Technology,1,1,1,1,Uttar Pradesh,1
1-711437652,MAHARANA INSTITUTE OF PROFESSIONAL STUDIES,"KALYANPUR- BITHOOR ROAD, BAIKUNTHPUR, KANPUR",KANPUR NAGAR,Unaided - Private,N,N,1-7203021,fetchdata,2012-2013,Engineering and Technology,1,1,1,1,Uttar Pradesh,1
1-712610544,ACN COLLEGE OF ENGG. & MANAGMENT STUDIES,"CHHERUT
KASHIMPUR ROAD",ALIGARH,Unaided - Private,N,Y,1-24885461,fetchdata,2012-2013,Engineering and Technology,1,1,1,1,Uttar Pradesh,1
1-711856072,GREATER NOIDA INSTITUTE OF TECHNOLOGY (ENGINEERING INSTITUTE),"7, KNOWLEDGE PARK - II,",GAUTAM BUDDHA NAGAR,Unaided - Private,N,N,1-10626904,fetchdata,2012-2013,Engineering and Technology,1,1,1,1,Uttar Pradesh,1
1-714319039,SARVOTTAM INSTITUTE OF TECHNOLOGY & MANAGEMENT,"PLOT NO. 6,TECH ZONE IV NOIDA EXT.",GAUTAM BUDDHA NAGAR,Unaided - Private,N,N,1-5418431,fetchdata,2012-2013,Engineering and Technology,1,1,1,1,Uttar Pradesh,1
1-747437482,GOVT. POLYTECHNIC BASTI,BANSI ROAD HATHIAGARH BASTI,BASTI,Government,N,N,1-480562801,fetchdata,2012-2013,Engineering and Technology,1,1,1,1,Uttar Pradesh,1
1-747697852,MKR(PG) INSTITUTE OF TECHNOLOGY,"HASANPUR MUSSOORIE,
POST KHEKRA",BAGPAT,Unaided - Private,N,N,1-456998861,fetchdata,2012-2013,Engineering and Technology,1,1,1,1,Uttar Pradesh,1
1-747689103,NEELAM COLLEGE OF ENGINEERING & TECHNOLOGY,"NEELAM COLLEGE OF ENGINEERING & TECHNOLOG,AGRA ,VILL. KORAI,TEHSI L KIROALI,AGRA-JAIPUR NH-11 ,AGRA (U.P)",AGRA,Unaided - Private,N,N,1-6844921,fetchdata,2012-2013,Engineering and Technology,1,1,1,1,Uttar Pradesh,1
1-746417253,"SAROJ INSTITUTE OF TECHNOLOGY & MANAGEMENT, LUCKNOW","AHIMAMAU, 
P.O. ARJUNGANJ,
SULTANPUR RAOD,
LUCKNOW.",LUCKNOW,Unaided - Private,N,N,1-7995104,fetchdata,2012-2013,Engineering and Technology,1,1,1,1,Uttar Pradesh,1
1-747649582,SRI SRI INSTITUTE OF TECHNOLOGY & MANAGEMENT,"SALAI ROAD , VILL. FATEHPUR .KASGANJ,KANSHIRAMNAGAR U.P.",KANSHI RAM NAGAR,Unaided - Private,N,N,1-20428711,fetchdata,2012-2013,Engineering and Technology,1,1,1,1,Uttar Pradesh,1
1-747702164,SHRINATHJI INSTITUTE FOR TECHNICAL EDUCATION,"GHAT ROAD,DELHI-ROORKEE BYPASS NH-58
MEERUT UP 250103",MEERUT,Unaided - Private,N,N,1-5150926,fetchdata,2012-2013,Engineering and Technology,1,1,1,1,Uttar Pradesh,1
1-746378012,SHRI GIRRAJ MAHARAJ COLLEGE OF ENGINEERING AND MANAGEMENT,"8 KM. STONE, MATHURA-JAIPUR STATE HIGHWAY 
V&PO: MUNDESI, TEHSIL - MATHURA
DIST. MATHURA",MATHURA,Unaided - Private,N,N,1-7559153,fetchdata,2012-2013,Engineering and Technology,1,1,1,1,Uttar Pradesh,1
1-746389812,SHRI GIRRAJ MAHARAJ POLYTECHNIC COLLEGE,"7KM, MATHURA-BHRATPUR STATE HIGHWAY, VIILL.-MUNDESI,P.O.-DHANGAON. MATHURA",MATHURA,Unaided - Private,N,N,1-474806531,fetchdata,2012-2013,Engineering and Technology,1,1,1,1,Uttar Pradesh,1
1-747960624,K.S. INSTITUTE OF MANAGEMENT & TECHNOLOGY,KARODI ROAD,MUZAFFARNAGAR,Unaided - Private,N,N,,fetchdata,2012-2013,Engineering and Technology,1,1,1,1,Uttar Pradesh,1
1-748018103,DAYALBAGH EDUCATIONAL INSTITUTE,"DAYALBAGH, AGRA - 282110, UTTAR PRADESH, INDIA.",AGRA,Govt aided,N,N,1-482451854,fetchdata,2012-2013,Engineering and Technology,1,1,1,1,Uttar Pradesh,1
1-754635622,GOVERNMENT POLYTECHNIC SAHARANPUR,"CHUNETI GADA
DELHI ROAD
SAHARANPUR",SAHARANPUR,Government,N,N,1-492104721,fetchdata,2012-2013,Engineering and Technology,1,1,1,1,Uttar Pradesh,1
1-774207102,JRE GROUP OF INSTITUTIONS,"PLOT NO. 5,6,7 & 8
KNOWLEDGE PARK IV",GAUTAM BUDDHA NAGAR,Unaided - Private,N,N,1-4290653,fetchdata,2012-2013,Engineering and Technology,1,1,1,1,Uttar Pradesh,1
1-829982902,KET POLYTECHNIC INSTITUTE,"NH-2,FARAH, MATHURA.",MATHURA,Unaided - Private,N,N,1-480049681,fetchdata,2012-2013,Engineering and Technology,1,1,1,1,Uttar Pradesh,1
1-748211492,GOVERNMENT POLYTECHNIC RAMPUR,"NEAR GOVT. PRESS  DISTT. RAMPUR  (U.P.)
244901",RAMPUR,Government,N,N,1-497457901,fetchdata,2012-2013,Engineering and Technology,1,1,1,1,Uttar Pradesh,1
1-806968231,R.N. POLYTECHNIC COLLEGE,"OPP. PANDVESHWAR MAHADEV MANDIR, HASTINAPUR",MEERUT,Unaided - Private,N,N,,fetchdata,2012-2013,Engineering and Technology,1,1,1,1,Uttar Pradesh,1
1-747311582,SAVITRIBAI PHULE GOVERNMENT POLYTECHNIC,HARRA KI CHUNGI,AZAMGARH,Government,N,N,1-500004921,fetchdata,2012-2013,Engineering and Technology,1,1,1,1,Uttar Pradesh,1
1-747466765,"BAHAB DR. BHIM RAM AMBEDKAR COLLEGE OF AGRIL. ENGG. & TECHNOLOGY, ETAWAH (CSAUA&T, KANPUR)",BABA SAHAB DR. BHIM RAO AMBEDKAR COLLEGE OF AGRIL. ENGG. & TECHNOLOGY ETAWAH  NEAR GOVT. HOSPITAL AGRA ROAD ETAWAH,ETAWAH,Government,N,N,1-482001351,fetchdata,2012-2013,Engineering and Technology,1,1,1,1,Uttar Pradesh,1
1-749171092,AERONAUTICAL TRAINING INSTITUTE UP,LUCKNOW AIRPORT LUCKNOW,LUCKNOW,Government,N,N,1-496132791,fetchdata,2012-2013,Engineering and Technology,1,1,1,1,Uttar Pradesh,1
1-776664342,IMS POLYTECHNIC,"NH-24,KAKATHER CROSSING,NEAR BRAJGHAT,GAJRAULA, J.P. NAGAR",J P NAGAR,Unaided - Private,N,N,1-510108341,fetchdata,2012-2013,Engineering and Technology,1,1,1,1,Uttar Pradesh,1
1-746387882,GHAZIABAD INSTITUTE OF MANAGEMENT & TECHNOLOGY,"UP JAL NIGAM ROAD, KUSHALIYA, DASNA, GHAZIABAD",KANPUR NAGAR,Unaided - Private,N,N,1-5357103,fetchdata,2012-2013,Engineering and Technology,1,1,1,1,Uttar Pradesh,1
1-748505127,BRAHMANAND INSTITUTE OF RESEARCH TECHNOLOGY AND MANAGEMENT," MOHHMAD KARIMPUR(DHANKAR-KHABRA ROAD ) VILLAGE- MOHHMAD KARIMPUR(DHANKAR)
TEHSIL-KHURJA",BULANDSHAHAR,Unaided - Private,N,N,1-446229391,fetchdata,2012-2013,Engineering and Technology,1,1,1,1,Uttar Pradesh,1
1-749755604,"DR. AMBEDKAR INSTITUTE OF TECHNOLOGY FOR HANDICAPPED, U.P., KANPUR",AWADHPURI KANPUR,KANPUR NAGAR,Govt aided,N,N,1-488288631,fetchdata,2012-2013,Engineering and Technology,1,1,1,1,Uttar Pradesh,1
1-750240032,"GOVERNMENT POLYTECHNIC,ORAI(JALAUN)","PRINCIPAL GOVERNMENT POLYTECHNIC,ORAI (JALAUN)",JALAUN,Government,N,N,1-512077921,fetchdata,2012-2013,Engineering and Technology,1,1,1,1,Uttar Pradesh,1
1-747303468,ALLAHABAD COLLEGE OF ENGINEERING AND MANAGEMENT,G.T ROAD (123 K.M FROM KANPUR/77 K.M FROM ALLAHABAD) PURIEN MOD. KHAGA,FATEHPUR,Unaided - Private,N,N,1-493887551,fetchdata,2012-2013,Engineering and Technology,1,1,1,1,Uttar Pradesh,1
1-750930825,GOVERNMENT POLYTECHNIC MIRZAPUR,"REEWA ROAD
BATHUA
MIRZAPUR",MIRZAPUR,Government,N,N,1-495532861,fetchdata,2012-2013,Engineering and Technology,1,1,1,1,Uttar Pradesh,1
1-749256089,"ARYIKA GYANMATI GOVERNMENT GIRLS POLYTECHNIC, FAIZABAD","BANBEERPUR ROAD, POST - MUMTAZNAGAR,
DISTT.- FAIZABAD",FAIZABAD,Government,Y,N,1-485792811,fetchdata,2012-2013,Engineering and Technology,1,1,1,1,Uttar Pradesh,1
1-749915764,ACME COLLEGE OF ENGINEERING,"4TH KM. STONE,GANGA CANAL ROAD,MURADNAGAR,GHAZIABAD",GHAZIABAD,Unaided - Private,N,N,1-7172221,fetchdata,2012-2013,Engineering and Technology,1,1,1,1,Uttar Pradesh,1
1-749564632,LORD KRISHNA COLLEGE OF ENGINEERING,"16KM STONE, GHAZIABAD-HAPUR ROAD, MAIN NATIONAL HIGHWAY-24, VILLAGE-CHIJARSI KULICH NAGAR, GHAZIABAD, U.P.",GHAZIABAD,Unaided - Private,N,N,1-22268581,fetchdata,2012-2013,Engineering and Technology,1,1,1,1,Uttar Pradesh,1
1-750096351,PRAYAG INSTITUTE OF TECHNOLOGY AND MANAGEMENT,"ALLAHABAD - MIRZAPUR ROAD
BENDO, KARCHHANA",ALLAHABAD,Unaided - Private,N,N,1-8548971,fetchdata,2012-2013,Engineering and Technology,1,1,1,1,Uttar Pradesh,1
1-749270872,"GOVERNMENT POLYTECHNIC , MAINPURI",AGRA ROAD MAINPURI,MAINPURI,Government,N,N,1-518660891,fetchdata,2012-2013,Engineering and Technology,1,1,1,1,Uttar Pradesh,1
1-749418012,RISHI RAMNARESH TECHNICAL INSTITUTE,"VILL+ PO - MOLANAPUR (DUBARI)
TEHSHIL MADHUBAN",MAU,Unaided - Private,N,N,1-460724781,fetchdata,2012-2013,Engineering and Technology,1,1,1,1,Uttar Pradesh,1
1-749624182,TRANSLAM INSTITUTE OF TECHNOLOGY AND MANAGEMENT,"TRANSLAM INSTITUTE OF TECHNOLOGY AND MANAGEMENT , MAWANA ROAD, RAJPURA, MEERUT (U.P.)",MEERUT,Unaided - Private,N,Y,1-6020926,fetchdata,2012-2013,Engineering and Technology,1,1,1,1,Uttar Pradesh,1
1-746496082,NARAINA VIDYA PEETH ENGINEERING & MANAGEMENT INSTITUTE,"GANGAGANJ, PANKI, KANPUR-208020 (UP) INDIA",KANPUR NAGAR,Unaided - Private,N,N,1-7058815,fetchdata,2012-2013,Engineering and Technology,1,1,1,1,Uttar Pradesh,1
1-749296672,"GOVERNMENT POLYTECHNIC, MAU","VILLAGE- KANDHERI  NEAR DOORDASHERSN KENDRA , MAU",MAU,Government,N,N,1-482121751,fetchdata,2012-2013,Engineering and Technology,1,1,1,1,Uttar Pradesh,1
1-751172404,S.K.INSTITUTE OF TECHNOLOGY AND MANAGEMENT,"SITAPUR-LAKIMPUR ROAD, BADELIYA, HARGAON, SITAPUR",SITAPUR,Unaided - Private,N,N,1-508817921,fetchdata,2012-2013,Engineering and Technology,1,1,1,1,Uttar Pradesh,1
1-751030791,CBS COLLEGE OF POLYTECHNIC,"C.B.S COLLEGE OF POLYTECHIC, VILLEGE-POIYA,PILI POKHAR, ALIGARH ROAD, AGRA-282006",AGRA,Unaided - Private,N,N,,fetchdata,2012-2013,Engineering and Technology,1,1,1,1,Uttar Pradesh,1
1-748145142,GOVERNMENT POLYTECHNIC LUCKNOW,FAIZABAD ROAD,LUCKNOW,Government,N,N,1-473905341,fetchdata,2012-2013,Engineering and Technology,1,1,1,1,Uttar Pradesh,1
1-749478960,MANYAWAR KANSHIRAM DASAIRAM POLYTECHNIC MAHUAT BARONDHA MIRZAPUR,"MAHUAT
BARONDHA",MIRZAPUR,Unaided - Private,N,N,1-518253041,fetchdata,2012-2013,Engineering and Technology,1,1,1,1,Uttar Pradesh,1
1-749187582,INSTITUTE OF TECHNOLOGY FOR WOMEN,"AL-1, SECTOR - 7
GIDA
GORAKHPUR
UTTAR PRADESH",GORAKHPUR,Unaided - Private,N,N,1-4710864,fetchdata,2012-2013,Engineering and Technology,1,1,1,1,Uttar Pradesh,1
1-749374622,EDIFY INSTITUTE OF POLYTECHNIC,"VILLAGE- SHAHZADPUR PAURI, FARAH",MATHURA,Unaided - Private,N,N,1-455563181,fetchdata,2012-2013,Engineering and Technology,1,1,1,1,Uttar Pradesh,1
1-755815255,N.C.R. TECHNICAL CAMPUS,ALIGARH,ALIGARH,Unaided - Private,N,N,1-504951451,fetchdata,2012-2013,Engineering and Technology,1,1,1,1,Uttar Pradesh,1
1-856007221,"MAHALWAR INSTITUTE OF TECHNOLOGY,","VILL. JAKHAIRA, STATION ROAD,",ALIGARH,Unaided - Private,N,N,,fetchdata,2012-2013,Engineering and Technology,1,1,1,1,Uttar Pradesh,1
1-814303343,VIIT POLYTECHNIC COLLEGE,"VIIT CAMPUS, G.T. ROAD, SUNHERA, BULANDSHAHR U.P.",BULANDSHAHAR,Unaided - Private,N,N,1-510933341,fetchdata,2012-2013,Engineering and Technology,1,1,1,1,Uttar Pradesh,1
1-825415153,APOORVA INSTITUTE OF TECHNOLOGY,"VILLAGE AND POST MIRZAPUR POLE,THASIL BEHAT",SAHARANPUR,Unaided - Private,N,N,1-485089711,fetchdata,2012-2013,Engineering and Technology,1,1,1,1,Uttar Pradesh,1
1-482629801,MAHARAJA AGRASEN POLYTECHNIC COLLEGE,VILLAGE & POST : DAYANATPUR DISTRICT : GAUTAM BUDH NAGAR (U.P.),G B NAGAR,Unaided - Private,N,N,,fetchdata,2012-2013,Engineering and Technology,1,1,1,1,Uttar Pradesh,1
