institute_id,institute_name,address,district,institution_type,women_only,minority,parent_id,method,year,program,level,institutiontype,Women,Minority,state,course
1-3508455905,RAJIV GANDHI COLLEGE OF ENGINEERING AND RESEARCH,"WANADONGRI, HINGNA ROAD, NAGPUR",NAGPUR,Unaided - Private,N,N,1-8926061,fetchdata,2018-2019,Engineering and Technology,1,1,1,1,Maharashtra,1
1-3508457039,BRAHMDEVDADA MANE POLYTECHNIC,"SOLAPUR-MANGALWEDHA-KOLHAPUR HIGHWAY, A/P.- BELATI, TAL.-NORTH SOLAPUR, DIST.-SOLAPUR",SOLAPUR,Unaided - Private,N,N,1-407330281,fetchdata,2018-2019,Engineering and Technology,1,1,1,1,Maharashtra,1
1-3508457597,ADV. V. R. MANOHAR INSTITUTE OF DIPLOMA IN MEDICAL LABORATORY  TECHNOLOGY,"R-2, ELECTRONIC ZONE, M.I.D.C. NILDOH, HINGNA ROAD, NAGPUR",NAGPUR,Govt aided,N,N,1-451673051,fetchdata,2018-2019,Engineering and Technology,1,1,1,1,Maharashtra,1
1-3508482940,SIPNA COLLEGE OF ENGINEERING & TECHNOLOGY,"SIPNA CAMPUS, INFRONT OF NEMANI GODOWN, BADNERA ROAD,
AMRAVATI",AMRAVATI,Unaided - Private,N,N,1-2945121,fetchdata,2018-2019,Engineering and Technology,1,1,1,1,Maharashtra,1
1-3508483866,MKSSS'S CUMMINS COLLEGE OF ENGINEERING FOR WOMEN,"MOUJE SUKLI (GUPCHUP), TAL. HINGNA",NAGPUR,Unaided - Private,Y,N,1-10217584,fetchdata,2018-2019,Engineering and Technology,1,1,1,1,Maharashtra,1
1-3507992581,GURUKUL EDUCATION SOCIETY'S INSTITUTE OF ENGINEERING & TECHNOLOGY,"SURVEY NO.34/1/B &34/2,AT- PHULENAGAR,POST NANDGAON  TAL-NANDGAON, DIST-NASHIK",NASHIK,Unaided - Private,N,N,1-816340371,fetchdata,2018-2019,Engineering and Technology,1,1,1,1,Maharashtra,1
1-3507992883,A. P. SHAH INSTITUTE OF TECHNOLOGY,"SURVEY NO. 12, OPP. HYPERCITY MALL, KASARVADAVALI, GHODBUNDER ROAD, THANE (W) - 400615",THANE,Unaided - Private,N,Y,1-1524174547,fetchdata,2018-2019,Engineering and Technology,1,1,1,1,Maharashtra,1
1-3508496438,ASHOKRAO MANE POLYTECHNIC,"GAT NO.113 A, NH4, PUNE-BENGALURU HIGHWAY",KOLHAPUR,Unaided - Private,N,N,1-454734055,fetchdata,2018-2019,Engineering and Technology,1,1,1,1,Maharashtra,1
1-3508497198,SF'S SANDIP INSTITUTE OF TECHNOLOGY AND RESEARCH CENTRE,"TRIMBAK ROAD, MAHIRAVANI, NASHIK - 422213, MAHARASHTRA",NASHIK,Unaided - Private,N,N,1-2942871,fetchdata,2018-2019,Engineering and Technology,1,1,1,1,Maharashtra,1
1-3508520670,GOVERNMENT POLYTECHNIC MIRAJ,"NEAR MAJI SAINIK VASAHAT VIDYANAGAR, MIRAJ",SANGLI,Government,N,N,1-453002861,fetchdata,2018-2019,Engineering and Technology,1,1,1,1,Maharashtra,1
1-3508736481,"SHRI AMBABAI TALIM SANSTHA'S SANJAY BHOKRE GROUP OF INSTITUTES, MIRAJ.","TILAKNAGAR,
POST-WANLESSWADI,",SANGLI,Unaided - Private,N,N,1-13181371,fetchdata,2018-2019,Engineering and Technology,1,1,1,1,Maharashtra,1
1-3508738504,JAWAHAR EDUCATION SOCIETY'S A. C. PATIL COLLEGE OF ENGINEERING,"PLOT NO. 17, SECTOR 4, KHARGHAR, 
NAVI MUMBAI 410210",MUMBAI SUBURBAN,Unaided - Private,N,N,1-32561901,fetchdata,2018-2019,Engineering and Technology,1,1,1,1,Maharashtra,1
1-3508811134,SIDDHANT COLLEGE OF ENGINEERING,"GAT NO. 131
VILLAGE : SUDUMBARE, TALEGAON CHAKAN ROAD, TALUKA : MAVAL, DISTRICT : PUNE - 412109",PUNE,Unaided - Private,N,Y,1-3836111,fetchdata,2018-2019,Engineering and Technology,1,1,1,1,Maharashtra,1
1-3508457729,SHRI SAI INSTITUTE OF TECHNOLOGY,"PLOT NO. P-75, BEHIND GARWARE POLYESTER LTD., MIDC, CHIKALTHANA, AURANGABAD",AURANGABAD,Unaided - Private,N,N,1-483703601,fetchdata,2018-2019,Engineering and Technology,1,1,1,1,Maharashtra,1
1-3508459131,SANJEEVAN ENGINEERING & TECHNOLOGY INSTITUTE,"SANJEEVAN KNOWLEDGE CITY, SOMWAR PETH, TAL. PANHALA, DIST. KOLHAPUR. PIN 416201",KOLHAPUR,Unaided - Private,N,N,1-8019451,fetchdata,2018-2019,Engineering and Technology,1,1,1,1,Maharashtra,1
1-3508459910,ADITYA ENGINEERING COLLEGE,TELGAON ROAD BEED,BEED,Unaided - Private,N,N,1-40425501,fetchdata,2018-2019,Engineering and Technology,1,1,1,1,Maharashtra,1
1-3508484391,SHRI PRINCE SHIVAJI MARATHA BOARDING HOUSE'S NEW POLYTECHNIC,"R.S. NO. 264, SHANTI NAGAR, UCHAGAON, KOLHAPUR - 416005",KOLHAPUR,Unaided - Private,N,N,1-442128781,fetchdata,2018-2019,Engineering and Technology,1,1,1,1,Maharashtra,1
1-3508484904,NAVSAHYADRI EDUCATION SOCIETY'S GROUP OF INSTITUTIONS,"GAT. N0. 69,70,71, MOUJE : NAIGAON, TAL. BHOR, DIST. PUNE - 412205.",PUNE,Unaided - Private,N,N,1-3104081,fetchdata,2018-2019,Engineering and Technology,1,1,1,1,Maharashtra,1
1-3508499151,SINHGAD INSTITUTE OF TECHNOLOGY,"GAT NO.309/310, OFF MUMBAI-PUNE EXPRESSWAY, KUSGAON (BK), LONAVALA, TAL - MAVAL, DIST - PUNE",PUNE,Unaided - Private,N,N,1-5285631,fetchdata,2018-2019,Engineering and Technology,1,1,1,1,Maharashtra,1
1-3508522366,JSPM'S BHIVRABAI SAWANT POLYTECHNIC,"GAT NO.720,1&2 BAKORI PHATA PUNE-NAGAR ROAD, WAGHOLI",PUNE,Unaided - Private,N,N,1-412310651,fetchdata,2018-2019,Engineering and Technology,1,1,1,1,Maharashtra,1
1-3508741978,"MATSYODARI SHIKSHAN SANSTHA'S COLLEGE OF ENGINEERING AND TECHNOLOGY, JALNA","AURANGABAD ROAD,
NAGEWADI",JALNA,Unaided - Private,N,N,1-18902034,fetchdata,2018-2019,Engineering and Technology,1,1,1,1,Maharashtra,1
1-3508815803,TRINITY COLLEGE OF ENGINEERING & RESEARCH,"KONDHAWA-SASWAD ROAD, S. NO. 25 & 27, POST: PISOLI, POST/OFFICE: YEWALEWADI(BOPDEV GHAT), TAL: HAVELI, DIST: PUNE",PUNE,Unaided - Private,N,N,1-6066612,fetchdata,2018-2019,Engineering and Technology,1,1,1,1,Maharashtra,1
1-3508486040,"DR.RAJENDRA GODE INSTITUTE OF TECHNOLOGY AND RESEARCH,AMRAVATI","UNIVERSITY MARDI ROAD, OPP.HEART HOSPITAL,AMRAVATI",AMRAVATI,Unaided - Private,N,N,1-10295521,fetchdata,2018-2019,Engineering and Technology,1,1,1,1,Maharashtra,1
1-3508487198,SHREE KAPILDHARA POLYTECHNIC,"S.NO. 231, AT POST WAKI, KAWNAI ROAD, TAHSIL IGATPURI",NASHIK,Unaided - Private,N,N,1-505713481,fetchdata,2018-2019,Engineering and Technology,1,1,1,1,Maharashtra,1
1-3508488479,SASMIRA'S INSTITUTE OF MAN-MADE TEXTILES,"SASMIRA, OFF SASMIRA MARG, WORLI, DR. ANNIE BESANT ROAD, MUMBAI - 400030",MUMBAI CITY,Govt aided,N,N,1-783046151,fetchdata,2018-2019,Engineering and Technology,1,1,1,1,Maharashtra,1
1-3507993355,MAULANA AZAD POLYTECHNIC,"603/4, NEW PACCHA  PETH, ASHOK CHOWK",SOLAPUR,Unaided - Private,N,Y,1-1357746137,fetchdata,2018-2019,Engineering and Technology,1,1,1,1,Maharashtra,1
1-3508500924,"SHRI SHIVAJI VIDYA PRASARAK SANSTHA'S LATE BAPUSAHEB SHIVAJIRAO DEORE COLLEGE OF ENGINEERING, DHULE","SHRI SHIVAJI VIDYA PRASARAK SANSTHA'S LATE BAPUSAHEB SHIVAJIRAO DEORE COLLEGE OF ENGINEERING, VIDYANAGARI, DEOPUR, DHULE (MS)-424 005",DHULE,Unaided - Private,N,N,1-10074451,fetchdata,2018-2019,Engineering and Technology,1,1,1,1,Maharashtra,1
1-3508501807,YASHWANTRAO CHAVAN SCHOOL OF RURAL DEVELOPMENT,SHIVAJI UNIVERSITY VIDYANAGAR KOLHAPUR,KOLHAPUR,Govt aided,N,N,1-2200341561,fetchdata,2018-2019,Engineering and Technology,1,1,1,1,Maharashtra,1
1-3508523355,SHIVAJIRAO S JONDHLE POLYTECHNIC,OPP ASANGAON RLY STATION ASANGAON NEAR GURUDWARA,THANE,Unaided - Private,N,N,1-460597801,fetchdata,2018-2019,Engineering and Technology,1,1,1,1,Maharashtra,1
1-3508523841,DR. A.D.SHINDE INSTITUTE OF TECHNOLOGY,"GUDDAI, A/P BHADGAON, TAL. GADHINGLAJ, DIST. KOLHAPUR",KOLHAPUR,Unaided - Private,N,N,1-451985031,fetchdata,2018-2019,Engineering and Technology,1,1,1,1,Maharashtra,1
1-3508743875,USHA MITTAL INSTITUTE OF TECHNOLOGY,"S.N.D.T WOMEN'S UNIVERSITY, 
SIR VITHAL DAS VIHAR, SANTACRUZ(W),
MUMBAI",MUMBAI CITY,University Managed-Govt,Y,N,1-41838661,fetchdata,2018-2019,Engineering and Technology,1,1,1,1,Maharashtra,1
1-3508836438,ANJANYA POLYTECHNIC COLLEGE,"KHASARA NO 165/2 , 165/2/1,165/3/1 MAUZA KHAIRLANGI TASHIL. TUSAMAR DISTRIC : BHANDARA",BHANDARA,Unaided - Private,N,N,1-3351449281,fetchdata,2018-2019,Engineering and Technology,1,1,1,1,Maharashtra,1
1-3508836598,"BAJAJ INSTITUTE OF TECHNOLOGY,","ARVI ROAD, IN FRONT OF RAMKRISHNA BAJAJ AGRICULTURE COLLEGE, 
PIPRI - WARDHA",WARDHA,Unaided - Private,N,Y,1-3352520511,fetchdata,2018-2019,Engineering and Technology,1,1,1,1,Maharashtra,1
1-3508460942,"MATOSHRI COLLEGE OF ENGINEERING & RESEARCH CENTRE, NASHIK","EKLAHARE, NEAR ODHA GAON, AURANGABAD HIGHWAY,",NASHIK,Unaided - Private,N,N,1-2528171,fetchdata,2018-2019,Engineering and Technology,1,1,1,1,Maharashtra,1
1-3508461810,SANDIPANI TECHNICAL AND MEDICAL EDUCATION INSTITUTE'S SANDIPANI TECHNICAL CAMPUS - FACULTY OF ENGINEERING,"GAT NO.23, MAUJE - KOLPA, TAL. & DIST. LATUR",LATUR,Unaided - Private,N,N,1-449991893,fetchdata,2018-2019,Engineering and Technology,1,1,1,1,Maharashtra,1
1-3508462221,"BHARATI VIDYAPEETH COLLEGE OF ENGINEERING, NAVI MUMBAI","SECTOR-7, C.B.D., BELAPUR, NAVI MUMBAI-400614",THANE,Unaided - Private,N,N,1-4691071,fetchdata,2018-2019,Engineering and Technology,1,1,1,1,Maharashtra,1
1-3508502412,KBPSS-SAHYADRI POLYTECHNIC,"AT/POST. KIKAVI,
TAL. BHOR,",PUNE,Unaided - Private,N,N,1-505343821,fetchdata,2018-2019,Engineering and Technology,1,1,1,1,Maharashtra,1
1-3508745235,"GOURISHANKAR POLYTECHNIC, LIMB, SATARA","A/P LIMB, TALUKA & DIST. SATARA",SATARA,Unaided - Private,N,N,1-421836391,fetchdata,2018-2019,Engineering and Technology,1,1,1,1,Maharashtra,1
1-3508463163,H.V.P.MANDAL'S COLLEGE OF ENGINEERING & TECHNOLOGY," HANUMAN VYAYAM NAGAR,
HVPM CAMPUS  AMRAVATI-444605",AMRAVATI,Unaided - Private,N,N,1-7590971,fetchdata,2018-2019,Engineering and Technology,1,1,1,1,Maharashtra,1
1-3507977070, BRAHMA VALLEY COLLEGE OF ENGINEERING  AND REASERACH INSTITUTE,"BRAHMA VALLEY CAMPUS,ANJANERI, TRIMBAKESHWAR.",NASHIK,Unaided - Private,N,N,1-3359847,fetchdata,2018-2019,Engineering and Technology,1,1,1,1,Maharashtra,1
1-3507977691,"MAEER'S MIT COLLEGE OF RAILWAY ENGINEERING AND RESEARCH, BARSHI","LATUR ROAD,  MIDC JAMGAON, BARSHI",SOLAPUR,Unaided - Private,N,N,1-2869521941,fetchdata,2018-2019,Engineering and Technology,1,1,1,1,Maharashtra,1
1-3508502736,"NAGARJUNA INSTITUTE OF ENGINEERING, TECHNOLOGY & MANAGEMENT","KHASRA NO.27, 32B, VILLAGE SATNAVRI, AMRAVATI RAOD, NAGPUR",NAGPUR,Unaided - Private,N,N,1-3204361,fetchdata,2018-2019,Engineering and Technology,1,1,1,1,Maharashtra,1
1-3508503223,"P.R.PATIL INSTITUTE OF POLYTECHNIC & TECH.,","SUR. NO 533/3, ARVI ROAD, TALEGAON(SP) TQ. ASHTI DIST. WARDHA",WARDHA,Unaided - Private,N,N,1-459282671,fetchdata,2018-2019,Engineering and Technology,1,1,1,1,Maharashtra,1
1-3508504595,"SND COLLEGE OF ENGINEERING & RESEARCH CENTER, BABHULGAON","A/P BABHULGAON TAL. YEOLA DIST. NASHIK
STATE MAHARASHTRA
PIN CODE-423401",NASHIK,Unaided - Private,N,N,1-3396281,fetchdata,2018-2019,Engineering and Technology,1,1,1,1,Maharashtra,1
1-3508463984,D Y PATIL EDUCATION SOCIETY'S D Y PAIL TECHNICAL CAMPUS FACULTY OF ENGINEERING AND FACULTY OF MANAGEMENT TALSANDE KOLHAPUR,"TALSANDE ,
TQ ""HATKANGALE KOLHAPUR",KOLHAPUR,Unaided - Private,N,N,1-456228303,fetchdata,2018-2019,Engineering and Technology,1,1,1,1,Maharashtra,1
1-3508465004,"MATOSHRI AASARABAI POLYTECHNIC,EKLAHARE","EKLAHARE NEAR AURANGABAD HIGHWAY, ODHAGAON,TAL NASHIK",NASHIK,Unaided - Private,N,N,1-421103811,fetchdata,2018-2019,Engineering and Technology,1,1,1,1,Maharashtra,1
1-3507977989,DR. A. D. SHINDE COLLEGE OF ENGINEERING,"GUDDAI
A/P: BHADGAON
TAL: GADHINGLAJ
DIST : KOLHAPUR",KOLHAPUR,Unaided - Private,N,N,1-2183608891,fetchdata,2018-2019,Engineering and Technology,1,1,1,1,Maharashtra,1
1-3507978319,SHRI MUKUNDRAO PANNASE POLYTECHNIC,"K.NO 42, PH.62 AT MAUZA MONDHA, PANJARI, HINGANA, NAGPUR.",NAGPUR,Unaided - Private,N,N,1-522894761,fetchdata,2018-2019,Engineering and Technology,1,1,1,1,Maharashtra,1
1-3508489273,"POTDAR FOUNDATION TALODA,POTDAR POLYTECHNIC, PATNE, MALEGAON, NASHIK","NEAR KALAVATI DEVI TEMPLE,SAYGAON.TAL-MALEGAON DIST-NASHIK",NASHIK,Unaided - Private,N,N,1-484758993,fetchdata,2018-2019,Engineering and Technology,1,1,1,1,Maharashtra,1
1-3508506057,MET'S INSTITUTE OF ENGINEERING,"BHUJBAL KNOWLEDGE CITY, ADGAON",NASHIK,Unaided - Private,N,N,1-4441835,fetchdata,2018-2019,Engineering and Technology,1,1,1,1,Maharashtra,1
1-3508749308,"GOVERNMENT COLLEGE OF ENGINEERING, CHANDRAPUR","BALLARPUR BYPASS, BABUPETH, OPP. PRASANNA PETROL PUMP CHANDRAPUR-442 403  MAHARASHTRA",CHANDRAPUR,Government,N,N,1-8194771,fetchdata,2018-2019,Engineering and Technology,1,1,1,1,Maharashtra,1
1-3508822535,"SHRI VILE PARLE KELAVANI MANDAL'S INSTITUTE OF TECHNOLOGY, DHULE","SURVEY NO. 499/1, PLOT NO. 2, BEHIND GURUDWARA, MUMBAI âAGRA HIGHWAY, DHULE 424001",DHULE,Unaided - Private,N,Y,1-3377525821,fetchdata,2018-2019,Engineering and Technology,1,1,1,1,Maharashtra,1
1-3508467042,SHANKARRAO DHAWAD POLYTECHNIC,"RAJIV NAGAR, SOMALWADA, WARDHA ROAD, NAGPUR",NAGPUR,Unaided - Private,N,N,1-447854691,fetchdata,2018-2019,Engineering and Technology,1,1,1,1,Maharashtra,1
1-3508467722,VASANTRAO MORE POLYTECHNIC,"TEHU,
TALUKA-PAROLA",JALGAON,Unaided - Private,N,N,1-437657381,fetchdata,2018-2019,Engineering and Technology,1,1,1,1,Maharashtra,1
1-3507978807,"COLLEGE OF ENGINEERING & TECHNOLOGY, NORTH MAHARASHTRA KNOWLEDGE CITY, JALGAON",GAT NO. 166 BAMBHORI TAL. DHARANGAON DIST.  JALGAON,JALGAON,Unaided - Private,N,N,1-456316141,fetchdata,2018-2019,Engineering and Technology,1,1,1,1,Maharashtra,1
1-3507979341,SHREE SANTKRUPA INSTITUTE OF ENGINEERING & TECHNOLOGY,"A/P:-GHOGAON
(SHIVAJINAGAR)
TAL:-KARAD
DIST:-SATARA",SATARA,Unaided - Private,N,N,1-458668021,fetchdata,2018-2019,Engineering and Technology,1,1,1,1,Maharashtra,1
1-3508489895,ABHAYSINHRAJE BHONSLE INSTITUTE OF TECHNOLOGY (POLYTECHNIC),"A/P-SHAHUNAGAR-SHENDRE
TAL & DIST-SATARA",SATARA,Unaided - Private,N,N,1-467432523,fetchdata,2018-2019,Engineering and Technology,1,1,1,1,Maharashtra,1
1-3508506933,M B E SOCIETY'S COLLEGE OF ENGINEERING AMBAJOGAI,"MOREWADI, NEAR YESHWANTRAO CHAVAN CIRCLE, AMBAJOGAI,
TQ:AMBAJOGAI, DIST: BEED (MS)-431517",BEED,Unaided - Private,N,N,1-4969921,fetchdata,2018-2019,Engineering and Technology,1,1,1,1,Maharashtra,1
1-3508507656,SAU.SUNDARBAI MANIK ADSUL POLYTECHNIC,"AT-CHAS, CHAS-NIMBLAK BYPASS ROAD, AHMEDNAGAR.",AHMEDNAGAR,Unaided - Private,N,N,1-430212481,fetchdata,2018-2019,Engineering and Technology,1,1,1,1,Maharashtra,1
1-3508525661,"GOVERNMENT POLYTECHNIC , RATNAGIRI","NEAR THIBAW PALACE , RATNAGIRI.",RATNAGIRI,Government,N,N,1-455597101,fetchdata,2018-2019,Engineering and Technology,1,1,1,1,Maharashtra,1
1-3508749911,"GOVERNMENT COLLEGE OF ENGINEERING ,JALGAON(M.S.)","NH-6,OPPOSITE TO DIC OFFICE,JALGAON -425002
MAHARASHTRA",JALGAON,Government,N,N,1-5025816,fetchdata,2018-2019,Engineering and Technology,1,1,1,1,Maharashtra,1
1-3508750572, ASHOK INSTITUTE OF ENGINEERING AND TECHNOLOGY,"ASHOKNAGAR TAL. SHRIRAMPUR, DIST. AHMEDNAGAR",AHMEDNAGAR,Unaided - Private,N,N,1-478378551,fetchdata,2018-2019,Engineering and Technology,1,1,1,1,Maharashtra,1
1-3508752043,"POOJYA SANE GURUJI VIDYA PRASARAK MANDAL'S D. N. PATEL COLLEGE OF ENGINEERING, SHAHADA","POOJYA SANE GURUJI VIDYA PRASARAK MANDAL'S D. N. PATEL COLLEGE OF ENGINEERING, SHAHADA, DIST : NANDURBAR , MAHARASHTRA STATE, 
PIN : 425409.",NANDURBAR,Unaided - Private,N,Y,1-2022661,fetchdata,2018-2019,Engineering and Technology,1,1,1,1,Maharashtra,1
1-3508823681,GRAMIN COLLGE OF ENGIEERING,"GRAMIN COLLEGE OF ENGINEERNG , VISHNUPURI NANDED",NANDED,Unaided - Private,N,N,1-3354212561,fetchdata,2018-2019,Engineering and Technology,1,1,1,1,Maharashtra,1
1-3508470563,"GOEVRNMENT POLYTECHNIC, WASHIM","RISOD ROAD, LAKHALA, WASHIM, DIST:WASHIM",WASHIM,Government,N,N,1-500353381,fetchdata,2018-2019,Engineering and Technology,1,1,1,1,Maharashtra,1
1-3507980459,"TRINITY POLYTECHNIC, PUNE","S.NO.25 & 27, KONDHAWA-SASWAD ROAD, NEAR BOPDEV GHAT, PUNE",PUNE,Unaided - Private,N,N,1-2064632551,fetchdata,2018-2019,Engineering and Technology,1,1,1,1,Maharashtra,1
1-3508526347,JMCT POLYTECHNIC NASHIK,"WADALA ROAD , WADALA NASHIK",NASHIK,Unaided - Private,N,Y,1-430193881,fetchdata,2018-2019,Engineering and Technology,1,1,1,1,Maharashtra,1
1-3508752542,"GOVERNMENT COLLEGE OF ENGINEERING, KARAD","VIDYANAGAR, KARAD-415124
DIST: SATARA, MAHARASHTRA",SATARA,Government,N,N,1-8833781,fetchdata,2018-2019,Engineering and Technology,1,1,1,1,Maharashtra,1
1-3508471099,"GOVERNMENT POLYTECHNIC, ARVI","DEURWADA ROAD, ARVI DIST-WARDHA",WARDHA,Government,N,N,1-465680953,fetchdata,2018-2019,Engineering and Technology,1,1,1,1,Maharashtra,1
1-3508471854,"NASHIK DISTRICT MARATHA VIDYA PRASARAK SAMAJ'S  KARMAVEER BABURAO GANPATRAO THAKARE COLLEGE OF ENGINEERING, NASHIK","UDOJI MARATHA BOARDING CAMPUS, NEAR PUMPING STATION, GANGAPUR ROAD, NASHIK-422013, MAHARASHTRA",NASHIK,Unaided - Private,N,N,1-3565901,fetchdata,2018-2019,Engineering and Technology,1,1,1,1,Maharashtra,1
1-3507980874,PRIYADARSHINI BHAGWATI  COLLEGE OF ENGINEERING,"HARPUR NAGAR, UMRER ROAD, NAGPUR - 440009",NAGPUR,Unaided - Private,N,Y,1-5931571,fetchdata,2018-2019,Engineering and Technology,1,1,1,1,Maharashtra,1
1-3508508863,"KDK NAGPUR POLYTECHNIC,NAGPUR","GREAT NAG ROAD,
JAGNADE SQUARE,
NANDANWAN",NAGPUR,Unaided - Private,N,N,1-445302991,fetchdata,2018-2019,Engineering and Technology,1,1,1,1,Maharashtra,1
1-3508509728,NBN SINHGAD TECHNICAL INSTITUTES CAMPUS,"10/1 AMBEGAON (BK), TALUKA HAVELI, DIST. PUNE 411041",PUNE,Unaided - Private,N,N,1-461491971,fetchdata,2018-2019,Engineering and Technology,1,1,1,1,Maharashtra,1
1-3508511443,MATOSHRI PRATISHTHAN'S VISHWABHARTI POLYTECHNIC INSTITUTE,JIJAU NAGAR NANDED LATUR HIGHWAY KHUPSARWADI POST VISHNUPURI NANDED,NANDED,Unaided - Private,N,N,1-437494331,fetchdata,2018-2019,Engineering and Technology,1,1,1,1,Maharashtra,1
1-3508526649,R. C. PATEL INSTITUTE OF TECHNOLOGY,"NEAR NIMZARI NAKA,SHAHADA ROAD, SHIRPUR",DHULE,Unaided - Private,N,Y,1-14601229,fetchdata,2018-2019,Engineering and Technology,1,1,1,1,Maharashtra,1
1-3508753310,SARASWATI INSTITUTE OF TECHNOLOGY,"PLOT-46/46A, BEHIND MSEB SUB STATION, SECT-5, NEAR UTSAV CHOWK, KHARGHAR",RAIGAD,Unaided - Private,N,N,1-419619921,fetchdata,2018-2019,Engineering and Technology,1,1,1,1,Maharashtra,1
1-3507981960,SHRI SAI COLLEGE OF ENGINEERING,"GUT NO. 80, PADDARI VILLAGE, TAL. AURANGABAD, DIST. AURANGABAD,",AURANGABAD,Unaided - Private,N,N,1-34182281,fetchdata,2018-2019,Engineering and Technology,1,1,1,1,Maharashtra,1
1-3507982552,DR. D. Y. PATIL INSTITUTE OF ENGINEERING MANAGEMENT  RESEARCH,"SECTOR 29, PCNTDA,(RAVET), NIGDI PRADHIKARAN, PUNE
411044",PUNE,Unaided - Private,N,N,1-788052211,fetchdata,2018-2019,Engineering and Technology,1,1,1,1,Maharashtra,1
1-3508511824,"UNIVERSITY INSTITUTE OF CHEMICAL TECHNOLOGY, NORTH MAHARASHTRA UNIVERSITY, JALGAON","NORTH MAHARASHTRA UNIVERSITY, UMAVI NAGAR P. O. BOX. NO. 80, JALGAON",JALGAON,University Managed-Govt,N,N,1-28467561,fetchdata,2018-2019,Engineering and Technology,1,1,1,1,Maharashtra,1
1-3508512124,"GOVERNMENT POLYTECHNIC, OSMANABAD","TULJAPUR ROAD,
OSMANABAD",OSMANABAD,Government,N,N,1-486627323,fetchdata,2018-2019,Engineering and Technology,1,1,1,1,Maharashtra,1
1-3508449721,"MCT'S RAJIV GANDHI INSTITUTE OF TECHNOLOGY, MUMBAI","JUHU-VERSOVA LINK ROAD, VERSOVA,  ANDHERI (W),
MUMBAI-400 053",MUMBAI SUBURBAN,Unaided - Private,N,N,1-2403491,fetchdata,2018-2019,Engineering and Technology,1,1,1,1,Maharashtra,1
1-3507983321,SHREE DATTA POLYTECHNIC COLLEGE,"DATTANAGAR
416120
TAL:SHIROL
DIST:KOLHAPUR",KOLHAPUR,Unaided - Private,N,N,1-462450421,fetchdata,2018-2019,Engineering and Technology,1,1,1,1,Maharashtra,1
1-3508513006,THEEM COLLEGE OF ENGINEERING,"AT VILLAGE BETEGAON, CHILLHAR RAOD, N.H.NO.8,NEAR UNION PARK BOISAR(E) TAL - PALGHAR DIST - THANE",THANE,Unaided - Private,N,Y,1-6351267,fetchdata,2018-2019,Engineering and Technology,1,1,1,1,Maharashtra,1
1-3508759918,GURU NANAK INSTITUTE OF TECHNOLOGY,"KHASARA NO. 94, MOUZA DAHEGAON, KALMESHWAR ROAD, NAGPUR",NAGPUR,Unaided - Private,N,Y,1-7810573,fetchdata,2018-2019,Engineering and Technology,1,1,1,1,Maharashtra,1
1-3508760650,"RAJIV GANDHI COLLEGE OF ENGINEERING, RESEARCH AND TECHNOLOGY","BALLARPUR ROAD, BABUPETH",CHANDRAPUR,Unaided - Private,N,N,1-7448591,fetchdata,2018-2019,Engineering and Technology,1,1,1,1,Maharashtra,1
1-3508451069,SAMARTH POLYTECHNIC,"A/P- BEHLE, (BANGARAWADI), TAL- JUNNAR, DIST -PUNE",PUNE,Unaided - Private,N,N,1-435426767,fetchdata,2018-2019,Engineering and Technology,1,1,1,1,Maharashtra,1
1-3508451532,BHARAT RATNA INDIRA GANDHI COLLEGE OF ENGINEERING,"GAT NO 58/3, PUNE- SOLAPUR NATIONAL HIGHWAY NO. 9, NEAR SOLAPUR UNIVERSITY, KEGAON, SOLAPUR.",SOLAPUR,Unaided - Private,N,N,1-3323061,fetchdata,2018-2019,Engineering and Technology,1,1,1,1,Maharashtra,1
1-3508473838,"KARMAVEER BHAURAO PATIL POLYTECHNIC, SATARA.","GAT NO. 242/B/1
AT PANMALEWADI 
POST VARYE",SATARA,Unaided - Private,N,N,1-466046963,fetchdata,2018-2019,Engineering and Technology,1,1,1,1,Maharashtra,1
1-3508474596,ABDUL RAZZAK KALSEKAR POLYTECHNIC,"PLOT NO. 3, SECTOR 16, KHANDAGAON, THANA NAKA, NEW PANVEL",MUMBAI SUBURBAN,Unaided - Private,N,Y,1-485854731,fetchdata,2018-2019,Engineering and Technology,1,1,1,1,Maharashtra,1
1-3507984292,ST. XAVIER'S TECHNICAL INSTITUTE,"MAHIM CAUSEWAY, MAHIM(WEST), MUMBAI 400016",MUMBAI CITY,Govt aided,N,Y,1-413785501,fetchdata,2018-2019,Engineering and Technology,1,1,1,1,Maharashtra,1
1-3507984454,Y. B. PATIL POLYTECHNIC,"PCNTDA, SECTOR-29,
AKURDI",PUNE,Unaided - Private,N,N,1-434118461,fetchdata,2018-2019,Engineering and Technology,1,1,1,1,Maharashtra,1
1-3508514515,GURU SAI POLYTECHNIC,"MOUZA - DATALA, RAMNAGAR, DATALA SQUARE, TAH. & DIST. - CHANDRAPUR",CHANDRAPUR,Unaided - Private,N,N,1-467476193,fetchdata,2018-2019,Engineering and Technology,1,1,1,1,Maharashtra,1
1-3508514927,VIDARBHA INSTITUTE OF TECHNOLOGY,"VIDARBHA INSTITUTE OF TECHNOLOGY, MOUZA: UTI(BHIVAPUR),UMRER ROAD, NAGPUR",NAGPUR,Unaided - Private,N,Y,1-6190781,fetchdata,2018-2019,Engineering and Technology,1,1,1,1,Maharashtra,1
1-3508515636,SHRI CHHATRAPATI SHIVAJI MAHARAJ COLLEGE OF ENGINEERING,"SURVEY NO. 162 & 163, NAGAR KALYAN ROAD,",AHMEDNAGAR,Unaided - Private,N,N,1-451404281,fetchdata,2018-2019,Engineering and Technology,1,1,1,1,Maharashtra,1
1-3508723553,"POOJYA SANE GURUJI VIDYA PRASARAK MANDAL'S G. M. CHAUDHARI, POLYTECHNIC, SHAHADA","THE PRINCIPAL
POOJYA SANE GURUJI VIDYA PRASARAK MANDAL'S G. M. CHAUDHARI, POLYTECHNIC, SHAHADA , TAL : SHAHADA, DIST : NANDURBAR.",NANDURBAR,Unaided - Private,N,Y,1-452599631,fetchdata,2018-2019,Engineering and Technology,1,1,1,1,Maharashtra,1
1-3508452490,DKTE SOCIETY'S YASHWANTRAO CHAVAN POLYTECHNIC,"R.S.NO. 644, SANGLI ROAD, NEAR ADINATH  SOCIETY, ICHALKARANJI",KOLHAPUR,Unaided - Private,N,N,1-797101161,fetchdata,2018-2019,Engineering and Technology,1,1,1,1,Maharashtra,1
1-3508453292,AGNIHOTRI POLYTECHNIC,"NAGTHANA ROAD, NEAR BYPASS HIGHWAY, SINDI (MEGHE), WARDHA",WARDHA,Unaided - Private,N,N,1-463964011,fetchdata,2018-2019,Engineering and Technology,1,1,1,1,Maharashtra,1
1-3508475633,AURANGABAD COLLEGE OF ENGINEERING,"GAT NO 52, TULJAPUR SHIVAR,",AURANGABAD,Unaided - Private,N,N,1-6223991,fetchdata,2018-2019,Engineering and Technology,1,1,1,1,Maharashtra,1
1-3507985319,G. H. RAISONI POLYTECHNIC,"B-37/39-1, SHRADHA PARK, HINGNA-WADI LINK ROAD, NAGPUR-440028",NAGPUR,Unaided - Private,N,Y,1-462834281,fetchdata,2018-2019,Engineering and Technology,1,1,1,1,Maharashtra,1
1-3507985990,LATE VASANTDADA POLYTECHNIC,"E-2/F-3., NEW NANDANVAN,NEAR WATER TANK, NAGPUR",NAGPUR,Unaided - Private,N,N,1-467832381,fetchdata,2018-2019,Engineering and Technology,1,1,1,1,Maharashtra,1
1-3507986473,DR.D.Y.PATIL PRATISHTHAN'S CO,"R. S. NO. 865 A-WARD, SALOKHE NAGAR, KOLHAPUR",KOLHAPUR,Unaided - Private,N,N,1-2194159151,fetchdata,2018-2019,Engineering and Technology,1,1,1,1,Maharashtra,1
1-3508491221, YASHWANTRAO CHAVAN INSTITUTE OF POLYTECHNIC,"SURVEY NO. 107, 109 WASANWADI TAL. BEED",BEED,Unaided - Private,N,N,1-486351161,fetchdata,2018-2019,Engineering and Technology,1,1,1,1,Maharashtra,1
1-3508491918,MDA INSTITUTE OF POLYTECHNIC KOLPA,AT. KOLPA POST. KASARKHEDA TQ. & DIST. LATUR,LATUR,Unaided - Private,N,N,1-421236331,fetchdata,2018-2019,Engineering and Technology,1,1,1,1,Maharashtra,1
1-3508516037,"GOVERNMENT POLYTECHNIC, MALVAN","A/P: KUMBHARMATH, 
TAL: MALVAN
DIST: SINDHUDURG",SINDHUDURG,Government,N,N,1-462877831,fetchdata,2018-2019,Engineering and Technology,1,1,1,1,Maharashtra,1
1-3508770352,"MATOSHRI INSTITUTE OF TECHNOLOGY, DHANORE","SUR.NO.101/3 A, 101/2/1, DHANORE, TAL: YEOLA, DIST: NASHIK",NASHIK,Unaided - Private,N,N,1-410954021,fetchdata,2018-2019,Engineering and Technology,1,1,1,1,Maharashtra,1
1-3508453991,APURVA POLYTECHNIC,"GAT NO. 88/02,
RAWALGAON ROAD,
SELU-431503,
DIST-PARBHANI,
MAHARASHTRA",PARBHANI,Unaided - Private,N,N,1-475419225,fetchdata,2018-2019,Engineering and Technology,1,1,1,1,Maharashtra,1
1-3508476184,SHARADCHANDRAJI PAWAR POLYTECHNIC COLLEGE,"NEAR VIDEOCON COMMUNICATION LTD, BEED HIGHWAY ROAD,BHALGAON,DIST: AURANGABAD,431005",AURANGABAD,Unaided - Private,N,N,1-475136291,fetchdata,2018-2019,Engineering and Technology,1,1,1,1,Maharashtra,1
1-3507986859,DECCAN EDUCATION SOCIETYS TECHNICAL INSTITUTE,"BMCC ROAD, DECCAN GYMKHANA",PUNE,Govt aided,N,N,1-475340681,fetchdata,2018-2019,Engineering and Technology,1,1,1,1,Maharashtra,1
1-3507987089,JSPM NARHE TECHNICAL CAMPUS,"S.NO.12/2/2, 14/9, NARHE",PUNE,Unaided - Private,N,N,1-448618911,fetchdata,2018-2019,Engineering and Technology,1,1,1,1,Maharashtra,1
1-3508492344,BALASAHEB MHATRE POLYTECHNIC,"BADLAPUR(W), AT KANHOR , TALUKA AMBERNATH DIST THANE",THANE,Unaided - Private,N,N,1-450326751,fetchdata,2018-2019,Engineering and Technology,1,1,1,1,Maharashtra,1
1-3508517440,VIVA COLLEGE OF DIPLOMA ENGINEERING AND TECHNOLOGY,"AT:- BOLINJ, VIRAR(W),
401303",THANE,Unaided - Private,N,N,1-467821741,fetchdata,2018-2019,Engineering and Technology,1,1,1,1,Maharashtra,1
1-3508785407,P R POTE PATIL INSTITUTE OF ENGINEERING AND RESEARCH,"KATHORA ROAD , POTE ESTATE , MU. KATHORA,AMRAVATI",AMRAVATI,Unaided - Private,N,N,1-404262021,fetchdata,2018-2019,Engineering and Technology,1,1,1,1,Maharashtra,1
1-3508790707,SUMAN RAMESH TULSIANI TECHNICAL CAMPUS- FACULTY OF ENGINEERING,"GAT NO. 81,82,91,92,94,97,99,101,102 &
106(PART)",PUNE,Unaided - Private,N,N,1-835210071,fetchdata,2018-2019,Engineering and Technology,1,1,1,1,Maharashtra,1
1-3508454589,NETAJI SUBHASHCHANDRA BOSE EDUCATION TRUST'S NETAJI POLYTECHNIC COLLEGE,"GAT NO 21/1,VILLAGE AJANG,PAROLA ROAD,N.H.6, ,DIST DHULE(M.S.)",DHULE,Unaided - Private,N,N,1-1505902131,fetchdata,2018-2019,Engineering and Technology,1,1,1,1,Maharashtra,1
1-3508478691,ALL INDIA SHRI SHIVAJI MEMORIAL SOCIETY'S INSTITUTE OF INFORMATION TECHNOLOGY,"KENNEDY ROAD, NEAR R.T.O, PUNE- 411 001",PUNE,Unaided - Private,N,N,1-5165001,fetchdata,2018-2019,Engineering and Technology,1,1,1,1,Maharashtra,1
1-3667580281,DR D Y PATIL VIDYAPEETH PUNE,"SANT TUKARAM NAGAR, PIMPRI",PUNE,Deemed University(Private),N,N,,fetchdata,2018-2019,Engineering and Technology,1,1,1,1,Maharashtra,1
1-3507988181,MGM'S COLLEGE OF ENGINEERING AND TECHNOLOGY,"AT JUNCTION NH-4,SION PANVEL EXPRESSWAY, SECTOR-18,KAMOTHE,NAVI MUMBAI.",RAIGAD,Unaided - Private,N,N,1-12120544,fetchdata,2018-2019,Engineering and Technology,1,1,1,1,Maharashtra,1
1-3507989062,COLLEGE OF ENGINEERING,"SOLAPUR ROAD, OSMANABAD 413501",OSMANABAD,Unaided - Private,N,N,1-6908013,fetchdata,2018-2019,Engineering and Technology,1,1,1,1,Maharashtra,1
1-3508493170,"SHRI. SOMESHWAR  SHIKSHAN  PRASARAK MANDALS ,SOMESHWAR POLYTECHNIC COLLEGE","GAT. NO.-53,WAGHALWADI,POST-SOMESHWARNAGAR,TAL-BARAMATI,DIST-PUNE,412306",PUNE,Unaided - Private,N,N,1-433763741,fetchdata,2018-2019,Engineering and Technology,1,1,1,1,Maharashtra,1
1-3508793799,SHREE RAMCHANDRA COLLEGE OF ENGINNERING,"GUT NO-351/353, AT POST LONIKAND, TAL HAVELI, DIST PUNE.",PUNE,Unaided - Private,N,N,1-423117483,fetchdata,2018-2019,Engineering and Technology,1,1,1,1,Maharashtra,1
1-3508454948,SHREE SAMARTH POLYTECHNIC,VIDYANAGAR MHASANE PHATA,AHMEDNAGAR,Unaided - Private,N,N,1-489030201,fetchdata,2018-2019,Engineering and Technology,1,1,1,1,Maharashtra,1
1-3508455418,AJITDADA PAWAR COLLEGE OF POLYTECHNIC,"SURVEY NO. 3&6/2, SHRIRAMPUR - NEWASA ROAD,      A/P: WADALA MAHADEV;
TAL: SHRIRAMPUR;
DIST: AHMEDNAGAR",AHMEDNAGAR,Unaided - Private,N,N,1-426033711,fetchdata,2018-2019,Engineering and Technology,1,1,1,1,Maharashtra,1
1-3508479975,K. K. WAGH INSTITUTE OF ENGINEERING EDUCATION & RESEARCH,"HIRABAI HARIDAS VIDYANAGARI, AMRUTDHAM, PANCHAVATI, NASHIK",NASHIK,Unaided - Private,N,N,1-5942025,fetchdata,2018-2019,Engineering and Technology,1,1,1,1,Maharashtra,1
1-3508482465,P K TECHNICAL CAMPUS,"GAT NO. 714 ( OLD 1680)
AT: KADACHIWADI
CHAKAN, TALUKA:KHED
DISTRICT:PUNE-410501",PUNE,Unaided - Private,N,N,1-428206721,fetchdata,2018-2019,Engineering and Technology,1,1,1,1,Maharashtra,1
1-3507990288,RAJENDRA MANE COLLEGE OF ENGINEERING & TECHNOLOGY,"A/P- AMBAV, DEVRUKH,
TAL- SANGMESHWAR,
DIST- RATNAGIRI",RATNAGIRI,Unaided - Private,N,N,1-3885153,fetchdata,2018-2019,Engineering and Technology,1,1,1,1,Maharashtra,1
1-3508493524,"JAWAHAR EDUCATION SOCIETY'S INSTITUTE OF TECHNOLOGY, MANAGEMENT AND RESEARCH NASHIK","SURVE NO. 48, GOWARDHAN, GANAGPUR ROAD NASHIK.",NASHIK,Unaided - Private,N,N,1-455790931,fetchdata,2018-2019,Engineering and Technology,1,1,1,1,Maharashtra,1
1-3508494102,MAHADEVRAO WANDRE POLYTECHNIC,"SURVEY NO-80 & 77, MOUJE- WAITAKWADI TAL-CHANDGAD",KOLHAPUR,Unaided - Private,N,N,1-2067945951,fetchdata,2018-2019,Engineering and Technology,1,1,1,1,Maharashtra,1
1-3508494296,MARATHWADA INSTITUTE OF TECHNOLOGY,"BEED BYPASS,
AURANGABAD",AURANGABAD,Unaided - Private,N,N,1-7162801,fetchdata,2018-2019,Engineering and Technology,1,1,1,1,Maharashtra,1
1-3508519644,"SOLAPUR EDUCATION SOCIETY'S POLYTECHNIC, SOLAPUR","SAMRAT CHOWK, BUDHWAR PETH",SOLAPUR,Unaided - Private,N,N,1-433952121,fetchdata,2018-2019,Engineering and Technology,1,1,1,1,Maharashtra,1
1-3508731642,MET'S INSTITUTE OF TECHNOLOGY-POLYTECHNIC,BHUJBAL KNOWLEDGE CITY GAT NO.1071 ADGAON,NASHIK,Unaided - Private,N,N,1-435827191,fetchdata,2018-2019,Engineering and Technology,1,1,1,1,Maharashtra,1
1-3508732490,"SARASWATI COLLEGE OF ENGINEERING, KHARGHAR, NAVI-MUMBAI","PLOT NO-46
SECTOR-5
KHARGHAR
NAVI-MUMBAI",RAIGAD,Unaided - Private,N,N,1-1630347,fetchdata,2018-2019,Engineering and Technology,1,1,1,1,Maharashtra,1
1-3508734124,K.C. COLLEGE OF ENGINEERING AND MANAGEMENT STUDIES AND RESEARCH,"NEAR SADGURU GARDEN, MITH BUNDER ROAD, KOPRI, THANE(E",THANE,Unaided - Private,N,Y,1-15514691,fetchdata,2018-2019,Engineering and Technology,1,1,1,1,Maharashtra,1
1-3508806823,MARATHWADA MITRA MANDAL'S INSTITUTE OF TECHNOLOGY,"S. NO. 35, PLOT NO. 5/6, LOHGAON, PUNE -411032",PUNE,Unaided - Private,N,N,1-9847593,fetchdata,2018-2019,Engineering and Technology,1,1,1,1,Maharashtra,1
1-3508537776,DR. R. N. LAHOTI POLYTECHNIC SULTANPUR,"JALNA ROAD SULTANPUR, TQ. LONAR, DIST. BULDANA",BULDHANA,Unaided - Private,N,N,1-475435423,fetchdata,2018-2019,Engineering and Technology,1,1,1,1,Maharashtra,1
1-3508538167,SAI POLYTECHNIC,"MAUZA-KINHI(J),
POST-DAHEGAON,TA-RALEGAON,
DIST-YAVATMAL.",YAVATMAL,Unaided - Private,N,N,1-399082231,fetchdata,2018-2019,Engineering and Technology,1,1,1,1,Maharashtra,1
1-3508581147,SHRI. SHIVAJIRAO DESHMUKH INSTITUTE OF TECHNOLOGY,"AT/POST- RED, SHIRALA, TAL- SHIRALA, DIST- SANGLI PIN-415408",SANGLI,Unaided - Private,N,N,1-477659611,fetchdata,2018-2019,Engineering and Technology,1,1,1,1,Maharashtra,1
1-3508582630,KRUSHNAJI PURUSHOTTAM CHOUSALKAR YOGESHWARI POLYTECHNIC,"S.NO.92, BEHIND YOGESHWARI COLLEGE, NAGZARI ROAD,
AMBAJOGAI.",BEED,Unaided - Private,N,N,1-511604771,fetchdata,2018-2019,Engineering and Technology,1,1,1,1,Maharashtra,1
1-3508582919,AL-AMEEN EDUCATIONAL & MEDICAL FOUNDATION'S COLLEGE OF ENGINEERING & MANAGEMENT STUDIES,"PIMPLE JAGTAP ROAD,SHARAD CAMPUS",PUNE,Unaided - Private,N,Y,1-7386063,fetchdata,2018-2019,Engineering and Technology,1,1,1,1,Maharashtra,1
1-3508607363,K.B.S.S'S.VAIRAG.R.R.POLYTECHNIC HASEGAON(K) TQ-KALLAM DIST-OSMANABAD.,A/P-HASEGAON(K).TQ-KALLAM. DIST-OSMANABAD.STATE-MAHARASHTRA.,OSMANABAD,Unaided - Private,N,N,1-494480521,fetchdata,2018-2019,Engineering and Technology,1,1,1,1,Maharashtra,1
1-3508631255,LATE.JULALSING MANGTU COLLEGE OF ENGINEERING {DIPLOMA},25/A PATNADEVI ROAD VALTHAN,JALGAON,Unaided - Private,N,N,1-449922591,fetchdata,2018-2019,Engineering and Technology,1,1,1,1,Maharashtra,1
1-3508632546,DHARAMPETH POLYTECHNIC,"NEAR AMBAZARI GARDEN, NORTH AMBAZARI ROAD, NAGPUR",NAGPUR,Unaided - Private,N,N,1-475206581,fetchdata,2018-2019,Engineering and Technology,1,1,1,1,Maharashtra,1
1-3508632900,"MARATHWADA INSTITUTE OF TECHNOLOGY,AURANGABAD",BEED BY PASS ROAD,AURANGABAD,Unaided - Private,N,N,1-421178451,fetchdata,2018-2019,Engineering and Technology,1,1,1,1,Maharashtra,1
1-3508645360,LAXMINARAYAN INSTITUTE OF TECHNOLOGY,"OPP. BHARAT NAGAR, AMRAVATI ROAD",NAGPUR,University Managed-Govt,N,N,1-536924901,fetchdata,2018-2019,Engineering and Technology,1,1,1,1,Maharashtra,1
1-3508646667,INTERNATIONAL CENTRE OF EXCELLENCE IN ENGINEERING & MANAGEMENT,"GUT NO- 4, OPPOSIT BAJAJ AUTO LTD. ,IN FRONT OF  MIDC FILTERATION  PLANT AURANGABAD - PUNE HIGHWAY,",AURANGABAD,Unaided - Private,N,N,1-455939013,fetchdata,2018-2019,Engineering and Technology,1,1,1,1,Maharashtra,1
1-3508672077,BHARATI VIDYAPEETH'S JAWAHARLAL NEHRU INSTITUTE OF TECHNOLOGY,"PUNE SATARA ROAD, DHANKAWADI",PUNE,Unaided - Private,N,N,1-414751622,fetchdata,2018-2019,Engineering and Technology,1,1,1,1,Maharashtra,1
1-3508672761,RAJHIV GANDHI POLYTECHNIC COLLEGE MARKHEL,"AT,MARKHEL TQ.DEGLOOR",NANDED,Unaided - Private,N,N,1-812225461,fetchdata,2018-2019,Engineering and Technology,1,1,1,1,Maharashtra,1
1-3508699671,VIDYAVARDHINI INSTITUTE OF TECHNOLOGY,"A/P-PAL, TAL-BHUDARGAD,
DIST-KOLHAPUR,
PIN-416209.",KOLHAPUR,Unaided - Private,N,N,1-467753611,fetchdata,2018-2019,Engineering and Technology,1,1,1,1,Maharashtra,1
1-3508539989,VIDYA NIKETAN COLLEGE OF ENGINEERING,"GAT NO. 670, VIDYANAGARI, PUNE- NASHIK ROAD, AT POST- BOTA, TAL-SANGAMNER, DIST- AHMEDNAGAR",AHMEDNAGAR,Unaided - Private,N,N,1-791148811,fetchdata,2018-2019,Engineering and Technology,1,1,1,1,Maharashtra,1
1-3508540464,"VIVEKANAND EDUCATION SOCIETY'S POLYTECHNIC,SITASAONGI","AT+PO-SITASAONGI,TAH-TUMSAR,DISTT.-BHANDARA(M.S)",BHANDARA,Unaided - Private,N,N,1-467599631,fetchdata,2018-2019,Engineering and Technology,1,1,1,1,Maharashtra,1
1-3508554450,VPM'S MAHARSHI PARSHURAM COLLEGE OF ENGINEERING,"AT.POST. VELNESHWAR,
HEDVAI - PALSHET ROAD",RATNAGIRI,Unaided - Private,N,N,1-612895941,fetchdata,2018-2019,Engineering and Technology,1,1,1,1,Maharashtra,1
1-3508555123,G V ACHARYA INSTITUTE OF ENGINEERING AND TECHNOLOGY,"VERACHARYA TECHNICAL EDUCATION CAMPUS,  OPP. SHELU SUBURBAN RAILWAY STATION, SHELU/DAMAT,",RAIGAD,Unaided - Private,N,N,1-15804431,fetchdata,2018-2019,Engineering and Technology,1,1,1,1,Maharashtra,1
1-3508555543,BHARATI VIDYAPEETH INSTITUTE OF TECHNOLOGY,"SECTOR-7, C.B.D., BELPADA, OPP. KHARGHAR RAILWAY STATION, NAVI MUMBAI",THANE,Unaided - Private,N,N,1-401936901,fetchdata,2018-2019,Engineering and Technology,1,1,1,1,Maharashtra,1
1-3508583429,"BALAGHAT POLYTECHNIC,RUDDHA-AHMEDPUR","NANDED-LATUR HIGHWAY ROAD, RUDDHA-AHMEDPUR",LATUR,Unaided - Private,N,N,1-496120531,fetchdata,2018-2019,Engineering and Technology,1,1,1,1,Maharashtra,1
1-3508583836,G.H. RAISONI INSTITUTE OF ENGINEERING & TECHNOLOGY,"GAT NO. 1200, DOMKHEL ROAD, WAGHOLI",PUNE,Unaided - Private,N,Y,1-1630281,fetchdata,2018-2019,Engineering and Technology,1,1,1,1,Maharashtra,1
1-3508609552,DR. MANOJ  A. SHETE COLLEGE OF ENGINEERING AND TCHNOLOGY,AT POST KASARA S. NO. 11(OLD 88) TAL. SHAHAPUR DIST. THANE,THANE,Unaided - Private,N,N,1-456075541,fetchdata,2018-2019,Engineering and Technology,1,1,1,1,Maharashtra,1
1-3508675222,SHRIMAN BHAUSAHEB ZADBUKE INSTITUTE OF POLYTECHNIC,"GAT NO. 280,282,273,275,276 , AT.- PURI POST-GHARI",SOLAPUR,Unaided - Private,N,N,1-460091841,fetchdata,2018-2019,Engineering and Technology,1,1,1,1,Maharashtra,1
1-3508700230,ACHARYA SHRIMANANRAYAN POLYTECHNIC,"ARVI ROAD, 
PIPRI,
WARDHA.",WARDHA,Govt aided,N,Y,1-409528191,fetchdata,2018-2019,Engineering and Technology,1,1,1,1,Maharashtra,1
1-3508700668,RAMRAO ADIK INSTITUTE OF TECHNOLOGY,"DR D. Y. PATIL, VIDYANAGAR, SECTOR 7, NERUL",THANE,Unaided - Private,N,N,1-4274281,fetchdata,2018-2019,Engineering and Technology,1,1,1,1,Maharashtra,1
1-3508703842,INDIRA COLLEGE OF ENGINEERING & MANAGEMENT,"SR. NO. 64 AND 65,
GAT NO. 276,
AT POST PARANDWADI, TAL- MAVAL,
DIST- PUNE. 410506",PUNE,Unaided - Private,N,N,1-7372541,fetchdata,2018-2019,Engineering and Technology,1,1,1,1,Maharashtra,1
1-3508540789,SHRI SHIVAJI POLYTECHNIC INSTITUTE,WASMAT ROAD,PARBHANI,Unaided - Private,N,N,1-478264351,fetchdata,2018-2019,Engineering and Technology,1,1,1,1,Maharashtra,1
1-3508542245,N.B.S. INSTITUTE OF POLYTECHNIC,"S.NO.  225/B,225/C,225/D,225/E/6,225/5,233
NEAR POWER HOUSE, AUSA â 413 520 
DIST. LATUR (M.S.)",LATUR,Unaided - Private,N,Y,1-458678271,fetchdata,2018-2019,Engineering and Technology,1,1,1,1,Maharashtra,1
1-3508556236,ADITYA POLYTECHNIC BEED,TELGOAN ROAD,BEED,Unaided - Private,N,N,1-509206951,fetchdata,2018-2019,Engineering and Technology,1,1,1,1,Maharashtra,1
1-3508556531,"IDEMI, MUMBAI","S.T. TOPE MARG, SION, CHUNABHATTI (E)",MUMBAI CITY,Government,N,N,1-839862281,fetchdata,2018-2019,Engineering and Technology,1,1,1,1,Maharashtra,1
1-3508557768,"SAHYADRI POLYTECHNIC, SAWARDE","A/P SAWARDE WAHAL PHATA, TECHNICAL CAMPUS,",RATNAGIRI,Unaided - Private,N,N,1-423856851,fetchdata,2018-2019,Engineering and Technology,1,1,1,1,Maharashtra,1
1-3508558217,MAHARASHTRA INSTITUTE OF POLYTECHNIC,"CHOUGAN PHATA,ARMORI ROAD,BETALA",CHANDRAPUR,Unaided - Private,N,N,1-451910481,fetchdata,2018-2019,Engineering and Technology,1,1,1,1,Maharashtra,1
1-3508585719,K. E. SOCIETY'S RAJARAMBAPU INSTITUTE OF TECHNIOLOGY(POLYTECHNIC) LOHAGAON PUNE,"S.NO-35/4,VADAGAON SHINDE ROAD LOHAGAON ,TAL:- HAVELI,DIST:- PUNE.",PUNE,Unaided - Private,N,N,1-424572491,fetchdata,2018-2019,Engineering and Technology,1,1,1,1,Maharashtra,1
1-3508610316,"GOVERNMENT POLYTECHNIC, NANDED","VEER SAWARKAR MARG, BABA NAGAR,",NANDED,Government,N,N,1-503069261,fetchdata,2018-2019,Engineering and Technology,1,1,1,1,Maharashtra,1
1-3508610649,CSMSS CHH. SHAHU COLLEGE OF ENGINEERING,"KANCHANWADI, PAITHAN ROAD,
AURANGABAD",AURANGABAD,Unaided - Private,N,N,1-1450081741,fetchdata,2018-2019,Engineering and Technology,1,1,1,1,Maharashtra,1
1-3508611204,"NAGAON EDUCATION SOCIETY,S GANGAMAI POLYTECHNIC, NAGAON, DHULE",AT & POST NAGAON TAL & DIST DHULE,DHULE,Unaided - Private,N,N,1-462905091,fetchdata,2018-2019,Engineering and Technology,1,1,1,1,Maharashtra,1
1-3508634153,"CHHATRAPATI SHAHU MAHARAJ SHIKSHAN SANSTHA,C.S.M.S.S COLLEGE OF POLYTECHNIC","C.S.M.S.S COLLEGE OF POLYTECHNIC,
KANCHANWADI, PAITHAN ROAD, AURANGABAD",AURANGABAD,Unaided - Private,N,N,1-450637101,fetchdata,2018-2019,Engineering and Technology,1,1,1,1,Maharashtra,1
1-3508675657,"SHREEYASH PRATISHTHAN'S SHREEYASH POLYTECHNIC, AURANGABAD.","GUT NO. 258(P), SATARA TANDA, AURANGABAD-431005 DIST: AURANGABAD MAHARASHTRA",AURANGABAD,Unaided - Private,N,N,1-449988223,fetchdata,2018-2019,Engineering and Technology,1,1,1,1,Maharashtra,1
1-3508676124,RAJ LAXMI FOUNDATION'S  SAHAKAR MAHARSHI RAJARAM BAPU PATIL POLYTECHNIC INSTITUTE,"GAT NO. 190/2 , MADADGAON (TAKALI-KAJI), TAL & DIST AHMEDNAGAR.",AHMEDNAGAR,Unaided - Private,N,N,1-473977601,fetchdata,2018-2019,Engineering and Technology,1,1,1,1,Maharashtra,1
1-3508705161,ANURADHA POLYTECHNIC,"ANURADHA NAGAR,
SAKEGAON ROAD,
CHIKHLI",BULDHANA,Unaided - Private,N,N,1-457154461,fetchdata,2018-2019,Engineering and Technology,1,1,1,1,Maharashtra,1
1-3508707580,P.L.GOVERNMENT POLYTECHNIC,"P.L.GOVERNMENT POLYTECHNIC,AUSA ROAD,LATUR",LATUR,Government,N,N,1-1497017841,fetchdata,2018-2019,Engineering and Technology,1,1,1,1,Maharashtra,1
1-3508543845,SHRI SHIVAJI INSTITUTE OF ENGINEERING AND MANAGEMENT STUDIES,VASMAT ROAD,PARBHANI,Unaided - Private,N,N,1-3929271,fetchdata,2018-2019,Engineering and Technology,1,1,1,1,Maharashtra,1
1-3508558737,WAINGANGA POLYTECHNIC,"NAGZIRA ROAD, SAKOLI",BHANDARA,Unaided - Private,N,N,1-2047379791,fetchdata,2018-2019,Engineering and Technology,1,1,1,1,Maharashtra,1
1-3508611751,MAEER'S MIT POLYTECHNIC,"S/NO:124, EX-SERVICEMAN COLONY, MIT CAMPUS, PAUD ROAD KOTHRUD PUNE.",PUNE,Unaided - Private,N,N,1-419545563,fetchdata,2018-2019,Engineering and Technology,1,1,1,1,Maharashtra,1
1-3508613506,PIMPRI CHINCHWAD POLYTECHNIC,"SECTOR 26, PRADHIKARAN, NIGDI, PUNE, 411044",PUNE,Unaided - Private,N,N,1-441996501,fetchdata,2018-2019,Engineering and Technology,1,1,1,1,Maharashtra,1
1-3508649722,GHARDA FOUNDATION'S GHARDA INSTITUTE OF TECHNOLOGY,"AT & POST:LAVEL, TALUKA: KHED, DISTRICT. RATNAGIRI, MAHARASHTRA, PIN: 415 708.",RATNAGIRI,Unaided - Private,N,N,1-5277521,fetchdata,2018-2019,Engineering and Technology,1,1,1,1,Maharashtra,1
1-3508676642,DR. VITHALRAO VIKHE PATIL COLLEGE OF ENGINEERING AHMEDNAGAR,"P.O.- M I D C ,
VILAD GHAT ,
AHMEDNAGAR 414111
MAHARASHTRA",AHMEDNAGAR,Unaided - Private,N,N,1-2389691,fetchdata,2018-2019,Engineering and Technology,1,1,1,1,Maharashtra,1
1-3508677769,SIR VISVESVARAYA INSTITUTE OF TECHNOLOGY,"A/P: CHINCHOLI, TALUKA: SINNAR, DIST: NASHIK, MAHARASHTRA 422101",NASHIK,Unaided - Private,N,N,1-19640842,fetchdata,2018-2019,Engineering and Technology,1,1,1,1,Maharashtra,1
1-3508708410,"SHRI DADASAHEB GAWAI CHARITABLE TRUST, VIKRAMSHILA POLYTECHNIC","VIKRAMSHILA POLYTECHNIC,DARAPUR
TQ. DARYAPUR,DIST. AMRAVATI
PIN: 444814",AMRAVATI,Unaided - Private,N,N,1-421143073,fetchdata,2018-2019,Engineering and Technology,1,1,1,1,Maharashtra,1
1-3508560687,"PRIYADARSHINI INSTITUTE OF ENGINEERING AND TECHNOLOGY,NAGPUR.","KHASRA NO 1/1 A, 1909/12C NEAR CRPF CAMPUS , MOUZA SHIVANGAON,  NAGPUR",NAGPUR,Unaided - Private,N,Y,1-5340141,fetchdata,2018-2019,Engineering and Technology,1,1,1,1,Maharashtra,1
1-3508561766,DR. BAPUJI SALUNKHE INSTITUTE OF ENGINEERING AND TECHNOLOGY,"2130, E WARD, TARABAI PARK",KOLHAPUR,Unaided - Private,N,N,1-396064271,fetchdata,2018-2019,Engineering and Technology,1,1,1,1,Maharashtra,1
1-3508562455,"DNYANESHWAR POLYTECHNIC, BHANASHIVARE","AT POST BHANASHIVARE, TAL-NEWASA",AHMEDNAGAR,Unaided - Private,N,N,1-453861811,fetchdata,2018-2019,Engineering and Technology,1,1,1,1,Maharashtra,1
1-3508614080,VISHWANIKETAN'S INSTITUTE OF MANAGEMENT ENTREPRENEURSHIP AND ENGINEERING TECHNOLOGY (I MEET),"SURVEY NO. 52 KUMBHIVALI, ON MUMBAI-PUNE EXPRESSWAY, NEAR KHALAPUR TOLL NAKA ,TAL-KHALAPUR, DIST- RAIGAD",RAIGAD,Unaided - Private,N,N,1-1455436001,fetchdata,2018-2019,Engineering and Technology,1,1,1,1,Maharashtra,1
1-3508614609,DR BABASAHEB AMBEDKAR TECHNOLOGICAL UNIVERSITY INSTITUTE OF PETROCHEMICAL ENGINEERING,"A/P LONERE,
TAL - MANGAON,
DIST - RAIGAD",RAIGAD,Govt aided,N,N,1-479638061,fetchdata,2018-2019,Engineering and Technology,1,1,1,1,Maharashtra,1
1-3508634794,DEOGIRI INSTITUTE OF ENGINEERING AND MANAGEMENT STUDIES,"DEOGIRI COLLEGE CAMPUS, STATION ROAD, AURANGABAD",AURANGABAD,Unaided - Private,N,N,1-3928641,fetchdata,2018-2019,Engineering and Technology,1,1,1,1,Maharashtra,1
1-3508636781,SHRI SHIVAJI SHIKSHAN PRASARAK MANDAL  POLYTECHNIC,"823/I, KARMAVEER  NAGAR, BARSHI.",SOLAPUR,Unaided - Private,N,N,1-460807441,fetchdata,2018-2019,Engineering and Technology,1,1,1,1,Maharashtra,1
1-3508650792,SAMARTH SAMAJ S.H.JONDHALE POLYTECHNIC,"SHASTRI NAGAR
OPP.RAILWAY
STATION
DOMBIVALI WEST",THANE,Unaided - Private,N,N,1-414224371,fetchdata,2018-2019,Engineering and Technology,1,1,1,1,Maharashtra,1
1-3508678820,D. Y. PATIL SCHOOL OF ENGINEERING ACADEMY,"SR. NO. 124 & 126, A/P AMBI, TALEGAON DABHADE, TQ. MAVAL, DIST. PUNE",PUNE,Unaided - Private,N,N,1-775019991,fetchdata,2018-2019,Engineering and Technology,1,1,1,1,Maharashtra,1
1-3508679522,ARVIND GAVALI COLLEGE OF ENGINEERING,"GAT NO. 247, PANMALEWADI, POST - VARYE,",SATARA,Unaided - Private,N,N,1-4210711,fetchdata,2018-2019,Engineering and Technology,1,1,1,1,Maharashtra,1
1-3508563957,RENAISSANCE POLYTECHNIC  CHANDRAPUR,DATALA NEW CHANDRAPUR,CHANDRAPUR,Unaided - Private,N,N,1-1502020421,fetchdata,2018-2019,Engineering and Technology,1,1,1,1,Maharashtra,1
1-3508615303,SHIKSHAN PRASARAK MANDAL'S POLYTECHNIC,"KUMATHE, NEAR AIR PORT, HOTAGI ROAD",SOLAPUR,Unaided - Private,N,N,1-429694481,fetchdata,2018-2019,Engineering and Technology,1,1,1,1,Maharashtra,1
1-3508615660,COLLEGE OF ENGINEERING,"HADAPSAR-MANJARI  ROAD,
MANJARI BK.",PUNE,Unaided - Private,N,N,1-4257884,fetchdata,2018-2019,Engineering and Technology,1,1,1,1,Maharashtra,1
1-3508637093,SANMATI ENGINEERING COLLEGE,"SURVEY NO. 40
WASHIM-MALEGAON ROAD
AT. PO. SAWARGAON BARDE",WASHIM,Unaided - Private,N,Y,1-3640401,fetchdata,2018-2019,Engineering and Technology,1,1,1,1,Maharashtra,1
1-3508651536,"GOVERNMENT POLYTECHNIC, AMBAD.","MHADA COLONY, PACHOD ROAD, AMBAD.",JALNA,Government,N,N,1-506482491,fetchdata,2018-2019,Engineering and Technology,1,1,1,1,Maharashtra,1
1-3508651994,NUTAN COLLEGE OF ENGINEERING AND RESEARCH,"""VISHNUPURI"",TALEGAON DABHADE , TALEGAON STATION TAL MAVAL DIST PUNE",PUNE,Unaided - Private,N,N,1-413241561,fetchdata,2018-2019,Engineering and Technology,1,1,1,1,Maharashtra,1
1-3508680521,PILLAI HOC COLLEGE OF ENGINEERING AND TECHNOLOGY,"PILLAI'S HOCL EDUCATIONAL CAMPUS, RASAYANI, KHALAPUR, VIA PANVEL, RAIGAD",RAIGAD,Unaided - Private,N,Y,1-6758589,fetchdata,2018-2019,Engineering and Technology,1,1,1,1,Maharashtra,1
1-3508681342,INDIRA INSTITUTE OF DIPLOMA ENGINEERING,"A/P: SASURE-VAIRAG GAT NO. 67,DHENGALE-PATIL NAGAR TAL: BARSHI DIST: SOLAPUR",SOLAPUR,Unaided - Private,N,N,1-478133211,fetchdata,2018-2019,Engineering and Technology,1,1,1,1,Maharashtra,1
1-3508544879,"BALAGHAT ENGINEERING COLLEGE,RUDDHA","LATUR - NANDED HIGHWAY, RUDHA, AHMEDPUR, TALUKA - AHMEDPUR,DIST-LATUR (M.S.)",LATUR,Unaided - Private,N,N,1-6543583,fetchdata,2018-2019,Engineering and Technology,1,1,1,1,Maharashtra,1
1-3508565203,"PRABHAT DIPLOMA COLLEGE OF ENGINEERING, RUI","GUT NO 90,102, MOUZA RUI, TA.BRAMHAPURI, DIST.CHANDRAPUR",CHANDRAPUR,Unaided - Private,N,N,1-476678311,fetchdata,2018-2019,Engineering and Technology,1,1,1,1,Maharashtra,1
1-3508565686,SANGHAVI COLLEGE OF ENGINEERING,"GUT NO.166, VARVANDI, TALUKA: DINDORI DIST.: NASHIK",NASHIK,Unaided - Private,N,N,1-461186721,fetchdata,2018-2019,Engineering and Technology,1,1,1,1,Maharashtra,1
1-3508588132,SANDIP INSTITUE OF ENGINEERING & MANAGEMENT,"TRIMBAK ROAD, MAHIRAVANI",NASHIK,Unaided - Private,N,N,1-1545691,fetchdata,2018-2019,Engineering and Technology,1,1,1,1,Maharashtra,1
1-3508589244,SHRI CHIMASAHEB JAGDALE INSTITUTE OF TECHNOLOGY,"ATPOST NARSOBAWADI
TAL. SHIROL",KOLHAPUR,Unaided - Private,N,N,1-1500593491,fetchdata,2018-2019,Engineering and Technology,1,1,1,1,Maharashtra,1
1-3508617735,"RAMCHANDRA SANSKRITIK KRIDA MANDAL'S SHRI R.D.BHAKT POLYTECHNIC COLLEGE,JALNA","DAREGAON ROAD, JALNA",JALNA,Unaided - Private,N,N,1-475591623,fetchdata,2018-2019,Engineering and Technology,1,1,1,1,Maharashtra,1
1-3508652388,G. M. VEDAK INSTITUTE OF TECHNOLOGY,"AT POST AND TALUKA TALA, DIST RAIGAD, MAHARASHTRA",RAIGAD,Unaided - Private,N,N,1-526668681,fetchdata,2018-2019,Engineering and Technology,1,1,1,1,Maharashtra,1
1-3508681910,GOVERNMENT COLLEGE OF ENGINEERING YAVATMAL,"DHAMANGAON ROAD,YAVATMAL",YAVATMAL,Government,N,N,1-486569621,fetchdata,2018-2019,Engineering and Technology,1,1,1,1,Maharashtra,1
1-3508566302,V M INSTITUTE OF ENGINEERING & TECHNOLOGY,"WARDHA ROAD (NH-7), NEAR DONGARGOAN NAGPUR",NAGPUR,Unaided - Private,N,N,1-414725591,fetchdata,2018-2019,Engineering and Technology,1,1,1,1,Maharashtra,1
1-3508566917,"GOVERNMENT POLYTECHNIC,KHAMGAON","JALAMB ROAD, OPP. I.T.I.",BULDHANA,Government,N,N,1-493065731,fetchdata,2018-2019,Engineering and Technology,1,1,1,1,Maharashtra,1
1-3508593485,RAJIV GANDHI INSTITUTE OF POLYTECHNIC,"EDUCATIONAL AREA. GURUNATHAPPA BAVAGE KNOWLEDGE CITY, HASEGAON",LATUR,Unaided - Private,N,N,1-452140361,fetchdata,2018-2019,Engineering and Technology,1,1,1,1,Maharashtra,1
1-3508654050,PADMASHRI DR. V.B.  KOLTE   COLLEGE  OF ENGINEERING,"MALKAPUR-443 101, 
DISTT. BULDANA.",BULDHANA,Unaided - Private,N,N,1-4781081,fetchdata,2018-2019,Engineering and Technology,1,1,1,1,Maharashtra,1
1-3508656704,NUVA COLLEGE OF ENGINEERING & TECHNOLOGY,"NAGPUR KATOL HIGHWAY, KHAPRI (KOTHE), TAH. KALMESHWAR, DIST. NAGPUR",NAGPUR,Unaided - Private,N,N,1-15322531,fetchdata,2018-2019,Engineering and Technology,1,1,1,1,Maharashtra,1
1-3508682658,KALA VIDYA MANDIR INSTITUTE OF TECHNOLOGY [POLYTECHNIC],"PLOT NO. M-3 RSC 19, MHADA WORLD BANK PROJECT GAEKWAD NAGAR MALAD [WEST] MUMBAI 400095",MUMBAI SUBURBAN,Unaided - Private,N,N,1-454870201,fetchdata,2018-2019,Engineering and Technology,1,1,1,1,Maharashtra,1
1-3508710729,GOVERNMENT POLYTECHNIC ACHALPUR,AT: ACHALPUR,AMRAVATI,Government,N,N,1-398340581,fetchdata,2018-2019,Engineering and Technology,1,1,1,1,Maharashtra,1
1-3508711256,METROPOLITAN INSTITUTE OF TECHNOLOGY AND MANAGEMENT,AT VILLAGE SUKHALWAD NEAR SINDHUDURG RLY. STATION POST ORAS TAL. MALVAN DIST. SINDHDURG,SINDHUDURG,Unaided - Private,N,N,1-461064671,fetchdata,2018-2019,Engineering and Technology,1,1,1,1,Maharashtra,1
1-3508594251,M.S BIDVE ENGINEERING COLLEGE,"P.O BOX NO. 112, VASWADI, BARSHI ROAD, LATUR-413531",LATUR,Unaided - Private,N,N,1-2061292,fetchdata,2018-2019,Engineering and Technology,1,1,1,1,Maharashtra,1
1-3508595408,SANT GAJANAN MAHARAJ COLLEGE OF ENGINEERING,"SITE - CHINCHEWADI, TAL- GADHINGLAJ,",KOLHAPUR,Unaided - Private,N,N,1-773520091,fetchdata,2018-2019,Engineering and Technology,1,1,1,1,Maharashtra,1
1-3508621485,DR. N. J. PAULBUDHE INSTITUTE OF TECHNOLOGY,"SURVEY NO. 479, A/P- NARAYANDOHO, TAL, DIST- AHMEDNAGAR",AHMEDNAGAR,Unaided - Private,N,N,1-474113981,fetchdata,2018-2019,Engineering and Technology,1,1,1,1,Maharashtra,1
1-3508622813,SHRI. SHARADCHANDRA PAWAR POLYTECHNIC,"AT BHILLEWADA, TAH. & DISTT. BHANDARA.",BHANDARA,Unaided - Private,N,N,1-462880891,fetchdata,2018-2019,Engineering and Technology,1,1,1,1,Maharashtra,1
1-3508657484,SINDHUDURG SHIKSHAN PRASARAK MANDAL'S COLLEGE OF ENGINEERING,"HARKUL(BUDRUK) KANKAVLI
TAL:KANKAVLI",SINDHUDURG,Unaided - Private,N,N,1-4527041,fetchdata,2018-2019,Engineering and Technology,1,1,1,1,Maharashtra,1
1-3508660472,"VINAYAKRAO PATIL SHIKSHAN PRASARAK MANDAL'S INSTITUTE OF ENGINEERING AND TECHNOLOGY, KANNAD","GUT NO. 30, HIWARKHEDA ROAD, KANNAD, DIST AURANGABAD (MAHARASHTRA)
PIN:- 431103",AURANGABAD,Unaided - Private,N,N,1-466056241,fetchdata,2018-2019,Engineering and Technology,1,1,1,1,Maharashtra,1
1-3508683113,"ADARSH POLYTECHNIC,DHULE","155,NAKANE,NAKANE ROAD DEOPUR,DHULE (MS)",DHULE,Unaided - Private,N,N,1-1482808181,fetchdata,2018-2019,Engineering and Technology,1,1,1,1,Maharashtra,1
1-3508683589,"SWAMI VIVEKANAND POLYTECHNIC,JOLA.","AT JOLA ,  POST DEVGAON,
TQ- KAIJ,DIST- BEED,
ST- MAHARASHTRA.",BEED,Unaided - Private,N,N,1-500892721,fetchdata,2018-2019,Engineering and Technology,1,1,1,1,Maharashtra,1
1-3508713872,SHRI VYANKATESH POLYTECHNIC,YELAKELI  TH-SELOO DIST- WARDHA,WARDHA,Unaided - Private,N,N,1-492453991,fetchdata,2018-2019,Engineering and Technology,1,1,1,1,Maharashtra,1
1-3508545232,"D.Y.PATIL POLYTECHNIC,AMBI","SR. NO. 124 & 126, A/P AMBI, TALEGAON DABHADE, TAL-. MAVAL, DIST- PUNE",PUNE,Unaided - Private,N,N,1-437673521,fetchdata,2018-2019,Engineering and Technology,1,1,1,1,Maharashtra,1
1-3508569421,"DEPARTMENT OF COMPUTER SCIENCE AND IT, DR. BABASAHEB AMBEDKAR MARATHWADA UNIVERSITY, AURANGABAD.","DEPARTMENT OF COMPUTER SCIENCE AND IT, DR. BABASAHEB AMBEDKAR MARATHWADA UNIVERSITY, AURANGABAD.
(MS) - INDIA",AURANGABAD,University Managed-Govt,N,N,1-785757044,fetchdata,2018-2019,Engineering and Technology,1,1,1,1,Maharashtra,1
1-3508597024,PRAVIN PATIL COLLEGE OF DIPLOMA ENGINEERING & TECHNOLOGY-,"MAHAVIDYALAYA MARG, NAVGHAR, WESTERN RAILWAY-BHAYANDAR(E)",THANE,Unaided - Private,N,N,1-466263861,fetchdata,2018-2019,Engineering and Technology,1,1,1,1,Maharashtra,1
1-3508623273,BABASAHEB PHADTARE POLYTECHNIC,"SR.NO.40/1KALAMB-WALCHANDNAGAR, TALUKA - INDAPUR, DISTRICT - PUNE",PUNE,Unaided - Private,N,N,1-425517941,fetchdata,2018-2019,Engineering and Technology,1,1,1,1,Maharashtra,1
1-3508623700,"RAMRAO NIKAM POLYTECHNIC COLLEGE, INDOLI","A/P-INDOLI TAL-KARAD, DIST-SATARA",SATARA,Unaided - Private,N,N,1-455325061,fetchdata,2018-2019,Engineering and Technology,1,1,1,1,Maharashtra,1
1-3508639521,MATA MAHAKALI POLYTECHNIC,"BYE PASS ROAD,WARORA",CHANDRAPUR,Unaided - Private,N,N,1-474573111,fetchdata,2018-2019,Engineering and Technology,1,1,1,1,Maharashtra,1
1-3508661472,DR. ARUN MOTGHARE POLYTECHNIC,KOSRA-KONDHA,BHANDARA,Unaided - Private,N,N,1-420011951,fetchdata,2018-2019,Engineering and Technology,1,1,1,1,Maharashtra,1
1-3508662685,SAIKRUPA POLYTECHNIC,SURVEY NO.244 GHARGAON TAH SHRIGONDA DIST. AHAMDANAGAR,AHMEDNAGAR,Unaided - Private,N,N,1-476653971,fetchdata,2018-2019,Engineering and Technology,1,1,1,1,Maharashtra,1
1-3508685120,"VASANTRAO NAIK INSTITUTE OF TECHNOLOGY,VASARNI,NANDED","GUT NO 24,VASARNI,NANDED",NANDED,Unaided - Private,N,N,1-463299131,fetchdata,2018-2019,Engineering and Technology,1,1,1,1,Maharashtra,1
1-3508716881,SANTOSH N. DARADE POLYTECHNIC,"AT POST BABHULGAON, TAL.YEOLA, DIST.NASIK",NASHIK,Unaided - Private,N,N,1-425567771,fetchdata,2018-2019,Engineering and Technology,1,1,1,1,Maharashtra,1
1-3508528082,SHATABDI INSTITUTE OF ENGINEERING & RESEARCH,"AT POST : AGASKHIND,
VIA : DEOLALI CAMP-BHAGUR,
TAL. SINNAR, DIST : NASHIK
PIN : 422 502",NASHIK,Unaided - Private,N,Y,1-2558181,fetchdata,2018-2019,Engineering and Technology,1,1,1,1,Maharashtra,1
1-3508624555,"LOKNETE MA. HANMANTRAO PATIL CHARITABLE TRUST, VITA, ADARSH INSTITUTE OF TECHNOLOGY(POLYTECHNIC), VITA","GAT.NO.421, KHABALE (BHALAVNI), VITA, KHANAPUR, SANGLI",SANGLI,Unaided - Private,N,N,1-478111381,fetchdata,2018-2019,Engineering and Technology,1,1,1,1,Maharashtra,1
1-3508640302,"GENBA SOPANRAO MOZE TRUST'S PARVATIBAI GENBA MOZE COLLEGE OF ENGINEERING,WAGHOLI, PUNE","GAT NO. 2181, WAGHOLI, TAL. HAVELI, DIST. PUNE",PUNE,Unaided - Private,N,N,1-10190374,fetchdata,2018-2019,Engineering and Technology,1,1,1,1,Maharashtra,1
1-3508663157,"SHARAD INSTITUTE OF TECHNOLOGY, POLYTECHNIC, YADRAV","GAT NO. 476/A, JAY-SANGLI NAKA, YADRAV-ICHALKARANJI, TAL- SHIROL,DIST - KOLHAPUR",KOLHAPUR,Unaided - Private,N,N,1-415341911,fetchdata,2018-2019,Engineering and Technology,1,1,1,1,Maharashtra,1
1-3508664818,"GOVERNMENT POLYTECHNIC,BEED","NEAR KHANDESHWARI TEMPLE,NATHAPUR ROAD",BEED,Government,N,N,1-477730261,fetchdata,2018-2019,Engineering and Technology,1,1,1,1,Maharashtra,1
1-3508687322,PANKAJ LADDHAD INSTITUTE OF TECHNOLOGY AND MANAGEMENT STUDIES,"CHIKHLI ROAD, YELGAON, BULDANA",BULDHANA,Unaided - Private,N,N,1-5372125,fetchdata,2018-2019,Engineering and Technology,1,1,1,1,Maharashtra,1
1-3508530422,GOVINDRAO WANJARI COLLEGE OF ENGINEERING & TECHNOLOGY,"148-149, SALAI GODHANI, NEAR CHIKNA VILLAGE, HUDKESHWAR ROAD, NAGPUR",NAGPUR,Unaided - Private,N,N,1-4776561,fetchdata,2018-2019,Engineering and Technology,1,1,1,1,Maharashtra,1
1-3508531491,"AVDOOT DIPLOMA COLLEGE  OF ENGINEERING,KUHI","AT-AKOLI ROAD,MOUZA BHOJAPUR,KUHI,
TAH-KUHI,
DIST-NAGPUR",NAGPUR,Unaided - Private,N,N,1-475529453,fetchdata,2018-2019,Engineering and Technology,1,1,1,1,Maharashtra,1
1-3508545913,"SHRI GULABRAO DEOKAR POLYTECHNIC, JALGAON","P B NO.113,
GAT NO.26/1,
MOHADI  SHIVAR,  JALGAON",JALGAON,Unaided - Private,N,N,1-439824195,fetchdata,2018-2019,Engineering and Technology,1,1,1,1,Maharashtra,1
1-3508570458,"SWAMI VIVEKANAD INSTITUTE OF POLYTECHNIC,LATUR","BARSHI ROAD,NEAR PVR TAKIES,MIDC,LATUR",LATUR,Unaided - Private,N,N,1-1455267131,fetchdata,2018-2019,Engineering and Technology,1,1,1,1,Maharashtra,1
1-3508570976,RAJARSHI SHAHU COLLEGE OF ENGINEERING,"NEAR PALNA GHAR, SHAHU NAGAR, SAGWAN, BULDANA",BULDHANA,Unaided - Private,N,N,1-5942801,fetchdata,2018-2019,Engineering and Technology,1,1,1,1,Maharashtra,1
1-3508641350,SHRI BALASAHEB MANE SHIKSHAN PRASARAK MANDAL ASHOKRAO MANE POLYTECHNIC,"GAT NO.475, 
AT POST- AMBAP
TALUKA-HATKANANGLE",KOLHAPUR,Unaided - Private,N,N,1-425453811,fetchdata,2018-2019,Engineering and Technology,1,1,1,1,Maharashtra,1
1-3508665111,V. J. SHINDE COLLEGE OF ENGINEERING,"GAT NO. 738, WARUDA ROAD, OSMANABAD.",OSMANABAD,Unaided - Private,N,N,1-797037901,fetchdata,2018-2019,Engineering and Technology,1,1,1,1,Maharashtra,1
1-3508665484,SARDAR PATEL COLLEGE OF ENGINEERING,"MUNSHI NAGAR,
ANDHERI(W),",MUMBAI CITY,Govt aided,N,N,1-11307927,fetchdata,2018-2019,Engineering and Technology,1,1,1,1,Maharashtra,1
1-3508690327,MAULI INSTITUTE OF TECHNOLOGY (POLYTECHNIC) AMALNER,"GUT NO 25/1/A, DHEKU ROAD, AMBASAN DHEKU,",JALGAON,Unaided - Private,N,N,1-1500823201,fetchdata,2018-2019,Engineering and Technology,1,1,1,1,Maharashtra,1
1-3508718076,"V.J.SHINDE POLYTENIC COLLEGE, OSMANABAD","VARUDA ROAD, OSMANABAD",OSMANABAD,Unaided - Private,N,N,1-524787191,fetchdata,2018-2019,Engineering and Technology,1,1,1,1,Maharashtra,1
1-3508719932,"GOVERNMENT POLYTECHNIC, KARAD","AT POST - VIDYANAGAR, KARAD.",SATARA,Government,N,N,1-441962951,fetchdata,2018-2019,Engineering and Technology,1,1,1,1,Maharashtra,1
1-3508531719,SHRI.SURESHCHANDRA DHARIWAL POLYTECHNIC,"GUT NO 86/1/2 & 86/2/1 
AT VILAGE PALASKHEDE (BK) TAL JAMNER 
DIST JALGAON 
PIN CODE 424206",JALGAON,Unaided - Private,N,Y,1-464922281,fetchdata,2018-2019,Engineering and Technology,1,1,1,1,Maharashtra,1
1-3508532301,DEPARTMENT OF CHEMICAL TECHNOLOGY,DR. BABASAHEB AMBEDKAR MARATHWADA UNIVERSITY,AURANGABAD,University Managed-Govt,N,N,1-479589481,fetchdata,2018-2019,Engineering and Technology,1,1,1,1,Maharashtra,1
1-3508547559,NAVJEEVAN EDUCATION SOCIETY'S POLYTECHNIC,"GANESH NAGAR, GANESH PATH,",MUMBAI SUBURBAN,Unaided - Private,N,N,1-425541561,fetchdata,2018-2019,Engineering and Technology,1,1,1,1,Maharashtra,1
1-3508571594,"KARMAVEER KAKASAHEB WAGH POLYTECHNIC, NASHIK","HIRABAI HARIDAS VIDYANAGARI, AMRUTDHAM, PANCHAVATI, NASHIK",NASHIK,Unaided - Private,N,N,1-451476651,fetchdata,2018-2019,Engineering and Technology,1,1,1,1,Maharashtra,1
1-3508573442,ANANTRAO PAWAR COLLEGE OF ENGINEERING & RESEARCH,"S.NO. 103 PARVATI RAMANA, SHAHU COLLEGE ROAD, PUNE 411009",PUNE,Unaided - Private,N,N,1-765361541,fetchdata,2018-2019,Engineering and Technology,1,1,1,1,Maharashtra,1
1-3508574508,GODAVARI COLLEGE OF ENGINEERING,"PLOT NO. P-51, ADDL MIDC, BHUSAWAL ROAD, DR. ULHAS PATIL NAGAR,",JALGAON,Unaided - Private,N,N,1-6138871,fetchdata,2018-2019,Engineering and Technology,1,1,1,1,Maharashtra,1
1-3508599611,KARMAYOGI POLYTECHNIC COLLEGE,"A/P. SHELVE, TAL. PANDHARPUR",SOLAPUR,Unaided - Private,N,N,1-460082281,fetchdata,2018-2019,Engineering and Technology,1,1,1,1,Maharashtra,1
1-3508600070,SHIVNERI POLYTECHIC,"A/P - KHANAPUR, TAL - JUNNAR, DIST - PUNE.410502.
MAHARASHTRA STATE.",PUNE,Unaided - Private,N,N,1-434113021,fetchdata,2018-2019,Engineering and Technology,1,1,1,1,Maharashtra,1
1-3508626679,GANGAI CHARITABLE TRUST ADARSH POLYTECHNIC,"SHERI (BK), ( KADA) TAL. ASHTI,
DIST. BEED",BEED,Unaided - Private,N,N,1-505907631,fetchdata,2018-2019,Engineering and Technology,1,1,1,1,Maharashtra,1
1-3508666229,GOVERNMENT POLYTECHNIC DHULE,"VIDYANAGARI, DEOPUR, DHULE",DHULE,Government,N,N,1-461259591,fetchdata,2018-2019,Engineering and Technology,1,1,1,1,Maharashtra,1
1-3508691975,SHRI BALASAHEB MANE SHIKSHAN PRASARAK MANDAL'S ASHOKRAO MANE GROUP OF INSTITUTIONS,"NH4, PUNE-BENGALURU HIGHWAY, VATHAR TARF VADGAON",KOLHAPUR,Unaided - Private,N,N,1-5828281,fetchdata,2018-2019,Engineering and Technology,1,1,1,1,Maharashtra,1
1-3508694051,"VAMANRAO ITAHPE POLYTECHNIC VELHALE, SANGAMNER","AP-VELHALE 
TAL-SANGAMNER
DIST-AHMEDNAGAR",AHMEDNAGAR,Unaided - Private,N,N,1-457063561,fetchdata,2018-2019,Engineering and Technology,1,1,1,1,Maharashtra,1
1-3508532811,"Nagesh Karajagi Orchid College of Engineering and Technology, Solapur.","POST BOX NO. 154, GUT NO. 16, SOLAPUR-TULJAPUR ROAD, TALE HIPPARAGA, 
SOLAPUR.  TAHSIL- NORTH SOLAPUR, DIST. SOLAPUR. PIN CODE- 413 002.  MAHARASHTRA.",SOLAPUR,Unaided - Private,N,N,1-2893356,fetchdata,2018-2019,Engineering and Technology,1,1,1,1,Maharashtra,1
1-3508575270,MITTHULALJI SARDA POLYTECHNIC,NALWANDI ROAD SERVE NO. 123  BAHIRWADI,BEED,Unaided - Private,N,N,1-509138261,fetchdata,2018-2019,Engineering and Technology,1,1,1,1,Maharashtra,1
1-3508575721,"SMT.SHARCHCHANDRIKA SURESH PATIL INSTITUTE OF TECHNOLOGY (POLYTECHNIC), CHOPDA","MGSM'S CAMPUS, YAWAL ROAD, CHOPDA",JALGAON,Unaided - Private,N,N,1-460448591,fetchdata,2018-2019,Engineering and Technology,1,1,1,1,Maharashtra,1
1-3508601579,VIDYALANKAR POLYTECHNIC,"VIDYALANKAR MARG,
WADALA -EAST",MUMBAI CITY,Unaided - Private,N,N,1-449869651,fetchdata,2018-2019,Engineering and Technology,1,1,1,1,Maharashtra,1
1-3508601966,INSTITUTE OF CIVIL AND RURAL ENGINEERING,"SHRI MOUNI VIDYAPEETH, MURALIDHAR NAGAR, GARGOTI, TAL- BHUDARGAD",KOLHAPUR,Govt aided,N,N,1-439989421,fetchdata,2018-2019,Engineering and Technology,1,1,1,1,Maharashtra,1
1-3508603027,"SHRIRAM INSTITUTE OF ENGINEERING AND TECHNOLOGY(POLYTECHNIC), PANIV","AT/P - PANIV,
TAL- MALSHIRAS,
DIST - SOLAPUR",SOLAPUR,Unaided - Private,N,N,1-440681303,fetchdata,2018-2019,Engineering and Technology,1,1,1,1,Maharashtra,1
1-3508642076,IDEAL INSTITUTE OF TECHNOLOGY,"GUT NO. 40, PIMPLAJ ROAD, VILLAGE -POSHERI, TALUKA -WADA, DIST-THANA.",THANE,Unaided - Private,N,N,1-1499711421,fetchdata,2018-2019,Engineering and Technology,1,1,1,1,Maharashtra,1
1-3508643376,SHREE SANT MUKTABAI INSTITUTE OF TECHNOLOGY (POLYTECHNIC),"BHIKAMCHAND JAIN NAGAR, PIMPRALA ROAD,
P.O. BOX NO. 132, JALGAON",JALGAON,Unaided - Private,N,N,1-478403761,fetchdata,2018-2019,Engineering and Technology,1,1,1,1,Maharashtra,1
1-3508694914,"SANDIP FOUNDATION'S, SANDIP POLYTECHNIC","AT. POST MAHIRAVANI,
TRIMBAK ROAD",NASHIK,Unaided - Private,N,N,1-450955961,fetchdata,2018-2019,Engineering and Technology,1,1,1,1,Maharashtra,1
1-3508695631,GURU NANAK INSTITUTE OF ENGNEERING & TECHNOLOGY,"KHASARA NO 95, MOUZA DAHEGAON, NAGPUR",NAGPUR,Unaided - Private,N,Y,1-3882211,fetchdata,2018-2019,Engineering and Technology,1,1,1,1,Maharashtra,1
1-3508696471,SHRI TULJABHAVANI COLLEGE OF ENGINEERING,"NALDURG ROAD
TULJAPUR - 413 601
DIST- OSMANABAD
[MAHARASHTRA STATE]",OSMANABAD,Unaided - Private,N,N,1-6075381,fetchdata,2018-2019,Engineering and Technology,1,1,1,1,Maharashtra,1
1-3508722731,RASIKLAL M. DHARIWAL INSTITUTE OF TECHNOLOGY,"FATTECHAND MARG, CHINCHWADGAON",PUNE,Unaided - Private,N,Y,1-445042521,fetchdata,2018-2019,Engineering and Technology,1,1,1,1,Maharashtra,1
1-3508534027,"SHRI GULABRAO DEOKAR COLLEGE OF ENGINEERING, JALGAON","GAT(SURVEY) NO.56, P.B. NO.113, SHIRSOLI ROAD, JALGAON",JALGAON,Unaided - Private,N,N,1-8286121,fetchdata,2018-2019,Engineering and Technology,1,1,1,1,Maharashtra,1
1-3508536542,"SHIVGANGA CHARITABLE TRUST, SANGLI'S VISHVESHWARYA TECHNICAL CAMPUS, FACULTY OF DEGREE ENGINEERING, PATGAON MIRAJ.","AT / POST- PATGAON, MIRAJ-PANDHARPUR ROAD,",SANGLI,Unaided - Private,N,N,1-754526009,fetchdata,2018-2019,Engineering and Technology,1,1,1,1,Maharashtra,1
1-3508549062,MES'S RAJARAM SHINDE INSTITUTE OF ENGGINEERING AND TECHNOLOGY,"MANDAR EDUCATION SOCIETY, AT - PEDHAMBE, POST - ALORE, TAL- CHIPLUN, DIST - RATNAGIRI.",RATNAGIRI,Unaided - Private,N,N,1-427016251,fetchdata,2018-2019,Engineering and Technology,1,1,1,1,Maharashtra,1
1-3508576373,HON.SHRI BABANRAO PACHPUTE VICHARDHARA TRUST'S GROUP OF INSTITUTIONS,"A/P KASHTI,
TAL: SHRIGONDA
DIST: AHMEDNAGAR
MAHARASHTRA - 414701",AHMEDNAGAR,Unaided - Private,N,N,1-12614931,fetchdata,2018-2019,Engineering and Technology,1,1,1,1,Maharashtra,1
1-3508578247,VISHWESHWARAYYA ABHIYANTRIKI PADVIKA MAHAVIDYALAYA,DILIP NAGAR ALMALA TQ AUSA DIST LATUR,LATUR,Unaided - Private,N,N,1-404261661,fetchdata,2018-2019,Engineering and Technology,1,1,1,1,Maharashtra,1
1-3508578709,PHALTAN EDUCATION SOCIETY'S COLLEGE OF ENGINEERING,"SR. NO.31 A/P, THAKURDI, TAL PHALTAN, DIST. SATARA",SATARA,Unaided - Private,N,N,1-460099321,fetchdata,2018-2019,Engineering and Technology,1,1,1,1,Maharashtra,1
1-3508606174,CHHATRAPATI SHIVAJI MAHARAJ INSTITUTE OF TECHNOLOGY,"92A/1, OLD MUMBAI PUNE HIGHWAY, NEAR SHEDUNG TOLL NAKA,",RAIGAD,Unaided - Private,N,N,1-2189696411,fetchdata,2018-2019,Engineering and Technology,1,1,1,1,Maharashtra,1
1-3508627937,BHAGWANT INSTITUTE OF TECHNOLOGY,"GAT NUMBER â 1239/4/2,1240/4/2,1242/2, BARSHI,",SOLAPUR,Unaided - Private,N,N,1-475800583,fetchdata,2018-2019,Engineering and Technology,1,1,1,1,Maharashtra,1
1-3508629496,B.R. HARNE COLLEGE OF ENGINEERING & TECHNOLOGY,"SURVEY NO. 110/1A, 111/1,, 111/2B, 126/2,  VILLAGE - KARAV, NEAR VANGANI STATION, TAH. AMBARNATH, DIST. THANE.",THANE,Unaided - Private,N,N,1-473869761,fetchdata,2018-2019,Engineering and Technology,1,1,1,1,Maharashtra,1
1-3508643637,K. P. PATIL INSTITUTE OF TECHNOLOGY (POLYTECHNIC),A/P MUDAL TAL. BHUDARGAD DIST. KOLHAPUR,KOLHAPUR,Unaided - Private,N,N,1-1538431511,fetchdata,2018-2019,Engineering and Technology,1,1,1,1,Maharashtra,1
1-3508644210,PULGAON POLYTECHNIC,"JAWAHAR COLONY , NACHANGAON ROAD EXPRESS HIGHWAY PULGAON TAH DEOLI DIST WARDHA",WARDHA,Unaided - Private,N,N,1-474065881,fetchdata,2018-2019,Engineering and Technology,1,1,1,1,Maharashtra,1
1-3508669557,"SATARA POLYTECHNIC,SATARA","152,155 SONGAON TURF, 
NEAR NH-4,
SATARA.",SATARA,Unaided - Private,N,N,1-423150903,fetchdata,2018-2019,Engineering and Technology,1,1,1,1,Maharashtra,1
1-3508697297,SITARAMJI MUNDADA MARATHWADA POLYTECHNIC PARBHANI,KHANDOBA BAZAR PARBHANI,PARBHANI,Unaided - Private,N,N,1-480242611,fetchdata,2018-2019,Engineering and Technology,1,1,1,1,Maharashtra,1
1-3508725699,"G.H.RAISONI ACADEMY OF ENGINEERING & TECHNOLOGY, NAGPUR","37-39/1, SHRADHA PARK, HINGNA-WADI  LINK ROAD,MIDC.",NAGPUR,Unaided - Private,N,Y,1-2742801,fetchdata,2018-2019,Engineering and Technology,1,1,1,1,Maharashtra,1
1-3508549515,"ST. VINCENT PALLOTTI COLLEGE OF ENGG. & TECHNOLOGY, NAGPUR","GAVSI MANAPUR, WARDHA ROAD, NAGPUR 441108",NAGPUR,Unaided - Private,N,Y,1-8718443,fetchdata,2018-2019,Engineering and Technology,1,1,1,1,Maharashtra,1
1-3508580753,"POONA DISTRICT EDUCATION ASSOCIATION S INSTITUTE OF TECHNOLOGY, HADAPSAR","A. M. COLLEGE CAMPUS, MAHADEO NAGAR, MANJARI ROAD, HADAPSAR",PUNE,Unaided - Private,N,N,1-412785161,fetchdata,2018-2019,Engineering and Technology,1,1,1,1,Maharashtra,1
1-3508606745,SHRI BHAGUBHAI MAFATLAL POLYTECHNIC,"IRLA-JUHU RD, NATAKKAR RAM GANESH GADKARI MARG, VILE PARLE(WEST)",MUMBAI SUBURBAN,Govt aided,N,Y,1-415325881,fetchdata,2018-2019,Engineering and Technology,1,1,1,1,Maharashtra,1
1-3508671484,G. H. RAISONI POLYTECHNIC,"GAT NO. 269, NEAR SHANBAG VIDYALAY, SAVKHEDA (BK)",JALGAON,Unaided - Private,N,Y,1-415281253,fetchdata,2018-2019,Engineering and Technology,1,1,1,1,Maharashtra,1
1-3508699143,SHRI SAI INSTITUTE OF TECHNOLOGY,"GAT NO. 15/1, DEVLI/DEVGAON, 
TAL. AMALNER,
DIST. JALGAON",JALGAON,Unaided - Private,N,N,1-2499591631,fetchdata,2018-2019,Engineering and Technology,1,1,1,1,Maharashtra,1
1-3508412978,"VIDYA PRASARAK MANDAL'S POLYTECHNIC, THANE","'JANADWEEPA,' COLLEGE CAMPUS CHENDANI BUNDER ROAD, THANE (W) 400601",THANE,Unaided - Private,N,N,1-435547521,fetchdata,2018-2019,Engineering and Technology,1,1,1,1,Maharashtra,1
1-3508413535,"KDK COLLEGE OF ENGINEERING, UMRER, NAGPUR","STATE HIGHWAY NO. 9, OPP. W.C.L.,
UMRER PROJECT, UMRER,
DIST. NAGPUR, MAHARASHTRA STATE
INDIA-441204",NAGPUR,Unaided - Private,N,N,1-4429884,fetchdata,2018-2019,Engineering and Technology,1,1,1,1,Maharashtra,1
1-3508437348,"G.H. RAISONI COLLEGE OF ENGINEERING AND MANAGEMENT, AMRAVATI",ANJANGAON BARI ROAD,AMRAVATI,Unaided - Private,N,Y,1-30834321,fetchdata,2018-2019,Engineering and Technology,1,1,1,1,Maharashtra,1
1-3508438345,"SVERI'S ,COLLEGE OF ENGINEERING (POLYTECHNIC),PANDHARPUR","GOPALPUR -RANJANI ROAD, GOPALPUR, P.B. NO. 54, TAL - PANDHARPUR- 413 304,
DIST.-  SOLAPUR (MAHARASHTRA)",SOLAPUR,Unaided - Private,N,N,1-455434311,fetchdata,2018-2019,Engineering and Technology,1,1,1,1,Maharashtra,1
1-3508178934,AGNEL TECHNICAL COLLEGE (POLYTECHNIC),"FR. AGNEL ASHRAM,
BANDSTAND,
BANDRA(W)",MUMBAI SUBURBAN,Govt aided,N,Y,1-487347841,fetchdata,2018-2019,Engineering and Technology,1,1,1,1,Maharashtra,1
1-3508179097,"KARMAYOGI ENGINEERING COLLEGE, SHELVE, PANDHARPUR.","GAT NO. 124 AND 125, AP. SHELVE,
TAL. PANDHARPUR, DIST. SOLAPUR.
PIN 413304. MAHARASHTRA",SOLAPUR,Unaided - Private,N,N,1-13499321,fetchdata,2018-2019,Engineering and Technology,1,1,1,1,Maharashtra,1
1-3508202157,M.M.'S BABASAHEB GAWDE INSTITUTE OF TECHNOLOGY,"MARATHA MANDIR ANNEX,DR. A.B.NAIR ROAD,BABASAHEB,GAWDE CHOWK,MUMBAI CENTRAL,MUMBAI-400008",MUMBAI CITY,Unaided - Private,N,N,1-457121925,fetchdata,2018-2019,Engineering and Technology,1,1,1,1,Maharashtra,1
1-3508217723,KALAWATIBAI COLLEGE OF ENGG & TECH(POLY),"LALWANDI ROAD , NAIGAON(BZ)",NANDED,Unaided - Private,N,N,1-475220731,fetchdata,2018-2019,Engineering and Technology,1,1,1,1,Maharashtra,1
1-3508218002,YASHODA TECHNICAL CAMPUS SATARA,"S. N. 242/1 AT POST - WADHE, TAL DIST - SATARA",SATARA,Unaided - Private,N,N,1-467424873,fetchdata,2018-2019,Engineering and Technology,1,1,1,1,Maharashtra,1
1-3508219005,NATH NANGE BABA MULTI PURPOSE MANDAL,"AT POST- WAGHARE 
TAL.- PAROLA, DIST.-JALGAON",JALGAON,Unaided - Private,N,N,1-510643281,fetchdata,2018-2019,Engineering and Technology,1,1,1,1,Maharashtra,1
1-3508246256,K.J. SOMAIYA INSTITUTE OF ENGINEERING & INFORMATION TECHNOLOGY,"SOMAIYA AYURVIHAR COMPLEX, EVERARD NAGAR, EASTERN EXPRESS HIGHWAY,SION,",MUMBAI CITY,Unaided - Private,N,Y,1-11306504,fetchdata,2018-2019,Engineering and Technology,1,1,1,1,Maharashtra,1
1-3508246904,DEVI MAHALAXMI POLYTECHNIC COLLEGE,"MHASKAL,
NEAR GANESH TEMPLE,
TITWALA,
TAL KALYAN",THANE,Unaided - Private,N,N,1-1412925581,fetchdata,2018-2019,Engineering and Technology,1,1,1,1,Maharashtra,1
1-3508279111,GENBA SOPANRAO MOZE INSTITUTE OF TECHNOLOGY,"SERVE NO-25/1/3,
BALEWADI,HAVELI,
PUNE",PUNE,Unaided - Private,N,N,1-424568724,fetchdata,2018-2019,Engineering and Technology,1,1,1,1,Maharashtra,1
1-3508301483,DR. DY PATIL GROUP OF INSTITUTIONS (TECHNICAL CAMPUS),"DR. D. Y. PATIL KNOWELDGE CITY, S. NO. 136, CHARHOLI (BK),
VIA LOHEGAON, TAL.- HAVELI",PUNE,Unaided - Private,N,N,1-3847411,fetchdata,2018-2019,Engineering and Technology,1,1,1,1,Maharashtra,1
1-3508302277,"SHIVGANGA CHARITABLE TRUST, SANGLI'S VISHVESHWARYA TECHNICAL CAMPUS, FACULTY OF DIPLOMA ENGINEERING, PATGAON, MIRAJ.","AT/POST-PATGAON, MIRAJ-PANDHARPUR ROAD,",SANGLI,Unaided - Private,N,N,1-835070791,fetchdata,2018-2019,Engineering and Technology,1,1,1,1,Maharashtra,1
1-3508324761,JAMIA ISLAMIA ISHAATUL ULOOM JAMIA POLYTECHNIC,"MOLGI ROAD, AMLIBARI FATA",NANDURBAR,Unaided - Private,N,Y,1-448291871,fetchdata,2018-2019,Engineering and Technology,1,1,1,1,Maharashtra,1
1-3508336863,"TATYASAHEB KORE INSTITUTE OF ENGINEERING AND TECHNOLOGY (POLYTECHNIC), WARANANAGAR","A/P- WARANANAGAR, TAL- PANHALA,
DIST- KOLHAPUR",KOLHAPUR,Unaided - Private,N,N,1-2862025551,fetchdata,2018-2019,Engineering and Technology,1,1,1,1,Maharashtra,1
1-3508356788,LOKMANYA TILAK COLLEGE OF ENGINEERING,"SECTOR-4,KOPARKHAIRANE,
PLOT NO.17,18 & 19,
NAVI MUMBAI",MUMBAI CITY,Unaided - Private,N,Y,1-6317941,fetchdata,2018-2019,Engineering and Technology,1,1,1,1,Maharashtra,1
1-3508357590,BALLARPUR INSTITUTE OF TECHNOLOGY,"MAUJA BAHMNI,RAJURA ROAD, TEHSIL BALLARPUR, DISTICT CHANDRAPUR.",CHANDRAPUR,Unaided - Private,N,N,1-7963511,fetchdata,2018-2019,Engineering and Technology,1,1,1,1,Maharashtra,1
1-3508377160,DR BABASAHEB AMBEDKAR TECHNOLOGICAL UNIVERSITY LONERE,DR BABASAHEB AMBEDKAR TECHNOLOGICAL UNIVERSITY LONERE,RAIGAD,Govt aided,N,N,1-463267231,fetchdata,2018-2019,Engineering and Technology,1,1,1,1,Maharashtra,1
1-3508399488,INDO GERMAN TOOL ROOM,"P-31, MIDC, CHIKALTHANA INDUSTRIAL AREA,",AURANGABAD,Government,N,N,1-497619091,fetchdata,2018-2019,Engineering and Technology,1,1,1,1,Maharashtra,1
1-3508179628,RAJENDRA MANE POLYTECHNIC,AT AND POST AMBAV DEVRUKH TAL. SANGAMESHWAR DIST RATNAGIRI,RATNAGIRI,Unaided - Private,N,N,1-409865251,fetchdata,2018-2019,Engineering and Technology,1,1,1,1,Maharashtra,1
1-3508203603,R. V. PARANKAR COLLEGE OF ENGINEERING & TECHNOLOGY,"SURVEY NO. 116/1 MOUZA SARANGPURI, TALAO ROAD, PARANKAR WADI, TAH.- ARVI. DIST.- WARDHA(M.S.)",WARDHA,Unaided - Private,N,N,1-2515038221,fetchdata,2018-2019,Engineering and Technology,1,1,1,1,Maharashtra,1
1-3508219293,SHRI VILE PARLE KELAVANI MANDAL'S DWARKADAS J. SANGHVI COLLEGE OF ENGINEERING,"PLOT U/15, BHAKTIVEDANTA SWAMI MARG, J. V. P. D. SCHEME, VILE PARLE (WEST), MUMBAI 400 046",MUMBAI SUBURBAN,Unaided - Private,N,Y,1-12053991,fetchdata,2018-2019,Engineering and Technology,1,1,1,1,Maharashtra,1
1-3508220017,SANT TUKARAM POLYTECHNIC,"GAT NO. 354/1, VILLAGE INDORI, TAL MAVAL",PUNE,Unaided - Private,N,N,1-2083687611,fetchdata,2018-2019,Engineering and Technology,1,1,1,1,Maharashtra,1
1-3508220242,S K N SINHGAD COLLEGE OF ENGINEERING,"AT POST KORTI, TALUKA PANDHARPUR, PANDHARPUR - KARAD ROAD, DIST SOLAPUR -413304",SOLAPUR,Unaided - Private,N,N,1-6343361,fetchdata,2018-2019,Engineering and Technology,1,1,1,1,Maharashtra,1
1-3508261025,NEW HORIZON INSTITUTE OF TECHNOLOGY & MANAGEMENT,"ANAND NAGAR, KAVESAR, OFF GHODBANDAR ROAD, THANE (WEST) 400615",THANE,Unaided - Private,N,N,1-2185671511,fetchdata,2018-2019,Engineering and Technology,1,1,1,1,Maharashtra,1
1-3508261668,"MAHATMA GANDHI MISSION, MGM'S POLYTECHNIC","N-6, CIDCO, AURANGABAD. 431003",AURANGABAD,Unaided - Private,N,N,1-422740721,fetchdata,2018-2019,Engineering and Technology,1,1,1,1,Maharashtra,1
1-3508280675,G. V. ACHARYA POLYTECHNIC,"VEERACHARYA TECHNICAL EDUCATION CAMPUS,
OPP. SHELU SUBURBAN RAILWAY STATION,
SHELU/DAMAT,",RAIGAD,Unaided - Private,N,N,1-435619581,fetchdata,2018-2019,Engineering and Technology,1,1,1,1,Maharashtra,1
1-3508281208,KHANDESH COLLEGE EDUCATION SOCIETY'S COLLEGE OF ENGINEERING & INFORMATION TECHNOLOGY,"CS NO- 7480 /7323
BEHIND DIC , OFF NH-6",JALGAON,Unaided - Private,N,N,1-10038704,fetchdata,2018-2019,Engineering and Technology,1,1,1,1,Maharashtra,1
1-3508303402,JBES'S RAJIV GANDHI POLYTECHNIC,"SURYAPRAKASH SANKUL,S.NO.-108,ZIRAPWADI,PHALTAN GIRVI ROAD",SATARA,Unaided - Private,N,N,1-479296511,fetchdata,2018-2019,Engineering and Technology,1,1,1,1,Maharashtra,1
1-3508325252,PRABHAKAR PATIL EDUCATION SOCIETY'S POLYTECHNIC,"S.NO.54A, AT - BHILAVALE, POST - WAVANDHAL, TALUKA - KHALAPUR, DIST - RAIGAD. PIN - 410202",RAIGAD,Unaided - Private,N,N,1-501263641,fetchdata,2018-2019,Engineering and Technology,1,1,1,1,Maharashtra,1
1-3508325544,D.Y.PATIL COLLEGE OF ENGINEERING,"SECTOR-29,NIGDI-PRADHIKARAN,AKURDI, PUNE-411044",PUNE,Unaided - Private,N,N,1-12346111,fetchdata,2018-2019,Engineering and Technology,1,1,1,1,Maharashtra,1
1-3508327089,MAHARASHTRA INSTITUTE OF TECHNOLOGY,"NH-211,SATARA VILLAGE ROAD,",AURANGABAD,Unaided - Private,N,N,1-8344254,fetchdata,2018-2019,Engineering and Technology,1,1,1,1,Maharashtra,1
1-3508358457,PROF RAM MEGHE COLLEGE OF ENGINEERING & MANAGEMENT,"NEW EXPRESS HIGHWAY, 
BADNERA-AMRAVATI",AMRAVATI,Unaided - Private,N,N,1-8266435,fetchdata,2018-2019,Engineering and Technology,1,1,1,1,Maharashtra,1
1-3508358987,"DR. PANJABRAO DESHMUKH GIRLS POLYTECHNIC,AMRAVATI.","RURAL CAMPUS SHIVAJI NAGAR, AMRAVATI",AMRAVATI,Unaided - Private,Y,N,1-434046721,fetchdata,2018-2019,Engineering and Technology,1,1,1,1,Maharashtra,1
1-3508378148,ANJUMAN-I-ISLAM'S KALSEKAR TECHNICAL CAMPUS,"PLOT NOS. 2 & 3, SECTOR 16, KHANDAGAON, NEAR THANA NAKA",MUMBAI SUBURBAN,Unaided - Private,N,Y,1-482471901,fetchdata,2018-2019,Engineering and Technology,1,1,1,1,Maharashtra,1
1-3508379194,ALL INDIA SHRI SHIVAJI MEMORIAL SOCIETYS POLYTECHNIC,"KENNEDY ROAD, NEAR RTO,
PUNE-411001",PUNE,Unaided - Private,N,N,1-457130041,fetchdata,2018-2019,Engineering and Technology,1,1,1,1,Maharashtra,1
1-3508400129,MANAV SCHOOL OF ENGINEERING AND TECHNOLOGY,"GUT NO 1035, NAGPUR SURAT HIGHWAY NH 6, VYALA",AKOLA,Unaided - Private,N,N,1-728166611,fetchdata,2018-2019,Engineering and Technology,1,1,1,1,Maharashtra,1
1-3508417257,SMT GEETA D TATKARE POLYTECHNIC,"AT- GOVE, POST- KOLAD,  TAL-ROHA, DIST- RAIGAD",RAIGAD,Unaided - Private,N,N,1-744480121,fetchdata,2018-2019,Engineering and Technology,1,1,1,1,Maharashtra,1
1-3508444459,HON SHRI BABANRAO PACHPUTE VICHARDHRA TRUST'S PARIKRAMA POLYTECHNIC,"A/P KASHTI,
TAL: SHRIGONDA,
DIST: AHMEDNAGAR
MAHARASHTRA 414701",AHMEDNAGAR,Unaided - Private,N,N,1-456333111,fetchdata,2018-2019,Engineering and Technology,1,1,1,1,Maharashtra,1
1-3508180595,VIVA INSTITUTE OF TECHNOLOGY,"AT:- SHIRGAON, POST:- VIRAR (EAST),
TAL:- VASAI, DIST:- THANE.",THANE,Unaided - Private,N,N,1-7468271,fetchdata,2018-2019,Engineering and Technology,1,1,1,1,Maharashtra,1
1-3508181430,"GOVERNMENT RESIDENTIAL WOMEN'S POLYTECHNIC,LATUR","NEAR GOVT.COLONY ,BARSHI ROAD,LATUR-413531(M.S.)",LATUR,Government,Y,N,1-2082034331,fetchdata,2018-2019,Engineering and Technology,1,1,1,1,Maharashtra,1
1-3508203693,MAHARASHTRA POLYTECHNIC,"AT- SHENALE, POST - SOVELI, TAH- MANDANGAD",RATNAGIRI,Unaided - Private,N,N,1-2055043291,fetchdata,2018-2019,Engineering and Technology,1,1,1,1,Maharashtra,1
1-3508203959,JAMIA INSTITUTE OF ENGINEERING AND MANAGEMENT STUDIES,MOLGI ROAD,NANDURBAR,Unaided - Private,N,Y,1-5774831,fetchdata,2018-2019,Engineering and Technology,1,1,1,1,Maharashtra,1
1-3508221023,ZEAL COLLEGE OF ENGINEERING AND RESEARCH,"S. NO. 39, NARHE-DHAYARI ROAD, NARHE, PUNE-411 041.",PUNE,Unaided - Private,N,N,1-2895931,fetchdata,2018-2019,Engineering and Technology,1,1,1,1,Maharashtra,1
1-3508222625,VISHWAKARMA INSTITUTE OF TECHNOLOGY,"666, UPPER INDIRANAGAR, BIBWEWADI",PUNE,Unaided - Private,N,N,1-3514117,fetchdata,2018-2019,Engineering and Technology,1,1,1,1,Maharashtra,1
1-3508224018,ADARSH INSTITUTE OF TECHNOLOGY & RESERCH CENTRE.,"A/P:- KHAMBALE(BHA),VITA. GAT NO. 421, TAL - KHANAPUR, DIST- SANGLI, PIN- 415311",SANGLI,Unaided - Private,N,N,1-4836141,fetchdata,2018-2019,Engineering and Technology,1,1,1,1,Maharashtra,1
1-3508247590," DEPARTMENT OF TECHNOLOGY, SHIVAJI UNIVERSITY, KOLHAPUR","VIDYANAR, KOLHAPUR (MAHARASHTRA STATE)",KOLHAPUR,University Managed-Govt,N,N,1-4518485,fetchdata,2018-2019,Engineering and Technology,1,1,1,1,Maharashtra,1
1-3508248161,"SMT. PREMALATAI CHAVAN POLYTECHNIC, KARAD","271, MANGALWAR PETH, KARAD",SATARA,Unaided - Private,N,Y,1-477725151,fetchdata,2018-2019,Engineering and Technology,1,1,1,1,Maharashtra,1
1-3508248462,MIT ACADEMY OF ENGINEERING,"ALANDI(D),TAL-KHED,DIST-PUNE",PUNE,Unaided - Private,N,N,1-23111191,fetchdata,2018-2019,Engineering and Technology,1,1,1,1,Maharashtra,1
1-3508262522,VIVEKANAND EDUCATION SOCIETY'S INSTITUTE OF TECHNOLOGY,"HASHU ADVANI MEMORIAL  COMPLEX,  COLLECTOR'S COLONY, R.C. MARG, CHEMBUR, MUMBAI - 400074",MUMBAI SUBURBAN,Unaided - Private,N,Y,1-7118101,fetchdata,2018-2019,Engineering and Technology,1,1,1,1,Maharashtra,1
1-3508281983,"MARATHWADA MITRA MANDAL'S POLYTECHNIC, THERGAON, PUNE","S.NO. 4/17, SECTOR NO. 34, PCNTDA, OFF KALEWADI ROAD, THERGAON, PUNE",PUNE,Unaided - Private,N,N,1-421166773,fetchdata,2018-2019,Engineering and Technology,1,1,1,1,Maharashtra,1
1-3508283517,JAYAWANTRAO SAWANT POLYTECHNIC,"SR.NO.58,  HANDEWADI ROAD, HADAPSAR",PUNE,Unaided - Private,N,N,1-465949211,fetchdata,2018-2019,Engineering and Technology,1,1,1,1,Maharashtra,1
1-3508303666,JAYAWANTRAO SAWANT COLLEGE OF ENGINEERING,"S.NO. 58, HANDEWADI ROAD, HADAPSAR, PUNE-411028",PUNE,Unaided - Private,N,N,1-4738886,fetchdata,2018-2019,Engineering and Technology,1,1,1,1,Maharashtra,1
1-3508304630,SHRI KRISHNARAO PANDAV POLYTECHNIC,BAHADURA,NAGPUR,Unaided - Private,N,N,1-475221403,fetchdata,2018-2019,Engineering and Technology,1,1,1,1,Maharashtra,1
1-3508328090,SMT. KASHIBAI NAVALE COLLEGE OF ENGINEERING,"S.NO. 44/1, VADGAON BK., OFF SINHGAD RD., PUNE",PUNE,Unaided - Private,N,N,1-4266964,fetchdata,2018-2019,Engineering and Technology,1,1,1,1,Maharashtra,1
1-3508329894,YOGWASHISTH SHIKSHAN PRASARK MANDASL Y.S.P.'S POLYTECHNIC.,GAT NO 35 BABHALGAON TQ DIST LATUR.,LATUR,Unaided - Private,N,N,1-475761341,fetchdata,2018-2019,Engineering and Technology,1,1,1,1,Maharashtra,1
1-3508338793,VIDYA PRATISHTHAN'S POLYTECHNIC COLLEGE,"VIDYANAGARI, TARANGWADI",PUNE,Unaided - Private,N,N,1-440610371,fetchdata,2018-2019,Engineering and Technology,1,1,1,1,Maharashtra,1
1-3508339172,FABTECH TECHNICAL CAMPUS - COLLEGE OF ENGINEERING AND RESEARCH,"PANDHARPUR ROAD, GAT NO. 565/1, SANGOLA, TALUKA - SANGOLA,",SOLAPUR,Unaided - Private,N,N,1-403335391,fetchdata,2018-2019,Engineering and Technology,1,1,1,1,Maharashtra,1
1-3508359439,"SHREEYASH PRATISHTHAN'S, SHREEYASH COLLEGE OF ENGINEERING & TECHNOLOGY","GUT NO. 258, SATARA TANDA, AURANGABAD-431005
DIST: AURANGABAD
MAHARASHTRA",AURANGABAD,Unaided - Private,N,N,1-7854956,fetchdata,2018-2019,Engineering and Technology,1,1,1,1,Maharashtra,1
1-3508360614,"KAI. SAU. SUNITATAI EKNATHRAO  DHAKANE POLYTECHNIC COLLEGE,SHEVGAON","A/P:-RAKSHI
TAL:-SHEVGAON",AHMEDNAGAR,Unaided - Private,N,N,1-474299561,fetchdata,2018-2019,Engineering and Technology,1,1,1,1,Maharashtra,1
1-3508379910,GOVERNMENT POLYTECHNIC MUMBAI,"49, KHERWADI ALIYAWAR JUNG MARG, BANDRA (EAST)
MUMBAI",MUMBAI SUBURBAN,Government,N,N,1-434680011,fetchdata,2018-2019,Engineering and Technology,1,1,1,1,Maharashtra,1
1-3508381586,GOVERNMENT POLYTECHNIC SOLAPUR,"AKKALKOT ROAD 
SHANTI CHOUK
SOLAPUR",SOLAPUR,Government,N,N,1-463156901,fetchdata,2018-2019,Engineering and Technology,1,1,1,1,Maharashtra,1
1-3508417780,COLLEGE OF ENGINEERING & TECHNOLOGY,"N.H.NO 6, BABHULGAON, AKOLA",AKOLA,Unaided - Private,N,N,1-6174891,fetchdata,2018-2019,Engineering and Technology,1,1,1,1,Maharashtra,1
1-3508418765,"SHIVAJI POLYTECHNIC COLLEGE, SANGOLA","SURVEY NO.76/1,77 ,SANGOLA-JATH ROAD SANGOLA",SOLAPUR,Unaided - Private,N,N,1-462213385,fetchdata,2018-2019,Engineering and Technology,1,1,1,1,Maharashtra,1
1-3508445468,SANT GAJANAN MAHARAJ RURAL POLYTECHNIC,"SITE - CHINCHEWADI, TAL - GADHINGLAJ, DIST. KOLHAPUR",KOLHAPUR,Unaided - Private,N,N,1-457154483,fetchdata,2018-2019,Engineering and Technology,1,1,1,1,Maharashtra,1
1-3508446020,"GOVERNMENT RESIDENCE WOMEN POLYTECHNIC, TASGAON","MANE RAJURI ROAD, TASGAON",SANGLI,Government,Y,N,1-444179601,fetchdata,2018-2019,Engineering and Technology,1,1,1,1,Maharashtra,1
1-3508181711,"SHANTI EDUCATION SOCIETY'S, A.G. PATIL INSTITUTE OF TECHNOLOGY","18(2/2A), PRATAP NAGAR, SOREGAON
TAL : NORTH SOLAPUR DIST. : SOLAPUR",SOLAPUR,Unaided - Private,N,N,1-2142081,fetchdata,2018-2019,Engineering and Technology,1,1,1,1,Maharashtra,1
1-3508204911,S LATE NARAYANDAS BHAWANDAS CHHABADA INSTITUTE OF ENGG,"SURVEY NO. 259 AT & POST RIGAON, TALUKA JAOLI, DIST: SATARA- 415020",SATARA,Unaided - Private,N,N,1-6551711,fetchdata,2018-2019,Engineering and Technology,1,1,1,1,Maharashtra,1
1-3508224645,"DHOLE PATIL EDUCATION SOCIETY'S, DHOLE PATIL COLLEGE OF ENGINEERING.","1284, UBALE NAGAR, WAGHOLI, PUNE - 412207.",PUNE,Unaided - Private,N,N,1-7337111,fetchdata,2018-2019,Engineering and Technology,1,1,1,1,Maharashtra,1
1-3508249481,SHRI SAI COLLEGE OF ENGINEERING & TECHNOLOGY,"NEAR VILLAGE LONARA, NAGPUR ROAD, TAH. BHADRAWATI, DIST. CHANDRAPUR (M.S.)",CHANDRAPUR,Unaided - Private,N,N,1-34086291,fetchdata,2018-2019,Engineering and Technology,1,1,1,1,Maharashtra,1
1-3508263445,"SHRI BHAIRAVNATH NISARG MANDAL'S, DIPLOMA IN ENGINEERING & TECHNOLOGY(POLYTECHNIC)","GUT NO. 93,GEORAI TANDA, PAITHAN ROAD, AURANGABAD",AURANGABAD,Unaided - Private,N,N,1-412372851,fetchdata,2018-2019,Engineering and Technology,1,1,1,1,Maharashtra,1
1-3508263810,"SHRI SIDDHESHWAR DEVASTHAN TRUSTS,SHRI SIDDHESHWAR WOMENS POLYTECHNIC,SOLAPUR","T.P. II,PLOT NO 74,RUPA BHAVANI MANDIR ROAD,BHAVANI PETH,SOLAPUR",SOLAPUR,Unaided - Private,Y,Y,1-438785271,fetchdata,2018-2019,Engineering and Technology,1,1,1,1,Maharashtra,1
1-3508264247,"SVERI'S COLLEGE OF ENGINEERING, PANDHARPUR","P.B NO 54 GOPALPUR-RANJANI ROAD, GOPALPUR TAL.PANDHARPUR DIST.SOLAPUR 413304.",SOLAPUR,Unaided - Private,N,N,1-9554891,fetchdata,2018-2019,Engineering and Technology,1,1,1,1,Maharashtra,1
1-3508265211,SUSHGANGA POLYTECHNIC,"AT- NAIGAON, POST - KONA",YAVATMAL,Unaided - Private,N,N,1-455837081,fetchdata,2018-2019,Engineering and Technology,1,1,1,1,Maharashtra,1
1-3508284240,MANOHARBHAI PATEL INSTITUTE OF ENGINEERING & TECHNOLOGY,"N.H.6,SHAHAPUR, BHANDARA",BHANDARA,Unaided - Private,N,N,1-3103701,fetchdata,2018-2019,Engineering and Technology,1,1,1,1,Maharashtra,1
1-3508284651,PADMABHOOSHAN VASANTRAODADA PATIL INSTITUTE OF TECHNOLOGY,SANGLI TASGAON ROAD,SANGLI,Unaided - Private,N,N,1-465762081,fetchdata,2018-2019,Engineering and Technology,1,1,1,1,Maharashtra,1
1-3508340007,"GOVERNMENT POLYTECHNIC,GONDIA","FULCHUR PETH,GOREGAON ROAD,GONDIA-441601",GONDIA,Government,N,N,1-503580441,fetchdata,2018-2019,Engineering and Technology,1,1,1,1,Maharashtra,1
1-3508340295,PRIYADARSHINI COLLEGE OF ENGINEERING,"NEAR C.R.P.F. CAMPUS, HINGNA ROAD, NAGPUR",NAGPUR,Unaided - Private,N,Y,1-5435581,fetchdata,2018-2019,Engineering and Technology,1,1,1,1,Maharashtra,1
1-3508361651,"GOVERNMENT POLYTECHNIC,YAVATMAL","DHAMANGAO ROAD,YAVATMAL",YAVATMAL,Government,Y,N,1-800693881,fetchdata,2018-2019,Engineering and Technology,1,1,1,1,Maharashtra,1
1-3508382211,PILLAI COLLEGE OF ENGINEERING,"DR. K. M. VASUDEVAN PILLAIS, SECTOR 16, NEW PANVEL, NAVI MUMBAI -410206",RAIGAD,Unaided - Private,N,Y,1-5772986,fetchdata,2018-2019,Engineering and Technology,1,1,1,1,Maharashtra,1
1-3508402624,MAHARASHTRA SHIKSHAN VIKAS MANDAL LOKNETE GOPALRAOJI GULWE POLYTECHNIC,"SURVEY NO.35/1/2A,
VILHOLI,
TAL:NASHIK
DIST:NASHIK",NASHIK,Unaided - Private,N,N,1-425988481,fetchdata,2018-2019,Engineering and Technology,1,1,1,1,Maharashtra,1
1-3508419246,FLORA INSTITUTE OF TECHNOLOGY,"SR. NO.-49, 
VILLAGE - KHOPI,
TAL - BHOR,
DIST - PUNE",PUNE,Unaided - Private,N,N,1-456070991,fetchdata,2018-2019,Engineering and Technology,1,1,1,1,Maharashtra,1
1-3508448206,"ALL INDIA SHRI SHIVAJI MEMORIAL SOCIETY'S COLLEGE OF ENGINEERING, PUNE-1","KENNEDY ROAD, NEAR RTO, PUNE-411001.",PUNE,Unaided - Private,N,N,1-4279045,fetchdata,2018-2019,Engineering and Technology,1,1,1,1,Maharashtra,1
1-3508182552,"KADWA POLYTECHNIC,RAJARAM NAGAR","RAJARAM NAGAR,
TAL:DINDORI
DIST:NASHIK",NASHIK,Unaided - Private,N,N,1-445499041,fetchdata,2018-2019,Engineering and Technology,1,1,1,1,Maharashtra,1
1-3508182843,SHIVAJIRAO S JONDHALE COLLEGE OF ENGINEERING,"BEHND VENKATESH PETROL PUMP, SONARPADA, DOMBIVLI EAST, TAL- KALYAN, DIST-THANE, PIN-421 204.",THANE,Unaided - Private,N,N,1-2891714,fetchdata,2018-2019,Engineering and Technology,1,1,1,1,Maharashtra,1
1-3508205633,"M.G.M'S COLLEGE OF ENGINEERING ,NANDED","NEAR AIRPORT,HINGOLI,ROAD,NANDED-431 605",NANDED,Unaided - Private,N,N,1-15937511,fetchdata,2018-2019,Engineering and Technology,1,1,1,1,Maharashtra,1
1-3508206149,BABURAOJI TIDKE POLYTECHNIC,"S.NO. 262, VILLAGE MOUDA",NAGPUR,Unaided - Private,N,N,1-425597381,fetchdata,2018-2019,Engineering and Technology,1,1,1,1,Maharashtra,1
1-3508206436,SINHGAD ACADEMY OF ENGINEERING,"S.NO. 40, KONDHWA(BK), KONDHWA- SASWAD ROAD,
NEAR PMC OCTROI POST, PUNE-411048,
 MAHARASHTRA",PUNE,Unaided - Private,N,N,1-4676331,fetchdata,2018-2019,Engineering and Technology,1,1,1,1,Maharashtra,1
1-3508226282,KARMAVEER SHANKARRAO KALE EDUCATION SOCIETY'S  GAUTAM POLYTECHNIC INSTITUTE,"GAUTAM NAGAR, POST - KOLPEWADI, TAL. KOPARGAON",AHMEDNAGAR,Unaided - Private,N,N,1-1391096971,fetchdata,2018-2019,Engineering and Technology,1,1,1,1,Maharashtra,1
1-3508265756,PILLAI HOC POLYTECHNIC,"PILLAI'S HOCL EDUCATIONAL CAMPUS, RASAYANI, TAL KHALAPUR, VIA PANVEL, RAIGAD",RAIGAD,Unaided - Private,N,Y,1-425987621,fetchdata,2018-2019,Engineering and Technology,1,1,1,1,Maharashtra,1
1-3508330114,FR. CONCEICAO RODRIGUES COLLEGE OF ENGINEERING,"FR. AGNEL ASHRAM, BANDSTAND, BANDRA(W)",MUMBAI SUBURBAN,Unaided - Private,N,Y,1-4317814,fetchdata,2018-2019,Engineering and Technology,1,1,1,1,Maharashtra,1
1-3508342026,"DR.RAJENDRA GODE POLYTECHNIC,AMRAVATI","GHATKHED SURVEY NO.29,UNIVERSITY-MARDI ROAD,AMRAVATI",AMRAVATI,Unaided - Private,N,N,1-437094663,fetchdata,2018-2019,Engineering and Technology,1,1,1,1,Maharashtra,1
1-3508342467,SIES GRADUATE SCHOOL OF TECHNOLOGY,"SRI CHANDRASEKARENDRA SARASWATHY VIDYAPURAM, SECTOR-V, NERUL, NAVI MUMBAI",THANE,Unaided - Private,N,Y,1-2933231,fetchdata,2018-2019,Engineering and Technology,1,1,1,1,Maharashtra,1
1-3508363126,DATTA MEGHE COLLEGE OF ENGINEERING,"PLOT NO.98.P.B.15,SECTOR3,CIDCO COLONY,AIROLI,NAVI MUMBAI,400708",THANE,Unaided - Private,N,N,1-11862950,fetchdata,2018-2019,Engineering and Technology,1,1,1,1,Maharashtra,1
1-3508402987,ZEAL POLYTECHNIC,"S NO 39 NARHE ,PUNE HAVELI",PUNE,Unaided - Private,N,N,1-425603821,fetchdata,2018-2019,Engineering and Technology,1,1,1,1,Maharashtra,1
1-3508419890,MOKASHI KRISHI VIKAS PRATISHTHAN'S DADASAHEB MOKASHI POLYTECHNIC,"SURVEY NO.75/1,75/2,
RAJMACHI,SADASHIVGAD,
TAL-KARAD,
DIST-SATARA",SATARA,Unaided - Private,N,N,1-455348061,fetchdata,2018-2019,Engineering and Technology,1,1,1,1,Maharashtra,1
1-3508420174,SIDDHIVINAYAK TECHNICAL CAMPUS,"GAT NO.133,134,140
                                                  SHEGAON-KHAMGAON ROAD, 
                                                  SHIRASGAON NILE, TQ:- SHEGAON",BULDHANA,Unaided - Private,N,N,1-465030131,fetchdata,2018-2019,Engineering and Technology,1,1,1,1,Maharashtra,1
1-3508420866,SANIVANI RURAL EDUCATION SOCIETY'S  SANJIVANI COLLEGE OF ENGINEERING,"AT: SAHAJANANDNAGAR POST- SHINGNAPUR
TAL:-KOPARGAON DIST: AHMEDANAGR-423 603",AHMEDNAGAR,Unaided - Private,N,N,1-2896661,fetchdata,2018-2019,Engineering and Technology,1,1,1,1,Maharashtra,1
1-3508445000,"D.K.T.E.SOCIETY'S TEXTILE & ENGINEERING INSTITUTE, ICHALKARANJI","""RAJWADA"" POST BOX NO. 130",KOLHAPUR,Unaided - Private,N,N,1-451550371,fetchdata,2018-2019,Engineering and Technology,1,1,1,1,Maharashtra,1
1-3508184575,INSTITUTE OF TECHNOLOGY AND ENGINEERING,MALEGAON (BK),PUNE,Unaided - Private,N,N,1-454208831,fetchdata,2018-2019,Engineering and Technology,1,1,1,1,Maharashtra,1
1-3508227172,P.E.S. COLLEGE OF ENGINEERING,"UNIVERSITY ROAD, NEAR PANCHAKKI, NAGSENVANA,",AURANGABAD,Unaided - Private,N,N,1-3929261,fetchdata,2018-2019,Engineering and Technology,1,1,1,1,Maharashtra,1
1-3508230475,"C. S. INSTITUTE OF TECHNOLOGY, DEORI, DIST- GONDIA","AT-PO-TA- DEORI, CHHATRAPATI SHIVAJI CAMPUS, CHICHGADH ROAD, DEORI, DIST- GONDIA.",GONDIA,Unaided - Private,N,N,1-467928841,fetchdata,2018-2019,Engineering and Technology,1,1,1,1,Maharashtra,1
1-3508250538,NATIONAL FIRE SERVICE COLLEGE,RAJNAGAR TAKALI FEEDER ROAD  NEAR CID OFFICE,NAGPUR,Government,N,N,1-2464811091,fetchdata,2018-2019,Engineering and Technology,1,1,1,1,Maharashtra,1
1-3508250733,MAULANA MUKHTAR AHMAD NADVI TECHNICAL CAMPUS,"MANSOORA, MALEGAON-MANMAD ROAD,         P.O.BOX 144,",NASHIK,Unaided - Private,N,Y,1-756920924,fetchdata,2018-2019,Engineering and Technology,1,1,1,1,Maharashtra,1
1-3508266993,THAKUR COLLEGE OF ENGINEERING & TECHNOLOGY,"SHYAMNARAYAN THAKUR MARG, THAKUR VILLAGE, KANDIVALI             ( EAST ), MUMBAI -400101.",MUMBAI SUBURBAN,Unaided - Private,N,Y,1-5937743,fetchdata,2018-2019,Engineering and Technology,1,1,1,1,Maharashtra,1
1-3508287505,A.G.PATIL POLYTECHNIC INSTITUTE,"18/2/2A PRATAP NAGAR, OPP. SRP CAMP, VIJAPUR ROAD, SOLAPUR",SOLAPUR,Unaided - Private,N,N,1-425580821,fetchdata,2018-2019,Engineering and Technology,1,1,1,1,Maharashtra,1
1-3508306809,"BHARATI VIDYAPEETH'S INSTITUTE OF TECHNOLOGY (POLY.), A/P: PALUS, TAL:PALUS, DIST:SANGLI, MAHARASHTRA, PIN:416310","A/P:PALUS, TAL:PALUS, DIST:SANGLI",SANGLI,Unaided - Private,N,N,1-429718053,fetchdata,2018-2019,Engineering and Technology,1,1,1,1,Maharashtra,1
1-3508330757,PUNE VIDYARTHI GRIHA'S COLLEGE OF ENGINEERING AND TECHNOLOGY,"S.NO.44,VIDYANAGARI,SHIVDARSHAN,PARVATI,PUNE",PUNE,Unaided - Private,N,N,1-7640651,fetchdata,2018-2019,Engineering and Technology,1,1,1,1,Maharashtra,1
1-3508343295,"VES'S AHINSA POLYTECHNIC, DONDAICHA","DHULE ROAD DONDAICHA 425408
TAL.- SHINDHKHEDA
DIS.- DHULE",DHULE,Unaided - Private,N,N,1-404124841,fetchdata,2018-2019,Engineering and Technology,1,1,1,1,Maharashtra,1
1-3508344714, GUNAI  SHIKSHAN PRASARAK MANDAL'S RAJIV GANDHI POLYTECHNIC, UDGIR,LATUR,Unaided - Private,N,N,1-453048233,fetchdata,2018-2019,Engineering and Technology,1,1,1,1,Maharashtra,1
1-3508364211,"SWAMI VIVEKANAND INSTITUTE OF TECHNOLOGY (POLYTECHNIC), SOLAPUR","GAT NO. 16/2, SOLAPUR-BARSHI ROAD, A/P. KHED, TALUKA- NORTH SOLAPUR.",SOLAPUR,Unaided - Private,N,N,1-458405201,fetchdata,2018-2019,Engineering and Technology,1,1,1,1,Maharashtra,1
1-3508421766,DATTA MEGHE INSTITUTE OF ENGINEERING TECHNOLOGY AND RESEARCH,"SAWANGI (MEGHE)
WARDHA- 442004",WARDHA,Unaided - Private,N,N,1-6754053,fetchdata,2018-2019,Engineering and Technology,1,1,1,1,Maharashtra,1
1-3508423180,GOVERNMENT POLYTECHNIC JALNA,"GOVERNMENT POLYTECHNIC JALNA,NAGEWADI AURANGABAD ROAD JALNA.431203(M.S.)",JALNA,Government,N,N,1-804497011,fetchdata,2018-2019,Engineering and Technology,1,1,1,1,Maharashtra,1
1-3508423679,AKOLE TALUKA EDUCATION SOCIETY'S FACULTY OF POLYTECHNIC,"K G ROAD, AKOLE",AHMEDNAGAR,Unaided - Private,N,N,1-2105105891,fetchdata,2018-2019,Engineering and Technology,1,1,1,1,Maharashtra,1
1-3508440790,NANASAHEB  MAHADIK POLYTECHNIC INSTITUTE,GAT NO. 905 A/1 A/P - PETH NAKA,SANGLI,Unaided - Private,N,N,1-435886003,fetchdata,2018-2019,Engineering and Technology,1,1,1,1,Maharashtra,1
1-3508441245,XAVIER INSTITUTE OF  ENGINEERING,"MAHIM CAUSEWAY, MAHIM 
MAHIM (W), MUMBAI - 400 016",MUMBAI CITY,Unaided - Private,N,Y,1-4027961,fetchdata,2018-2019,Engineering and Technology,1,1,1,1,Maharashtra,1
1-3508185527,DR. D. Y. PATIL INSTITUTE OF TECHNOLOGY.,"OPPOSITE HINDUSTAN ANTIBIOTICS FACTORY,
SANT TUKARAM NAGAR,
PIMPRI, PUNE. 
(MAHARASHTRA) PIN-411018",PUNE,Unaided - Private,N,N,1-3858524,fetchdata,2018-2019,Engineering and Technology,1,1,1,1,Maharashtra,1
1-3508228507,YASHWANTRAO BHONSALE POLYTECHNIC,"A/P CHARATHE (VAZARWADI) 
TAL. SAWANTWADI
DIST. SINDHUDURG",SINDHUDURG,Unaided - Private,N,N,1-2051471401,fetchdata,2018-2019,Engineering and Technology,1,1,1,1,Maharashtra,1
1-3508228673,"DR. BABASAHEB AMBEDKAR COLLEGE OF ENGINEERING AND RESEARCH,","WANADONGRI, HINGNA ROAD, NAGPUR.",NAGPUR,Unaided - Private,N,N,1-7662741,fetchdata,2018-2019,Engineering and Technology,1,1,1,1,Maharashtra,1
1-3508229616,GENBA SOPANRAO MOZE COLLEGE OF ENGINEERING,"S. NO. 25/1/3, BALEWADI,PUNE",PUNE,Unaided - Private,N,N,1-2055561,fetchdata,2018-2019,Engineering and Technology,1,1,1,1,Maharashtra,1
1-3508231190,VIDYAVARDHINI'S BHAUSAHEB VARTAK POLYTECHNIC,VASAI ROAD RLY. STATION (W.RLY),THANE,Unaided - Private,N,N,1-412372261,fetchdata,2018-2019,Engineering and Technology,1,1,1,1,Maharashtra,1
1-3508251076,SHRI LAXMANRAO MANKAR COLLEGE OF POLYTECHNIC,AMGAON,GONDIA,Unaided - Private,N,N,1-455219361,fetchdata,2018-2019,Engineering and Technology,1,1,1,1,Maharashtra,1
1-3508288389,KAMPTEE POLYTECHNIC KAMPTEE,NEAR DRAGON PALACE TEMPLE NEW KAMPTEE,NAGPUR,Unaided - Private,N,N,1-425537895,fetchdata,2018-2019,Engineering and Technology,1,1,1,1,Maharashtra,1
1-3508289362,NIKAM INSTITUTE OF TECHNOLOGY (POLYTECHNIC),"MORANE-GONDURBYPASS ROAD,GONDUR TAL-DIST-DHULE (MS)",DHULE,Unaided - Private,N,N,1-1461615081,fetchdata,2018-2019,Engineering and Technology,1,1,1,1,Maharashtra,1
1-3508307447,"BAPURAO DESHMUKH COLLEGE OF ENGINEERING, SEWAGRAM","AT-SEWAGRAM
TAH & DIST. -WARDHA
MAHARASHTRA
PIN. 442 102",WARDHA,Unaided - Private,N,N,1-3548701,fetchdata,2018-2019,Engineering and Technology,1,1,1,1,Maharashtra,1
1-3508308750,JAYWANT COLLEGE OF ENGINEERING & MANAGEMENT,"GAT NO,319/1,320,KILLEMACHNDRAGAD TAL- WALWA DIST- SANGLI",SANGLI,Unaided - Private,N,N,1-487157891,fetchdata,2018-2019,Engineering and Technology,1,1,1,1,Maharashtra,1
1-3508331561,"SONIYA GANDHI POLYTECHNIC, SHRIGONDA","BALAJINAGAR, SHRIGONDA",AHMEDNAGAR,Unaided - Private,N,N,1-451658073,fetchdata,2018-2019,Engineering and Technology,1,1,1,1,Maharashtra,1
1-3508365259,LAXMINARAYAN AGRAWAL MEMORIAL INSTITUTE OF TECHNOLOGY,"ANJANSINGHI ROAD
JUNA DHAMANGAON",AMRAVATI,Unaided - Private,N,N,1-458331831,fetchdata,2018-2019,Engineering and Technology,1,1,1,1,Maharashtra,1
1-3508384369,GANGAMAI COLLEGE OF ENGINEERING,AT POST NAGAON TAL. DIST. DHULE,DHULE,Unaided - Private,N,N,1-21313644,fetchdata,2018-2019,Engineering and Technology,1,1,1,1,Maharashtra,1
1-3508442400,KINKAR INSTITUTE OF TECHNOLOGY,"REHAKI ROAD, SELOO",WARDHA,Unaided - Private,N,N,1-441658691,fetchdata,2018-2019,Engineering and Technology,1,1,1,1,Maharashtra,1
1-3508186560,K.V.N. NAIK S. P. SANSTHA'S LOKNETE GOPINATHJI MUNDE INSTITUTE OF ENGINEERING EDUCATION & RESEARCH,"KRANTIVEER VASANTRAO NAIK MARG,CANADA CORNER,NASHIK-422002",NASHIK,Unaided - Private,N,N,1-422436343,fetchdata,2018-2019,Engineering and Technology,1,1,1,1,Maharashtra,1
1-3508208121,SHAH AND ANCHOR KUTCHHI ENGINEERING COLLEGE,"W.T. PATIL MARG, MET CHOWK, CHEMBUR, MUMBAI-88",MUMBAI CITY,Unaided - Private,N,Y,1-2625316,fetchdata,2018-2019,Engineering and Technology,1,1,1,1,Maharashtra,1
1-3508251411,TRIMURTI INSTITUTE OF TECHNOLOGY,"SURVEY NO. 227/2, PALDHI BK. , NEAR NORTH MAHARASHTRA UNIVERSITY, OPP. HOTEL GOVIND,",JALGAON,Unaided - Private,N,N,1-477920101,fetchdata,2018-2019,Engineering and Technology,1,1,1,1,Maharashtra,1
1-3508252691,JAIHIND POLYTECHNIC KURAN,"A/P. KURAN, TAL. JUNNAR, DIST. PUNE",PUNE,Unaided - Private,N,N,1-448090201,fetchdata,2018-2019,Engineering and Technology,1,1,1,1,Maharashtra,1
1-3508269254,CUSROW WADIA INSTITUTE OF TECHNOLOGY,"19, BUND GARDEN ROAD, PUNE",PUNE,Govt aided,N,N,1-459095821,fetchdata,2018-2019,Engineering and Technology,1,1,1,1,Maharashtra,1
1-3508269904,CENTRAL INDIA INSTITUTE OF POLYTECHNIC,"AT POST- LONARA, NEAR GODHNI  RAILWAY,",NAGPUR,Unaided - Private,N,Y,1-477036216,fetchdata,2018-2019,Engineering and Technology,1,1,1,1,Maharashtra,1
1-3508289618,NATH POLYTECHNIC PAITHAN,"PLOT NO.B-1, MIDC INDUSTRIAL AREA,AURANGABAD ROAD,PAITHAN",AURANGABAD,Unaided - Private,N,N,1-450062081,fetchdata,2018-2019,Engineering and Technology,1,1,1,1,Maharashtra,1
1-3508289969,SAI INSTITUTE OF ENGINEERING AND TECHNOLOTY,"SURVEY NO,170, SAI NAGAR, AURANGABAD- AJANTHA ROAD,JALGAON HAIGHWAY,VILLAGE-  BILDA, TAH. PHULAMBRI DIST. AURANGABAD",AURANGABAD,Unaided - Private,N,N,1-460722875,fetchdata,2018-2019,Engineering and Technology,1,1,1,1,Maharashtra,1
1-3508345872,SINHGAD TECHNICAL EDUCATION SOCIETY'S SOU. VENUTAI CHAVAN POLYTECHNIC,"S. NO. 44/1, OFF. SINHGAD, ROAD, VADGAON (BK), PUNE",PUNE,Unaided - Private,N,N,1-419413641,fetchdata,2018-2019,Engineering and Technology,1,1,1,1,Maharashtra,1
1-3508365883,"GOVERNMENT COLLEGE OF ENGINEERING, AURANGABAD (ACADEMIC AUTONOMOUS)","GOVERNMENT COLLEGE OF ENGINEERING
STATION ROAD
OSMANPURA,
AURANGABAD - 431 005 (MAHARASHTRA)",AURANGABAD,Government,N,N,1-35681791,fetchdata,2018-2019,Engineering and Technology,1,1,1,1,Maharashtra,1
1-3508386853,INSTITUTE OF CHEMICAL TECHNOLOGY,"NATHALAL PAREKH MARG, MATUNGA",MUMBAI CITY,Govt aided,N,N,1-465973021,fetchdata,2018-2019,Engineering and Technology,1,1,1,1,Maharashtra,1
1-3508387677,SGB AMRAVATI UNIVERSITY,"TOPOWAN ROAD
CAMP",AMRAVATI,University Managed-Govt,N,N,1-34727050,fetchdata,2018-2019,Engineering and Technology,1,1,1,1,Maharashtra,1
1-3508387959,"GOVERNMENT POLYTECHNIC, NASHIK","NASHIK ROAD, NASHIK",NASHIK,Government,N,N,1-453230981,fetchdata,2018-2019,Engineering and Technology,1,1,1,1,Maharashtra,1
1-3508403908,"GOVERNMENT POLYTECHNIC,BRAMHAPURI","AT:-KHED,NAGBHID ROAD,BRAMHAPURI,TA:-BRAMHAPURI,DIST:-CHANDRAPUR",CHANDRAPUR,Government,N,N,1-492853671,fetchdata,2018-2019,Engineering and Technology,1,1,1,1,Maharashtra,1
1-3508404498,NEW SATARA COLLEGE OF ENGINEERING & MANAGEMENT,"GUT NO. - 433/1/A, VILLAGE - KORTI, TAL - PANDHARPUR, DIST - SOLAPUR",SOLAPUR,Unaided - Private,N,N,1-508618511,fetchdata,2018-2019,Engineering and Technology,1,1,1,1,Maharashtra,1
1-3508426237,"Y.D.MANE INSTITUTE OF TECHNOLOGY,KAGAL","426/5, NEAR ALKA SHETI FARM,SANGOAN  ROAD, KAGAL,TAL.KAGAL,DIST.KOLHAPUR,STATE-MAHARASHTRA,INDIA",KOLHAPUR,Unaided - Private,N,N,1-456704601,fetchdata,2018-2019,Engineering and Technology,1,1,1,1,Maharashtra,1
1-3508426746,SHRI.JAYWANTRAO BHOSALE POLYTECHNIC,"SURVEY, NO.319/1,320, KILLEMACHINDRAGAD TAL-WALWA DIST- SANGLI",SANGLI,Unaided - Private,N,N,1-509701431,fetchdata,2018-2019,Engineering and Technology,1,1,1,1,Maharashtra,1
1-3508443458,SHRI SAI POLYTECHNIC,"NEAR KUNDAN PLAZA HOTEL, NAGPUR ROAD, CHANDRAPUR",CHANDRAPUR,Unaided - Private,N,N,1-413854521,fetchdata,2018-2019,Engineering and Technology,1,1,1,1,Maharashtra,1
1-3508187619,BRAHMA VALLEY COLLEGE OF TECHNICAL EDUCATION,"G.NO. 592/B, VILLAGE-ANJANERI, TAL. TRIMBAKESHWAR",NASHIK,Unaided - Private,N,N,1-449295711,fetchdata,2018-2019,Engineering and Technology,1,1,1,1,Maharashtra,1
1-3508188117,D. Y. PATIL COLLEGE OF ENGINEERING & TECHNOLOGY,"KASABA - BAVADA, KOLHAPUR.",KOLHAPUR,Unaided - Private,N,N,1-5880923,fetchdata,2018-2019,Engineering and Technology,1,1,1,1,Maharashtra,1
1-3508190116,RATNESHWARI INSTITUTE OF POLYTECHNIC,"AT POST VISHNUPURI, NANDED, NEAR BY SRTMU UNIVERSITY,LATUR-NANDED HIGHWAY, NANDED",NANDED,Unaided - Private,N,N,1-2047593931,fetchdata,2018-2019,Engineering and Technology,1,1,1,1,Maharashtra,1
1-3508209073,SNJBS LATE SAU. KANTABAI BHAVARLALJI JAIN COLLEGE OF ENGINEERING,"NEMINAGAR,JAIN GURUKUL,
CHANDWAD",NASHIK,Unaided - Private,N,Y,1-8619361,fetchdata,2018-2019,Engineering and Technology,1,1,1,1,Maharashtra,1
1-3508209674,"MAULI GROUP OF INSTITUTIONS, COLLEGE OF ENGINEERING AND TECHNOLOGY","KHAMGAON ROAD,
SHEGAON",BULDHANA,Unaided - Private,N,N,1-404222571,fetchdata,2018-2019,Engineering and Technology,1,1,1,1,Maharashtra,1
1-3508232776,JSPM'S BHIVARABAI SAWANT INSTITUTE OF TECHNOLOGY & RESEARCH,"GAT NO. 720/1&2, PUNE â NAGAR ROAD, WAGHOLI,TALUKA-HAVELI,DISTRICT-PUNE. 412207",PUNE,Unaided - Private,N,N,1-6894281,fetchdata,2018-2019,Engineering and Technology,1,1,1,1,Maharashtra,1
1-3508270307,SOU. SUSHILA DANCHAND GHODAWAT CHARITABLE TRUST'S SANJAY GHODAWAT POLYTECHNIC,"GAT NO 582, TAL- HATKANANGALE, DIST-KOLHAPUR",KOLHAPUR,Unaided - Private,N,N,1-827280391,fetchdata,2018-2019,Engineering and Technology,1,1,1,1,Maharashtra,1
1-3508270981,S.N.RAI INSTITUTE OF ENGG& TECHNOLOGY,PUSAD ROAD MAHUR TQ MAHUR DIST NANDED,NANDED,Unaided - Private,N,N,1-459338411,fetchdata,2018-2019,Engineering and Technology,1,1,1,1,Maharashtra,1
1-3508290672,LATTHE EDUCATION SOCIETY'S POLYTECHNIC,"P-41, MIDC, KUPWAD",SANGLI,Unaided - Private,N,Y,1-448588381,fetchdata,2018-2019,Engineering and Technology,1,1,1,1,Maharashtra,1
1-3508291202,TECHNICAL AND MEDICAL EDUCATION SOCIETY'S J. T. MAHAJAN POLYTECHNIC FAIZPUR,"JIVARAM NAGAR 
NHAVIMARG FAIZPUR
TAL:- YAWAL
DIST:- JALGAON
425524",JALGAON,Unaided - Private,N,N,1-427627533,fetchdata,2018-2019,Engineering and Technology,1,1,1,1,Maharashtra,1
1-3508291876,DON BOSCO INSTITUTE OF TECHNOLOGY,"PREMIER AUTOMOBILES ROAD, KURLA W - MUMBAI - 400 070",MUMBAI SUBURBAN,Unaided - Private,N,Y,1-2942301,fetchdata,2018-2019,Engineering and Technology,1,1,1,1,Maharashtra,1
1-3508292499,AABASAHEB SHIVAJIRAO SITARAM PATIL INSTITUTE OF  POLYTECHNIC,AT. CHINCHPURA PO. PIMPRI TAL. DHARANGAON DIST. JALGAON,JALGAON,Unaided - Private,N,N,1-457940921,fetchdata,2018-2019,Engineering and Technology,1,1,1,1,Maharashtra,1
1-3508310792,"GOVERNMENT POLYTECHNIC, GADCHIROLI","MIDC ROAD, INDALA, GADCHIROLI",GADCHIROLI,Government,N,N,1-478389881,fetchdata,2018-2019,Engineering and Technology,1,1,1,1,Maharashtra,1
1-3508346609,GOKHALE EDUCATION SOCIETY'S SIR DR. M. S. GOSAVI POLYTECHNIC INSTITUTE,"G.E.SOCIETY'S BYTCO COLLEGE CAMPUS, 
NASIK ROAD,
NASIK",NASHIK,Unaided - Private,N,N,1-2871856381,fetchdata,2018-2019,Engineering and Technology,1,1,1,1,Maharashtra,1
1-3508366637,GOVERNMENT POLYTECHNICAL JALGAON,NATIONAL HIGHWAY NO 6 JILHAPETH JALGAON,JALGAON,Government,N,N,1-462258093,fetchdata,2018-2019,Engineering and Technology,1,1,1,1,Maharashtra,1
1-3508389185,G.H.RAISONI INSTITUTE OF ENGINEERING & MANAGEMENT,"GAT NO.57/1, SHIRSOLI ROAD, MOHADI",JALGAON,Unaided - Private,N,Y,1-6510076,fetchdata,2018-2019,Engineering and Technology,1,1,1,1,Maharashtra,1
1-3508447641,DR. UTTAMRAO MAHAJAN INSTITUTE OF ENGINEERING & TECHNOLOGY (DIPLOMA),"BILAKHED SHIVAR, TAL. CHALISGAON DIST. JALGAON-424101",JALGAON,Unaided - Private,N,N,1-496291671,fetchdata,2018-2019,Engineering and Technology,1,1,1,1,Maharashtra,1
1-3508190738,DILKAP RESEARCH INSTITUTE OF ENGINEERING AND MANAGEMENT STUDIES,VILLAGE MAMDAPUR POST NERAL,RAIGAD,Unaided - Private,N,N,1-2029561,fetchdata,2018-2019,Engineering and Technology,1,1,1,1,Maharashtra,1
1-3508191389,"RAJARSHI SHAHU MAHARAJ POLYTECHNIC, NASHIK","UDOJI MARATHA BOARDING CAMPUS, NEAR PUMPING STATION, GANGAPUR ROAD",NASHIK,Unaided - Private,N,N,1-405925043,fetchdata,2018-2019,Engineering and Technology,1,1,1,1,Maharashtra,1
1-3508234083,"S.B.PATIL POLYTECHNIC, INDAPUR","VILLAGE - VANGALI, PUNE SOLAPUR HIGHWAY, TAL - INDAPUR",PUNE,Unaided - Private,N,N,1-744895411,fetchdata,2018-2019,Engineering and Technology,1,1,1,1,Maharashtra,1
1-3508234506,JAGADAMBHA COLLEGE OF ENGG & TECHNOLOGY,"SURVEY NO:167/1,167/2,
163
ARNI ROAD,KINHI YAVATMAL-445001",YAVATMAL,Unaided - Private,N,N,1-5911301,fetchdata,2018-2019,Engineering and Technology,1,1,1,1,Maharashtra,1
1-3508235733,"KARMAVEER BHAURAO PATIL COLLEGE OF ENGINEERING, SATARA","SADAR BAZAR, NEAR RTO OFFICE,SATARA MAHARASHTRA",SATARA,Unaided - Private,N,N,1-12527441,fetchdata,2018-2019,Engineering and Technology,1,1,1,1,Maharashtra,1
1-3508271179,"CHH. SHIVAJI POLYTECHNIC,VADUJ","A/P.VADUJ
TAL. KHATAV
DIST. SATARA",SATARA,Unaided - Private,N,N,1-423118991,fetchdata,2018-2019,Engineering and Technology,1,1,1,1,Maharashtra,1
1-3508271678,KAI PUJYA TRIMBAKAPPA BASAVANTAPPA GIRWALKAR POLYTECHNIC,YESHWANTRAO CHAVAN CHOWK AMBAJOGAI,BEED,Unaided - Private,N,N,1-511312441,fetchdata,2018-2019,Engineering and Technology,1,1,1,1,Maharashtra,1
1-3508293121,J D POLYTECHNIC,KHANDALA POST VALNI TALUKA KALMESHWAR,NAGPUR,Unaided - Private,N,Y,1-424083841,fetchdata,2018-2019,Engineering and Technology,1,1,1,1,Maharashtra,1
1-3508311952,VIDYAVARDHINI'S COLLEGE OF ENGINEERING AND TECHNOLOGY,K T MARG VASAI ROAD WEST,THANE,Unaided - Private,N,N,1-262262952,fetchdata,2018-2019,Engineering and Technology,1,1,1,1,Maharashtra,1
1-3508332786,JAIHIND COLLEGE OF ENGINEERING,"G. NO. 441, KURAN, TAL. JUNNAR, DIST. PUNE",PUNE,Unaided - Private,N,N,1-3287311,fetchdata,2018-2019,Engineering and Technology,1,1,1,1,Maharashtra,1
1-3508346900,SHRI NEMINATH JAIN BRAMHACHARYASHRAM SHRI. S.N.J.B. POLYTECHNIC,"NEMINAGAR, A/P:CHANDWAD
TAL: CHANDWAD
DIST: NASHIK
PIN:423101
MAHARASHTRA",NASHIK,Unaided - Private,N,Y,1-424721011,fetchdata,2018-2019,Engineering and Technology,1,1,1,1,Maharashtra,1
1-3508347628,KEYSTONE SCHOOL OF ENGINEERING,"SR. NO. 305/7, 306, 307/5 & 308/21
URULI DEVACHI, PUNE - 412308",PUNE,Unaided - Private,N,N,1-809266041,fetchdata,2018-2019,Engineering and Technology,1,1,1,1,Maharashtra,1
1-3508368174,SOPHIA SHREE B.K.SOMANI MEMORIAL POLYTECHNIC,"BHULABHAI DESAI ROAD
MUMBAI 400 026",MUMBAI CITY,Govt aided,Y,Y,1-735366791,fetchdata,2018-2019,Engineering and Technology,1,1,1,1,Maharashtra,1
1-3508390359,BAJAJ CHANDRAPUR POLYTECHNIC CHANDRAPUR,"BALAJI WARD,NEAR FISH MARKET,",CHANDRAPUR,Unaided - Private,N,Y,1-475182883,fetchdata,2018-2019,Engineering and Technology,1,1,1,1,Maharashtra,1
1-3508405282,"BHIWSAN PATIL SHINDE SHIKSHAN GRAMIN VIKAS & BAHU. SANSTHA,SHINDE POLYTECHNIC,","SR.NO.643,647,
ANJANI (BK) MEHKAR DOGON HIGHWAY ROAD, TQ-MEHKAR DIST-BULDHANA",BULDHANA,Unaided - Private,N,N,1-437384411,fetchdata,2018-2019,Engineering and Technology,1,1,1,1,Maharashtra,1
1-3508405679,SYMBIOSIS INSTITUTE OF TECHNOLOGY,"SYMBIOSIS KNOWLEDGE VILLAGE PROJECT ,TAL MULSHI ,VILLAGE LAVALE/NANDE , DIST .PUNE-411042",PUNE,Deemed University(Private),N,N,1-10306294,fetchdata,2018-2019,Engineering and Technology,1,1,1,1,Maharashtra,1
1-3508428337,INDIRA INSTITUTE OF TECHNOLOGY (POLYTECHNIC),"GAT NO. 18 & 22
AT POST VISHNUPURI
TQ. & DIST. NANDED",NANDED,Unaided - Private,N,N,1-462119051,fetchdata,2018-2019,Engineering and Technology,1,1,1,1,Maharashtra,1
1-3508428808,VISHWATMAK OM GURUDEV COLLEGE OF ENGINEERING,"AATGAON ,TANSA - AGHAI ROAD,",THANE,Unaided - Private,N,N,1-481028141,fetchdata,2018-2019,Engineering and Technology,1,1,1,1,Maharashtra,1
1-3508429376,SHETH SHRI OTARMAL SHESHMAL PARMAR COLLEGE OF DIPLOMA ENGG.,"S.NO.349/350 VILLAGE, NAGOTHANE, TAL. ROHA,DIST. RAIGAD.",RAIGAD,Unaided - Private,N,N,1-445642511,fetchdata,2018-2019,Engineering and Technology,1,1,1,1,Maharashtra,1
1-3508167598,"GOKHALE EDUCATION SOCIETY'S R. H. SAPAT COLLEGE OF ENGINEERING, MANAGEMENT STUDIES & RESEARCH","PRIN. T. A. KULKARNI VIDYANAGAR,
COLLEGE ROAD",NASHIK,Unaided - Private,N,N,1-6446231,fetchdata,2018-2019,Engineering and Technology,1,1,1,1,Maharashtra,1
1-3508169313,DR.D.Y.PATIL POLYTECHNIC,KASABA BAVADA,KOLHAPUR,Unaided - Private,N,N,1-435573621,fetchdata,2018-2019,Engineering and Technology,1,1,1,1,Maharashtra,1
1-3508192241,SANJIVANI PRATISTHAN INSTITUTE OF TECHNOLOGY,"AT-KURUND, POST-RALEGAN THERPAL, TAL-PARNER, DIST-AHMEDNAGAR",AHMEDNAGAR,Unaided - Private,N,N,1-445019155,fetchdata,2018-2019,Engineering and Technology,1,1,1,1,Maharashtra,1
1-3508210887,FINOLEX ACADEMY OF MANAGEMENT AND TECHNOLOGY,"P-60, P-60/1 MIDC,MIRJOLE RATNAGIRI,MAHARASHTRA",RATNAGIRI,Unaided - Private,N,N,1-3861731,fetchdata,2018-2019,Engineering and Technology,1,1,1,1,Maharashtra,1
1-3508212549,GOVERNMENT COLLEGE OF ENGINEERING NAGPUR,MIHAN REHABILITATION COLONY KHAPRI RAILWAY WARDHA ROAD NAGPUR,NAGPUR,Government,N,N,1-2843792671,fetchdata,2018-2019,Engineering and Technology,1,1,1,1,Maharashtra,1
1-3508236451,AGNIHOTRI SCHOOL OF TECHNOLOGY,"AGNIHOTRI COLLEGE CAMPUS, BAPUJI WADI , RAMNAGAR, WARDHA",WARDHA,Unaided - Private,N,N,1-464255611,fetchdata,2018-2019,Engineering and Technology,1,1,1,1,Maharashtra,1
1-3508237014,SKN SINHGAD INSTITUTE OF TECHNOLOGY & SCIENCE,"GAT NO 309, KUSGAON (BK.), OFF MUMBAI - PUNE EXPRESSWAY",PUNE,Unaided - Private,N,N,1-459215421,fetchdata,2018-2019,Engineering and Technology,1,1,1,1,Maharashtra,1
1-3508254043,"GOVERNMENT POLYTECHNIC, JINTUR","YELDARY ROAD, JINTUR",PARBHANI,Government,N,N,1-487484701,fetchdata,2018-2019,Engineering and Technology,1,1,1,1,Maharashtra,1
1-3508254344,ISB&M SCHOOL OF  TECHNOLOGY,"SURVEY NO.44/1, 44/1/2, NANDE VILLAGE",PUNE,Unaided - Private,N,Y,1-4351941,fetchdata,2018-2019,Engineering and Technology,1,1,1,1,Maharashtra,1
1-3508254790,"GURU GOBIND SINGH POLYTECHNIC, NASHIK","KHALSA EDUCATIONAL COMPLEX, WADALA PATHARDI ROAD,GURU GOBIND SINGH MARG, NASHIK - 9",NASHIK,Unaided - Private,N,N,1-462563721,fetchdata,2018-2019,Engineering and Technology,1,1,1,1,Maharashtra,1
1-3508272167,SHRI SAI TAJ POLYTECHNIC,"DRUGDHAMNA, 8TH MILE,AMRAVATI ROAD, NAGPUR.",NAGPUR,Unaided - Private,N,N,1-451815071,fetchdata,2018-2019,Engineering and Technology,1,1,1,1,Maharashtra,1
1-3508272662,VILASRAO DESHMUKH COLLEGE OF ENGINEERING & TECHNOLOGY,"SURVEY NO. 121 &  262, AT - MOUDA, TAH. - MOUDA, DIST. - NAGPUR",NAGPUR,Unaided - Private,N,N,1-14461931,fetchdata,2018-2019,Engineering and Technology,1,1,1,1,Maharashtra,1
1-3508273092,LATE HARIBAI WARPUDKAR POLYTECHNIC,"GAT NO. 104, KAREGAON, OPP. WATER FILTER PLANT, BASMAT ROAD, PARBHANI",PARBHANI,Unaided - Private,N,N,1-462941063,fetchdata,2018-2019,Engineering and Technology,1,1,1,1,Maharashtra,1
1-3508273419,"SMT. RADHIKATAI  PANDAV POLYTECHNIC, NAGPUR.","SUR. 57, MOUZA-BESA, NAGPUR.",NAGPUR,Unaided - Private,N,N,1-479994891,fetchdata,2018-2019,Engineering and Technology,1,1,1,1,Maharashtra,1
1-3508293922,"R. C. PATEL POLYTECHNIC, SHIRPUR","SURVEY NO. 41/1, NEAR BALAJI NAGAR, OPPOSITE TO R. C. PATEL EDUCATIONAL COMPLEX, KARAVAND ROAD, SHIRPUR - 425405; DIST: DHULE (MS)",DHULE,Unaided - Private,N,Y,1-2874264611,fetchdata,2018-2019,Engineering and Technology,1,1,1,1,Maharashtra,1
1-3508312567,"PRIYADARSHINI POLYTECHNIC,NAGPUR","P-131,
ELECTRONICS ZONE, MIDC, HINGNA ROAD,
NAGPUR",NAGPUR,Unaided - Private,N,Y,1-455067971,fetchdata,2018-2019,Engineering and Technology,1,1,1,1,Maharashtra,1
1-3508313066,D.K.T.E. SOCIETY'S TEXTILE & ENGINEERING INSTITUTE,"""RAJWADA"" POST BOX NO. 130",KOLHAPUR,Unaided - Private,N,N,1-2404851,fetchdata,2018-2019,Engineering and Technology,1,1,1,1,Maharashtra,1
1-3508314158,"COLLEGE OF ENGINEERING, PUNE","WELLESLY ROAD, SHIVAJINAGAR, PUNE",PUNE,Government,N,N,1-14626132,fetchdata,2018-2019,Engineering and Technology,1,1,1,1,Maharashtra,1
1-3508333991,SDMVM'S ENGINEERING & TECHNOLOGY IN DIPLOMA (POLYTECHNIC),"HATTA, ZERO FATA,
TQ. BASMAT,
DIST -HINGOLI",HINGOLI,Unaided - Private,N,N,1-416779041,fetchdata,2018-2019,Engineering and Technology,1,1,1,1,Maharashtra,1
1-3508334364,ATHARVA COLLEGE OF ENGINEERING,"PLOT 8-12, CHARKOP NAKA, MALAD MARVE ROAD,MALAD WEST",MUMBAI CITY,Unaided - Private,N,N,1-5823533,fetchdata,2018-2019,Engineering and Technology,1,1,1,1,Maharashtra,1
1-3508347889,GOVERNMENT POLYTECHNIC AURANGABAD,"OSMANPURA, AURANGABD",AURANGABAD,Government,N,N,1-493166031,fetchdata,2018-2019,Engineering and Technology,1,1,1,1,Maharashtra,1
1-3508349738,SHREE L.R. TIWARI COLLEGE OF ENGINEERING," NEAR COMMISIONER'S BUNGALOW,KANAKIYA PARK,MIRA ROAD (E),",THANE,Unaided - Private,N,Y,1-6969851,fetchdata,2018-2019,Engineering and Technology,1,1,1,1,Maharashtra,1
1-3508350237,"VILASRAO DESHMUKH FOUNDATIONS, VDF SCHOOL OF POLYTECHNIC","""EDUCITY"", ADDITIONAL MIDC, PLOT NO.-165 A , NEAR MANJARA SUGAR",LATUR,Unaided - Private,N,N,1-445068681,fetchdata,2018-2019,Engineering and Technology,1,1,1,1,Maharashtra,1
1-3508369278,"GOVERNMENT POLYTECHNIC, AWASARI (KHURD)","AT POST- AWASARI (KHURD), TAL- AMBEGAON, DIST- PUNE",PUNE,Government,N,N,1-475026781,fetchdata,2018-2019,Engineering and Technology,1,1,1,1,Maharashtra,1
1-3508369601,BABASAHEB NAIK COLLEGE OF ENGINEERING,"KAKADATI,
KARLA ROAD, PUSAD
DIST.YAVATMAL (MS)",YAVATMAL,Unaided - Private,N,N,1-4318017,fetchdata,2018-2019,Engineering and Technology,1,1,1,1,Maharashtra,1
1-3508371341,"GOVERNMENT POLYTECHNIC, SAKOLI","SHENDURWAFA, TALUKA-SAKOLI, DISTRICT- BHANDARA STATE-MAHARASHTRA",BHANDARA,Government,N,N,1-495149841,fetchdata,2018-2019,Engineering and Technology,1,1,1,1,Maharashtra,1
1-3508390825,"SANJIVANI K.B.P.POLYTECHNIC,KOPARGAON","AT-SAHAJANANDNAGAR
POST.SHINGANAPUR
TAL.KOPARGAON
DIST.AHMEDNAGAR",AHMEDNAGAR,Unaided - Private,N,N,1-405661531,fetchdata,2018-2019,Engineering and Technology,1,1,1,1,Maharashtra,1
1-3508391436,"VISHWABHARATI ACADEMY'S COLLEGE OF ENGINEERING, AHMEDNAGAR","GAT NO. 171, 145/1, 2
VILLAGE SAROLA BADDI,
JAMKHED ROAD,
TQ. AHMEDNAGAR
DIST.  AHMEDNAGAR",AHMEDNAGAR,Unaided - Private,N,N,1-7718584,fetchdata,2018-2019,Engineering and Technology,1,1,1,1,Maharashtra,1
1-3508392275,"GOVERNMENT POYTECHNIC, THANE","OPP. BHARAT GEAR CO. LTD. PHADKE PADA, KHARDI GOAN, MUMBRA ( EAST )",THANE,Government,N,N,1-508835181,fetchdata,2018-2019,Engineering and Technology,1,1,1,1,Maharashtra,1
1-3508406507,"LAL BAHADUR SHASTRI POLYTACHNIC INSTITUTE, TONDAR","AT/POST : TONDAR
TQ. : UDGIR
DIST. : LATUR",LATUR,Unaided - Private,N,N,1-463771133,fetchdata,2018-2019,Engineering and Technology,1,1,1,1,Maharashtra,1
1-3508406867,NANASAHEB MAHADIK COLLEGE OF ENGINEERING,"GAT NO-894,2665 
A/P PETH NAKA",SANGLI,Unaided - Private,N,N,1-463276851,fetchdata,2018-2019,Engineering and Technology,1,1,1,1,Maharashtra,1
1-3508429773,EVEREST EDUCATIONAL SOCIETYS GROUP OF INSTITUTIONS,"GUT NO. 187 & 189
OHAR, JATWADA ROAD
AURANGABAD",AURANGABAD,Unaided - Private,N,Y,1-4302111,fetchdata,2018-2019,Engineering and Technology,1,1,1,1,Maharashtra,1
1-3508170947,GOVERNMENT POLYTECHNIC HINGOLI,"P-9 M.I.D.C. LIMBALA
HINGOLI",HINGOLI,Government,N,N,1-501048591,fetchdata,2018-2019,Engineering and Technology,1,1,1,1,Maharashtra,1
1-3508171352,VIDYALANKAR INSTITUTE OF TECHNOLOGY,"VIDYALANKAR MARG,
ANTOP HILL, WADALA(E)",MUMBAI CITY,Unaided - Private,N,N,1-14068819,fetchdata,2018-2019,Engineering and Technology,1,1,1,1,Maharashtra,1
1-3508192787,"PADMABHOOSHAN VASANTDADA PATIL INSTITUTE OF TECHNOLOGY, PUNE","SR. NO. 33/22, BAVDHAN (KHURD)
OFF PIRANGUT ROAD,
NEAR CHANDANI CHOWK,
BAVDHAN, PUNE 21",PUNE,Unaided - Private,N,N,1-4068259,fetchdata,2018-2019,Engineering and Technology,1,1,1,1,Maharashtra,1
1-3508194361,"ABHINAV EDUCATION SOCIETY'S COLLEGE OF ENGINEERING AND TECHNOLOGY (DEGREE),WADWADI","S. NO 209
AT- WADWADI
TAL KHANDALA
DIST SATARA
STATE MAHARASHTRA",SATARA,Unaided - Private,N,N,1-4831184,fetchdata,2018-2019,Engineering and Technology,1,1,1,1,Maharashtra,1
1-3508239383,WAINGANGA COLLEGE OF ENGINEERING AND MANAGEMENT,"DONGARGAON, NEAR GUMGAON RLY. STATION, POST-GUMGAON, WARDHA ROAD, NAGPUR.441114.",NAGPUR,Unaided - Private,N,N,1-4190881,fetchdata,2018-2019,Engineering and Technology,1,1,1,1,Maharashtra,1
1-3508240844,SHRI SANT GAJANAN MAHARAJ COLLEGE OF ENGINEERING,"ENGINEERING CAMPUS , KHAMGAON ROAD, 
SHEGAON 444 203
DIST BULDHANA
MAHARASHTRA",BULDHANA,Unaided - Private,N,N,1-4792001,fetchdata,2018-2019,Engineering and Technology,1,1,1,1,Maharashtra,1
1-3508241515,POTDAR POLYTECHNIC,"BAMBRUD  ,SERVE NO.11,BHADGAON ROAD TAL -PACHORA DIST-JALGAON",JALGAON,Unaided - Private,N,N,1-2059464194,fetchdata,2018-2019,Engineering and Technology,1,1,1,1,Maharashtra,1
1-3508255368,VISHWAKARMA INSTITUTE OF INFORMATION TECHNOLOGY,"SURVEY NO. 3/4, KONDHWA (BUDRUK) 
PUNE -411048",PUNE,Unaided - Private,N,N,1-6647171,fetchdata,2018-2019,Engineering and Technology,1,1,1,1,Maharashtra,1
1-3508256329,K.J.SOMAIYA POLYTECHNIC,"VIDYANAGARI,
VIDYAVIHAR(E)
MUMBAI",MUMBAI CITY,Govt aided,N,Y,1-467802101,fetchdata,2018-2019,Engineering and Technology,1,1,1,1,Maharashtra,1
1-3508273783,PUNE VIDYARTHI GRIHA'S COLLEGE OF ENGINEERING,"206, DINDORIROAD, BEHIND RELIANCE PETROL PUMP, MHASRUL, NASHIK 422004",NASHIK,Unaided - Private,N,N,1-413208103,fetchdata,2018-2019,Engineering and Technology,1,1,1,1,Maharashtra,1
1-3508294114,MUCHHALA POLYTECHNIC,"G. B. ROAD, KAVESAR, THANE(W),THANE",THANE,Unaided - Private,N,N,1-409574951,fetchdata,2018-2019,Engineering and Technology,1,1,1,1,Maharashtra,1
1-3508294954,BHARATI VIDYAPEETH DEEMED UNIVERSITY COLLEGE OF ENGINEERING,"PUNE-SATARA ROAD, DHANKAWADI, PUNE, MAHARASHTRA, INDIA. PIN - 411 043.",PUNE,Unaided - Private,N,N,1-9293531,fetchdata,2018-2019,Engineering and Technology,1,1,1,1,Maharashtra,1
1-3508350575,SHATABDI INSTITUTE OF TECHNOLOGY,"AT POST : AGASKHIND,
VIA : DEOLALI CAMP-BHAGUR,
TAL. SINNAR, DIST : NASHIK
PIN : 422 502",NASHIK,Unaided - Private,N,Y,1-413788101,fetchdata,2018-2019,Engineering and Technology,1,1,1,1,Maharashtra,1
1-3508351188,"GOVERNMENT POLYTECHNIC, VIKRAMGAD","AT POST SHIL, SURVEY NO. 20",THANE,Government,N,N,1-513112193,fetchdata,2018-2019,Engineering and Technology,1,1,1,1,Maharashtra,1
1-3508392701,D. Y. PATIL INSTITUTE OF ENGINEERING AND TECHNOLOGY,"S.NO 124,126 AT/POST AMBI,TALEGAON DHABADE,TAL-MAVAL,DIS- PUNE",PUNE,Unaided - Private,N,N,1-4277321,fetchdata,2018-2019,Engineering and Technology,1,1,1,1,Maharashtra,1
1-3508393401,HI-TECH INSTITUTE OF TECHNOLOGY,"P-119,BAJAJNAGAR NEAR HOTEL MRUGNAYNI
AURANGABAD
PIN CODE 431136",AURANGABAD,Unaided - Private,N,N,1-3290049,fetchdata,2018-2019,Engineering and Technology,1,1,1,1,Maharashtra,1
1-3508407446,K J COLLEGE OF ENGINEERING & MANAGEMENT RESEARCH,"SURVEY NO. 25&27 , PISOLI, NEAR BAPDEO GHAT,POST- YEWALEWADI TAL : HAVELI DIST : PUNE -411048",PUNE,Unaided - Private,N,N,1-4917161,fetchdata,2018-2019,Engineering and Technology,1,1,1,1,Maharashtra,1
1-3508432684,PIMPRI CHINCHWAD EDUCATION TRUST'S PIMPRI CHINCHWAD COLLEGE OF ENGINEERING AND RESEARCH,"PLOT NO.B,OF SURVEY NO.110(1),110(2),110(3),AT LAXMINAGAR,RAVET,HAVELI,PUNE",PUNE,Unaided - Private,N,N,1-2181664251,fetchdata,2018-2019,Engineering and Technology,1,1,1,1,Maharashtra,1
1-3508172606,"SAU.SHANTIDEVI CHAVAN INSTITUTE OF ENGINEERING AND TECHNOLOGY,POLYTECHNIC","S.NO-94/3/1&2,
BHORAS,CHALISGAON,
DIST-JALGAON",JALGAON,Unaided - Private,N,N,1-459778831,fetchdata,2018-2019,Engineering and Technology,1,1,1,1,Maharashtra,1
1-3508195004,MARATHWADA MITRA MANDAL'S COLLEGE OF ENGINEERING,"SR.NO 18, PLOT NO.5/3,KARVENAGAR, PUNE 411 052",PUNE,Unaided - Private,N,N,1-8323471,fetchdata,2018-2019,Engineering and Technology,1,1,1,1,Maharashtra,1
1-3508196877,RASIKLAL M. DHARIWAL SINHGAD TECHNICAL INSTITUTES CAMPUS,"111/1 WARJE, OFF KATRAJ - DEHUROAD BYEPASS, TALUKA HAVELI",PUNE,Unaided - Private,N,N,1-450175511,fetchdata,2018-2019,Engineering and Technology,1,1,1,1,Maharashtra,1
1-3508213019,"VIDYA VIKAS PRATISHTHAN INSTITUTE OF ENGINEERING & TECHNOLOGY,SOLAPUR","SOREGAON-DONGAON ROAD,SOREGAON,SOLAPUR-413004",SOLAPUR,Unaided - Private,N,N,1-4351754,fetchdata,2018-2019,Engineering and Technology,1,1,1,1,Maharashtra,1
1-3508274644,SUHAS INSTITUTE OF TECHNOLOGY,"GAT NO. 254, JAVJIBUVACHIWADI,  POST: KASURDI, TALUKA - DAUND,",PUNE,Unaided - Private,N,N,1-812320421,fetchdata,2018-2019,Engineering and Technology,1,1,1,1,Maharashtra,1
1-3508275409,ANJUMAN COLLEGE OF ENGINEERING & TECHNOLOGY,"MANGALWARI BAZAR,SADAR, NAGPUR",NAGPUR,Unaided - Private,N,Y,1-9904061,fetchdata,2018-2019,Engineering and Technology,1,1,1,1,Maharashtra,1
1-3508296304,ST. FRANCIS INSTITUTE OF TECHNOLOGY (ENGG. COLLEGE),"MT. POINSUR, S.V.P. ROAD, MANDAPESHWAR VILLAGE, BORIVLI (W)",MUMBAI CITY,Unaided - Private,N,Y,1-4154841,fetchdata,2018-2019,Engineering and Technology,1,1,1,1,Maharashtra,1
1-3508296905,DATTAKALA POLYTECHNIC,"GAT NO.541/2,
OFF PUNE-SOLAPUR HIGHWAY,
SWAMI-CHINCHOLI(BHIGWAN)
TAL:DAUND
DIST:PUNE",PUNE,Unaided - Private,N,N,1-449919241,fetchdata,2018-2019,Engineering and Technology,1,1,1,1,Maharashtra,1
1-3508297313,V J POLYTECHNIC,"AT- KHAMONA, TAH.- RAJURA, DIST.- CHANDRAPUR",CHANDRAPUR,Unaided - Private,N,N,1-510112701,fetchdata,2018-2019,Engineering and Technology,1,1,1,1,Maharashtra,1
1-3508317178,GOVERNMENT POLYTECHNIC AMRAVATI,"GADGE NAGAR, AMRAVATI",AMRAVATI,Government,N,N,1-468116611,fetchdata,2018-2019,Engineering and Technology,1,1,1,1,Maharashtra,1
1-3508318771,DR.SAU.KAMALTAI GAWAI INSTITUTE OF ENGINEERING & TECHNOLOGY DARAPUR,"AT. PO. DARAPUR,TQ.DARYAPUR, DIST.AMRAVATI, STATE MAHARASHTRA - 444 814",AMRAVATI,Unaided - Private,N,N,1-9713541,fetchdata,2018-2019,Engineering and Technology,1,1,1,1,Maharashtra,1
1-3508372047,G.H.RAISONI COLLEGE OF ENGINEERING AND MANAGEMENT,"GAT NO.1030, NAGAR PUNE HIGHWAY, CHAS, AHMEDNAGAR.",AHMEDNAGAR,Unaided - Private,N,Y,1-5943171,fetchdata,2018-2019,Engineering and Technology,1,1,1,1,Maharashtra,1
1-3508372773,"GOVERNMENT POLYTECHNIC,MURTIZAPUR","AT NH-6 AMRAVATI-AKOLA ROAD,HENDAJ,
MURTIZAPUR",AKOLA,Government,N,N,1-453355571,fetchdata,2018-2019,Engineering and Technology,1,1,1,1,Maharashtra,1
1-3508394036,"SHRI SOMESHWAR SHIKSHAN PRASARAK MANDALS, SOMESHWAR ENGINEERING COLLEGE","GAT.NO. 53, WAGHALWADI, POST SOMESHWARNAGAR,
TAL-BARAMATI, DIST PUNE.",PUNE,Unaided - Private,N,N,1-714167571,fetchdata,2018-2019,Engineering and Technology,1,1,1,1,Maharashtra,1
1-3508408281,SAMARTH GROUP OF INSTITUTIONS,"A- BANGARWADI, P-BELHE,TAL- JUNNAR",PUNE,Unaided - Private,N,N,1-5099471,fetchdata,2018-2019,Engineering and Technology,1,1,1,1,Maharashtra,1
1-3508408876,"SMT. RADHIKATAI PANDAV COLLEGE OF ENGINEERING,","NEAR DIGHORI NAKA, UMRER ROAD, NAGPUR",NAGPUR,Unaided - Private,N,N,1-6154233,fetchdata,2018-2019,Engineering and Technology,1,1,1,1,Maharashtra,1
1-3508433058,NATIONAL INSTITUTE OF ELECTRONICS & INFORMATION TECHNOLOGY (NIELIT).AURANGABAD,"DOEACC CENTRE AURANGABAD
DR. B.A.M. UNIVERSITY CAMPUS 
AURANGABAD",AURANGABAD,Government,N,N,1-421286153,fetchdata,2018-2019,Engineering and Technology,1,1,1,1,Maharashtra,1
1-3508173056,JAWAHARLAL DARDA INSTITUTE OF ENGINEERING & TECHNOLOGY,"M.I.D.C., LOHARA, 
YAVATMAL-445001.",YAVATMAL,Unaided - Private,N,Y,1-4243471,fetchdata,2018-2019,Engineering and Technology,1,1,1,1,Maharashtra,1
1-3508198122,SAHYADRI VALLEY COLLEGE OF ENGINEERING & TECHNOLOGY,"AT GAT NO.1941, RAJURI, TALUKA: JUNNER",PUNE,Unaided - Private,N,N,1-476497031,fetchdata,2018-2019,Engineering and Technology,1,1,1,1,Maharashtra,1
1-3508243195,NAGNATHAPPA HALGE COLLEGE OF ENGINEERING," PARLI-BEED STATE HGHWAY, AT. BRAHMAWADI, POST: TOKWADI,
TALUKA- PARLI-VAIJNATH, DIST : BEED",BEED,Unaided - Private,N,N,1-5865411,fetchdata,2018-2019,Engineering and Technology,1,1,1,1,Maharashtra,1
1-3508243905,BALLARPUR SEWASAMITI'S JAINUDDIN ZAWERI POLYTECHNIC,"UMRI REETH, TADOBA ROAD",CHANDRAPUR,Unaided - Private,N,Y,1-492805483,fetchdata,2018-2019,Engineering and Technology,1,1,1,1,Maharashtra,1
1-3508257275,AAMDAR KASHINATHJI MENGAL POLYTECHNIC.,"AT-LAXMINAGAR,POST-MUNDEGAON,TAL-IGATPURI,DIST-NASHIK 422403",NASHIK,Unaided - Private,N,N,1-484796881,fetchdata,2018-2019,Engineering and Technology,1,1,1,1,Maharashtra,1
1-3508257872,SHIVAJI POLYTECHNIC ATPADI,"NEAR SURESH INDANE GAS AGENCY, AT/POST/TAL-ATPADI DIST-SANGLI",SANGLI,Unaided - Private,N,N,1-456009201,fetchdata,2018-2019,Engineering and Technology,1,1,1,1,Maharashtra,1
1-3508276150,PRIYADARSHINI INDIRA GANDHI COLLEGE OF ENGINEERING,"OPPOSITE LATA MANGESHKAR HOSPITAL, DIGDOH HILLS, HINGNA ROAD, NAGPUR",NAGPUR,Unaided - Private,N,Y,1-15912061,fetchdata,2018-2019,Engineering and Technology,1,1,1,1,Maharashtra,1
1-3508276802,SIDDHARTH POLYTECHNIC,"672/1, SHEGAON ROAD",SANGLI,Unaided - Private,N,Y,1-463274081,fetchdata,2018-2019,Engineering and Technology,1,1,1,1,Maharashtra,1
1-3508277211,RAJIV GANDHI COLLEGE OF ENGINEERING,"VITTHAL NAGAR ,KOKATE VASTI, AT POST-KARJULE HARYA,TAL-PARNER,DIST-AHMEDNAGAR",AHMEDNAGAR,Unaided - Private,N,N,1-727961251,fetchdata,2018-2019,Engineering and Technology,1,1,1,1,Maharashtra,1
1-3508297760,"GOVERNMENT POLYTECHNIC, KOLHAPUR","OLD. P. B. ROAD, VIDYANAGAR",KOLHAPUR,Government,N,N,1-475576863,fetchdata,2018-2019,Engineering and Technology,1,1,1,1,Maharashtra,1
1-3508319743,VILASRAO DESHMUKH FOUNDATION GROUP OF INSTITUTIONS,"PLOT NO.165A,ADDITIONAL MIDC, NEAR TO MANJARA SUGAR,BARSHI ROAD,LATUR.",LATUR,Unaided - Private,N,N,1-20530371,fetchdata,2018-2019,Engineering and Technology,1,1,1,1,Maharashtra,1
1-3508320695,KOTI VIDYA CHARITABLE TRUST'S ALAMURI RATNAMALA INSTITUTE OF ENGINEERING AND TECHNOLOGY,"SHEREPADA,VILLAGE SAPGAON,TALUKA -SHAHAPUR,DISTRICT-THANE",THANE,Unaided - Private,N,Y,1-4565987,fetchdata,2018-2019,Engineering and Technology,1,1,1,1,Maharashtra,1
1-3508373516,KDK'S SMT. RAJSHREE MULAK COLLEGE OF ENGINEERING FOR WOMEN,"GREAT NAG ROAD, NANDANVAN, NAGPUR-440009",NAGPUR,Unaided - Private,Y,N,1-6059776,fetchdata,2018-2019,Engineering and Technology,1,1,1,1,Maharashtra,1
1-3508374205,SSBT'S COLLEGE OF ENGINEERING & TECHNOLOGY,"POST BOX NO. 94
N.H. 6, BAMBHORI, JALGAON 425 001
MAHARASHTRA STATE",JALGAON,Unaided - Private,N,N,1-8773881,fetchdata,2018-2019,Engineering and Technology,1,1,1,1,Maharashtra,1
1-3508394924,"D.B.GROUP OF INSTITUTIONS, SCHOOL OF TECHNOLOGY"," OFF LATUT-NANDED
HIGHWAY,AT MAHALANGRA,TQ-CHAKUR,DIST-LATUR-412513",LATUR,Unaided - Private,N,N,1-1345983571,fetchdata,2018-2019,Engineering and Technology,1,1,1,1,Maharashtra,1
1-3508395283,"DR. RAJESH RAMDASJI KAMBE POLYTECHNIC COLLEGE, TURKHED, MURTIZAPUR, DIST- AKOLA","GAT NO. 8 , SERVEY NO. 13, TURKHED, TQ.MURTIZAPUR, DIST- AKOLA",AKOLA,Unaided - Private,N,N,1-464944731,fetchdata,2018-2019,Engineering and Technology,1,1,1,1,Maharashtra,1
1-3508409627,SHARADCHANDRA PAWAR COLLEGE OF ENGINEERING,"AT. DUMBARWADI , POST. KHAMUNDI, TAL- JUNNAR, DIST- PUNE 412409",PUNE,Unaided - Private,N,N,1-6092911,fetchdata,2018-2019,Engineering and Technology,1,1,1,1,Maharashtra,1
1-3508410367,SANJAY EDUCATION SOCIETY'S POLYTECHNIC,A/P WADIBHOKAR,DHULE,Unaided - Private,N,N,1-429487061,fetchdata,2018-2019,Engineering and Technology,1,1,1,1,Maharashtra,1
1-3508434148,ADSUL'S TECHNICAL CAMPUS,"AT-CHAS, CHAS-NIMBLAK BYPASS ROAD, AHMEDNAGAR",AHMEDNAGAR,Unaided - Private,N,N,1-444222791,fetchdata,2018-2019,Engineering and Technology,1,1,1,1,Maharashtra,1
1-3508176225,MADHUKARRAO PANDAV COLLEGE OF ENGINEERING,"AT-BHILEWADA
DIST.-BHANDARA (M.S.)",BHANDARA,Unaided - Private,N,N,1-22995711,fetchdata,2018-2019,Engineering and Technology,1,1,1,1,Maharashtra,1
1-3508198896,INDIRA GANDHI POLYTECHNIC BELWANDI(SUGAR),"A/P:BELWANDI(SUGAR),TAL:SHRIGONDA,DIST:AHMEDNAGAR,STATE:MAHARASHTRA",AHMEDNAGAR,Unaided - Private,N,N,1-445064011,fetchdata,2018-2019,Engineering and Technology,1,1,1,1,Maharashtra,1
1-3508214384,SOMAYYA DIPLOMA IN ENGINEERING,"WADGAON WARD, CHANDRAPUR. (M.S.)",CHANDRAPUR,Unaided - Private,N,N,1-522899491,fetchdata,2018-2019,Engineering and Technology,1,1,1,1,Maharashtra,1
1-3508244077,BRAHMDEVDADA MANE INSTITUTE OF TECHNOLOGY,"A/P BELATI
TALUKA:NORTH SOLAPUR
DISTRICT :SOLAPUR",SOLAPUR,Unaided - Private,N,N,1-6940306,fetchdata,2018-2019,Engineering and Technology,1,1,1,1,Maharashtra,1
1-3508277528,"SHRI CHHATRAPATI SHIVAJI SHIKSHAN SANSTHA ADAS, SANCHALIT VASANT POLYTECHNIC COLLEGE KAIJ",NEAR GOVT. ITI AMBAJOGAI ROAD KAIJ TQ KAIJ DIST BEED,BEED,Unaided - Private,N,N,1-506411851,fetchdata,2018-2019,Engineering and Technology,1,1,1,1,Maharashtra,1
1-3508277807,SOU SHARDADEVI PANDIT POLYTECHNI INSTITUTE ALANI,AT GADPATI ALANI TQ.& DIST.OSMANABAD,OSMANABAD,Unaided - Private,N,N,1-475426153,fetchdata,2018-2019,Engineering and Technology,1,1,1,1,Maharashtra,1
1-3508298723,"ANURADHA ENGINEERING COLLEGE, CHIKHLI","ANURADHA NAGAR, SAKEGAON ROAD, CHIKHLI-443201, DIST BULDANA (MAHARASHTRA STATE)",BULDHANA,Unaided - Private,N,N,1-4878796,fetchdata,2018-2019,Engineering and Technology,1,1,1,1,Maharashtra,1
1-3508299848,S. B. PATIL COLLEGE OF ENGINEERING,"A/P-VANGALI, TAL-INDAPUR, DIST-PUNE 413106",PUNE,Unaided - Private,N,N,1-9647544,fetchdata,2018-2019,Engineering and Technology,1,1,1,1,Maharashtra,1
1-3508322203,RAMBHAU LINGADE POLYTECHNIC COLLEGE,"GAT NO 448,451 LINGADE KNOWLEDGE PARK, CHIKHALI ROAD, BULDHANA",BULDHANA,Unaided - Private,N,N,1-433883613,fetchdata,2018-2019,Engineering and Technology,1,1,1,1,Maharashtra,1
1-3508335966,PVG'S MAHARASHTRA INSTITUTE OF PRINTING TECHNOLOGY,"1786,SADASHIV PETH,PUNE",PUNE,Govt aided,N,N,1-479033741,fetchdata,2018-2019,Engineering and Technology,1,1,1,1,Maharashtra,1
1-3508351957,NIT POLYTECHNIC,"SURVEY NO. 13/2, MAHURZARI, NEAR FETRI, KATOL ROAD, NAGPUR",NAGPUR,Unaided - Private,N,N,1-407026971,fetchdata,2018-2019,Engineering and Technology,1,1,1,1,Maharashtra,1
1-3508352555,SAMRAT ASHOK POLYTECHNIC,"SR.NO.410/1, DERABARDI,
DHULE ROAD, CHALISGAON â 424 101",JALGAON,Unaided - Private,N,N,1-444257561,fetchdata,2018-2019,Engineering and Technology,1,1,1,1,Maharashtra,1
1-3508352847,PROF. RAM MEGHE INSTITUTE OF TECHNOLOGY AND RESEARCH,"ANJANGAON BARI ROAD, BADNERA",AMRAVATI,Unaided - Private,N,N,1-5296001,fetchdata,2018-2019,Engineering and Technology,1,1,1,1,Maharashtra,1
1-3508354123,OM POLYTECHNIC COLLEGE,"SURVEY NO. 79 & 85, MOUZA - PARSODI, TAH. - UMRED, DIST. - NAGPUR",NAGPUR,Unaided - Private,N,N,1-437703501,fetchdata,2018-2019,Engineering and Technology,1,1,1,1,Maharashtra,1
1-3508375451, SHREE SIDHIVINAYAK POLYTECHNIC,"SUR. NO. 86/1,,SIDHATEK BERDI,
TAL. KARJAT,,
AHMADNAGAR-414403",AHMEDNAGAR,Unaided - Private,N,N,1-476125311,fetchdata,2018-2019,Engineering and Technology,1,1,1,1,Maharashtra,1
1-3508375746,"GOVERNMENT INSTITUTE OF PRINTING TECHNOLOGY, MUMBAI","D.N. ROAD, SIR J.J. COLLEGE OF ART CAMPUS, NEAR CRAWFORD MARKET, MUMBAI",MUMBAI CITY,Government,N,N,1-504899711,fetchdata,2018-2019,Engineering and Technology,1,1,1,1,Maharashtra,1
1-3508410725,B.H.S.S.TRUST'S POLYTECHNIC,"BHAYGAON ROAD ,MALEGAON CAMP",NASHIK,Unaided - Private,N,N,1-441945611,fetchdata,2018-2019,Engineering and Technology,1,1,1,1,Maharashtra,1
1-3508411125,NAGPUR INSTITUTE OF TECHNOLOGY,"SURVEY NO. 13/2, MAHURZARI, NEAR FETARI, KATOL ROAD, NAGPUR-441501",NAGPUR,Unaided - Private,N,N,1-4830701,fetchdata,2018-2019,Engineering and Technology,1,1,1,1,Maharashtra,1
1-3508434787,SHRI JAYKUMAR RAWAL INSTITUTE OF TECHNOLOGY,"MANDAL ROAD , DONDIACHA",DHULE,Unaided - Private,N,N,1-484631901,fetchdata,2018-2019,Engineering and Technology,1,1,1,1,Maharashtra,1
1-3508435190,"KONKAN GYANPEETH COLLEGE OF ENGINEERING, KARJAT","VENGAON ROAD, DAHIVALI,
TALUKA - KARJAT,
DISTRICT - RAIGAD, MAHARASHTRA (INDIA)
PIN - 410201",RAIGAD,Unaided - Private,N,N,1-8209546,fetchdata,2018-2019,Engineering and Technology,1,1,1,1,Maharashtra,1
1-3508437024,M. D. JADHAV INSTITUTE OF TECHNOLOGY,"GAT NO 986
A/P: BHOSE
TAL: MIRAJ",SANGLI,Unaided - Private,N,N,1-475274531,fetchdata,2018-2019,Engineering and Technology,1,1,1,1,Maharashtra,1
1-3508177490,SAHAKAR MAHARSHI SHANKARRAO MOHITE-PATIL INSTITUTE OF TECHNOLOGY & RESEARCH,"GAT NO. 93/2/2, 94 AT/POST - YASHWANTNAGAR, TALUKA - MALSHIRAS, DISTRICT - SOLAPUR",SOLAPUR,Unaided - Private,N,N,1-481630821,fetchdata,2018-2019,Engineering and Technology,1,1,1,1,Maharashtra,1
1-3508177979,"TRINITY ACADEMY OF ENGINEERING, PUNE","S.NO.25 & 27,AT-PISOLI,POST-YEWALEWADI,NEAR BOPDEVGHAT,TAL-HAVELI,PUNE.",PUNE,Unaided - Private,N,N,1-3450001,fetchdata,2018-2019,Engineering and Technology,1,1,1,1,Maharashtra,1
1-3508199595,UNIVERSAL COLLEGE OF ENGINEERING,"KAMAN BHIWANDI ROAD, S.N. 146(PART),
KAMAN",THANE,Unaided - Private,N,Y,1-483654421,fetchdata,2018-2019,Engineering and Technology,1,1,1,1,Maharashtra,1
1-3508200577,DATTAKALA GROUP OF INSTITUTIONS,"GAT NO. 541/2, 527 OFF.PUNE-SOLAPUR HIGHWAY NO. 9, A/P-SWAMI-CHINCHOLI, TAHSIL - DAUND, DIST-PUNE PIN-413130",PUNE,Unaided - Private,N,N,1-5986711,fetchdata,2018-2019,Engineering and Technology,1,1,1,1,Maharashtra,1
1-3508215163,SHIVAJIRAO S JONDHALE POLYTECNIC,NAVRE NAGAR B CABIN ROAD AMBERNTH EAST,THANE,Unaided - Private,N,N,1-462248861,fetchdata,2018-2019,Engineering and Technology,1,1,1,1,Maharashtra,1
1-3508215395,"K.V.N.NAIK S.P.SANSTHA'S POLYTECHNIC,NASHIK","CANADA CORNER,NASHIK 422002",NASHIK,Unaided - Private,N,N,1-444260281,fetchdata,2018-2019,Engineering and Technology,1,1,1,1,Maharashtra,1
1-3508215825,"BHARATI VIDYAPEETH'S COLLEGE OF ENGINEERING, LAVALE, PUNE","âBHARATI VIDYAPEETHâS GROUP OF INSTITUTE, LAVALEâ, TECHNICAL CAMPUS
AT-LAVALE, TAL-MULSHI, DIST-PUNE",PUNE,Unaided - Private,N,N,1-506962621,fetchdata,2018-2019,Engineering and Technology,1,1,1,1,Maharashtra,1
1-3508245061,MANAV SCHOOL OF POLYTECHNIC,"SURAT NAGPUR HIGHWAY NH 6, VYALA, TAL BALAPUR",AKOLA,Unaided - Private,N,N,1-737388281,fetchdata,2018-2019,Engineering and Technology,1,1,1,1,Maharashtra,1
1-3508245757,SHANTINIKETAN POLYTECHNIC,SECTOR NO-2 PLOT NO 27 NEW PANVEL(E),RAIGAD,Unaided - Private,N,N,1-463896781,fetchdata,2018-2019,Engineering and Technology,1,1,1,1,Maharashtra,1
1-3508300572,BHARAT COLLEGE OF ENGINEERING,"KANHOR, BADLAPUR (WEST)",THANE,Unaided - Private,N,N,1-10998561,fetchdata,2018-2019,Engineering and Technology,1,1,1,1,Maharashtra,1
1-3508323092,GOVERNMENT POLYTECHNIC PUNE,"UNIVERSITY ROAD,GANESHKHID,PUNE",PUNE,Government,N,N,1-492904741,fetchdata,2018-2019,Engineering and Technology,1,1,1,1,Maharashtra,1
1-3508323795,"GOVERNMENT POLYTECHNIC, AHMEDNAGAR","NEAR I.T.I., BURUDGAON ROAD, AHMEDNAGAR - 414001",AHMEDNAGAR,Government,N,N,1-465626741,fetchdata,2018-2019,Engineering and Technology,1,1,1,1,Maharashtra,1
1-3508324089,GOVERNMENT COLLEGE OF ENGINEERING AND RESEARCH,"AVASARI (KHURD)
TAL. AMBEGAON, DIST. PUNE",PUNE,Government,N,N,1-10063464,fetchdata,2018-2019,Engineering and Technology,1,1,1,1,Maharashtra,1
1-3508336263,ADITYA POLYTECHNIC,"GAT NO. 493, AT AND POST TALAWADE, COLLEGE ROAD, NEAR ADAVALI  RAILWAY STATION, TALUKA LANJA, DIST. RATNAGIRI, MAHARASHTRA",RATNAGIRI,Unaided - Private,N,N,1-1452943251,fetchdata,2018-2019,Engineering and Technology,1,1,1,1,Maharashtra,1
1-3508354456,FR. C. RODRIGUES INSTITUTE OF TECHNOLOGY,"FR. AGNEL TECHNICAL EDUCATION COMPLEX,
SECTOR 9 A, NEAR NOOR MD. MASJID.",THANE,Unaided - Private,N,Y,1-4849231,fetchdata,2018-2019,Engineering and Technology,1,1,1,1,Maharashtra,1
1-3508399120,"GOVERNMENT POLYTECHNIC, PEN","SHIVAJINAGAR, RAMWADI, PEN",RAIGAD,Government,N,N,1-502653541,fetchdata,2018-2019,Engineering and Technology,1,1,1,1,Maharashtra,1
1-3508411916,DHAMANGAON EDUCATION SOCIETY'S COLLEGE OF ENGINEERING & TECHNOLOGY,"KNOWLEDGE HUB, ANJANSINGI ROAD, DHAMANGAON RLY 
TQ- DHAMANGAON RLY DIST: AMRAVATI (MS)",AMRAVATI,Unaided - Private,N,N,1-6545176,fetchdata,2018-2019,Engineering and Technology,1,1,1,1,Maharashtra,1
1-3515214396,AGNIHOTRI COLLEGE OF ENGINEERING,"NEAR BYPASS HIGHWAY
NAGTHANA ROAD SINDI (MEGHE)
WARDHA",WARDHA,Unaided - Private,N,N,1-15049654,fetchdata,2018-2019,Engineering and Technology,1,1,1,1,Maharashtra,1
1-3515239542,BHARATI VIDYAPEETH'S COLLEGE OF ENGINEERING KOLHAPUR,"BHARATI VIDYAPEETH'S COLLEGE OF ENGINEERING, 
NEAR CHITRANAGARI,
 KOLHAPUR-416013",KOLHAPUR,Unaided - Private,N,N,1-7272341,fetchdata,2018-2019,Engineering and Technology,1,1,1,1,Maharashtra,1
1-3515215333,D.Y.PATL COLLEGE OF ENGINEERING,"A/P AMBI,TAL-MAVAL,DIST-PUNE 410506",PUNE,Unaided - Private,N,N,1-10447061,fetchdata,2018-2019,Engineering and Technology,1,1,1,1,Maharashtra,1
1-3515216063,"PRIYADARSHINI J.L.COLLEGE OF ENGINEERING,NAGPUR","846,NEW NANDANVAN,NAGPUR",NAGPUR,Unaided - Private,N,Y,1-5935951,fetchdata,2018-2019,Engineering and Technology,1,1,1,1,Maharashtra,1
1-3515241436,"GURU GOBIND SINGH COLLEGE OF ENGINEERING AND RESEARCH CENTRE, NASHIK","KHALSA EDUCATIONAL COMPLEX, GURU GOBIND SINGH MARG, NASHIK",NASHIK,Unaided - Private,N,N,1-1404766831,fetchdata,2018-2019,Engineering and Technology,1,1,1,1,Maharashtra,1
1-3515216631,JSPM'S RAJARSHI SHAHU COLLEGE OF ENGINEERING,"S. NO. 80, PUNE-MUMBAI BYPASS HIGHWAY,
TATHAWADE, PUNE-411033",PUNE,Unaided - Private,N,N,1-8068015,fetchdata,2018-2019,Engineering and Technology,1,1,1,1,Maharashtra,1
1-3515242223,"MARATHWADA INSTITUTE OF TECHNOLOGY, POLYTECHNIC ROTEGAON","AT. POST. ROTEGAON, NEAR RAILWAY STATION, TQ:VAIJAPUR, DIST:AURANGABAD",AURANGABAD,Unaided - Private,N,N,1-430159691,fetchdata,2018-2019,Engineering and Technology,1,1,1,1,Maharashtra,1
1-3515242508,AGNEL CHARITIES AGNEL POLYTECHNIC,"SECTOR-9A, VASHI,
NAVI MUMBAI
DIST.THANE.",THANE,Unaided - Private,N,Y,1-435792081,fetchdata,2018-2019,Engineering and Technology,1,1,1,1,Maharashtra,1
1-3515242880,"HINDI SEVA MANDAL'S , SHRI SANT GADGE BABA COLLEGE OF ENGINEERING & TECHNOLOGY, BHUSAWAL.","NEAR Z.T.C., BHUSAWAL,
DIST.- JALGAON.
STATE-MAHARASHTRA",JALGAON,Unaided - Private,N,Y,1-3140633,fetchdata,2018-2019,Engineering and Technology,1,1,1,1,Maharashtra,1
1-3515243827,"SHRI VATAVRUKSHA SWAMI MAHARAJ DEVASTHAN'S,KAI.KALYANRAO(BALASAHEB) INGALE POLYTECHNIC COLLEGE","GAT # 604/2,NEAR BHAKTA NIWAS, GANAGAPUR ROAD, AKKALKOT",SOLAPUR,Unaided - Private,N,N,1-426992791,fetchdata,2018-2019,Engineering and Technology,1,1,1,1,Maharashtra,1
1-3515218636,"EKALAVYA SHIKSHAN SANSTHA'S POLYTECHNIC,PUNE","S.NO.68/3/1,PAUD ROAD,KOTHRUD,PUNE",PUNE,Unaided - Private,N,N,1-433830775,fetchdata,2018-2019,Engineering and Technology,1,1,1,1,Maharashtra,1
1-3515219002,BHARATI VIDYAPEETH 'S COLLEGE OF ENGINEERING FOR WOMEN,"PUNE â SATARA ROAD, DHANKAWADI, TAL :- HAWELI
  DIST :- PUNE. PIN :- 411 043.",PUNE,Unaided - Private,Y,N,1-13238621,fetchdata,2018-2019,Engineering and Technology,1,1,1,1,Maharashtra,1
1-3515244131,UNIVERSAL COLLEGE OF ENGINEERING & RESEARCH,"GAT NO. 430, SASEWADI, TALUKA - BHOR,",PUNE,Unaided - Private,N,N,1-3101711,fetchdata,2018-2019,Engineering and Technology,1,1,1,1,Maharashtra,1
1-3515244870,SONATAI PANDAV POLYTECHNIC,"SURVEY NO.73,AT. LAMDHAM, POST-PARADSINGA,TAH-KATOL.",NAGPUR,Unaided - Private,N,N,1-455493441,fetchdata,2018-2019,Engineering and Technology,1,1,1,1,Maharashtra,1
1-3515219573,J.T. MAHAJAN COLLEGE OF ENGINEERING,"JIVRAMNAGAR,
NHAVI-MARG, MSSK,
FAIZPUR,
TEHSIL - YAWAL, DISTRICT - JALGAON",JALGAON,Unaided - Private,N,N,1-2056282,fetchdata,2018-2019,Engineering and Technology,1,1,1,1,Maharashtra,1
1-3515220480,MAHAVIR POLYTECHNIC,"GUT NO. 166, MHASRUL-VARVANDI ROAD, TALUKA - DINDORI, DISTRICT - NASHIK. (M.S.)",NASHIK,Unaided - Private,N,N,1-420978581,fetchdata,2018-2019,Engineering and Technology,1,1,1,1,Maharashtra,1
1-3515245483,DNYANSHREE INSTITUTE ENGINEERING AND TECHNOLOGY,"A/P:-SONVADI-GAJVADI,  SAJJANGAD ROAD,
TAL.-SATARA,
DIST.-SATARA.  MAHARASHTRA,INDIA",SATARA,Unaided - Private,N,N,1-773561721,fetchdata,2018-2019,Engineering and Technology,1,1,1,1,Maharashtra,1
1-3515246611,"SHRI SHIVAJI SHIKSHAN PRASARAK MANDAL, SHRI CHHATRAPATI SHIVAJI COLLEGE OF ENGINEERING","SHIRSHIVAJINAGAR (RAHURI FACTORY)
TAL: RAHURI, DIST: AHMEDNAGAR (MAHARASHTRA) 413706",AHMEDNAGAR,Unaided - Private,N,N,1-22837831,fetchdata,2018-2019,Engineering and Technology,1,1,1,1,Maharashtra,1
1-3515247569,DR. J.J. MAGDUM COLLEGE OF ENGINEERING.,"GAT NO.-314/330.AGAR BHAG, SHIROLWADI ROAD.",KOLHAPUR,Unaided - Private,N,N,1-4190011,fetchdata,2018-2019,Engineering and Technology,1,1,1,1,Maharashtra,1
1-3515249822,TERNA PUBLIC CHARITABLE TRUST'S  TERNA  ENGINEERING COLLEGE,"PLOT NO 12, SECTOR 22, PHASE II , 
OPPOSITE NERUL RAILWAY STATION,
NERUL (WEST)",THANE,Unaided - Private,N,N,1-4011650,fetchdata,2018-2019,Engineering and Technology,1,1,1,1,Maharashtra,1
1-3515222385,BHARAT RATNA LATA MANGESHKAR COLLEGE OF ENGINEERING AND TECHNOLOGY (DIPLOMA),"AT.POST AURAD SHAHAJANI TQ.NILNAGA,DIST.LATUR(MS)
PIN.413522",LATUR,Unaided - Private,N,N,1-466080731,fetchdata,2018-2019,Engineering and Technology,1,1,1,1,Maharashtra,1
1-3515222690,"SHRI SHIVAJI VIDYA PRASARAK SANSTHA'S LATE BAPUSAHEB SHIVAJIRAO DEORE POLYTECHNIC, DHULE","VIDYANAGARI DEOPUR, DHULE",DHULE,Unaided - Private,N,N,1-424082301,fetchdata,2018-2019,Engineering and Technology,1,1,1,1,Maharashtra,1
1-3515223290,ABHINAV EDUCATION SOCIETYS COLLEGE OF ENGINEERING AND TECHNOLOGY (POLYTECHNIC),"SR. NO.-209,
AT-WADWADI
POST- WING
TAL-KHANDALA
DIST-SATARA
PIN-412801",SATARA,Unaided - Private,N,N,1-426985841,fetchdata,2018-2019,Engineering and Technology,1,1,1,1,Maharashtra,1
1-3515253975,"G. H. RAISONI COLLEGE OF ENGINEERING, NAGPUR.","CRPF GATE NO.3, DIGDOH HILLS, MIDC AREA, HINGNA ROAD, NAGPUR",NAGPUR,Unaided - Private,N,Y,1-3285267,fetchdata,2018-2019,Engineering and Technology,1,1,1,1,Maharashtra,1
1-3515224060,"VIDYA VIKAS PRATISHTHAN POLYTECHNIC,SOLAPUR","GAT NO 72/2 PRATAPNAGAR, SOREGAON-DONGAON ROAD SOREGAON SOLAPUR",SOLAPUR,Unaided - Private,N,N,1-409588801,fetchdata,2018-2019,Engineering and Technology,1,1,1,1,Maharashtra,1
1-3515224539,ST. JOHN COLLEGE OF ENGINEERING AND MANAGEMENT,"ST. JOHN TECHNICAL EDUCATION COMPLEX, VEVOOR, MANOR ROAD, PALGHAR (E), THANE DISTRICT",THANE,Unaided - Private,N,Y,1-4790201,fetchdata,2018-2019,Engineering and Technology,1,1,1,1,Maharashtra,1
1-3515226144,DR.D.Y.PATIL SCHOOL OF ENGINEERING AND TECHNOLOGY,"DR.D.Y.PATIL KNOWLEDGE CITY,S.NO-136,CHARHOLI(BK),VIA LOHEGAON,TAL-HAVELI,",PUNE,Unaided - Private,N,N,1-747612601,fetchdata,2018-2019,Engineering and Technology,1,1,1,1,Maharashtra,1
1-3515226869,DR.D.Y.PATIL COLLEGE OF ENGINEERING & INNOVATION,"SR.NO.27/A/1/2K, NEAR TALEGAON RAILWAY STATION, A/P VARALE, TALEGAON, TAL-MAVAL,DIST PUNE 410507",PUNE,Unaided - Private,N,N,1-2181324871,fetchdata,2018-2019,Engineering and Technology,1,1,1,1,Maharashtra,1
1-3515227392,MAHARASHTRA MUDRAN PARISHADS' INSTITUTE OF PRINTING TECHNOLOGY & RESEARCH,"PLOT NO. 3, SECTOR - 11, BALBHARATI MARG, KHANDA COLONY, NEW PANVEL, 410206",RAIGAD,Unaided - Private,N,N,1-539082885,fetchdata,2018-2019,Engineering and Technology,1,1,1,1,Maharashtra,1
1-3515227503,"MAHATMA GANDHI MISSION'S ,JAWAHARLAL NEHRU ENGINEERING COLLEGE","N-6,CIDCO,AURANGABAD- 431003",AURANGABAD,Unaided - Private,N,N,1-5377821,fetchdata,2018-2019,Engineering and Technology,1,1,1,1,Maharashtra,1
1-3515229690,SVKM'S NARSEE MONJEE INSTITUTE OF MANAGEMENT STUDIES,"BABHULDE, BANK OF TAPI RIVER, MUMBAI AGRA ROAD",DHULE,University Managed-Private,N,Y,1-513082061,fetchdata,2018-2019,Engineering and Technology,1,1,1,1,Maharashtra,1
1-3515230975,B.L.PATIL POLYTECHNIC,"NEAR OLD POLICE STATION KHOPOLI 
TAL KHALAPUR",RAIGAD,Unaided - Private,N,N,1-445051801,fetchdata,2018-2019,Engineering and Technology,1,1,1,1,Maharashtra,1
1-3515232607,INSTITUTE OF KNOWLEDGE-COLLEGE OF ENGINEERING,"S. NO. 60,PLOT NO -6 A/P . PIMPLE JAGTAP, 
TALUKA - SHIRUR, DISTRICT â PUNE",PUNE,Unaided - Private,N,N,1-4976011,fetchdata,2018-2019,Engineering and Technology,1,1,1,1,Maharashtra,1
1-3515233198,"VIDARBHA YOUTH WELFARE SOCIETY'S POLYTECHNIC, BADNERA",ANJANGAON BARI ROAD BADNERA (RLY),AMRAVATI,Unaided - Private,N,N,1-406972591,fetchdata,2018-2019,Engineering and Technology,1,1,1,1,Maharashtra,1
1-3515233932,SHIVAJIRAO S. JONDHLE COLLEGE OF ENGINEERING &TECHNOLOGY,"AT ASANGAON, OPP RAILWAY STATION, ASANGAON TAL SHAHAPUR DIST THANE",THANE,Unaided - Private,N,N,1-21309801,fetchdata,2018-2019,Engineering and Technology,1,1,1,1,Maharashtra,1
1-3515210633,MATOSHRI PRATISHTHAN'S GROUP OF INSTITUTION SCHOOL OF ENGINEERING AND SCHOOL OF MANAGEMENT,"JIJAU NAGAR,OFF LATUR NANDED HIGHWAY,AT KHUPSARWADI,PO.VISHNUPURI,",NANDED,Unaided - Private,N,N,1-6754941,fetchdata,2018-2019,Engineering and Technology,1,1,1,1,Maharashtra,1
1-3515234618,"P R POTE(PATIL) EDUCATION & WELFARE TRUST'S, GROUP OF INSTITUTIONS, COLLEGE OF ENGINEERING & MANAGEMENT","
KATHORA ROAD
AMRAVATI",AMRAVATI,Unaided - Private,N,N,1-4459396,fetchdata,2018-2019,Engineering and Technology,1,1,1,1,Maharashtra,1
1-3515235729,"P.DR.V.V.P.INSTITUTE OF TECHONOLOGY & ENGINEERING (POLYTECHNIC), PRAVARANAGAR","A/P-LONI, TAL-RAHATA, DIST-AHMEDNAGAR (M.S.)",AHMEDNAGAR,Unaided - Private,N,N,1-421292021,fetchdata,2018-2019,Engineering and Technology,1,1,1,1,Maharashtra,1
1-3515211262,DR. ASHOK GUJAR TECHNICAL INSTITUTE'S DR. DAULATRAO AHER COLLEGE OF ENGINEERING,"VIDYANAGAR EXTENSION, BANAWADI, KARAD",SATARA,Unaided - Private,N,N,1-14782151,fetchdata,2018-2019,Engineering and Technology,1,1,1,1,Maharashtra,1
1-3515212178,"DR. PANJABRAO DESHMUKH POLYTECHNIC, AMRAVATI","SHIVAJI NAGAR,",AMRAVATI,Govt aided,N,N,1-424592181,fetchdata,2018-2019,Engineering and Technology,1,1,1,1,Maharashtra,1
1-3515236425,NIT'S LATE ANNASAHEB PATIL POLYTECHNIC,"SVR. NO.155 /1A , HIRAWADI , BEHIND HYDRO DIVISION ,CANOL ROAD ,PANCHAVATI",NASHIK,Unaided - Private,N,N,1-431327121,fetchdata,2018-2019,Engineering and Technology,1,1,1,1,Maharashtra,1
1-3515212518,A.I.'S MOHAMMED HAJI SABOO SIDDIK POLYTECHNIC,"8, SABOO SIDDIK POLYTECHNIC ROAD,BYCULLA",MUMBAI CITY,Govt aided,N,Y,1-461316291,fetchdata,2018-2019,Engineering and Technology,1,1,1,1,Maharashtra,1
1-3515212969,S.V.P.M.'S COLLEGE OF ENGINEERING,"A/P- MALEGAON (BK), TAL- BARAMATI, DIST-PUNE, PIN- 413115, MAHARASHTRA, INDIA",PUNE,Unaided - Private,N,N,1-3548907,fetchdata,2018-2019,Engineering and Technology,1,1,1,1,Maharashtra,1
1-3515213828,D.Y.PATIL COLLEGE OF ENGINEERING & POLYTECHNIC,"GAT NO - 85, A/P- TALSANDE, TAL-HATKANANGALE, DIST- KOLHAPUR",KOLHAPUR,Unaided - Private,N,N,1-455929981,fetchdata,2018-2019,Engineering and Technology,1,1,1,1,Maharashtra,1
1-3515237683,SHRI CHHATRAPATI SHIVAJIRAJE COLLEGE OF ENGINEERING,"S.NO. 237, DHANGWADI, TAL. BHOR, DIST. PUNE",PUNE,Unaided - Private,N,N,1-8370541,fetchdata,2018-2019,Engineering and Technology,1,1,1,1,Maharashtra,1
1-3515238524,DHARTI JNSEVA PRATISHTHN'S DIPLOMA IN ENGINEERING & TECHNOLOGY INSTITUTE  (POLYTECHNIC),"GUT NO.159, ROHANWADI (AMBEWADI) REOGAON ROAD JALNA",JALNA,Unaided - Private,N,N,1-502053141,fetchdata,2018-2019,Engineering and Technology,1,1,1,1,Maharashtra,1
1-3513295055,DR.J.J.MAGDUM POLYTECHNIC JAYSINGPUR,"SHIROL-WADI ROAD JAYSINGPUR ,
TAL:-SHIROL, DIST:-KOLHAPUR",KOLHAPUR,Unaided - Private,N,N,1-457314461,fetchdata,2018-2019,Engineering and Technology,1,1,1,1,Maharashtra,1
1-3513297631,ANJUMAN-I-ISLAM'S M. H. SABOO SIDDIK COLLEGE OF ENGINEERING,"8, SABOO SIDDIK POLYTECHNIC ROAD, BYCULLA, MUMBAI",MUMBAI CITY,Unaided - Private,N,Y,1-6552785,fetchdata,2018-2019,Engineering and Technology,1,1,1,1,Maharashtra,1
1-3513301393,G.H.RAISONI COLLEGE OF ENGINEERING & MANAGEMENT,"GAT NO.1200, DOMKHEL ROAD, WAGHOLI, PUNE - 412 207",PUNE,Unaided - Private,N,Y,1-1720061,fetchdata,2018-2019,Engineering and Technology,1,1,1,1,Maharashtra,1
1-3748386461,SCHOOL OF ARTILLERY,DEVLALI 422401,NASHIK,Government,N,N,,fetchdata,2018-2019,Engineering and Technology,1,1,1,1,Maharashtra,1
1-3753025351,MECHANISED INFANTRY REGIMENTAL CENTRE MIRC,"MEHANISED INFANTRY REGIMENTAL CENTRE MIRC
AHMEDNAGAR",AHMEDNAGAR,Government,N,N,,fetchdata,2018-2019,Engineering and Technology,1,1,1,1,Maharashtra,1
1-3751124151,INSTITUTE OF CHEMICAL TECHNOLOGY MUMBAI MARATHWADA OFF CAMPUS,"M/S BEEJ SHEETAL RESEARCH PRIVATE LIMITED, BT-5/13-1/13-2/13-3, BIOTECHNOLOGY PARK, ADDITIONAL MIDC AREA, AURANGABAD ROAD, DIST- JALNA, MAHARASHTRA, PIN - 431 203",JALNA,Deemed University(Government),N,N,,fetchdata,2018-2019,Engineering and Technology,1,1,1,1,Maharashtra,1
1-3694207201,VISHWAKARMA UNIVERSITY SCHOOL OF ENGINEERING AND TECHNOLOGY,"SURVEY NO. 2.3.4. LAXMINAGAR, KONDHWA BUDRUK,",PUNE,University Managed-Private,N,N,,fetchdata,2018-2019,Engineering and Technology,1,1,1,1,Maharashtra,1
1-3683159811,HOMI BHABHA NATIONAL INSTITUTE,"TRAINING SCHOOL COMPLEX
2ND FLOOR
ANUSHAKTHINAGAR
MUMBAI 400 094",MUMBAI CITY,Deemed University(Government),N,N,,fetchdata,2018-2019,Engineering and Technology,1,1,1,1,Maharashtra,1
1-3713389121,DR. VISHWANATH KARAD MIT WORLD PEACE  UNIVERSITY,"SN 124, PAUD ROAD, KOTHRUD, PUNE 411038",PUNE,University Managed-Private,N,N,,fetchdata,2018-2019,Engineering and Technology,1,1,1,1,Maharashtra,1
1-3517430090,ALARD COLLEGE OF ENGINEERING & MANAGEMENT,"SURVAY  NO. 50, NEAR RAJEEV GANDHI INFOTECH PARK, PHASE II(HINJEWADI), MARUNJE, PUNE - 411057",PUNE,Unaided - Private,N,Y,1-6506121,fetchdata,2018-2019,Engineering and Technology,1,1,1,1,Maharashtra,1
1-3517433687,RIZVI COLLEGE OF ENGINEERING,"RIZVI EDUCATIONAL COMPLEX, SHERLY RAJAN VILLAGE
OFF. CARTER ROAD, BANDRA (WEST)",MUMBAI SUBURBAN,Unaided - Private,N,Y,1-20942721,fetchdata,2018-2019,Engineering and Technology,1,1,1,1,Maharashtra,1
1-3517435091,PADMABHUSHAN VASANTDADA PATIL PRATISHTHAN'S COLLEGE OF ENGINEERING,"VASANTDADA PATIL EDUCATIONAL COMPLEX, EASTERN EXPRESS HIGHWAY, NEAR PRIYADARSHINI BUILDING, SION-CHUNABHATTI, MUMBAI - 400 022",MUMBAI CITY,Unaided - Private,N,N,1-4391771,fetchdata,2018-2019,Engineering and Technology,1,1,1,1,Maharashtra,1
1-3517445201,GOVERNMENT POLYTECHNIC NANDURBAR,"MAUJE HOLE TARFE HAVELI,NEAR DUBKESHWAR MAHADEV MANDIR
NANDURBAR",NANDURBAR,Government,N,N,1-493083881,fetchdata,2018-2019,Engineering and Technology,1,1,1,1,Maharashtra,1
1-3517156853,SHRI GURU GOBIND SINGHJI INSTITUTE OF ENGINEERING AND TECHNOLOGY,VISHNUPURI,NANDED,Government,N,N,1-414200305,fetchdata,2018-2019,Engineering and Technology,1,1,1,1,Maharashtra,1
1-3517903374,"K.T.PATIL COLLEGE OF ENGINEEGING & TECHNOLOGY , OSMANABAD","JADHAVWADI ROAD ,OSMANABAD",OSMANABAD,Unaided - Private,N,N,1-9310541,fetchdata,2018-2019,Engineering and Technology,1,1,1,1,Maharashtra,1
1-3517904009,DR. BHAUSAHEB NANDURKAR COLLEGE OF ENGG.,SHRI SATYA SAI KRIDA NAGARI WAGHAPUR ROAD YAVATMAL-445001.,YAVATMAL,Unaided - Private,N,N,1-19617351,fetchdata,2018-2019,Engineering and Technology,1,1,1,1,Maharashtra,1
1-3517551318,THADOMAL SHAHANI ENGINEERING COLLEGE,"P.G. KHER MARG,32ND ROAD,TPS III OFF. LINKING ROAD BANDRA(WEST) MUMBAI 400050",MUMBAI SUBURBAN,Unaided - Private,N,Y,1-8657401,fetchdata,2018-2019,Engineering and Technology,1,1,1,1,Maharashtra,1
1-3666700811,MAHATMA GANDHI ANTARRASHTRIYA HINDI VISHWAVIDYALAYA,"GANDHI HILLS
",WARDHA,Central University,N,N,,fetchdata,2018-2019,Engineering and Technology,1,1,1,1,Maharashtra,1
1-3517900088,VITTHAL PATIL POLYTECHNIC,"A/P INAM DHAMNI, TAL:- MIRAJ, DIST:- SANGLI-416416",SANGLI,Unaided - Private,N,N,1-431174941,fetchdata,2018-2019,Engineering and Technology,1,1,1,1,Maharashtra,1
1-3516493630,KIRTI POLYTECHNIC,"UTTAM NAGAR, TQ.AMRAVATI, DIST.AMRAVATI
(M.S.)444606",AMRAVATI,Unaided - Private,N,N,1-2061229791,fetchdata,2018-2019,Engineering and Technology,1,1,1,1,Maharashtra,1
1-3516495859,DR.D.Y.PATIL POLYTECHNIC,"DR. D.Y. PATIL VIDYANAGAR, DR.D.Y. PATIL POLYTECHNIC , SECTOR- 7 , PHASE - 1,",THANE,Unaided - Private,N,N,1-429714261,fetchdata,2018-2019,Engineering and Technology,1,1,1,1,Maharashtra,1
1-3761188491,SHRI VILE PARLE KELAVANI MANDALS NARSEE MONJEE INSTITUTE OF MANAGEMENT STUDIES DEEMED TO BE UNIVERSITY SVKMS NMIMS,"V.L.MEHTA ROAD,VILE PARLE (W)",MUMBAI SUBURBAN,Deemed University(Private),N,Y,,fetchdata,2018-2019,Engineering and Technology,1,1,1,1,Maharashtra,1
1-3516496809,G. E. SOCIETY'S KATGARA POLYTECHNIC INSTITUTE,"AT POST BORDI, 
TAL. DAHANU",THANE,Unaided - Private,N,N,1-493178931,fetchdata,2018-2019,Engineering and Technology,1,1,1,1,Maharashtra,1
1-3517586800,SMT INDIRA GANDHI COLLEGE OF ENGINEERING,"PLOT NO 1, SECT 8, GHANSOLI, NAVI MUMBAI 400701",THANE,Unaided - Private,N,N,1-5935221,fetchdata,2018-2019,Engineering and Technology,1,1,1,1,Maharashtra,1
1-3516268944,SINHGAD COLLEGE OF ENGINEERING,"S. NO. 44/1, VADGAON (BUDARUK)
OFF SINHGAD ROAD, PUNE",PUNE,Unaided - Private,N,N,1-3674191,fetchdata,2018-2019,Engineering and Technology,1,1,1,1,Maharashtra,1
1-3516273538,MAHARSHI KARVE STREE SHIKSHAN SAMSTHA'S CUMMINS COLLEGE OF ENGINEERING FOR WOMEN,"KARVENAGAR, PUNE 411 052",PUNE,Unaided - Private,Y,N,1-5901008,fetchdata,2018-2019,Engineering and Technology,1,1,1,1,Maharashtra,1
1-3516276991,BHARATIYA VIDYA BHAVANS SARDAR PATEL INSTITUTE OF TECHNOLOGY,"BHAVANS CAMPUS, MUNSHI NAGAR, ANDHERI WEST MUMBAI",MUMBAI CITY,Unaided - Private,N,N,1-5754558,fetchdata,2018-2019,Engineering and Technology,1,1,1,1,Maharashtra,1
1-3516278040,"AMRUTVAHINI COLLEGE OF ENGINEERING, SANGAMNER","AMRUTNAGAR, GHULWADI, SANGAMNER , DIST - AHMEDNAGAR",AHMEDNAGAR,Unaided - Private,N,N,1-7576531,fetchdata,2018-2019,Engineering and Technology,1,1,1,1,Maharashtra,1
1-3516280649,SHRI SHANKARPRASAD AGNIHOTRI COLLEGE OF ENGINEERING,"AGNIHOTRI COLLEGE CAMPUS 
BAPUJI WADI
SINDI MEGHE
WARDHA",WARDHA,Unaided - Private,N,N,1-15135074,fetchdata,2018-2019,Engineering and Technology,1,1,1,1,Maharashtra,1
1-3516282121,AMRUTVAHINI POLYTECHNIC,"AMRUTNAGAR,
P.O. SANGAMNER S.K.
TAL: SANGAMNER
DIST: AHMEDNAGAR",AHMEDNAGAR,Unaided - Private,N,N,1-461211011,fetchdata,2018-2019,Engineering and Technology,1,1,1,1,Maharashtra,1
1-3691525135,D Y PATIL DEEMED TO BE UNIVERSITY DEPARTMENT OF  BIOTECHNOLOGY AND BIOINFORMATICS NAVI MUMBAI,"SECTOR 15, PLOT 50, CBD BELAPUR,",THANE,Deemed University(Private),N,N,,fetchdata,2018-2019,Engineering and Technology,1,1,1,1,Maharashtra,1
1-3516237265,PIMPRI CHINCHWAD COLLEGE OF ENGINEERING,"SECTOR NO 26,PRADHIKARAN,NIGADI,PUNE 44",PUNE,Unaided - Private,N,N,1-6028469,fetchdata,2018-2019,Engineering and Technology,1,1,1,1,Maharashtra,1
1-3516284454,"VIDYA PRATISHTHANâS KAMALNAYAN BAJAJ INSTITUTE OF ENGINEERING & TECHNOLOGY, BARAMATI","VIDYANAGARI, MIDC (RESI. ZONE),
BARAMATI, DIST. PUNE - 413133, MAHARASHTRA STATE, INDIA",PUNE,Unaided - Private,N,N,1-1559911,fetchdata,2018-2019,Engineering and Technology,1,1,1,1,Maharashtra,1
1-3516238900,SURYODAYA COLLEGE OF ENGINEERING & TECHNOLOGY,"SURVEY NO. 117/1 & 117/3 A, VIHIRGAON,",NAGPUR,Unaided - Private,N,N,1-6595181,fetchdata,2018-2019,Engineering and Technology,1,1,1,1,Maharashtra,1
1-3516240441,GOVERNMENT POLYTECHNIC NAGPUR,"MANGALWARI BAZAR, SADAR NAGPUR",NAGPUR,Government,N,N,1-499418051,fetchdata,2018-2019,Engineering and Technology,1,1,1,1,Maharashtra,1
1-3516241198,WALCHAND COLLEGE OF ENGINEERING,"OPP. WILLINGDON COLLEGE POST OFFICE
VISHRAMBAG",SANGLI,Govt aided,N,N,1-4197831,fetchdata,2018-2019,Engineering and Technology,1,1,1,1,Maharashtra,1
1-3516288736,SHRI DATTA MEGHE POLYTECHNIC,"248/3, HINGNA ROAD,",NAGPUR,Unaided - Private,N,N,1-412299001,fetchdata,2018-2019,Engineering and Technology,1,1,1,1,Maharashtra,1
1-3516289824,K. D. K. COLLEGE OF ENGINEERING,"GREAT NAG ROAD, NANDANVAN, NAGPUR-440009",NAGPUR,Unaided - Private,N,N,1-4449691,fetchdata,2018-2019,Engineering and Technology,1,1,1,1,Maharashtra,1
1-3516244796,PREMLILA VITHALDAS POLYTECHNIC,"SNDT WOMEN'S UNIVERSITY, VITHALDAS VIDYA VIHAR, JUHU ROAD, SANTACRZ WEST",MUMBAI SUBURBAN,University Managed-Govt,Y,N,1-817913391,fetchdata,2018-2019,Engineering and Technology,1,1,1,1,Maharashtra,1
1-3516245285,"PROGRESSIVE EDUCATION SOCIETY'S MODERN COLLEGE OF ENGINEERING, PUNE","1186 A, SHIVAJINAGAR, OFF. J.M. ROAD, TAL: HAVELI, PUNE-411005, MAHARASHTRA, INDIA",PUNE,Unaided - Private,N,N,1-4779181,fetchdata,2018-2019,Engineering and Technology,1,1,1,1,Maharashtra,1
1-3516292451,JAYAWANT SHIKSHAN PRASARAK MANDAL'S IMPERIAL COLLEGE OF ENGINEERING AND RESEARCH,"GAT NO- 720 (1 AND 2) PUNE-NAGAR ROAD,
AT POST-WAGHOLI,TALUKA-HAVELI ,DISTRICT-PUNE,   PIN-412207",PUNE,Unaided - Private,N,N,1-5979543,fetchdata,2018-2019,Engineering and Technology,1,1,1,1,Maharashtra,1
1-3516294787,WALCHAND INSTITUTE OF TECHNOLOGY,"SETH WALCHANAND HIRACHAND MARG
POST BOX NO. 634
ASHOK CHOWK",SOLAPUR,Unaided - Private,N,Y,1-3869061,fetchdata,2018-2019,Engineering and Technology,1,1,1,1,Maharashtra,1
1-3516297153,CENTRAL INSTITUTE OF PLASTICS ENGINEERING & TECHNOLOGY,J-3/2 MIDC INDUSTRIAL AREA,AURANGABAD,Government,N,N,1-481299411,fetchdata,2018-2019,Engineering and Technology,1,1,1,1,Maharashtra,1
1-3517144289,SHRI RAMDEOBABA COLLEGE OF ENGINEERING AND MANAGEMENT,"RAMDEO TEKDI, KATOL ROAD,
GITTIKHADAN,
NAGPUR",NAGPUR,Unaided - Private,N,Y,1-3638154,fetchdata,2018-2019,Engineering and Technology,1,1,1,1,Maharashtra,1
1-3517145660,KASEGAON EDUCATION SOCIETYS RAJARAMBAPU INSTITUTE OF TECHNOLOGY,"RAJARAMNAGAR, SAKHARALE, TAL. WALWA, DIST. SANGLI",SANGLI,Unaided - Private,N,N,1-5373023,fetchdata,2018-2019,Engineering and Technology,1,1,1,1,Maharashtra,1
1-3516246374,PADMABHOOSHAN VASANTRAODADA PATIL INSTITUTE OF TECHNOLOGY,"AT- BUDHGAON, TALUKA- MIRAJ, DIST.- SANGLI.",SANGLI,Unaided - Private,N,N,1-10058361,fetchdata,2018-2019,Engineering and Technology,1,1,1,1,Maharashtra,1
1-3516247482,"ABHA GAIKWAD-PATIL COLLEGE OF ENGINEERING, NAGPUR","KH. NO. 8/1, (P.S.K. 74), MOHGAON, WARDHA ROAD, NAGPUR",NAGPUR,Unaided - Private,N,Y,1-6349161,fetchdata,2018-2019,Engineering and Technology,1,1,1,1,Maharashtra,1
1-3516252120,VIVEKANAND EDUCATION SOCIETY'S POLYTECHNIC,"SINDHI SOCIETY, CHEMBUR, MUMBAI-400071",MUMBAI CITY,Unaided - Private,N,Y,1-424116251,fetchdata,2018-2019,Engineering and Technology,1,1,1,1,Maharashtra,1
1-3516297402,GRAMIN POLYTECHNIC,GRAMIN POLYTECHNIC VISHNUPURI NANDED,NANDED,Unaided - Private,N,N,1-428117711,fetchdata,2018-2019,Engineering and Technology,1,1,1,1,Maharashtra,1
1-3516298446,"S B JAIN INSTITUTE OF TECHNOLOGY, MANAGEMENT AND RESEARCH"," BEHIND ASARAM BAPU ASHRAM,
GRAM -YERALA, KATOL ROAD, NAGPUR",NAGPUR,Unaided - Private,N,Y,1-6383362,fetchdata,2018-2019,Engineering and Technology,1,1,1,1,Maharashtra,1
1-3516299253,N. B. NAVALE SINHGAD COLLEGE OF ENGINEERING,"AT POST KEGAON, SOLAPUR - PUNE NATIONAL HIGHWAY, DIST SOLAPUR, MAHARASHTRA,  PIN- 413256",SOLAPUR,Unaided - Private,N,N,1-2945211,fetchdata,2018-2019,Engineering and Technology,1,1,1,1,Maharashtra,1
1-3517147605,VEERMATA JIJABAI TECHNOLOGICAL INSTITUTE,"H R MAHAJANI MARG,
MATUNGA,
MUMBAI - 400 019",MUMBAI CITY,Govt aided,N,N,1-5149491,fetchdata,2018-2019,Engineering and Technology,1,1,1,1,Maharashtra,1
1-3516255309,ZAGDU SINGH CHARITABLE TRUST'S THAKUR POLYTECHNIC,"THAKUR COMPLEX,  KANDIVLI (E),
MUMBAI - 400101",MUMBAI SUBURBAN,Unaided - Private,N,Y,1-411241581,fetchdata,2018-2019,Engineering and Technology,1,1,1,1,Maharashtra,1
1-3516300037,"ANNASAHEB DANGE COLLEGE OF ENGINEERING AND TECHNOLOGY, ASHTA","NEAR OLD AIRPORT, A/P - ASHTA, TAL - WALWA, DIST - SANGLI",SANGLI,Unaided - Private,N,N,1-4318091,fetchdata,2018-2019,Engineering and Technology,1,1,1,1,Maharashtra,1
1-3516301390,J D COLLEGE OF ENGINEERING AND MANAGEMENT,"AT:KHANDALA , POST: VALNI,KATOL ROAD, NAGPUR 441 501",NAGPUR,Unaided - Private,N,Y,1-8019991,fetchdata,2018-2019,Engineering and Technology,1,1,1,1,Maharashtra,1
1-3517930765,WATUMULL INSTITUTE OF ELECTRONICS ENGINEERING AND COMPUTER TECHNOLOGY,"PLOT NO. 157, SRIMATI S  H MANSUKHANI ROAD, OPPOSITE ULHASNAGAR RAILWAY STATION (WEST), ULHASNAGAR, DISTT. THANE, MAHARASHTRA-421003",MUMBAI CITY,Unaided - Private,N,Y,1-4193621,fetchdata,2018-2019,Engineering and Technology,1,1,1,1,Maharashtra,1
1-3516255978,SINHGAD INSTITUTE OF TECHNOLOGY AND SCIENCE,"49/1 NARHE - AMBEGAON (BK.), OFF WESTERNLY BYPASS, PUNE - MUMBAI EXPRESSWAY, PUNE",PUNE,Unaided - Private,N,N,1-4606451,fetchdata,2018-2019,Engineering and Technology,1,1,1,1,Maharashtra,1
1-3516257875,TSSM'S BHIVARABAI SAWANT COLLEGE OF ENGINEERING AND RESEARCH,"S.NO. 12/1/2 AND 12/2/2, NARHE, TALUKA HAVELI, DIST: PUNE",PUNE,Unaided - Private,N,N,1-3669721,fetchdata,2018-2019,Engineering and Technology,1,1,1,1,Maharashtra,1
1-3516302564,JHULELAL INSTITUTE OF TECHNOLOGY,"OFF KORADI ROAD, LONARA, NAGPUR",NAGPUR,Unaided - Private,N,Y,1-2757921,fetchdata,2018-2019,Engineering and Technology,1,1,1,1,Maharashtra,1
1-3516304474,K. J. SOMAIYA COLLEGE OF ENGINEERING,"VIDYANAGAR , VIDYAVIHAR,
MUMBAI -400077",MUMBAI SUBURBAN,Unaided - Private,N,Y,1-3118891,fetchdata,2018-2019,Engineering and Technology,1,1,1,1,Maharashtra,1
1-3516306350,YESHWANTRAO CHAVAN COLLEGE OF ENGINEERING,"WANADONGRI,
HINGNA ROAD,
NAGPUR - 441 110",NAGPUR,Unaided - Private,N,N,1-4736951,fetchdata,2018-2019,Engineering and Technology,1,1,1,1,Maharashtra,1
1-3516258859,G. H. RAISONI INSTITUTE OF ENGINEERING & TECHNOLOGY,"37-39/1, SHRADHA PARK, HARIGANGA,
HINGANA - WADI LINK ROAD,
NAGPUR-16",NAGPUR,Unaided - Private,N,Y,1-8811246,fetchdata,2018-2019,Engineering and Technology,1,1,1,1,Maharashtra,1
1-3516259892,ANJUMAN POLYTECHNIC,"MANGALWARI BAZAR ROAD, SADAR, NAGPUR.",NAGPUR,Unaided - Private,N,Y,1-414227051,fetchdata,2018-2019,Engineering and Technology,1,1,1,1,Maharashtra,1
1-3516308278,"GOVERNMENT COLLEGE OF ENGINEERING, AMRAVATI","GADGE NAGAR, VMV ROAD, NEAR KATHORA NAKA",AMRAVATI,Government,N,N,1-9598767,fetchdata,2018-2019,Engineering and Technology,1,1,1,1,Maharashtra,1
1-3516310202,KALYANI CHARITABLE TRUST'S LATE G.N.SAPKAL COLLEGE OF ENGINEERING,"SAPKAL KNOWLEDGE HUB,KALYANI HILLS,

ANJANERI-WADHOLI,TAL.TRIMBAKESHWAR,DIST.NASHIK (M.S.)

PIN-422 212",NASHIK,Unaided - Private,N,N,1-7351948,fetchdata,2018-2019,Engineering and Technology,1,1,1,1,Maharashtra,1
1-3516312164,SWVSM'S TATYASAHEB KORE INSTITUTE OF ENGINEERING AND TECHNOLOGY,"TATYASAHEB KORE INSTITUTE OF ENGINEERING AND TECHNOLOGY, WARANANAGAR, TAL.: PANHALA, 
DIST.: KOLHAPUR",KOLHAPUR,Unaided - Private,N,N,1-3674181,fetchdata,2018-2019,Engineering and Technology,1,1,1,1,Maharashtra,1
1-3516313199,SCTR'S PUNE INSTITUTE OF COMPUTER TECHNOLOGY,"S.NO.27, PUNE SATARA ROAD, DHANKAWADI",PUNE,Unaided - Private,N,N,1-5592509,fetchdata,2018-2019,Engineering and Technology,1,1,1,1,Maharashtra,1
1-3516260612,TULSIRAMJI GAIKWAD-PATIL COLLEGE OF ENGINEERING AND TECHNOLOGY,"KHASARA NO. 8/1, P.S.K. 74, MOHGAON, WARDHA ROAD, NAGPUR",NAGPUR,Unaided - Private,N,N,1-4187806,fetchdata,2018-2019,Engineering and Technology,1,1,1,1,Maharashtra,1
1-3516262017,INTERNATIONAL INSTITUTE OF INFORMATION TECHNOLOGY (IÂ²IT),"P-14, RAJIV GANDHI INFOTECH PARK, HINJAWADI,PUNE",PUNE,Unaided - Private,N,N,1-448945341,fetchdata,2018-2019,Engineering and Technology,1,1,1,1,Maharashtra,1
1-3516314986,KOLHAPUR INSTITUTE OF TECHNOLOGYâS COLLEGE OF ENGINEERING AUTONOMOUS KOLHAPUR,"AT POST- GOKUL SHIRGAON, TAL- KARVEER, DIST. KOLHPAUR.",KOLHAPUR,Unaided - Private,N,N,1-4830121,fetchdata,2018-2019,Engineering and Technology,1,1,1,1,Maharashtra,1
1-3516262391,"MODERN EDUCATION SOCIETY'S COLLEGE OF ENGINEERING, PUNE","WADIA COLLEGE CAMPUS, 19 LATE PRIN V K JOAG PATH, PUNE 411 001",PUNE,Unaided - Private,N,N,1-5105511,fetchdata,2018-2019,Engineering and Technology,1,1,1,1,Maharashtra,1
1-3516263210,PRAVARA RURAL ENGINEERING COLLEGE,"A/P-LONI, TAL:RAHATA, DIST:AHMEDNAGAR",AHMEDNAGAR,Unaided - Private,N,N,1-2013661,fetchdata,2018-2019,Engineering and Technology,1,1,1,1,Maharashtra,1
1-3516265492,SHARAD INSTITUTE OF TECHNOLOGY COLLEGE OF ENGINEERING,"BEHIND ONKARESHWAR MANDIR, 
YADRAV-ICHALKARNJI 
TAL-SHIROL DIST.- KOLHAPUR 
MAHARASHTRA PIN- 416121",KOLHAPUR,Unaided - Private,N,N,1-4156934,fetchdata,2018-2019,Engineering and Technology,1,1,1,1,Maharashtra,1
1-3516266347,"KAVIKULGURU INSTITUTE OF TECHNOLOGY AND SCIENCE, RAMTEK","K.K. NAGAR, MOUDA ROAD
RAMTEK, DIST- NAGPUR -441106 (MAHARASTRA)",NAGPUR,Unaided - Private,N,N,1-4152791,fetchdata,2018-2019,Engineering and Technology,1,1,1,1,Maharashtra,1
1-3516267436,NUTAN MAHARASHTRA INSTITUTE OF ENGINEERING  & TECHNOLOGY,"""VISHNUPURI, TALEGAON STATION,
TAL : MAVAL, DIST : PUNE - 410507",PUNE,Unaided - Private,N,N,1-8618657,fetchdata,2018-2019,Engineering and Technology,1,1,1,1,Maharashtra,1
