institute_id,institute_name,address,district,institution_type,women_only,minority,parent_id,method,year,program,level,institutiontype,Women,Minority,state,course
1-3872449531,INDIAN INSTITUTE OF SCIENCE,"C V RAMAN AVENUE
BANGALORE",BANGALORE URBAN,Deemed University(Government),N,N,,fetchdata,2018-2019,Engineering and Technology,1,1,1,1,Karnataka,1
1-3514706635,"K.C.T. POLYTECHNIC (AIDED), GULBARGA","KCT CAMPUS,
QAMARUL ISLAM COLONY,
GULBARGA
585104",GULBARGA,Govt aided,N,Y,1-449864091,fetchdata,2018-2019,Engineering and Technology,1,1,1,1,Karnataka,1
1-3514706977,GOVERNMENT FILM AND TELEVISION INSTITUTE,"HESARAGHATTA POST
BANGALORE",BANGALORE RURAL,Government,N,N,1-486107131,fetchdata,2018-2019,Engineering and Technology,1,1,1,1,Karnataka,1
1-3514802687,VEMANA INSTITUTE OF TECHNOLOGY,"#1, MAHAYOGI VEMANA ROAD, 3RD BLOCK, KORMANGALA, BANGALORE -560034.",BANGALORE URBAN,Unaided - Private,N,N,1-5219860,fetchdata,2018-2019,Engineering and Technology,1,1,1,1,Karnataka,1
1-3514867932,GOVERNMENT POLYTECHNIC,BASAVESHWAR CIRCLE ATHANI,BELGAUM,Government,N,N,1-475427401,fetchdata,2018-2019,Engineering and Technology,1,1,1,1,Karnataka,1
1-3514584514,GOVT.TOOL ROOM & TRAINING CENTRE,"INDUSTRIAL AREA
HIREHALLI",TUMKUR,Government,N,N,1-487130861,fetchdata,2018-2019,Engineering and Technology,1,1,1,1,Karnataka,1
1-3514600080,KARAVALI POLYTECHNIC,"KARAVALI POLYTECHNIC
PADU POST,PEDUMALE,NEERUMARGA,MANGALORE",DAKSHINA KANNADA,Unaided - Private,N,N,1-435754281,fetchdata,2018-2019,Engineering and Technology,1,1,1,1,Karnataka,1
1-3514600463,"GOVERNMENT ENGINEERING COLLEGE, CHAMARAJANAGAR","GOVERNMENT POLYTECHNIC CAMPUS,
NANJANGUD ROAD",CHAMARAJNAGAR,Government,N,N,1-38169544,fetchdata,2018-2019,Engineering and Technology,1,1,1,1,Karnataka,1
1-3514600667,SRI VENKATARAJU INSTITUTE OF TECHNOLOGY,"NO.11, KR LAYOUT,3RD CROSS, PUTTENAHALLI MAIN ROAD, 6TH PHASE J.P.NAGAR,",BANGALORE URBAN,Unaided - Private,N,N,1-460890181,fetchdata,2018-2019,Engineering and Technology,1,1,1,1,Karnataka,1
1-3514628350,R.L.JALAPPA INSTITUTE OF TECHNOLOGY,"KODIGEHALLI, DODDABALLAPUR-561203, BANGALORE RURAL DIST, KARNATAKA STATE",BANGALORE RURAL,Unaided - Private,N,N,1-22204701,fetchdata,2018-2019,Engineering and Technology,1,1,1,1,Karnataka,1
1-3514629090,JSS POLYTECHNIC FOR THE DIFFERENTLY ABLED,"JSS TECHNICAL INSTUTITIONS' CAMPUS, MANASAGANGOTHRI",MYSORE,Govt aided,N,N,1-444205351,fetchdata,2018-2019,Engineering and Technology,1,1,1,1,Karnataka,1
1-3514660411,AMRUTA INSTITUTE OF ENGINEERING AND MANAGEMENT SCIENCES,"BIDADI INDUSTRIAL AREA, OFF MYSORE ROAD, NEAR TOYOTA KIRLOSKAR MOTORS, BMRDA REGION, BANGALORE",RAMANAGARA,Unaided - Private,N,N,1-3281811,fetchdata,2018-2019,Engineering and Technology,1,1,1,1,Karnataka,1
1-3514660980, BNM INSTITUTE OF TECHNOLOGY,"12TH MAIN, 27TH CROSS, BSK SECOND STAGE
BANGALORE 560070",BANGALORE URBAN,Unaided - Private,N,N,1-8284991,fetchdata,2018-2019,Engineering and Technology,1,1,1,1,Karnataka,1
1-3514657746,GOVERNMENT POLYTECNIC,"ARAKERE,SRIRANGA PATNA",MANDYA,Government,N,N,1-475194211,fetchdata,2018-2019,Engineering and Technology,1,1,1,1,Karnataka,1
1-3514721916,R J S POLYTECHNIC,"C A SITE NO. 1,
MAHAYOGI VEMANA ROAD, 16 TH MAIN, 
3RD BLOCK, KORMANGALA",BANGALORE URBAN,Unaided - Private,N,N,1-435509331,fetchdata,2018-2019,Engineering and Technology,1,1,1,1,Karnataka,1
1-3514722229,"HKDET'S POLYTECHNIC, HUMNABAD",VEERBHADRAGIRI SINDHANKERA CROSS,BIDAR,Unaided - Private,N,N,1-465963811,fetchdata,2018-2019,Engineering and Technology,1,1,1,1,Karnataka,1
1-3514808946,TIPPU SHAHEED INSTITUTE OF TECHNILOGY (POLYTECHNIC),SIMLA NAGAR,DHARWAD,Govt aided,N,Y,1-458464351,fetchdata,2018-2019,Engineering and Technology,1,1,1,1,Karnataka,1
1-3514874173,ARYABHARATHI POLYTECHNIC,"SRI H M GANGADHARAIAH ROAD, SARASWATHIPURAM,",TUMKUR,Unaided - Private,N,N,1-801015091,fetchdata,2018-2019,Engineering and Technology,1,1,1,1,Karnataka,1
1-3514874559,GOVT.POLYTECHNIC KOPPAL,"GOVT.POLYTECHNIC  GADAG ROAD
DADEGAL
KOPPAL
583231",KOPPAL,Government,N,N,1-461494531,fetchdata,2018-2019,Engineering and Technology,1,1,1,1,Karnataka,1
1-3515094597,RAJEEV INSTITUTE OF TECHNOLOGY,"PLOT 1-D(P-1), GROWTH CENTRE, INDUSTRIAL AREA, 
BANGALORE MANGALORE BYPASS ROAD
HASSAN-573201
KARNATAKA",HASSAN,Unaided - Private,N,N,1-6521571,fetchdata,2018-2019,Engineering and Technology,1,1,1,1,Karnataka,1
1-3514585280,SHRIDEVI INSTITUTE OF ENGINEERING AND TECHNOLOGY,"MARELENAHALLY,
SIRA ROAD 
TUMKUR",TUMKUR,Unaided - Private,N,N,1-3401154,fetchdata,2018-2019,Engineering and Technology,1,1,1,1,Karnataka,1
1-3514587011,JAIN COLLEGE OF ENGINEERING & TECHNOLOGY,"404/4, 404/5, SAI NAGAR, UNKAL, HUBLI",DHARWAD,Unaided - Private,N,N,1-3395329231,fetchdata,2018-2019,Engineering and Technology,1,1,1,1,Karnataka,1
1-3514601014,DAYANANDA SAGAR ACADEMY OF TECHNOLOGY & MANAGEMENT TECHNICAL CAMPUS,"UDAYAPURA
KANAKAPURA ROAD
BANGALORE URBAN DISTRICT, BANGALORE",BANGALORE URBAN,Unaided - Private,N,N,1-419950391,fetchdata,2018-2019,Engineering and Technology,1,1,1,1,Karnataka,1
1-3514602770,NADGIR POLYTECHNIC,"NO 53 3A MAIN ROAD 
W C R NEAR MODI EYE HOSPITAL RAJAJINAGAR",BANGALORE URBAN,Govt aided,N,N,1-445056061,fetchdata,2018-2019,Engineering and Technology,1,1,1,1,Karnataka,1
1-3514629872,"GOVT. POLYTECHNIC, CHAMARAJANAGAR","GOVT. POLYTECHNIC
CHAMARAJANAGAR
CHAMARAJANAGAR DISTRICT
KARNATAKA",CHAMARAJNAGAR,Government,N,N,1-460699071,fetchdata,2018-2019,Engineering and Technology,1,1,1,1,Karnataka,1
1-3514662803,SIDDAGANGA INSTITUTE OF TECHNOLOGY,B.H.ROAD,TUMKUR,Unaided - Private,N,N,1-6648541,fetchdata,2018-2019,Engineering and Technology,1,1,1,1,Karnataka,1
1-3514663981,BHARATH POLYTECHNIC,"K.G.F MAIN ROAD
BANGARPET",KOLAR,Unaided - Private,N,N,1-475119771,fetchdata,2018-2019,Engineering and Technology,1,1,1,1,Karnataka,1
1-3514724491,GOVERNMENT POLYTECHNIC,"GOVERNMENT POLYTECHNIC,
UDUPI",UDUPI,Government,N,N,1-482347071,fetchdata,2018-2019,Engineering and Technology,1,1,1,1,Karnataka,1
1-3514724670,HARALAIAH POLYTECHNIC,TQ BHALKI DIST BIDAR (KARNATAKA),BIDAR,Unaided - Private,N,N,1-486302691,fetchdata,2018-2019,Engineering and Technology,1,1,1,1,Karnataka,1
1-3514878455,"RURAL POLYTECHNIC, HAUNSBHAVI","MAIN ROAD,
HAUNSBHAVI",HAVERI,Govt aided,N,N,1-464135081,fetchdata,2018-2019,Engineering and Technology,1,1,1,1,Karnataka,1
1-3515095819,EAST POINT COLLEGE OF ENGINEERING & TECHNOLOGY,"JNANA PRABHA, BIDARAHALLI,
VIRGONAGAR POST,
BANGALORE.",BANGALORE URBAN,Unaided - Private,N,N,1-6231206,fetchdata,2018-2019,Engineering and Technology,1,1,1,1,Karnataka,1
1-3514588988,GOVERNMENT TOOL ROOM AND TRAINING CENTRE GOWRIBIDANUR,"PLOT NO 1P-1A, KUDUMALAKUNTE INDUSTRIAL AREA, HINDUPUR ROAD, GOWRIBIDANUR,",CHIKABALLAPUR,Government,N,N,1-3354239411,fetchdata,2018-2019,Engineering and Technology,1,1,1,1,Karnataka,1
1-3514589075,SRI BASAVESHWARA INSTITUTE OF TECHNOLOGY,"MADENUR GATE, MADENUR VILLAGE, B.H.ROAD, TIPTUR",TUMKUR,Unaided - Private,N,N,1-10768682,fetchdata,2018-2019,Engineering and Technology,1,1,1,1,Karnataka,1
1-3514603825,MANGALORE INSTITUTE OF TECHNOLOGY & ENGINEERING,"BADAGA MIJAR,
MOODBIDRI,
MANGALORE TQ-574225,
DK
KARNATAKA,INDIA",DAKSHINA KANNADA,Unaided - Private,N,N,1-9754810,fetchdata,2018-2019,Engineering and Technology,1,1,1,1,Karnataka,1
1-3514606291,SRI SAIRAM COLLEGE OF ENGINEERING,"SAI LEO NAGAR
GUDDANAHALLI VILLAGE
SAMANDUR POST
ANEKAL",BANGALORE URBAN,Unaided - Private,N,N,1-4784471,fetchdata,2018-2019,Engineering and Technology,1,1,1,1,Karnataka,1
1-3514630659,GOVERNMENT POLYTECHNIC,MIRLE,MYSORE,Government,N,N,1-465752251,fetchdata,2018-2019,Engineering and Technology,1,1,1,1,Karnataka,1
1-3514664234,"BILURU GURUBASAVA MAHASWAMIJI INISTITURE OF TECHNOLOGY, MUDHOL","MANTUR ROAD, MUDHOL",BAGALKOT,Unaided - Private,N,N,1-1530689271,fetchdata,2018-2019,Engineering and Technology,1,1,1,1,Karnataka,1
1-3514664687,SRI TARALABALU JAGADGURU POLYTECHNIC,"SRI TARALABALU JAGADGURU POLYTECHNIC
HOSPET ROAD
HARAPANAHALLI",DAVANAGERE,Govt aided,N,N,1-425542251,fetchdata,2018-2019,Engineering and Technology,1,1,1,1,Karnataka,1
1-3514725102,"GOVERNMENT POLYTECHNIC, NAGAMANGALA","GOVERNMENT POLYTECHNIC,
NAGAMANGALA,
NAGAMANGALA TALUK,
MANDYA DISTRICT,
KARNATAKA --571432",MANDYA,Government,N,N,1-501890611,fetchdata,2018-2019,Engineering and Technology,1,1,1,1,Karnataka,1
1-3514819037,"GOVERNMENT POLYTECHNIC,HANGAL","PALA ROAD
TALUK:HANGAL
DISTRICT:HAVERI
STATE:KARNTAKA",HAVERI,Government,N,N,1-467272471,fetchdata,2018-2019,Engineering and Technology,1,1,1,1,Karnataka,1
1-3514883208,CAMBRIDGE INSTITUTE OF TECHNOLOGY,K R PURAM,BANGALORE URBAN,Unaided - Private,N,N,1-6142911,fetchdata,2018-2019,Engineering and Technology,1,1,1,1,Karnataka,1
1-3515096868,"K.N.S. INSTITUTE OF TECHNOLOGY, BANGALORE-64","THIRUMENAHALLI, HEGGADENAGAR-KOGILU ROAD, YELAHANKA, BANGALORE-560064",BANGALORE URBAN,Unaided - Private,N,N,1-14329571,fetchdata,2018-2019,Engineering and Technology,1,1,1,1,Karnataka,1
1-3515097592,DACG GOVERNMENT POLYTECHNIC,"RATHNAGIRI ROAD,",CHIKMAGALUR,Government,N,N,1-504984543,fetchdata,2018-2019,Engineering and Technology,1,1,1,1,Karnataka,1
1-3515064267,R.M POLYTECHNIC,"SY.NO.58/1, JEWARGI ROAD, SIRNOOR, GULBARGA",GULBARGA,Unaided - Private,N,N,1-429457131,fetchdata,2018-2019,Engineering and Technology,1,1,1,1,Karnataka,1
1-3515098236,SHRIDEVI POLYTECHNIC,"HONNENAHALLI, SIRA ROAD,
TUMKUR",TUMKUR,Unaided - Private,N,N,1-422725321,fetchdata,2018-2019,Engineering and Technology,1,1,1,1,Karnataka,1
1-3515098854,SRI JAYACHAMARAJENDRA EDUCATIONAL  SOCIETY POLYTECHNIC,"OLD MADRAS ROAD, MEDAHALLI, VIRGONAGAR POST, BANGALORE-560049",BANGALORE URBAN,Unaided - Private,N,N,1-820395951,fetchdata,2018-2019,Engineering and Technology,1,1,1,1,Karnataka,1
1-3514589688,BALLARI RURAL POLYTECHNIC,"KOLUR VILLAGE ,KOLUR POST , BELLARY DISTRICT ,BELLARY TALUK",BELLARY,Unaided - Private,N,N,1-429694301,fetchdata,2018-2019,Engineering and Technology,1,1,1,1,Karnataka,1
1-3514607848,ADARSHA POLYTECHNIC,"C.A.SITE NO 3, 12TH CROSS, 1ST BLOCK, R.T.NAGAR, BANGALORE",BANGALORE URBAN,Unaided - Private,N,N,1-462184841,fetchdata,2018-2019,Engineering and Technology,1,1,1,1,Karnataka,1
1-3514631315,CENTRAL INSTITUTE OF PLASTICS ENGINEERING & TECHNOLOGY,"#437/A, HEBBAL INDL AREA, 
MYSORE - 570 016 
KARNATAKA",MYSORE,Government,N,N,1-445015014,fetchdata,2018-2019,Engineering and Technology,1,1,1,1,Karnataka,1
1-3514631550,"PES INSTITUTE OF TECHNOLOGY, BANGALORE SOUTH CAMPUS","HOSUR ROAD, NEAR ELECTRONIC CITY",BANGALORE URBAN,Unaided - Private,N,N,1-6384946,fetchdata,2018-2019,Engineering and Technology,1,1,1,1,Karnataka,1
1-3514666519,HMS INSTITUTE OF TECHNOLOGY,"NH-4, KESARAMADU POST, 
KYATHASANDRA,",TUMKUR,Unaided - Private,N,Y,1-10229711,fetchdata,2018-2019,Engineering and Technology,1,1,1,1,Karnataka,1
1-3514668895,CITY ENGINEERING COLLEGE,"DODDAKALLASANDRA, KANAKAPURA ROAD, BANGALORE.",BANGALORE URBAN,Unaided - Private,N,N,1-5837611,fetchdata,2018-2019,Engineering and Technology,1,1,1,1,Karnataka,1
1-3514731607,"MARATHA MANDAL'S ENGINEERING COLLEGE, BELGAUM","RS. NO.104, HALBHAVI VILLAGE, POST: NEW VANTMURI, VIA KAKATI, TALUKA & DIST. BELGAUM-591113, KARNATAKA",BELGAUM,Unaided - Private,N,N,1-3673131,fetchdata,2018-2019,Engineering and Technology,1,1,1,1,Karnataka,1
1-3514823097,M E S POLYTECHNIC,"G B N ROAD
MADHUGIRI
-572132
TUMKUR-DIST",TUMKUR,Unaided - Private,N,N,1-441413271,fetchdata,2018-2019,Engineering and Technology,1,1,1,1,Karnataka,1
1-3515064331,BANGALORE TECHNOLOGICAL INSTITUTE,"SY NO.66/6,66/5,67/6,&67/5, KODATHI VILLAGE, VARTHOOR HOBLI,BANGALORE EAST TQ BANGALORE URBAN DISTRICT",BANGALORE URBAN,Unaided - Private,N,N,1-4077296,fetchdata,2018-2019,Engineering and Technology,1,1,1,1,Karnataka,1
1-3515065201,EAST WEST COLLEGE OF ENGINEERING,"NO.13 SECTOR ""A"", YELAHANKA NEW TOWN,YELAHANKA, BANGALORE-560064",BANGALORE URBAN,Unaided - Private,N,N,1-2493739771,fetchdata,2018-2019,Engineering and Technology,1,1,1,1,Karnataka,1
1-3515099108,BTL POLYTECHNIC,"NO.259/B, BOMMASANDRA INDUSTRIAL AREA, HOSUR ROAD, BANGALORE-560099",BANGALORE URBAN,Unaided - Private,N,N,1-496387901,fetchdata,2018-2019,Engineering and Technology,1,1,1,1,Karnataka,1
1-3515099716,VISSJ GOVERNMENT POLYTECHNIC,NEW TOWN,SHIMOGA,Government,N,N,1-480592981,fetchdata,2018-2019,Engineering and Technology,1,1,1,1,Karnataka,1
1-3515099924,SNJPSNMS TRUST'S  POLYTECHNIC,"CHIKODI ROAD,",BELGAUM,Unaided - Private,N,N,1-431391981,fetchdata,2018-2019,Engineering and Technology,1,1,1,1,Karnataka,1
1-3514608023,SAMPOORNA GROUP OF INSTITUTIONS,"BELEKERE, MALLUR HOBLI,  CHANNAPATNA TALUK, RAMANAGAR   
                   DISTRICT
BELEKERE, MALLUR HOBLI,  CHANNAPATNA TALUK, RAMANAGAR   
                   DISTRICT",RAMANAGARA,Unaided - Private,N,N,1-4398111,fetchdata,2018-2019,Engineering and Technology,1,1,1,1,Karnataka,1
1-3514608563,NALANDA FOUNDATIONS POLYTECHNIC,"VIDYARANYA, GADAG ROAD, BHANDIWAD, MANTUR BO,",DHARWAD,Unaided - Private,N,N,1-459478981,fetchdata,2018-2019,Engineering and Technology,1,1,1,1,Karnataka,1
1-3514632921,D.S.DINAKAR NATIONAL POLYTECHNIC,"JNNCE CAMPUS
SAVALANGA ROAD
NAVULE",SHIMOGA,Unaided - Private,N,N,1-475364881,fetchdata,2018-2019,Engineering and Technology,1,1,1,1,Karnataka,1
1-3514633429,SHRI PILLAPPA COLLEGE OF ENGINEERING,"# 79,KONDASETTIHALII ROAD,MAVALLIPURA HESARAGHATTA HOBLI,BANGALORE",BANGALORE URBAN,Unaided - Private,N,N,1-480928731,fetchdata,2018-2019,Engineering and Technology,1,1,1,1,Karnataka,1
1-3514670845,SHETTY INSTITUTE OF TECHNOLOGY,5TH KM RAJAPUR SHAHABAD ROAD GULBARGA,GULBARGA,Unaided - Private,N,N,1-459366372,fetchdata,2018-2019,Engineering and Technology,1,1,1,1,Karnataka,1
1-3515070345,GOVT.TOOL ROOM & TRAINING CENTRE- GULBARGA,"PLOT NO. 122 &123, M.B.ROAD, DARSHANAPUR LAYOUT, SANGTRASWADI",GULBARGA,Government,N,N,1-476952621,fetchdata,2018-2019,Engineering and Technology,1,1,1,1,Karnataka,1
1-3515102349,NIE INSTITUTE OF TECHNOLOGY,"SURVEY NO 50(PART),KOORGALLI VILLAGE,HOOTAGALLI INDUSTRIAL AREA
KASABA HOBLI,MYSORE-570018",MYSORE,Unaided - Private,N,N,1-8228831,fetchdata,2018-2019,Engineering and Technology,1,1,1,1,Karnataka,1
1-3515066354,GOVERNMENT POLYTECHNIC,"GOVERNMENT POLYTECHNIC, GOVT FIRST GRADE COLLEGE CAMPUS, HOSPET ROAD, KAMPLI.",BELLARY,Government,N,N,1-477730271,fetchdata,2018-2019,Engineering and Technology,1,1,1,1,Karnataka,1
1-3515066627,MALNAD COLLEGE OF ENGINEERING,"P.B. NO. 21, SALAGAME ROAD
HASSSAN",HASSAN,Govt aided,N,N,1-465501833,fetchdata,2018-2019,Engineering and Technology,1,1,1,1,Karnataka,1
1-3514610266,VIDYAVARDHAKA POLYTECHNIC - 488,"GOKULAM, 3RD STAGE, 
MYSORE - 570002",MYSORE,Unaided - Private,N,N,1-457474151,fetchdata,2018-2019,Engineering and Technology,1,1,1,1,Karnataka,1
1-3514633876,"GOVERNMENT POLYTECHNIC, BANTWAL","GOVERNMENT POLYTECHNIC, BANTWAL
BANTWAL TQ,
DAKSHINA KANNADA
PIN: 574211",D KANNADA(DK),Government,N,N,1-474974291,fetchdata,2018-2019,Engineering and Technology,1,1,1,1,Karnataka,1
1-3514634274,NITTE MEENAKSHI INSTITUTE OF TECHNOLOGY,"GOLLAHALLI, GOVINDAPURA,P.B NO 6429 
YELAHANKA, BANGALORE-560064",BANGALORE RURAL,Unaided - Private,N,Y,1-10233900,fetchdata,2018-2019,Engineering and Technology,1,1,1,1,Karnataka,1
1-3514836056,RAIBAG POLYTECHNIC RAIBAG,"RAIBAG POLYTECHNIC RAIBAG
SHREE RENUKA SUGAR LTD. 
UNDERTAKING
AT : BAVACHI
PO : MEKHALI
TAL : RAIBAG
DIST : BELGAUM
DIST : BELGAUM",BELGAUM,Unaided - Private,N,N,1-449289791,fetchdata,2018-2019,Engineering and Technology,1,1,1,1,Karnataka,1
1-3515070484,MARGADARSHAN INSTITUTE OF ENGINEERING AND TECHNOLOGY POLYTECHNIC,ILKAL TO HERUR ROAD TONDIHAL,BAGALKOT,Unaided - Private,N,N,1-491392521,fetchdata,2018-2019,Engineering and Technology,1,1,1,1,Karnataka,1
1-3515072647,SCHOOL OF MINES,"SCHOOL OF MINES,
COROMANDEL - POST",KOLAR,Government,N,N,1-487178951,fetchdata,2018-2019,Engineering and Technology,1,1,1,1,Karnataka,1
1-3515072728,GOVERNMENT ENGINEERING COLLEGE RAICHUR,"GOVERNMENT ENGINEERING COLLEGE  RAICHUR-HYDERABAD ROAD YERAMARUS
RAICHUR",RAICHUR,Government,N,N,1-451967501,fetchdata,2018-2019,Engineering and Technology,1,1,1,1,Karnataka,1
1-3515105527,R R POLYTECHNIC,"67, RAJA REDDY LAYOUT, NEAR CHIKKABANAVARA RAILWAY STATION, CHIKKABANAVARA POST, BANGALORE - 90",BANGALORE URBAN,Unaided - Private,N,N,1-460632911,fetchdata,2018-2019,Engineering and Technology,1,1,1,1,Karnataka,1
1-3515105921,SDM INSTITUTE OF TECHNOLOGY UJIRE-574240,SDM INSTITUTE OF TECHNOLOGY UJIRE-574240 DAKSHINA KANNADA  KARNATAKA,DAKSHINA KANNADA,Unaided - Private,N,Y,1-12085801,fetchdata,2018-2019,Engineering and Technology,1,1,1,1,Karnataka,1
1-3515106589,SAHYADRI POLYTECHNIC,"SAGAR ROAD
SEEBINAKERE POST",SHIMOGA,Govt aided,N,N,1-474763251,fetchdata,2018-2019,Engineering and Technology,1,1,1,1,Karnataka,1
1-3514590814,BASAV ENGINEERING SCHOOL OF TECHNOLOGY,"144/3, AT POST ZALKI, TQ. INDI, DIST VIJAYPURA",BIJAPUR,Unaided - Private,N,N,1-3348020477,fetchdata,2018-2019,Engineering and Technology,1,1,1,1,Karnataka,1
1-3514611715,KHAJA BANDA NAWAZ COLLEGE OF ENGINEERING,"ROUZA BUZURG,
GULBARGA-585 104.
KARNATAKA STATE",GULBARGA,Unaided - Private,N,Y,1-18149191,fetchdata,2018-2019,Engineering and Technology,1,1,1,1,Karnataka,1
1-3514612612,"SGES'S DR. N. A. MAGADUM POLYTECHNIC, ANKALI", ANKALI,BELGAUM,Unaided - Private,N,Y,1-461010121,fetchdata,2018-2019,Engineering and Technology,1,1,1,1,Karnataka,1
1-3514677259,CAUVERY INSTITUTE OF TECHNOLOGY,"SUNDAHALLI, SIDDAIAHNA KOPPALU GATE, YELIHUR POST, KOTHATHI HOBLI, MANDYA",MANDYA,Unaided - Private,N,N,1-2182458537,fetchdata,2018-2019,Engineering and Technology,1,1,1,1,Karnataka,1
1-3514756190,R.N.SHETTY RURAL POLYTECHNIC,"MAIN ROAD
MURUDESHWAR
BHATKAL TALUK
KARNATAKA UTTTARAKANNADA",UTTARA KANNADA,Unaided - Private,N,N,1-479071691,fetchdata,2018-2019,Engineering and Technology,1,1,1,1,Karnataka,1
1-3514756734,VIVEKANANDA INSTITUTE OF TECHNOLOGY,"GUDIMAVU VILLAGE 
KENGERI(HOBLI)
NEAR KUMBALAGODU
BANGALORE",BANGALORE RURAL,Unaided - Private,N,N,1-12176161,fetchdata,2018-2019,Engineering and Technology,1,1,1,1,Karnataka,1
1-3514838799,SJ BGS POLYTECHNIC,"NH-48, BELLUR CROSS, B.G.NAGARA",MANDYA,Unaided - Private,N,N,1-466592421,fetchdata,2018-2019,Engineering and Technology,1,1,1,1,Karnataka,1
1-3514840920,GOVERNMENT POLYTECHNIC FOR WOMEN,SHESHADRI ROAD K.R.CIRCLE,BANGALORE URBAN,Government,Y,N,1-477609065,fetchdata,2018-2019,Engineering and Technology,1,1,1,1,Karnataka,1
1-3515075257,C.BYREGOWDA INSTITUTE OF TECHNOLOGY,"SRINIVASPURA ROAD, THORADEVANDAHALLI, 
KOLAR-563101",KOLAR,Unaided - Private,N,N,1-14594878,fetchdata,2018-2019,Engineering and Technology,1,1,1,1,Karnataka,1
1-3515076970,GOVERNMENT POLYTECHNIC,BM ROAD,KODAGU,Government,N,N,1-475194153,fetchdata,2018-2019,Engineering and Technology,1,1,1,1,Karnataka,1
1-3515107092,IMPACT POLYTECHNIC,"KODIGEHALLI, SAHAKARANAGAR PO
BANGLAORE",BANGALORE URBAN,Govt aided,N,Y,1-402924711,fetchdata,2018-2019,Engineering and Technology,1,1,1,1,Karnataka,1
1-3515072099,"P.E.S. COLLEGE OF ENGINEERING, MANDYA","P.E.S. COLLEGE OF ENGINEERING,
MANDYA
KARNATAKA STATE

PIN: 571 401",MANDYA,Govt aided,N,N,1-3763241,fetchdata,2018-2019,Engineering and Technology,1,1,1,1,Karnataka,1
1-3514591124,SLT POLYTECHNIC,"BODHIVRUKSHA CAMPUS, CHANDARAKI ROAD, GURMITKAL, YADGIRI TALUK AND DISTRICT",YADGIR,Unaided - Private,N,N,1-3361504941,fetchdata,2018-2019,Engineering and Technology,1,1,1,1,Karnataka,1
1-3514613990,N.R.A.M.POLYTECHNIC,"NET CAMPUS
NITTE
KARKALA (TQ)
UDUPI DISTRICT
KARNATAKA",UDUPI,Govt aided,N,N,1-424573311,fetchdata,2018-2019,Engineering and Technology,1,1,1,1,Karnataka,1
1-3514643619,GOVERNMENT POLYTECHNIC FOR WOMEN,"VIDYANAGAR
HUBLI",DHARWAD,Government,Y,N,1-447742011,fetchdata,2018-2019,Engineering and Technology,1,1,1,1,Karnataka,1
1-3514644985,S.J. GOVT. POLYTECHNIC,"SHESHADRI ROAD
KR CIRCLE",BANGALORE URBAN,Government,N,N,1-462630131,fetchdata,2018-2019,Engineering and Technology,1,1,1,1,Karnataka,1
1-3514678559,SHRI LAXMANRAO JARKIHOLI POLYTECHNIC,"VIDYA NAGAR,
GOKAK",BELGAUM,Unaided - Private,N,N,1-458858441,fetchdata,2018-2019,Engineering and Technology,1,1,1,1,Karnataka,1
1-3514678742,ANJUMAN-E-ISLAM POLYTECHNIC GADAG,"BANGALORE ROAD,
NEAR MALLASAMUDRA",GADAG,Govt aided,N,Y,1-430194581,fetchdata,2018-2019,Engineering and Technology,1,1,1,1,Karnataka,1
1-3514841867,AE & CS PAVAN POLYTECHNIC,BANGALORE CHEENAI BYE PASS ROAD HAROHALLI GARDENS .,KOLAR,Unaided - Private,N,Y,1-487762261,fetchdata,2018-2019,Engineering and Technology,1,1,1,1,Karnataka,1
1-3515077149,OXFORD POLYTECHNIC,SHEREWAD ROAD  ADJUCENT TO P.B ROAD NATIONAL HIGHWAY -04,DHARWAD,Unaided - Private,N,N,1-466441841,fetchdata,2018-2019,Engineering and Technology,1,1,1,1,Karnataka,1
1-3515077433,GOVERNMENT POLYTECHNIC BILAGI,"NEAR POLICE STATION,
OLD TAHASILDAR BUILDING,
POST:BILAGI",BAGALKOT,Government,N,N,1-485911381,fetchdata,2018-2019,Engineering and Technology,1,1,1,1,Karnataka,1
1-3515077581,GOVERNMENT POLYTECHNIC,"NEAR MURUGARAJENDRA STADIUM,
BESIDES GOVT ARTS COLLEGE",CHITRADURGA,Government,N,N,1-463450161,fetchdata,2018-2019,Engineering and Technology,1,1,1,1,Karnataka,1
1-3515109601,PES POLYTECHNIC,"50 FEET ROAD
HANUMANTHA NAGAR
BSK I STAGE",BANGALORE URBAN,Unaided - Private,N,N,1-452071211,fetchdata,2018-2019,Engineering and Technology,1,1,1,1,Karnataka,1
1-3515109941,"SHRI SUBHAS NAGUR MEMORIAL POLYTECHNIC, BIJAPUR","SMT. SUSHILADEVI NAGUR COLONY COLLEGE ROAD
BIJAPUR",BIJAPUR,Unaided - Private,N,N,1-461073681,fetchdata,2018-2019,Engineering and Technology,1,1,1,1,Karnataka,1
1-3515074192,SRI GURUMALLESHWARA MAHAVIDYA SAMSTHE POLYTECHNIC,"DEVANUR,
NANJANAGUD TQ,",MYSORE,Unaided - Private,N,N,1-499204827,fetchdata,2018-2019,Engineering and Technology,1,1,1,1,Karnataka,1
1-3514614738,GOVERNMENT POLYTECHNIC,GUDEKOTE ROAD,BELLARY,Government,N,N,1-475613261,fetchdata,2018-2019,Engineering and Technology,1,1,1,1,Karnataka,1
1-3514615619,DR. T.THIMMAIAH INSTITUTE OF TECHNOLOGY,"00RGAUM POST,
KOLAR GOLD FIELDS - 563 120
KARNATAKA",KOLAR,Unaided - Private,N,N,1-11477172,fetchdata,2018-2019,Engineering and Technology,1,1,1,1,Karnataka,1
1-3514645621,GOVERNMENT INSTITUTE OF PRINTING TECHNOLOGY,"PALACE ROAD, OPPOSITE TO MAHARANI'S SCIENCE COLLEGE",BANGALORE URBAN,Government,N,N,1-456794323,fetchdata,2018-2019,Engineering and Technology,1,1,1,1,Karnataka,1
1-3514647747,MOTICHAND LENGADE BHARATESH POLYTECHNIC,"BHARATESHNAGAR,
SHINDOLLI CROSS,.BASAVANKUDACHI-EXTN,",BELGAUM,Govt aided,N,Y,1-419690107,fetchdata,2018-2019,Engineering and Technology,1,1,1,1,Karnataka,1
1-3514842579,GOVT.POLYTECHNIC JOIDA,JOIDA         UTTARA KANNADA DISTRICT      KARNATAKA 581186,UTTARA KANNADA,Government,N,N,1-478993881,fetchdata,2018-2019,Engineering and Technology,1,1,1,1,Karnataka,1
1-3515077748,KLE'S KLE COLLEGE OF ENGINEERING AND TECHNOLOGY,"KLE'S KLE COLLEGE OF ENGINEERING AND TECHNOLOGY,BANANTIKODI ROAD CHIKODI,BELGAUM DISTRICT-591 201,KARNATAKA",BELGAUM,Unaided - Private,N,N,1-3423091,fetchdata,2018-2019,Engineering and Technology,1,1,1,1,Karnataka,1
1-3515078896,R. R. INSTITUTE OF TECHNOLOGY,"NO. 67, RAJA REDDY LAYOUT,
NEAR CHIKKABANAVARA RAILWAY STATION,
CHIKKABANAVARA
BANGALORE - 560090
KARNATAKA
INDIA",BANGALORE URBAN,Unaided - Private,N,N,1-8337487,fetchdata,2018-2019,Engineering and Technology,1,1,1,1,Karnataka,1
1-3515110476,UNIVERSITY B D T COLLEGE OF ENGINEERING,"P J EXTENSION
HADADI ROAD",DAVANAGERE,University Managed-Govt,N,N,1-447718433,fetchdata,2018-2019,Engineering and Technology,1,1,1,1,Karnataka,1
1-3514593561,GOVT. TOOL ROOM & TRAINING CENTRE- KADUR,"NEAR VEDA PUMP HOUSE, B.H. ROAD, NH-206",CHIKMAGALUR,Government,N,N,1-477756801,fetchdata,2018-2019,Engineering and Technology,1,1,1,1,Karnataka,1
1-3514594707,JAIN POLYTECHNIC DAVANGERE,NO 323  NEAR VEERESHWARA PUNYASHRAM AVARGERE BADA CROSS DAVANGERE,DAVANAGERE,Unaided - Private,N,N,1-2061175564,fetchdata,2018-2019,Engineering and Technology,1,1,1,1,Karnataka,1
1-3514616233,THE OXFORD POLYTECHNIC,"C.A SITE:NO 40,J.P NAGAR ,I ST PHASE,BANGALORE",BANGALORE URBAN,Unaided - Private,N,Y,1-428262031,fetchdata,2018-2019,Engineering and Technology,1,1,1,1,Karnataka,1
1-3514617174,"S.F.S.SHIKSHAN SAMITI'S VISWESWARAIAH POLYTECHNIC,NARGUND","HUBLI-SHOLAPUR NATIONAL HIGHWAY, NARGUND",GADAG,Unaided - Private,N,N,1-1578967421,fetchdata,2018-2019,Engineering and Technology,1,1,1,1,Karnataka,1
1-3514650950,MVJ COLLEGE OF ENGINEERING,"NEAR ITPB,
CHANNASANDRA,
KADUGODI POST,
BANGALORE",BANGALORE URBAN,Unaided - Private,N,Y,1-6536096,fetchdata,2018-2019,Engineering and Technology,1,1,1,1,Karnataka,1
1-3514681966,DR.SRI SRI SRI SHIVAKUMARA MAHASWAMY COLLEGE OF ENGINEERING,"BYARANAYAKANAHALLI,DODDABALE POST,
NELAMANGALA TALUK,BANGALORE RURAL DISTRICT",BANGALORE RURAL,Unaided - Private,N,N,1-10002971,fetchdata,2018-2019,Engineering and Technology,1,1,1,1,Karnataka,1
1-3514771420,HKE'S SLN COLLEGE OF ENGINEERING,"HKE'S SLN COLLEGE OF ENGINEERING
YERAMARUS CAMP,
RAICHUR-584 135,
KARNATAKA",RAICHUR,Unaided - Private,N,N,1-8331469,fetchdata,2018-2019,Engineering and Technology,1,1,1,1,Karnataka,1
1-3514771995,DR. AMBEDKAR INSTITUTE OF TECHNOLOGY,"OUTER RING ROAD,
NEAR JNANA BHARATHI CAMPUS,
MALLATHAHALLI,
BANGALORE-560056
KARNATAKA",BANGALORE URBAN,Govt aided,N,N,1-2739841,fetchdata,2018-2019,Engineering and Technology,1,1,1,1,Karnataka,1
1-3514844534,SRI RUDRAMUNI SWAMIJI RURAL POLYTECHNIC,"SY NO.28/1B, 28/2A, 28/3 (BOMMENAHALLI), KOTENAYAKANAHALLI",TUMKUR,Unaided - Private,N,N,1-803000081,fetchdata,2018-2019,Engineering and Technology,1,1,1,1,Karnataka,1
1-3515080681,KALPATARU INSTITUTE OF TECHNOLOGY,"KALPATARU INSTITUTE OF TECHNOLOGY,
B.H.ROAD,
HASSAN CIRCLE,
TIPTUR-572202",TUMKUR,Unaided - Private,N,N,1-13347267,fetchdata,2018-2019,Engineering and Technology,1,1,1,1,Karnataka,1
1-3514573925,GOVERNMENT ENGINEERING COLLEGE,"DODDAMANNUGUDDE, 
RAMANAGAR, RAMANAGAR DISTRICT - 571 511",RAMANAGARA,Government,N,N,1-36193291,fetchdata,2018-2019,Engineering and Technology,1,1,1,1,Karnataka,1
1-3514619837,HYDERABAD KARNATAKA EDUCATION SOCIETY'S POLYTECHNIC,YERAMARAS CAMP,RAICHUR,Unaided - Private,N,N,1-446152821,fetchdata,2018-2019,Engineering and Technology,1,1,1,1,Karnataka,1
1-3514620053,IMPACT COLLEGE OF ENGINEERING AND APPLIED SCIENCES,"KODIGEHALLI
SAHAKARANAGAR SOUTH
BANGALORE",BANGALORE URBAN,Unaided - Private,N,N,1-4425731,fetchdata,2018-2019,Engineering and Technology,1,1,1,1,Karnataka,1
1-3514654283,HMS RURAL POLYTECHNIC,"HMS RURAL POLYTECNIC
NEAR JAS TOLLGATE 
MANCHAKALAKUPPE, N H 4, TUMKUR-572104",TUMKUR,Unaided - Private,N,Y,1-440670491,fetchdata,2018-2019,Engineering and Technology,1,1,1,1,Karnataka,1
1-3514682776,SAPTHAGIRI COLLEGE OF ENGINEERING,"#14/5, CHIKKASANDRA, 
HESARAGHATTA MAIN ROAD,
BANGALURU
KARNATAKA
PIN:560057",BANGALORE URBAN,Unaided - Private,N,N,1-3891235,fetchdata,2018-2019,Engineering and Technology,1,1,1,1,Karnataka,1
1-3514683773,BASAVAKALYAN ENGINEERING COLLEGE,"N.H.9 
BASAVAKALYAN-585327
DIST. BIDAR
KARNATAKA",BIDAR,Unaided - Private,N,N,1-2060831,fetchdata,2018-2019,Engineering and Technology,1,1,1,1,Karnataka,1
1-3514782520,GOVT POLYTECHNIC FOR WOMEN HASSAN,HARSHA MAHAL ROAD  HASSAN,HASSAN,Government,Y,N,1-463685531,fetchdata,2018-2019,Engineering and Technology,1,1,1,1,Karnataka,1
1-3514782706,VIVEKANANDA COLLEGE OF ENGINEERING AND TECHNOLOGY,"NEHARU NAGARA
PUTTUR TALUK
DAKSHINA KANNADA
KARNATAKA
574203",DAKSHINA KANNADA,Unaided - Private,N,N,1-2145671,fetchdata,2018-2019,Engineering and Technology,1,1,1,1,Karnataka,1
1-3514786318,KEMPEGOWDA MEMORIAL POLYTECHNIC,"URDIGERE ROAD 
BELAGUMBA
TUMKUR
572104",TUMKUR,Unaided - Private,N,N,1-774444761,fetchdata,2018-2019,Engineering and Technology,1,1,1,1,Karnataka,1
1-3514845493,PROUDHADEVARAYA INSTITUTE OF TECHNOLOGY,"SHAH BHAVARLAL BABULAL NAHAR CAMPUS
T.B.DAM ROAD, BESIDE TSP LIMITED,
HOSPET - 583225
BELLARY DISTRICT",BELLARY,Unaided - Private,N,N,1-4482921,fetchdata,2018-2019,Engineering and Technology,1,1,1,1,Karnataka,1
1-3514595816,M.E.I. POLYTECHNIC,"VATAL NAGARAJ ROAD, 4TH BLOCK RAJAJINAGAR, BANGALORE",BANGALORE URBAN,Govt aided,N,N,1-445024613,fetchdata,2018-2019,Engineering and Technology,1,1,1,1,Karnataka,1
1-3514620946,"K.L.E. SOCIETY'S C.B.KOLLI POLYTECHNIC,HAVERI","P.B. ROAD 
VIDYA NAGAR,
HAVERI",HAVERI,Unaided - Private,N,N,1-466343581,fetchdata,2018-2019,Engineering and Technology,1,1,1,1,Karnataka,1
1-3514574604,SRI SIDDHARTHA INSTITUTE OF TECHNOLOGY,"MARALUR 
TUMKUR",TUMKUR,Unaided - Private,N,N,1-9751201,fetchdata,2018-2019,Engineering and Technology,1,1,1,1,Karnataka,1
1-3514656088,MVJ POLYTECHNIC,"NEAR ITPB, CHANNASANDRA,
KADUGODI POST
BANGALORE-560067",BANGALORE URBAN,Unaided - Private,N,Y,1-497080871,fetchdata,2018-2019,Engineering and Technology,1,1,1,1,Karnataka,1
1-3514685180,SRI VIDHYANIKETHAN POLYTECHNIC,"SRI VIDHYANIKETHAN POLYTECHNIC
PLOT NO 564/B INDUSTRIAL GROWTH CENTER
HN PURA ROAD
KIADB
HASSAN 573201",HASSAN,Unaided - Private,N,N,1-506668731,fetchdata,2018-2019,Engineering and Technology,1,1,1,1,Karnataka,1
1-3514786497,SRI VINAYAKA INSTITUTE OF TECHNOLOGY, COROMANDEL POST KGF 563118,KOLAR,Unaided - Private,N,N,1-2506580461,fetchdata,2018-2019,Engineering and Technology,1,1,1,1,Karnataka,1
1-3514786590,MYSORE COLLEGE OF ENGINEERING AND MANAGEMENT,"CHIKAHALLI, VARUNA HOBALI, NEAR BIG BANYAN TREE, TN ROAD",MYSORE,Unaided - Private,N,N,1-2493368481,fetchdata,2018-2019,Engineering and Technology,1,1,1,1,Karnataka,1
1-3514786815,SHRI ULAVI CHANNABASAVESHWAR POLYTECHNIC,NIRMAL NAGAR,UTTARA KANNADA,Unaided - Private,N,N,1-493691643,fetchdata,2018-2019,Engineering and Technology,1,1,1,1,Karnataka,1
1-3514847669,GOVERNMENT POLYTECHNIC,KIKKERI-CHANNARAYAPATNA ROAD,MANDYA,Government,N,N,1-487719961,fetchdata,2018-2019,Engineering and Technology,1,1,1,1,Karnataka,1
1-3514847921,JSS.K.H.KABBUR INSTITUTE OF ENGINEERING,"VIDYAGIRI, DHARWAD",DHARWAD,Govt aided,N,N,1-475384387,fetchdata,2018-2019,Engineering and Technology,1,1,1,1,Karnataka,1
1-3514852853,PRASANNA POLYTECHNIC,"KAKKENA
LAILA VILLAGE
BELTHANGADY
574214",D KANNADA(DK),Unaided - Private,N,N,1-475183311,fetchdata,2018-2019,Engineering and Technology,1,1,1,1,Karnataka,1
1-3515082922,D.R.R.GOVT POLYTECHNIC,HADADI ROAD   NEAR RURAL POLICE STATION.,DAVANAGERE,Government,N,N,1-466462151,fetchdata,2018-2019,Engineering and Technology,1,1,1,1,Karnataka,1
1-3514580714,SRI DHARMASTHALA MANJUNATHESHWARA POLYTECHNIC - UJIRE,"UJIRE
BELTHANGADI TALLUK
DAKSHINA KANNADA
DISTRICT
KARNATAKA
574240",DAKSHINA KANNADA,Unaided - Private,N,N,1-457064031,fetchdata,2018-2019,Engineering and Technology,1,1,1,1,Karnataka,1
1-3514581179,"GOVERNMENT ENGINEERING COLLEGE, KUSHALNAGAR","MEDIKERI ROAD
MADAPATNA",KODAGU,Government,N,N,1-25811284,fetchdata,2018-2019,Engineering and Technology,1,1,1,1,Karnataka,1
1-3514597599,BANGALORE COLLEGE OF ENGINEERING & TECHNOLOGY,"NEAR HEELALIGE RAILWAY STATION,
CHANDAPURA,
ANEKAL TALUK,
BANGALORE, 560081.",BANGALORE URBAN,Unaided - Private,N,N,1-3887416,fetchdata,2018-2019,Engineering and Technology,1,1,1,1,Karnataka,1
1-3514598105,K V POLYTECHNIC,"K V POLYTECHNIC
BEHIND TILES FACTORY
P B ROAD",HAVERI,Unaided - Private,N,N,1-477671661,fetchdata,2018-2019,Engineering and Technology,1,1,1,1,Karnataka,1
1-3514598386,SMT. KAMALA AND SRI VENKAPPA M AGADI COLLEGE OF ENGINEERING & TECHNOLOGY,"SAVANUR ROAD, GULAGANJIKOPPA,
LAXMESHWAR 
DIST: GADAG",GADAG,Unaided - Private,N,N,1-5146681,fetchdata,2018-2019,Engineering and Technology,1,1,1,1,Karnataka,1
1-3514622306,"B.L.D.E ASSOCIATION'S SHREE SANGANABASAVA MAHASWAMIJI POLYTECHNIC, VIJAYAPUR",ASHRAM ROAD,BIJAPUR,Unaided - Private,N,N,1-411302361,fetchdata,2018-2019,Engineering and Technology,1,1,1,1,Karnataka,1
1-3514685574,HKE SOCIETY'S WOMEN'S POLYTECHNIC GULBARGA,"HKE SOCIETY'S WOMEN'S POLYTECHNIC, NEAR PWD QUARTERS AIWAN-E-SHAHI AREA. GULBARGA.",GULBARGA,Unaided - Private,Y,N,1-434288271,fetchdata,2018-2019,Engineering and Technology,1,1,1,1,Karnataka,1
1-3514685816,JAIN COLLEGE OF ENGINEERING,"T.S. NAGAR,
HUNCHANHATTI ROAD,
MACCHE, BELGAUM,
KARNATAKA 590014.",BELGAUM,Unaided - Private,N,N,1-6080441,fetchdata,2018-2019,Engineering and Technology,1,1,1,1,Karnataka,1
1-3514786989,GOVERNMENT POLYTECHNIC KARKALA,"GOVERNMENT WOMENS POLYTECHNIC KARKALA,NEAR POLICE STATION TALUK OFFICE ,KARKALA, UDUPI DISTRICT-574104, KARNATAKA",UDUPI,Government,N,N,1-495403331,fetchdata,2018-2019,Engineering and Technology,1,1,1,1,Karnataka,1
1-3514793472,RAJEEV POLYTECHNIC,"PLOT 1-D(P-2),GROWTH CENTRE,
BANGALORE-MANGALORE BYPASS ROAD,
BOMMANAYAKANAHALLI,KASABA HOBLI,",HASSAN,Unaided - Private,N,N,1-439215151,fetchdata,2018-2019,Engineering and Technology,1,1,1,1,Karnataka,1
1-3514856495,GOVERNMENT TOOL ROOM AND TRINING CENTRE-DANDELI,"PLOT.NO.:01 , KSSIDC INDUSTRIAL ESTATE , AMBEWADI AREA , DANDELI",UTTARA KANNADA,Government,N,N,1-482041911,fetchdata,2018-2019,Engineering and Technology,1,1,1,1,Karnataka,1
1-3515087462,S.D.M. COLLEGE OF ENGINEERING & TECHNOLOGY,"DHAVALAGIRI
KALGHATGI ROAD",DHARWAD,Unaided - Private,N,Y,1-9879281,fetchdata,2018-2019,Engineering and Technology,1,1,1,1,Karnataka,1
1-3515780487,NIVEDITA POLYTECHNIC YADGIR,"NIVEDITA POLYTECHNIC YADGIR.
HYDERABAD ROAD
YADGIR-585202",YADGIR,Unaided - Private,N,N,1-424128281,fetchdata,2018-2019,Engineering and Technology,1,1,1,1,Karnataka,1
1-3514581461,KALABHYRAVESWARA POLYTECHNIC,"THOTAGERE,HESARAGHATTA,RAILWAY GOLLAHALLI POST, BANGALORE NORTH-562123",BANGALORE RURAL,Unaided - Private,N,N,1-467422911,fetchdata,2018-2019,Engineering and Technology,1,1,1,1,Karnataka,1
1-3514582749,NUTAN VIDYALAYA SOCIETY'S POLYTECHNIC,"S.B.TEMPLE ROAD
SANGAMESHWARA COLONY",GULBARGA,Govt aided,N,N,1-451550791,fetchdata,2018-2019,Engineering and Technology,1,1,1,1,Karnataka,1
1-3514583020,DR.T.M.A. PAI POLYTECHNIC,"MILK DAIRY ROAD;
ESHWAR NAGAR",UDUPI,Unaided - Private,N,Y,1-460505371,fetchdata,2018-2019,Engineering and Technology,1,1,1,1,Karnataka,1
1-3514624425,"KLE DR. M. S. SHESHGIRI COLLEGE OF ENGINEERING AND TECHNOLOGY, BELGAUM","UDYAMBAGH, BELGAUM",BELGAUM,Unaided - Private,N,N,1-8845941,fetchdata,2018-2019,Engineering and Technology,1,1,1,1,Karnataka,1
1-3514656985,"JNANABHARATHI POLYTECHNIC, KUDLIGI",SANDURU ROAD,BELLARY,Unaided - Private,N,N,1-802485841,fetchdata,2018-2019,Engineering and Technology,1,1,1,1,Karnataka,1
1-3514655520,GOVERNMENT TOOL ROOM AND TRAINING CENTRE,RAJAJINAGAR INDUSTRIAL ESTATE,BANGALORE URBAN,Government,N,N,1-481620021,fetchdata,2018-2019,Engineering and Technology,1,1,1,1,Karnataka,1
1-3514696751,MOTHER THERESA POLYTECHNIC,"NEAR KSRTC BUS STAND
ANTHARAGANGA ROAD, KOLAR",KOLAR,Unaided - Private,N,N,1-699990243,fetchdata,2018-2019,Engineering and Technology,1,1,1,1,Karnataka,1
1-3514796705,Y.K.D POLYTECHNIC,"BULAND PARWAZ COLONY, RING ROAD",GULBARGA,Unaided - Private,N,Y,1-496120431,fetchdata,2018-2019,Engineering and Technology,1,1,1,1,Karnataka,1
1-3514798855,RNS INSTITUTE OF TECHNOLOGY,"CHANNASANDRA
UTTARAHALLI -KENGERI MAIN ROAD
SUBRAMANYAPURA POST",BANGALORE URBAN,Unaided - Private,N,N,1-6501238,fetchdata,2018-2019,Engineering and Technology,1,1,1,1,Karnataka,1
1-3514799591,ACHUTHA INSTITUTE OF TECHNOLOGY,"GOPALAPURA, BAGALURU(P),
BANGALURU-562149",CHIKABALLAPUR,Unaided - Private,N,N,1-3640051,fetchdata,2018-2019,Engineering and Technology,1,1,1,1,Karnataka,1
1-3514859543,"K.L.E SOCIETY'S POLYTECHNIC, MAHALINGPUR","PRINCIPAL
K.L.E POLYTECHNIC
AT: MAHALINGPUR
TQ:MUDHOL
DT:BAGALKOT
KARNATAK STATE",BAGALKOT,Unaided - Private,N,N,1-452952771,fetchdata,2018-2019,Engineering and Technology,1,1,1,1,Karnataka,1
1-3514859998,MAHATMA GANDHI POLYTECHNIC COLLEGE,M HOSSALI,YADGIR,Unaided - Private,N,Y,1-492927751,fetchdata,2018-2019,Engineering and Technology,1,1,1,1,Karnataka,1
1-3514860233,GOVERNEMENT TOOL ROOM & TRAINING CENTRE -GUNDLUPET,"TAPCMS OFFICE BUILDING,BEHIND THASILDAR OFFICE,",CHAMARAJNAGAR,Government,N,N,1-478323581,fetchdata,2018-2019,Engineering and Technology,1,1,1,1,Karnataka,1
1-3515089790,GOVT. TOOL ROOM & TRAINING CENTRE - LINGASUGUR,"SARKARI THOTA, 
KARADKAL ROAD,
LINGASUGUR",RAICHUR,Government,N,N,1-468225051,fetchdata,2018-2019,Engineering and Technology,1,1,1,1,Karnataka,1
1-3515089955,GOVERNMENT POLYTECHNIC FOR WOMEN,"KANAKAPURA ROAD,NEAR KSRTC BUS STAND,B M ROAD,RAMANAGARA",RAMANAGARA,Government,Y,N,1-467680573,fetchdata,2018-2019,Engineering and Technology,1,1,1,1,Karnataka,1
1-3515781064,P.D. A. COLLEGE OF ENGINEERING,"AIWAN-E-SHAHI AREA
STATION ROAD
GULBARGA-585102",GULBARGA,Govt aided,N,N,1-11759291,fetchdata,2018-2019,Engineering and Technology,1,1,1,1,Karnataka,1
1-3514583507,GOVERNMENT POLYTECHNIC SURPUR,SURPUR,YADGIR,Government,N,N,1-509679253,fetchdata,2018-2019,Engineering and Technology,1,1,1,1,Karnataka,1
1-3514583593,SHA-SHIB COLLEGE OF ENGINEERING,"VARALAKONDAVILLAGE, NH-7, B.B ROAD, SOMENAHALLI HOBLI,
GUDIBANDE TALUK, CHIKKABLLAPUR DISTRICT 562104",CHIKABALLAPUR,Unaided - Private,N,N,1-13060751,fetchdata,2018-2019,Engineering and Technology,1,1,1,1,Karnataka,1
1-3514584224,SRI KRISHNA POLYTECHNIC,"NO.57, CHIMNEY HILLS, PIPELINE ROAD, CHIKKABANAVARA POST",BANGALORE RURAL,Unaided - Private,N,N,1-514335343,fetchdata,2018-2019,Engineering and Technology,1,1,1,1,Karnataka,1
1-3514599898,SRI VINAYAK POLYTECHNIC,"BEHIND ST. JHONS CHURCH, NEAR HOLI MINES, KORAMANDAL POST KGF",KOLAR,Unaided - Private,N,N,1-820961291,fetchdata,2018-2019,Engineering and Technology,1,1,1,1,Karnataka,1
1-3514626765,B.G.S POLYTECHNIC,BB ROAD NH-7 SJCIT(CAMPUS) CHIKKABALLAPURA,CHIKABALLAPUR,Unaided - Private,N,N,1-465904731,fetchdata,2018-2019,Engineering and Technology,1,1,1,1,Karnataka,1
1-3514627122,MANGALORE MARINE COLLEGE AND TECHNOLOGY,"PADIL PADAVU, KILENGAR VILLAGE, KUPPEPADAVU POST,
MANGALORE",D KANNADA(DK),Unaided - Private,N,Y,1-745879211,fetchdata,2018-2019,Engineering and Technology,1,1,1,1,Karnataka,1
1-3514657223,M.E.S.R.N.S.POLYTECHNIC SIRSI,"VIDYANAGAR
YELLAPUR ROAD 
SIRSI",UTTARA KANNADA,Govt aided,N,N,1-454002961,fetchdata,2018-2019,Engineering and Technology,1,1,1,1,Karnataka,1
1-3514697019,B E T POLYTECHNIC,"BHARATHINAGARA
[K M DODDI]
MADDUR TALUK
MANDYA DIST 
KARNATAKA -571422",MANDYA,Unaided - Private,N,N,1-448505501,fetchdata,2018-2019,Engineering and Technology,1,1,1,1,Karnataka,1
1-3514801320,"GURU NANAK DEV ENGINEERING COLLEGE, BIDAR","MAILOOR ROAD
BIDAR 585403
KARNATAKA",BIDAR,Unaided - Private,N,Y,1-4266791,fetchdata,2018-2019,Engineering and Technology,1,1,1,1,Karnataka,1
1-3514802452,"GOVT.POLYTECHNIC,BAGALKOT","SECTOR NO.43,NAVANAGAR BAGALKOT-587103",BAGALKOT,Government,N,N,1-479106291,fetchdata,2018-2019,Engineering and Technology,1,1,1,1,Karnataka,1
1-3515090586,AMRITA SCHOOL OF ENGINEERING,"AMRITA VISHWA VIDYAPEETHAM, BANGALORE CAMPUS,  KASAVANAHALLI, CARMELARAM POST,  OFF SARJAPUR ROAD",BANGALORE URBAN,Deemed University(Private),N,N,1-455893651,fetchdata,2018-2019,Engineering and Technology,1,1,1,1,Karnataka,1
1-3515091279,K.S.INSTITUTE OF TECHNOLOGY,"#14,RAGUVANAHALLI, KANAKAPURA MAIN ROAD,BANGALORE - 560 062.",BANGALORE URBAN,Unaided - Private,N,N,1-4653721,fetchdata,2018-2019,Engineering and Technology,1,1,1,1,Karnataka,1
1-3515093007,KCT ENGINEERING COLLEGE GULBARGA,"KCT CAMPUS
QAMAR UL ISLAM COLONY
ROZA B
GULBARGA 585104",GULBARGA,Unaided - Private,N,Y,1-9406551,fetchdata,2018-2019,Engineering and Technology,1,1,1,1,Karnataka,1
1-3514463076,BHEEMANNA KHANDRE INSTITUTE OF TECHNOLOGY,"BHALKI-HUMNABAD ROAD,
BHALKI- 585328
DIST. BIDAR
KARNATAKA",BIDAR,Unaided - Private,N,N,1-1726621,fetchdata,2018-2019,Engineering and Technology,1,1,1,1,Karnataka,1
1-3514469092,T JOHN INSTITUTE OF TECHNOLOGY,"#86/1, KAMMANAHALLI,
GOTTIGERE,
BANNERUGATTA ROAD,
BANGALORE",BANGALORE URBAN,Unaided - Private,N,N,1-6251466,fetchdata,2018-2019,Engineering and Technology,1,1,1,1,Karnataka,1
1-3514904514,TMAES SIR M VISVESVARAYA POLYTECHNIC,"SANKLAPUR
BELLARY ROAD",BELLARY,Unaided - Private,N,N,1-473837681,fetchdata,2018-2019,Engineering and Technology,1,1,1,1,Karnataka,1
1-3514904805,RAMAN POLYTECHNIC,"NO. 134, VISHWABHARATHI CAMPUS, KAMAKSHIPALYA, BANGALORE - 79.",BANGALORE URBAN,Unaided - Private,N,N,1-467853871,fetchdata,2018-2019,Engineering and Technology,1,1,1,1,Karnataka,1
1-3514912925,GOVT POLYTECHNIC LINGASGUR,"OPP: BUS DEPOT ,MUDGAL ROAD,",RAICHUR,Government,N,N,1-479416321,fetchdata,2018-2019,Engineering and Technology,1,1,1,1,Karnataka,1
1-3514913089,M S ENGINEERING COLLEGE,"NAVARATHNA AGRAHARA, SADAHALLIPOST, NEAR BIAL, BANGALORE",BANGALORE RURAL,Unaided - Private,N,N,1-14597691,fetchdata,2018-2019,Engineering and Technology,1,1,1,1,Karnataka,1
1-3514933076,SAMBHRAM INSTITUTE OF TECHNOLOGY,"AMBABHAVANI TEMPLE ROAD
M.S.PALYA, JALAHALLI EAST
VIDYARANYAPURA POST",BANGALORE URBAN,Unaided - Private,N,N,1-3979366,fetchdata,2018-2019,Engineering and Technology,1,1,1,1,Karnataka,1
1-3514934365,CAMBRIDGE INSTITUTE  OF TECHNOLOGY   NORTH CAMPUS,"SURVEY NO. 73, LINGADHEERA GOLLAHALLI, KUNDANA POST, DEVANAHALLI TALUK",BANGALORE RURAL,Unaided - Private,N,N,1-1511969101,fetchdata,2018-2019,Engineering and Technology,1,1,1,1,Karnataka,1
1-3515031769,KAMATH INSTITUTE OF TECHNOLOGY (POLYTECHNIC),"""SAPTAGIRI""
KOTESHWARA-HALADY MAIN ROAD
HOMBADY-MANDADY VILLAGE
KUNDAPURA TALUK",UDUPI,Unaided - Private,N,N,1-435592471,fetchdata,2018-2019,Engineering and Technology,1,1,1,1,Karnataka,1
1-3515050457,JNANAVIKAS INSTITUTE OF TECHNOLOGY,"VIDYA SOUDHA, 32ND K.M.
BANGALORE - MYSORE HIGH WAY,",RAMANAGARA,Unaided - Private,N,N,1-6040783,fetchdata,2018-2019,Engineering and Technology,1,1,1,1,Karnataka,1
1-3515050735,GULAGANNAVAR POLYTECHNIC,"NH-63, GADAG ROAD, KOPPAL [DADEGAL]",KOPPAL,Unaided - Private,N,N,1-508259583,fetchdata,2018-2019,Engineering and Technology,1,1,1,1,Karnataka,1
1-3514743279,"K.L.E. SOCIETY`S CHIDANAND B. KORE POLYTECHNIC, CHIKODI","THE PRINCIPAL,
KLE SOCIETY`S CHIDANAND B. KORE POLYTECHNIC, CHIKODI DIST:BELGAUM, KARNATAKA STATE",BELGAUM,Unaided - Private,N,N,1-454487571,fetchdata,2018-2019,Engineering and Technology,1,1,1,1,Karnataka,1
1-3514744143,LINGARAJAPPA ENGINEERING COLLEGE,"SURVEY NO. 25/1, GORNALLI ,BIDAR,KARNATAKA",BIDAR,Unaided - Private,N,N,1-451358832,fetchdata,2018-2019,Engineering and Technology,1,1,1,1,Karnataka,1
1-3514805740,ATRIA INSTITUTE OF TECHNOLOGY,"ASKB CAMPUS, AG'S COLONY, 1ST MAIN, ANANDNAGAR",BANGALORE URBAN,Unaided - Private,N,N,1-12266207,fetchdata,2018-2019,Engineering and Technology,1,1,1,1,Karnataka,1
1-3514807089,R.L.JALAPPA POLYTECHNIC,"DODDABALLAPUR TALUK, DARGAJOGIHALLI,KODIGEHALLI POST",BANGALORE RURAL,Unaided - Private,N,N,1-2869754251,fetchdata,2018-2019,Engineering and Technology,1,1,1,1,Karnataka,1
1-3514807205,SRI C B YELIGAR POLYTECHNIC,"BEHIND RAILWAY STATION , ATTIKOLLA,
DHARWAD -580007",DHARWAD,Unaided - Private,N,N,1-2192720491,fetchdata,2018-2019,Engineering and Technology,1,1,1,1,Karnataka,1
1-3514836478,VIDYA VIKAS EDUCATIONAL TRUST (R) POLYTECHNIC,#127/128 ALANAHALLLY MYSORE BANNUR ROAD ALANAHALLY POST MYSORE-28,MYSORE,Unaided - Private,N,N,1-475194163,fetchdata,2018-2019,Engineering and Technology,1,1,1,1,Karnataka,1
1-3514836853,ANJUMAN INSTITUTE OF TECHNOLOGY AND MANAGEMENT,"ANJUMANABAD,
BHATKAL
(U K DIST), KARNATAKA
PIN 581320",UTTARA KANNADA,Unaided - Private,N,Y,1-11354561,fetchdata,2018-2019,Engineering and Technology,1,1,1,1,Karnataka,1
1-3514837709,GOVERMENT POLYTECHNIC SIDDAPUR,"JOG ROAD, HOSUR",UTTARA KANNADA,Government,N,N,1-473885581,fetchdata,2018-2019,Engineering and Technology,1,1,1,1,Karnataka,1
1-3514870443,DR.SRI SRI SRI SHIVAKUMARA MAHASWAMY POLYTECHNIC,"BYRANAYAKANAHALLI, DODDABELE POST, NELAMANGALA TALUK, BANGALORE RURAL DISTRICT.",BANGALORE RURAL,Unaided - Private,N,N,1-715329491,fetchdata,2018-2019,Engineering and Technology,1,1,1,1,Karnataka,1
1-3514882708,GOVERNMENT POLYTECHNIC HARAPANAHALLI,"GOVERNMENT POLYTECHNIC
HOSPET ROAD
HARAPANAHALLI
DAVANAGERE (DIST)
KARNATAKA",DAVANAGERE,Government,N,N,1-492443161,fetchdata,2018-2019,Engineering and Technology,1,1,1,1,Karnataka,1
1-3514882948,VEERAPPA NISTY ENGNINEERING COLLEGE,"POST:HASNAPUR, TQ:SHORAPUR, DIST: YADGIR",YADGIR,Unaided - Private,N,N,1-7638031,fetchdata,2018-2019,Engineering and Technology,1,1,1,1,Karnataka,1
1-3514914418,"K.L.E.SOCIETY S SMT CHANABASAMMA.ISHWARAPPA.MUNAVALLI POLYTECHNIC,","VIDYANAGAR,
HUBLI.",DHARWAD,Unaided - Private,N,N,1-451843001,fetchdata,2018-2019,Engineering and Technology,1,1,1,1,Karnataka,1
1-3514935691,GOVERNMENT POLYTECHNIC AURAD(B),OLD TAHASIL OFFICE BUILDING AURAD(B),BIDAR,Government,N,N,1-483541711,fetchdata,2018-2019,Engineering and Technology,1,1,1,1,Karnataka,1
1-3514992658,SCT POLYTECHNIC,"KAGGADASAPURA MAIN ROAD,
VIGNANA NAGAR,
CV RAMAN NAGAR POST",BANGALORE URBAN,Unaided - Private,N,N,1-498036141,fetchdata,2018-2019,Engineering and Technology,1,1,1,1,Karnataka,1
1-3514992913,GOVERNMENT POLYTECHNIC,"MAHATMA GANDHI ROAD 
KARWAR
581301
KARNATAKA",UTTARA KANNADA,Government,N,N,1-475885601,fetchdata,2018-2019,Engineering and Technology,1,1,1,1,Karnataka,1
1-3514993206,GOVERNMENT TOOL ROOM AND TRAINING CENTRE - HUMNABAD,"SERICULTURE BUILDING, NEAR SBC ARTS COLLEGE ,BY PASS NH-9 ROAD,HUMNABAD.",BIDAR,Government,N,N,1-475198031,fetchdata,2018-2019,Engineering and Technology,1,1,1,1,Karnataka,1
1-3514807783,SHRI KALIDAS POLYTECHNIC COLLEGE,"SY NO 563/2,OFF BANASHANKARI ROAD,BADAMI",BAGALKOT,Unaided - Private,N,N,1-2885938161,fetchdata,2018-2019,Engineering and Technology,1,1,1,1,Karnataka,1
1-3514837903,DBHP SABHA'S GANGADHAR POLYTECHNIC,"R.F. NIRALKATTI CAMPUS, GARAG ROAD, OPP. TELCO, MUMMIGATTI VILLEGE",DHARWAD,Unaided - Private,N,N,1-479716461,fetchdata,2018-2019,Engineering and Technology,1,1,1,1,Karnataka,1
1-3514840489,GOVERNMENT TOOL ROOM & TRAINING CENTRE- KUDALASANGAMA,GTTC CAMPUS,BAGALKOT,Government,N,N,1-473906061,fetchdata,2018-2019,Engineering and Technology,1,1,1,1,Karnataka,1
1-3514884566,RAJIV GANDHI INSTITUTE OF TECHNOLOGY,"CHOLANGAR,
R.T.NAGAR POST, 
HEBBAL,
BANGALORE,
KARNATAKA STATE
                            PIN NO.560032",BANGALORE URBAN,Unaided - Private,N,N,1-6614146,fetchdata,2018-2019,Engineering and Technology,1,1,1,1,Karnataka,1
1-3514906428,SRI TARALABALU JAGADGURU INSTITUTE OF TECHNOLOGY,"P B ROAD (NH4)
RANEBENNUR-581 115
HAVERI DISTRICT
KARNATAKA STATE
INDIA",HAVERI,Unaided - Private,N,N,1-2188061,fetchdata,2018-2019,Engineering and Technology,1,1,1,1,Karnataka,1
1-3514907374,S. E. A.  COLLEGE OF ENGINEERING & TECHNOLOGY,"EKTA NAGAR, BASAVANAPURA, VIRGO NAGAR POST, BANGALORE - 560 049.",BANGALORE URBAN,Unaided - Private,N,N,1-4157231,fetchdata,2018-2019,Engineering and Technology,1,1,1,1,Karnataka,1
1-3514908205,"GOVERNMENT POLYTECHNIC, HARIHARA","APMC YARD, SHIMOGA ROAD",DAVANAGERE,Government,N,N,1-475220781,fetchdata,2018-2019,Engineering and Technology,1,1,1,1,Karnataka,1
1-3514915007,GOVERNMENT WOMENS POLYTECHNIC,AIWAN-E-SHAHI ROAD GULBARGA,GULBARGA,Government,Y,N,1-486158331,fetchdata,2018-2019,Engineering and Technology,1,1,1,1,Karnataka,1
1-3514915131,GOVERNMENT POLYTECHNIC,"BIDARAHALLI HOBLI,
CHANNASANDRA
PIN- 560067",BANGALORE URBAN,Government,N,N,1-505281231,fetchdata,2018-2019,Engineering and Technology,1,1,1,1,Karnataka,1
1-3514935817,GOVERNMENT POLYTECHNIC,HOLENARASIPURA,HASSAN,Government,N,N,1-461123389,fetchdata,2018-2019,Engineering and Technology,1,1,1,1,Karnataka,1
1-3514962977,HYDERABAD KARNATAKA EDUCATION SOCIETY'S POLYTECHNIC GULBARGA,"BESIDE MSI DEGREE COLLEGE, AIWAN - E SHAHI AREA, STATION BAZAR, GULBARGA 585102",GULBARGA,Unaided - Private,N,N,1-441844951,fetchdata,2018-2019,Engineering and Technology,1,1,1,1,Karnataka,1
1-3514993378,"M.S.M.S RURAL POLYTECHNIC, MARALI","RUDRESHWARA NAGAR, RAICHUR ROAD(SH) MARALI",KOPPAL,Unaided - Private,N,N,1-437676581,fetchdata,2018-2019,Engineering and Technology,1,1,1,1,Karnataka,1
1-3514993660,PNS INSTITUTE OF TECHNOLOGY,"94/1, DANOJI PALYA, ARISHNAKUNTE, TUMKUR ROAD, NELAMANGALA, BANGALORE- 562123",BANGALORE URBAN,Unaided - Private,N,N,1-2744874,fetchdata,2018-2019,Engineering and Technology,1,1,1,1,Karnataka,1
1-3514994295,ALPHA COLLEGE OF ENGINEERING,"DODDAGUBBI POST,
HENNUR-BAGALUR ROAD,
BANGALORE-560077.",BANGALORE RURAL,Unaided - Private,N,N,1-9823433,fetchdata,2018-2019,Engineering and Technology,1,1,1,1,Karnataka,1
1-3514994714,GOVT POLYTECHNIC BAGEPALLI,"NH-7, GOVT POLYTECHNIC BAGEPALLI",CHIKABALLAPUR,Government,N,N,1-515192161,fetchdata,2018-2019,Engineering and Technology,1,1,1,1,Karnataka,1
1-3515033770,GOVT TOOL ROOM & TRG CENTRE - MANGALORE,"B131-132, INDUSTRIAL ESTATE BAIKAMPADY",DAKSHINA KANNADA,Government,N,N,1-465574941,fetchdata,2018-2019,Engineering and Technology,1,1,1,1,Karnataka,1
1-3514704465,A.M.C. ENGINEERING COLLEGE,"18KM,BANNERAGHATTA ROAD,KALKERE,BANGALORE-560083",BANGALORE URBAN,Unaided - Private,N,N,1-5220016,fetchdata,2018-2019,Engineering and Technology,1,1,1,1,Karnataka,1
1-3514707663,N.E.S.POLYTECHNIC,"N.E.S.POLYTECHNIC RAJAPUR, SHAHABAD ROAD GULBARGA",GULBARGA,Unaided - Private,N,N,1-442231701,fetchdata,2018-2019,Engineering and Technology,1,1,1,1,Karnataka,1
1-3738162321,JSS SCIENCE AND TECHNOLOGY UNIVERSITY,"JSS TECHNICAL INSTITUTIONS CAMPUS, MANASAGANGOTHRI, MYSURU 570006",MYSORE,Private-Aided,N,N,,fetchdata,2018-2019,Engineering and Technology,1,1,1,1,Karnataka,1
1-3514748640,ANGADI INSTITTUTE OF TECHNOLOGY AND MANAGEMENT,SAVAGAON ROAD BELGAUM,BELGAUM,Unaided - Private,N,N,1-419868141,fetchdata,2018-2019,Engineering and Technology,1,1,1,1,Karnataka,1
1-3514840667,GOVERNMENT POLYTECHNIC,"NH-4
KANTHARAJA CIRCLE
KOTHAMANGALA POST",KOLAR,Government,N,N,1-474934283,fetchdata,2018-2019,Engineering and Technology,1,1,1,1,Karnataka,1
1-3514846847,GOVERNMENT WOMEN'S POLYTECHNIC,"GOVERNMENT WOMEN'S POLYTECHNIC
SORAB ROAD",SHIMOGA,Government,Y,N,1-467438493,fetchdata,2018-2019,Engineering and Technology,1,1,1,1,Karnataka,1
1-3514848009,"GOVERNMENT POLYTECHNIC,BELGAUM","KAKATIVASE ROAD,NEAR CHENNAMMA CIRCLE,BELGAUM,KARNATAKA",BELGAUM,Government,N,N,1-466232411,fetchdata,2018-2019,Engineering and Technology,1,1,1,1,Karnataka,1
1-3514875143,M. S. RAMAIAH INSTITUTE OF TECHNOLOGY,"VIDYA SOUDHA,
MSR NAGAR,
MSRIT POST,
BANGALORE - 560054.",BANGALORE URBAN,Unaided - Private,N,N,1-9522465,fetchdata,2018-2019,Engineering and Technology,1,1,1,1,Karnataka,1
1-3514876966,"GOVERNMENT POLYTECHNIC, KARATAGI","THE PRINCIPAL, GOVERNMENT POLYTECHNIC,      A P M C YARD,       R G RAOD,     KARATAGI",KOPPAL,Government,N,N,1-468163081,fetchdata,2018-2019,Engineering and Technology,1,1,1,1,Karnataka,1
1-3514886149,GOVT. INSTITUTE OF TEXTILE TECHNOLOGY,"SJP CAMPUS
K R CIRCLE
BANGALORE
560001",BANGALORE URBAN,Government,N,N,1-493008751,fetchdata,2018-2019,Engineering and Technology,1,1,1,1,Karnataka,1
1-3514886269,GIRIJABAI SAIL INSTITUTE OF TECHNOLOGY,UTKAGALI ADJACENT TO KARNATAKA GOA BORDER CHECK POST MAJALI VILLAGE KARWAR,UTTARA KANNADA,Unaided - Private,N,N,1-781430011,fetchdata,2018-2019,Engineering and Technology,1,1,1,1,Karnataka,1
1-3514887548,SHANTHINIKETAN POLYTECHNIC COLLEGE,"B M ROAD, VIVEKANANDANAGAR,",RAMANAGARA,Unaided - Private,N,N,1-458768391,fetchdata,2018-2019,Engineering and Technology,1,1,1,1,Karnataka,1
1-3514908905,BAHUBALI COLLEGE OF ENGINEERING,"GOMMATANAGARA
SHRAVANABELAGOLA - 573135
HASSAN DISTRICT
KARNATAKA",HASSAN,Unaided - Private,N,Y,1-6088619,fetchdata,2018-2019,Engineering and Technology,1,1,1,1,Karnataka,1
1-3514963715,S.J.M POLYTECHNIC,"HALEPET
BIRUR",CHIKMAGALUR,Govt aided,N,N,1-468092481,fetchdata,2018-2019,Engineering and Technology,1,1,1,1,Karnataka,1
1-3514963913,DON BOSCO INSTITUTE OF TECHNOLOGY,"KUMBALAGODU, MYSORE ROAD, KENGERI HOBLI ,
BANGALORE-560074",BANGALORE URBAN,Unaided - Private,N,N,1-4002206,fetchdata,2018-2019,Engineering and Technology,1,1,1,1,Karnataka,1
1-3514994872,S J M INSTITUTE OF TECHNOLOGY,"P B NO 73, NH -4 BYE PASS, CHITRADURGA",CHITRADURGA,Unaided - Private,N,N,1-10041741,fetchdata,2018-2019,Engineering and Technology,1,1,1,1,Karnataka,1
1-3515001145,JAIN INSTITUTE OF TECHNOLOGY,"323, BADA CROSS NEAR BLIND SCHOOL AVARAGERE DAVANGERE",DAVANAGERE,Unaided - Private,N,N,1-524621661,fetchdata,2018-2019,Engineering and Technology,1,1,1,1,Karnataka,1
1-3514710741,THE OXFORD COLLEGE OF ENGINEERING,"HOSUR ROAD,
BOMMANAHALLI,",BANGALORE URBAN,Unaided - Private,N,Y,1-5770711,fetchdata,2018-2019,Engineering and Technology,1,1,1,1,Karnataka,1
1-3514750076,KURUNJI VENKATRAMANA GOWDA POLYTECHNIC,KURUNJIBHAG,DAKSHINA KANNADA,Govt aided,N,N,1-444260201,fetchdata,2018-2019,Engineering and Technology,1,1,1,1,Karnataka,1
1-3514809813,GOVERNMENT POLYTECHNIC BELLARY,"FORT, HOSPET ROAD",BELLARY,Government,N,N,1-475064381,fetchdata,2018-2019,Engineering and Technology,1,1,1,1,Karnataka,1
1-3514849617,R E S POLYTECHNIC,"#5, SUNKADAKATTE, MAGADI MAIN ROAD, HEGGENAHALLI CROSS",BANGALORE URBAN,Unaided - Private,N,N,1-464050921,fetchdata,2018-2019,Engineering and Technology,1,1,1,1,Karnataka,1
1-3514850073,"GOVT. ENGINEERING COLLEGE, HASSAN","DAIRY CIRCLE, B M ROAD, HASSAN",HASSAN,Government,N,N,1-15932481,fetchdata,2018-2019,Engineering and Technology,1,1,1,1,Karnataka,1
1-3514877866,"GOVERNMENT ENGINEERING COLLEGE,KARWAR","GOVERNMENT POLYTECHNIC CAMPUS
1ST FLOOR
M. G. ROAD
KARWAR",UTTARA KANNADA,Government,N,N,1-36456711,fetchdata,2018-2019,Engineering and Technology,1,1,1,1,Karnataka,1
1-3514887984,"GOVERNMENT POLYTECHNIC,TURUVEKERE","GOVERNMENT POLYTECHNIC,
SUBRAMNAYA NAGARA
SBM ROAD
TURUVEKERE",TUMKUR,Government,N,N,1-486293203,fetchdata,2018-2019,Engineering and Technology,1,1,1,1,Karnataka,1
1-3514916927,CANARA ENGINEERING COLLEGE,"BENJANAPADAVU,
BANTWAL  
PIN 574219
DAKSHINA KANNADA DIST,
KARNATAKA STATE",DAKSHINA KANNADA,Unaided - Private,N,Y,1-3579484,fetchdata,2018-2019,Engineering and Technology,1,1,1,1,Karnataka,1
1-3514917666,V.E.T.B.V.L. POLYTECHNIC,"# 18, 14TH MAIN,  II PHASE,  J.P.NAGAR,",BANGALORE URBAN,Unaided - Private,N,N,1-453692811,fetchdata,2018-2019,Engineering and Technology,1,1,1,1,Karnataka,1
1-3514918090,JYOTHY INSTITUTE OF TECHNOLOGY,"TATAGUNI, OFF KANAKAPURA ROAD",BANGALORE URBAN,Unaided - Private,N,N,1-401635061,fetchdata,2018-2019,Engineering and Technology,1,1,1,1,Karnataka,1
1-3514965500,S. S. E. T'S  S. G. BALEKUNDRI INSTITUTE OF TECHNOLOGY,"S. G. BALEKUNDRI INSTITUTE OF TECHNOLOGY, 
SHIVABASAVA NAGAR, 
BELGAUM - 590010",BELGAUM,Unaided - Private,N,N,1-9015139,fetchdata,2018-2019,Engineering and Technology,1,1,1,1,Karnataka,1
1-3514966308,JAIN POLYTECHNIC BELGAUM,19/1 PEERANWADI BELGAUM 590014,BELGAUM,Unaided - Private,N,N,1-1478954311,fetchdata,2018-2019,Engineering and Technology,1,1,1,1,Karnataka,1
1-3515004701,FAROOQIA  POLYTECHNIC FOR WOMEN,"AZEEZ SAIT ROAD,
UDAYAGIRI CIRCLE,",MYSORE,Unaided - Private,Y,Y,1-476905101,fetchdata,2018-2019,Engineering and Technology,1,1,1,1,Karnataka,1
1-3515005955,BEARYS INSTITUTE OF TECHNOLOGY,"LANDS END, INNOLI,BOLIYAR VILLAGE
NEAR MANGALORE UNIVERSITY
MANGALORE-574 153",DAKSHINA KANNADA,Unaided - Private,N,Y,1-3818113,fetchdata,2018-2019,Engineering and Technology,1,1,1,1,Karnataka,1
1-3515008534,GOVERNMENT CPC POLYTECHNIC,"ASHOKA ROAD,
N R MOHALLA 
MYSORE",MYSORE,Government,N,N,1-494511941,fetchdata,2018-2019,Engineering and Technology,1,1,1,1,Karnataka,1
1-3515035842,GOVERNMENT POLYTECHNIC,ULAVI - SAGAR ROAD,SHIMOGA,Government,N,N,1-475273387,fetchdata,2018-2019,Engineering and Technology,1,1,1,1,Karnataka,1
1-3515051920,P.A.COLLEGE OF ENGINEERING,"NADUPADAV, NEAR MANGALORE UNIVERSITY
MONTEPADAV POST, KAIRANGALA VILLAGE
BANTWAL-MANGALORE",DAKSHINA KANNADA,Unaided - Private,N,Y,1-2504761,fetchdata,2018-2019,Engineering and Technology,1,1,1,1,Karnataka,1
1-3514713135,RAJARAJESWARI COLLEGE OF ENGINEERING,"#14, RAMOHOLLI CROSS, 
KUMBALGODU, 
MYSORE ROAD,BANGALORE - 560074",BANGALORE URBAN,Unaided - Private,N,N,1-4201514,fetchdata,2018-2019,Engineering and Technology,1,1,1,1,Karnataka,1
1-3514715048,ATME COLLEGE OF ENGINEERING,"SY.NO.1002, HAROHALLI (MELLAHALLI)",MYSORE,Unaided - Private,N,N,1-7334961,fetchdata,2018-2019,Engineering and Technology,1,1,1,1,Karnataka,1
1-3514750888,ANJUMAN POLYTECHNIC,"IDGAH MAIDAN,
AYODHYA NAGAR
OLD HUBLI",DHARWAD,Unaided - Private,N,Y,1-461022893,fetchdata,2018-2019,Engineering and Technology,1,1,1,1,Karnataka,1
1-3514810504,BRINDAVAN COLLEGE OF ENGINEERING,"DWARAKANAGARA, BAGALUR MAIN ROAD,
YELAHANKA, BANGALORE - 560 063",BANGALORE URBAN,Unaided - Private,N,N,1-5459701,fetchdata,2018-2019,Engineering and Technology,1,1,1,1,Karnataka,1
1-3514813780,GOVERNMENT POLYTECHNIC,VIDYANAGAR,DHARWAD,Government,N,N,1-473881761,fetchdata,2018-2019,Engineering and Technology,1,1,1,1,Karnataka,1
1-3514850898,S G E S RURAL POLYTECHNIC,"POLYTECHNIC CAMPUS,
INDUSTRIAL ESTATE,
TARIHAL",DHARWAD,Govt aided,N,N,1-495291521,fetchdata,2018-2019,Engineering and Technology,1,1,1,1,Karnataka,1
1-3514851093,KLS VISHWANATHRAO DESHPANDE INSTITUTE OF TECHNOLOGY,"UDYOG VIDYA NAGAR,DANDELI ROAD, HALIYAL-581329 KA",UTTARA KANNADA,Unaided - Private,N,N,1-2390451,fetchdata,2018-2019,Engineering and Technology,1,1,1,1,Karnataka,1
1-3514880131,K.L.E.SOCIETY'S POLYTECHNIC BAILHONGAL.,"THE PRINCIPAL K.L.E.SOCIETY'S POLYTECHNIC,NEAR ARTO OFFICE BAILHONGAL.",BELGAUM,Unaided - Private,N,N,1-460505561,fetchdata,2018-2019,Engineering and Technology,1,1,1,1,Karnataka,1
1-3514891088,ST.JOHN'S POLYTECHNIC HUBLI-23,"ST.JOHN'S POLYTECHNIC
DIVINE NAGAR BEHIND GOVT. P.U.COLLEGE
GOPANAKOPPA
HUBLI-23",DHARWAD,Unaided - Private,N,Y,1-758497831,fetchdata,2018-2019,Engineering and Technology,1,1,1,1,Karnataka,1
1-3514966688,"KEDARLINGAYYA HIREMATH POLYTECHNIC,JEWARGI","NEAR GANGAMAYYAI MATH, BIJAPUR ROAD JEWARGI",GULBARGA,Unaided - Private,N,N,1-494635571,fetchdata,2018-2019,Engineering and Technology,1,1,1,1,Karnataka,1
1-3515010904,VGET'S DR.G S M RURAL POLYTECHNIC,"YELBURGA ROAD
KUKNOOR",KOPPAL,Govt aided,N,N,1-435922191,fetchdata,2018-2019,Engineering and Technology,1,1,1,1,Karnataka,1
1-3515014434,C.V.CHARANTIMATH RURAL POLYTECHNIC,"C.V.CHARANTIMATH RURAL POLYTECHNIC,        HUNGUND,
NH-13",BAGALKOT,Govt aided,N,N,1-437574571,fetchdata,2018-2019,Engineering and Technology,1,1,1,1,Karnataka,1
1-3515035232,SRI KRISHNA INSTITUTE OF TECHNOLOGY,"NO. 29, HESARAGHATTA MAIN ROAD
CHIMNEY HILLS, CHIKKABANAVARA POST
BANGALORE - 560090",BANGALORE URBAN,Unaided - Private,N,N,1-11557861,fetchdata,2018-2019,Engineering and Technology,1,1,1,1,Karnataka,1
1-3515036133,"SHREE VIDYADHIRAJ POLYTECHNIC, KUMTA","KANARA COLLEGE SOCIETY CAMPUS,
HEGDE ROAD,
KUMTA",UTTARA KANNADA,Govt aided,N,N,1-453205773,fetchdata,2018-2019,Engineering and Technology,1,1,1,1,Karnataka,1
1-3515057137,GOVERNMENT ENGINEERING COLLEGE,"HUVINAHADAGALI 583219
DIST: BELLARY",BELLARY,Government,N,N,1-462385081,fetchdata,2018-2019,Engineering and Technology,1,1,1,1,Karnataka,1
1-3514715964,WESTHILL POLYTECHNIC,"ARALABARGURU,
BARGUR HAND POST,
DHANDIGANAHALLI HOBLI, CHANNARAYAPATNA, HASSAN",HASSAN,Unaided - Private,N,N,1-857114671,fetchdata,2018-2019,Engineering and Technology,1,1,1,1,Karnataka,1
1-3514716094,SRINIVAS INSTITUTE OF TECHNOLOGY,"SRINIVAS CAMPUS
VALACHIL, ARKULA VILLAGE
FARANGIPETE POST
MANGALORE",D KANNADA(DK),Unaided - Private,N,N,1-1710521,fetchdata,2018-2019,Engineering and Technology,1,1,1,1,Karnataka,1
1-3514754245,GOVT TOOL ROOM & TRAINING  CENTRE- SHIVAMOGGA,"PLOT NO CA-38, NIDIGE INDUSTRIAL AREA, SHIVAMOGGA",SHIMOGA,Government,N,N,1-1524553524,fetchdata,2018-2019,Engineering and Technology,1,1,1,1,Karnataka,1
1-3514754393,SHRI MADHWA VADIRAJA INSTITUTE OF TECHNOLOGY AND MANAGEMENT,"VISHWOTHAMA NAGAR,
BANTAKAL",UDUPI,Unaided - Private,N,N,1-6016011,fetchdata,2018-2019,Engineering and Technology,1,1,1,1,Karnataka,1
1-3514813957,B.T.PATIL AND SONS POLYTECHNIC,"GAVANI-STAVANIDHI, TALUKA: CHIKKODI",BELGAUM,Unaided - Private,N,N,1-454268781,fetchdata,2018-2019,Engineering and Technology,1,1,1,1,Karnataka,1
1-3514814536,SHRI MALLIKARJUNA POLYTECHNIC,"NH-13, PILLEKERENAHALLI,",CHITRADURGA,Unaided - Private,N,N,1-789816101,fetchdata,2018-2019,Engineering and Technology,1,1,1,1,Karnataka,1
1-3514852047,"SHETTY POLYTECHNIC,GULBARGA",5TH KM RAJAPUR-SHAHABAD ROAD GULBARGA-585105,GULBARGA,Unaided - Private,N,N,1-431233679,fetchdata,2018-2019,Engineering and Technology,1,1,1,1,Karnataka,1
1-3514852398,"R.T.E.SOCIETY'S RURAL POLYTECHNIC, HULKOTI","R.T.E.SOCIETY'S RURAL POLYTECHNIC, HULKOTI",GADAG,Govt aided,N,N,1-477616701,fetchdata,2018-2019,Engineering and Technology,1,1,1,1,Karnataka,1
1-3514471058,INTERNATIONAL INSTITUTE OF INFORMATION TECHNOLOGY BANGALORE,"26/C, ELECTRONICS CITY, PHASE 1, HOSUR ROAD, BANGALORE",BANGALORE URBAN,Deemed University(Government),N,N,1-1560964531,fetchdata,2018-2019,Engineering and Technology,1,1,1,1,Karnataka,1
1-3514920359,BCN POLYTECHNIC LAXMESHWAR,BCN VIDYA SANSTHE (R) LAXMESHWAR. SURVAY NO-51/1& 72 PETHA BANA LAXMESHWAR,GADAG,Unaided - Private,N,N,1-500307591,fetchdata,2018-2019,Engineering and Technology,1,1,1,1,Karnataka,1
1-3514967100,ASHOKA POLYTECHNIC,"SY NO.42, KAMMAGONDANAHALLI, 100FT ROAD(FOREST ROAD), JALAHALLI WEST",BANGALORE URBAN,Unaided - Private,N,N,1-814552571,fetchdata,2018-2019,Engineering and Technology,1,1,1,1,Karnataka,1
1-3514967792,SRI KRISHNA POLYTECHNIC,"26/1 CHIKKABELLANDUR VILLAGE,
CARMELRAM POST
BANGALORE 560035",BANGALORE URBAN,Unaided - Private,N,N,1-410884681,fetchdata,2018-2019,Engineering and Technology,1,1,1,1,Karnataka,1
1-3515015761,MYSURU ROYAL INSTITUTE OF TECHNOLOGY,"LAKSHMIPURA ROAD, OFF MYSURU -BENGALURU HIGHWAY",MANDYA,Unaided - Private,N,N,1-2476213031,fetchdata,2018-2019,Engineering and Technology,1,1,1,1,Karnataka,1
1-3515016970,SHREE SHANMUKHA SHIVAYOGI RURAL POLYTECHNIC JEWARGI,"BIJAPUR ROAD, JEWARGI",GULBARGA,Unaided - Private,N,N,1-474141607,fetchdata,2018-2019,Engineering and Technology,1,1,1,1,Karnataka,1
1-3515019242,GTTC POLYTECHNIC,"GOVT.TOOL ROOM & TRAINING CENTRE
RAJAJINAGAR INDUSTRIAL ESTATE",BANGALORE URBAN,Government,Y,N,1-485591091,fetchdata,2018-2019,Engineering and Technology,1,1,1,1,Karnataka,1
1-3515037038,"HANAGAL SRI KUMARESHWARA POLYTECHNIC, BELLARY"," RYMEC CAMPUS, CANTONMENT
BELLARY-583104",BELLARY,Unaided - Private,N,N,1-477414661,fetchdata,2018-2019,Engineering and Technology,1,1,1,1,Karnataka,1
1-3515038746,BHUVAN POLYTECHNIC,"VENKATALA,            YELAHANKA
BANGALORE",BANGALORE URBAN,Unaided - Private,N,N,1-493932241,fetchdata,2018-2019,Engineering and Technology,1,1,1,1,Karnataka,1
1-3515061774,G MADEGOWDA INSTITUTE OF TECHNOLOGY (GMIT),BHARATHINAGARA (K M DODDY) MADDUR TQ,MANDYA,Unaided - Private,N,N,1-448381181,fetchdata,2018-2019,Engineering and Technology,1,1,1,1,Karnataka,1
1-3514718658,A.G.M RURAL COLLEGE OF ENGINEERING AND TECHNOLOGY,"NH-4, P.B. ROAD OPP VRL HEAD OFFICE VARUR.",DHARWAD,Unaided - Private,N,N,1-5209661,fetchdata,2018-2019,Engineering and Technology,1,1,1,1,Karnataka,1
1-3514765773,BALLARI INSTITUTE OF TECHNOLOGY & MANAGEMENT,"FORMERLY BELLARY ENGINEERING COLLEGE,
""JNANA GANGOTRI"" CAMPUS, #873/2 OF KOLAGAL VILLAGE,
BELLARY-HOSPET ROAD, ALLIPUR",BELLARY,Unaided - Private,N,N,1-5843561,fetchdata,2018-2019,Engineering and Technology,1,1,1,1,Karnataka,1
1-3514815945,P.V.P POLYTECHNIC,"DR.AIT CAMPUS,
MALLATHAHALLI,
BANGALORE-56",BANGALORE URBAN,Govt aided,N,N,1-465512581,fetchdata,2018-2019,Engineering and Technology,1,1,1,1,Karnataka,1
1-3514853597,GOVERNMENT TOOL ROOM & TRAINING CENTRE - HARIHAR,"GOVT.TOOL ROOM & TRAINING CENTRE,
PLOT NO:22 C&D, KIADB INDUSTRIAL AREA, HARLAPURA, HARIHAR, DAVANAGERE (DIST)",DAVANAGERE,Government,N,N,1-467540701,fetchdata,2018-2019,Engineering and Technology,1,1,1,1,Karnataka,1
1-3514480045,SAHAKARI VIDYA KENDRA POLYTECHNIC,"CA NO 3,41ST CROSS, EAST END B MAIN ROAD,JAYANAGAR 9TH BLOCK.
BANGALORE",BANGALORE URBAN,Unaided - Private,N,N,1-487502421,fetchdata,2018-2019,Engineering and Technology,1,1,1,1,Karnataka,1
1-3514922994,TMAES POLYTECHNIC,T M A E S POLYTECHNIC,SHIMOGA,Unaided - Private,N,N,1-487640671,fetchdata,2018-2019,Engineering and Technology,1,1,1,1,Karnataka,1
1-3514923209,"BAPUJI POLYTECHNIC,SHABANUR ( GOVT.AIDED)","VIVEKANANDA BADAVANE MAIN ROAD
DAVANGERE-577004",DAVANAGERE,Govt aided,N,N,1-434211961,fetchdata,2018-2019,Engineering and Technology,1,1,1,1,Karnataka,1
1-3514923527,GOVERNMENT TOOL ROOM AND TRAINING CENTRE,"NO.8, KIADB INDUSTRIAL AREA, B.M. ROAD, NEAR DAIRY CIRCLE,",HASSAN,Government,N,N,1-475120351,fetchdata,2018-2019,Engineering and Technology,1,1,1,1,Karnataka,1
1-3514969265,S.E.S.POLYTECHNIC(GOVT AIDED),"BELLARY ROAD
SIRUGUPPA-583121",BELLARY,Private-Aided,N,N,1-445548295,fetchdata,2018-2019,Engineering and Technology,1,1,1,1,Karnataka,1
1-3515038984,VIVEKANANDA POLYTECHNIC,NEHARU NAGAR,D KANNADA(DK),Unaided - Private,N,N,1-492650641,fetchdata,2018-2019,Engineering and Technology,1,1,1,1,Karnataka,1
1-3515039383,M. N. TECHNICAL INSTITUTE,"M. N. TECHNICAL INSTITUTE, KAMMAGONDANAHALLI, ABBIGERE MAIN ROAD, BANGALORE-15.",BANGALORE URBAN,Unaided - Private,N,N,1-481405833,fetchdata,2018-2019,Engineering and Technology,1,1,1,1,Karnataka,1
1-3514767258,SANDUR POLYTECHNIC,"SANDUR POLYTECHNIC, YESHWANTNAGAR, VIA SANDUR, BELLARY DISTRICT",BELLARY,Unaided - Private,N,N,1-424101215,fetchdata,2018-2019,Engineering and Technology,1,1,1,1,Karnataka,1
1-3514854176,"GOVERNMENT POLYTECHNIC, IMMADIHALLI","SY. NO.127 & 132, IMMADIHALLI,
WHITE FIELD ROAD, BANGALORE EAST TALUK",BANGALORE URBAN,Government,N,N,1-475206661,fetchdata,2018-2019,Engineering and Technology,1,1,1,1,Karnataka,1
1-3514854408,GOVT. TOOL ROOM AND TRAINING CENTRE - BELGAUM,"UDYAMBAGH KHANAPUR ROAD
BELGAUM",BELGAUM,Government,N,N,1-462607211,fetchdata,2018-2019,Engineering and Technology,1,1,1,1,Karnataka,1
1-3514854734,RAJIV GANDHI INSTITUTE FOR STEEL TECHNOLOGY,"NEAR SANJEEVANI HOSPITAL, V V NAGAR, JSW STEEL COMPLEX",BELLARY,Unaided - Private,N,N,1-432339561,fetchdata,2018-2019,Engineering and Technology,1,1,1,1,Karnataka,1
1-3514891900,SRI VENKATESHWARA POLYTECHNIC,"JANGALPALYA
BANNERUGHATTA",BANGALORE RURAL,Govt aided,N,N,1-475008881,fetchdata,2018-2019,Engineering and Technology,1,1,1,1,Karnataka,1
1-3514892365,YELLAMMA DASAPPA INSTITUTE OF TECHNOLOGY,"14KM,RAGHUVANAHALLI,KANAKAPURA ROAD, 
BANGALORE-560062",BANGALORE URBAN,Unaided - Private,N,N,1-4376404,fetchdata,2018-2019,Engineering and Technology,1,1,1,1,Karnataka,1
1-3514923665,NDRK INSTITUTE OF TECHNOLOGY,"P.B.NO. 55, NH-48, KIADB INDUSTRIAL AREA, THIMMANAHALLY, HASSAN-573201",HASSAN,Unaided - Private,N,N,1-5300011,fetchdata,2018-2019,Engineering and Technology,1,1,1,1,Karnataka,1
1-3514924103,KARAVALI INSTITUTE OF TECHNOLOGY,"PADU POST, VIA PEDUMALE,
NEERUMARGA,
MANGALORE -575029
KARNATAKA STATE
INDIA",DAKSHINA KANNADA,Unaided - Private,N,N,1-4225061,fetchdata,2018-2019,Engineering and Technology,1,1,1,1,Karnataka,1
1-3514925136,B.V.PEETH'S J.V.MANDAL'S POLYTECHNIC,GURUKUL CAMPUS,BAGALKOT,Unaided - Private,N,N,1-476118971,fetchdata,2018-2019,Engineering and Technology,1,1,1,1,Karnataka,1
1-3515019356,SHREE PADMARAJ VIDYAVARDAK SANSTHA SARANGAMATH,"AT POST: SINDAGI
TAQ : SINDAGI",BIJAPUR,Unaided - Private,N,N,1-475941291,fetchdata,2018-2019,Engineering and Technology,1,1,1,1,Karnataka,1
1-3515019566,INDHIRA SHIVA RAO POLYTECHNIC,KADIYALI,UDUPI,Unaided - Private,N,N,1-451863931,fetchdata,2018-2019,Engineering and Technology,1,1,1,1,Karnataka,1
1-3515040399,"GOVERNMENT POLYTECHNIC, KALGI","TQ: CHITTAPUR
DIST: GULBARGA",GULBARGA,Government,N,N,1-482728561,fetchdata,2018-2019,Engineering and Technology,1,1,1,1,Karnataka,1
1-3515052864,"SRI CHANNAKESHAVA GOVERNMENT POLYTECHNIC COLLEGE, GUDDADA CHANNAPURA, BANKAPURA",HANAGAL ROAD,HAVERI,Government,N,N,1-463291591,fetchdata,2018-2019,Engineering and Technology,1,1,1,1,Karnataka,1
1-3515053083,B.V.V.SANGHA S S.R.VASTRAD RURAL POLYTECHNIC,"TOGUNASHI CROSS, BADAMI ROAD",BAGALKOT,Govt aided,N,N,1-464174091,fetchdata,2018-2019,Engineering and Technology,1,1,1,1,Karnataka,1
1-3514723338,"R.T.E.SOCIETY'S, RURAL ENGINEERING COLLEGE, HULKOTI","R.T.E.SOCIETY'S, RURAL ENGINEERING COLLEGE, 
HULKOTI -582 205
TAQ / DIST:GADAG
STATE: KARNATAKA
COUNTRY: INDIA",GADAG,Unaided - Private,N,N,1-5445871,fetchdata,2018-2019,Engineering and Technology,1,1,1,1,Karnataka,1
1-3514767796,BMS INSTITUTE OF TECHNOLOGY & MANAGEMENT,"POST BOX NO.6443, AVALAHALLI,
DODDABALLAPURA MAIN ROAD,
YELAHANKA, BANGALORE - 560064.",BANGALORE URBAN,Unaided - Private,N,N,1-4152591,fetchdata,2018-2019,Engineering and Technology,1,1,1,1,Karnataka,1
1-3514768677,DAYANANDA SAGAR COLLEGE OF ENGINEERING,"SHAVIGE MALLESHWARA HILLS, KUMARASWAMY LAYOUT, BANGALORE-560078",BANGALORE URBAN,Unaided - Private,N,N,1-10575091,fetchdata,2018-2019,Engineering and Technology,1,1,1,1,Karnataka,1
1-3514772283,SIR M.VISVESVARAYA INSTITUTE OF TECHNOLOGY,"KRISHNADEVARAYANAGAR, 
HUNASAMARANAHALLI, 
VIA YELAHANKA
BANGALORE - 562 157",BANGALORE URBAN,Unaided - Private,N,N,1-5753860,fetchdata,2018-2019,Engineering and Technology,1,1,1,1,Karnataka,1
1-3514818299,GNANA VIKAS POLYTECHNIC,"CHALLAKERE ROAD,
CHITRADURGA",CHITRADURGA,Unaided - Private,N,N,1-499498571,fetchdata,2018-2019,Engineering and Technology,1,1,1,1,Karnataka,1
1-3514820070,"HMS POLYTECHNIC (GOVT. AIDED),MINORITY","SHETTIHALLI MAIN ROAD,",TUMKUR,Govt aided,N,Y,1-441433571,fetchdata,2018-2019,Engineering and Technology,1,1,1,1,Karnataka,1
1-3514820392,SJM POLYTECHNIC,"GM CAMPUS,BINNAMANGALA,NELEMANGALA,NH4,BANGALORE",BANGALORE RURAL,Unaided - Private,N,N,1-820176031,fetchdata,2018-2019,Engineering and Technology,1,1,1,1,Karnataka,1
1-3514854926,"ISLAMIAH INSTITUE OF TECHNOLOGY, BANGALORE","NATIONAL PARK ROAD, OPP MEENAKASHI TEMPLE",BANGALORE URBAN,Unaided - Private,N,Y,1-15748414,fetchdata,2018-2019,Engineering and Technology,1,1,1,1,Karnataka,1
1-3514893370,GOVERNMENT POLYTECHNIC,"APMC YARD,
HUBLI ROAD,",UTTARA KANNADA,Government,N,N,1-482152491,fetchdata,2018-2019,Engineering and Technology,1,1,1,1,Karnataka,1
1-3514893556,GOVT POLYTECHNIC BIJAPUR,BAGALKOT ROAD,BIJAPUR,Government,N,N,1-475365011,fetchdata,2018-2019,Engineering and Technology,1,1,1,1,Karnataka,1
1-3514925382,S J M POLYTECHNIC,"P B # 52
S J M CAMPUS
NH4 BY-PASS",CHITRADURGA,Govt aided,N,N,1-453180211,fetchdata,2018-2019,Engineering and Technology,1,1,1,1,Karnataka,1
1-3514925814,MAHARAJA INSTITUTE OF TECHNOLOGY MYSORE,"MAHARAJA INSTITUTE OF TECHNOLOGY MYSORE
BEHIND K R MILLS
BELAWADI VILLAGE
NAGUVANAHALLI PANCHAYAT
SRIRANGAPATNA TALUK
MANDYA DISTRICT
KARNATAKA",MANDYA,Unaided - Private,N,N,1-4391794,fetchdata,2018-2019,Engineering and Technology,1,1,1,1,Karnataka,1
1-3515019786,MARATHA MANDAL POLYTECHNIC,"1007, SUBHASH NAGAR, MAL MARUTI EXTN.",BELGAUM,Govt aided,N,N,1-475123901,fetchdata,2018-2019,Engineering and Technology,1,1,1,1,Karnataka,1
1-3515020266,B.G.S INSTITUTE OF TECHNOLOGY,"B.G.NAGARA ,
NAGAMANGALA TALUK
MANDYA DISTRICT 
571448",MANDYA,Unaided - Private,N,N,1-10916654,fetchdata,2018-2019,Engineering and Technology,1,1,1,1,Karnataka,1
1-3515040726,"GOVERNMENT POLYTECHNIC,K.G.F","SY.NO.31, BALAGANAHALLI ANDERSONPET, K.G.F",KOLAR,Government,N,N,1-477848821,fetchdata,2018-2019,Engineering and Technology,1,1,1,1,Karnataka,1
1-3515040849,K.S.POLYTECHNIC,"#14, RAGHUVANAHALLI, KANAKAPURA ROAD",BANGALORE URBAN,Unaided - Private,N,N,1-479642611,fetchdata,2018-2019,Engineering and Technology,1,1,1,1,Karnataka,1
1-3515041913,"GOVERNMENT POLYTECHNIC, AFZALPUR","AFZALPUR
DIST: GULBARGA",GULBARGA,Government,N,N,1-493143771,fetchdata,2018-2019,Engineering and Technology,1,1,1,1,Karnataka,1
1-3515054831,SHREE BAHUBALI POLYTECHNIC,"GOMATANAGARA
SHRAVANABELAGOLA
CHANNARAYAPATNA (TALUK)
HASSAN (DISTRICT)
KARNATAKA",HASSAN,Unaided - Private,N,Y,1-454872639,fetchdata,2018-2019,Engineering and Technology,1,1,1,1,Karnataka,1
1-3515055143,SHAIKH COLLEGE OF ENGINEERING AND TECHNOLOGY,"ABU CAMPUS ADJACENT TO RANI CHENNEMMA UNIVERSITY
BHOOTRAMANHATTI
RAMDURG VILLAGE
BELGAUM",BELGAUM,Unaided - Private,N,N,1-5912076,fetchdata,2018-2019,Engineering and Technology,1,1,1,1,Karnataka,1
1-3515056360,AKSHAYA INSTITUTE OF TECHNOLOGY,"LINGAPURA
OBLAPURA POST
TUMKUR KORATAGERE ROAD
TUMKUR TALUK & DISTRICT",TUMKUR,Unaided - Private,N,N,1-14774551,fetchdata,2018-2019,Engineering and Technology,1,1,1,1,Karnataka,1
1-3514773662,GOMATESH POLYTECHNIC,"GOMATESH NAGAR
HINDWADI",BELGAUM,Govt aided,N,Y,1-462942695,fetchdata,2018-2019,Engineering and Technology,1,1,1,1,Karnataka,1
1-3514820636,SMT.L.V.(GOVT.) POLYTECHNIC,"B.M.ROAD,
DAIRY CIRCLE",HASSAN,Government,N,N,1-460939251,fetchdata,2018-2019,Engineering and Technology,1,1,1,1,Karnataka,1
1-3514857644,GOPALAN COLLEGE OF ENGINEERING AND MANAGEMENT,"SONNENAHALLI, HOODI VILLAGE, ITPL ROAD,",BANGALORE URBAN,Unaided - Private,N,N,1-4330741,fetchdata,2018-2019,Engineering and Technology,1,1,1,1,Karnataka,1
1-3514858044,VIDYAVARDHAKA COLLEGE OF ENGINEERING,"P.B.NO.206,
GOKULAM 3RD STAGE",MYSORE,Unaided - Private,N,N,1-14166661,fetchdata,2018-2019,Engineering and Technology,1,1,1,1,Karnataka,1
1-3514973191,SAI VIDYA INSTITUTE OF TECHNOLOGY,"RAJANUKUNTE 
DODDBALLAPURA ROAD 
VIA: YELAHANKA",BANGALORE RURAL,Unaided - Private,N,N,1-4740133,fetchdata,2018-2019,Engineering and Technology,1,1,1,1,Karnataka,1
1-3515021047,SRIMATH POLYTECHNIC,"CH 97 6TH CROSS
K.R.VANAM
MYSORE",MYSORE,Unaided - Private,N,N,1-457328011,fetchdata,2018-2019,Engineering and Technology,1,1,1,1,Karnataka,1
1-3515021784,HIRASUGAR INSTIUTE OF TECHNOLOGY,"NIDAOSHI
TALUKA: HUKERI
DISTRICT: BELGAUM
STATE: KARNATAKA",BELGAUM,Unaided - Private,N,N,1-10564221,fetchdata,2018-2019,Engineering and Technology,1,1,1,1,Karnataka,1
1-3515041076,BTL INSTITUTE OF TECHNOLOGY AND MANAGEMENT,"#259/B, BOMMASANDRA INDUSTRIAL AREA, HOSUR ROAD, BANGALORE-560099.",BANGALORE URBAN,Unaided - Private,N,N,1-1374426715,fetchdata,2018-2019,Engineering and Technology,1,1,1,1,Karnataka,1
1-3515057799,JAIN ACHARYA GUNDHARNANDI MAHARAJ INSTITUE OF TECHNOLOGY,"C/O P N NAGESH , POTE PLOT,VIJAPUR ROAD JAMKHANDI,587301
CITY: JAMKHANDI.
DISTRICT: BAGLAKOT
STATE: KARNATAKA",BAGALKOT,Unaided - Private,N,N,1-2181933881,fetchdata,2018-2019,Engineering and Technology,1,1,1,1,Karnataka,1
1-3515058021,VIDYA PRASARAK MANDAL POLYTECHNIC,"SAKRI HIGH SCHOOL CAMPUS, BAGALKOT",BAGALKOT,Unaided - Private,N,N,1-484319121,fetchdata,2018-2019,Engineering and Technology,1,1,1,1,Karnataka,1
1-3514729049,"SECAB INSTITUTE OF ENGINEERING & TECHNOLOGY, BIJAPUR","424, NAURASPUR, 
BAGALKOT ROAD, 
HUDCO CROSS,
BIJAPUR-586101",BIJAPUR,Unaided - Private,N,Y,1-6580491,fetchdata,2018-2019,Engineering and Technology,1,1,1,1,Karnataka,1
1-3514730498,GOVERNMENT TOOL ROOM & TRAINING CENTRE - KANAKAPURA,"SURVEY NO.13,14,19,20
SANGAMA ROAD",RAMANAGARA,Government,N,N,1-481809011,fetchdata,2018-2019,Engineering and Technology,1,1,1,1,Karnataka,1
1-3514730662,GOVERNMENT ENGINEERING COLLEGE,"GOVERNMENT ENGINEERING COLLEGE, KRISHNARAJPET, MANDYA DIST. - 571 426, KARNATAKA",MANDYA,Government,N,N,1-32891881,fetchdata,2018-2019,Engineering and Technology,1,1,1,1,Karnataka,1
1-3514775509,ST. MARY'S POLYTECHNIC,"K B EXTENSION,
FORT ROAD,",CHITRADURGA,Unaided - Private,N,N,1-825368541,fetchdata,2018-2019,Engineering and Technology,1,1,1,1,Karnataka,1
1-3514821576,VIJAYA VITTALA INSTITUTE OF TECHNOLOGY,"#35/1, DODDA GUBBI POST, HENNUR-BAGALUR ROAD",BANGALORE URBAN,Unaided - Private,N,N,1-7969525,fetchdata,2018-2019,Engineering and Technology,1,1,1,1,Karnataka,1
1-3514822104,"NAVODAYA INSTITUTE OF TECHNOLOGY, RAICHIUR.","NAVODAYA NAGAR, MANATRALAYAM ROAD, RAICHUR",RAICHUR,Unaided - Private,N,N,1-8375251,fetchdata,2018-2019,Engineering and Technology,1,1,1,1,Karnataka,1
1-3514859118,GOVERNMENT POLYTECHNIC FOR WOMEN,"AIRPORT ROAD, BONDEL",D KANNADA(DK),Government,Y,N,1-473862841,fetchdata,2018-2019,Engineering and Technology,1,1,1,1,Karnataka,1
1-3514860360,B E S INSTITUTE OF TECHNOLOGY,"BHARATH EDUCATION SOCIETY, 16TH MAIN, 4TH BLOCK, JAYANAGAR,",BANGALORE URBAN,Unaided - Private,N,N,1-475263761,fetchdata,2018-2019,Engineering and Technology,1,1,1,1,Karnataka,1
1-3514860657,GOVERNMENT RESIDENTIAL POLYTECHNIC FOR WOMEN,"SWAMY VIVEKANANDA EXTENSION,",SHIMOGA,Government,Y,N,1-467514391,fetchdata,2018-2019,Engineering and Technology,1,1,1,1,Karnataka,1
1-3514927588,ADICHUNCHANAGIRI POLYTECHNIC,"ADICHUNCHANAGIRI EXTENSION, JYOTHINAGAR POST, CHIKMAGALUR TALUK, CHIKMAGALUR DIST.",CHIKMAGALUR,Unaided - Private,N,N,1-447805311,fetchdata,2018-2019,Engineering and Technology,1,1,1,1,Karnataka,1
1-3514975187,SJM POLYTECHNIC,BELLARY ROAD CHALLAKERE,CHITRADURGA,Unaided - Private,N,N,1-504495251,fetchdata,2018-2019,Engineering and Technology,1,1,1,1,Karnataka,1
1-3515022665,GOVT.POLYTECHNIC,B.H.ROAD,TUMKUR,Government,N,N,1-479731891,fetchdata,2018-2019,Engineering and Technology,1,1,1,1,Karnataka,1
1-3515043254,RAJIV GANDHI MEMORIAL POLYETCHNIC,"RAJIV GANDHI MEMORIAL POLYTECHNIC
BALAGANGADHARA NAGAR
MALLATHAHALLY
BANGALORE - 560056",BANGALORE URBAN,Unaided - Private,N,N,1-429609681,fetchdata,2018-2019,Engineering and Technology,1,1,1,1,Karnataka,1
1-3514684704,TONTADARYA COLLEGE OF ENGINEERING,"MUNDARAGI ROAD
GADAG - 582101",GADAG,Unaided - Private,N,N,1-4298204,fetchdata,2018-2019,Engineering and Technology,1,1,1,1,Karnataka,1
1-3514686318,ST. JOSEPH ENGINEERING COLLEGE,MANGALORE,DAKSHINA KANNADA,Unaided - Private,N,Y,1-6021856,fetchdata,2018-2019,Engineering and Technology,1,1,1,1,Karnataka,1
1-3514687520,"S.T.S.K.K POLYTECHNIC, GADAG","MUNDARAGI ROAD, GADAG",GADAG,Unaided - Private,N,N,1-422811081,fetchdata,2018-2019,Engineering and Technology,1,1,1,1,Karnataka,1
1-3514731195,HKBK COLLEGE OF ENGINEERING,"# 22/1, NAGAWARA, BANGALORE-560045",BANGALORE URBAN,Unaided - Private,N,Y,1-21116724,fetchdata,2018-2019,Engineering and Technology,1,1,1,1,Karnataka,1
1-3514777582,JSS ACADEMY OF TECHNICAL EDUCATION,"JSSATE CAMPUS
UTTARAHALLI-KENGERI ROAD 
BANGALORE 560060
KARNATAKA",BANGALORE URBAN,Unaided - Private,N,N,1-6027111,fetchdata,2018-2019,Engineering and Technology,1,1,1,1,Karnataka,1
1-3514778450,PES INSTITUTE OF TECHNOLOGY & MANAGEMENT,"GUDDADAARAKERE
 KOTEGANGOOR
SAGAR ROAD",SHIMOGA,Unaided - Private,N,N,1-37512081,fetchdata,2018-2019,Engineering and Technology,1,1,1,1,Karnataka,1
1-3514823807,DEPARTMENT OF STUDIES IN COMPUTER SCIENCE,"DEPARTMENT OF STUDIES IN COMPUTER SCIENCE,

MANASA GANGOTHRI, UNIVERSITY OF MYSORE, MYSORE

PIN 570006, KARANATAKA",MYSORE,Government,N,N,1-39089593,fetchdata,2018-2019,Engineering and Technology,1,1,1,1,Karnataka,1
1-3514823911,"SANJAY GANDHI POLYTECHNIC (FORMERLY ""SANJAY GANDHI RURAL POLYTECHNIC"")","""VIDHYA SOUDHA"", SANJAY GANDHI NAGAR, BELLARY",BELLARY,Unaided - Private,N,N,1-419800731,fetchdata,2018-2019,Engineering and Technology,1,1,1,1,Karnataka,1
1-3514444134,SARANG INSTITUTE OF POLYTECHNIC,"OPP IOCL BUNK,
KUNIGAL ROAD,
GULUR
TUMKUR",TUMKUR,Unaided - Private,N,N,1-3399869947,fetchdata,2018-2019,Engineering and Technology,1,1,1,1,Karnataka,1
1-3514897982,SHREE DEVI INSTITUTE OF TECHNOLOGY,"AIRPORT ROAD, KENJAR VILLAGE
MALAVOOR PANCHAYAT
DAKSHINA KANNADA",DAKSHINA KANNADA,Unaided - Private,N,N,1-3640153,fetchdata,2018-2019,Engineering and Technology,1,1,1,1,Karnataka,1
1-3514899561,UNIVERSITY VISVESVARAYA COLLEGE OF ENGINEERING,"UNIVERSITY VISVESVARAYA COLLEGE OF ENGINEERING (UVCE), KR CIRCLE, BANGALORE UNIVERSITY, BANGALORE 560001, KARNATAKA.",BANGALORE URBAN,Government,N,N,1-34822401,fetchdata,2018-2019,Engineering and Technology,1,1,1,1,Karnataka,1
1-3514929128,GOVERNMENT POLYTECHNIC GADAG,"SHIVA RATNA CAMPUS, PALA BADAMI ROAD,
BETAGERI",GADAG,Government,N,N,1-467914131,fetchdata,2018-2019,Engineering and Technology,1,1,1,1,Karnataka,1
1-3514929298,"D V S POLYTECHNIC , SHIMOGA`","SIR M V ROAD
BASHVESHAWARA CIRCLE ,
SHIMOGA.",SHIMOGA,Govt aided,N,N,1-487979463,fetchdata,2018-2019,Engineering and Technology,1,1,1,1,Karnataka,1
1-3514976035,"GOVT. TOOLROOM AND TRAINING CENTRE,MYSORE","93 & 94, BELAGOLA INDL. AREA K.R.S.ROAD, MYSORE-570016, KARNATAKA",MYSORE,Government,N,N,1-478111401,fetchdata,2018-2019,Engineering and Technology,1,1,1,1,Karnataka,1
1-3514976187,GOVERNMENT POLYTECHNIC CHINTAMANI,OPPOSITE TO JHANSI STADIUM,CHIKABALLAPUR,Government,N,N,1-487472383,fetchdata,2018-2019,Engineering and Technology,1,1,1,1,Karnataka,1
1-3514977407,EAST WEST POLYTECHNIC,"NO.63,OFF MAGADI ROAD,",BANGALORE URBAN,Unaided - Private,N,N,1-453744211,fetchdata,2018-2019,Engineering and Technology,1,1,1,1,Karnataka,1
1-3515023791,"BASAVAKALYAN POLYTECHNIC COLLEGE, BASAVAKALYAN","N.H. 9
BASAVAKALYAN
DIST: BIDAR
STATE: KARNATAKA",BIDAR,Unaided - Private,N,N,1-2481498001,fetchdata,2018-2019,Engineering and Technology,1,1,1,1,Karnataka,1
1-3515024180,GOVERNMENT POLYTECHNIC KUSHTAGI,"TENGUNTI ROAD,
KUSHTAGI",KOPPAL,Government,N,N,1-483073513,fetchdata,2018-2019,Engineering and Technology,1,1,1,1,Karnataka,1
1-3515024812,SANJAY MEMORIAL POLYTECHNIC,"IKKERI ROAD
SAGARA - 577401
SHIMOGA DISTRICT, KARNATAKA",SHIMOGA,Govt aided,N,N,1-467957621,fetchdata,2018-2019,Engineering and Technology,1,1,1,1,Karnataka,1
1-3515044921,GM INSTITUTE OF TECHNOLOGY,"POST BOX. NO. 4,    P.B.ROAD.
DAVANGERE.",DAVANAGERE,Unaided - Private,N,N,1-5359141,fetchdata,2018-2019,Engineering and Technology,1,1,1,1,Karnataka,1
1-3515045710,ALVA'S INSTITUTE OF ENGINEERING AND TECHNOLOGY,"SHOBHAVANA CAMPUS,MIJAR
MOODBIDRI - 574225
MANGALORE TALUK
DHAKSHINA KANNADA DISTRICT
KARNATAKA STATE",DAKSHINA KANNADA,Unaided - Private,N,N,1-6754801,fetchdata,2018-2019,Engineering and Technology,1,1,1,1,Karnataka,1
1-3514734143,P.A POLYTECHNIC,"NADUPADAV, MONTEPADAV POST, KAIRANGALA, NEAR MANGALORE UNIVERSITY",DAKSHINA KANNADA,Unaided - Private,N,Y,1-444190331,fetchdata,2018-2019,Engineering and Technology,1,1,1,1,Karnataka,1
1-3514734539,GOVT. TOOLROOM AND TRAINING CENTRE - MADDUR,"OPP. SYNDICATE BANK , B M ROAD SOMANAHALLI, MADDUR",MANDYA,Government,N,N,1-465579911,fetchdata,2018-2019,Engineering and Technology,1,1,1,1,Karnataka,1
1-3514780055,GOVT POLYTECHNIC MUDHOL,"MANTUR ROAD
MUDHOL",BAGALKOT,Government,N,N,1-476065901,fetchdata,2018-2019,Engineering and Technology,1,1,1,1,Karnataka,1
1-3514825239,"GOVERNMENT  ENGINEERING COLLEGE, HAVERI","DEVAGIRI
HAVERI",HAVERI,Government,N,N,1-20278613,fetchdata,2018-2019,Engineering and Technology,1,1,1,1,Karnataka,1
1-3514825578,S J C INSTITUTE OF TECHNOLOGY,"P B NO. 20, B B ROAD, CHICKBALLAPUR, CHICKBALLAPUR (DISTRICT)",CHIKABALLAPUR,Unaided - Private,N,N,1-10645161,fetchdata,2018-2019,Engineering and Technology,1,1,1,1,Karnataka,1
1-3514826619,"GOVERNMENT POLYTECHNIC, DEODURG","NAGARGUND ROAD,
DEODURG
DIST:RAICHUR
STATE: KARNATAKA",RAICHUR,Government,N,N,1-508415751,fetchdata,2018-2019,Engineering and Technology,1,1,1,1,Karnataka,1
1-3514862479,EAST WEST INSTITUTE OF TECHNOLOGY,"SY. NO.63, OFF MAGADI MAIN ROAD, VISHWANEEDAM POST",BANGALORE URBAN,Unaided - Private,N,N,1-10683951,fetchdata,2018-2019,Engineering and Technology,1,1,1,1,Karnataka,1
1-3514865525,SREE SIDDARAMESHWARA POLYTECHNIC,HASSAN ROAD,TUMKUR,Unaided - Private,N,N,1-474759041,fetchdata,2018-2019,Engineering and Technology,1,1,1,1,Karnataka,1
1-3514900242,SRI SANJEEV POLYTECHNIC,SRI SANJEEV POLYTECHNIC SY.NO.63/1 HULIGUDDA SIVARA BANGLORE BY PASS ROAD LINGASUGUR.,RAICHUR,Unaided - Private,N,N,1-501470081,fetchdata,2018-2019,Engineering and Technology,1,1,1,1,Karnataka,1
1-3514900462,TMAES POLYTECHNIC,BELLARY ROAD,BELLARY,Govt aided,N,N,1-473855591,fetchdata,2018-2019,Engineering and Technology,1,1,1,1,Karnataka,1
1-3514900939,VASAVI JNANA PEETHA POLYTECHNIC,"CA NO.10, 2ND MAIN, VIJAYANAGAR,",BANGALORE URBAN,Unaided - Private,N,N,1-749983901,fetchdata,2018-2019,Engineering and Technology,1,1,1,1,Karnataka,1
1-3514901107,JSS POLYTECHNIC,MYSORE-OOTY ROAD,MYSORE,Govt aided,N,N,1-474956411,fetchdata,2018-2019,Engineering and Technology,1,1,1,1,Karnataka,1
1-3514929917,GOVT POLYTECHNIC,"ZALAKI
TQ  INDI",BIJAPUR,Government,N,N,1-473841031,fetchdata,2018-2019,Engineering and Technology,1,1,1,1,Karnataka,1
1-3514980486,KARNATAKA INSTITUTE OF LEATRHER TECHNOLOGY,"NEAR BMTC LAST BUS STOP, ULLAL UPANAGARA, BANGALORE-560110",BANGALORE URBAN,Government,N,N,1-482209715,fetchdata,2018-2019,Engineering and Technology,1,1,1,1,Karnataka,1
1-3514981635,"B. V. V. S. POLYTECHNIC,BAGALKOT.","B V V SANGHA CAMPUS, BELGAUM - RAICHUR ROAD",BAGALKOT,Govt aided,N,N,1-450864481,fetchdata,2018-2019,Engineering and Technology,1,1,1,1,Karnataka,1
1-3515024575,BALAJI POLYTECHNIC,"BEHIND P&T QUARTERS ,OLD JEWARGI ROAD,GULBARGA.",GULBARGA,Unaided - Private,N,N,1-464900201,fetchdata,2018-2019,Engineering and Technology,1,1,1,1,Karnataka,1
1-3515025260,S G REDDY POLYTECHNIC,"#111/1, SGR COLLEGE ROAD, MUNNEKOLLALA, MARATHAHALLI(PO), BANGALORE-37",BANGALORE URBAN,Unaided - Private,N,N,1-831518141,fetchdata,2018-2019,Engineering and Technology,1,1,1,1,Karnataka,1
1-3515025430,KOLAR JILLA TECHNICAL EDUCATION TRUST POLYTECHNIC(KJTET POLYTECHNIC),"NH-4 
NARASHIMHA THEERTHA
MULBAGAL",KOLAR,Unaided - Private,N,N,1-465928151,fetchdata,2018-2019,Engineering and Technology,1,1,1,1,Karnataka,1
1-3515046944,GOVERNMENT POLYTECHNIC,KSSIDC INDUSTRIAL LAY OUT  VANIVILASA SAGAR ROAD,CHITRADURGA,Government,N,N,1-485804111,fetchdata,2018-2019,Engineering and Technology,1,1,1,1,Karnataka,1
1-3515047278,GOVERNMENT POLYTECHNIC GULBARGA,"AIWAN-E-SHAHI AREA, STATION ROAD,",GULBARGA,Government,N,N,1-466015261,fetchdata,2018-2019,Engineering and Technology,1,1,1,1,Karnataka,1
1-3515047503,MAHMOOD SHARIEF POLYTECHNIC,"NEAR RTO OFFICE
SC ROAD
YESHWANTHPUR
BANGALORE-22",BANGALORE URBAN,Unaided - Private,N,Y,1-504597251,fetchdata,2018-2019,Engineering and Technology,1,1,1,1,Karnataka,1
1-3514692589,"B.L.D.E.A'S V.P DR P.G.HALAKATTI COLLEGE OF ENGG. & TECH., BIJAPUR-03","ASHRAM ROAD,
BIJAPUR - 586103",BIJAPUR,Unaided - Private,N,N,1-4736974,fetchdata,2018-2019,Engineering and Technology,1,1,1,1,Karnataka,1
1-3514780996,MAHARAJA INSTITUTE OF TECHNOLOGY THANDAVAPURA,"THANDAVAPURA VILLAGA
ON NATIONAL HIGHWWAY
NANJANAGUD TALUK
MYSORE DISTRICT",MYSORE,Unaided - Private,N,N,1-2841991181,fetchdata,2018-2019,Engineering and Technology,1,1,1,1,Karnataka,1
1-3514782111,YENEPOYA INSTITUTE OF TECHNOLOGY,VIDYANAGAR N.H 13THODAR MIJAR POST MOODBIDRI MANGALORE TQ,DAKSHINA KANNADA,Unaided - Private,N,N,1-8842201,fetchdata,2018-2019,Engineering and Technology,1,1,1,1,Karnataka,1
1-3514784064,A. J. INSTITUTE OF ENGINEERING AND TECHNOLOGY  MANGALURU,KOTTARA CHOWKI BOLOOR VILLAGE,DAKSHINA KANNADA,Unaided - Private,N,Y,1-2846046191,fetchdata,2018-2019,Engineering and Technology,1,1,1,1,Karnataka,1
1-3514826758,SHRI NIRANJANA SWAMY POLYTECHNIC,"SUNKADAKATTE
BAJPE",D KANNADA(DK),Private-Aided,N,N,1-462702311,fetchdata,2018-2019,Engineering and Technology,1,1,1,1,Karnataka,1
1-3514827969,GOVENMENT TOOL ROOM AND TRAINIG CENTRE- HOSPET,"GOVT.TOOL ROOM & TRAINING CENTRE, INDIRA NAGAR,HARIHARA ROAD, MARIYAMMANA HALLI-583 222 ( HOSAPETE),TQ- HOSAPETE,DIST- BELLARY, KARNATAKA.",BELLARY,Government,N,N,1-475107481,fetchdata,2018-2019,Engineering and Technology,1,1,1,1,Karnataka,1
1-3514828123,CMR INSTITUTE OF TECHNOLOGY,"# 132, KUNDALAHALLI VILLAGE
IT PARK ROAD
BANGALORE - 560 037",BANGALORE URBAN,Unaided - Private,N,N,1-10082920,fetchdata,2018-2019,Engineering and Technology,1,1,1,1,Karnataka,1
1-3514866020,GOVERNMENT S. K. S. J. T. INSTITUTE,"AMBEDKAR VEEDHI, K.R. CIRCLE, BANGALORE-01",BANGALORE URBAN,Government,N,N,1-23041601,fetchdata,2018-2019,Engineering and Technology,1,1,1,1,Karnataka,1
1-3514866277,NITTUR POLYTECHNIC,"NITTUR POLYTECHNIC ,
NEAR HABSIKOTE 
GUEST HOUSE,
BIDAR-585401
KARNATAKA",BIDAR,Unaided - Private,N,N,1-497991461,fetchdata,2018-2019,Engineering and Technology,1,1,1,1,Karnataka,1
1-3514449077,SJVP POLYTECHNIC,"VAGEESH NAGARA, OLD P.B. ROAD,  HARIHAR-577601",DAVANAGERE,Unaided - Private,N,N,1-2050948641,fetchdata,2018-2019,Engineering and Technology,1,1,1,1,Karnataka,1
1-3514901484,SIDDAGANGA POLYTECHNIC,"OPPOSITE TO A.P.M.C. YARD,
BATAWADI",TUMKUR,Unaided - Private,N,N,1-441462361,fetchdata,2018-2019,Engineering and Technology,1,1,1,1,Karnataka,1
1-3514901837,MALIK SANDAL POLYTECHNIC,"424, NAURASPUR, BAGALKOT ROAD, BIJAPUR-586109
KARNATAKA",BIJAPUR,Unaided - Private,N,Y,1-475935771,fetchdata,2018-2019,Engineering and Technology,1,1,1,1,Karnataka,1
1-3514910882,SRI VIDYA VINAYAKA INSTITUTE OF TECHNOLOGY,"NO. 11, DODDA ALADAMARA ROAD, VINAYAKA NAGAR",BANGALORE URBAN,Unaided - Private,N,N,1-1491551471,fetchdata,2018-2019,Engineering and Technology,1,1,1,1,Karnataka,1
1-3514930344,KARNATAKA (GOVT.) POLYTECHNIC,KADRI HILLS,DAKSHINA KANNADA,Government,N,N,1-462007101,fetchdata,2018-2019,Engineering and Technology,1,1,1,1,Karnataka,1
1-3514984378,"GOVERNMENT POLYTECHNIC, CHANNAPATNA","BM ROAD
CHANNAPATNA
RAMANAGARA DIST
KARNATAKA STATE",RAMANAGARA,Government,N,N,1-487337191,fetchdata,2018-2019,Engineering and Technology,1,1,1,1,Karnataka,1
1-3514986662,S.S.E.T'S  R.N.SHETTY POLYTECHNIC,"SHIVABASAV NAGAR,",BELGAUM,Unaided - Private,N,N,1-455744611,fetchdata,2018-2019,Engineering and Technology,1,1,1,1,Karnataka,1
1-3515025664,K.L.S. GOGTE INSTITUTE OF TECHNOLOGY,"""JNANA GANGA"", UDYAMBAG,",BELGAUM,Unaided - Private,N,N,1-4254404,fetchdata,2018-2019,Engineering and Technology,1,1,1,1,Karnataka,1
1-3515025127,VIDYA VIKAS INSTITUTE OF ENGINEERING & TECHNOLOGY,"#127,ALANAHALLY,ALANAHALLY  POST
MYSORE-BANNUR ROAD",MYSORE,Unaided - Private,N,N,1-3933345,fetchdata,2018-2019,Engineering and Technology,1,1,1,1,Karnataka,1
1-3515028431,COORG INSTITUTE OF TECHNOLOGY,POST BOX NO.11,COORG,Unaided - Private,N,N,1-5029511,fetchdata,2018-2019,Engineering and Technology,1,1,1,1,Karnataka,1
1-3515028849,"GOVERNMENT POLYTECHNIC, BIDAR","UDGIR ROAD, OPP. GOVT. HOSPITAL,
BIDAR-585401",BIDAR,Government,N,N,1-465974991,fetchdata,2018-2019,Engineering and Technology,1,1,1,1,Karnataka,1
1-3515047081,KLS SHRI VASANTRAO POTDAR POLYTECHNIC,"KLS CAMPUS, TILAKWADI, BELGAUM",BELGAUM,Unaided - Private,N,N,1-421357494,fetchdata,2018-2019,Engineering and Technology,1,1,1,1,Karnataka,1
1-3515047950,JSS POLYTECHNIC FOR WOMEN,"JSS TECHNICAL INSTITUTIONS CAMPUS, 
MANASAGANGOTHRI",MYSORE,Govt aided,Y,N,1-465990781,fetchdata,2018-2019,Engineering and Technology,1,1,1,1,Karnataka,1
1-3514694244,GOVT TOOL ROOM AND TRAINING CENTRE-KOLAR,"GOVT TOOL ROOM & TRAINING CENTRE OLD DIC BUILDING PREMISES, KATTARIPALYA KAIGARIKA SANKIRNA, K G F-BANGLORE ROAD, KOLAR-563103",KOLAR,Government,N,N,1-1528580191,fetchdata,2018-2019,Engineering and Technology,1,1,1,1,Karnataka,1
1-3514738759,GOVERNMENT TOOL ROOM AND TRAINING CENTRE-HUBLI,"PLOT NO:38 TO 45 RAIPUR KIADB INDUSTRIAL AREA, DHARWAD-570009",DHARWAD,Government,N,N,1-465683671,fetchdata,2018-2019,Engineering and Technology,1,1,1,1,Karnataka,1
1-3514740128,BANGALORE INSTITUTE OF TECHNOLOGY,"K.R.ROAD, V.V.PURA, BANGALORE-560004",BANGALORE URBAN,Unaided - Private,N,N,1-12036461,fetchdata,2018-2019,Engineering and Technology,1,1,1,1,Karnataka,1
1-3514741175,K.L.E.INSTITUTE OF TECHNOLOGY,"OPP. TO AIRPORT
GOKUL",DHARWAD,Unaided - Private,N,N,1-3850571,fetchdata,2018-2019,Engineering and Technology,1,1,1,1,Karnataka,1
1-3514784397,"GOVT. TOOL ROOM AND TRAINING CENTRE, CHIKODI","SURVEY NO: 326/A NEAR GOVT DEGREE COLLEGE BUILDING, NIPPANI ROAD, CHIKODI - 591201",BELGAUM,Government,N,N,,fetchdata,2018-2019,Engineering and Technology,1,1,1,1,Karnataka,1
1-3514830203,JAWAHARLAL NEHRU NATIONAL COLLEGE OF ENGINEERING,"P.B. NO. 128,
NAVULE, SHIMOGA",SHIMOGA,Unaided - Private,N,N,1-8198061,fetchdata,2018-2019,Engineering and Technology,1,1,1,1,Karnataka,1
1-3514832432,GLOBAL ACADEMY OF TECHNOLOGY,"IDEAL HOMES TOWNSHIP
RAJARAJESHWARINAGAR
BANGALORE-560098",BANGALORE URBAN,Unaided - Private,N,N,1-5916676,fetchdata,2018-2019,Engineering and Technology,1,1,1,1,Karnataka,1
1-3514866653,HINDUSTAN ELECTRONICS ACADEMY,"PB NO 3776, CHINNAPPANAHALLI, MARATHAHALLI",BANGALORE URBAN,Unaided - Private,N,N,1-456031671,fetchdata,2018-2019,Engineering and Technology,1,1,1,1,Karnataka,1
1-3514450290,GOVERNMENT POLYTECHNIC,"NEAR JANAPADA LOKA, B M ROAD, RAMANAGARA",RAMANAGARA,Government,N,N,1-479396381,fetchdata,2018-2019,Engineering and Technology,1,1,1,1,Karnataka,1
1-3514450474,AL-KHATEEB GOVERNMENT AIDED POLYTECHNIC,"BHOOPASANDRA
RMV II STAGE
BENGALURU",BANGALORE URBAN,Govt aided,N,N,1-456085791,fetchdata,2018-2019,Engineering and Technology,1,1,1,1,Karnataka,1
1-3514903572,DAYANANDA SAGAR INSTITUTE OF TECHNOLOGY (POLYTECHNIC),"SHAVIGE MALLESHWARA HILLS, KUMARASWAMY LAYOUT,",BANGALORE URBAN,Unaided - Private,N,N,1-422760001,fetchdata,2018-2019,Engineering and Technology,1,1,1,1,Karnataka,1
1-3514903981,D.BANUMAIAH'S POLYTECHNIC,"M.G.ROAD
UDAYAGIRI",MYSORE,Govt aided,N,N,1-475319561,fetchdata,2018-2019,Engineering and Technology,1,1,1,1,Karnataka,1
1-3514904336,"GOVERNMENT POLYTECHNIC, BELURU","TEMPLE ROAD, NEAR KEMPE GOWDA STATUE",HASSAN,Government,N,N,1-478132151,fetchdata,2018-2019,Engineering and Technology,1,1,1,1,Karnataka,1
1-3514911787,EKALAVYA INSTITUTE OF TECHNOLOGY,"EKALAVYA INSTITUTE OF TECHNOLOGY
UMMATHUR, CHAMARAJANAGAR TALUK & DISTRICT",CHAMARAJNAGAR,Unaided - Private,N,N,1-25427104,fetchdata,2018-2019,Engineering and Technology,1,1,1,1,Karnataka,1
1-3514932730,I.R.POLYTECHNIC,"NO.195, 12TH MAIN,  III PHASE PEENYA INDUSTRIAL AREA,",BANGALORE URBAN,Unaided - Private,N,N,1-424545731,fetchdata,2018-2019,Engineering and Technology,1,1,1,1,Karnataka,1
1-3515029400,K.S. SCHOOL OF ENGINEERING AND MANAGEMENT,"#15/1, MALLASANDRA, OFF KANAKAPURA ROAD, BANGALORE - 560062",BANGALORE URBAN,Unaided - Private,N,N,1-5279601,fetchdata,2018-2019,Engineering and Technology,1,1,1,1,Karnataka,1
1-3515031541,GOVERNMENT POLYTECHNIC,"NEAR MANIK PRABU TEMPLE
BIJANGERA ROAD
RAICHUR",RAICHUR,Government,N,N,1-494499738,fetchdata,2018-2019,Engineering and Technology,1,1,1,1,Karnataka,1
1-3515048381,GOVERNMENT POLYTECHNIC RABAKAVIBANAHATTI,"GOVERNMENT POLYTECHNIC RABAKAVIBANAHATTI, NEAR OLD BUSSTAND.",BAGALKOT,Government,N,N,1-475019251,fetchdata,2018-2019,Engineering and Technology,1,1,1,1,Karnataka,1
1-3515048472,YADGIR POLYTECHNIC,OPP YADGIR RLY STATION,YADGIR,Unaided - Private,N,N,1-423141001,fetchdata,2018-2019,Engineering and Technology,1,1,1,1,Karnataka,1
1-3515049278,K.V.G.COLLEGE OF ENGINEERING,"KURUNJIBHAG,
SULLIA TALUK,
DAKSHINA KANNADA DISTRICT,
KARNATAKA STATE. - 574327",DAKSHINA KANNADA,Unaided - Private,N,N,1-4083884,fetchdata,2018-2019,Engineering and Technology,1,1,1,1,Karnataka,1
1-3514695384,"SRI RENUKA INTEGRATED POLYTECHNIC, HAGARIBOMMANAHALLI","KUDLIGI ROAD, RAMANAGARA, HAGARIBOMMANAHALLI",BELLARY,Unaided - Private,N,N,1-504837541,fetchdata,2018-2019,Engineering and Technology,1,1,1,1,Karnataka,1
1-3514833941,NAGARJUNA COOLEGE OF ENGINEERING & TECHNOLOGY," MUDUGURKI
VENKATAGIRI KOTE
 DEVANAHALLI",BANGALORE RURAL,Unaided - Private,N,N,1-2513971,fetchdata,2018-2019,Engineering and Technology,1,1,1,1,Karnataka,1
1-3514869866,VSM'S SOMASHEKHAR R. KOTHIWALE INSTITUTE OF TECHNOLOGY NIPANI,"BASAV-VIDYA NAGAR,",BELGAUM,Unaided - Private,N,N,1-5585441,fetchdata,2018-2019,Engineering and Technology,1,1,1,1,Karnataka,1
1-3514457255,EAST WEST INSTITUTE OF POLYTECHNIC,"NO.13, SECTOR""A"" , YELAHANKA NEW TOWN, YELAHANKA, BANGALORE - 560064",BANGALORE URBAN,Unaided - Private,N,N,1-2513089831,fetchdata,2018-2019,Engineering and Technology,1,1,1,1,Karnataka,1
1-3866673607,JAIN DEEMED TO BE UNIVERSITY FACULTY OF ENGINEERING AND TECHNOLOGY,"JAIN GLOBAL CAMPUS, JAKKASANDRA POST, KANAKAPURA TALUK, RAMANAGARA DISTRICT",RAMANAGARA,Deemed University(Private),N,N,,fetchdata,2018-2019,Engineering and Technology,1,1,1,1,Karnataka,1
1-3759419641,INTERNATIONAL INSTITUTE OF INFORMATION TECHNOLOGY BANGALORE,"26/C, ELECTRONICS CITY, PHASE 1, HOSUR ROAD, BANGALORE",BANGALORE URBAN,Deemed University(Private),N,N,,fetchdata,2018-2019,Engineering and Technology,1,1,1,1,Karnataka,1
1-3674004341,CHRIST DEEMED TO BE UNIVERSITY KENGERI CAMPUS,"KANMINIKE, KUMBALGODU POST,
BENGALURU 560074",BANGALORE URBAN,Deemed University(Private),N,Y,,fetchdata,2018-2019,Engineering and Technology,1,1,1,1,Karnataka,1
1-3677974946,"GOVT. TOOLROOM AND TRAINING CENTRE,MYSORE","93 & 94, BELAGOLA INDL. AREA K.R.S.ROAD, MYSORE-570016, KARNATAKA",MYSORE,Government,N,N,1-3449911,fetchdata,2018-2019,Engineering and Technology,1,1,1,1,Karnataka,1
1-3517437819,"S N MUDBIDRI POLYTECHNIC, MOODBIDRI","KODANGALLU POST, MANGALORE TALUK - 574197.",DAKSHINA KANNADA,Govt aided,N,N,1-466334603,fetchdata,2018-2019,Engineering and Technology,1,1,1,1,Karnataka,1
1-3626724751,KLE TECHNOLOGICAL UNIVERSITY,"BVBHOOMARADDI COLLEGE CAMPUS, VIDYANAGAR, HUBBALLI",DHARWAD,University Managed-Private,N,N,,fetchdata,2018-2019,Engineering and Technology,1,1,1,1,Karnataka,1
1-3517274655,THE NATIONAL INSTITUTE OF ENGINEERING,"MANANDAVADI ROAD
MYSORE",MYSORE,Govt aided,N,N,1-4878661,fetchdata,2018-2019,Engineering and Technology,1,1,1,1,Karnataka,1
1-3714641081,JAIN COLLEGE OF ENGINEERING AND RESEARCH,"""SHREYAS"" CTS 1598 ADAJCENT TO TO FOUNDRY CLUSTER NEAR DUTCH INDUSTRIAL ESTATE CHANNAMMA NAGAR ANAGOL BELGAVI",BELGAUM,Unaided - Private,N,N,,fetchdata,2018-2019,Engineering and Technology,1,1,1,1,Karnataka,1
1-3517580728,NADGIR INSTITUTE OF ENGINEERING AND TECHNOLOGY,"NADGIR INSTITUTE OF ENGINEERING & TECHNOLOGY,
K-73,NH4 NEAR BMI BRIDGE MADAVAR POST JINDAL NAGAR BANGALORE-562123",BANGALORE URBAN,Unaided - Private,N,N,1-458675412,fetchdata,2018-2019,Engineering and Technology,1,1,1,1,Karnataka,1
1-3517585541,PES POLYTECHNIC,"#206,GUDDADA ARAKERE, 
SAGAR ROAD, SHIVAMOGGA",SHIMOGA,Unaided - Private,N,N,1-462765721,fetchdata,2018-2019,Engineering and Technology,1,1,1,1,Karnataka,1
1-3517585875,GOVERNMENT POLYTECHNIC GAJENDRAGAD,"SBSS GOVT. FIRST GRADE DEGREE COLLEGE CAMPUS, 
KUSHTAGI ROAD,
GAJENDRAGAD",GADAG,Government,N,N,1-451763001,fetchdata,2018-2019,Engineering and Technology,1,1,1,1,Karnataka,1
1-3516474084,SAI KRISH POLYTECHNIC,"KRISH BHAVAN, SMITH ROAD, OORGAUM POST, K.G.F.",KOLAR,Unaided - Private,N,N,1-475232091,fetchdata,2018-2019,Engineering and Technology,1,1,1,1,Karnataka,1
1-3516475046,JSS POLYTECHNIC,"JSS TECHNICAL INSTITUTIONS' CAMPUS,MANASA
GANGOTHRI",MYSORE,Unaided - Private,N,N,1-474922151,fetchdata,2018-2019,Engineering and Technology,1,1,1,1,Karnataka,1
1-3516475367,"MOUNT FARAN POLYTECHNIC, OLD HUBLI","HIGH LANDS, ANAND NAGAR ROAD, OLD HUBLI",DHARWAD,Unaided - Private,N,N,1-497212971,fetchdata,2018-2019,Engineering and Technology,1,1,1,1,Karnataka,1
1-3517564006,168-GOVT POLYTECHNIC HOSADURGA,"GOVT POLYTECHNIC, GANDHI CIRCLE,OLD HOSPITAL BUILDING, HOSADURGA-577527, CHITRADURGA(D)",CHITRADURGA,Government,N,N,1-495127641,fetchdata,2018-2019,Engineering and Technology,1,1,1,1,Karnataka,1
1-3516477140,CAUVERY POLYTECHNIC GONIKOPPAL,"VIRAJPET TALUK
S.COORG
PIN 571213
KARNATAKA STATE",COORG,Unaided - Private,N,N,1-460508361,fetchdata,2018-2019,Engineering and Technology,1,1,1,1,Karnataka,1
1-3516480203,RAMAIAH POLYTECHNIC,"M.S. RAMAIAH POLYTECHNIC
M.S.R. NAGAR
MSRIT POST
BANGALORE",BANGALORE URBAN,Unaided - Private,N,N,1-465666171,fetchdata,2018-2019,Engineering and Technology,1,1,1,1,Karnataka,1
1-3516480734,A.G.M.RURAL POLYTECHNIC,"OPP VRL HEAD OFFICE, NH-4,BANGALORE ROAD NAVAGRAH TEERTH VARUR,",DHARWAD,Unaided - Private,N,N,1-461684541,fetchdata,2018-2019,Engineering and Technology,1,1,1,1,Karnataka,1
1-3516480980,S.E.T POLYTECHNIC,"PANDAVAPURA TALUK, MELKOTE",MANDYA,Unaided - Private,N,N,1-802455021,fetchdata,2018-2019,Engineering and Technology,1,1,1,1,Karnataka,1
1-3682222401,"GOVT.TOOLROOM AND TRAINING CENTRE,BANGALORE","GOVT.TOOLROOM AND TRAINING CENTRE,BANGALORE
RAJAJI NAGAR INDUSTRIAL ESTATE, RAJAJI NAGAR, BANGALORE - 560010",BANGALORE URBAN,Government,N,N,1-16582091,fetchdata,2018-2019,Engineering and Technology,1,1,1,1,Karnataka,1
1-3516083173,B.M.S.COLLEGE OF ENGINEERING,"POST BOX NO 1908, BULL TEMPLE ROAD",BANGALORE URBAN,Govt aided,N,N,1-5884543,fetchdata,2018-2019,Engineering and Technology,1,1,1,1,Karnataka,1
1-3516084284,NEW HORIZON COLLEGE OF ENGINEERING (E&T),"RING ROAD, NEAR MARATHALLI, BELLANDUR POST,
KADUBHISANAHALLI",BANGALORE URBAN,Unaided - Private,N,Y,1-11989651,fetchdata,2018-2019,Engineering and Technology,1,1,1,1,Karnataka,1
1-3516090980,GHOUSIA POLYTECHNIC FOR WOMEN,"HOSUR ROAD, DRC POST",BANGALORE URBAN,Unaided - Private,Y,Y,1-457458521,fetchdata,2018-2019,Engineering and Technology,1,1,1,1,Karnataka,1
1-3516093819,ADICHUNCHANAGIRI INSTITUTE OF TECHNOLOGY,"ADICHUNCHANAGIRI EXTENTION,
JYOTHINAGAR,
CHIKMAGALUR - 577102
KARNATAKA
INDIA",CHIKMAGALUR,Unaided - Private,N,N,1-4215821,fetchdata,2018-2019,Engineering and Technology,1,1,1,1,Karnataka,1
1-3516097028,"NMAM INSTITUTE OF TECHNOLOGY, NITTE","NMAM INSTITUTE OF TECHNOLOGY
 NITTE,

NITTE POST & VILLAGE  - 574110

KARKALA TALUK

UDUPI DISTRICT

KARNATAKA STATE",UDUPI,Unaided - Private,N,N,1-5795381,fetchdata,2018-2019,Engineering and Technology,1,1,1,1,Karnataka,1
1-3516098414,CHANNABASAVESHWARA INSTITUTE OF TECHNOLOGY,"NH 206 (BH ROAD), GUBBI, TUMKUR. KARNATAKA",TUMKUR,Unaided - Private,N,N,1-2623001,fetchdata,2018-2019,Engineering and Technology,1,1,1,1,Karnataka,1
1-3516101203,K.V.T. POLYTECHNIC,"C.V.V CAMPUS,CHICKBALLAPUR.",CHIKABALLAPUR,Govt aided,N,N,1-444991431,fetchdata,2018-2019,Engineering and Technology,1,1,1,1,Karnataka,1
1-3516101527,VIVEKANAND EDUCATION SOCIETY'S JAWAHARLAL NEHRU POLYTECHNIC (AIDED),"VILLAGE : THANAKUSHNOOR
TQ : AURAD (B)
DIST : BIDAR",BIDAR,Govt aided,N,N,1-473884201,fetchdata,2018-2019,Engineering and Technology,1,1,1,1,Karnataka,1
1-3516101745,R.V. COLLEGE OF ENGINEERING,"R.V. VIDYANIKETAN POST, MYSORE ROAD,",BANGALORE URBAN,Unaided - Private,N,N,1-10906981,fetchdata,2018-2019,Engineering and Technology,1,1,1,1,Karnataka,1
1-3516105363,SRI VENKATESHWARA COLLEGE OF ENGINEERING,"VIDYANAGAR, BENGALURU INTERNATIONAL AIRPORT ROAD,
BETTAHALASUR POST, BENGALURU NORTH,
BENGALURU - 562 157",BANGALORE URBAN,Unaided - Private,N,N,1-3340841,fetchdata,2018-2019,Engineering and Technology,1,1,1,1,Karnataka,1
1-3516107247,GSSS INSTITUTE OF ENGINEERING & TECHNOLOGY FOR WOMEN,"K.R.S. ROAD, METAGALLI  INDUSTRIAL AREA, MYSORE-16",MYSORE,Unaided - Private,Y,N,1-6050376,fetchdata,2018-2019,Engineering and Technology,1,1,1,1,Karnataka,1
1-3516112759,ACHARYA  PATASHALA POLYTECHNIC,"26 TH KM,KANAKAPURA MAIN ROAD,
SOMANAHALLI.",BANGALORE URBAN,Govt aided,N,N,1-454374661,fetchdata,2018-2019,Engineering and Technology,1,1,1,1,Karnataka,1
1-3516113067,B V V SANGHA'S BASAVESHWAR ENGINEERING COLLEGE BAGALKOT,"NIJALINGAPPA ROAD
BAGALKOT 587102",BAGALKOT,Govt aided,N,N,1-6375432,fetchdata,2018-2019,Engineering and Technology,1,1,1,1,Karnataka,1
1-3516114426,ACS COLLEGE OF ENGINEERING,"207,KAMBIPURA, MYSORE ROAD, 
KENGERI HOBLI,
BANGALORE - 560074.",BANGALORE URBAN,Unaided - Private,N,N,1-3287291,fetchdata,2018-2019,Engineering and Technology,1,1,1,1,Karnataka,1
1-3516115201,GHOUSIA COLLEGE OF ENGINEERING,BANGALORE - MYSORE ROAD,RAMANAGARA,Unaided - Private,N,Y,1-6749453,fetchdata,2018-2019,Engineering and Technology,1,1,1,1,Karnataka,1
1-3516115957,A P S COLLEGE OF ENGINEERING,26 KM KANAKAPURA ROAD BANGALORE 82,BANGALORE URBAN,Unaided - Private,N,N,1-5724943,fetchdata,2018-2019,Engineering and Technology,1,1,1,1,Karnataka,1
1-3516117465,SJB INSTITUTE OF TECHNOLOGY,"BGS HEALTH & EDUCATION CITY,
NO 67, UTTARAHALLI ROAD.
KENGERI, BANGALORE -60",BANGALORE URBAN,Unaided - Private,N,N,1-11652107,fetchdata,2018-2019,Engineering and Technology,1,1,1,1,Karnataka,1
1-3693131951,AIR FORCE ENGINEERING COLLEGE,"C/O AIR FORCE TECHNICAL COLLEGE, JALAHALLI WEST, BENGALURU",BANGALORE URBAN,Government,N,N,,fetchdata,2018-2019,Engineering and Technology,1,1,1,1,Karnataka,1
1-3516119678,RAO BAHADUR Y MAHABALESWARAPPA ENGINEERING COLLEGE,"FORMERLY VIJAYANAGAR ENGINEERING COLLEGE, CONTONMENT, BELLARY-583104 KARNATAKA",BELLARY,Unaided - Private,N,N,1-9605749,fetchdata,2018-2019,Engineering and Technology,1,1,1,1,Karnataka,1
1-3516121970,MOODLAKATTE INSTITUTE OF TECHNOLOGY,"MOODLAKATTE,
KUNDAPURA TALUK,
UDUPI DISTRICT,
KARNATAKA - 576 217.",UDUPI,Unaided - Private,N,N,1-5831296,fetchdata,2018-2019,Engineering and Technology,1,1,1,1,Karnataka,1
1-3516122358,BAPUJI INSTITUTE OF ENGINEERING & TECHNOLOGY,"BAPUJI INSTITUTE OF ENGINEERING & TECHNOLOGY
P.B. NO.325,
SHAMANUR ROAD
DAVANGERE-577 004
KARNATAKA - INDIA",DAVANAGERE,Unaided - Private,N,N,1-4351473,fetchdata,2018-2019,Engineering and Technology,1,1,1,1,Karnataka,1
1-3516124894,SAHYADRI COLLEGE OF ENGINEERING & MANAGEMENT,"'SAHYADRI CAMPUS'
N.H-48, ADYAR,
MANGALORE",DAKSHINA KANNADA,Unaided - Private,N,N,1-4184811,fetchdata,2018-2019,Engineering and Technology,1,1,1,1,Karnataka,1
1-3516129740,MANIPAL INSTITUTE OF TECHNOLOGY,MANIPAL INSTITUTE OF TECHNOLOGYMANIPAL576104KARNATAKA,UDUPI,Deemed University(Private),N,N,1-4187991,fetchdata,2018-2019,Engineering and Technology,1,1,1,1,Karnataka,1
1-3516131929,ACHARYA POLYTECHINC,"SOLDEVANAHALLI,
HESARAGHATTA MAIN ROAD BANGALORE -90
KARNATKAKA, 
INDIA",BANGALORE URBAN,Unaided - Private,N,N,1-453161421,fetchdata,2018-2019,Engineering and Technology,1,1,1,1,Karnataka,1
1-3516132837,DEPARTMENT OF PG STUDIES,"VISVESVARAYA TECHNOLOGICAL UNIVERSITY, JNANA SANGAMA,
MACHE,
BELGAUM",BELGAUM,Government,N,N,1-1549555521,fetchdata,2018-2019,Engineering and Technology,1,1,1,1,Karnataka,1
1-3516134330,ACHARYA INSTITUTE OF TECHNOLOGY,"SOLDEVANAHALLI, HESARAGHATTA MAIN ROAD, CHIKKABANAVARA POST,",BANGALORE URBAN,Unaided - Private,N,N,1-8141561,fetchdata,2018-2019,Engineering and Technology,1,1,1,1,Karnataka,1
