institute_id,institute_name,address,district,institution_type,women_only,minority,parent_id,method,year,program,level,institutiontype,Women,Minority,state,course
1-10975911827,KUMARAN POLYTECHNIC COLLEGE,"ARRIYUR, MATHIANALLUR(PO)",PUDUKKOTTAI,Private-Self Financing,N,N,1-446057201,fetchdata,2022-2023,Engineering and Technology,1,1,1,1,Tamil Nadu,1
1-10975974789,PATTUKKOTTAI POLYTECHNIC COLLEGE,"PALAYAM, SANTHANGADU,",THANJAVUR,Govt aided,N,N,1-421820701,fetchdata,2022-2023,Engineering and Technology,1,1,1,1,Tamil Nadu,1
1-10976050002,"GOVERNMENT COLLEGE OF ENGINEERING,BARGUR","GOVERNMENT COLLEGE OF ENGINEERING,BARGUR MADEPALLI POST BARGUR",KRISHNAGIRI,Government,N,N,1-435593652,fetchdata,2022-2023,Engineering and Technology,1,1,1,1,Tamil Nadu,1
1-10976067862,SARANATHAN COLLEGE OF ENGINEERING,VENKATESWARA NAGAR EDAMALAIPATTIPUDUR POST PANJAPPUR VILLAGE SRIRANGAM TALUK,TIRUCHIRAPPALLI,Private-Self Financing,N,N,1-4190371,fetchdata,2022-2023,Engineering and Technology,1,1,1,1,Tamil Nadu,1
1-10975962064,K.L.N.COLLEGE OF ENGINEERING,MADURAI - NEDUNKULAM ROAD POTTAPALAYAM-630611 SIVAGANGAI DISTRICT TAMILNADU,SIVAGANGA,Private-Self Financing,N,Y,1-5127424,fetchdata,2022-2023,Engineering and Technology,1,1,1,1,Tamil Nadu,1
1-10974871009,AALIM MUHAMMED SALEGH POLYTECHNIC COLLEGE,NIZARA EDUCATIONAL CAMPUS MUTHAPUDUPET AVADI IAF,THIRUVALLUR,Private-Self Financing,N,N,1-426071661,fetchdata,2022-2023,Engineering and Technology,1,1,1,1,Tamil Nadu,1
1-10974872312,THIRUMATHI ELIZABETH POLYTECHNIC COLLEGE,SELCRIM LAND ANNAMANGALAM- 621102. VEPPANTHATTAI-TK PERAMBALUR-DIST.,PERAMBALUR,Private-Self Financing,N,N,1-499944794,fetchdata,2022-2023,Engineering and Technology,1,1,1,1,Tamil Nadu,1
1-10974885282,SRI BHARATHI VELU POLYTECHNIC COLLEGE,"JAMBUKULAM ROAD, MELVENKATAPURAM, KATRAMPAKAM POST",VELLORE,Private-Self Financing,N,N,1-431009331,fetchdata,2022-2023,Engineering and Technology,1,1,1,1,Tamil Nadu,1
1-10974919700,SHAKTHI INSTITUTE OF FASHION TECHNOLOGY,"S.F.NO.250-251, A.PERIYAPALAYAM, TIRUPUR.641607. TAMILNADU.",TIRUPPUR,Private-Self Financing,N,N,1-407308481,fetchdata,2022-2023,Engineering and Technology,1,1,1,1,Tamil Nadu,1
1-10974958013,SRI VATSA POLYTECHNIC COLLEGE,"E.KUMARALINGAPURAM ROAD, METTAMALAI, SATTUR-626203, VIRUDHUNAGAR DISTRICT.",VIRUDHUNAGAR,Private-Self Financing,N,N,1-475193221,fetchdata,2022-2023,Engineering and Technology,1,1,1,1,Tamil Nadu,1
1-10974959220,VELALAR COLLEGE OF ENGINEERING AND TECHNOLOGY,PERUNDURAI ROAD THINDAL POST ERODE,ERODE,Private-Self Financing,N,N,1-3451381,fetchdata,2022-2023,Engineering and Technology,1,1,1,1,Tamil Nadu,1
1-10974971585,NANDHA COLLEGE OF TECHNOLOGY,"235, CHENNIMALAIPALAYAM ROAD PITCHANDAMPALAYAM POST VEPPAMPALAYAM VILLAGE ERODE - 638 052",ERODE,Private-Self Financing,N,N,1-5019688,fetchdata,2022-2023,Engineering and Technology,1,1,1,1,Tamil Nadu,1
1-10975075646,NOORUL ISLAM COLLEGE OF ENGINEERING,NOORUL ISLAM COLLEGE OF ENGINEERING KUMARACOIL TEMPLE ROAD KALKULAM VILLAGE THUCKALAY KANYAKUMARI DISTRICT,KANYAKUMARI,Deemed to be University(Pvt),N,N,1-10525271,fetchdata,2022-2023,Engineering and Technology,1,1,1,1,Tamil Nadu,1
1-10975148814,SRI S.RAMASAMY NAIDU MEMORIAL POLYTECHNIC COLLEGE,VENKATACHALAPURAM,VIRUDHUNAGAR,Private-Self Financing,N,N,1-426109571,fetchdata,2022-2023,Engineering and Technology,1,1,1,1,Tamil Nadu,1
1-10975257065,SRI SAIRAM POLYTECHNIC COLLEG,"SAI LEO NAGAR, WEST TAMBARAM, CHENNAI -44",KANCHIPURAM,Private-Self Financing,N,N,1-430192721,fetchdata,2022-2023,Engineering and Technology,1,1,1,1,Tamil Nadu,1
1-10975338631,370 PALLAVAN POLYTECHNIC COLLEGE,"KOLIVAKKAM, IYYENGARKULAM, KANCHIPURAM DISTRICT",KANCHIPURAM,Private-Self Financing,N,N,1-431033065,fetchdata,2022-2023,Engineering and Technology,1,1,1,1,Tamil Nadu,1
1-10975080832,CHENDHURAN COLLEGE OF ENGINEERING & TECHNOLOGY,"MADURAI MAIN RAOD, LENA VILAKKU, PILIVALAM POST, THIRUMAYAM TALUK, PUDUKKOTTAI DIST-622 507.",PUDUKKOTTAI,Private-Self Financing,N,N,1-6417641,fetchdata,2022-2023,Engineering and Technology,1,1,1,1,Tamil Nadu,1
1-10975319324,SBM COLLEGE OF ENGINEERING & TECHNOLOGY,"SBM NAGAR, THAMARAIPADI (PO), TRICHY ROAD, DINDIGUL - 624 005.",DINDIGUL,Private-Self Financing,N,N,1-3483501,fetchdata,2022-2023,Engineering and Technology,1,1,1,1,Tamil Nadu,1
1-10975320809,PAAVENDHAR POLYTECHNIC COLLEGE,"MANIVIZHUNTHAN SOUTH POST, SALEM - CHENNAI HIGHWAY(N H-68)",SALEM,Private-Self Financing,N,N,1-434194991,fetchdata,2022-2023,Engineering and Technology,1,1,1,1,Tamil Nadu,1
1-10975118491,CIT SANDWICH POLYTECHNIC COLLEGE,"AVANASHI ROAD, CIVIL AERODROME (POST) COIMBATORE",COIMBATORE,Govt aided,N,N,1-455084151,fetchdata,2022-2023,Engineering and Technology,1,1,1,1,Tamil Nadu,1
1-10975283155,SURYA ENGINEERING COLLEGE,"PERUNDURAI ROAD,  MANAL MEDU, METTUKADAI, KATHIRAMPATTI POST",ERODE,Private-Self Financing,N,N,1-2388434,fetchdata,2022-2023,Engineering and Technology,1,1,1,1,Tamil Nadu,1
1-10975161380,SRI ANNAMALAI POLYTECHNIC COLLEGE,"CHENNAI HIGH WAY,PADUR (POST), ULUNDURPET (TALUK),  VILLUPURAM (DT), PIN :606115",VILUPPURAM,Private-Self Financing,N,N,1-441812371,fetchdata,2022-2023,Engineering and Technology,1,1,1,1,Tamil Nadu,1
1-10975355221,GOVERNMENT COLLEGE OF ENGINEERING,CHETTIKARAI P.O DHARMAPURI-636704,DHARMAPURI,Government,N,N,1-2492832711,fetchdata,2022-2023,Engineering and Technology,1,1,1,1,Tamil Nadu,1
1-10974841982,MARIA POLYTECHNIC COLLEGE,"CHANIVILAI KUMARANKUDI, CHENKODI P.O",KANYAKUMARI,Private-Self Financing,N,N,1-447979811,fetchdata,2022-2023,Engineering and Technology,1,1,1,1,Tamil Nadu,1
1-10974872759,GOVERNMENT COLLEGE OF ENGINEERING,"GANDARVAKOTTAI ROAD, SENGIPATTI, THANJAVUR",THANJAVUR,Government,N,N,1-2486967171,fetchdata,2022-2023,Engineering and Technology,1,1,1,1,Tamil Nadu,1
1-10974886771,ARULMURUGAN COLLEGE OF ENGINEERING,KARVAZHI ROAD THENNILAI ARAVAKURICHY TALUK KARUR-639206,KARUR,Private-Self Financing,N,N,1-711818921,fetchdata,2022-2023,Engineering and Technology,1,1,1,1,Tamil Nadu,1
1-10974887200,SREE KRISHNA POLYTECHNIC COLLEGE,"""DWARAKA"",  KALLIANACAUD NAGERCOIL",KANYAKUMARI,Private-Self Financing,N,N,1-409749991,fetchdata,2022-2023,Engineering and Technology,1,1,1,1,Tamil Nadu,1
1-10974907014,PASTOR LENSSEN POLYTECHNIC COLLEGE,LENSSEN NAGAR KUTHENKULY,TIRUNELVELI,Private-Self Financing,N,N,1-451473341,fetchdata,2022-2023,Engineering and Technology,1,1,1,1,Tamil Nadu,1
1-10974961154,TIRUMALA POLYTECHNIC COLLEGE,NALLAN PILLAIPETRAL VILLAGE PALLIKONDAPATTU POST TIRUVANNAMALAI TALUK TIRUVANNAMALAI DISTRICT PIN 606611,TIRUVANNAMALAI,Private-Self Financing,N,N,1-419944661,fetchdata,2022-2023,Engineering and Technology,1,1,1,1,Tamil Nadu,1
1-10975019399,LOYOLA INSTITUTE OF TECHNOLOGY & SCIENCE,"P.BO.NO.2, THOVALAI - RAJAVOOR ROAD, LOYOLA NAGAR, THEROOR VILLAGE, THOVALAI, KANYAKUMARI DT.",KANYAKUMARI,Private-Self Financing,N,Y,1-3409771,fetchdata,2022-2023,Engineering and Technology,1,1,1,1,Tamil Nadu,1
1-10974908550,ADHIPARASAKTHI POLYTECHNIC COLLEGE,"ADHIPARASAKTHI POLYTECHNIC COLLEGE, MELMARUVATHUR & POST, CHEYYUR TALUK",KANCHIPURAM,Private-Self Financing,N,N,1-412359851,fetchdata,2022-2023,Engineering and Technology,1,1,1,1,Tamil Nadu,1
1-10974908791,VOICE OF GOD POLYTECHNIC COLLEGE,DEVARAYAPURAM POST,NAMAKKAL,Private-Self Financing,N,N,1-440311961,fetchdata,2022-2023,Engineering and Technology,1,1,1,1,Tamil Nadu,1
1-10974921582,T.S.SRINIVASAN CENTRE FOR POLYTECHNIC COLLEGE  AND ADVANCED TRAINING,"NO.1, TVS SCHOOL ROAD VANAGARAM",THIRUVALLUR,Private-Self Financing,N,N,1-463882101,fetchdata,2022-2023,Engineering and Technology,1,1,1,1,Tamil Nadu,1
1-10974934249,KONGU HI-TEK POLYTECHNIC COLLEGE,"S.F.NO.94/2 PUNGAMPADI WEST VILLAGE, KANAKUVELANPATTY POST, ARAVAKURICHI TALUK, KARUR DISTRICT, PIN 639 201",KARUR,Private-Self Financing,N,N,1-743613981,fetchdata,2022-2023,Engineering and Technology,1,1,1,1,Tamil Nadu,1
1-10974935499,LAKSHMI AMMAL POLYTECHNIC COLLEGE,"K.R NAGAR, KOVILPATTI",THOOTHUKUDI,Private-Self Financing,N,N,1-418164793,fetchdata,2022-2023,Engineering and Technology,1,1,1,1,Tamil Nadu,1
1-10974935888,K.M.G POLYTECHNIC COLLEGE,"VALPARAI MAIN ROAD,ANGALAKURICHI,",COIMBATORE,Private-Self Financing,N,N,1-519164011,fetchdata,2022-2023,Engineering and Technology,1,1,1,1,Tamil Nadu,1
1-10974947571,ARJUN COLLEGE OF TECHNOLOGY,"310/1B, CHETTIYAKKAPALAYAM, KINATHUKADAVU, COIMBATORE",COIMBATORE,Private-Self Financing,N,N,1-1522183741,fetchdata,2022-2023,Engineering and Technology,1,1,1,1,Tamil Nadu,1
1-10975064505,T.S.M.JAIN COLLEGE OF TECHNOLOGY,"MELUR VILLAGE, KALLAKURICHI TALUK",VILUPPURAM,Private-Self Financing,N,N,1-6200381,fetchdata,2022-2023,Engineering and Technology,1,1,1,1,Tamil Nadu,1
1-10974860855,JAYA POLYTECHNIC COLLEGE,"PRAKASH NAGAR, THIRUNINRAVUR",THIRUVALLUR,Private-Self Financing,N,Y,1-440336561,fetchdata,2022-2023,Engineering and Technology,1,1,1,1,Tamil Nadu,1
1-10974891590,SNS COLLEGE OF ENGINEERING,"SATHY MAIN ROAD  KURUMBAPALAYAM (PO), COIMBATORE - 641 107",COIMBATORE,Private-Self Financing,N,N,1-13177981,fetchdata,2022-2023,Engineering and Technology,1,1,1,1,Tamil Nadu,1
1-10974893414,GANESH COLLEGE OF ENGINEERING,"ATTUR MAIN ROAD, METTUPATTI, SALEM",SALEM,Private-Self Financing,N,N,1-408958931,fetchdata,2022-2023,Engineering and Technology,1,1,1,1,Tamil Nadu,1
1-10974909073,SRI PADMAM POLYTECHNIC COLLEGE,"441,PACHAL VILLAGE TIRUPATTUR VELLORE (DT)",VELLORE,Private-Self Financing,N,N,1-460860281,fetchdata,2022-2023,Engineering and Technology,1,1,1,1,Tamil Nadu,1
1-10974910243,KONGHU VELALAR POLYTECHNIC COLLEGE,"PERUMAPALAYAM, SULLIPALAYAM(POST), THUDUPPATHI (VIA)  PERUNDURAI",ERODE,Private-Self Financing,N,N,1-424547721,fetchdata,2022-2023,Engineering and Technology,1,1,1,1,Tamil Nadu,1
1-10974937436,K RAMAKRISHNAN COLLEGE OF TECHNOLOGY,"KARIYAMANICKAM ROAD, MANNACHANALLUR TALUK",TIRUCHIRAPPALLI,Private-Self Financing,N,N,1-1209121,fetchdata,2022-2023,Engineering and Technology,1,1,1,1,Tamil Nadu,1
1-10974949484,S.M. ARUMUGAM POLYTECHNIC COLLEGE,"ADHIYAMAAN BYE PASS ROAD, A.REDDIHALLI, DHARMAPURI",DHARMAPURI,Private-Self Financing,N,N,1-480387011,fetchdata,2022-2023,Engineering and Technology,1,1,1,1,Tamil Nadu,1
1-10974893730,DMI ENGINEERING COLLEGE,"KUMARAPURAM ROAD, ARALVAIMOZHI, KANYAKUMARI DIST-629301",KANYAKUMARI,Private-Self Financing,N,Y,1-4225700,fetchdata,2022-2023,Engineering and Technology,1,1,1,1,Tamil Nadu,1
1-10974939333,KONGU POLYTECHNIC COLLEGE,"KEC CAMPUS, THOPPUPALAYAM, PERUNDURAI R.S.ROAD, PERUNDURAI",ERODE,Private-Self Financing,N,N,1-427049031,fetchdata,2022-2023,Engineering and Technology,1,1,1,1,Tamil Nadu,1
1-10974950671,U.S.P.POLYTECHNIC COLLEGE,"USP NAGAR, KODIKURICHI, TENKASI.",TIRUNELVELI,Private-Self Financing,N,N,1-445022371,fetchdata,2022-2023,Engineering and Technology,1,1,1,1,Tamil Nadu,1
1-10974950898,FX POLYTECHNIC COLLEGE,AMBAI ROAD THARUVAI TIRUNELVELI,TIRUNELVELI,Private-Self Financing,N,Y,1-495583181,fetchdata,2022-2023,Engineering and Technology,1,1,1,1,Tamil Nadu,1
1-10974979623,SREE KUMARAGURU POLYTECHNIC COLLEGE,"KUMARAGURU NAGAR, KOKKARAPATTY (PO), P.R.PATTY (TK), GOPINATHAMPATTY CROSS ROAD,",DHARMAPURI,Private-Self Financing,N,N,1-446151383,fetchdata,2022-2023,Engineering and Technology,1,1,1,1,Tamil Nadu,1
1-10974927386,MAR EPHRAEM COLLEGE OF ENGINEERING AND TECHNOLOGY,"MALANKARA HILLS, ELAVUVILLAI, KANYAKUMARI",KANYAKUMARI,Private-Self Financing,N,Y,1-6547531,fetchdata,2022-2023,Engineering and Technology,1,1,1,1,Tamil Nadu,1
1-10974941034,SALEM KONGU POLYTECHNIC COLLEGE,"6/34, THIRUCHENGODU MAIN ROAD, ARIYANOOR, VEERAPANDI (PO), SALEM (DT)",SALEM,Private-Self Financing,N,N,1-435613801,fetchdata,2022-2023,Engineering and Technology,1,1,1,1,Tamil Nadu,1
1-10974967253,CAPE POLYTECHNIC COLLEGE,"OPPOSITE TO MUPPANTAL TEMPLE THOVALAI TALUK,ARALVOIMOZHI",KANYAKUMARI,Private-Self Financing,N,N,1-454891891,fetchdata,2022-2023,Engineering and Technology,1,1,1,1,Tamil Nadu,1
1-10974969482,SANKARA POLYTECHNIC COLLEGE,SARAVANAMPATTY COIMBATORE,COIMBATORE,Private-Self Financing,N,N,1-427010283,fetchdata,2022-2023,Engineering and Technology,1,1,1,1,Tamil Nadu,1
1-10974969781,NEW PRINCE SHRI BHAVANI COLLEGE OF ENGG & TECH,"VENGAIVASAL MAIN ROAD, GOWRIVAKKAM, CHENNAI - 600 073.",KANCHIPURAM,Private-Self Financing,N,N,1-2941897,fetchdata,2022-2023,Engineering and Technology,1,1,1,1,Tamil Nadu,1
1-10974982303,SHRI KRISHNA POLYTECHNIC COLLEGE,"R.GOBINATHAMPATTY POST,  HARUR TALUK, DHARMAPURI DISTRICT",DHARMAPURI,Private-Self Financing,N,N,1-476099451,fetchdata,2022-2023,Engineering and Technology,1,1,1,1,Tamil Nadu,1
1-10975071042,ANGEL COLLEGE OF ENGINEERING AND TECHNOLOGY,"ANGEL COLLEGE OF ENGINEERING AND TECHNOLOGY P.K. PALAYAM, UGAYANUR VILLAGE, DHARAPURAM MAIN ROAD,  TIRUPUR",TIRUPPUR,Private-Self Financing,N,N,1-4247542,fetchdata,2022-2023,Engineering and Technology,1,1,1,1,Tamil Nadu,1
1-10974852318,BHARATHIDASAN ENGINEERING COLLEGE,K BANDARAPALLI POST NATTRAMPALLI VELLORE DIST - 635 854,VELLORE,Private-Self Financing,N,N,1-4439477,fetchdata,2022-2023,Engineering and Technology,1,1,1,1,Tamil Nadu,1
1-10974883420,ARUL THARUM VPMM COLLEGE OF ENGINEERING AND TECHNOLOGY,"V.P.M NAGAR, KRISHNANKOVIL",VIRUDHUNAGAR,Private-Self Financing,Y,N,1-8897103,fetchdata,2022-2023,Engineering and Technology,1,1,1,1,Tamil Nadu,1
1-10974970065,SARASWATHY COLLEGE OF ENGINEERING AND TECHNOLOGY,"NH45 MAIN ROAD, OLAKKUR",VILUPPURAM,Private-Self Financing,N,N,1-7775415,fetchdata,2022-2023,Engineering and Technology,1,1,1,1,Tamil Nadu,1
1-10974983514,RAJA DESINGH POLYTECHNIC COLLEGE,"RAJA DESINGH POLYTECHNIC COLLEGE KALAIYUR & POST, GINGEE T.K.,",VILUPPURAM,Private-Self Financing,N,N,1-440197611,fetchdata,2022-2023,Engineering and Technology,1,1,1,1,Tamil Nadu,1
1-10975072679,AAROORAN POLYTECHNIC COLLEGE,"MAYILADUTHURAI MAIN ROAD, SORAKKUDI, KANGALANCHERI (PO) NANNILAM(TK) THIRUVARUR",THIRUVARUR,Private-Self Financing,N,N,1-455832283,fetchdata,2022-2023,Engineering and Technology,1,1,1,1,Tamil Nadu,1
1-10974853744,M.I.E.T. ENGINEERING COLLEGE,TRICHY - PUDUKKOTTAI  ROAD GUNDUR TIRUCHIRAPPALLI - 620 007,TIRUCHIRAPPALLI,Private-Self Financing,N,Y,1-7532291,fetchdata,2022-2023,Engineering and Technology,1,1,1,1,Tamil Nadu,1
1-10997598959,EXCEL ENGINEERING COLLEGE,"NH 47-SALEM  MAIN ROAD SANKARI WEST POST, TIRUCHENGODE TALUK, PALLLAKAPALAYAM - 637303 NAMAKKAL DISTRICT TAMILNADU",NAMAKKAL,Private-Self Financing,N,N,1-8213921,fetchdata,2022-2023,Engineering and Technology,1,1,1,1,Tamil Nadu,1
1-11273325991,DHANALAKSHMI SRINIVASAN UNIVERSITY,"NH45, TRICHY CHENNAI TRUNK ROAD, NEAR TOLL PLAZA,",TIRUCHIRAPPALLI,State Private University,N,Y,1-11273325991,fetchdata,2022-2023,Engineering and Technology,1,1,1,1,Tamil Nadu,1
1-10998580901,E.S POLYTECHNIC COLLEGE,"355/1 & 355/2, ELLIS CHATHIRAM ROAD ,VAZHUTHAREDDY VILLAGE ,KANDAMANADI POST, VILLUPURAM TALUK & DISTRICT",COIMBATORE,Private-Self Financing,N,N,1-518645961,fetchdata,2022-2023,Engineering and Technology,1,1,1,1,Tamil Nadu,1
1-10997619115,VINS CHRISTIAN COLLEGE OF ENGINEERING,"VINS NAGER, CHUNKANKADAI, NAGERCOIL",KANYAKUMARI,Private-Self Financing,N,Y,1-3990308,fetchdata,2022-2023,Engineering and Technology,1,1,1,1,Tamil Nadu,1
1-10997620041,ROEVER ENGINEERING COLLEGE,ELAMBALUR(POST) PERAMBALUR,PERAMBALUR,Private-Self Financing,N,Y,1-6294210,fetchdata,2022-2023,Engineering and Technology,1,1,1,1,Tamil Nadu,1
1-10985639061,SRI  RAJIV GANDHI POLYTECHNIC COLLEGE,"ERODE - CHENNIMALAI MAIN ROAD, MYLADI, CHENNIMALAI, ERODE -638 112",ERODE,Private-Self Financing,N,N,1-482788911,fetchdata,2022-2023,Engineering and Technology,1,1,1,1,Tamil Nadu,1
1-10970400724,UNIVERSITY COLLEGE OF ENGINEERING NAGERCOIL,A CONSTITUENT COLLEGE OF ANNA UNIVERSITY  NAGERCOIL - 629 004,KANYAKUMARI,State Government University,N,N,1-4643951261,fetchdata,2022-2023,Engineering and Technology,1,1,1,1,Tamil Nadu,1
1-10970430160,AMRITA VISHWA VIDYAPEETHAM COIMBATORE CAMPUS,"AMRITA NAGAR POST,  ETTIMADAI COIMBATORE, TAMIL NADU",COIMBATORE,Deemed to be University(Pvt),N,N,1-4494379431,fetchdata,2022-2023,Engineering and Technology,1,1,1,1,Tamil Nadu,1
1-10975413442,SRI SIVASUBRMANIYA NADAR COLLEGE OF ENGINEERING,RAJIV GANDHI SALAI (OMR) KALAVAKKAM - 603 110 KANCHIPURAM DIST TAMIL NADU,KANCHIPURAM,Private-Self Financing,N,N,1-1229101,fetchdata,2022-2023,Engineering and Technology,1,1,1,1,Tamil Nadu,1
1-10975455490,KARPAGAM ACADEMY OF HIGHER EDUCATION,"POLLACHI MAIN ROAD, EACHANARI POST, COIMBATORE",COIMBATORE,Deemed to be University(Pvt),N,N,1-3701861724,fetchdata,2022-2023,Engineering and Technology,1,1,1,1,Tamil Nadu,1
1-10975457273,SAVEETHA INSTITUTE OF MEDICAL AND TECHNICAL SCIENCES,"SAVEETHA INSTITUTE OF MEDICAL AND TECHNICAL SCIENCES, SAVEETHA NAGAR, THANDALAM  POST, SRIPERUMPUDUR TALUK, KANCHIPURAM DISTRICT, TAMILNADU - 602105.",KANCHIPURAM,Deemed to be University(Pvt),N,N,1-3702136294,fetchdata,2022-2023,Engineering and Technology,1,1,1,1,Tamil Nadu,1
1-10975863563,IMAYAM POLYTECHNIC COLLEGE,KANNANUR[PO] THURAIYUR [TK] TRICHY[DT] PIN-621206,TIRUCHIRAPPALLI,Private-Self Financing,N,N,1-444928741,fetchdata,2022-2023,Engineering and Technology,1,1,1,1,Tamil Nadu,1
1-10975873373,THE GANDHIGRAM RURAL INSTITUTE - DEEMED UNIVERSITY,GANDHIGRAM AUTHOOR TK.,DINDIGUL,Government,N,N,1-465941501,fetchdata,2022-2023,Engineering and Technology,1,1,1,1,Tamil Nadu,1
1-10975678359,MASS POLYTECHNIC COLLEGE V.PARANGANI,"SH-136,PONDY-MAILAM ROAD, V.PARANGANI VILLAGE,VANUR TALUK,VILLUPURAM DISTRICT,605109",VILUPPURAM,Private-Self Financing,N,N,1-4290333748,fetchdata,2022-2023,Engineering and Technology,1,1,1,1,Tamil Nadu,1
1-10975760226,PSG INSTITUTE OF TECHNOLOGY AND APPLIED RESEARCH,AVINASHI ROAD NEELAMBUR  PIN - 641062,COIMBATORE,Private-Self Financing,N,N,1-2183174231,fetchdata,2022-2023,Engineering and Technology,1,1,1,1,Tamil Nadu,1
1-10975780833,SRI SAI RAM ENGINEERING COLLEGE,"SAI LEO NAGAR, POONTHANDALAM VILLAGE,  DHARKAST POST, WEST TAMBARAM",KANCHIPURAM,Private-Self Financing,N,N,1-2028941,fetchdata,2022-2023,Engineering and Technology,1,1,1,1,Tamil Nadu,1
1-10975827979,ARUNACHALA COLLEGE OF ENGINEERING FOR WOMEN,"'THANKA GARDENS' MANAVILAI, VELLICHANTHAI, NAGERCOILL, KANYAKUMARI DISTRICT",KANYAKUMARI,Private-Self Financing,Y,N,1-6050501,fetchdata,2022-2023,Engineering and Technology,1,1,1,1,Tamil Nadu,1
1-10975746870,COLLEGE OF FOOD AND DAIRY TECHNOLOGY,"KODUVALLI ALAMATHI P.O., RED HILLS (VIA), CHENNAI 600 052",THIRUVALLUR,Government,N,N,1-14962834,fetchdata,2022-2023,Engineering and Technology,1,1,1,1,Tamil Nadu,1
1-10975548907,GOVERMENT POLYTECHNIC COLLEGE,PAINGINAR VILLAGE CHEYYART.K,TIRUVANNAMALAI,Government,N,N,1-2084815251,fetchdata,2022-2023,Engineering and Technology,1,1,1,1,Tamil Nadu,1
1-10975550137,SRI SANTHOSHI POLYTECHNIC COLLEGE,"09,PAIYAMBADI VILLAGE,MADURANTHAKAM(TK)",KANCHIPURAM,Private-Self Financing,N,N,1-506494903,fetchdata,2022-2023,Engineering and Technology,1,1,1,1,Tamil Nadu,1
1-10975550348,STATE INSTITUTE OF COMMERCE EDUCATION,"CIT CAMPUS THARAMANI, CHENNAI - 113",CHENNAI,Government,N,N,1-504672733,fetchdata,2022-2023,Engineering and Technology,1,1,1,1,Tamil Nadu,1
1-10975747093,VETHAMONICKAM MEMORIAL C. S. I. POLYTECHNIC COLLEGE,"VIRICODE, MARTHANDAM AND POST â 629 165, KANYAKUMARI DISTRICT",KANYAKUMARI,Private-Self Financing,N,Y,1-425753461,fetchdata,2022-2023,Engineering and Technology,1,1,1,1,Tamil Nadu,1
1-10975808796,M.A.M. COLLEGE OF ENGINEERING AND TECHNOLOGY,TRICHY - CHENNAI TRUNK ROAD SIRUGANUR MANACHANALLUR (TK) TIRUCHIRAPPALLI,TIRUCHIRAPPALLI,Private-Self Financing,N,Y,1-5386171,fetchdata,2022-2023,Engineering and Technology,1,1,1,1,Tamil Nadu,1
1-10975550490,RANIPPETTAI ENGINEERING COLLEGE,"THENKADAPANTHANGAL - 632513, WALLAJAH TALUK, VELLORE DISTRICT, TAMILNADU.",VELLORE,Private-Self Financing,N,N,1-5283611,fetchdata,2022-2023,Engineering and Technology,1,1,1,1,Tamil Nadu,1
1-10975810190,CENTRAL INSTITUTE OF PETROCHEMICALS ENGINEERING & TECHNOLOGY,"CIPET (MINISTRY OF CHEMICALS AND FERTILIZERS), GOVT. OF INDIA, GUINDY, CHENNAI-600 032.",CHENNAI,Government,N,N,1-2610054,fetchdata,2022-2023,Engineering and Technology,1,1,1,1,Tamil Nadu,1
1-10975878367,S.S.K POLYTECHNIC COLLEGE,"TRICHY-DINDUGAL NATIONAL HIGHWAYS, POOLANGULATHUPATTI(PO), AMMAPETTAI, SRIRANGAM (TK),",TIRUCHIRAPPALLI,Private-Self Financing,N,N,1-429708841,fetchdata,2022-2023,Engineering and Technology,1,1,1,1,Tamil Nadu,1
1-10975606428,VELLORE INSTITUTE OF TECHNOLOGY CHENNAI OFF CAMPUS,MELAKOTTAIYUR VANDALUR KELLAMBAKKAM ROAD CHENNAI,KANCHIPURAM,Deemed to be University(Pvt),N,N,1-3734368051,fetchdata,2022-2023,Engineering and Technology,1,1,1,1,Tamil Nadu,1
1-10975751952,THAMIRABHARANI ENGINEERING COLLEGE,"WARD-1 THATCHANALLUR, CHATTIRAM PUTHUKULLAM VILLAGE, VEPAKULLAM -CHIDHABRA NAGAR ROAD",TIRUNELVELI,Private-Self Financing,N,N,1-441567601,fetchdata,2022-2023,Engineering and Technology,1,1,1,1,Tamil Nadu,1
1-10975814313,MAHENDRA COLLEGE OF ENGINEERING,12TH KM ATTUR MAIN ROAD  MINNAMPALLI SALEM,SALEM,Private-Self Financing,N,N,1-7468481,fetchdata,2022-2023,Engineering and Technology,1,1,1,1,Tamil Nadu,1
1-10975634419,PARK AMC POLYTECHNIC COLLEGE,"PREMA RAVI NAGAR,",COIMBATORE,Private-Self Financing,N,N,1-444183381,fetchdata,2022-2023,Engineering and Technology,1,1,1,1,Tamil Nadu,1
1-10975817761,PSG COLLEGE OF TECHNOLOGY,AVINASHI ROAD PEELAMEDU,COIMBATORE,Govt aided,N,N,1-4165514,fetchdata,2022-2023,Engineering and Technology,1,1,1,1,Tamil Nadu,1
1-10975861789,PONJESLY COLLEGE OF ENGINEERING,"NEAR PARVATHIPURAM, ALAMPARAI, VETURNIMADAM POST, NAGERCOIL  629 003. KANYAKUMARI DIST., TAMIL NADU.",KANYAKUMARI,Private-Self Financing,N,Y,1-4230371,fetchdata,2022-2023,Engineering and Technology,1,1,1,1,Tamil Nadu,1
1-10975468876,AMRITA VISHWA VIDYAPEETHAM CHENNAI CAMPUS,"337/1A, VENGAL VILLAGE THIRUVALLUR TALUK ",THIRUVALLUR,Deemed to be University(Pvt),N,N,1-3739527761,fetchdata,2022-2023,Engineering and Technology,1,1,1,1,Tamil Nadu,1
1-10975518070,NATIONAL INSTITUTE OF TECHNICAL TEACHERS TRAINING AND RESEARCH,TARAMANI CHENNAI,CHENNAI,Government,N,N,1-3714693441,fetchdata,2022-2023,Engineering and Technology,1,1,1,1,Tamil Nadu,1
1-10975488196,ST.JOSEPH COLLEGE OF ENGINEERING,"TRINITY CAMPUS, NEMILI B BEEMANTHANGAL VILLAGE, SRIPERUMBUDUR, KANCHEEPURAM DISTRICT-602105.",KANCHIPURAM,Private-Self Financing,N,Y,1-5216166,fetchdata,2022-2023,Engineering and Technology,1,1,1,1,Tamil Nadu,1
1-10975534173,SRI RAMACHANDRA POLYTECHNIC COLLEGE,104/7 ALAMELUPURAM(PO) PAPPIREDDIPATI (TK) DHARMAPURI (DT),DHARMAPURI,Private-Self Financing,N,N,1-421769571,fetchdata,2022-2023,Engineering and Technology,1,1,1,1,Tamil Nadu,1
1-10975381512,JAIRUPAA COLLEGE OF ENGENEERING,"THOTTIAPALAYAM, KATHANKANNI-PO, KANGAYAM-TK.",TIRUPPUR,Private-Self Financing,N,N,1-468167351,fetchdata,2022-2023,Engineering and Technology,1,1,1,1,Tamil Nadu,1
1-10975454064,SCHOOL OF MARITIME STUDIES,"OFF RAJIV GANDHI SALAI,  OMR (IT HIGHWAY) THALAMBUR, (NEAR NAVALUR) CHENNAI - 600 130.",KANCHIPURAM,Deemed to be University(Pvt),N,N,1-3710357081,fetchdata,2022-2023,Engineering and Technology,1,1,1,1,Tamil Nadu,1
1-10975511711,VINAYAKA MISSION'S KIRUPANANDA VARIYAR ENGINEERING COLLEGE,"A CONSTITUENT COLLEGE OF VINAYAKA MISSION'S RESEARCH FOUNDATION DEEMED TO BE UNIVERSITY,  PERIASEERAGAPADI, NH-47, SANKARI MAIN ROAD, SALEM",SALEM,Deemed to be University(Pvt),N,N,1-3691226051,fetchdata,2022-2023,Engineering and Technology,1,1,1,1,Tamil Nadu,1
1-10981088043,M.KUMARASAMY COLLEGE OF ENGINEERING,"M KUMARASAMY COLLEGE OF ENGINEERING, THALAVAPALAYAM, KARUR - 639113",KARUR,Private-Self Financing,N,N,1-422748121,fetchdata,2022-2023,Engineering and Technology,1,1,1,1,Tamil Nadu,1
1-10980841035,ST.XAVIER'S POLYTECHNIC COLLEGE,"SEYDUNGANALLUR,",THOOTHUKUDI,Private-Self Financing,N,Y,1-475279121,fetchdata,2022-2023,Engineering and Technology,1,1,1,1,Tamil Nadu,1
1-10980841342,JEPPIAAR INSTITUTE OF TECHNOLOGY,"JEPPIAAR NAGAR, KUNNAM VILLAGE, SRIPERUMBUDUR TALUK",KANCHIPURAM,Private-Self Financing,N,Y,1-463924471,fetchdata,2022-2023,Engineering and Technology,1,1,1,1,Tamil Nadu,1
1-10980843029,SSM COLLEGE OF ENGINEERING,"NH-47 SALEM MAIN ROAD, KOMARAPALAYAM NAMKKAL DISTRICT",NAMAKKAL,Private-Self Financing,N,N,1-2737891,fetchdata,2022-2023,Engineering and Technology,1,1,1,1,Tamil Nadu,1
1-10980884381,SRI MUTHUKUMARAN INSTITUTE OF TECHNOLOGY,CHIKKARAYAPURAM NEAR MANGADU CHENNAI-600 069.,KANCHIPURAM,Private-Self Financing,N,Y,1-12940021,fetchdata,2022-2023,Engineering and Technology,1,1,1,1,Tamil Nadu,1
1-10981275319,PPG INSTITUTE OF TECHNOLOGY,"RATHNAGIRI ROAD, SARAVANAMPATTI, COIMBATORE",COIMBATORE,Private-Self Financing,N,N,1-6032491,fetchdata,2022-2023,Engineering and Technology,1,1,1,1,Tamil Nadu,1
1-10980846048,JAYAM COLLEGE OF ENGINEERING AND TECHNOLOGY,"HOGENAKKAL FALLS MAIN ROAD, NALLANUR, DHARMAPURI",DHARMAPURI,Private-Self Financing,N,N,1-14311971,fetchdata,2022-2023,Engineering and Technology,1,1,1,1,Tamil Nadu,1
1-10981137877,VEL TECH MULTI TECH DR.RANGARAJAN DR.SAKUNTHALA ENGINEERING COLLEGE,"42,VELTECH ROAD,AVADI",THIRUVALLUR,Private-Self Financing,N,Y,1-4011594,fetchdata,2022-2023,Engineering and Technology,1,1,1,1,Tamil Nadu,1
1-10981278904,MARIA COLLEGE OF ENGINEERING AND TECHNOLOGY,ATTOOR PULIYAMOODU JUNCTION THIRUVATTAR P.O,KANYAKUMARI,Private-Self Financing,N,Y,1-5878861,fetchdata,2022-2023,Engineering and Technology,1,1,1,1,Tamil Nadu,1
1-10981281991,MADHA INSTITUTE OF ENGINEERING AND TECHNOLOGY,"IRANDAAM KATTALAI, SADHANANTHAPURAM, THANDALAM (P.O), CHENNAI - 600122",CHENNAI,Private-Self Financing,N,Y,1-17346571,fetchdata,2022-2023,Engineering and Technology,1,1,1,1,Tamil Nadu,1
1-10981282320,KAMARAJAR POLYTECHNIC COLLEGE,"1016, THIRUPPANINATHAM, ENNANAGARAM POST, CHIDAMBARAM TALUK. CUDDALORE DISTRICT, TAMILNADU.",CUDDALORE,Private-Self Financing,N,N,1-1433116641,fetchdata,2022-2023,Engineering and Technology,1,1,1,1,Tamil Nadu,1
1-10981237650,UNITED INSTITUTE OF TECHNOLOGY,"G.KOUNDAMPALAYAM, PERIYANAICKENPALAYAM",COIMBATORE,Private-Self Financing,N,N,1-3341681,fetchdata,2022-2023,Engineering and Technology,1,1,1,1,Tamil Nadu,1
1-10981238981,AMRITA COLLEGE OF ENGINEERING AND TECHNOLOGY,"SUN NAGAR, ERACHAKULAM POST, NAGERCOIL, PIN-629902",KANYAKUMARI,Private-Self Financing,N,N,1-454166791,fetchdata,2022-2023,Engineering and Technology,1,1,1,1,Tamil Nadu,1
1-10981283509,RVS COLLEGE OF ENGINEERING AND TECHNOLOGY,"KUMARAN KOTTAM CAMPUS, KANNAMPALAYAM POST, COIMBATORE.",COIMBATORE,Private-Self Financing,N,N,1-4285831,fetchdata,2022-2023,Engineering and Technology,1,1,1,1,Tamil Nadu,1
1-10981284904,DR. G.U. POPE COLLEGE OF ENGINEERING,"POPE NAGAR,  SAWYERPURAM",THOOTHUKUDI,Private-Self Financing,N,N,1-423116251,fetchdata,2022-2023,Engineering and Technology,1,1,1,1,Tamil Nadu,1
1-10981285173,SRIRAM POLYTECHNIC COLLEGE,PERUMALPATTU,THIRUVALLUR,Private-Self Financing,N,Y,1-431017001,fetchdata,2022-2023,Engineering and Technology,1,1,1,1,Tamil Nadu,1
1-10981190285,CMS COLLEGE OF ENGINEERING,"CMS NAGAR, ERANAPURAM POST,",NAMAKKAL,Private-Self Financing,N,N,1-4065001,fetchdata,2022-2023,Engineering and Technology,1,1,1,1,Tamil Nadu,1
1-10981193806,VELUDAIYAR POLYTECHNIC COLLEGE,"PAVUKKARA ST, NEW ROAD, AMMAIYAPPAN, KODAVASAL TK",THIRUVARUR,Private-Self Financing,N,N,1-450152041,fetchdata,2022-2023,Engineering and Technology,1,1,1,1,Tamil Nadu,1
1-10981286444,SATYAM COLLEGE OF ENGINEERING & TECHNOLOGY,"SATYAM NAGAR, KANNAPPANNALUR, ARALVOIMOZHI, KANYAKUMARI DISTRICT.",KANYAKUMARI,Private-Self Financing,N,N,1-5018761,fetchdata,2022-2023,Engineering and Technology,1,1,1,1,Tamil Nadu,1
1-10981245114,SRI KRISHNA ENGINEERING COLLEGE,PANAPAKKAM NEAR PADAPPAI VIA TAMBARAM CHENNAI - 601301,KANCHIPURAM,Private-Self Financing,N,N,1-423198001,fetchdata,2022-2023,Engineering and Technology,1,1,1,1,Tamil Nadu,1
1-10981289897,M.A.M. SCHOOL OF ENGINEERING,"TRICHY - CHENNAI TRUNK ROAD,SIRUGANUR,TIRUCHIRAPPALLI",TIRUCHIRAPPALLI,Private-Self Financing,N,N,1-6609971,fetchdata,2022-2023,Engineering and Technology,1,1,1,1,Tamil Nadu,1
1-10981155265,PANDIYAN POLYTECHNIC COLLEGE,ADHIYUR VILLAGE ELAVAMPATTI POST  SALEM ROAD TIRUPATTUR,VELLORE,Private-Self Financing,N,N,1-433821191,fetchdata,2022-2023,Engineering and Technology,1,1,1,1,Tamil Nadu,1
1-10981156793,CHENNAI INSTITUTE OF TECHNOLOGY,"PUDUPER VILLAGE,NANDAMBAKKAM(PO)",KANCHIPURAM,Private-Self Financing,N,Y,1-6324891,fetchdata,2022-2023,Engineering and Technology,1,1,1,1,Tamil Nadu,1
1-10980912481,KINGS ENGINEERING COLLEGE,IRUNGATTUKOTTAI OPP. HYUNDAI CAR COMPANY,KANCHIPURAM,Private-Self Financing,N,Y,1-413844974,fetchdata,2022-2023,Engineering and Technology,1,1,1,1,Tamil Nadu,1
1-10981158361,KA.SO.KA.POLYTECHNIC COLLEGE,"KA.SO.KA.POLYTECHNIC COLLEGE NO.115,T.PALUR ROAD, KARADIKULAM POST, UDAIYARPALAYAM TALUK, ARIYALUR DIST",ARIYALUR,Private-Self Financing,N,N,1-411390181,fetchdata,2022-2023,Engineering and Technology,1,1,1,1,Tamil Nadu,1
1-10980914206,UDAYA SCHOOL OF ENGINEERING,"UDAYA NAGAR VELLAMADI JUNCTION, AMMANDIVILAI POST, KANYAKUMARI DISTRICT, TAMIL NADU, INDIA.",KANYAKUMARI,Private-Self Financing,N,N,1-6104394,fetchdata,2022-2023,Engineering and Technology,1,1,1,1,Tamil Nadu,1
1-10980915895,JAYARAJ ANNAPACKIAM CSI COLLEGE OF ENGTINEERING,"MARGOSCHIS NAGAR, NAZARETH THOOTHUKUDI DISTRICT TAMILNADU",THOOTHUKUDI,Private-Self Financing,N,N,1-421788122,fetchdata,2022-2023,Engineering and Technology,1,1,1,1,Tamil Nadu,1
1-10980917121,THIRUVALLUVAR COLLEGE OF ENGINEERING  AND TECHNOLOGY,"ARUNACHAL CITY, PONNUR HILLS, VANDAVASI - 604 505 THIRUVANNAMALAI DISTRICT TAMILNADU",TIRUVANNAMALAI,Private-Self Financing,N,N,1-4790481,fetchdata,2022-2023,Engineering and Technology,1,1,1,1,Tamil Nadu,1
1-10981261484,JAYAMATHA ENGINEERING COLLEGE,THIRURAJAPURAM MUPPANDAL ARALVAIMOZHI,KANYAKUMARI,Private-Self Financing,N,Y,1-11931373,fetchdata,2022-2023,Engineering and Technology,1,1,1,1,Tamil Nadu,1
1-10981262764,ER. PERUMAL MANIMEKALAI COLLEGE OF ENGINEERING,"17TH KM HOSUR - KRISHNAGIRI NH7, NALLAGANAKOTHAPALLI, NEAR KONERIPALLI, HOSUR TALUK. KRISHANGIRI DISTRICT TAMILNADU PIN: 635 117",KRISHNAGIRI,Private-Self Financing,N,Y,1-2590786,fetchdata,2022-2023,Engineering and Technology,1,1,1,1,Tamil Nadu,1
1-10980961173,HINDUSTAN INSTITUTE OF ENGINEERING TECHNOLOGY  POLYTECHNIC COLLEGE,"HIET POLYTECHNIC COLLEGE NAVALUR ROAD, VELLARITHANGAL VILLAGE SEREPENANCHERY POST, SRIPERUMBADUR TALUK, KANCHEEPURAM DISTRICT - 601 301.",KANCHIPURAM,Private-Self Financing,N,Y,1-477475681,fetchdata,2022-2023,Engineering and Technology,1,1,1,1,Tamil Nadu,1
1-10981166965,IMMANUEL ARASAR JJ COLLEGE OF ENGINEERING,EDAVILAGAM NATTALAM MARTHANDAM,KANYAKUMARI,Private-Self Financing,N,Y,1-12822363,fetchdata,2022-2023,Engineering and Technology,1,1,1,1,Tamil Nadu,1
1-10981307444,A.V.C.POLYTECHNIC COLLEGE,MANNAMPANDAL-609305 MAYILADUTHURAI NAGAI DISTRICT TAMIL NADU INDIA,NAGAPATTINAM,Private-Self Financing,N,N,1-440339361,fetchdata,2022-2023,Engineering and Technology,1,1,1,1,Tamil Nadu,1
1-10981308719,N.S.N. COLLEGE OF ENGINEERING AND TECHNOLOGY,N. S. N. KALVI NAGAR KARUR-MADURAI NH-7 MANALMEDU THALAPATTI(PO),KARUR,Private-Self Financing,N,N,1-398066391,fetchdata,2022-2023,Engineering and Technology,1,1,1,1,Tamil Nadu,1
1-10980920266,SENGUNTHAR ENGINEERING COLLEGE,KOSAVAMPALAYAM KUMARAMANGALAM (PO) NAMAKKAL(DIST) 637 205,NAMAKKAL,Private-Self Financing,N,N,1-6816681,fetchdata,2022-2023,Engineering and Technology,1,1,1,1,Tamil Nadu,1
1-10980921912,NARAYANAGURU COLLEGE OF ENGINEERING,"CHITTADAVU, MANJALUMOODU VILAVANCODE TALUK, KANYAKUMARI DIST, PIN - 629151",KANYAKUMARI,Private-Self Financing,N,Y,1-6067221,fetchdata,2022-2023,Engineering and Technology,1,1,1,1,Tamil Nadu,1
1-10981027194,PSN COLLEGE OF ENGINEERING AND TECHNOLOGY,"MELATHEDIYOOR, PALAYAMKOTTAI TALUK, TIRUNELVELI DISTRICT, PINCODE - 627152",TIRUNELVELI,Private-Self Financing,N,N,1-10233347,fetchdata,2022-2023,Engineering and Technology,1,1,1,1,Tamil Nadu,1
1-10981267605,SRI RANGANATHAR INSTITUTE OF ENGINEERING AND TECHNOLOGY,"SF NO 162, ATHIPALAYAM VILLAGE, THUDIYALUR - KOVILPALAYAM ROAD, COIMBATORE 641110",COIMBATORE,Private-Self Financing,N,N,1-476020081,fetchdata,2022-2023,Engineering and Technology,1,1,1,1,Tamil Nadu,1
1-10981310563,JCT COLLEGE OF ENGINEERING AND TECHNOLOGY,"PICHANUR, COIMBATORE SOUTH TALUK, COIMBATORE - 641105.",COIMBATORE,Private-Self Financing,N,N,1-5218873,fetchdata,2022-2023,Engineering and Technology,1,1,1,1,Tamil Nadu,1
1-10980834820, SONA COLLEGE OF TECHNOLOGY,"SONA NAGAR,  THIAGARAJAR POLYTECHNIC COLLEGE ROAD,  SURAMANGALAM (PO),  SALEM DISTRICT,  TAMILNADU",SALEM,Private-Self Financing,N,N,1-14145641,fetchdata,2022-2023,Engineering and Technology,1,1,1,1,Tamil Nadu,1
1-10980922592,UNION CHRISTIAN POLYTECHNIC COLLEGE,"KUTTAICODE, MELPALAI.P.O",KANYAKUMARI,Private-Self Financing,N,N,1-456662651,fetchdata,2022-2023,Engineering and Technology,1,1,1,1,Tamil Nadu,1
1-10980924050,ARAVINDHAR POLYTECHNIC COLLEGE,POLUR TO CHENGAM ROAD KANGAINUR POST & VILLAGE,TIRUVANNAMALAI,Private-Self Financing,N,N,1-404271913,fetchdata,2022-2023,Engineering and Technology,1,1,1,1,Tamil Nadu,1
1-10981174407,SRI SHANMUGHA COLLEGE OF ENGINEERING AND TECHNOLOGY,"PULLIPALAYAM, MORUR(PO) SANKARI TALUK, SALEM DISTRICT, TAMIL NADU",SALEM,Private-Self Financing,N,N,1-458679111,fetchdata,2022-2023,Engineering and Technology,1,1,1,1,Tamil Nadu,1
1-10981268991,ST.JOSEPH'S INSTITUTE OF TECHNOLOGY,"JEPPIAAR NAGAR, OLD MAMALLAPURAM ROAD, CHENNAI-600119",KANCHIPURAM,Private-Self Financing,N,Y,1-465995545,fetchdata,2022-2023,Engineering and Technology,1,1,1,1,Tamil Nadu,1
1-10981270502,SREE VAIKUNDAR POLYTECHNIC COLLEGE,"PILLAYARPURAM, MONIKETTIPOTTAL POST",KANYAKUMARI,Private-Self Financing,N,N,1-410940821,fetchdata,2022-2023,Engineering and Technology,1,1,1,1,Tamil Nadu,1
1-10980925349,AISHWARYA COLLEGE OF ENGINEERING AND TECHNOLOGY,"ERRATTAIKARAD, PARUVACHI(PO), ANTHIYUR BHAVANI(TK), ERODE(DT)",ERODE,Private-Self Financing,N,N,1-425538501,fetchdata,2022-2023,Engineering and Technology,1,1,1,1,Tamil Nadu,1
1-10980925637,SRI NANDHANAM COLLEGE OF ENGINEERING & TECHNOLOGY,MOLAGARAMPATTI TIRUPATTUR,VELLORE,Private-Self Financing,N,Y,1-4330451,fetchdata,2022-2023,Engineering and Technology,1,1,1,1,Tamil Nadu,1
1-10980967105,PAAVAI ENGINEERING COLLEGE,"NH-7, PAAVAI NAGAR, PACHAL, NAMAKKAL PIN - 637 018 TAMILNADU",NAMAKKAL,Private-Self Financing,N,N,1-4077897,fetchdata,2022-2023,Engineering and Technology,1,1,1,1,Tamil Nadu,1
1-10976156647,VIVEKANANDHA COLLEGE OF TECHNOLOGY FOR WOMEN,"SATHINAICKENPALAYAM ELAYAMPALAYAM, TIRUCHENGODE NAMAKKAL - DT",NAMAKKAL,Private-Self Financing,Y,N,1-5112281,fetchdata,2022-2023,Engineering and Technology,1,1,1,1,Tamil Nadu,1
1-10976137144,RAMAKRISHNA MISSION POLYTECHNIC COLLEGE,"66, SIR P.S.SIVASAMI SALAI, MYLAPORE, CHENNAI",CHENNAI,Govt aided,N,N,1-430200571,fetchdata,2022-2023,Engineering and Technology,1,1,1,1,Tamil Nadu,1
1-10976160013,JAYAM POLYTECHNIC COLLEGE,"NALLANUR VILLAGE, KONANGIHALLI POST, PENNAGARAM TALUK",DHARMAPURI,Private-Self Financing,N,N,1-444208811,fetchdata,2022-2023,Engineering and Technology,1,1,1,1,Tamil Nadu,1
1-10976160238,THIRUMALAI MADHANUR POLYTECHNIC COLLEGE,"MADHANUR-AGARAM ROAD,THIRUMALAIKUPPAM VILLAGE, PALUR POST",VELLORE,Private-Self Financing,N,N,1-455503501,fetchdata,2022-2023,Engineering and Technology,1,1,1,1,Tamil Nadu,1
1-10976140228,M.S.P.VELAYUTHA NADAR LAKSHMI THAIAMMAL POLYTECHNIC COLLEGE,"50/2 PAVOORCHATRAM, [AT] SIVAGAMIPURAM, ALANGULAM TAULK.",TIRUNELVELI,Private-Self Financing,N,N,1-407024373,fetchdata,2022-2023,Engineering and Technology,1,1,1,1,Tamil Nadu,1
1-10976140595,ST. JOSEPH POLYTECHNIC COLLEGE,"VELANTHAVALAM ROAD, VEERAPPANUR, COIMBATORE",COIMBATORE,Private-Self Financing,N,N,1-463879121,fetchdata,2022-2023,Engineering and Technology,1,1,1,1,Tamil Nadu,1
1-10976161581,FACULTY OF ENGINEERING AND TECHNOLOGY,ANNAMALAI UNIVERSITY ANNAMALAINAGAR,CUDDALORE,State Government University,N,N,1-2870850431,fetchdata,2022-2023,Engineering and Technology,1,1,1,1,Tamil Nadu,1
1-10976163639,A.D.J.DHARMAMBAL POLYTECHNIC COLLEGE,"NAGORE MAIN ROAD,  KADAMBADI, NAGAPATTINAM",NAGAPATTINAM,Govt aided,N,N,1-411302291,fetchdata,2022-2023,Engineering and Technology,1,1,1,1,Tamil Nadu,1
1-10976186914,PAAVAI POLYTECHNIC COLLEGE,"NH - 7, PAAVAI NAGAR, PACHAL",NAMAKKAL,Private-Self Financing,N,N,1-429457251,fetchdata,2022-2023,Engineering and Technology,1,1,1,1,Tamil Nadu,1
1-10976187246,MARUTHI POLYTECHNIC COLLEGE,MANIVIZHUNDAN SOUTH POST ATTUR-636121,SALEM,Private-Self Financing,N,N,1-429826871,fetchdata,2022-2023,Engineering and Technology,1,1,1,1,Tamil Nadu,1
1-10976143116,GLOBAL INSTITUTE OF ENGINEERING AND TECHNOLOGY,"257/1 BANGALORE-CHENNAI HIGHWAY, MELVISHARAM VELLORE - 632509 TAMIL NADU",VELLORE,Private-Self Financing,N,N,1-8097021,fetchdata,2022-2023,Engineering and Technology,1,1,1,1,Tamil Nadu,1
1-10976165233,PANIMALAR ENGINEERING COLLEGE CHENNAI CITY CAMPUS,"23, RAILWAY COLONY II STREET, NELSON MANICKAM ROAD, CHENNAI.",CHENNAI,Private-Self Financing,N,N,1-720615521,fetchdata,2022-2023,Engineering and Technology,1,1,1,1,Tamil Nadu,1
1-10976168359,M.M POLYTECHNIC COLLEGE,"SEVANTHAMPATTI, THUVARANKURICHI, MANAPPARAI(TK), TRICHY(DT).",TIRUCHIRAPPALLI,Private-Self Financing,N,N,1-467275591,fetchdata,2022-2023,Engineering and Technology,1,1,1,1,Tamil Nadu,1
1-10976150071,VELAMMAL COLLEGE OF ENGINEERING & TECHNOLOGY,"VELAMMAL NAGAR, VIRAGANOOR, MADURAI",MADURAI,Private-Self Financing,N,N,1-8119871,fetchdata,2022-2023,Engineering and Technology,1,1,1,1,Tamil Nadu,1
1-10976171167,R.V.S.COLLEGE OF ENGINEERING,RVS NAGAR KARUR ROAD N. PARAIPATTI POST,DINDIGUL,Private-Self Financing,N,N,1-5793836,fetchdata,2022-2023,Engineering and Technology,1,1,1,1,Tamil Nadu,1
1-10982536388,ARM COLLEGE OF ENGINEERING AND TECHNOLOGY,"SATTAMANGALAM, MARAIMALAI NAGAR, CHENGALPET TK. KANCHIPURAM DIST.",KANCHIPURAM,Private-Self Financing,N,N,1-9656461,fetchdata,2022-2023,Engineering and Technology,1,1,1,1,Tamil Nadu,1
1-10982541381,MNSK POLYTECHNIC COLLEGE,"VALLATHIRAKKOTTAI POST. ALANGUDI TALUK, PUDUKKOTTAI",PUDUKKOTTAI,Private-Self Financing,N,N,1-475613401,fetchdata,2022-2023,Engineering and Technology,1,1,1,1,Tamil Nadu,1
1-10976176160,SRI BALAMURUGAN POLYTECHNIC COLLEGE,"UDUMALAI  ROAD, THALAIYUTHU ,PALANI",DINDIGUL,Private-Self Financing,N,N,1-449520751,fetchdata,2022-2023,Engineering and Technology,1,1,1,1,Tamil Nadu,1
1-10976057552,BANNARI AMMAN INSTITUTE OF TECHNOLOGY,SATHY-BHAVANI STATE HIGHWAY ALATHUKOMBAI-POST SATHYAMANGALAM-638401 ERODE DISTRICT TAMIL NADU,ERODE,Private-Self Financing,N,N,1-5146256,fetchdata,2022-2023,Engineering and Technology,1,1,1,1,Tamil Nadu,1
1-10975935212,VIVEKANANDHA COLLEGE OF ENGINEERING FOR WOMEN,"VIVEKANANDHA COLLEGE ENGINEERING FOR WOMEN, SATHIYANAICKENPALAYAM  VILLAGE, ELAYAMPALAYAM, TIRUCHENGODE, NAMAKKAL - DT.",NAMAKKAL,Private-Self Financing,Y,N,1-5126364,fetchdata,2022-2023,Engineering and Technology,1,1,1,1,Tamil Nadu,1
1-10975982679,P.A.C. RAMASAMY RAJA POLYTECHNIC COLLEGE,K.R. NAGAR POST,VIRUDHUNAGAR,Govt aided,N,N,1-429469401,fetchdata,2022-2023,Engineering and Technology,1,1,1,1,Tamil Nadu,1
1-10976030270,ANNAI MATHAMMAL SHEELA ENGINEERING COLLEGE,ERUMAPATTY POST NAMAKKAL DISTRICT,NAMAKKAL,Private-Self Financing,N,Y,1-12612941,fetchdata,2022-2023,Engineering and Technology,1,1,1,1,Tamil Nadu,1
1-10976096886,DPC POLYTECHNIC COLLEGE,CHETTIAR KADAI BUS STOP PAGALPATTI-PO SALEM-DT,SALEM,Private-Self Financing,N,N,1-437352431,fetchdata,2022-2023,Engineering and Technology,1,1,1,1,Tamil Nadu,1
1-10975954095,KINGSTON ENGINEERING COLLEGE,"CHITTOOR MAIN ROAD, CHRISTIANPET VILLAGE, METTUKULAM PANCHAYAT, KATPADI TALUK",VELLORE,Private-Self Financing,N,N,1-4234205,fetchdata,2022-2023,Engineering and Technology,1,1,1,1,Tamil Nadu,1
1-10975985903,GOVERNMENT POLYTECHNIC COLLEGE,"PATTUKOTTAI ROAD, PUDUPATTI VILLAGE, GANDHARVAKOTTAI TK, PUDUKOTTAI DISTRICT",PUDUKKOTTAI,Government,N,N,1-2074187531,fetchdata,2022-2023,Engineering and Technology,1,1,1,1,Tamil Nadu,1
1-10976084469,MEENAKSHI SUNDARARAJAN ENGINEERING COLLEGE,"C/O I.I.E.T SOCIETY NO.363, ARCOT ROAD, KODAMBAKKAM,             CHENNAI - 600024 TAMIL NADU",CHENNAI,Private-Self Financing,N,N,1-6312054,fetchdata,2022-2023,Engineering and Technology,1,1,1,1,Tamil Nadu,1
1-10975926105,PET POLYTECHNIC COLLEGE,"TIRUCHENDUR ROAD,VALLIOOR-627117,TIRUNELVELI DISTRICT,TAMIL NADU,INDIA.",TIRUNELVELI,Private-Self Financing,N,Y,1-474065941,fetchdata,2022-2023,Engineering and Technology,1,1,1,1,Tamil Nadu,1
1-10975926442,UNNAMALAI INSTITUTE OF TECHNOLOGY,"SUBA NAGAR, AYYANERI POST, KOVILPATTI, THOOTHUKUDI DISTRICT",THOOTHUKUDI,Private-Self Financing,N,N,1-4092411,fetchdata,2022-2023,Engineering and Technology,1,1,1,1,Tamil Nadu,1
1-10976066338,SAVEETHA ENGINEERING COLLEGE,SAVEETHA NAGAR THANDALAM POST SRIPERUMBUDUR TALUK KANCHEEPURAM DISTRICT PIN CODE 602 105,KANCHIPURAM,Private-Self Financing,N,N,1-6943529,fetchdata,2022-2023,Engineering and Technology,1,1,1,1,Tamil Nadu,1
1-10974652229,"GOVERNMENT POLYTECHNIC COLLEGE, JOLARPET",AGRAHARAM VILLAGE JOLARPET 635651,VELLORE,Government,N,N,1-2067780361,fetchdata,2022-2023,Engineering and Technology,1,1,1,1,Tamil Nadu,1
1-10974712433,SELVAM COLLEGE OF TECHNOLOGY,"SELVAM COLLEGE OF TECHNOLOGY, PONNUSAMY NAGAR, PAPPINAICKENPATTI, SALEM ROAD - NH-7, NAMAKKAL",NAMAKKAL,Private-Self Financing,N,N,1-4579266,fetchdata,2022-2023,Engineering and Technology,1,1,1,1,Tamil Nadu,1
1-10974753246,ANNAI VAILANKANNI COLLEGE OF ENGINEERING,"AVK NAGAR, POTHAIYADISALAI POTTALKULAM AZHAGAPPAPURAM.P.O KANYA KUMARI DISTRICT - 629401. TAMIL NADU",KANYAKUMARI,Private-Self Financing,N,Y,1-6150161,fetchdata,2022-2023,Engineering and Technology,1,1,1,1,Tamil Nadu,1
1-10974774890,NPA CENTENARY POLYTECHNIC COLLEGE,SAKTHI MALAI ROAD,NILGIRIS,Govt aided,N,N,1-413241061,fetchdata,2022-2023,Engineering and Technology,1,1,1,1,Tamil Nadu,1
1-10974775210,NETHAJI SUBASH CHANDRA BOSE POLYTECHNIC COLLEGE,"NSC BOSE COLLEGE CAMPUS,SENTHAMANGALAM,TIRUVARUR - 610001",THIRUVARUR,Private-Self Financing,N,N,1-454565561,fetchdata,2022-2023,Engineering and Technology,1,1,1,1,Tamil Nadu,1
1-10974595780,KURINJI COLLEGE OF ENGINEERING AND TECHNOLOGY,VENGAIKURICHI VILLAGE MALAIYADIPATTI POST MANAPPARAI  TIRUCHIRAPPALLI - 621307,TIRUCHIRAPPALLI,Private-Self Financing,N,N,1-3282934,fetchdata,2022-2023,Engineering and Technology,1,1,1,1,Tamil Nadu,1
1-10974611256,PGP POLYTECHNIC COLLEGE,"PGP COLLEGE CAMPUS, NH-7, KARUR MAIN ROAD, VILLIPALAYAM",NAMAKKAL,Private-Self Financing,N,N,1-478375891,fetchdata,2022-2023,Engineering and Technology,1,1,1,1,Tamil Nadu,1
1-10974612598,MEENAAKSHI RAMASAMY POLYTECHNIC COLLEGE,"M.R KALVI NAGAR,TRICHY MAIN ROAD,THATHANUR(PO),UDAYARPALAYAM(TK),ARIYALUR(DT)621804",ARIYALUR,Private-Self Financing,N,N,1-439833891,fetchdata,2022-2023,Engineering and Technology,1,1,1,1,Tamil Nadu,1
1-10974671732,RAJAJI INSTITUTE OF TECHNOLOGY,"PERIA SEERAGAPADI (B.O), VEERAPANDI (VIA), SALEM",SALEM,Private-Self Financing,N,N,1-479388911,fetchdata,2022-2023,Engineering and Technology,1,1,1,1,Tamil Nadu,1
1-10974694520,CHERAN COLLEGE OF ENGINEERING,"CHERAN NAGAR, KARUR-COIMBATORE NH 67, ARAVAKURICHI TALUK, K. PARAMATHI VILLAGE, KARUR DISTRICT - 639111",KARUR,Private-Self Financing,N,N,1-769736991,fetchdata,2022-2023,Engineering and Technology,1,1,1,1,Tamil Nadu,1
1-10974714131,J.K.K.NATRAJA COLLEGE OF ENGINEERING & TECHNOLOGY,"NATARAJAPURAM, NH-47 (SALEM TO COIMBATORE), KOMARAPALAYAM - 638 183. NAMAKKAL DT. TAMIL NADU.",NAMAKKAL,Private-Self Financing,N,N,1-8323181,fetchdata,2022-2023,Engineering and Technology,1,1,1,1,Tamil Nadu,1
1-10974715741,KRISHNASAMY MEMORIAL POLYTECHNIC COLLEGE,"NELLIKUPPAM HIGH ROAD, S.KUMARAPURAM, CUDDALORE  607 109",CUDDALORE,Private-Self Financing,N,Y,1-430154931,fetchdata,2022-2023,Engineering and Technology,1,1,1,1,Tamil Nadu,1
1-10974754837,KOTTAI MARIYAMMAN POLYTECHNIC COLLEGE,"MINNAMPALLI(PO), KARIPATTI(VIA), SALEM",SALEM,Private-Self Financing,N,N,1-457708191,fetchdata,2022-2023,Engineering and Technology,1,1,1,1,Tamil Nadu,1
1-10974776758,NACHIMUTHU POLYTECHNIC COLLEGE,UDUMALAI ROAD MAKKINAICKENPATTI POST,COIMBATORE,Govt aided,N,N,1-407397711,fetchdata,2022-2023,Engineering and Technology,1,1,1,1,Tamil Nadu,1
1-10974817395,BHARATH NIKETAN POLYTECHNIC COLLEGE,"SRI GOWRI NAGAR,",THENI,Private-Self Financing,N,N,1-424764191,fetchdata,2022-2023,Engineering and Technology,1,1,1,1,Tamil Nadu,1
1-10974564019,ADITHYA INSTITUTE OF TECHNOLOGY,"SF NO. 348/1, 349/1, KURUMBAPALAYAM VILLAGE, SS KULUM POST, COIMBATORE",COIMBATORE,Private-Self Financing,N,N,1-2013051,fetchdata,2022-2023,Engineering and Technology,1,1,1,1,Tamil Nadu,1
1-10974581373,SUN COLLEGE OF ENGINEERING AND TECHNOLOGY,"UDAYA NAGAR, AMMANDIVILAI & POST",KANYAKUMARI,Private-Self Financing,N,N,1-427026111,fetchdata,2022-2023,Engineering and Technology,1,1,1,1,Tamil Nadu,1
1-10974597144,A.R.ENGINEERING COLLEGE,"VADAKUCHIPALAYAM,  KAPPIYAMPULIYUR POST, VILLUPURAM-605 601, TAMIL NADU, INDIA.",VILUPPURAM,Private-Self Financing,N,N,1-4168991,fetchdata,2022-2023,Engineering and Technology,1,1,1,1,Tamil Nadu,1
1-10974597384,GOVERNMENT POLYTECHNIC COLLEGE,CHENNAI ROAD,KRISHNAGIRI,Government,N,N,1-475703651,fetchdata,2022-2023,Engineering and Technology,1,1,1,1,Tamil Nadu,1
1-10974612836,SRI VENKATESWARA COLLEGE OF ENGINEERING,"POST BAG NO 3, PENNALUR, SRIPERUMBUDUR, TAMIL NADU PIN - 602 105",KANCHIPURAM,Private-Self Financing,N,Y,1-2492131,fetchdata,2022-2023,Engineering and Technology,1,1,1,1,Tamil Nadu,1
1-10974616582,KPR INSTITUTE OF ENGINEERING AND TECHNOLOGY,"SF: 204/2 & 204/4, KOLLUPALAYAM VILLAGE, ARASUR PANCHAYAT, COIMBATORE - 641 407",COIMBATORE,Private-Self Financing,N,N,1-2828971,fetchdata,2022-2023,Engineering and Technology,1,1,1,1,Tamil Nadu,1
1-10974779587,ANNAI COLLEGE OF ENGINEERING & TECHNOLOGY,"ANAKUDI ROAD, KOVILACHERI, KUMBAKONAM, THANJAVUR - DISTRICT, TAMIL NADU",THANJAVUR,Private-Self Financing,N,Y,1-11237794,fetchdata,2022-2023,Engineering and Technology,1,1,1,1,Tamil Nadu,1
1-10974835023,MUTHAYAMMAL POLYTECHNIC INSTITUTION,"ATTUR MAIN ROAD, KAKKAVERI (PO) RASIPURAM TK, NAMAKKAL DT.TAMILNADU",NAMAKKAL,Private-Self Financing,N,N,1-467566801,fetchdata,2022-2023,Engineering and Technology,1,1,1,1,Tamil Nadu,1
1-10974565933,GMS-MAVMM POLYTECHNIC COLLEGE,"ALAGARKOVIL, MADURAI.",MADURAI,Private-Self Financing,N,N,1-457465291,fetchdata,2022-2023,Engineering and Technology,1,1,1,1,Tamil Nadu,1
1-10974617235,SAPTHAGIRI  COLLEGE OF ENGINEERING,"N H - 7  KRISHNAGIRI MAIN ROAD, PALACODE  TALUK PERIYANAHALLI  VILLAGE & POST DHARMAPURI DISTRICT PIN CODE :  635 205 TAMIL NADU INDIA",DHARMAPURI,Private-Self Financing,N,N,1-492879031,fetchdata,2022-2023,Engineering and Technology,1,1,1,1,Tamil Nadu,1
1-10974618553,"MASS POLYTECHNIC COLLEGE, KUMBAKONAM","CHENNAI SALAI, KALLAPULIYUR VILLAGE, KUMBAKONAM",THANJAVUR,Private-Self Financing,N,N,1-451567391,fetchdata,2022-2023,Engineering and Technology,1,1,1,1,Tamil Nadu,1
1-10974658547,"GOVERNMENT COLLEGE OF ENGINEERING, SRIRANGAM","SETHURAPPATTI VLLAGE, SRIRANGAM TALUK TIRUCHIRAPPALLI",TIRUCHIRAPPALLI,Government,N,N,1-2479273831,fetchdata,2022-2023,Engineering and Technology,1,1,1,1,Tamil Nadu,1
1-10974819363,INSTITUTE OF ROAD TRANSPORT POLYTECHNIC COLLEGE(BARGUR),"CHENNAI-BENGALURU NATIONAL HIGHWAYS, ORAPPAM POST, ELATHAGIRI (VIA), KRISHNAGIRI TK.",KRISHNAGIRI,Private-Self Financing,N,N,1-487083191,fetchdata,2022-2023,Engineering and Technology,1,1,1,1,Tamil Nadu,1
1-10974567821,ST.MARIAM POLYTECHNIC COLLEGE,"SIVALARKULAM VILLAGE, MARANTHA POST, ALANGULAM TALUK, TIRUNELVELI DIST",TIRUNELVELI,Private-Self Financing,N,N,1-455746771,fetchdata,2022-2023,Engineering and Technology,1,1,1,1,Tamil Nadu,1
1-10974642407,"GOVERNMENT COLLEGE OF ENGINEERING, TIRUNELVELI","THE PRINCIPAL, GOVERNMENT COLLEGE OF ENGINEERING, TIRUNELVELI",TIRUNELVELI,Government,N,N,1-423131932,fetchdata,2022-2023,Engineering and Technology,1,1,1,1,Tamil Nadu,1
1-10974660248,KMV POLYTECHNIC COLLEGE,"NH-7,BANGALORE MAIN ROAD MELUMALAI VILLAGE HOSUR TALUK KRISHNAGIRI DISTRICT, 635115",KRISHNAGIRI,Private-Self Financing,N,N,1-434044821,fetchdata,2022-2023,Engineering and Technology,1,1,1,1,Tamil Nadu,1
1-10974676387,MAHATH AMMA POLYTECHNIC COLLEGE,"ANNAVASAL ROAD,ARIYUR,PUDUKKOTTAI",PUDUKKOTTAI,Private-Self Financing,N,N,1-513913311,fetchdata,2022-2023,Engineering and Technology,1,1,1,1,Tamil Nadu,1
1-10974742149,ARIFA INSTITUTE OF TECHNOLOGY,"ESANOOR, KEELAIYUR-PO THIRUKKUVALAI -TK NAGAPATTINAM -DT",NAGAPATTINAM,Private-Self Financing,N,N,1-1490035851,fetchdata,2022-2023,Engineering and Technology,1,1,1,1,Tamil Nadu,1
1-10974743432,INSTITUTE OF TOOL ENGINEERING,"S.R.MILLS ROAD, NEAR SIDCO INDUSTRIAL ESTATE,",DINDIGUL,Government,N,N,1-512465051,fetchdata,2022-2023,Engineering and Technology,1,1,1,1,Tamil Nadu,1
1-10974661633,ERODE KONGU COLLEGE OF POLYTECHNIC,VELEVA GARDEN CHENNIMALAI ROAD GNANIPALAYAM (POST),ERODE,Private-Self Financing,N,N,1-445516531,fetchdata,2022-2023,Engineering and Technology,1,1,1,1,Tamil Nadu,1
1-10974677875,AMRITA POLYTECHNIC COLLEGE,SUN NAGAR ERACHAKULAM,KANYAKUMARI,Private-Self Financing,N,N,1-444205261,fetchdata,2022-2023,Engineering and Technology,1,1,1,1,Tamil Nadu,1
1-10974723648,"GOVERNMENT POLYTECHNIC COLLEGE, AUNDIPATTI - 625517.","TEKKAMPATTI, AUNDIPATTI - 625517",THENI,Government,N,N,1-2066317801,fetchdata,2022-2023,Engineering and Technology,1,1,1,1,Tamil Nadu,1
1-10974784623,SRI VENKATESWARA POLYTECHNIC COLLEGE,"NEXT TO GOVT.MEDICAL COLLEGE & HOSPITAL. ADUKKAMPARAI, VELLORE -632011",VELLORE,Private-Self Financing,N,N,1-464388321,fetchdata,2022-2023,Engineering and Technology,1,1,1,1,Tamil Nadu,1
1-10974784887,PSN POLYTECHNIC COLLEGE,"MELATHEDIYOOR, PALAYAMKOTAI TK, TIRUNELVELI DT, PINCODE - 627152",TIRUNELVELI,Private-Self Financing,N,N,1-498030456,fetchdata,2022-2023,Engineering and Technology,1,1,1,1,Tamil Nadu,1
1-10974804456,M.S.POLYTECHNIC COLLEGE,"KURUNTHIRAKOTTAI ROAD, RAJENDRAPURAM VILLAGE, ARANTHANGI TALUK, PUDUKOTTAI DISTRICT -614 624",PUDUKKOTTAI,Private-Self Financing,N,N,1-2082325841,fetchdata,2022-2023,Engineering and Technology,1,1,1,1,Tamil Nadu,1
1-10974804623,CENTRAL POLYTECHNIC COLLEGE,"CIT CAMPUS,  THARAMANI",CHENNAI,Government,N,N,1-453814511,fetchdata,2022-2023,Engineering and Technology,1,1,1,1,Tamil Nadu,1
1-10974412912,RAASI POLYTECHNIC COLLEGE,"68/2, ATTUR MAIN ROAD, AAYILPATTY (POST), RASIPURAM (TK), NAMAKKAL (DT.)",NAMAKKAL,Private-Self Financing,N,N,1-426093581,fetchdata,2022-2023,Engineering and Technology,1,1,1,1,Tamil Nadu,1
1-10974438985,P.S.V.POLYTECHNIC COLLEGE,"MITTAPALLI ( VILLAGE), BALINAYANAPALLI (POST), KRISHNAGIRI (DISTRICT) PIN CODE: 635 108.",KRISHNAGIRI,Private-Self Financing,N,N,1-1349697224,fetchdata,2022-2023,Engineering and Technology,1,1,1,1,Tamil Nadu,1
1-10974440222,VAIGAI COLLEGE OF ENGINEERING,"THERKUTHERU, MELUR TALUK, MADURAI",MADURAI,Private-Self Financing,N,N,1-789295801,fetchdata,2022-2023,Engineering and Technology,1,1,1,1,Tamil Nadu,1
1-10974453690,BHARATHIYAR CENTENARY MEMORIAL GOVT WOMEN'S POLYTECHNIC COLLEGE,BHARATHIAR CENTENARY MEMORIAL GOVERNMENT WOMEN'S POLYTECHNIC COLLEGE ETTAYAPURAM THOOTHUKUDI(DT) 628902,THOOTHUKUDI,Government,Y,N,1-476504581,fetchdata,2022-2023,Engineering and Technology,1,1,1,1,Tamil Nadu,1
1-10974510130,SRI SAI RANGANATHAN ENGINEERING COLLEGE,"VIRALIYUR (PO),THONDAMUTHUR (VIA), COIMBATORE-641 109, TAMILNADU.",COIMBATORE,Private-Self Financing,N,N,1-11104730,fetchdata,2022-2023,Engineering and Technology,1,1,1,1,Tamil Nadu,1
1-10974511496,NANJIAH LINGAMMAL POLYTECHNIC COLLEGE,"SIRUMUGAI ROAD, METTUPALAYAM",COIMBATORE,Private-Self Financing,N,N,1-440229621,fetchdata,2022-2023,Engineering and Technology,1,1,1,1,Tamil Nadu,1
1-10974511961,ACHARYA POLYTECHNIC COLLEGE,"MEIKKAL REDDIYUR, VELLARI VELLI (PO), POOLAMPATTI MAIN ROAD, EDAPPADI (TK), SALEM(DT), TAMILNADU - 637101",SALEM,Private-Self Financing,N,N,1-450459671,fetchdata,2022-2023,Engineering and Technology,1,1,1,1,Tamil Nadu,1
1-10974526758,GOVERNMENT POLYTECHNIC COLLEGE,"A.KARUMANDICELLIPALAYAM,  PERUNDURAI",ERODE,Government,N,N,1-2064024291,fetchdata,2022-2023,Engineering and Technology,1,1,1,1,Tamil Nadu,1
1-10974414175,SRI THIAGARAJAR POLYTECHNIC COLLEGE,"LAKSHMI NAGAR, VALAPPADY (PO), VALAPPADY (TK).",SALEM,Private-Self Financing,N,N,1-439939011,fetchdata,2022-2023,Engineering and Technology,1,1,1,1,Tamil Nadu,1
1-10974415721,GOVERNMENT POLYTECHNIC COLLEGE.,"KANDACHIPURAM MAIN ROAD, ARAGANDANALLUR, TIRUKOVILUR(TALUK), VILUPPURAM.",VILUPPURAM,Government,N,N,1-465223073,fetchdata,2022-2023,Engineering and Technology,1,1,1,1,Tamil Nadu,1
1-10974453920,GOVERNMENT POLYTECHNIC COLLEGE,"GOVERNMENT POLYTECHNIC COLLEGE, KELAMANGALAM, BODICHIPALLI VILL, DENKANIKOTTAI TK, KRISHNAGIRI -635113",KRISHNAGIRI,Government,N,N,1-2853630161,fetchdata,2022-2023,Engineering and Technology,1,1,1,1,Tamil Nadu,1
1-10974498773,BHARATHPOLYTECHNICCOLLEGE,"AGARAM THEN ROAD, PUTHUR, THIRUVANCHERY, SELAIYUR",KANCHIPURAM,Private-Self Financing,N,N,1-404392831,fetchdata,2022-2023,Engineering and Technology,1,1,1,1,Tamil Nadu,1
1-10974350311,MAHARAJA POLYTECHNIC COLLEGE,"ARALIPATTI VILAKKU,THIRUPPATHUR-DINDIGUL MAIN ROAD,",SIVAGANGA,Private-Self Financing,N,N,1-488757261,fetchdata,2022-2023,Engineering and Technology,1,1,1,1,Tamil Nadu,1
1-10974350657,KATHIR COLLEGE OF ENGINEERING,"WISDOM TREE, AVINASHI ROAD, NEELAMBUR, COIMBATORE - 641 062",COIMBATORE,Private-Self Financing,N,N,1-2389972,fetchdata,2022-2023,Engineering and Technology,1,1,1,1,Tamil Nadu,1
1-10974390548,GANAPATHY CHETTIAR COLLEGE OF ENGINEERING AND TECHNOLOGY,MELAKAVANUR(PO) PARAMAKUDI RAMANATHAPURAM(DIST) TAMILNADU,RAMANATHAPURAM,Private-Self Financing,N,N,1-33257691,fetchdata,2022-2023,Engineering and Technology,1,1,1,1,Tamil Nadu,1
1-10974443697,VELAMMAL INSTITUTE OF TECHNOLOGY,CHENNAI - KOLKATTA HIGH WAY PANCHEETI VILLAGE PONNERI TALUK THIRUVALLUR DISTRICT PIN 601 204,THIRUVALLUR,Private-Self Financing,N,N,1-6111471,fetchdata,2022-2023,Engineering and Technology,1,1,1,1,Tamil Nadu,1
1-10974486921,HINDUSTHAN INSTITUTE OF TECHNOLOGY,OTHAKKALMANDAPAM COIMBATORE,COIMBATORE,Private-Self Financing,N,N,1-4294141,fetchdata,2022-2023,Engineering and Technology,1,1,1,1,Tamil Nadu,1
1-10974501596,GOVERNMENT POLYTECHNIC COLLEGE,SUBBARAYAN  MAIN ROAD NAMMALWARPET CHENNAI,CHENNAI,Government,N,N,1-501927801,fetchdata,2022-2023,Engineering and Technology,1,1,1,1,Tamil Nadu,1
1-10974378844,KARTHIKEYA POLYTECHNIC COLLEGE,"KANNUDAYANPATTY VILLAGE,MUTHAPUDAYANPATTY POST",TIRUCHIRAPPALLI,Private-Self Financing,N,N,1-460724841,fetchdata,2022-2023,Engineering and Technology,1,1,1,1,Tamil Nadu,1
1-10974503035,INDIAN INSTITUTE OF HANDLOOM TECHNOLOGY,FOULKES COMPUND  THILLAI NAGAR  SALEM,SALEM,Government,N,N,1-2501353871,fetchdata,2022-2023,Engineering and Technology,1,1,1,1,Tamil Nadu,1
1-10974534673,CHOLAN INSTITUTE OF TECHNOLOGY,16 SEMBARAMBAKKAM KARAI POST,KANCHIPURAM,Private-Self Financing,N,N,1-444197801,fetchdata,2022-2023,Engineering and Technology,1,1,1,1,Tamil Nadu,1
1-10974546509,MARUTAM NELLI POLYTECHNIC COLLEGE,"2/1. AGRI THOTTAM, PALLAPATTY, NATHATAHALLI, DHARMAPURI-636803",DHARMAPURI,Private-Self Financing,N,N,1-478268271,fetchdata,2022-2023,Engineering and Technology,1,1,1,1,Tamil Nadu,1
1-10974353713,ARASU ENGINEERING COLLEGE,"CHENNAI MAIN ROAD THIRUVISANALLUR - VILLAGE, KUMBAKONAM-612501, THIRUVIDAIMARUTHUR - TALUK",THANJAVUR,Private-Self Financing,N,N,1-3930101,fetchdata,2022-2023,Engineering and Technology,1,1,1,1,Tamil Nadu,1
1-10974461749,MUSIRI INSTITUTE OF TECHNOLOGY,"ANNAI NAGAR, M.PUDUPATTI(PO), THURAIYUR MAIN ROAD, MUSIRI - (TK) TRICHY - (DT)",TIRUCHIRAPPALLI,Private-Self Financing,N,N,1-445667701,fetchdata,2022-2023,Engineering and Technology,1,1,1,1,Tamil Nadu,1
1-10974463018,ARASAN GANESAN POLYTECHNIC COLLEGE,"VIRUDHUNAGAR MAIN ROAD, ANAIKUTTAM (PO)",VIRUDHUNAGAR,Govt aided,N,N,1-449922153,fetchdata,2022-2023,Engineering and Technology,1,1,1,1,Tamil Nadu,1
1-10974474295,SRI VENKATESWARA COLLEGE OF ENGINEEIRNG & TECHNOLOGY,THIRUPACHUR THIRUVALLUR TALUK AND DISTRICT,THIRUVALLUR,Private-Self Financing,N,Y,1-447612612,fetchdata,2022-2023,Engineering and Technology,1,1,1,1,Tamil Nadu,1
1-10974474942,S.A.RAJAS POLYTECHNIC COLLEGE,RAJA NAGAR VADAKKANGULAM TIRUNELVELI DIST,TIRUNELVELI,Private-Self Financing,N,N,1-467250051,fetchdata,2022-2023,Engineering and Technology,1,1,1,1,Tamil Nadu,1
1-10974519661,SRI MOOGAMBIGAI POLYTECHNIC COLLEGE,"HOSUR MAIN ROAD,MADHAMPATTI, NEAR VELLICHANDHAI, DHANDUKARANAHALLI- POST",DHARMAPURI,Private-Self Financing,N,N,1-423179251,fetchdata,2022-2023,Engineering and Technology,1,1,1,1,Tamil Nadu,1
1-10974534882,G.P.POLYTECHNIC COLLEGE,"VANIYAMBADI ROAD, SALAI NAGAR TIRUPATTUR",VELLORE,Private-Self Financing,N,N,1-513982421,fetchdata,2022-2023,Engineering and Technology,1,1,1,1,Tamil Nadu,1
1-10974536685,THENI KAMMAVAR SANGAM POLYTECHNIC COLLEGE,KAMMAVAR NAGAR KODUVILARPATTI THENI,THENI,Private-Self Financing,N,N,1-425578823,fetchdata,2022-2023,Engineering and Technology,1,1,1,1,Tamil Nadu,1
1-10974381564,P.T.LEE CHENGALVARAYA NAICKER POLYTECHNIC COLLEGE,"P.T.LEE CHENGALVARAYA NAICKER POLYTECHNIC COLLEGE, 2&3,E.V.K SAMPATH SALAI, VEPERY,CHENNAI -600007",CHENNAI,Govt aided,N,N,1-425577831,fetchdata,2022-2023,Engineering and Technology,1,1,1,1,Tamil Nadu,1
1-10974463319,PGP COLLEGE OF ENGINEERING AND TECHNOLOGY,"NH 7, NAMAKKAL - KARUR MAIN ROAD, PARAMATHI VELUR, NAMAKKAL.",NAMAKKAL,Private-Self Financing,N,N,1-6240341,fetchdata,2022-2023,Engineering and Technology,1,1,1,1,Tamil Nadu,1
1-10974464866,GOVERNMENT POLYTECHNIC COLLEGE,THENI MAIN ROAD CHEKKANURANI,MADURAI,Government,N,N,1-2082797321,fetchdata,2022-2023,Engineering and Technology,1,1,1,1,Tamil Nadu,1
1-10974476260,ADIPARASAKTHI POLYTECHNIC COLLEGE,"ERUMIYAMPATTI-VILLAGE KOKKARAPATTI-PO PAPPIREDDIPATTI-TK, DHARMAPURI-DT",DHARMAPURI,Private-Self Financing,N,N,1-496776521,fetchdata,2022-2023,Engineering and Technology,1,1,1,1,Tamil Nadu,1
1-10974476598,AAA COLLEGE OF ENGINEERING AND TECHNOLOGY,AMATHUR VILLAGE,VIRUDHUNAGAR,Private-Self Financing,N,N,1-1437622971,fetchdata,2022-2023,Engineering and Technology,1,1,1,1,Tamil Nadu,1
1-10974492134,ST. JOSEPH'S COLLEGE OF ENGINEERING,JEPPIAAR NAGAR OLD MAMALLAPURAM ROAD,KANCHIPURAM,Private-Self Financing,N,Y,1-434630173,fetchdata,2022-2023,Engineering and Technology,1,1,1,1,Tamil Nadu,1
1-10974521536,PSG POLYTECHNIC COLLEGE,"AVINASHI ROAD, PEELAMEDU",COIMBATORE,Govt aided,N,N,1-424095781,fetchdata,2022-2023,Engineering and Technology,1,1,1,1,Tamil Nadu,1
1-10974523032,GANADIPATHY TULSI'S JAIN ENGINEERING COLLEGE,"CHITTOOR-CUDDALORE ROAD, KANIYAMBADI, VELLORE.",VELLORE,Private-Self Financing,N,N,1-8340341,fetchdata,2022-2023,Engineering and Technology,1,1,1,1,Tamil Nadu,1
1-10974537949,GOVERNMENT COLLEGE OF ENGINEERING,"MELACHOKKNATHAPURAM VILLAGE, BODINAYAKKANUR",THENI,Government,N,N,1-2181710931,fetchdata,2022-2023,Engineering and Technology,1,1,1,1,Tamil Nadu,1
1-10973860905,SRI ADHISANKARAR POLYTECHNIC COLLEGE,"NATIONAL HIGH WAYS,NEAR RAMAR KOIL",TIRUCHIRAPPALLI,Private-Self Financing,N,N,1-458725891,fetchdata,2022-2023,Engineering and Technology,1,1,1,1,Tamil Nadu,1
1-10973878405,P.S.R.POLYTECHNIC COLLEGE,"APPAIYANAICKENPATTI, SIVAKASI TALUK, VIRUDHUNAGAR DIST - 626 140",VIRUDHUNAGAR,Private-Self Financing,N,N,1-429773891,fetchdata,2022-2023,Engineering and Technology,1,1,1,1,Tamil Nadu,1
1-10974017891,RANIPPETTAI INSTITUTE OF TECHNOLOGY,"THENKADAPANTHANGAL-632513, WALLAJAH TALUK, VELLORE DISTRICT",VELLORE,Private-Self Financing,N,N,1-444172581,fetchdata,2022-2023,Engineering and Technology,1,1,1,1,Tamil Nadu,1
1-10974075437,BETHLAHEM INSTITUTE OF ENGINEERING,NADUTHERI KARUNGAL,KANYAKUMARI,Private-Self Financing,N,Y,1-5125301,fetchdata,2022-2023,Engineering and Technology,1,1,1,1,Tamil Nadu,1
1-10974077054,KSK COLLEGE OF ENGINEERING AND TECHNOLOGY,"KSK COLLEGE OF ENGINEERING AND TECHNOLOGY, THANJAVUR MAIN ROAD,AMMAPET (VILLAGE),DHARASURAM POST, KUMBAKONAM TALUK, THANJAVUR DISTRICT, TAMILNADU.",THANJAVUR,Private-Self Financing,N,N,1-425765501,fetchdata,2022-2023,Engineering and Technology,1,1,1,1,Tamil Nadu,1
1-10974077393,JAYA COLLEGE OF ENGINEERING AND TECHNOLOGY,"POONAMALLEE BY PASS ROAD, PARIVAKKAM CHENNAI",THIRUVALLUR,Private-Self Financing,N,Y,1-5171127,fetchdata,2022-2023,Engineering and Technology,1,1,1,1,Tamil Nadu,1
1-10974078744,ST.JOSEPH'S POLYTECHNIC COLLEGE,"PAPPU NAGAR, NEAR R.M.T.C.NAGAR, REDDIAPATTI POST DINDIGUL, TAMILNADU. PIN:624003",DINDIGUL,Private-Self Financing,N,N,1-465719371,fetchdata,2022-2023,Engineering and Technology,1,1,1,1,Tamil Nadu,1
1-10974078995,CHERAN POLYTECHNIC COLLEGE,"KADACHANALLUR VILLAGE, S.P.B.COLONY POST, TIRUCHENGODE TALUK NAMAKKAL DISTRICT 638 010",NAMAKKAL,Private-Self Financing,N,N,1-451774951,fetchdata,2022-2023,Engineering and Technology,1,1,1,1,Tamil Nadu,1
1-10974130951,AGRICULTURAL ENGINEERING COLLEGE AND RESEARCH INSTITUTE,"TAMIL NADU AGRICULTURAL UNIVERSITY, LAWLEY ROAD, P.O., COIMBATORE - 641 003. TAMIL NADU",COIMBATORE,Government,N,N,1-451453421,fetchdata,2022-2023,Engineering and Technology,1,1,1,1,Tamil Nadu,1
1-10974165974,GOOD SHEPHERD COLLEGE OF ENGINEERING &,"MARUTHAMPARAI, KALIYAL VILLAGE",KANYAKUMARI,Private-Self Financing,N,N,1-3361406901,fetchdata,2022-2023,Engineering and Technology,1,1,1,1,Tamil Nadu,1
1-10974084025,FATIMA MICHAEL COLLEGE OF ENGINEERING & TECHNOLOGY,"SENKOTTAI VILLAGE, KALIMANGALAM PANCHAYAT, SIVAGANGA MAIN ROAD, MADURAI - 20",MADURAI,Private-Self Financing,N,N,1-3239294,fetchdata,2022-2023,Engineering and Technology,1,1,1,1,Tamil Nadu,1
1-10974134108,THE KARUR POLYTECHNIC COLLEGE,SANJAY NAGAR KARUR-ERODE MAIN ROAD ATHUR-POST KARUR-DISTRICT TAMIL NADU,KARUR,Private-Self Financing,N,N,1-412750281,fetchdata,2022-2023,Engineering and Technology,1,1,1,1,Tamil Nadu,1
1-10974221548,NANJAPPA POLYTECHNIC COLLEGE,"PALANISAME RAVI NAGAR, KARUMATHAMPATTI,",COIMBATORE,Private-Self Financing,N,N,1-442022621,fetchdata,2022-2023,Engineering and Technology,1,1,1,1,Tamil Nadu,1
1-10974222798,DEVANGAR POLYTECHNIC COLLEGE,D.VADIPATTI VILLAGE PERIYAKULAM TALUK THENI DISTRICT TAMILNADU PIN 625602,THENI,Private-Self Financing,N,N,1-449988231,fetchdata,2022-2023,Engineering and Technology,1,1,1,1,Tamil Nadu,1
1-10974223032,SRI MAHALAKSHMI POLYTECHNIC COLLEGE,"VAIRANKUPPAM, SEMMANKUPPAM VILLAGE, POONDIYANKUPPAM POST, CUDDALORE",CUDDALORE,Private-Self Financing,N,N,1-459828611,fetchdata,2022-2023,Engineering and Technology,1,1,1,1,Tamil Nadu,1
1-10974085665,LOYOLA-ICAM COLLEGE OF ENGINEERING AND TECHNOLOGY,LOYOLA COLLEGE CAMPUS,CHENNAI,Private-Self Financing,N,Y,1-2029051,fetchdata,2022-2023,Engineering and Technology,1,1,1,1,Tamil Nadu,1
1-10974120205,SRI BALAKRISHNA POLYTECHNIC COLLEGE,"OPP. SALEM AIRPORT,  NH-7, KUPPUR, OMALUR(T.K),SALEM(D.T)-636 309",SALEM,Private-Self Financing,N,N,1-461126651,fetchdata,2022-2023,Engineering and Technology,1,1,1,1,Tamil Nadu,1
1-10974276623,SRI RENGA POLYTECHNIC COLLEGE,"3/169, CHENNAI BY PASS, SIRUGANUR",TIRUCHIRAPPALLI,Private-Self Financing,N,N,1-501105191,fetchdata,2022-2023,Engineering and Technology,1,1,1,1,Tamil Nadu,1
1-10974277977,VASANTHA MURUGU POLYTECHNIC COLLEGE,"NALLADAI MAIN ROAD, EACHANGUDI VILLAGE, THARANGAMBADI TK, NAGAPATTINAM DT - 609306",NAGAPATTINAM,Private-Self Financing,N,N,1-2849701121,fetchdata,2022-2023,Engineering and Technology,1,1,1,1,Tamil Nadu,1
1-10974106839,GOVERNMENT POLYTECHNIC COLLEGE - THOOTHUKUDI,PALAYAMKOTTAI ROAD,THOOTHUKUDI,Government,N,N,1-477802431,fetchdata,2022-2023,Engineering and Technology,1,1,1,1,Tamil Nadu,1
1-10974140590,TAMILNADU PHYSICAL EDUCATION AND SPORTS UNIVERSITY,"DEPARTMENT OF SPORTS TECHNOLOGY,  TAMIL NADU PHYSICAL EDUCATION AND SPORTS UNIVERSITY, MELAKOTTAIYUR, CHENGALPATTU TALUK, KANCHEEPURAM DISTRICT, CHENNAI- 600048",CHENNAI,Government,N,N,1-444215911,fetchdata,2022-2023,Engineering and Technology,1,1,1,1,Tamil Nadu,1
1-10974140688,THANGAVELU ENGINEERING COLLEGE,RAJIV GANDHI SALAI KARAPAKKAM CHENNAI - 600 097,CHENNAI,Private-Self Financing,N,N,1-11778261,fetchdata,2022-2023,Engineering and Technology,1,1,1,1,Tamil Nadu,1
1-10974229442,SREE KRISHNA COLLEGE OF ENGINEERING,ANAICUT POST,VELLORE,Private-Self Financing,N,N,1-5177941,fetchdata,2022-2023,Engineering and Technology,1,1,1,1,Tamil Nadu,1
1-10974249350,ARIFA POLYTECHNIC COLLEGE,"ESANOOR, KEELAIYUR-PO, THIRUKKUVALAI -TK, NAGAPATTINAM -DT.",NAGAPATTINAM,Private-Self Financing,N,N,1-447787151,fetchdata,2022-2023,Engineering and Technology,1,1,1,1,Tamil Nadu,1
1-10974196612,SRINIVASA POLYTECHNIC COLLEGE,"SRINIVASA NAGAR, KALAMAVUR (PO) KULATHUR TK KEERANUR PUDUKKOTTAI 622 502",PUDUKKOTTAI,Private-Self Financing,N,Y,1-405508261,fetchdata,2022-2023,Engineering and Technology,1,1,1,1,Tamil Nadu,1
1-10974284121,K S R POLYTECHNIC COLLEGE,K S R KALVI NAGAR THOKKAVADI,NAMAKKAL,Private-Self Financing,N,N,1-421808231,fetchdata,2022-2023,Engineering and Technology,1,1,1,1,Tamil Nadu,1
1-10974302551,EIT POLYTECHNIC COLLEGE,KAVINDAPADI,ERODE,Govt aided,N,N,1-401639081,fetchdata,2022-2023,Engineering and Technology,1,1,1,1,Tamil Nadu,1
1-10973881579,SESHASAYEE INSTITUTE OF TECHNOLOGY,"10, TANJORE ROAD, INDUSTRIAL COLONY (PO), ARIYAMANGALAM",TIRUCHIRAPPALLI,Govt aided,N,N,1-451886891,fetchdata,2022-2023,Engineering and Technology,1,1,1,1,Tamil Nadu,1
1-10973899348, V.S.B. ENGINEERING COLLEGE,"N.H.67 COVAI ROAD, KARUDAYAMPALAYAM (VILLAGE & POST), ARAVAKURICHI (TK) KARUR - 639 111. TAMILNADU.",KARUR,Private-Self Financing,N,N,1-2829001,fetchdata,2022-2023,Engineering and Technology,1,1,1,1,Tamil Nadu,1
1-10973915984,KNOWLEDGE INSTITUTE OF TECHNOLOGY,"KIOT CAMPUS, KAKAPALAYAM(PO), SALEM - 637504",SALEM,Private-Self Financing,N,N,1-2745081,fetchdata,2022-2023,Engineering and Technology,1,1,1,1,Tamil Nadu,1
1-10973932289,SRS POLYTECHNIC COLLEGE,"HARUR MAIN ROAD,  KUPPANUR (P.O),  SALEM - 636 122 TAMIL NADU",SALEM,Private-Self Financing,N,N,1-6690913,fetchdata,2022-2023,Engineering and Technology,1,1,1,1,Tamil Nadu,1
1-10973961153,SRM VALLIAMMAI ENGINEERING COLLEGE,SRM NAGAR KATTANKULATHUR CHENGALPATTU KANCHEEPURAM,KANCHIPURAM,Private-Self Financing,N,Y,1-5788131,fetchdata,2022-2023,Engineering and Technology,1,1,1,1,Tamil Nadu,1
1-10973977329,JEPPIAAR ENGINEERING COLLEGE (E&T),JEPPIAAR NAGAR OLD MAMMALLAPURAM ROAD,KANCHIPURAM,Private-Self Financing,N,Y,1-424068621,fetchdata,2022-2023,Engineering and Technology,1,1,1,1,Tamil Nadu,1
1-10973992760,KAPI POLYTECHNIC COLLEGE,"GANDHIGRAM MAMA DR G RAMACHNDRAN NAGAR,SITHAYANKOTTAI POST, PALAYAMKOTTAI VIA,DINDIGUL DISTRICT",DINDIGUL,Private-Self Financing,N,N,1-476324101,fetchdata,2022-2023,Engineering and Technology,1,1,1,1,Tamil Nadu,1
1-10973815183,BWDA POLYTECHNIC COLLEGE,"BWDA NAGER, KAPPIVILAI, VENDALICODE, KULASEKHARAM",KANYAKUMARI,Private-Self Financing,N,N,1-422715511,fetchdata,2022-2023,Engineering and Technology,1,1,1,1,Tamil Nadu,1
1-10973900972,THIAGARAJAR POLYTECHNIC COLLEGE,POST BOX NO 523 JUNCTION MAIN ROAD SURAMANGALAM POST SALEM,SALEM,Govt aided,N,N,1-409699763,fetchdata,2022-2023,Engineering and Technology,1,1,1,1,Tamil Nadu,1
1-10973917893,STUDYWORLD COLLEGE OF ENGINEERING,ALAGU NACHIAMMAN KOIL ROAD PALATHURAI (PO) COIMBATORE - 641 105,COIMBATORE,Private-Self Financing,N,N,1-6124036,fetchdata,2022-2023,Engineering and Technology,1,1,1,1,Tamil Nadu,1
1-10973945406,SWAMI VIVEKANANDA POLYTECHNIC COLLEGE,"KOTTARAKUNDRU ROAD,ARUMBAVUR POST,VEPPANTHATTAI TALUK,PERAMBALUR DISTRICT",PERAMBALUR,Private-Self Financing,N,N,1-474311203,fetchdata,2022-2023,Engineering and Technology,1,1,1,1,Tamil Nadu,1
1-10973980138,T.J. INSTITUTE OF TECHNOLOGY,"RAJIV GANDHI SALAI, KARAPAKKAM, CHENNAI - 97",CHENNAI,Private-Self Financing,N,Y,1-273386441,fetchdata,2022-2023,Engineering and Technology,1,1,1,1,Tamil Nadu,1
1-10973994021,S.K.P. ENGINEERING COLLEGE,"CHINNKANGIYANUR, SOMASIPADI POST, TIRUVANNAMALAI TALUK, TIRUVANNAMALAI DIST",TIRUVANNAMALAI,Private-Self Financing,N,N,1-1710591,fetchdata,2022-2023,Engineering and Technology,1,1,1,1,Tamil Nadu,1
1-10974009799,GRACE COLLEGE OF ENGINEERING,"CHANDY NAGAR, MULLAKKADU, THOOTHUKUDI",THOOTHUKUDI,Private-Self Financing,N,N,1-8472709,fetchdata,2022-2023,Engineering and Technology,1,1,1,1,Tamil Nadu,1
1-10974051185,PRIYADARSHINI ENGINEERING COLLEGE,"CHETTIYAPPANUR VILLAGE & POST, VANIYAMBADI.",VELLORE,Private-Self Financing,N,N,1-22286661,fetchdata,2022-2023,Engineering and Technology,1,1,1,1,Tamil Nadu,1
1-10974052639,SRIRAM ENGINEERING COLLEGE,"PERUMALPATTU, VEPPAMPATTU R.S. TIRUVALLUR DISTRICT  602 024",THIRUVALLUR,Private-Self Financing,N,Y,1-2931121,fetchdata,2022-2023,Engineering and Technology,1,1,1,1,Tamil Nadu,1
1-10973818832,JKK MUNIRAJAH COLLEGE OF TECHNOLOGY,"377/1A,PUNJAI THURAYAMPALAYAM, THOOKKANICKENPALAYAM(POST), THOOKKANICKENPALAYAM, GOBI (TK) ERODE",ERODE,Private-Self Financing,N,N,1-11002585,fetchdata,2022-2023,Engineering and Technology,1,1,1,1,Tamil Nadu,1
1-10973996982,KARPAGAM INSTITUTE OF TECHNOLOGY,"KARPAGAM INSTITUTE OF TECHNOLOGY S.F.NO:247,248. L&T BYPASS ROAD SEERAPALAYAM VILLAGE BODIPALAYAM POST COIMBATORE - 641 105 TAMILNADU",COIMBATORE,Private-Self Financing,N,N,1-8932081,fetchdata,2022-2023,Engineering and Technology,1,1,1,1,Tamil Nadu,1
1-10973998752,SHIVANII ENGINEERING COLLEGE,"POOLANGULATHUPATTI, POOLANGULATHUPATTI(P.O), SRIRANGAM(T.K),",TIRUCHIRAPPALLI,Private-Self Financing,N,N,1-5039493,fetchdata,2022-2023,Engineering and Technology,1,1,1,1,Tamil Nadu,1
1-10974011921,ARIES POLYTECHNIC COLLEGE,KARUNGUZHI,CUDDALORE,Private-Self Financing,N,N,1-420991455,fetchdata,2022-2023,Engineering and Technology,1,1,1,1,Tamil Nadu,1
1-10973904742,OASYS INSTITUTE OF TECHNOLOGY,"TIRUCHIRAPPALLI-THURAIYUR MAIN ROAD, PULIVALAM  P.O MUSIRI TALUK",TIRUCHIRAPPALLI,Private-Self Financing,N,N,1-5359211,fetchdata,2022-2023,Engineering and Technology,1,1,1,1,Tamil Nadu,1
1-10973922567,SRI ANNAI ABHIRAMI POLYTECHNIC COLLEGE,"PUDUKKOTTAI TO THANJAVUR ROAD,PERUNGALUR(POST),PUDUKKOTTAI,PUDUKKOTTAI-DIST,PIN-622203.",PUDUKKOTTAI,Private-Self Financing,N,N,1-448339453,fetchdata,2022-2023,Engineering and Technology,1,1,1,1,Tamil Nadu,1
1-10973968269,SRI MUTHALAMMAN POLYTECHNIC COLLEGE,"SOMANATHAPURAM, T.NALLUR POST",RAMANATHAPURAM,Private-Self Financing,N,N,1-452747911,fetchdata,2022-2023,Engineering and Technology,1,1,1,1,Tamil Nadu,1
1-10973983760,JOHN BOSCO POLYTECHNIC COLLEGE,"PERIYAKUPPAM, TIRUVALLUR RAILWAY STATION, TIRUVALLUR, TIRUVALLUR TK & DT, TAMILNADU",THIRUVALLUR,Private-Self Financing,N,N,1-455243423,fetchdata,2022-2023,Engineering and Technology,1,1,1,1,Tamil Nadu,1
1-10974041034,SCAD POLYTECHNIC COLLEGE,KALAKAD ROAD CHERANMAHADEVI,TIRUNELVELI,Private-Self Financing,N,Y,1-464136493,fetchdata,2022-2023,Engineering and Technology,1,1,1,1,Tamil Nadu,1
1-10973827626,AGNI COLLEGE OF TECHNOLOGY,THALAMBUR OFF. RAJIV GANDHI SALAI CHENGALPATTU TALUK KANCHEEPURAM DISTRICT CHENNAI PIN CODE : 603 103,KANCHIPURAM,Private-Self Financing,N,N,1-3290934,fetchdata,2022-2023,Engineering and Technology,1,1,1,1,Tamil Nadu,1
1-10973893068,SAMS COLLEGE OF ENGINEERING AND TECHNOLOGY,"82, PANAPAKKAM, CHENNAI - TIRUPATHI ROAD, UTHUKOTTAI TALUK, THIRUVALLUR DIST.- 601102.",CHENNAI,Private-Self Financing,N,N,1-37176461,fetchdata,2022-2023,Engineering and Technology,1,1,1,1,Tamil Nadu,1
1-10973925251,IFET COLLEGE OF ENGINEERING,"IFET NAGAR, GANGARAMPALAYA M,VALAVANUR POST, VILLUPURAM DISTRICT, TAMILNADU 605 108",VILUPPURAM,Private-Self Financing,N,N,1-8141341,fetchdata,2022-2023,Engineering and Technology,1,1,1,1,Tamil Nadu,1
1-10974042636,GOVERNMENT POLYTECHNIC COLLEGE,"AMBALAKARANPATTI, MELUR(T.K)",MADURAI,Government,N,N,1-487923953,fetchdata,2022-2023,Engineering and Technology,1,1,1,1,Tamil Nadu,1
1-10973829587,PALLAVAN COLLEGE OF ENGINEERING,THIMMASAMUDRAM,KANCHIPURAM,Private-Self Financing,N,N,1-4478531,fetchdata,2022-2023,Engineering and Technology,1,1,1,1,Tamil Nadu,1
1-10973855548,PRATHYUSHA ENGINEERING COLLEGE,POONAMALLEE - TIRUVALLUR HIGH ROAD ARANVOYALKUPPAM  TIRUVALLUR - 602 025,THIRUVALLUR,Private-Self Financing,N,Y,1-16570211,fetchdata,2022-2023,Engineering and Technology,1,1,1,1,Tamil Nadu,1
1-10973857954,NELLIANDAVAR INSTITUTE OF POLYTECHNIC,TRICHY ROAD,ARIYALUR,Private-Self Financing,N,N,1-425453871,fetchdata,2022-2023,Engineering and Technology,1,1,1,1,Tamil Nadu,1
1-10973876292,AL-AMEEN ENGINEERING COLLEGE,"KARUNDEVANPALAYAM, NANJAI UTHUKKULI (POST) ERODE, ERODE DISTRICT, PINCODE-638104 TAMIL NADU",ERODE,Private-Self Financing,N,Y,1-3762161,fetchdata,2022-2023,Engineering and Technology,1,1,1,1,Tamil Nadu,1
1-10973877848,TAGORE ENGINEERING COLLEGE,RATHINAMANGALAM VANDALUR CHENNAI - 600 048,KANCHIPURAM,Private-Self Financing,N,N,1-9722913,fetchdata,2022-2023,Engineering and Technology,1,1,1,1,Tamil Nadu,1
1-10973908495,SRI VENKATACHALAPATHY POLYTECHNIC COLLEGE,"VADAKUCHIPALAYAM VILLAGE, KAPPIYAMPULIYUR POST, VILLUPURAM",VILUPPURAM,Private-Self Financing,N,N,1-460693031,fetchdata,2022-2023,Engineering and Technology,1,1,1,1,Tamil Nadu,1
1-10973955742,ASAN MEMORIAL COLLEGE OF ENGINEERING AND TECHNOLOGY,ASAN NAGAR 9TH KILOMETER CHENGALPATTU-MAHABALIPURAM HIGHWAY POST BOX NO:6 CHENGALPATTU-603001,KANCHIPURAM,Private-Self Financing,N,Y,1-3446974,fetchdata,2022-2023,Engineering and Technology,1,1,1,1,Tamil Nadu,1
1-10973956074,KAMATCHI POLYTECHNIC COLLEGE,"VASANTHA NAGAR,THOGAMALAI MAIN ROAD ,POTHAVUR VILLAGE,INAMPULIYUR POST,TIRUCHIRAPPALLI",TIRUCHIRAPPALLI,Private-Self Financing,N,N,1-753723611,fetchdata,2022-2023,Engineering and Technology,1,1,1,1,Tamil Nadu,1
1-10974044501,VICKRAM POLYTECHNIC COLLEGE,"SREENIVASA GARDENS, MADURAI SIVAGANGAI ROAD,",SIVAGANGA,Private-Self Financing,N,N,1-461529121,fetchdata,2022-2023,Engineering and Technology,1,1,1,1,Tamil Nadu,1
1-10974045690,GOVERNMENT POLYTECHNIC COLLEGE,"KOODUVELI VILLAGE, KATTUMANNARKOIL TALUK.",CUDDALORE,Government,N,N,1-3397978421,fetchdata,2022-2023,Engineering and Technology,1,1,1,1,Tamil Nadu,1
1-10970220590,ANNA UNIVERSITY,SARDAR PATEL ROAD CHENNAI-25 TAMIL NADU,CHENNAI,State Government University,N,N,1-3687844468,fetchdata,2022-2023,Engineering and Technology,1,1,1,1,Tamil Nadu,1
1-10973117284,N.P.R POLYTECHNIC COLLEGE,N.P.R NAGAR PUNNAPATTI POST ULUPPAGUDI NATHAM,DINDIGUL,Private-Self Financing,N,N,1-510772911,fetchdata,2022-2023,Engineering and Technology,1,1,1,1,Tamil Nadu,1
1-10973137897,THANGAM-MUTHU POLYTECHNIC COLLEGE,"MADURAI MAIN ROAD, VELNAGAR, PERIYAKULAM EAST",THENI,Private-Self Financing,N,N,1-461642271,fetchdata,2022-2023,Engineering and Technology,1,1,1,1,Tamil Nadu,1
1-10972981780,SRM INSTITUTE OF SCIENCE AND TECHNOLOGY RAMAPURAM PART CAMPUS,"1, JAWAHARLAL NEHRU SALAI (100 FEET ROAD), VADAPALANI, CHENNAI 600 026.",CHENNAI,Deemed to be University(Pvt),N,Y,1-3662200961,fetchdata,2022-2023,Engineering and Technology,1,1,1,1,Tamil Nadu,1
1-10972983473,AVINASHILINGAM INSTITUTE FOR HOME SCIENCE AND HIGHER EDUCATION FOR WOMEN DEEMED TO BE UNIVERSITY,"FACULTY OF ENGINEERING, AVINASHILINGAM UNIVERSITY FOR WOMEN, COIMBATORE - 641108",COIMBATORE,Deemed to be University(Govt),Y,N,1-10952891,fetchdata,2022-2023,Engineering and Technology,1,1,1,1,Tamil Nadu,1
1-10973048853,MUTHAYAMMAL ENGINEERING COLLEGE,"KAKKAVERI, RASIPURAM (TK), NAMAKKAL (DT). TAMIL NADU",NAMAKKAL,Private-Self Financing,N,N,1-4156434,fetchdata,2022-2023,Engineering and Technology,1,1,1,1,Tamil Nadu,1
1-10973118652,AKY POLYTECHNIC COLLEGE,"4/254,TENKASI MAIN ROAD, OPPOSITE TO VALLAVANKOTTAI BUS STAND, TIRUNELVELI -627012",TIRUNELVELI,Private-Self Financing,N,N,1-2466526481,fetchdata,2022-2023,Engineering and Technology,1,1,1,1,Tamil Nadu,1
1-10973118818,ADHIYAMAAN COLLEGE OF ENGINEERING (ENGINEERING & TECHNOLOGY),"(ENGINEERING & TECHNOLOGY) AERI CAMPUS DR.M.G.R.NAGAR, HOSUR-635 109 KRISHNAGIRI DISTRICT TAMIL NADU",KRISHNAGIRI,Private-Self Financing,N,N,1-5725821,fetchdata,2022-2023,Engineering and Technology,1,1,1,1,Tamil Nadu,1
1-10970467903,VIDHYALAKSHMI POLYTECHNIC COLLEGE,"S197 & 198, RAMAKOODAL, PULLAGOUNDAMPATTI(POST) THEVUR(VIA), SANKARI(TK), SALEM(DT).",SALEM,Private-Self Financing,N,N,1-481878661,fetchdata,2022-2023,Engineering and Technology,1,1,1,1,Tamil Nadu,1
1-10970484065,SITARAJARAMPOLYTECHNICCOLLEGE,MUTHUNAGAR HIRANIYAMANGALAMMETTUPATTI KULITALAITALUK KARURDISTRICT TAMILNADU,KARUR,Private-Self Financing,N,N,1-473897431,fetchdata,2022-2023,Engineering and Technology,1,1,1,1,Tamil Nadu,1
1-10970485255,GUDIYATTAM POLYTECHNIC COLLEGE,"KAKATHOPPU, GUDIYATTAM",VELLORE,Private-Self Financing,N,N,1-456570201,fetchdata,2022-2023,Engineering and Technology,1,1,1,1,Tamil Nadu,1
1-10973152016,SRI KRISHNA COLLEGE OF TECHNOLOGY,KOVAIPUDUR POST,COIMBATORE,Private-Self Financing,N,N,1-3643021,fetchdata,2022-2023,Engineering and Technology,1,1,1,1,Tamil Nadu,1
1-10973153784,THIAGARAJAR COLLEGE OF ENGINEERING,TIRUPARANKUNDRAM MADURAI 625 015,MADURAI,Govt aided,N,N,1-429823423,fetchdata,2022-2023,Engineering and Technology,1,1,1,1,Tamil Nadu,1
1-10973155428,"GOVERNMENT COLLEGE OF ENGINEERING,SALEM",GOVERMENT COLLEGE OF ENGINEERING BANGALORE HIGHWAYS SALEM-11,SALEM,Government,N,N,1-8410741,fetchdata,2022-2023,Engineering and Technology,1,1,1,1,Tamil Nadu,1
1-10970485639,PSN ENGINEERING COLLEGE,"MELATHEDIYOOR, PALAYAMKOTTAI TRIUNELVELI",TIRUNELVELI,Private-Self Financing,N,N,1-421801471,fetchdata,2022-2023,Engineering and Technology,1,1,1,1,Tamil Nadu,1
1-10970487106,ERODE SENGUNTHAR ENGINEERING COLLEGE,"THUDUPATHI, PERUNDURAI (TK), ERODE DISTRICT",ERODE,Private-Self Financing,N,N,1-5768853,fetchdata,2022-2023,Engineering and Technology,1,1,1,1,Tamil Nadu,1
1-10970547239,COIMBATORE INSTITUTE OF TECHNOLOGY,"AVINASHI ROAD, AERODROMME POST",COIMBATORE,Govt aided,N,N,1-5213396,fetchdata,2022-2023,Engineering and Technology,1,1,1,1,Tamil Nadu,1
1-10973028955,JAYA ENGINEERING COLLEGE,"PRAKASH NAGAR, THIRUNINRAVUR, THIRUVALLUR  DIST, CHENNAI - 602024",THIRUVALLUR,Private-Self Financing,N,Y,1-9855475,fetchdata,2022-2023,Engineering and Technology,1,1,1,1,Tamil Nadu,1
1-10973053769,HINDUSTHAN COLLEGE OF ENGINEERING AND TECHNOLOGY,"OTHAKKALMANDAPAM VILLAGE,COIMBATORE SOUTH TAULK, COIMBATORE DISTRICT- 641032.",COIMBATORE,Private-Self Financing,N,N,1-22291621,fetchdata,2022-2023,Engineering and Technology,1,1,1,1,Tamil Nadu,1
1-10973157033,V.R.S. COLLEGE OF ENGINEERING AND TECHNOLOGY,ARASUR  ARASUR & POST ULUNDURPET TALUK VILLUPURAM DISTRICT TAMIL NADU INDIA 607107,VILUPPURAM,Private-Self Financing,N,N,1-3036031,fetchdata,2022-2023,Engineering and Technology,1,1,1,1,Tamil Nadu,1
1-10970527622,MAHENDRA ENGINEERING COLLEGE FOR WOMEN,"KOMARAMANAGALAM POST, TIRUCHENGODE TALUK, NAMAKKAL DT",NAMAKKAL,Private-Self Financing,Y,N,1-9882271,fetchdata,2022-2023,Engineering and Technology,1,1,1,1,Tamil Nadu,1
1-10972989566,ST. PETER'S COLLEGE OF ENGINEERING AND TECHNOLOGY,"COLLEGE ROAD AVADI CHENNAI-600054 AVADI TALUK, TIRUVALLUR DISTRICT TAMIL NADU",THIRUVALLUR,Private-Self Financing,N,N,1-5148253,fetchdata,2022-2023,Engineering and Technology,1,1,1,1,Tamil Nadu,1
1-10972991278,AERO AVIATION INSTITUTE OF TECHNOLOGY,"AKKRAPATIYAN PALAYAM, KONNIYAR VILLAGE, ELACHIPALAYAM POST, TIRUCHENGODE TALUK.",NAMAKKAL,Private-Self Financing,N,N,1-2865849381,fetchdata,2022-2023,Engineering and Technology,1,1,1,1,Tamil Nadu,1
1-10970511299,SRI CHANDRA SEKHARENDRA SARASWATHI VISWAMAHA VIDYALAYA,"COLLEGE ROAD, ENATHUR, KANCHIPURAM",KANCHIPURAM,Deemed to be University(Pvt),N,N,1-3642181171,fetchdata,2022-2023,Engineering and Technology,1,1,1,1,Tamil Nadu,1
1-10970552143,THE KAVERY ENGINEERING COLLEGE,"M.KALIPATTI,  MECHERI (POST), METTUR TALUK, SALEM (DT)",SALEM,Private-Self Financing,N,N,1-3678211,fetchdata,2022-2023,Engineering and Technology,1,1,1,1,Tamil Nadu,1
1-10973085698,SIVAJI COLLEGE OF ENGINEERING & TECHNOLOGY,MANIVILAI MANIVILAI.P.O,KANYAKUMARI,Private-Self Financing,N,N,1-8623201,fetchdata,2022-2023,Engineering and Technology,1,1,1,1,Tamil Nadu,1
1-10972946789,ST.PETER'S INSTITUTE OF HIGHER EDUCATION AND RESEARCH,"TONAKELA CAMP ROAD, AVADI, CHENNAI",THIRUVALLUR,Deemed to be University(Pvt),N,N,1-3640701841,fetchdata,2022-2023,Engineering and Technology,1,1,1,1,Tamil Nadu,1
1-10972950451,P.S.R.ENGINEERING COLLEGE,"APPAYANAICKENPATTY, SEVALPATTY, SIVAKASI-626 140, VIRUDHUNAGAR(DIST).",VIRUDHUNAGAR,Private-Self Financing,N,Y,1-3760792,fetchdata,2022-2023,Engineering and Technology,1,1,1,1,Tamil Nadu,1
1-10970495732,ARULMIGU PALANIANDAVAR POLYTECHNIC COLLEGE,DINDUGAL ROAD PALANI - 624601 TAMILNADU,DINDIGUL,Govt aided,N,N,1-435399441,fetchdata,2022-2023,Engineering and Technology,1,1,1,1,Tamil Nadu,1
1-10972926500,CHRIST THE KING ENGINEERING COLLEGE,"CECILIA GARDENS,CHIKKARAMPALAYAM VILLAGE",COIMBATORE,Private-Self Financing,N,N,1-4165591,fetchdata,2022-2023,Engineering and Technology,1,1,1,1,Tamil Nadu,1
1-10973090608,SHANMUGANATHAN ENGINEERING COLLEGE,"ARASAMPATTI, PILIVALAM(PO) THIRUMAYAM TK, PUDUKKOTTAI DIST-622507 TAMILNADU",PUDUKKOTTAI,Private-Self Financing,N,N,1-4163997,fetchdata,2022-2023,Engineering and Technology,1,1,1,1,Tamil Nadu,1
1-10973136143,DHIRAJLAL GANDHI COLLEGE OF TECHNOLOGY,"SIKKANAMPATTY, OPPOSITE TO AIRPORT, OMALUR TK. SALEM DT",SALEM,Private-Self Financing,N,N,1-424089211,fetchdata,2022-2023,Engineering and Technology,1,1,1,1,Tamil Nadu,1
1-10973044217,SRI SAI RANGANATHAN POLYTECHNIC COLLEGE,"JAHIRNAICKANPALAYAM, VIRALIYUR POST, COIMBATORE",COIMBATORE,Private-Self Financing,N,N,1-431206441,fetchdata,2022-2023,Engineering and Technology,1,1,1,1,Tamil Nadu,1
1-10970204150,PMR ENGINEERING COLLEGE,"ADAYALAMPATTU, CHENNAI-95",THIRUVALLUR,Private-Self Financing,N,Y,1-16638665,fetchdata,2022-2023,Engineering and Technology,1,1,1,1,Tamil Nadu,1
1-10970205495,MAHAKAVI BHARATHIYAR COLLEGE OF ENGINEERING & TECHNOLOGY,"KOVIL NAGAR, VASUDEVANALLUR. SIVAGIRI (T.K), TIRUNELVELI (DIST).",TIRUNELVELI,Private-Self Financing,N,N,1-6161693,fetchdata,2022-2023,Engineering and Technology,1,1,1,1,Tamil Nadu,1
1-10970294895,AARUPADAI VEEDU INSTITUTE OF TECHNOLOGY,"CONSTITUENT COLLEGE OF VINAYAKA MISSION'S RESEARCH FOUNDATION-  DEEMED TO BE UNIVERSITY VINAYAKA NAGAR RAJIV GANDHI SALAI (OMR),PAIYANOOR",KANCHIPURAM,Deemed to be University(Pvt),N,N,1-3704902541,fetchdata,2022-2023,Engineering and Technology,1,1,1,1,Tamil Nadu,1
1-10970409256,ANAND INSTITUTE OF HIGHER TECHNOLOGY,"KALASALINGAM NAGAR, OLD MAHABALIPURAM ROAD, KAZHIPATTUR VILLAGE, CHENGALPATTU TALUK KANCHEEPURAM DISTRICT",KANCHIPURAM,Private-Self Financing,N,N,1-2606254,fetchdata,2022-2023,Engineering and Technology,1,1,1,1,Tamil Nadu,1
1-10970283071,ANNAMALAI POLYTECHNIC COLLEGE,CHETTINAD - 630 102,SIVAGANGA,Govt aided,N,N,1-459476713,fetchdata,2022-2023,Engineering and Technology,1,1,1,1,Tamil Nadu,1
1-10970283314,SBM POLYTECHNIC COLLEGE,"SBM NAGAR, THAMARAIPADI(PO), TRICHY ROAD, DINDIGUL - 5.",DINDIGUL,Private-Self Financing,N,N,1-450592343,fetchdata,2022-2023,Engineering and Technology,1,1,1,1,Tamil Nadu,1
1-10970410096,AYYAPPA POLYTECHNIC COLLEGE,"AIVADHUGUDI, ERANJI POST, VIRUDHACHALAM TALUK, CUDDALORE DISTRICT.",CUDDALORE,Private-Self Financing,N,N,1-446164681,fetchdata,2022-2023,Engineering and Technology,1,1,1,1,Tamil Nadu,1
1-10970411584,ANNDAVAR POLYTECHNIC COLLEGE,"GOBI - SATHY MAIN ROAD, KOVAI PIRIVU, ALUKULLI POST,",ERODE,Private-Self Financing,N,N,1-453821961,fetchdata,2022-2023,Engineering and Technology,1,1,1,1,Tamil Nadu,1
1-10970426140,"IRT POLYTECHNIC COLLEGE,TIRUNELVELI","THIRUVANANTHAPURAM ROAD, KONGANTHANPARAI POST,",TIRUNELVELI,Private-Self Financing,N,N,1-414161261,fetchdata,2022-2023,Engineering and Technology,1,1,1,1,Tamil Nadu,1
1-10970381909,SVS POLYTECHNIC COLLEGE,"R.PUDUPPALAYAM, MEL SATHAMPOOR ROAD,",NAMAKKAL,Private-Self Financing,N,N,1-441516041,fetchdata,2022-2023,Engineering and Technology,1,1,1,1,Tamil Nadu,1
1-10969499156,SRI RENUGAMBAL POLYTECHNIC COLLEGE,"C.C ROAD, ETTIVADI, POLUR TALUK, T.V. MALAI DT.",TIRUVANNAMALAI,Private-Self Financing,N,N,1-457079051,fetchdata,2022-2023,Engineering and Technology,1,1,1,1,Tamil Nadu,1
1-10969499408,MANORA POLYTECHNIC COLLEGE,KOTTAKUDI-POST PATTUKKOTTAI-TKTHANJAVUR-DT,THANJAVUR,Private-Self Financing,N,N,1-424541291,fetchdata,2022-2023,Engineering and Technology,1,1,1,1,Tamil Nadu,1
1-10969549973,K S R COLLEGE OF ENGINEERING,"K S R KALVINAGAR,  THOKKAVADI, TIRUCHENGODE, NAMAKKAL DIST, TAMILNADU-637215.",NAMAKKAL,Private-Self Financing,N,N,1-2942331,fetchdata,2022-2023,Engineering and Technology,1,1,1,1,Tamil Nadu,1
1-10969019275,MEENAKSHI KRISHNAN POLYTECHNIC COLLEGE,"SHANKAR NAGAR,PAMMAL,CHENNAI",KANCHIPURAM,Private-Self Financing,N,N,1-411314411,fetchdata,2022-2023,Engineering and Technology,1,1,1,1,Tamil Nadu,1
1-10969036210,A.R COLLEGE OF ENGINEERING & TECHNOLOGY,"KADAYAM-ALANGULAM ROAD, NEAR RAILWAY STATION, KADAYAM.",TIRUNELVELI,Private-Self Financing,N,N,1-452090031,fetchdata,2022-2023,Engineering and Technology,1,1,1,1,Tamil Nadu,1
1-10969047544,V.J.P. POLYTECHNIC COLLEGE,TRICHY-CHENNAI HIGHWAYS,TIRUCHIRAPPALLI,Private-Self Financing,N,N,1-456809141,fetchdata,2022-2023,Engineering and Technology,1,1,1,1,Tamil Nadu,1
1-10969048961,SRI KRISHNA POLYTECHNIC COLLEGE,"TCR COMPLEX, TIRUTTANI HIGH ROAD,",VELLORE,Private-Self Financing,N,N,1-458335301,fetchdata,2022-2023,Engineering and Technology,1,1,1,1,Tamil Nadu,1
1-10969060688,VI INSTITUTE OF TECHNOLOGY,"NO. 96, SIRUNKUNDRAM POST, CHENGALPATTU TALUK KANCHEEPURAM DIST",KANCHIPURAM,Private-Self Financing,N,N,1-8398021,fetchdata,2022-2023,Engineering and Technology,1,1,1,1,Tamil Nadu,1
1-10969073060,SREE NARAYANA GURU POLYTECHNIC COLLEGE,SREE NARAYANA GURU NAGAR,COIMBATORE,Private-Self Financing,N,N,1-439892161,fetchdata,2022-2023,Engineering and Technology,1,1,1,1,Tamil Nadu,1
1-10969086265,AL AMEEN POLYTECHNIC COLLEGE,"KARUNDEVANPALAYAM, NANJAI UTHUKKULI (PO), ERODE.",ERODE,Private-Self Financing,N,N,1-410915017,fetchdata,2022-2023,Engineering and Technology,1,1,1,1,Tamil Nadu,1
1-10969112303,SEMBODAI RUKMANI VARATHARAJAN ENGINEERING COLLEGE,"SEMBODAI-POST, VEDARANIAM-TK, NAGAPATTINAM-DT TAMILNADU-614 820.",NAGAPATTINAM,Private-Self Financing,N,N,1-12371754,fetchdata,2022-2023,Engineering and Technology,1,1,1,1,Tamil Nadu,1
1-10969141807,ST. XAVIER'S CATHOLIC COLLEGE OF ENGINEERING,"CHUNKANKADAI, KANYAKUMARI DISTRICT, TAMILNADU, PIN-629003",KANYAKUMARI,Private-Self Financing,N,Y,1-7826511,fetchdata,2022-2023,Engineering and Technology,1,1,1,1,Tamil Nadu,1
1-10969165850,C.K. COLLEGE OF ENGINEERING & TECHNOLOGY,"JAYARAM NAGAR, CHELLANGKUPPAM,  CUDDALORE, TAMILNADU - 607 003",CUDDALORE,Private-Self Financing,N,N,1-4294856,fetchdata,2022-2023,Engineering and Technology,1,1,1,1,Tamil Nadu,1
1-10969166284,THAAI POLYTECHNIC COLLEGE,"UNION OFFICE ROAD, NEERATHAN",MADURAI,Private-Self Financing,N,N,1-521025701,fetchdata,2022-2023,Engineering and Technology,1,1,1,1,Tamil Nadu,1
1-10969180857,"GOVERNMENT POLYTECHNIC COLLEGE,RK NAGAR","KAMARAJ SALAI ,  TONDIARPET,  CHENNAI -81",CHENNAI,Government,N,N,1-2871904131,fetchdata,2022-2023,Engineering and Technology,1,1,1,1,Tamil Nadu,1
1-10969181114,INDRA GANESAN COLLEGE OF ENGINEERING,"MADURAI MAIN ROAD, MANIKANDAM, TIRUCHIRAPPALLI 620012",TIRUCHIRAPPALLI,Private-Self Financing,N,N,1-5177771,fetchdata,2022-2023,Engineering and Technology,1,1,1,1,Tamil Nadu,1
1-10969200098,APOLLO ENGINEERING COLLEGE,"MEVALOORKUPPAM, VALARPURAM POST, SRIPERUMBUDUR TALUK, KANCHIPURAM DISTRICT, TAMILNADU.",KANCHIPURAM,Private-Self Financing,N,N,1-28447791,fetchdata,2022-2023,Engineering and Technology,1,1,1,1,Tamil Nadu,1
1-10969200606,ER. PERUMAL MANIMEKALAI POLYTECHNIC COLLEGE,"17TH KM HOSUR - KRISHNAGIRI ROAD, NH7, 101, NALLAGANAKOTHAPALLI, SHOLLAGIRI POST,  HOSUR TALUK, KRISHNAGIRI DIST PIN 635117",KRISHNAGIRI,Private-Self Financing,N,Y,1-451556641,fetchdata,2022-2023,Engineering and Technology,1,1,1,1,Tamil Nadu,1
1-10969219594,M.I.E.T. POLYTECHNIC COLLEGE,"TRICHY-PUDUKOTTAI ROAD, TRICHIRAPALLI - 620 007.",TIRUCHIRAPPALLI,Private-Self Financing,N,N,1-424592671,fetchdata,2022-2023,Engineering and Technology,1,1,1,1,Tamil Nadu,1
1-10969006683,SRI RAMAKRISHNA POLYTECHNIC COLLEGE,"VATTAMALAIPALAYAM, N.G.G.O.COLONY(POST), COIMBATORE",COIMBATORE,Private-Self Financing,N,N,1-422808431,fetchdata,2022-2023,Engineering and Technology,1,1,1,1,Tamil Nadu,1
1-10969021833,GRT INSTITUTE OF ENGINEERING AND TECHNOLOGY,GRT MAHALAKSHMI  NAGAR CHENNAI-TIRUPATHI  HIGH WAY  TIRUTTANI-631209,THIRUVALLUR,Private-Self Financing,N,N,1-22710593,fetchdata,2022-2023,Engineering and Technology,1,1,1,1,Tamil Nadu,1
1-10969037872,DEPARTMENT OF COMPUTER SCIENCE AND ENGINEERING,MANONMANIAM SUNDARANAR UVIVERSITY,TIRUNELVELI,Government,N,N,1-457344531,fetchdata,2022-2023,Engineering and Technology,1,1,1,1,Tamil Nadu,1
1-10969065120,SANKAR POLYTECHNIC COLLEGE,"SANKAR POLYTECHNIC COLLEGE, SANKARNAGAR",TIRUNELVELI,Govt aided,N,N,1-430245341,fetchdata,2022-2023,Engineering and Technology,1,1,1,1,Tamil Nadu,1
1-10969088002,T.J.S.ENGINEERING COLLEGE,"PERUVOYAL , NEAR KAVARAIPETTAI,  GUMMIDIPOONDI TALUK,  THIRUVALLUR DISTRICT - 601 206.  TAMIL NADU.",THIRUVALLUR,Private-Self Financing,N,N,1-2610514,fetchdata,2022-2023,Engineering and Technology,1,1,1,1,Tamil Nadu,1
1-10969100961,DR.KALAM POLYTECHNIC COLLEGE,"PERIYANAYAKIPURAM, AVANAM (PO), PERAVURANI (TK), THANJAVAUR(DT), TAMILNADU",THANJAVUR,Private-Self Financing,N,N,1-474040451,fetchdata,2022-2023,Engineering and Technology,1,1,1,1,Tamil Nadu,1
1-10969182687,PASUMPON NETHAJI POLYTECHNIC COLLEGE,PASUMPON NETHAJI POLYTECHNIC COLLEGE A.R.P.NAGAR MELANEELITHANALLUR,TIRUNELVELI,Private-Self Financing,N,N,1-479941681,fetchdata,2022-2023,Engineering and Technology,1,1,1,1,Tamil Nadu,1
1-10969183865,ST XAVIER'S POLYTECHNIC COLLEGE,"THIRUPPATHUR ROAD,RAM NAGAR,",SIVAGANGA,Private-Self Financing,N,Y,1-429709281,fetchdata,2022-2023,Engineering and Technology,1,1,1,1,Tamil Nadu,1
1-10969203409,SENTHUR POLYTECHNIC COLLEGE,"SENTHUR POLYTECHNIC COLLEGE,                S.F NO. 449/1, NAMBIYUR -AVINASHI MAIN ROAD,SAVAKKATTUPALAYAM PO,AVINASHI TALUK, TIRUPPUR DISTRICT -638460",TIRUPPUR,Private-Self Financing,N,N,1-426092643,fetchdata,2022-2023,Engineering and Technology,1,1,1,1,Tamil Nadu,1
1-10969203644,OXFORD ENGINEERING COLLEGE,PIRATTIYUR,TIRUCHIRAPPALLI,Private-Self Financing,N,N,1-6539141,fetchdata,2022-2023,Engineering and Technology,1,1,1,1,Tamil Nadu,1
1-10969008355,ST.JOSEPH'S POLYTECHNIC COLLEGE,"OPP TO SOOLAMALI BUS STOP , PERIYA PANAMUTLU, THIRUVANNAMALAI,ANCHOOR POST , KRISHNAGIRI  - 635 108",KRISHNAGIRI,Private-Self Financing,N,N,1-479774571,fetchdata,2022-2023,Engineering and Technology,1,1,1,1,Tamil Nadu,1
1-10969039381,AMMAIAPPAR POLYTECHNIC COLLEGE,"PUTHUR- MEENATCHIYAPURAM ROAD, MEENATCHIYAPURAM",VIRUDHUNAGAR,Private-Self Financing,N,N,1-1437395791,fetchdata,2022-2023,Engineering and Technology,1,1,1,1,Tamil Nadu,1
1-10969066652,DR DHARMAMBAL GOVT POLYTECHNIC COLLEGE FOR WOMEN,THARAMANI CHENNAI-600113,CHENNAI,Government,Y,N,1-433844241,fetchdata,2022-2023,Engineering and Technology,1,1,1,1,Tamil Nadu,1
1-10969077379,ST.JUDEâS POLYTECHNIC COLLEGE,"16-184-1,ANNAI NAGAR,THOLAYAVATTOM POST",KANYAKUMARI,Private-Self Financing,N,N,1-759651851,fetchdata,2022-2023,Engineering and Technology,1,1,1,1,Tamil Nadu,1
1-10969077574,ST. JOSEPH POLYTECHNIC COLLEGE,KARAIKUDI MAIN ROAD,PUDUKKOTTAI,Private-Self Financing,N,Y,1-409727411,fetchdata,2022-2023,Engineering and Technology,1,1,1,1,Tamil Nadu,1
1-10969089592,BHAKTHAVATSALAM POLYTECHNIC COLLEGE,KARAIPETTAI,KANCHIPURAM,Govt aided,N,N,1-455751941,fetchdata,2022-2023,Engineering and Technology,1,1,1,1,Tamil Nadu,1
1-10969101184,MRK POLYTECHNIC COLLEGE,"MRK POLYTECHNIC COLLEGE, NATTARMANGALAM & POST, KATTUMANNAR KOIL",CUDDALORE,Private-Self Financing,N,N,1-444184611,fetchdata,2022-2023,Engineering and Technology,1,1,1,1,Tamil Nadu,1
1-10969158149,VIRUDHUNAGAR S.VELLAICHAMY NADAR  POLYTECHNIC COLLEGE,ROSALPATTI VILLAGE VIRUDHUNAGAR,VIRUDHUNAGAR,Govt aided,N,N,1-421375471,fetchdata,2022-2023,Engineering and Technology,1,1,1,1,Tamil Nadu,1
1-10969206893,SADASIVAM KATHIRKAMAVALLI POLYTECHNIC COLLEGE,"27.SERUMANGALAM-I, MANNARGUDI",THIRUVARUR,Private-Self Financing,N,N,1-482116771,fetchdata,2022-2023,Engineering and Technology,1,1,1,1,Tamil Nadu,1
1-10969207137,ST.MICHAEL COLLEGE OF ENGINEERING & TECHNOLOGY,"ST.SANTHIAGAPER NAGAR, KALAYARKOIL, SIVAGANGA DISTRICT.",SIVAGANGA,Private-Self Financing,N,Y,1-3214121,fetchdata,2022-2023,Engineering and Technology,1,1,1,1,Tamil Nadu,1
1-10969027535,RAMYA SATHIANATHAN POLYTECHNIC COLLEGE,SENGIPPATTY TO BUDHALUR ROAD PUDUPPATTY VILLAGE THANJAVUR DISTRICT TAMIL NADU,THANJAVUR,Private-Self Financing,N,N,1-459233181,fetchdata,2022-2023,Engineering and Technology,1,1,1,1,Tamil Nadu,1
1-10969052142,SRI BHARATHI POLYTECHNIC COLLEGE FOR WOMEN,"KAIKKURICHI (POST), ALANGUDI(TK), ARANTHANGI ROAD",PUDUKKOTTAI,Private-Self Financing,Y,N,1-498658531,fetchdata,2022-2023,Engineering and Technology,1,1,1,1,Tamil Nadu,1
1-10969054340,INDIAN INSTITUTE OF HANDLOOM TECHNOLOGY,"FOULKE'S COMPOUND,THILLAI NAGAR",SALEM,Government,N,N,1-748077511,fetchdata,2022-2023,Engineering and Technology,1,1,1,1,Tamil Nadu,1
1-10969055634,SEMBODAI R.V.POLYTECHNIC COLLEGE,SEMBODAI- POST VEDARANIAM-TK NAGAPATTINAM- DT TAMILNADU,NAGAPATTINAM,Private-Self Financing,N,N,1-421398371,fetchdata,2022-2023,Engineering and Technology,1,1,1,1,Tamil Nadu,1
1-10969089948,SURYA GROUP OF INSTITUTIONS," NH-45,GST ROAD,",VILUPPURAM,Private-Self Financing,N,N,1-5989201,fetchdata,2022-2023,Engineering and Technology,1,1,1,1,Tamil Nadu,1
1-10969103967,THAI MOOGAMBIGAI POLYTECHNIC COLLEGE,NERKUNDRAM (MUGAPPAIR),THIRUVALLUR,Private-Self Financing,N,N,1-466150731,fetchdata,2022-2023,Engineering and Technology,1,1,1,1,Tamil Nadu,1
1-10969147073,SRI RENGESWARAR POLYTECHNIC COLLEGE,"3/333, POTTIREDDIPATTI POST, NAMAKKAL DISTRICT.",NAMAKKAL,Private-Self Financing,N,N,1-446140711,fetchdata,2022-2023,Engineering and Technology,1,1,1,1,Tamil Nadu,1
1-10969170417,"GOVERNMENT POLYTECHNIC COLLEGE, KANIYALAMPATTI","SINTHAMANIPATTI VIA, KADAVUR TALUK KARUR  621301",KARUR,Government,N,N,1-456405373,fetchdata,2022-2023,Engineering and Technology,1,1,1,1,Tamil Nadu,1
1-10969186689,ROYAL POLYTECHNIC COLLEGE,KULATHUR POST,PUDUKKOTTAI,Private-Self Financing,N,N,1-454848011,fetchdata,2022-2023,Engineering and Technology,1,1,1,1,Tamil Nadu,1
1-10969187873,SHREE MARUTHI POLYTECHNIC COLLEGE,MANIVIZHUNDAN SOUTH(POST) ATTUR(TK) SALEM(DT),SALEM,Private-Self Financing,N,N,1-425600713,fetchdata,2022-2023,Engineering and Technology,1,1,1,1,Tamil Nadu,1
1-10969029210,S.A. POLYTECHNIC COLLEGE,"SUNDARASOLAVARAM, THIRUVERKADU POST, CHENNAI - 600077",THIRUVALLUR,Private-Self Financing,N,N,1-440178891,fetchdata,2022-2023,Engineering and Technology,1,1,1,1,Tamil Nadu,1
1-10969042684,LALGUDI COOPERATIVE POLYTECHNIC COLLEGE,"AYYAN VAIKKAL ROAD,ANGARAI VILLAGE,LALGUDI TK",TIRUCHIRAPPALLI,Private-Self Financing,N,N,1-455767611,fetchdata,2022-2023,Engineering and Technology,1,1,1,1,Tamil Nadu,1
1-10969055927,CENTRAL INSTITUTE OF PETROCHEMICALS ENGINEERING AND TECHNOLOGY,"T.V.K INDUSUTRIAL ESTATE, GUINDY",CHENNAI,Government,N,N,1-506726551,fetchdata,2022-2023,Engineering and Technology,1,1,1,1,Tamil Nadu,1
1-10969057209,SRI RAMACHANDRA POLYTECHNIC COLLEGE,"DHARMANEEDHI VILLAGE, AYARPADI POST, ARAKKONAM TALUK, VELLORE DIST.",VELLORE,Private-Self Financing,N,N,1-455192161,fetchdata,2022-2023,Engineering and Technology,1,1,1,1,Tamil Nadu,1
1-10969080388,SRI VENKATESWARAA COLLEGE OF TECHNOLOGY,"SIRUKULATHUR,VADAKAL VILLAGE,MATHUR POST SRIPERUMBHUDUR",KANCHIPURAM,Private-Self Financing,N,N,1-7725831,fetchdata,2022-2023,Engineering and Technology,1,1,1,1,Tamil Nadu,1
1-10969094530,NOORUL ISLAM POLYTECHNIC COLLEGE,PUNKARAI THIRUVITHAMCODE (P.O) K.K.DIST TAMIL NADU PINCODE-629174,KANYAKUMARI,Private-Self Financing,N,N,1-404525741,fetchdata,2022-2023,Engineering and Technology,1,1,1,1,Tamil Nadu,1
1-10969105347,SRI VENKATESWARA POLYTECHNIC COLLEGE,TRICHY NATIONAL HIGHWAY,CUDDALORE,Private-Self Financing,N,N,1-522262181,fetchdata,2022-2023,Engineering and Technology,1,1,1,1,Tamil Nadu,1
1-10969161040,VSA GROUP OF INSTITUTIONS,NH-47 MAIN ROAD UTHAMASOLAPURAM (PO) SALEM-636010,SALEM,Private-Self Financing,N,N,1-5773001,fetchdata,2022-2023,Engineering and Technology,1,1,1,1,Tamil Nadu,1
1-10969161512,SIR ISSAC NEWTON POLYTECHNIC COLLEGE,"PAPPAKOIL ANDHANAPETTAI (POST), NAGAPATTINAM",NAGAPATTINAM,Private-Self Financing,N,N,1-435561771,fetchdata,2022-2023,Engineering and Technology,1,1,1,1,Tamil Nadu,1
1-10969173035,SIR ISSAC NEWTON COLLEGE OF ENGINEERING AND TECHNOLOGY,"ANDHANAPEETAI POST, PAPPAKOIL, NAGAPATTINAM 611 102",NAGAPATTINAM,Private-Self Financing,N,N,1-13464971,fetchdata,2022-2023,Engineering and Technology,1,1,1,1,Tamil Nadu,1
1-10969174353,SRI SOWDAMBIKA POLYTECHNIC COLLEGE,THIRUCHULI ROAD CHOCKALINGAPURAM,VIRUDHUNAGAR,Private-Self Financing,N,N,1-467287581,fetchdata,2022-2023,Engineering and Technology,1,1,1,1,Tamil Nadu,1
1-10969211934,GOVERNMENT POLYTECHNIC COLLEGE,KEELAKANAVAI VELUR POST,PERAMBALUR,Government,N,N,1-434019891,fetchdata,2022-2023,Engineering and Technology,1,1,1,1,Tamil Nadu,1
1-10969058806,ARULMURUGAN POLYTECHNIC COLLEGE,KARVAZHI ROAD THENNILAI ARAVAKURICHY-TK KARUR-DT,KARUR,Private-Self Financing,N,N,1-402581451,fetchdata,2022-2023,Engineering and Technology,1,1,1,1,Tamil Nadu,1
1-10969071163,MEENAKSHI POLYTECHNIC COLLEGE,"REGADAHALLI (PO), BOMMIDI (VIA), PAPPIREDDIPATTI (TK), DHARAMAPURI (DT)-635301.",DHARMAPURI,Private-Self Financing,N,N,1-448378441,fetchdata,2022-2023,Engineering and Technology,1,1,1,1,Tamil Nadu,1
1-10969082022,N.V.POLYTECHNIC COLLEGE,"SOMAVARAPATTI VILLAGE,PETHAPPAMPATTY,MADATHUKULAM TK,TIRUPUR DT",TIRUPPUR,Private-Self Financing,N,N,1-425736861,fetchdata,2022-2023,Engineering and Technology,1,1,1,1,Tamil Nadu,1
1-10969149858,GOVERNMENT POLYTECHNIC COLLEGE TIRUCHIRAPPALLI,THUVAKKUDI MALAI TIRUCHIRAPPALII,TIRUCHIRAPPALLI,Government,N,N,1-439920471,fetchdata,2022-2023,Engineering and Technology,1,1,1,1,Tamil Nadu,1
1-10969150178,SRI VIGNESH POLYTECHNIC COLLEGE,"TRICHY - CHENNAI TRUNK ROAD, KOOTHUR - POST",TIRUCHIRAPPALLI,Private-Self Financing,N,N,1-452979601,fetchdata,2022-2023,Engineering and Technology,1,1,1,1,Tamil Nadu,1
1-10969151469,SREE SOWDAMBIKA COLLEGE OF ENGINEERING,CHETTIKURICHI ARUPPUKOTTAI,VIRUDHUNAGAR,Private-Self Financing,N,N,1-396896621,fetchdata,2022-2023,Engineering and Technology,1,1,1,1,Tamil Nadu,1
1-10969162892,SRI SOLAMALAI POLYTECHNIC COLLEGE,S V  RAJA NAGAR VEERAPANJAN KARUPPAYURANI (PO),MADURAI,Private-Self Financing,N,N,1-525725721,fetchdata,2022-2023,Engineering and Technology,1,1,1,1,Tamil Nadu,1
1-10969174675,RAJALAKSHMI POLYTECHNIC COLLEGE,"IYANGUNAM ROAD, SOMASIPADI VILLAGE & POST",TIRUVANNAMALAI,Private-Self Financing,N,N,1-425803421,fetchdata,2022-2023,Engineering and Technology,1,1,1,1,Tamil Nadu,1
1-10969175934,A.R.J POLYTECHNIC COLLEGE,EDAYARNATHAM THIRUMAKKOTTAI MAIN ROAD SERANGULAM POST MANNARGUDI TK THIRUVARUR DT.,THIRUVARUR,Private-Self Financing,N,N,1-431277511,fetchdata,2022-2023,Engineering and Technology,1,1,1,1,Tamil Nadu,1
1-10969191927,VIGNESH POLYTECHNIC COLLEGE,"MELPUTHIYANDAL VILLAGE,  TIRUVANNAMALAI",TIRUVANNAMALAI,Private-Self Financing,N,N,1-454848061,fetchdata,2022-2023,Engineering and Technology,1,1,1,1,Tamil Nadu,1
1-10969214665,CMS COLLEGE OF ENGINEERING AND TECHNOLOGY,"APPACHIGOUNDENPATHY, KUMITTIPATHI (PO), OTHAKKALMANDAPAM (VIA), COIMBATORE - 641 032",COIMBATORE,Private-Self Financing,N,N,1-4211871,fetchdata,2022-2023,Engineering and Technology,1,1,1,1,Tamil Nadu,1
1-10968049568,GOVERNMENT POLYTECHNIC COLLEGE,KARAPATTU VILLAGE CHENGAM TK,TIRUVANNAMALAI,Government,N,N,1-465893641,fetchdata,2022-2023,Engineering and Technology,1,1,1,1,Tamil Nadu,1
1-10968309175,SUN POLYTECHNIC COLLEGE,"UDAYA NAGAR, AMMANDI VILAI & POST",KANYAKUMARI,Private-Self Financing,N,N,1-425528111,fetchdata,2022-2023,Engineering and Technology,1,1,1,1,Tamil Nadu,1
1-10968367513,NACHIAPPA SWAMIGAL POLYTECHNIC COLLEGE,"KOVILOOR MADALAYAM, KOVILOOR,KARAIKUDI.",SIVAGANGA,Private-Self Financing,N,N,1-455337361,fetchdata,2022-2023,Engineering and Technology,1,1,1,1,Tamil Nadu,1
1-10968429524,SRINIVASA SUBBARAYA POLYTECHNIC COLLEGE,PUTHUR,NAGAPATTINAM,Government,N,N,1-487148641,fetchdata,2022-2023,Engineering and Technology,1,1,1,1,Tamil Nadu,1
1-10968430776,SRI RAMAKRISHNA MISSION VIDYALAYA POLYTECHNIC COLLEGE,"METTUPALAYAM MAIN ROAD, SRKVIDYALAYA  POST, PERIYANAICKENPALAYAM.",COIMBATORE,Govt aided,N,N,1-441479051,fetchdata,2022-2023,Engineering and Technology,1,1,1,1,Tamil Nadu,1
1-10968455121,GOVERNMENT POLYTECHNIC COLLEGE KADATHUR,"GOVERNMENT POLYTECHNIC COLLEGE, BOSINAICKANAHALLI VILLAGE, KADATHUR POST, PAPPIREDDIPATTI TALUK, DHARMAPURI DISTRICT - 635303",DHARMAPURI,Government,N,N,1-2873102851,fetchdata,2022-2023,Engineering and Technology,1,1,1,1,Tamil Nadu,1
1-10968456330,INSTITUTE OF CERAMIC TECHNOLOGY,ALADI ROAD VRIDHACHALAM,CUDDALORE,Government,N,N,1-522882493,fetchdata,2022-2023,Engineering and Technology,1,1,1,1,Tamil Nadu,1
1-10968477093,MIT POLYTECHNIC COLLEGE,CAUVERY CROSS NAVAPATTY POST METTUR-BHAVANI MAIN ROAD METTUR DAM - 636452,SALEM,Private-Self Financing,N,N,1-450923291,fetchdata,2022-2023,Engineering and Technology,1,1,1,1,Tamil Nadu,1
1-10968497357,LATHA MATHAVAN POLYTECHNIC COLLEGE,LATHA MATHAVAN NAGAR KIDARIPATTI POST ALAGARKOVIL MELUR TALUK MADURAI,MADURAI,Private-Self Financing,N,N,1-442075131,fetchdata,2022-2023,Engineering and Technology,1,1,1,1,Tamil Nadu,1
1-10968253018,SRM INSTITUTE OF SCIENCE AND TECHNOLOGY RAMAPURAM CAMPUS,"BHARATHI SALAI, RAMAPURAM, CHENNAI",THIRUVALLUR,Deemed to be University(Pvt),N,N,1-3694796951,fetchdata,2022-2023,Engineering and Technology,1,1,1,1,Tamil Nadu,1
1-10968328896,GOVERNMENT TECHNICAL TRAINING CENTRE,"100 FEET ROAD, INDUSTRIAL ESTATE, GUINDY, CHENNAI 32",CHENNAI,Government,N,N,1-512494351,fetchdata,2022-2023,Engineering and Technology,1,1,1,1,Tamil Nadu,1
1-10968389074,IDHAYA ENGINEERING COLLEGE FOR WOMEN,NAINARPALAYAM ROAD  CHINNA SALEM VILLUPURAM DT,VILUPPURAM,Private-Self Financing,Y,Y,1-10765421,fetchdata,2022-2023,Engineering and Technology,1,1,1,1,Tamil Nadu,1
1-10968390342,THANTHAI PERIYAR E.V.RAMASAMY GOVERNMENT POLYTECHNIC COLLEGE,BAGAYAM ROAD THORAPADI P.O.,VELLORE,Government,N,N,1-457006281,fetchdata,2022-2023,Engineering and Technology,1,1,1,1,Tamil Nadu,1
1-10968431030,INDIRA INSTITUTE OF ENGINEERING AND TECHNOLOGY,NO 1 V.G.R NAGAR V.G.R GARDENS PANDUR THIRUVALLUR,THIRUVALLUR,Private-Self Financing,N,N,1-10706530,fetchdata,2022-2023,Engineering and Technology,1,1,1,1,Tamil Nadu,1
1-10968457731,SIGA POLYTECHNIC COLLEGE,"#49, TAYLORS ROAD, KILPAUK",CHENNAI,Private-Self Financing,N,Y,1-519326961,fetchdata,2022-2023,Engineering and Technology,1,1,1,1,Tamil Nadu,1
1-10968503497,VIGNESHWARA POLYTECHNIC COLLEGE,"CUDDALORE-CHIDAMBARAM ECR HIGHWAY, KEEZHPOOVANIKUPPAM, ALAPAKKAM (PO),",CUDDALORE,Private-Self Financing,N,N,1-460124211,fetchdata,2022-2023,Engineering and Technology,1,1,1,1,Tamil Nadu,1
1-10968330175,GOVERNMENT POLYTECHNIC COLLEGE,"SEVVAPET, THIRUVALLUR DISTRICT.",THIRUVALLUR,Government,N,N,1-3398117151,fetchdata,2022-2023,Engineering and Technology,1,1,1,1,Tamil Nadu,1
1-10968390709,SRI AYYAPPA POLYTECHNIC COLLEGE,"AIVADHUGUDI, ERANJI POST, VIRUDHACHALAM TALUK, CUDDALORE DISTRICT.",CUDDALORE,Private-Self Financing,N,N,1-446181421,fetchdata,2022-2023,Engineering and Technology,1,1,1,1,Tamil Nadu,1
1-10968412231,LITTLE FLOWER POLYTECHNIC COLLEGE,"NO.682, LAWRENCE NAGAR, MOULIVAKKAM, CHENNAI 600 125",KANCHIPURAM,Private-Self Financing,N,N,1-500053181,fetchdata,2022-2023,Engineering and Technology,1,1,1,1,Tamil Nadu,1
1-10968459210,ST. ANNE'S COLLEGE OF ENGINEERING AND TECHNOLOGY,ANGUCHETTYPALAYAM  SIRUVATHUR POST  PANRUTI TALUK CUDDALORE DISTRICT,CUDDALORE,Private-Self Financing,N,Y,1-5036551,fetchdata,2022-2023,Engineering and Technology,1,1,1,1,Tamil Nadu,1
1-10968459498,NARASIMMA PALLAVAN POLYTECHNIC COLLEGE,"THIMMASAMUDRAM VILLAGE, WHITE GATE KANCHIPURAM PIN:631502 TAMILNADU",KANCHIPURAM,Private-Self Financing,N,N,1-425987701,fetchdata,2022-2023,Engineering and Technology,1,1,1,1,Tamil Nadu,1
1-10968480062,RAJAGOPAL POLYTECHNIC COLLEGE,"KATPADI ROAD, GANDHINAGAR GUDIYATTAM- 632 602.",VELLORE,Govt aided,N,N,1-451449251,fetchdata,2022-2023,Engineering and Technology,1,1,1,1,Tamil Nadu,1
1-10968513762,MECHANICAL TRAINING INSTITUTE,"MTI,AIR FORCE STATION TAMBARAM, EAST TAMBARAM",KANCHIPURAM,Government,N,N,1-1443729831,fetchdata,2022-2023,Engineering and Technology,1,1,1,1,Tamil Nadu,1
1-10968211378,ANNAMALAIAR COLLEGE OF ENGINEERING,CHETPET-POLUR ROAD POLUR T.K THIRUVANNAMALAI DIST,TIRUVANNAMALAI,Private-Self Financing,N,N,1-20016232,fetchdata,2022-2023,Engineering and Technology,1,1,1,1,Tamil Nadu,1
1-10968211597,KALAPANDIAN POLYTECHNI COLLEGE,SILLAMARATHUPATTI,THENI,Private-Self Financing,N,N,1-473835571,fetchdata,2022-2023,Engineering and Technology,1,1,1,1,Tamil Nadu,1
1-10968230583,PARIMALA PANDURANGAN POLYTECHNIC COLLEGE,"NO,55,CHITHATHUR VILLAGE WALAJAPET TALUK,  VELLORE DISTRICT TAMILNADU",VELLORE,Private-Self Financing,N,N,1-750694384,fetchdata,2022-2023,Engineering and Technology,1,1,1,1,Tamil Nadu,1
1-10968291507,VENKATAESVARA POLYTECHNIC COLLEGE,KAIKURUCHI ARANTHANGI ROAD,PUDUKKOTTAI,Private-Self Financing,N,N,1-490060591,fetchdata,2022-2023,Engineering and Technology,1,1,1,1,Tamil Nadu,1
1-10968292744,NAGASIVA POLYTECHNIC COLLEGE,"NEDUNGULAM VILLAGE,VIRATHANOOR(PO),MADURAI SOUTH TK,MADURAI",MADURAI,Private-Self Financing,N,N,1-473841301,fetchdata,2022-2023,Engineering and Technology,1,1,1,1,Tamil Nadu,1
1-10968331866,THANTHAI PERIYAR GOVERNMENT INSTITUTE OF TECHNOLOGY,BAGAYAM VELLORE-2,VELLORE,Government,N,N,1-14155411,fetchdata,2022-2023,Engineering and Technology,1,1,1,1,Tamil Nadu,1
1-10968349794,SRI SAKTHI POLYTECHNIC COLLEGE,"CHE.NACHIPATTU  &POST,",TIRUVANNAMALAI,Private-Self Financing,N,N,1-437704191,fetchdata,2022-2023,Engineering and Technology,1,1,1,1,Tamil Nadu,1
1-10968351254,KONGUNADU POLYTECHNIC COLLEGE,"NAMAKKAL - TRICHY MAIN ROAD, THOLURPATTI.",TIRUCHIRAPPALLI,Private-Self Financing,N,N,1-451870255,fetchdata,2022-2023,Engineering and Technology,1,1,1,1,Tamil Nadu,1
1-10968393391,ARULMIGU SENTHILANDAVAR POLYTECHNIC COLLEGE,AYIKUDI (VIA) TENKASI-627811,TIRUNELVELI,Private-Self Financing,N,N,1-507818601,fetchdata,2022-2023,Engineering and Technology,1,1,1,1,Tamil Nadu,1
1-10968413672,SNS COLLEGE OF TECHNOLOGY,"SATHY MAIN ROAD, VAZHIYAMPALAYAM SARAVANAMPATTI POST COIMBATORE",COIMBATORE,Private-Self Financing,N,N,1-2494761,fetchdata,2022-2023,Engineering and Technology,1,1,1,1,Tamil Nadu,1
1-10968436332,HINDUSTHAN POLYTECHNIC COLLEGE,"OTHAKALMANDAPAM, COIMBATORE-32",COIMBATORE,Private-Self Financing,N,N,1-423199941,fetchdata,2022-2023,Engineering and Technology,1,1,1,1,Tamil Nadu,1
1-10968437605,NANDHA POLYTECHNIC COLLEGE,"232, CHENNIMALAIPALAYAM ROAD, PITCHANDAMAPALAYAM POST, ERODE - 638052",ERODE,Private-Self Financing,N,N,1-465642921,fetchdata,2022-2023,Engineering and Technology,1,1,1,1,Tamil Nadu,1
1-10968480372,A.R.J COLLEGE OF ENGINEERING AND TECHNOLOGY,THIRUMAKKOTTAI MAIN ROAD EDAYARNATHAM VILLAGE,THIRUVARUR,Private-Self Financing,N,N,1-4252413,fetchdata,2022-2023,Engineering and Technology,1,1,1,1,Tamil Nadu,1
1-10968483107,K S RANGASAMY INSTITUTE OF TECHNOLOGY,K S R KALVI NAGAR THOKKAVADI PO TIRUCHENGODE TK NAMAKKAL DT TAMIL NADU PIN: 637 215,NAMAKKAL,Private-Self Financing,N,N,1-444988331,fetchdata,2022-2023,Engineering and Technology,1,1,1,1,Tamil Nadu,1
1-10968513951,JAYARAJ ANNAPACKIAM CSI POLYTECHNIC COLLEGE,MARGOSCHIS NAGAR,THOOTHUKUDI,Private-Self Financing,N,Y,1-431264551,fetchdata,2022-2023,Engineering and Technology,1,1,1,1,Tamil Nadu,1
1-10968516381,ADHIYAMAAN POLYTECHNIC COLLEGE,"DR.M.G.R.NAGAR, CHENNATHUR",KRISHNAGIRI,Private-Self Financing,N,N,1-398281221,fetchdata,2022-2023,Engineering and Technology,1,1,1,1,Tamil Nadu,1
1-10968232987,SASTRA DEEMED UNIVERSITY,TIRUMALAISAMUDRAM,THANJAVUR,Deemed to be University(Pvt),N,N,1-3683696591,fetchdata,2022-2023,Engineering and Technology,1,1,1,1,Tamil Nadu,1
1-10968277815,PERI INSTITUTE OF TECHNOLOGY,"MANNIVAKKAM, TAMBARAM, CHENNAI",KANCHIPURAM,Private-Self Financing,N,N,1-5937291,fetchdata,2022-2023,Engineering and Technology,1,1,1,1,Tamil Nadu,1
1-10968333142,SRI BALAJI POLYTECHNIC COLLEGE,BALAJI NAGAR KOLAPAKKAM VANDALUR,KANCHIPURAM,Private-Self Financing,N,N,1-452885211,fetchdata,2022-2023,Engineering and Technology,1,1,1,1,Tamil Nadu,1
1-10968352740,ELUMALAIPOLYTECHNIC COLLEGE,"NH 45, CHENNAI TRUNK ROAD,AYYANKOILPATTU,VIILUPURAM,TAMILNADU",VILUPPURAM,Private-Self Financing,N,N,1-477970935,fetchdata,2022-2023,Engineering and Technology,1,1,1,1,Tamil Nadu,1
1-10968354044,ALAGAPPA GOVERNMENT POLYTECHNIC COLLEGE,"PRINCIPAL, ALAGAPPA POLYTECHNIC COLLEGE",SIVAGANGA,Government,N,N,1-468153821,fetchdata,2022-2023,Engineering and Technology,1,1,1,1,Tamil Nadu,1
1-10968377200,SSR POLYTECHNIC COLLEGE,"MADHIYANI VILLAGE, KANDEDUTHANPATTY, ARASAMALAI PANCHAYAT, PONNAMARAVATHY TALUK",PUDUKKOTTAI,Private-Self Financing,N,N,1-457994881,fetchdata,2022-2023,Engineering and Technology,1,1,1,1,Tamil Nadu,1
1-10968394796,JAYALAKSHMI  INSTITUTE  OF  TECHNOLOGY,THOPPUR DHARMAPURI (DT),DHARMAPURI,Private-Self Financing,N,N,1-5822911,fetchdata,2022-2023,Engineering and Technology,1,1,1,1,Tamil Nadu,1
1-10968395250,SRI NANDHANAM POLYTECHNIC COLLEGE,"MOLAGARAMPATTI,TIRUPATTUR-635601",VELLORE,Private-Self Financing,N,Y,1-473846691,fetchdata,2022-2023,Engineering and Technology,1,1,1,1,Tamil Nadu,1
1-10968416628,"R.V.S. EDUCATIONAL TRUST'S GROUP OF INSTITUTIONS  R.V.S. SCHOOL OF ENGINEERING & TECHNOLOGY, R.V.S. SCHOOL OF BUSINESS MANAGEMENT, R.V.S. SCHOOL OF COMPUTER APPLICATION",R.V.S. NAGAR N.PARAIPATTI POST,DINDIGUL,Private-Self Financing,N,N,1-447630411,fetchdata,2022-2023,Engineering and Technology,1,1,1,1,Tamil Nadu,1
1-10968440335,SRI  NALLALAGHU  NADAR  POLYTECHNIC  COLLEGE,"GNT ROAD, PUZHAL, CHENNAI - 66",THIRUVALLUR,Private-Self Financing,N,N,1-452668973,fetchdata,2022-2023,Engineering and Technology,1,1,1,1,Tamil Nadu,1
1-10968463410,THANTHAI ROEVER INSTITUTE OF POLYTECHNIC COLLEGE,"ELAMBALUR VILLAGE, PERAMBALUR POST & TALUK, PERAMBALUR - DISTRICT",PERAMBALUR,Private-Self Financing,N,N,1-405918065,fetchdata,2022-2023,Engineering and Technology,1,1,1,1,Tamil Nadu,1
1-10968483454,MERIT POLYTECHNIC COLLEGE,KADAYAM - MUKKUDAL ROAD,TIRUNELVELI,Private-Self Financing,N,N,1-416002203,fetchdata,2022-2023,Engineering and Technology,1,1,1,1,Tamil Nadu,1
1-10968484784,MUTHIAH POLYTECHNIC COLLEGE,ANNAMALAINAGAR CHIDAMBARAM CUDDALORE DISTRICT TAMILNADU 608 002,CUDDALORE,Govt aided,N,N,1-466239891,fetchdata,2022-2023,Engineering and Technology,1,1,1,1,Tamil Nadu,1
1-10968505017,PSN INSTITUTE OF TECHNOLOGY,"PSN NAGER , RAMANATHICHANPUTHUR, KUMARAPURAM THOPPUR POST KANYAKUMARI DIST 629402",KANYAKUMARI,Private-Self Financing,N,N,1-413810131,fetchdata,2022-2023,Engineering and Technology,1,1,1,1,Tamil Nadu,1
1-10968506449,MAISURII POLYTECHNIC COLLEGE,"NH-47 SANKARI MAIN ROAD, KANAKAGIRI COLONY, KAKAPALAYAM POST, SANKARI TK, SALEM - 637 504",SALEM,Private-Self Financing,N,N,1-424562161,fetchdata,2022-2023,Engineering and Technology,1,1,1,1,Tamil Nadu,1
1-10968215022,JANSONS INSTITUTE OF TECHNOLOGY,"SF.NO 443/1,2, 442/1A & 442/1B KARUMATHAMPATTY, COIMBATORE  - 641659",COIMBATORE,Private-Self Financing,N,N,1-6165951,fetchdata,2022-2023,Engineering and Technology,1,1,1,1,Tamil Nadu,1
1-10968355295,VIVEKANANDA POLYTECHNIC COLLEGE,"KARAIKUDI-THIRUPPATHUR MAIN ROAD, (PILLYARPPATTI ROAD),",SIVAGANGA,Private-Self Financing,N,N,1-485960131,fetchdata,2022-2023,Engineering and Technology,1,1,1,1,Tamil Nadu,1
1-10968378464,DR.MGR POLYTECHNIC COLLEGE,"ACS NAGAR,  IRUMBEDU VILLAGE, ARNI TALUK, ARNI",TIRUVANNAMALAI,Private-Self Financing,N,N,1-437652701,fetchdata,2022-2023,Engineering and Technology,1,1,1,1,Tamil Nadu,1
1-10968396679,SUGUNA COLLEGE OF ENGINEERING,"NEHRU NAGAR  (WEST), KALAPATTI ROAD, CIVIL AERODROME  (PO)",COIMBATORE,Private-Self Financing,N,N,1-814729991,fetchdata,2022-2023,Engineering and Technology,1,1,1,1,Tamil Nadu,1
1-10968418551,PARK COLLEGE OF TECHNOLOGY,"PREMA RAVI NAGAR, KARUMATHAMPATTY, COIMBATORE - 641659",COIMBATORE,Private-Self Financing,N,N,1-2073181,fetchdata,2022-2023,Engineering and Technology,1,1,1,1,Tamil Nadu,1
1-10968420018,MANGAYARKARASI COLLEGE OF ENGINEERING,"7-1-139, 1ST STREET, MANGAYARKARASI NAGAR, PARAVAI, MADURAI - 625402.",MADURAI,Private-Self Financing,N,N,1-1549625394,fetchdata,2022-2023,Engineering and Technology,1,1,1,1,Tamil Nadu,1
1-10968443641,S.R.I. POLYTECHNIC COLLEGE,"MELMARUVATHUR ROAD BIRUDUR VILLAGE VANDAVASI TALUK TIRUVANNAMALAI D.T, PIN-604408",TIRUVANNAMALAI,Private-Self Financing,N,N,1-423214147,fetchdata,2022-2023,Engineering and Technology,1,1,1,1,Tamil Nadu,1
1-10968466001,DHANALAKSHMI SRINIVASAN ENGINEERING COLLEGE,"THURAIYUR ROAD, PERAMBALUR-621212",PERAMBALUR,Private-Self Financing,N,Y,1-4370591,fetchdata,2022-2023,Engineering and Technology,1,1,1,1,Tamil Nadu,1
1-10968485026,S.VEERASAMY CHETTIAR POLYTECHNIC COLLEGE,S.V.NAGAR T.N.PUTHUKUDI PULIANGUDI.,TIRUNELVELI,Private-Self Financing,N,N,1-436289231,fetchdata,2022-2023,Engineering and Technology,1,1,1,1,Tamil Nadu,1
1-10968486375,SACS M.A.V.M.M. ENGINEERING COLLEGE,"446,MELUR-ALAGARKOIL ROAD, KIDARIPATTI (PO), ALAGARKOIL (VIA), MELUR TALUK, MADURAI-625301.",MADURAI,Private-Self Financing,N,N,1-4655811,fetchdata,2022-2023,Engineering and Technology,1,1,1,1,Tamil Nadu,1
1-10968486673,IRT POLYTECHNIC COLLEGE(CHROMEPET),"BHARATHA MATHA ST, BHARATHIPURAM, CHROMEPET,",KANCHIPURAM,Private-Self Financing,N,N,1-478448411,fetchdata,2022-2023,Engineering and Technology,1,1,1,1,Tamil Nadu,1
1-10968506731,MAHATH AMMA INSTITUTE OF ENGINEERING AND TECHNOLOGY,"ARIYUR, MATHIYANALOOR -  POST ANNAVASAL ROAD, ILLUPUR TALUK",PUDUKKOTTAI,Private-Self Financing,N,N,1-5029546,fetchdata,2022-2023,Engineering and Technology,1,1,1,1,Tamil Nadu,1
1-10968508060,GOMATHI AMBAL POLYTECHNIC COLLEGE,MAVEERAN POOLITHEVAN NAGAR,TIRUNELVELI,Private-Self Financing,N,N,1-432349541,fetchdata,2022-2023,Engineering and Technology,1,1,1,1,Tamil Nadu,1
1-10968279775,DHANALAKSHMI SRINIVASAN COLLEGE OF ENGINEERING,"NH-47, PALAKKAD MAIN ROAD NAVAKKARAI POST COIMBATORE",COIMBATORE,Private-Self Financing,N,N,1-4824541,fetchdata,2022-2023,Engineering and Technology,1,1,1,1,Tamil Nadu,1
1-10968298850,LATHA MATHAVAN ENGINEERING COLLEGE,LATHA MATHAVAN NAGAR KIDARIPATTI MELUR TALUK MADURAI DISTRICT,MADURAI,Private-Self Financing,N,N,1-5828514,fetchdata,2022-2023,Engineering and Technology,1,1,1,1,Tamil Nadu,1
1-10968336642,GOVERNMENT POLYTECHNIC COLLEGE,FINGER POST UDHAGAMANDALAM NILGIRIS,NILGIRIS,Government,N,N,1-498722191,fetchdata,2022-2023,Engineering and Technology,1,1,1,1,Tamil Nadu,1
1-10968337850,GOJAN SCHOOL OF BUSINESS AND TECHNOLOGY,"80-FEET ROAD, EDAPALAYAM, RED HILLS, CHENNAI-52",THIRUVALLUR,Private-Self Financing,N,N,1-4776331,fetchdata,2022-2023,Engineering and Technology,1,1,1,1,Tamil Nadu,1
1-10968356892,MARTHANDAM COLLEGE OF ENGINEERING AND TECHNOLOGY,"P.M. VILLAGE ROAD, KUTTAKUZHI, VEEYANNOOR POST, KANYAKUMARI DISTRICT, TAMIL NADU.",KANYAKUMARI,Private-Self Financing,N,N,1-3131921,fetchdata,2022-2023,Engineering and Technology,1,1,1,1,Tamil Nadu,1
1-10968379933,V V COLLEGE OF ENGINEERING,"V V NAGAR, ARASUR VILLAGE, IDAICHIVILAI POST, SATHANKULAM TALUK, TUTICORIN DISTRICT, TAMIL NADU STATE, PIN - 628656 SOUTH INDIA.",THOOTHUKUDI,Private-Self Financing,N,N,1-3929123,fetchdata,2022-2023,Engineering and Technology,1,1,1,1,Tamil Nadu,1
1-10968399890,816 SHREE VENKATESHWARA HI TECH POLYTECHNIC COLLEGE,"ERODE-GOBI MAIN ROAD,SRIKALAIVANI NAGAR,OTHAKUTHIRAI,K.METTUPALAYAM-PO,GOBI-TK,ERODE-DT",ERODE,Private-Self Financing,N,N,1-431725341,fetchdata,2022-2023,Engineering and Technology,1,1,1,1,Tamil Nadu,1
1-10968421437,CARE COLLEGE OF ENGINEERING,"NO. 27, THAYANOOR VILLAGE, KUTTAPATTI",TIRUCHIRAPPALLI,Private-Self Financing,N,N,1-12383211,fetchdata,2022-2023,Engineering and Technology,1,1,1,1,Tamil Nadu,1
1-10968445008,HOLYCROSS ENGINEERING COLLEGE,"7/131, VAGAIKULAM SRIVAIKUNTAM EXPRESS ROAD SRI MULAKARAI, THANNOOTHU VILLAGE,SRIVAIKUNTAM TALUK",THOOTHUKUDI,Private-Self Financing,N,N,1-3888371,fetchdata,2022-2023,Engineering and Technology,1,1,1,1,Tamil Nadu,1
1-10968446419,MAHENDRA POLYTECHNIC COLLEGE,"MAHENDIRAPURI,MALLASAMUDRAM(W),VADUGAPALAYAM(POST), TIRUCHENGODE(T.K),NAMMAKKAL(D.T)",NAMAKKAL,Private-Self Financing,N,N,1-449987971,fetchdata,2022-2023,Engineering and Technology,1,1,1,1,Tamil Nadu,1
1-10968469356,ANNAI MIRA COLLEGE OF ENGINEERING AND TECHNOLOGY,"ARAPPAKKAM VILLAGE, ARCOT ROAD, WALAJA TALUK, VELLORE DIST.",VELLORE,Private-Self Financing,N,N,1-404537421,fetchdata,2022-2023,Engineering and Technology,1,1,1,1,Tamil Nadu,1
1-10968489553,P.S.G.PONNAMMAL POLYTECHNIC COLLEGE,"GOUNDAMPALAYAM, COIMBATORE ROAD",TIRUPPUR,Private-Self Financing,N,N,1-1507864111,fetchdata,2022-2023,Engineering and Technology,1,1,1,1,Tamil Nadu,1
1-10968509663,ST. JOSEPH'S COLLEGE OF ENGINEERING AND TECHNOLOGY,"A. S. NAGAR, ELLUPATTI, RAWASAPATTI POST, INATHUKANPATTI VILLAGE, THANJAVUR - 613 403.",THANJAVUR,Private-Self Financing,N,Y,1-4410681,fetchdata,2022-2023,Engineering and Technology,1,1,1,1,Tamil Nadu,1
1-10968511086,P.A.COLLEGE OF ENGINEERING AND TECHNOLOGY,PALLADAM ROAD POLLACHI COIMBATORE - 642002,COIMBATORE,Private-Self Financing,N,N,1-3330811,fetchdata,2022-2023,Engineering and Technology,1,1,1,1,Tamil Nadu,1
1-10968300213,NEHRU INSTITUTE OF ENGINEERING AND TECHNOLOGY,"""NEHRU GARDENS""THIRUMALAYAMPALAYAM (PO) COIMBATORE-641105",COIMBATORE,Private-Self Financing,N,N,1-4151744,fetchdata,2022-2023,Engineering and Technology,1,1,1,1,Tamil Nadu,1
1-10968360243,PEE GEE POLYTECHNIC COLLEGE,NO. 7  KRISHNAGIRI MAIN ROAD PERIYANHALLI  DHARMAPURI,DHARMAPURI,Private-Self Financing,N,N,1-524786081,fetchdata,2022-2023,Engineering and Technology,1,1,1,1,Tamil Nadu,1
1-10968402970,MOHAMED SATHAK POLYTECHIC COLLEGE,CHAIRMAN SATHAK SALAI POST EAST COAST ROAD KILAKARAI,RAMANATHAPURAM,Govt aided,N,N,1-461168981,fetchdata,2022-2023,Engineering and Technology,1,1,1,1,Tamil Nadu,1
1-10968424201,CHENDHURAN POLYTECHNIC COLLEGE,"MADURAI ROAD, PULIVALAM(PO)",PUDUKKOTTAI,Private-Self Financing,N,N,1-450416791,fetchdata,2022-2023,Engineering and Technology,1,1,1,1,Tamil Nadu,1
1-10968446846,SRG ENGINEERING COLLEGE,"SH-95, MOHANUR ROAD, ANIYAPURAM",NAMAKKAL,Private-Self Financing,N,N,1-3762338,fetchdata,2022-2023,Engineering and Technology,1,1,1,1,Tamil Nadu,1
1-10968471133,CSI POLYTECHNIC COLLEGE,"19, YERCAUD MAIN ROAD, HASTHAMPATTY",SALEM,Private-Self Financing,N,Y,1-463251785,fetchdata,2022-2023,Engineering and Technology,1,1,1,1,Tamil Nadu,1
1-10968491142,KIT-KALAIGNARKARUNANIDHI INSTITUTE OF TECHNOLOGY,"S.F. NO. 282, S.F. NO. 283 KANNAMPALAYAM  POST, COIMBATORE",COIMBATORE,Private-Self Financing,N,N,1-6089771,fetchdata,2022-2023,Engineering and Technology,1,1,1,1,Tamil Nadu,1
1-10968247802,RAJIV GANDHI COLLEGE OF ENGINEERING,"NEMILI VILLAGE, SRIPERUMBUDUR,PIN - 602105",KANCHIPURAM,Private-Self Financing,N,Y,1-463976071,fetchdata,2022-2023,Engineering and Technology,1,1,1,1,Tamil Nadu,1
1-10968249274,CPCL POLYTECHNIC COLLEGE,"NEDUNCHEZHIAN SALAI, MANALI, CHENNAI-600 068",THIRUVALLUR,Private-Self Financing,N,N,1-425559741,fetchdata,2022-2023,Engineering and Technology,1,1,1,1,Tamil Nadu,1
1-10968303521,SSM POLYTECHNIC COLLEGE,VALAYAKARANOOR,NAMAKKAL,Govt aided,N,N,1-447948571,fetchdata,2022-2023,Engineering and Technology,1,1,1,1,Tamil Nadu,1
1-10968360435,SWAMY ABEDHANANDHA POLYTECHNIC COLLEGE,THELLAR   VANDAVASI - TINDIVANAM HIGHWAY,TIRUVANNAMALAI,Private-Self Financing,N,N,1-451838221,fetchdata,2022-2023,Engineering and Technology,1,1,1,1,Tamil Nadu,1
1-10968403351,PODHIGAI COLLEGE OF ENGINEERING & TECHNOLOGY,"SALEM MAIN ROAD, ADIYUR POST,TIRUPATTUR TALUK - 635 601. VELLORE DIST TAMILNADU",VELLORE,Private-Self Financing,N,N,1-4152903,fetchdata,2022-2023,Engineering and Technology,1,1,1,1,Tamil Nadu,1
1-10968450810,M.E.T. ENGINEERING COLLEGE,"NO:13/142A9/9, MOGALS GARDEN, CHENBAGARAMANPUTHUR,  THOVALAI TALUK, KANYAKUMARI DIST. TAMIL NADU, PINCODE: 629304",KANYAKUMARI,Private-Self Financing,N,N,1-5223351,fetchdata,2022-2023,Engineering and Technology,1,1,1,1,Tamil Nadu,1
1-10968453238,TAMILNADU COLLEGE OF ENGINEERING,PALANISAME RAVI NAGAR  KARUMATHAMPATTI POST,COIMBATORE,Private-Self Financing,N,N,1-5104051,fetchdata,2022-2023,Engineering and Technology,1,1,1,1,Tamil Nadu,1
1-10968495490,PRIYADARSHINI POLYTECHNIC COLLEGE,"BARATH NAGAR, CHETTIYAPPANUR (VILLAGE & POST ) VANIYAMBADI",VELLORE,Private-Self Financing,N,N,1-461205761,fetchdata,2022-2023,Engineering and Technology,1,1,1,1,Tamil Nadu,1
1-10968500571,RATNAVEL SUBRAMANIAM POLYTECHNIC COLLEGE,"RVS NAGAR, KARUR ROAD, DINDIGUL.",DINDIGUL,Private-Self Financing,N,N,1-465935091,fetchdata,2022-2023,Engineering and Technology,1,1,1,1,Tamil Nadu,1
1-10968501952,NELLIANDAVAR INSTITUTE OF TECHNOLOGY,"NERUNJIKORAI VILLAGE, PUDHUPALAYAM, ARIYALUR TK & DT",ARIYALUR,Private-Self Financing,N,N,1-1550031721,fetchdata,2022-2023,Engineering and Technology,1,1,1,1,Tamil Nadu,1
1-10968503225,EVEREST POLYTECHNIC COLLEGE,"EVEREST POLYTECHNIC COLLEGE,EVEREST NAGAR, NAINARAGARAM PANCHAYATH, TENKASI-MADURAI NH ROAD, ACHAMPATTI STOP, KADAYANALLUR,TENKASI TALUK,TIRUNELVELI DISTRICT.",TIRUNELVELI,Private-Self Financing,N,N,1-479198411,fetchdata,2022-2023,Engineering and Technology,1,1,1,1,Tamil Nadu,1
1-10968324442,LOURDES MOUNT COLLEGE OF ENGINEERING AND TECHNOLOGY,MARTHANDAM - KARUNGAL ROAD CHUNDAVILAI MULLANGANAVILAI NATTALAM POST,KANYAKUMARI,Private-Self Financing,N,N,1-1503749921,fetchdata,2022-2023,Engineering and Technology,1,1,1,1,Tamil Nadu,1
1-10968363158,J.R POLYTECHNIC COLLEGE,SOORAIKUDIPATTI VILLIAGE NAGAMANGALAM POST  ALUNDHUR,TIRUCHIRAPPALLI,Private-Self Financing,N,N,1-423137401,fetchdata,2022-2023,Engineering and Technology,1,1,1,1,Tamil Nadu,1
1-10968407355,TAGORE INSTITUTE OF ENGINEERING AND TECHNOLOGY,"SALEM-CHENNAI MAIN ROAD, DEVIYAKURICHI - 636 112, ATTUR(TK), SALEM(DT), TAMIL NADU",SALEM,Private-Self Financing,N,N,1-4247981,fetchdata,2022-2023,Engineering and Technology,1,1,1,1,Tamil Nadu,1
1-10968131644,KARPAGAM COLLEGE OF ENGINEERING," SF NO : 758, 759, 760 OTHAKKAL MANDAPAM COIMBATORE - 641 032",COIMBATORE,Private-Self Financing,N,N,1-4285391,fetchdata,2022-2023,Engineering and Technology,1,1,1,1,Tamil Nadu,1
1-10968134647,VEERAMMAL ENGINEERING COLLEGE,PVP NAGAR K.SINGRAKKOTTAI DINDIGUL DISTRICT-624 708 TAMILNADU,DINDIGUL,Private-Self Financing,Y,N,1-9103125,fetchdata,2022-2023,Engineering and Technology,1,1,1,1,Tamil Nadu,1
1-10968022294,JCT POLYTECHNIC COLLEGE,"PICHANUR, COIMBATORE SOUTH TALUK, COIMBATORE-641105",COIMBATORE,Private-Self Financing,N,N,1-2059146721,fetchdata,2022-2023,Engineering and Technology,1,1,1,1,Tamil Nadu,1
1-10968023579,NADAR SARASWATHI COLLEGE OF ENGINEERING & TECHNOLOGY,"VADAPUDUPATTI, ANNANJI (PO)",THENI,Private-Self Financing,N,N,1-4431961,fetchdata,2022-2023,Engineering and Technology,1,1,1,1,Tamil Nadu,1
1-10968023936,MAHARANI POLYTECHNIC COLLEGE,"1/74, NANJIYAMPALAYAM",TIRUPPUR,Private-Self Financing,N,N,1-454135583,fetchdata,2022-2023,Engineering and Technology,1,1,1,1,Tamil Nadu,1
1-10967950501,KARUNYA INSTITUTE OF TECHNOLOGY AND SCIENCES,KARUNYA NAGAR COIMBATORE,COIMBATORE,Deemed to be University(Pvt),N,Y,1-3672511631,fetchdata,2022-2023,Engineering and Technology,1,1,1,1,Tamil Nadu,1
1-10967971721,THANAPANDIYAN POLYTECHNIC COLLEGE,"THANAPANDIYAN NAGAR, AUSTINPATTY ROAD,",MADURAI,Private-Self Financing,N,N,1-507374661,fetchdata,2022-2023,Engineering and Technology,1,1,1,1,Tamil Nadu,1
1-10968007363,PERIYAR MANIAMMAI INSTITUTE OF SCIENCE AND TECHNOLOGY  PMIST,PERIYAR NAGAR VALLAM,THANJAVUR,Deemed to be University(Pvt),N,N,1-3673702931,fetchdata,2022-2023,Engineering and Technology,1,1,1,1,Tamil Nadu,1
1-10968041077,THE CHRISTIAN INSTITUTE FOR TECHNICAL EDUCATION (POLYTECHNIC COLLEGE),"CHRISTIAN POLYTECHNIC COLLEGE, NEAR CHECK POST, ODDANCHATRAM - 624 619, DINDIGUL DIST, TAMILNADU.",DINDIGUL,Private-Self Financing,N,Y,1-441418921,fetchdata,2022-2023,Engineering and Technology,1,1,1,1,Tamil Nadu,1
1-10968152027,BHARATH INSTITUTE OF SCIENCE AND TECHNOLOGY,"NO. 173, AGHARAM ROAD, SELAIYUR, CHENNAI - 600 073",KANCHIPURAM,Deemed to be University(Pvt),N,N,1-3672507201,fetchdata,2022-2023,Engineering and Technology,1,1,1,1,Tamil Nadu,1
1-10968043664,ARIYALUR ENGINNERING COLLEGE,"TRICHY - CHIDAMBARAM MAIN ROAD, KARUPPUR - SENAPATHY (PO)",ARIYALUR,Private-Self Financing,N,N,1-1488562551,fetchdata,2022-2023,Engineering and Technology,1,1,1,1,Tamil Nadu,1
1-10968030220,SASURIE COLLEGE OF ENGINEERING,VIJAYAMANGALAM TIRUPPUR - 638 056,TIRUPPUR,Private-Self Financing,N,N,1-6114086,fetchdata,2022-2023,Engineering and Technology,1,1,1,1,Tamil Nadu,1
1-10968046483,CHANDY POLYTECHNIC COLLEGE,"CHANDY NAGAR, MULLAKKADU, THOOTHUKUDI",THOOTHUKUDI,Private-Self Financing,N,N,1-424086761,fetchdata,2022-2023,Engineering and Technology,1,1,1,1,Tamil Nadu,1
1-10968059840,ACADEMY OF MARITIME EDUCATION AND TRAINING DEEMED TO BE UNIVERSITY,"NO.135, EAST COAST ROAD, KANATHUR, REDDYKUPPAM, CHENNAI",KANCHIPURAM,Deemed to be University(Pvt),N,N,1-3638728491,fetchdata,2022-2023,Engineering and Technology,1,1,1,1,Tamil Nadu,1
1-10968048149,KURINJE POLYTECHNIC COLLEGE,"POTTAVELI VILLAGE, VIRUPATCHI (PO), KURINJIPADI",CUDDALORE,Private-Self Financing,N,N,1-2060195521,fetchdata,2022-2023,Engineering and Technology,1,1,1,1,Tamil Nadu,1
1-10968127446,GOVERNMENT COLLEGE OF ENGINEERING,VASAVI COLLEGE(PO) ERODE (DT) PIN -638316,ERODE,Government,N,N,1-7644701,fetchdata,2022-2023,Engineering and Technology,1,1,1,1,Tamil Nadu,1
1-10968158341,SATHYABAMA INSTITUTE OF SCIENCE AND TECHNOLOGY,"JEPPIAAR NAGAR, RAJIV GANDHI SALAI",KANCHIPURAM,Deemed to be University(Pvt),N,Y,1-3672332485,fetchdata,2022-2023,Engineering and Technology,1,1,1,1,Tamil Nadu,1
1-10973173807,UDHAYAM POLYTECHNIC COLLEGE,"THENKUDA, THANGACHIMADAM",RAMANATHAPURAM,Private-Self Financing,N,N,1-457956483,fetchdata,2022-2023,Engineering and Technology,1,1,1,1,Tamil Nadu,1
1-10973351417,VEL TECH HIGH TECH DR.RANGARAJAN DR.SAKUNTHALA ENGINEERING COLLEGE,"NO-60,VELTECH ROAD,AVADI",THIRUVALLUR,Private-Self Financing,N,Y,1-4011411,fetchdata,2022-2023,Engineering and Technology,1,1,1,1,Tamil Nadu,1
1-10973728993,SRI RAMACHANDRA FACULTY OF ENGINEERING AND TECHNOLOGY,"SRI RAMACHANDRA INSTITUTE OF HIGHER EDUCATION AND RESEARCH (DEEMED UNIVERSITY) NO.1, RAMACHANDRA NAGAR, PORUR, CHENNAI, TAMIL NADU 600116",THIRUVALLUR,Deemed to be University(Pvt),N,N,1-4865580891,fetchdata,2022-2023,Engineering and Technology,1,1,1,1,Tamil Nadu,1
1-10973753469,A M K TECHNOLOGICAL POLYTECHNIC COLLEGE,CHENNAI-BANGALARU HIGHWAY,THIRUVALLUR,Govt aided,N,N,1-405645191,fetchdata,2022-2023,Engineering and Technology,1,1,1,1,Tamil Nadu,1
1-10973781639,EASA COLLEGE OF ENGINEERING & TECHNOLOGY,"NH-47, PALAKKAD MAIN ROAD, NAVAKKARAI(PO), COIMBATORE-641105",COIMBATORE,Private-Self Financing,N,N,1-4367535,fetchdata,2022-2023,Engineering and Technology,1,1,1,1,Tamil Nadu,1
1-10973390156,P.R.ENGINEERING COLLEGE,"THANJAVUR-TRICHY HIGH WAYS VALLAM,THANJAVUR.",THANJAVUR,Private-Self Financing,N,N,1-11077531,fetchdata,2022-2023,Engineering and Technology,1,1,1,1,Tamil Nadu,1
1-10973497586,NANDHA ENGINEERING COLLEGE,"28, CHENNIMALAIPALAYAM ROAD,  PITCHANDAMPALAYAM (PO),  ERODE",ERODE,Private-Self Financing,N,N,1-6156963,fetchdata,2022-2023,Engineering and Technology,1,1,1,1,Tamil Nadu,1
1-10973568950,MAHALAKSHMI ENGINEERING COLLEGE,"MAHALAKSHMI NAGAR, TRICHY - SALEM MAIN ROAD",TIRUCHIRAPPALLI,Private-Self Financing,N,N,1-400503141,fetchdata,2022-2023,Engineering and Technology,1,1,1,1,Tamil Nadu,1
1-10973571944,DR N.G.P.INSTITUTE OF TECHNOLOGY,"DR N.G.P.NAGAR, KALAPATTI ROAD COIMBATORE PIN :641 048",COIMBATORE,Private-Self Financing,N,N,1-4311754,fetchdata,2022-2023,Engineering and Technology,1,1,1,1,Tamil Nadu,1
1-10973628616,DHAANISH AHMED INSTITUTE OF TECHNOLOGY,PICHANUR VILLAGE,COIMBATORE,Private-Self Financing,N,N,1-1448217351,fetchdata,2022-2023,Engineering and Technology,1,1,1,1,Tamil Nadu,1
1-10973681753,DR. SIVANTHI ADITANAR COLLEGE OF ENGINEERING,"TIRUNELVELI ROAD, TIRUCHENDUR - 628215",THOOTHUKUDI,Private-Self Financing,N,N,1-5775241,fetchdata,2022-2023,Engineering and Technology,1,1,1,1,Tamil Nadu,1
1-10973683498,SRI ESHWAR COLLEGE OF ENGINEERING,KONDAMPATTI POST VADASITHUR VIA COIMBATORE-641202 TAMILNADU,COIMBATORE,Private-Self Financing,N,N,1-4166771,fetchdata,2022-2023,Engineering and Technology,1,1,1,1,Tamil Nadu,1
1-10973759405,FRANCIS XAVIER ENGINEERING COLLEGE,"103 G2, BY PASS ROAD, VANNARPETTAI TIRUNELVELI - 627 003",TIRUNELVELI,Private-Self Financing,N,Y,1-4821331,fetchdata,2022-2023,Engineering and Technology,1,1,1,1,Tamil Nadu,1
1-10973395147,THE SURABI COLLEGE OF POLYTECHNIC,"NAMAKKAL - TIRUCHENGODE ROAD, MANIKATTIPUDUR, NALLIPALAYAM POST NAMAKKAL",NAMAKKAL,Private-Self Financing,N,N,1-480917461,fetchdata,2022-2023,Engineering and Technology,1,1,1,1,Tamil Nadu,1
1-10973544325,S.VEERASAMY CHETTIAR COLLEGE OF ENGINEERING AND TECHNOLOGY,"S.V. NAGAR, PULIANGUDI (PO), SIVAGIRI (TK), TIRUNELVELI (DIST), TAMIL NADU, PIN-627855.",TIRUNELVELI,Private-Self Financing,N,N,1-414297172,fetchdata,2022-2023,Engineering and Technology,1,1,1,1,Tamil Nadu,1
1-10973576577,SRI JAYARAM INSTITUTE OF ENGINEERING AND TECHNOLOGY,"51 N ELAVUR, 58 N NATHAM VILLAGE,GUMUDIPOONDI TALUK, THIRUVALLUR DISTRICT, TAMIL NADU. PIN 601201",THIRUVALLUR,Private-Self Financing,N,N,1-2186354961,fetchdata,2022-2023,Engineering and Technology,1,1,1,1,Tamil Nadu,1
1-10973364679,SRI RAAJA RAAJAN COLLEGE OF ENGINEERING AND TECHNOLOGY,"NO:146/4B1,AMARAVATHI VILLAGE,AMARAVATHYPUDHUR(POST),KARAIKUDI(TALUK) SIVAGANGAI(DISTRICT)",SIVAGANGA,Private-Self Financing,N,N,1-7277651,fetchdata,2022-2023,Engineering and Technology,1,1,1,1,Tamil Nadu,1
1-10973433250,SRI RAMAKRISHNA ENGINEERING COLLEGE,"VATTAMALAIPALAYAM, N.G.G.O COLONY(POST), COIMABATORE-641022. TAMILNADU.",COIMBATORE,Private-Self Financing,N,N,1-11762850,fetchdata,2022-2023,Engineering and Technology,1,1,1,1,Tamil Nadu,1
1-10973435132,K.S.RANGASAMY COLLEGE OF TECHNOLOGY,"K.S.R KALVI NAGAR, THOKKAVADI, TIRUCHENGODE TK, 637 215.",NAMAKKAL,Private-Self Financing,N,N,1-2494827,fetchdata,2022-2023,Engineering and Technology,1,1,1,1,Tamil Nadu,1
1-10973508933,SRI RAGAVENDRA POLYTECHNIC COLLEGE,"ROTARY NAGAR, NEW PALLIPALAYAM ROAD, KOMARAPALAYAM, TIRUCHENGODU TALUK, NAMAKKAL DISTRICT.",NAMAKKAL,Private-Self Financing,N,N,1-435225131,fetchdata,2022-2023,Engineering and Technology,1,1,1,1,Tamil Nadu,1
1-10973547997,THIRU RAMAKRISHNA NALLAMMAI POLYTECHNIC COLLEGE,NALLAMMAI NAGAR,TIRUPPUR,Private-Self Financing,N,N,1-428161181,fetchdata,2022-2023,Engineering and Technology,1,1,1,1,Tamil Nadu,1
1-10973580330,GNANAMANI COLLEGE OF TECHNOLOGY,"NH-7, A.K. SAMUTHIRAM, PACHAL POST, NAMAKKAL DISTRICT, TAMILNADU PIN 637018",NAMAKKAL,Private-Self Financing,N,Y,1-4594881,fetchdata,2022-2023,Engineering and Technology,1,1,1,1,Tamil Nadu,1
1-10973659396,RANE POLYTECHNIC TECHNICAL CAMPUS,NO.82 SETHURAPATTI VILLAGE FATHIMANAGAR P.O.,TIRUCHIRAPPALLI,Private-Self Financing,N,N,1-458066531,fetchdata,2022-2023,Engineering and Technology,1,1,1,1,Tamil Nadu,1
1-10973688482,ELUMALAIYAN POLYTECHNIC COLLEGE,"THIRUVARUR MAIN  ROAD, KOLLUMANGUDI, NANNILAM TALUK",THIRUVARUR,Private-Self Financing,N,N,1-435504153,fetchdata,2022-2023,Engineering and Technology,1,1,1,1,Tamil Nadu,1
1-10973366121,LAXMINARAYANA POLYTECHNIC COLLEGE,"SALEM DHARMAPURI MAIN ROAD, BAGALAHALLI(PO),DHARMAPURI(TK)",DHARMAPURI,Private-Self Financing,N,N,1-405934101,fetchdata,2022-2023,Engineering and Technology,1,1,1,1,Tamil Nadu,1
1-10973439240,N.P.R COLLEGE OF ENGINEERING & TECHNOLOGY,PUNNAPPATTI VILLAGE ULUPPAKUDI  NATHAM DINDIGUL (DT),DINDIGUL,Private-Self Financing,N,N,1-2402534,fetchdata,2022-2023,Engineering and Technology,1,1,1,1,Tamil Nadu,1
1-10973715787,VELAMMAL ENGINEERING COLLEGE (ENGG. & TECH),VELAMMAL NAGAR AMBATTUR-REDHILLS ROAD SURAPET CHENNAI - 600 066 TAMIL NADU,THIRUVALLUR,Private-Self Financing,N,N,1-22834965,fetchdata,2022-2023,Engineering and Technology,1,1,1,1,Tamil Nadu,1
1-10973368103,EASWARI ENGINEERING COLLEGE,"BHARATHI SALAI, RAMAPURAM, CHENNAI - 600 089",THIRUVALLUR,Private-Self Financing,N,Y,1-4156271,fetchdata,2022-2023,Engineering and Technology,1,1,1,1,Tamil Nadu,1
1-10973512238,J.J. POLYTECHNIC COLLEGE,"AMMAPETTAI, POOLANGULATHUPPATTI POST.",TIRUCHIRAPPALLI,Private-Self Financing,N,N,1-405756891,fetchdata,2022-2023,Engineering and Technology,1,1,1,1,Tamil Nadu,1
1-10973638691,SOLAMALAI COLLEGE OF ENGINEERING,"RAJA COLLEGE OF ENGINEERING AND TECHNOLOGY, S.V. RAJA NAGAR, VEERAPANJAN, MADURAII- 625 020",MADURAI,Private-Self Financing,N,N,1-6780865,fetchdata,2022-2023,Engineering and Technology,1,1,1,1,Tamil Nadu,1
1-10973804299,LORD VENKATESHWARAA ENGINEERING COLLEGE,"PULIAMBAKKAM, WALAJABAD KANCHIPURAM DT TAMIL NADU 631605",KANCHIPURAM,Private-Self Financing,N,N,1-8843583,fetchdata,2022-2023,Engineering and Technology,1,1,1,1,Tamil Nadu,1
1-10973613365,GOVERNMENT POLYTECHNIC COLLEGE,"DHARMAPURI DISTRICT CO-OP SUGAR MILLS POLYTECHNIC COLLEGE,PALACODE",DHARMAPURI,Government,N,N,1-437046341,fetchdata,2022-2023,Engineering and Technology,1,1,1,1,Tamil Nadu,1
1-10973641576,NATIONAL ENGINEERING COLLEGE,"K.R.NAGAR, NALATTINPUTHUR, KOVILPATTI, TUTICORIN DISTRICT, TAMILNADU.",THOOTHUKUDI,Private-Self Financing,N,N,1-6350609,fetchdata,2022-2023,Engineering and Technology,1,1,1,1,Tamil Nadu,1
1-10973665577,R.M.K. ENGINEERING COLLEGE,"RSM NAGAR, KAVARAIPETTAI,GUMMIDIPOONDI TALUK,",THIRUVALLUR,Private-Self Financing,N,Y,1-2019411,fetchdata,2022-2023,Engineering and Technology,1,1,1,1,Tamil Nadu,1
1-10973694083,PAVENDAR BHARATHIDASAN POLYTECHNIC COLLEGE,"NATARAJ NAGAR, MATHUR, PUDUKKOTTAI MAIN ROAD, TRICHY-620024",TIRUCHIRAPPALLI,Private-Self Financing,N,N,1-440472491,fetchdata,2022-2023,Engineering and Technology,1,1,1,1,Tamil Nadu,1
1-10973721142,CHENDU COLLEGE OF ENGINEERING AND TECHNOLOGY,ZAMIN ENDATHUR VILLAGE,KANCHIPURAM,Private-Self Financing,N,Y,1-8102521,fetchdata,2022-2023,Engineering and Technology,1,1,1,1,Tamil Nadu,1
1-10973774242,STELLA MARY'S COLLEGE OF ENGINEERING,"ARUNTHENKANVILAI, AZHIKAL",KANYAKUMARI,Private-Self Financing,N,N,1-798094521,fetchdata,2022-2023,Engineering and Technology,1,1,1,1,Tamil Nadu,1
1-10973591346,ST.MOTHER THERESA ENGINEERING COLLEGE,VAGAIKULAM MUDIVAITHANENDAL POST TUTICORIN DISTRICT PIN CODE - 628102,THOOTHUKUDI,Private-Self Financing,N,Y,1-6373301,fetchdata,2022-2023,Engineering and Technology,1,1,1,1,Tamil Nadu,1
1-10973748708,P.T.R. COLLEGE OF ENGINEERING & TECHNOLOGY,"THANAPANDIYAN NAGAR, MADURAI - TIRUMANGALAM ROAD, MADURAI - 625 008",MADURAI,Private-Self Financing,N,N,1-35288461,fetchdata,2022-2023,Engineering and Technology,1,1,1,1,Tamil Nadu,1
1-10973750032,NEHRU INSTITUTE OF TECHNOLOGY,JAWAHAR GARDENS KALIAPURAM THIRUMALAYAMPALAYAM COIMBATORE-641105,COIMBATORE,Private-Self Financing,N,N,1-3892556,fetchdata,2022-2023,Engineering and Technology,1,1,1,1,Tamil Nadu,1
1-10973521739,MEPCO SCHLENK ENGINEERING COLLEGE,"SIVAKASI, MEPCO ENGINEERING COLLEGE POST - 626 005 VIRUDHUNAGAR DISTRICT, TAMILNADU",VIRUDHUNAGAR,Private-Self Financing,N,N,1-26270263,fetchdata,2022-2023,Engineering and Technology,1,1,1,1,Tamil Nadu,1
1-10973645361,JERUSALEM COLLEGE OF ENGINEERING,"VELACHERY-TAMBARAM MAIN ROAD, NARAYANAPURAM, PALLIKKARANAI, CHENNAI-600 100",CHENNAI,Private-Self Financing,N,N,1-10612311,fetchdata,2022-2023,Engineering and Technology,1,1,1,1,Tamil Nadu,1
1-10973649545,ANJALAI AMMAL MAHALINGAM ENGINEERING COLLEGE,ANJALAI AMMAL MAHALINGAM ENGG COLLEGE KOVILVENNI,THIRUVARUR,Private-Self Financing,N,N,1-474076001,fetchdata,2022-2023,Engineering and Technology,1,1,1,1,Tamil Nadu,1
1-10973675117,P.V.POLYTECHNIC COLLEGE,"GINGEE ROAD, PELAKUPPAM VILLAGE",VILUPPURAM,Private-Self Financing,N,N,1-431177501,fetchdata,2022-2023,Engineering and Technology,1,1,1,1,Tamil Nadu,1
1-10973796545,C.ABDUL HAKEEM COLLEGE OF ENGINEERING & TECHNOLOGY,HAKEEM NAGAR,VELLORE,Private-Self Financing,N,Y,1-429696611,fetchdata,2022-2023,Engineering and Technology,1,1,1,1,Tamil Nadu,1
1-10973382939,PONNAIYAH RAMAJAYAM POLYTECHNIC COLLEGE,"KEELAPALAYAR VILLAGE, PATTEESWARAM (VIA), KUMBAKONAM",THANJAVUR,Private-Self Financing,N,N,1-448474883,fetchdata,2022-2023,Engineering and Technology,1,1,1,1,Tamil Nadu,1
1-10973187512,LORD JEGANNATH COLLEGE OF ENGINEERING AND TECHNOLOGY,PSN NAGAR RAMANATHICHANPUTHUR MARUNGOOR KANYAKUMARIDISTRICT,KANYAKUMARI,Private-Self Financing,N,N,1-11652185,fetchdata,2022-2023,Engineering and Technology,1,1,1,1,Tamil Nadu,1
1-10973297628,POLLACHI INSTITUTE OF ENGINEERING AND TECHNOLOGY,"S.F.NO:107/1, POOSARIPATTI VILLAGE POLLACHI TO DHARAPURAM ROAD, POOSARIPATTI(POST) POLLACHI 642205",COIMBATORE,Private-Self Financing,N,N,1-706724951,fetchdata,2022-2023,Engineering and Technology,1,1,1,1,Tamil Nadu,1
1-10973298018,MUTHAYAMMAL COLLEGE OF ENGINEERING,KAKKAVERI RASIPURAM,NAMAKKAL,Private-Self Financing,N,N,1-511454251,fetchdata,2022-2023,Engineering and Technology,1,1,1,1,Tamil Nadu,1
1-10973384749,KINGS COLLEGE OF ENGINEERING,PUNALKULAM VILLAGE GANDARVAKKOTTAI (TK) PUDUKKOTTAI (DIST),PUDUKKOTTAI,Private-Self Financing,N,N,1-2624954,fetchdata,2022-2023,Engineering and Technology,1,1,1,1,Tamil Nadu,1
1-10973453063,KARPAGA VINAYAGA COLLEGE OF ENGINEERING AND TECHNOLOGY,"GST ROAD, CHINNA KOLAMBAKKAM, PALAYANOOR PO, MADURANTAGAM TK,KANCHEEPURAM DIST-603308 TAMILNADU, INDIA.",KANCHIPURAM,Private-Self Financing,N,N,1-3930191,fetchdata,2022-2023,Engineering and Technology,1,1,1,1,Tamil Nadu,1
1-10973337272,SRG POLYTECHNIC COLLEGE,"NH-7, SALEM - NAMAKKAL ROAD, ATHANUR",NAMAKKAL,Private-Self Financing,N,N,1-463362451,fetchdata,2022-2023,Engineering and Technology,1,1,1,1,Tamil Nadu,1
1-10973388415,THE KAVERY INSTITUTE OF TECHNOLOGY,"KAVERY NAGAR, M.KALIPATTI (PO),MECHERI, METTUR (TK), SALEM (DT)",SALEM,Private-Self Financing,N,N,1-465989121,fetchdata,2022-2023,Engineering and Technology,1,1,1,1,Tamil Nadu,1
1-10973420865,MADHA ENGINEERING COLLEGE,"MADHA NAGAR, SOMANGALAM ROAD, KUNDRATHUR, CHENNAI-600 069",KANCHIPURAM,Private-Self Financing,N,Y,1-4680190,fetchdata,2022-2023,Engineering and Technology,1,1,1,1,Tamil Nadu,1
1-10973458670,MAHENDRA INSTITUTE OF ENGINEERING AND TECHNOLOGY,"MAHENDIRAPURI, MALLASAMUDRAM WEST, VADUGAPLAYAM POST, TIRUCHENGODE TALUK, NAMAKKAL DISTRICT",NAMAKKAL,Private-Self Financing,N,N,1-9870741,fetchdata,2022-2023,Engineering and Technology,1,1,1,1,Tamil Nadu,1
1-10973488474,VANDAYAR ENGINEERING COLLEGE,"PULAVARNATHAM(PO), MARIAMMANKOVIL(VIA), NAGAI MAIN ROAD, THANJAVUR - 613501. TAMIL NADU",THANJAVUR,Private-Self Financing,N,N,1-4697197,fetchdata,2022-2023,Engineering and Technology,1,1,1,1,Tamil Nadu,1
1-10973223737,JAI SHRIRAM ENGINEERING COLLEGE,DHARAPURAM ROAD,TIRUPPUR,Private-Self Financing,N,N,1-4165413,fetchdata,2022-2023,Engineering and Technology,1,1,1,1,Tamil Nadu,1
1-10973225356,RAJALAKSHMI INSTITUTE OF TECHNOLOGY,BANGALORE HIGHWAY ROAD KUTHAMBAKKAM CHENNAI - 600 124,THIRUVALLUR,Private-Self Financing,N,Y,1-10086261,fetchdata,2022-2023,Engineering and Technology,1,1,1,1,Tamil Nadu,1
1-10973253723,VELS INSTITUTE OF SCIENCE TECHNOLOGY AND ADVANCED STUDIES,"VELAN NAGAR, P.V.VAITHIYALINGAM ROAD,",KANCHIPURAM,Deemed to be University(Pvt),N,N,1-3628130411,fetchdata,2022-2023,Engineering and Technology,1,1,1,1,Tamil Nadu,1
1-10973304869,JEI MATHAAJEE COLLEGE OF ENGINEERING,"NO. 124, VISHAKANDIKUPPAM VILLAGE, SIRUVAKKAM POST KANCHIPURAM",KANCHIPURAM,Private-Self Financing,N,N,1-17330985,fetchdata,2022-2023,Engineering and Technology,1,1,1,1,Tamil Nadu,1
1-10973340728,KCG COLLEGE OF TECHNOLOGY,RAJIV GANDHI SALAI KARAPAKKAM CHENNAI - 600 097,KANCHIPURAM,Private-Self Financing,N,Y,1-4401459,fetchdata,2022-2023,Engineering and Technology,1,1,1,1,Tamil Nadu,1
1-10973493266,MISRIMAL NAVAJEE MUNOTH JAIN ENGINEERING COLLEGE,"GURU MARUDHAR KESARI BUILDING, JYOTHI NAGAR, THORAPAKKAM, CHENNAI - 600097.",CHENNAI,Private-Self Financing,N,Y,1-4796841,fetchdata,2022-2023,Engineering and Technology,1,1,1,1,Tamil Nadu,1
1-10973530009,ARULMIGU THIRUPURASUNDARI AMMAN POLYTECHNIC COLLEGE,EGAI VILLAGE PULIYUR POST THIRUKKALUKUNDARAM,KANCHIPURAM,Private-Self Financing,N,N,1-425524863,fetchdata,2022-2023,Engineering and Technology,1,1,1,1,Tamil Nadu,1
1-10973195627,VALLIAMMAI POLYTECHNIC COLLEGE,SRM NAGAR POTHERI KATTANKULATHUR (PO),KANCHIPURAM,Private-Self Financing,N,Y,1-445115411,fetchdata,2022-2023,Engineering and Technology,1,1,1,1,Tamil Nadu,1
1-10973196883,TIRUTTANI POLYTECHNIC COLLEGE,"LAKSHMAPURAM VILLAGE, NABALURE  PO, TIRUTTANI  TK, THURUVALLURE  DT.",THIRUVALLUR,Private-Self Financing,N,N,1-516015561,fetchdata,2022-2023,Engineering and Technology,1,1,1,1,Tamil Nadu,1
1-10973273093,KRISHNASAMY COLLEGE OF ENGINEERING & TECHNOLOGY,"NELLIKUPPAM MAIN ROAD, S. KUMARAPURAM, CUDDALORE, TAMIL NADU, SOUTH INDIA",CUDDALORE,Private-Self Financing,N,Y,1-7482741,fetchdata,2022-2023,Engineering and Technology,1,1,1,1,Tamil Nadu,1
1-10973308116,PSN INSTITUTE OF TECHNOLOGY & SCIENCE,"MELATHEDIYOOR, PALAYAMKOTTAI TALUK, TIRUNELVELI",TIRUNELVELI,Private-Self Financing,N,N,1-10064364,fetchdata,2022-2023,Engineering and Technology,1,1,1,1,Tamil Nadu,1
1-10973594653,PET ENGINEERING COLLEGE,THIRUCHENDUR ROAD VALLIOOR,TIRUNELVELI,Private-Self Financing,N,Y,1-3766781,fetchdata,2022-2023,Engineering and Technology,1,1,1,1,Tamil Nadu,1
1-10973197071,HI-TECH POLYTECHNIC COLLEGE,SAMUGARANGAPURAM RADHAPURAM TALUK TIRUNELVELI DISTRICT,TIRUNELVELI,Private-Self Financing,N,Y,1-501779781,fetchdata,2022-2023,Engineering and Technology,1,1,1,1,Tamil Nadu,1
1-10973274643,INFANT JESUS COLLEGE OF ENGINEERING,"KAMARAJAR NAGAR, TIRUNELVELI - THOOTHUKUDI HIGHWAY (NH-7A), KEELAVALLANADU VILLAGE, ELLANAYAKKAN PATTI POST, SRIVAIKUNDAM TALUK, THOOTHUKUDI DISTRICT. PIN CODE - 628851",THOOTHUKUDI,Private-Self Financing,N,Y,1-4553557,fetchdata,2022-2023,Engineering and Technology,1,1,1,1,Tamil Nadu,1
1-10973328929,SRI DURGADEVI POLYTECHNIC COLLEGE,"R.S.M. NAGAR, KAVARAIPETTAI, GUMMIDIPOONDI TALUK",THIRUVALLUR,Private-Self Financing,N,Y,1-407010941,fetchdata,2022-2023,Engineering and Technology,1,1,1,1,Tamil Nadu,1
1-10973534580,DMI COLLEGE OF ENGINEERING,"ST.JOSEPH'S TOWN, MEVALURKUPPAM B VILLAGE, NAZARETHPET POST, PALANCHUR,",KANCHIPURAM,Private-Self Financing,N,Y,1-3584027,fetchdata,2022-2023,Engineering and Technology,1,1,1,1,Tamil Nadu,1
1-10974466241,ANNAI VELANKANNI POLYTECHNIC COLLEGE,"NO.8 SALEM MAIN ROAD, ANGUCHETTYPALAYAM, SIRUVATHUR POST, PANRUTI TALUK CUDDALORE DISTRICT TAMILNADU",CUDDALORE,Private-Self Financing,N,N,1-413810171,fetchdata,2022-2023,Engineering and Technology,1,1,1,1,Tamil Nadu,1
1-10974466499,SRI ANDAL NACHIYAR POLYTECHNIC COLLEGE,"ETHILAPPANAYAKKANPATTY VILLAGE, ETTAYAPURAM TALUK, TUTICORIN DISTRICT",THOOTHUKUDI,Private-Self Financing,N,N,1-2062492931,fetchdata,2022-2023,Engineering and Technology,1,1,1,1,Tamil Nadu,1
1-10974523536,SRI RAMAKRISHNA COLLEGE OF ENGINEERING,"SRI SARADHA NAGAR, NH - 45,",PERAMBALUR,Private-Self Financing,N,N,1-452176511,fetchdata,2022-2023,Engineering and Technology,1,1,1,1,Tamil Nadu,1
1-10974525149,PARISUTHAM INSTITUTE OF TECHNOLOGY & SCIENCE,"NH 67 RING ROAD, NANJIKOTTAI,        THANJAVUR - 613006, TAMILNADU",THANJAVUR,Private-Self Financing,N,Y,1-3797271,fetchdata,2022-2023,Engineering and Technology,1,1,1,1,Tamil Nadu,1
1-10974551028,IMAYAM COLLEGE OF ENGINEERING,"KANNANUR, THURAIYUR(T.K), TRICHY(D.T), 621 206.",TIRUCHIRAPPALLI,Private-Self Financing,N,N,1-7270423,fetchdata,2022-2023,Engineering and Technology,1,1,1,1,Tamil Nadu,1
1-10974662889,INSTITUTE OF PRINTING TECHNOLOGY,CIT CAMPUS THARAMANI CHENNAI,CHENNAI,Government,N,N,1-500984231,fetchdata,2022-2023,Engineering and Technology,1,1,1,1,Tamil Nadu,1
1-10974680769,THEVANESAM  ERUDHAYA AMMAL POLYTECHNIC COLLEGE,"SF NO 153,154,155 , VEMBER              THOOTHUKUDI DISTRICT,  TAMIL NADU-628906",THOOTHUKUDI,Private-Self Financing,N,N,1-458286343,fetchdata,2022-2023,Engineering and Technology,1,1,1,1,Tamil Nadu,1
1-10974724860,SRI VENKATESWARA INSTITUTE OF SCIENCE & TECHNOLOGY,"KOLUNDHALUR, THIRUVALLUR TALUK & DISTRICT,               TAMIL NADU STATE",THIRUVALLUR,Private-Self Financing,N,Y,1-4838164,fetchdata,2022-2023,Engineering and Technology,1,1,1,1,Tamil Nadu,1
1-10974725373,C..M.ANNAMALAI POLYTECHNIC COLLEGE,"THIRUTHANI HIGH ROAD, VELLATHUR VILLAGE, ADHIVARAGAPURAM  POST, PALLIPET TALUK, THIRUVALLUR DISTRICT",THIRUVALLUR,Private-Self Financing,N,N,1-413854711,fetchdata,2022-2023,Engineering and Technology,1,1,1,1,Tamil Nadu,1
1-10974726544,DHIVYA POLYTECHNIC COLLEGE,"GINGEE ROAD, CHETPET,  POLUR TALUK",TIRUVANNAMALAI,Private-Self Financing,N,N,1-440210971,fetchdata,2022-2023,Engineering and Technology,1,1,1,1,Tamil Nadu,1
1-10974806311,PANIMALAR ENGINEERING COLLEGE,"BANGALORE TRUNK ROAD, NAZARATHPET, VARADHARAJAPURAM, POONAMALLEE, THIRUVALLUR(DT)",THIRUVALLUR,Private-Self Financing,N,Y,1-4022409,fetchdata,2022-2023,Engineering and Technology,1,1,1,1,Tamil Nadu,1
1-10974553847,CSIR - CENTRAL ELECTROCHEMICAL RESEARCH INSTITUTE,"CENTRAL ELECTROCHEMICAL RESEARCH INSTITUTE, KARAIKUDI",SIVAGANGA,Government,N,N,1-454237241,fetchdata,2022-2023,Engineering and Technology,1,1,1,1,Tamil Nadu,1
1-10974604073,T.J.S.POLYTECHNIC COLLEGE,"T.J.S.NAGAR, PERUVOYAL",THIRUVALLUR,Private-Self Financing,N,N,1-452881331,fetchdata,2022-2023,Engineering and Technology,1,1,1,1,Tamil Nadu,1
1-10974648595,KUMARAN POLYTECHNIC COLLEGE,"KANIAMBAKKAM VILLAGE,DEVATHANAM POST,PONNERI TALUK",THIRUVALLUR,Private-Self Financing,N,N,1-776709841,fetchdata,2022-2023,Engineering and Technology,1,1,1,1,Tamil Nadu,1
1-10974682921,INSTITUTE OF TEXTILE TECHNOLOGY,"C.I.T CAMPUS, THARAMANI",CHENNAI,Government,N,N,1-500053382,fetchdata,2022-2023,Engineering and Technology,1,1,1,1,Tamil Nadu,1
1-10974555301,GANDHI POLYTECHNIC COLLEGE,"GANDHI KALVI NAGAR, SATHY- COIMBATORE NH ROAD, D.NO.394, VINNAPPALLI, SATHYAMANGALAM",ERODE,Private-Self Financing,N,N,1-455201421,fetchdata,2022-2023,Engineering and Technology,1,1,1,1,Tamil Nadu,1
1-10974555585,AISHWARYA POLYTECHNIC COLLEGE,"ERRATTAIKARADU, PARUVACH(PO), BHAVANI(TK), ERODE(DT)",ERODE,Private-Self Financing,N,N,1-425541591,fetchdata,2022-2023,Engineering and Technology,1,1,1,1,Tamil Nadu,1
1-10974588840,R.M.D. ENGINEERING COLLEGE,"R.S.M. NAGAR,  GUMMIDIPOONDI TALUK",THIRUVALLUR,Private-Self Financing,N,Y,1-3136641,fetchdata,2022-2023,Engineering and Technology,1,1,1,1,Tamil Nadu,1
1-10974629906,SRI RANGAPOOPATHI COLLEGE OF ENGINEERING,"ALAMPOONDI VILLAGE & POST, GINGEE TALUK, VILLUPURAM DISTRICT",VILUPPURAM,Private-Self Financing,N,N,1-8270741,fetchdata,2022-2023,Engineering and Technology,1,1,1,1,Tamil Nadu,1
1-10974631221,N.A.MANJAMMAL POLYTECHNIC COLLEGE,M.P.K POST (VIA) RAJAPALAYAM,VIRUDHUNAGAR,Private-Self Financing,N,N,1-490560413,fetchdata,2022-2023,Engineering and Technology,1,1,1,1,Tamil Nadu,1
1-10974811403,NYRUTHI POLYTECHNIC COLLEGE,"NH - 209, SATHY MAIN ROAD, KARIYAMPALAYAM POST, COIMBATORE - 641 653. TMAIL NADU INDIA",COIMBATORE,Private-Self Financing,N,N,1-7095791,fetchdata,2022-2023,Engineering and Technology,1,1,1,1,Tamil Nadu,1
1-10974836355,"GOVERNMENT POLYTECHNIC COLLEGE, ARIYALUR",KEEZHAPAZHUVUR VILLAGE,ARIYALUR,Government,N,N,1-2063780141,fetchdata,2022-2023,Engineering and Technology,1,1,1,1,Tamil Nadu,1
1-10974836507,ROHINI COLLEGE OF ENGINEERING AND TECHNOLOGY,PALKUMLAM KANYAKUMARI DISTRICT,KANYAKUMARI,Private-Self Financing,N,N,1-523681721,fetchdata,2022-2023,Engineering and Technology,1,1,1,1,Tamil Nadu,1
1-10974592672,VETRI VINAYAHA POLYTECHNIC COLLEGE,NAMAKKAL - TRICHY MAIN ROAD THOLURPATTI THOTTIAM,TIRUCHIRAPPALLI,Private-Self Financing,N,N,1-476149491,fetchdata,2022-2023,Engineering and Technology,1,1,1,1,Tamil Nadu,1
1-10974631490,MURUGA POLYTECHNIC COLLEGE,MELUR POST,VILUPPURAM,Private-Self Financing,N,N,1-433761563,fetchdata,2022-2023,Engineering and Technology,1,1,1,1,Tamil Nadu,1
1-10974633941,DON BOSCO POLYTECHNIC  COLLEGE,"106 D'CASTOR ROAD,  BASIN BRIDGE",CHENNAI,Private-Self Financing,N,Y,1-1349328411,fetchdata,2022-2023,Engineering and Technology,1,1,1,1,Tamil Nadu,1
1-10974650397,KALAIVANAR NSK POLYTECHNIC COLLEGE,VOC NAGAR CHENBAGARAMANPUTHOOR,KANYAKUMARI,Private-Self Financing,N,N,1-412675211,fetchdata,2022-2023,Engineering and Technology,1,1,1,1,Tamil Nadu,1
1-10974688085,A.V.C.COLLEGE OF ENGINEERING,MAYILADUTHURAI MANNAMPANDAL,NAGAPATTINAM,Private-Self Financing,N,N,1-3285877,fetchdata,2022-2023,Engineering and Technology,1,1,1,1,Tamil Nadu,1
1-10974710310,MURUGAPPA POLYTECHNIC COLLEGE,SATHYAMURTHY NAGAR AVADI CHENNAI-600 062,THIRUVALLUR,Govt aided,N,N,1-420973431,fetchdata,2022-2023,Engineering and Technology,1,1,1,1,Tamil Nadu,1
1-10974710804,SRI RAMAKRISHNA POLYTECHNIC COLLEGE,KOOTHAMBAKKAM VILLAGE BANAVARAM POST  ARAKKONAM TK  VELLORE DISTRICT TAMILNADU 632 505,VELLORE,Private-Self Financing,N,N,1-462120351,fetchdata,2022-2023,Engineering and Technology,1,1,1,1,Tamil Nadu,1
1-10974711986,AYYANADAR JANAKIAMMAL POLYTECHNIC COLLEGE,CHINNAKKAMANPATTI,VIRUDHUNAGAR,Govt aided,N,N,1-445619201,fetchdata,2022-2023,Engineering and Technology,1,1,1,1,Tamil Nadu,1
1-10974839177,KUMARAN POYTECHNIC COLLEGE,VELU NAGAR MATHUR TIRUVANNAMALAI,TIRUVANNAMALAI,Private-Self Financing,N,N,1-499988491,fetchdata,2022-2023,Engineering and Technology,1,1,1,1,Tamil Nadu,1
1-10974840490,DON BOSCO POLYTECHNIC COLLEGE,"ECR MAIN ROAD, KAZHIAPPANALLUR POST,  THARANGAMBADI TK, NAGAPATTINAM DT",NAGAPATTINAM,Private-Self Financing,N,N,1-458276801,fetchdata,2022-2023,Engineering and Technology,1,1,1,1,Tamil Nadu,1
1-10974593927,EASWAR POLYTECHNIC COLLEGE,"RETTAKURURICHI(POST), TITTAGUDI(TALUK)CUDDALORE(DISTRICT)",CUDDALORE,Private-Self Financing,N,N,1-2068747811,fetchdata,2022-2023,Engineering and Technology,1,1,1,1,Tamil Nadu,1
1-10974610056,VIVEKANANDA POLYTECHNIC COLLEGE,"NEYVELI MAIN ROAD, SEPLANATHAM & PO, NEYVELI, KURINJIPADI TALUK.",CUDDALORE,Private-Self Financing,N,N,1-451963041,fetchdata,2022-2023,Engineering and Technology,1,1,1,1,Tamil Nadu,1
1-10968582038,GOVERNMENT  POLYTECHNIC  COLLEGE,"RAGUNATHAPURAM,PAPANASAM TALUK,THANJAVUR  DISTRICT",THANJAVUR,Government,N,N,1-2873297751,fetchdata,2022-2023,Engineering and Technology,1,1,1,1,Tamil Nadu,1
1-10968596023,RUDHRAVENI MUTHUSWAMY POLYTECHNIC COLLEGE,"PALAPPAMPATTI, S.V.MILLS POST",TIRUPPUR,Private-Self Financing,N,N,1-429578191,fetchdata,2022-2023,Engineering and Technology,1,1,1,1,Tamil Nadu,1
1-10968624320,E.G.S. PILLAY POLYTECHNIC COLLEGE,"NAGORE MAIN ROAD, NAGORE POST NAGAPATTINAM",NAGAPATTINAM,Private-Self Financing,N,N,1-463824941,fetchdata,2022-2023,Engineering and Technology,1,1,1,1,Tamil Nadu,1
1-10968638264,SARDAR RAJA COLLEGE OF ENGINEERING,"RAJA NAGAR, ALANGULAM, TIRUNELVELI DIST, TAMILNADU.",TIRUNELVELI,Private-Self Financing,N,N,1-2894011,fetchdata,2022-2023,Engineering and Technology,1,1,1,1,Tamil Nadu,1
1-10968639791,GOVERNMENT POLYTECHNIC COLLEGE FOR WOMEN,"TPK ROAD,MADURAI 625011",MADURAI,Government,Y,N,1-479782641,fetchdata,2022-2023,Engineering and Technology,1,1,1,1,Tamil Nadu,1
1-10968946947,SRM INSTITUTE OF SCIENCE AND TECHNOLOGY  TIRUCHIRAPPALLI,"SRM NAGAR, TRICHY-CHENNAI NATIONAL HIGHWAY, NEAR SAMAYAPURAM, TIRUCHIRAPPALLI - 621105",TIRUCHIRAPPALLI,Deemed to be University(Pvt),N,N,1-7454394843,fetchdata,2022-2023,Engineering and Technology,1,1,1,1,Tamil Nadu,1
1-10968828749,UNIVERSITY COLLEGE OF ENGINEERING RAMANATHAPURAM,"EAST COAST ROAD,PULLANGUDI,RAMANATHAPUARAM 623513",RAMANATHAPURAM,State Government University,N,N,1-4628206602,fetchdata,2022-2023,Engineering and Technology,1,1,1,1,Tamil Nadu,1
1-10968948776,THE KAVERY POLYTECHNIC COLLEGE,"M. KALIPATTI POST, MECHERI, METTUR TALUK, SALEM DISTRICT.",SALEM,Private-Self Financing,N,N,1-435919431,fetchdata,2022-2023,Engineering and Technology,1,1,1,1,Tamil Nadu,1
1-10968968780,SRI RAMANUJAR ENGINEERING COLLEGE,"VANDALUR, KOLAPAKKAM, CHENNAI, TAMIL NADU",KANCHIPURAM,Private-Self Financing,N,N,1-8824101,fetchdata,2022-2023,Engineering and Technology,1,1,1,1,Tamil Nadu,1
1-10968994157,CHRISTIAN COLLEGE OF ENGINEERING AND TECHNOLOGY,"CHRISTIAN COLLEGE OF ENGINEERING AND TECHNOLOGY, NEAR CHECK POST, ODDANCHATRAM - 624 619, DINDIGUL DISTRICT, TAMILNADU.",DINDIGUL,Private-Self Financing,N,Y,1-4661491,fetchdata,2022-2023,Engineering and Technology,1,1,1,1,Tamil Nadu,1
1-10968699373,SAKTHI POLYTECHNIC COLLEGE,NACHIMUTHUPURAM SAKTHI NAGAR APPAKUDAL,ERODE,Govt aided,N,N,1-445676291,fetchdata,2022-2023,Engineering and Technology,1,1,1,1,Tamil Nadu,1
1-10968754581,P. A. POLYTECHNIC COLLEGE,POLLACHI,COIMBATORE,Private-Self Financing,N,N,1-466447981,fetchdata,2022-2023,Engineering and Technology,1,1,1,1,Tamil Nadu,1
1-10968800654,SETHU INSTITUTE OF TECHNOLOGY,PULLOOR KARIAPATTI,VIRUDHUNAGAR,Private-Self Financing,N,N,1-419556751,fetchdata,2022-2023,Engineering and Technology,1,1,1,1,Tamil Nadu,1
1-10968935094,ANNA UNIVERSITY REGIONAL CAMPUS TIRUNELVELI,"ANNA UNIVERSITY REGIONAL CAMPUS, TIRUNELVELI- 600025",CHENNAI,State Government University,N,N,1-7325438491,fetchdata,2022-2023,Engineering and Technology,1,1,1,1,Tamil Nadu,1
1-10968950283,MAILAM ENGINEERING COLLEGE,"MAILAM,  TINDIVANAM TALUK, VILLUPURAM DIST. PIN : 604 304.",VILUPPURAM,Private-Self Financing,N,N,1-10688251,fetchdata,2022-2023,Engineering and Technology,1,1,1,1,Tamil Nadu,1
1-10968970229,SAMUEL POLYTECHNIC COLLEGE,"V.E.RAJA NAGAR, MUDIVAITHANENDAL, VAGAIKULAM THOOTHUKUDI (DT)",THOOTHUKUDI,Private-Self Financing,N,Y,1-457130941,fetchdata,2022-2023,Engineering and Technology,1,1,1,1,Tamil Nadu,1
1-10968727617,SSM INSTITUTE OF ENGINEERING AND TECHNOLOGY,"KUTTATHUPATTI VILLAGE, BEGAMBUR POST, DINDIGUL TALUK, DINDIGUL DISTRICT, TAMILNADU",DINDIGUL,Private-Self Financing,N,N,1-415294961,fetchdata,2022-2023,Engineering and Technology,1,1,1,1,Tamil Nadu,1
1-10968729039,KONGUNADU POLYTECHNIC COLLEGE,PALAYAM (VIA) PUSARIPATTI PIRIVU,DINDIGUL,Private-Self Financing,N,N,1-475245811,fetchdata,2022-2023,Engineering and Technology,1,1,1,1,Tamil Nadu,1
1-10968804218,A.K.T.MEMORIAL COLLEGE OF ENGINEERING & TECHNOLOGY,"NEELAMANGALAM ( POST), KALLAKURICHI-TK VILLUPURAM-DIST PIN-606 202 TAMIL NADU",VILUPPURAM,Private-Self Financing,N,N,1-17747367,fetchdata,2022-2023,Engineering and Technology,1,1,1,1,Tamil Nadu,1
1-10968855998,CENTRAL INSTITUTE OF PETROCHEMICALS ENGINEERING & TECHNOLOGY (CIPET),"CIPET:CENTRE FOR SKILLING & TECHNICAL SUPPORT (CSTS) MINISTRY OF CHEMICALS AND FERTILIZERS, GOVT. OF INDIA, THIRUVATHAVUR, MELUR (TALUK), MADURAI (DISTRICT), TAMIL NADU - PIN:625 110",MADURAI,Government,N,N,1-486840961,fetchdata,2022-2023,Engineering and Technology,1,1,1,1,Tamil Nadu,1
1-10968951950,WORKSHOP TRAINING INSTITUTE,"WTI, AIR FORCE STATION TAMBARAM, CHENNAI-46",KANCHIPURAM,Government,N,N,1-1455442721,fetchdata,2022-2023,Engineering and Technology,1,1,1,1,Tamil Nadu,1
1-10968971870,VARUVAN VADIVELAN INSTITUTE OF TECHNOLOGY,"NH7 KRISHNAGIRI MAIN ROAD GUNDALAPATTY, DHARMAPURI. TAMILNADU",DHARMAPURI,Private-Self Financing,N,N,1-19730241,fetchdata,2022-2023,Engineering and Technology,1,1,1,1,Tamil Nadu,1
1-10969003368,GOVERNMENT COLLEGE OF TECHNOLOGY,THADAGAM ROAD COIMBATORE,COIMBATORE,Government,N,N,1-410916521,fetchdata,2022-2023,Engineering and Technology,1,1,1,1,Tamil Nadu,1
1-10968706149,RAMU - SEETHA POLYTECHNIC COLLEGE,RAMU - SEETHA NAGAR KARIAPATTI,VIRUDHUNAGAR,Private-Self Financing,N,N,1-404662901,fetchdata,2022-2023,Engineering and Technology,1,1,1,1,Tamil Nadu,1
1-10968729255,JESU POLYTECHNIC COLLEGE,"KALLALANGUDI(PO), ALANGUDI(TK), PUDUKKOTTAI(DT), 622301",PUDUKKOTTAI,Private-Self Financing,N,N,1-497077711,fetchdata,2022-2023,Engineering and Technology,1,1,1,1,Tamil Nadu,1
1-10968764149,SREE SASTHA INSTITUTE OF ENGINEERING AND TECHNOLOGY,CHENNAI - BANGALORE HIGHWAY  CHEMBARAMBAKKAM  CHENNAI - 600123.,THIRUVALLUR,Private-Self Financing,N,Y,1-445813093,fetchdata,2022-2023,Engineering and Technology,1,1,1,1,Tamil Nadu,1
1-10968835137,ANNAI TERESA COLLEGE OF ENGINEERING,"THIRUNAVALUR, ULUNDURPET TALUK",VILUPPURAM,Private-Self Financing,N,N,1-8546471,fetchdata,2022-2023,Engineering and Technology,1,1,1,1,Tamil Nadu,1
1-10968954482,ALAGAPPA CHETTIAR GOVERNMENT COLLEGE OF ENGINEERING AND TECHNOLOGY,KARAIKUDI SIVAGANGA DISTRICT PIN-630004 TAMILNADU,SIVAGANGA,Government,N,N,1-476065432,fetchdata,2022-2023,Engineering and Technology,1,1,1,1,Tamil Nadu,1
1-10968995916,DUSI POLYTECHNIC COLLEGE,"DUSI VILLAGE &POST, CHEYYAR TALUK, TIRUVANNAMALAI DISTRICT",TIRUVANNAMALAI,Private-Self Financing,N,N,1-438820481,fetchdata,2022-2023,Engineering and Technology,1,1,1,1,Tamil Nadu,1
1-10968997118,THE KONGU POLYTECHNIC COLLEGE,"KALLIYANVALASU, NH-7, TRICHY MAIN ROAD, MUKKUTHIPALAYAM (POST), MALLUR(VIA),",SALEM,Private-Self Financing,N,N,1-486943331,fetchdata,2022-2023,Engineering and Technology,1,1,1,1,Tamil Nadu,1
1-10968707580,SRI RAMAKRISHNA INSTITUTE OF TECHNOLOGY,"PACHAPALAYAM, PERUR CHETTIPALAYAM COIMBATORE - 641010",COIMBATORE,Private-Self Financing,N,N,1-7841521,fetchdata,2022-2023,Engineering and Technology,1,1,1,1,Tamil Nadu,1
1-10968708022,UDAYA POLYTECHNIC COLLEGE,"UDAYA NAGER, VELLAMODI JN, ESANTHANGU, AZHIKKAL POST, KANYAKUMARI DISTRICT, TAMILNADU.",KANYAKUMARI,Private-Self Financing,N,N,1-435531783,fetchdata,2022-2023,Engineering and Technology,1,1,1,1,Tamil Nadu,1
1-10968730905,P.T.LEE CHENGALVARAYA NAICKER COLLEGE OF ENGINEERING & TECHNOLOGY,"OOVERY, VELIYUR POST, KANCHIPURAM, KANCHIPURAM DT. PIN : 631 502. TAMIL NADU, SOUTH INDIA.",KANCHIPURAM,Private-Self Financing,N,N,1-8155938,fetchdata,2022-2023,Engineering and Technology,1,1,1,1,Tamil Nadu,1
1-10968858091,APOLLO POLYTECHNIC COLLEGE,"APOLLO POLYTECHNIC COLLEGE, MEVALOORKUPPAM, SRIPERUMBUDUR TALUK, KANCHIPURAM DISTRICT, TAMILNADU 602105",KANCHIPURAM,Private-Self Financing,N,N,1-455858691,fetchdata,2022-2023,Engineering and Technology,1,1,1,1,Tamil Nadu,1
1-10968877353,UNIVERSITY COLLEGE OF ENGINEERING,THIRUKKUVALAI,NAGAPATTINAM,Government,N,N,1-7365960051,fetchdata,2022-2023,Engineering and Technology,1,1,1,1,Tamil Nadu,1
1-10968892515,UNIVERSITY COLLEGE OF ENGINEERING PATTUKKOTTAI,UNIVERSITY COLLEGE OF ENGINEERING PATTUKKOTTAI,THANJAVUR,State Government University,N,N,1-7318381541,fetchdata,2022-2023,Engineering and Technology,1,1,1,1,Tamil Nadu,1
1-10968956236,MRK INSTITUTE OF TECHNOLOGY,"NATTARMANGALAM & POST, KATTUMANNARKOIL, PIN:608301",CUDDALORE,Private-Self Financing,N,N,1-4235331,fetchdata,2022-2023,Engineering and Technology,1,1,1,1,Tamil Nadu,1
1-10968709512,ANNAI VEILANKANNIS COLLEGE OF ENGINEERING,"33 GANDHI ROAD,NEDUNGUNDRAM",CHENNAI,Private-Self Financing,N,N,1-483503761,fetchdata,2022-2023,Engineering and Technology,1,1,1,1,Tamil Nadu,1
1-10968732421,SUBRAMANIAN POLYTECHNIC COLLEGE,"RAYAVARAM, THIRUMAYAM(TK)",PUDUKKOTTAI,Private-Self Financing,N,N,1-488700101,fetchdata,2022-2023,Engineering and Technology,1,1,1,1,Tamil Nadu,1
1-10968838331,PARAMVEER POLYTECHNIC COLLEGE,"DHARMAPURI MAIN ROAD, PAPPARAPATTI, DHARMAPURI. 636809",DHARMAPURI,Private-Self Financing,N,N,1-505141471,fetchdata,2022-2023,Engineering and Technology,1,1,1,1,Tamil Nadu,1
1-10968838581,SHREENIVASA POLYTECHNIC COLLEGE,"B.PALLIPATTI (P.O), PAPPIREDDIPATTI (T.K), DHARMAPURI (D.T), PIN - 635 301.",DHARMAPURI,Private-Self Financing,N,N,1-441537821,fetchdata,2022-2023,Engineering and Technology,1,1,1,1,Tamil Nadu,1
1-10968942230,PERIYAR UNIVERSITY,PERIYAR PALKALAI NAGAR,SALEM,Government,N,N,1-7354617041,fetchdata,2022-2023,Engineering and Technology,1,1,1,1,Tamil Nadu,1
1-10968958889,MODERN POLYTECHNIC COLLEGE,"VIRUTHACHALAM ROAD,MAHIMAIPURAM,JAYANKONDAM",ARIYALUR,Private-Self Financing,N,N,1-508675161,fetchdata,2022-2023,Engineering and Technology,1,1,1,1,Tamil Nadu,1
1-10968976442,"GOVERNMENT POLYTECHNIC COLLEGE , ARANTHANGI",AVUDAIYAR KOIL ROAD ARANTHANGI,PUDUKKOTTAI,Government,N,N,1-461813733,fetchdata,2022-2023,Engineering and Technology,1,1,1,1,Tamil Nadu,1
1-10968977663,JAYA SAKTHI ENGINEERING COLLEGE,"ST.MARY'S NAGAR,THIRUNINRAVUR,(NEAR AVADI), CHENNAI-602 024",THIRUVALLUR,Private-Self Financing,N,Y,1-10762621,fetchdata,2022-2023,Engineering and Technology,1,1,1,1,Tamil Nadu,1
1-10968978027,VETRI VINAYAHA COLLEGE OF ENGINEERING AND TECHNOLOGY,"VETRI VINAYAHA COLLEGE OF ENGINEERING AND TECHNOLOGY THOLURPATTI, THOTTIAM-621215 TRICHY(DT).",TIRUCHIRAPPALLI,Private-Self Financing,N,N,1-5338244,fetchdata,2022-2023,Engineering and Technology,1,1,1,1,Tamil Nadu,1
1-10968713324,SRI BALAJI CHOCKALINGAM ENGINEERING COLLEGE,"IRUMBEDU, ARNI T.K., ARNI TIRUVANNAMALAI DIST.,",TIRUVANNAMALAI,Private-Self Financing,N,N,1-2189847,fetchdata,2022-2023,Engineering and Technology,1,1,1,1,Tamil Nadu,1
1-10968979626,THENI KAMMAVAR SANGAM COLLEGE OF TECHNOLOGY,"THENI MAIN ROAD, KODUVILARPATTI (P.O) VEERAPANDI (VIA), THENI-DT- 625534",THENI,Private-Self Financing,N,N,1-14439301,fetchdata,2022-2023,Engineering and Technology,1,1,1,1,Tamil Nadu,1
1-10968713722,VENKATRAMANA POLYTECHNIC COLLEGE,"VENKATTAPURAM,45A, VELLIYANAI SOUTH VILLAGE, KARUR TALUK KARUR DISTRICT",KARUR,Private-Self Financing,N,N,1-410024651,fetchdata,2022-2023,Engineering and Technology,1,1,1,1,Tamil Nadu,1
1-10968739406,SMR EAST COAST COLLEGE OF ENGINEERING AND TECHNOLOGY,"EAST COAST ROAD, SOMANATHAPATTINAM,",THANJAVUR,Private-Self Financing,N,N,1-4791491,fetchdata,2022-2023,Engineering and Technology,1,1,1,1,Tamil Nadu,1
1-10968841870,ARASU POLYTECHNIC COLLEGE,"CHENNAI MAIN ROAD, THIRUVISANALLUR VILLAGE, THIRUVIDAIMARUTHUR TALUK, KUMBAKONAM - 612501, THANJAVUR DISTRICT",THANJAVUR,Private-Self Financing,N,N,1-2471463941,fetchdata,2022-2023,Engineering and Technology,1,1,1,1,Tamil Nadu,1
1-10968961947,THIRUVALLUVAR POLYTECHNIC COLLEGE,"SOOLAPPURAM, ELUMALAI, MADURAI DIST",MADURAI,Private-Self Financing,N,N,1-511989461,fetchdata,2022-2023,Engineering and Technology,1,1,1,1,Tamil Nadu,1
1-10968962131,GOVERNMENT POLYTECHNIC COLLEGE,"GOVT. POLYTECHNIC COLLEGE, KONAM NAGERCOIL - 4",KANYAKUMARI,Government,N,N,1-431068831,fetchdata,2022-2023,Engineering and Technology,1,1,1,1,Tamil Nadu,1
1-10968980972,BUILDERS ENGINEERING COLLEGE,EBET KNOWLEDGE PARK ERODE ROAD NATHAKADAIYUR KANGEYAM,TIRUPPUR,Private-Self Financing,N,N,1-3289861,fetchdata,2022-2023,Engineering and Technology,1,1,1,1,Tamil Nadu,1
1-10968988442,126-GOVERNMENT POLYTECHNIC COLLEGE,"THENI - KAMBUM MAIN ROAD, SAMUTHAYA KOODAM, KOTTUR-625534, THENI DISTRICT.",THENI,Government,N,N,1-466720281,fetchdata,2022-2023,Engineering and Technology,1,1,1,1,Tamil Nadu,1
1-10968990650,"GOVERNMENT POLYTECHNIC COLLEGE,SRIRANGAM.","GOVERNMENT POLYTECHNIC COLLEGE SRIRANGAM,SETHURAPATTI VILLAGE,MANIKANDAM POST,SRIRANGAM TALUK,TRICHY.",TIRUCHIRAPPALLI,Government,N,N,1-2057990614,fetchdata,2022-2023,Engineering and Technology,1,1,1,1,Tamil Nadu,1
1-10968715458,K S R INSTITUTE FOR ENGINEERING AND TECHNOLOGY,"KSR KALVI NAGAR, TIRUCHENGODE.",NAMAKKAL,Private-Self Financing,N,N,1-501005591,fetchdata,2022-2023,Engineering and Technology,1,1,1,1,Tamil Nadu,1
1-10968963539,"GOVERNMENT POLYTECHNIC COLLEGE, THIRUVARUR",KORUKKAI                   THIRUTHUTRAIPOONDI   THIRUVARUR,THIRUVARUR,Government,N,N,1-503531621,fetchdata,2022-2023,Engineering and Technology,1,1,1,1,Tamil Nadu,1
1-10968537395,SURYA POLYTECHNIC COLLEGE,"SURYA NAGAR,GST ROAD,KEEZHAKONDAI,VIKRAVANDI VILLUPURAM TALUK & DISTRICT",VILUPPURAM,Private-Self Financing,N,N,1-453395091,fetchdata,2022-2023,Engineering and Technology,1,1,1,1,Tamil Nadu,1
1-10968537647,PARK COLLEGE OF ENGINEERING AND TECHNOLOGY,"AVINASHI ROAD(NH-47),  KANIYUR, COIMBATORE-641659.",COIMBATORE,Private-Self Financing,N,N,1-5026891,fetchdata,2022-2023,Engineering and Technology,1,1,1,1,Tamil Nadu,1
1-10968555597,CHEYYAR POLYTECHNIC COLLEGE,CHEYYAR POLYTECHNIC COLLEGE KULAMANDHAI VILLAGE ERUMAIVETTI POST CHEYYAR TALUK PIN-604401 THIRUVANNAMALAI DISTRICT TAMILNADU,TIRUVANNAMALAI,Private-Self Financing,N,N,1-450995471,fetchdata,2022-2023,Engineering and Technology,1,1,1,1,Tamil Nadu,1
1-10968556894,SRI VENKATESWARA POLYTECHNIC COLLEGE,PARASUR VILLAGE CHEYYAR TALUK THIRUVANNAMALAI DISTRICT,TIRUVANNAMALAI,Private-Self Financing,N,N,1-499333761,fetchdata,2022-2023,Engineering and Technology,1,1,1,1,Tamil Nadu,1
1-10968570558,JAINEE COLLEGE OF ENGINEERING AND TECHNOLOGY,"DINDIGUL-THENI MAIN ROAD, (NHB EXTN.), AATHUPATTIPRIVU, VEERAKKAL B P O, N.PANJAMPATTI P. O., DINDIGUL-624303",DINDIGUL,Private-Self Financing,N,Y,1-1496623711,fetchdata,2022-2023,Engineering and Technology,1,1,1,1,Tamil Nadu,1
1-10968584688,OXFORD COLLEGE OF ENGINEERING,"VENMANI VILLAGE, KARAIPOONDI POST, POLUR 606 803",TIRUVANNAMALAI,Private-Self Financing,N,N,1-22539953,fetchdata,2022-2023,Engineering and Technology,1,1,1,1,Tamil Nadu,1
1-10968597627,JAWAHAR ENGINEERING COLLEGE,"""SABARMATHI"" NO.54 KALAINGNAR KARUNANITHI ROAD KAVERI RANGAN NAGAR, SALIGRAMAM, CHENNAI - 600093",CHENNAI,Private-Self Financing,N,N,1-7033311,fetchdata,2022-2023,Engineering and Technology,1,1,1,1,Tamil Nadu,1
1-10968641310,V.K.P.POLYTECHNIC COLLEGE,"MADURAI MAIN ROAD,CHOCKAMPATTI.",TIRUNELVELI,Private-Self Financing,N,N,1-466034941,fetchdata,2022-2023,Engineering and Technology,1,1,1,1,Tamil Nadu,1
1-10968695985,PAVENDAR BHARATHIDASAN COLLEGE OF ENGINEERING & TECHNOLOGY,"THANJAI NATARAJAN NAGAR, OPP. TO BHARATHIDASAN UNIVERSITY, PUDUKKOTTAI MAIN ROAD, MATHUR, KULATHUR, PUDUKKOTTAI. 622515",PUDUKKOTTAI,Private-Self Financing,N,N,1-3477251,fetchdata,2022-2023,Engineering and Technology,1,1,1,1,Tamil Nadu,1
1-10968721237,"ANNAI COLLEGE OF POLYTECHNIC,","ANAKUDI ROAD, KOVILACHERI,  KUMBAKONAM",THANJAVUR,Private-Self Financing,N,Y,1-401622983,fetchdata,2022-2023,Engineering and Technology,1,1,1,1,Tamil Nadu,1
1-10968521244,MADURAI INSTITUTE OF ENGINEERING & TECHNOLOGY,POTTAPALAYAM VILLAGE MANAMADURAI TALUK SIVAGANGAI DISTRICT,SIVAGANGA,Private-Self Financing,N,N,1-5729671,fetchdata,2022-2023,Engineering and Technology,1,1,1,1,Tamil Nadu,1
1-10968539244,MEENAKSHI COLLEGE OF ENGINEERING,"12, VEMBULI AMMAN KOIL STREET, WEST K K NAGAR, CHENNAI - 600 078",CHENNAI,Private-Self Financing,N,Y,1-14418245,fetchdata,2022-2023,Engineering and Technology,1,1,1,1,Tamil Nadu,1
1-10968557050,THIRUMALAI POLYTECHNIC COLLEGE,KILAMBI VILLAGE KRISHNAPURAM POST KANCHIPURAM TALUK & DISTRICT,KANCHIPURAM,Private-Self Financing,N,N,1-475497154,fetchdata,2022-2023,Engineering and Technology,1,1,1,1,Tamil Nadu,1
1-10968558321,A.K.T. MEMORIALPOLYTECHNIC COLLEGE,A.K.T.NAGAR NEELAMANGALAM VILLAGE,VILUPPURAM,Private-Self Financing,N,N,1-456830121,fetchdata,2022-2023,Engineering and Technology,1,1,1,1,Tamil Nadu,1
1-10968558566,THE SALEM POLYTECHNIC COLLEGE,"GAJJALNAICKENPATTY, PANAMARATHUPATTY PIRIVU ROAD, SALEM.",SALEM,Private-Self Financing,N,N,1-425306601,fetchdata,2022-2023,Engineering and Technology,1,1,1,1,Tamil Nadu,1
1-10968572179,M.A.M. POLYTECHNIC COLLEGE,"TRICHY - CHENNAI TRUNK ROAD,",TIRUCHIRAPPALLI,Private-Self Financing,N,N,1-422436441,fetchdata,2022-2023,Engineering and Technology,1,1,1,1,Tamil Nadu,1
1-10968572444,UNIVERSAL COLLEGE OF ENGINEERING & TECHNOLOGY,"ANBAGAM CAMPUS, KADAMBANKULAM VILLAKKU, RADHAPURAM ROAD, VALLIOOR",TIRUNELVELI,Private-Self Financing,N,N,1-480945431,fetchdata,2022-2023,Engineering and Technology,1,1,1,1,Tamil Nadu,1
1-10968612031,RVS POLYTECHNIC COLLEGE,KUMARAN KOTTAM CAMPUS KANNAMPALAYAM SULUR,COIMBATORE,Private-Self Financing,N,N,1-424068551,fetchdata,2022-2023,Engineering and Technology,1,1,1,1,Tamil Nadu,1
1-10968642823,SRI KRISHNA POLYTECHNIC COLLEGE,"MADURAI MAINROAD, BATLAGUNDU",DINDIGUL,Private-Self Financing,N,N,1-475207451,fetchdata,2022-2023,Engineering and Technology,1,1,1,1,Tamil Nadu,1
1-10968644092,EXCEL POLYTECHNIC COLLEGE,"KUTTIKINATHOOR ROAD, PALLAKAPALAYAM, SANKARI WEST POST, TIRUCHENGODE TALUK",NAMAKKAL,Private-Self Financing,N,N,1-445360961,fetchdata,2022-2023,Engineering and Technology,1,1,1,1,Tamil Nadu,1
1-10968747267,ASIAN COLLEGE OF ENGINEERING AND TECHNOLOGY,"294/2, ASIAN COLLEGE ROAD, KONDAYAMPALAYAM, NEAR SARAVANAMPATTI, COIMBATORE - 641 110",COIMBATORE,Private-Self Financing,N,N,1-1481600021,fetchdata,2022-2023,Engineering and Technology,1,1,1,1,Tamil Nadu,1
1-10968747635,GOVERNMENT POLYTECHNIC COLLEGE,"CIVIL AERODROME POST, AVINASHI ROAD",COIMBATORE,Government,N,N,1-455756111,fetchdata,2022-2023,Engineering and Technology,1,1,1,1,Tamil Nadu,1
1-10968523060,VELLORE POLYTECHNIC COLLEGE,"OYYATHUR VILLAGE,TIRIMANI POST, KATPADI TALUK, VELLORE",VELLORE,Private-Self Financing,N,N,1-484034091,fetchdata,2022-2023,Engineering and Technology,1,1,1,1,Tamil Nadu,1
1-10968524294,M.P.NACHIMUTHU M.JAGANATHAN ENGINEERING COLLEGE,"CHENNIMALAI, ERODE - 638 112.",ERODE,Private-Self Financing,N,N,1-5323603,fetchdata,2022-2023,Engineering and Technology,1,1,1,1,Tamil Nadu,1
1-10968525840,VETHATHIRI MAHARISHI INSTITUE OF TECHNOLOGY,"KODIVALASAI VILLAGE, ATHIMANJERIPET, PALLIPET ROAD.",THIRUVALLUR,Private-Self Financing,N,N,1-451819501,fetchdata,2022-2023,Engineering and Technology,1,1,1,1,Tamil Nadu,1
1-10968543271,SREE ARUMUGHAM POLYTECHNIC COLLEGE,"RAJA NAGAR, VAITHIYANATHAPURAM, THOLUDUR POST, TITTAGUDI TALUK",CUDDALORE,Private-Self Financing,N,N,1-455561401,fetchdata,2022-2023,Engineering and Technology,1,1,1,1,Tamil Nadu,1
1-10968544758,SMK FOMRA INSTITUTE OF TECHNOLOGY,"OLD MAHABALIPURAM ROAD, IT HIGHWAY, THAIYUR, NEAR KELAMBAKKAM,",KANCHIPURAM,Private-Self Financing,N,Y,1-4496136,fetchdata,2022-2023,Engineering and Technology,1,1,1,1,Tamil Nadu,1
1-10968559892,POLYTECHNIC COLLEGE VADAKKANGULAM,"RAJA NAGAR , VADAKKANGULAM, VADAKKANGULAM POST.",TIRUNELVELI,Private-Self Financing,N,Y,1-445619821,fetchdata,2022-2023,Engineering and Technology,1,1,1,1,Tamil Nadu,1
1-10968560137,VETRI POLYTECHNIC COLLEGE,"104,KIILKOVALA VEDU VILLAGE,  WANDAVASI TALUK,  THIRUVANNAMALAI DISTRICT,  TAMILNADU",TIRUVANNAMALAI,Private-Self Financing,N,N,1-1390404971,fetchdata,2022-2023,Engineering and Technology,1,1,1,1,Tamil Nadu,1
1-10968573934,INSTITUTE OF LEATHER TECHNOLOGY,"C I T CAMPUS, RAJIV GANDHI SALAI, THARAMANI,",CHENNAI,Government,N,N,1-511663341,fetchdata,2022-2023,Engineering and Technology,1,1,1,1,Tamil Nadu,1
1-10968588284,DON BOSCO POLYTECHNIC COLLEGE,"MAMALLAPURAM BYE-PASS ROAD, KOTHIMANGALAM THIRUKAZHUKUNDRAM- 603 109",KANCHIPURAM,Private-Self Financing,N,Y,1-413840661,fetchdata,2022-2023,Engineering and Technology,1,1,1,1,Tamil Nadu,1
1-10968644417,PSV POLYTECHNIC COLLEGE,EMBAL MAIN ROAD MIRATTUNILAI (VILLAGE & POST) THIRUMAYAM TALUK PUDUKKOTAI DISTRICT,PUDUKKOTTAI,Private-Self Financing,N,N,1-465044147,fetchdata,2022-2023,Engineering and Technology,1,1,1,1,Tamil Nadu,1
1-10968658295,BHAVANI POLYTECHNIC COLLEGE,"VARADHANALLUR(P.O),BHAVANI(T.K),ERODE(D.T)",ERODE,Private-Self Financing,N,N,1-434712951,fetchdata,2022-2023,Engineering and Technology,1,1,1,1,Tamil Nadu,1
1-10968688447,SHREE VENKATESHWARA HI-TECH ENGINEERING COLLEGE,"SRI KALAIVANI NAGAR, ERODE-SATHY MAIN ROAD, OTHAKUTHIRAI, K.METTUPALAYAM (PO) GOBICHETTIPALAYAM - 638 455 ERODE (DISTRICT),  TAMILNADU, INDIA.",ERODE,Private-Self Financing,N,N,1-2024231,fetchdata,2022-2023,Engineering and Technology,1,1,1,1,Tamil Nadu,1
1-10968749209,ANNAPOORANA ENGINEERING COLLEGE,"SANKARI MAIN ROAD, NH-47, PERIASEERAGAPADI",SALEM,Private-Self Financing,N,N,1-7030281,fetchdata,2022-2023,Engineering and Technology,1,1,1,1,Tamil Nadu,1
1-10968547319,VALIVALAM DESIKAR POLYTECHNIC COLLEGE,NAGORE MAIN ROAD NAGAPATTINAM,NAGAPATTINAM,Govt aided,N,N,1-434084051,fetchdata,2022-2023,Engineering and Technology,1,1,1,1,Tamil Nadu,1
1-10968547857,SRI KRISHNA POLYTECHNIC COLLEGE,KOVAIPUDUR,COIMBATORE,Govt aided,N,N,1-446188791,fetchdata,2022-2023,Engineering and Technology,1,1,1,1,Tamil Nadu,1
1-10968562422,RECT POLYTECHNIC COLLEGE,"MAIN ROAD, SOUTH VIJAYANARAYANAM",TIRUNELVELI,Private-Self Financing,N,N,1-476496781,fetchdata,2022-2023,Engineering and Technology,1,1,1,1,Tamil Nadu,1
1-10968575303,ST.MICHAEL POLYTECHNIC COLLEGE,"ST.SANTHIAGAPER NAGAR, KALAYARKOIL - 630551.",SIVAGANGA,Private-Self Financing,N,Y,1-424559401,fetchdata,2022-2023,Engineering and Technology,1,1,1,1,Tamil Nadu,1
1-10968575628,SREE SAKTHI ENGINEERING COLLEGE,"899/1&898/2 BETTATHAPURAM,BILICHI VILLAGE, KARAMADAI",COIMBATORE,Private-Self Financing,N,N,1-3002821,fetchdata,2022-2023,Engineering and Technology,1,1,1,1,Tamil Nadu,1
1-10968577161,SRI VINAYAGA POLYTECHNIC COLLEGE,PUTHUMOTTUR VILLAGE JINGALKATHIRMAPATTI  POST POCHAMPALLI TK KRISHNAGIRI DT,KRISHNAGIRI,Private-Self Financing,N,N,1-512750241,fetchdata,2022-2023,Engineering and Technology,1,1,1,1,Tamil Nadu,1
1-10968592574,VIVEKANANDA POLYTECHNIC COLLEGE,"COLLEGE ROAD, AGASTEESWARAM KANYAKUMARI DIST PIN-629701",KANYAKUMARI,Private-Self Financing,N,N,1-467543583,fetchdata,2022-2023,Engineering and Technology,1,1,1,1,Tamil Nadu,1
1-10968634647,GURU RAAGAVINDRA POLYTECHNIC COLLEGE,"VEPPOOR VILLAGE, KATPADI TALUK,",VELLORE,Private-Self Financing,N,N,1-445053081,fetchdata,2022-2023,Engineering and Technology,1,1,1,1,Tamil Nadu,1
1-10968648700,QUANNTA SCHOOL OF SOFTWARE ENGINEERING,"CHENNAI TRUNK ROAD,  AYYANKOILPATTU,",VILUPPURAM,Private-Self Financing,N,N,1-3858465,fetchdata,2022-2023,Engineering and Technology,1,1,1,1,Tamil Nadu,1
1-10968674115,G K M COLLEGE OF ENGINEERING AND TECHNOLOGY,G K M NAGAR ALAPPAKKAM - MAPPEDU ROAD NEW PERUGALATHUR CHENNAI -600063.,KANCHIPURAM,Private-Self Financing,N,N,1-2496711,fetchdata,2022-2023,Engineering and Technology,1,1,1,1,Tamil Nadu,1
1-10968689971,ARULMIGU MEENAKSHI AMMAN COLLEGE OF ENGINEERING,"ARULMIGU MEENAKSHI AMMAN COLLEGE OF ENGINEERING VADAMAVANDAL VILLAGE, NAMANDI POST,(NEAR KANCHIPURAM),",TIRUVANNAMALAI,Private-Self Financing,N,Y,1-4184374,fetchdata,2022-2023,Engineering and Technology,1,1,1,1,Tamil Nadu,1
1-10968528715,K E T POLYTECHNIC COLLEGE,"CHINNAPANAMUTLU VILLAGE, ANCHOOR POST, T.V. MALAI N.H 66, KRISHNAGIRI",KRISHNAGIRI,Private-Self Financing,N,N,1-462883441,fetchdata,2022-2023,Engineering and Technology,1,1,1,1,Tamil Nadu,1
1-10968530191,THIRUVALLUVAR POLYTECHNIC COLLEGE,KALIPALAYAM VEERAPANDI(VIA) COIMBATORE.,COIMBATORE,Private-Self Financing,N,N,1-429407261,fetchdata,2022-2023,Engineering and Technology,1,1,1,1,Tamil Nadu,1
1-10968549118,SUDHARSAN ENGINEERING COLLEGE,SATHIYAMANGALAM KULATHUR TALUK PUDKKOTTAI DISTRICT 622501,PUDUKKOTTAI,Private-Self Financing,N,N,1-3956901,fetchdata,2022-2023,Engineering and Technology,1,1,1,1,Tamil Nadu,1
1-10968550794,CHRIST THE KING POLYTECHNIC COLLEGE,"CHRIST THE KING POLYTECHNIC COLLEGE, OTHAKKALMANDAPAM, COIMBATORE - 32",COIMBATORE,Private-Self Financing,N,N,1-461962591,fetchdata,2022-2023,Engineering and Technology,1,1,1,1,Tamil Nadu,1
1-10968564058,RRASE COLLEGE OF ENGINEERING,"VANJUVANCHERRY, PADAPPAI, SRIPERUMBADUR, KANCHEEPURAM",KANCHIPURAM,Private-Self Financing,N,N,1-25754471,fetchdata,2022-2023,Engineering and Technology,1,1,1,1,Tamil Nadu,1
1-10968565685,THIRUMAGAL POLYTECHNIC COLLEGE,"144,VANCHUVANCHERY,PADAPPAI POST,KANCHIPURAM DISTRICT",KANCHIPURAM,Private-Self Financing,N,N,1-801525501,fetchdata,2022-2023,Engineering and Technology,1,1,1,1,Tamil Nadu,1
1-10968578906,SRI KRISHNA COLLEGE OF ENGINEERING,"T.R.S.CAMPUS, SRI KRISHNA NAGAR, TIRUTTANI ROAD,",VELLORE,Private-Self Financing,N,N,1-6552301,fetchdata,2022-2023,Engineering and Technology,1,1,1,1,Tamil Nadu,1
1-10968580123,SUGUNA POLYHTECHNIC COLLEGE,"NEHRU NAGAR, KALAPATTY ROAD, CIVIL AERODROME  PO,",COIMBATORE,Private-Self Financing,N,N,1-435925181,fetchdata,2022-2023,Engineering and Technology,1,1,1,1,Tamil Nadu,1
1-10968594094,RV REHA POLYTECHNIC COLLEGE,KR NAIDU NAGAR PARUVAKUDI POST KARIVALAM VIA SANKARANKOIL TALUK TIRUNELVELI DT,TIRUNELVELI,Private-Self Financing,N,Y,1-1499476541,fetchdata,2022-2023,Engineering and Technology,1,1,1,1,Tamil Nadu,1
1-10968635040,SRI VIDYA COLLEGE OF ENGINEERING & TECHNOLOGY,"SIVAKASI MAIN ROAD, P.KUMARALINGAPURAM, VIRUDHUNAGAR-626005 TAMIL NADU.",VIRUDHUNAGAR,Private-Self Financing,N,N,1-10093904,fetchdata,2022-2023,Engineering and Technology,1,1,1,1,Tamil Nadu,1
1-10968636487,INSTITUTE OF CHEMICAL TECHNOLOGY,C.I.T CAMPUS TARAMANI CHENNAI,KANCHIPURAM,Government,N,N,1-480361021,fetchdata,2022-2023,Engineering and Technology,1,1,1,1,Tamil Nadu,1
1-10968649005,PADALESUWARAR POLYTECHNIC COLLEGE,K. K. NAGAR VANNARAPALAYAM CUDDALORE,CUDDALORE,Private-Self Financing,N,N,1-458309533,fetchdata,2022-2023,Engineering and Technology,1,1,1,1,Tamil Nadu,1
1-10968650359,CHAMBER OF COMMERCE MANALI RAMAKRISHNA POLYTECHNIC COLLEGE,KURUVADI RAMAPURAM POST,THANJAVUR,Private-Self Financing,N,N,1-494595791,fetchdata,2022-2023,Engineering and Technology,1,1,1,1,Tamil Nadu,1
1-10968691705,K.K.S. MANI POLYTECHNIC COLLEGE,"NO.78.C.C. ROAD, KANNAMANGALAM (VIA), VALLAM VILLAGE, VELLORE TALUK & DISTRICT",VELLORE,Private-Self Financing,N,N,1-458944651,fetchdata,2022-2023,Engineering and Technology,1,1,1,1,Tamil Nadu,1
1-10968691853,MOTHERTERASA POLYTECHNIC COLLEGE,"METTUSALLAI ILLUPPUR, PUDUKKOTTAI(DT) PIN-622102",PUDUKKOTTAI,Private-Self Financing,N,N,1-457048161,fetchdata,2022-2023,Engineering and Technology,1,1,1,1,Tamil Nadu,1
1-10968822913,ANNA UNIVERSITY REGIONAL CAMPUS COIMBATORE,"NAVAVOOR, MARUDHAMALAI ROAD, SOMAYAMPALAYAM, COIMBATORE-641046",COIMBATORE,State Government University,N,N,1-4500612781,fetchdata,2022-2023,Engineering and Technology,1,1,1,1,Tamil Nadu,1
1-10968531589,P.S.V.COLLEGE OF ENGINEERING AND TECHNOLOGY,"MITTAPALLI, BALINAYANAPALLI (POST), ELATHAGIRI (S.O), KRISHNAGIRI (DISTRICT) PIN CODE: 635 108.",KRISHNAGIRI,Private-Self Financing,N,N,1-8517201,fetchdata,2022-2023,Engineering and Technology,1,1,1,1,Tamil Nadu,1
1-10968565883,SHRI SITHESWARAR POLYTECHNIC COLLEGE,KALAVAI ROAD POONGODU ARCOT - 632503 VELLORE DISTRICT,VELLORE,Private-Self Financing,N,N,1-445034801,fetchdata,2022-2023,Engineering and Technology,1,1,1,1,Tamil Nadu,1
1-10968580415,GOLDEN POLYTECHNIC COLLEGE,"9/366, PALLAKADU VILLAGE,NADUVALUR PO GANGAVALLI TK",SALEM,Private-Self Financing,N,N,1-429946931,fetchdata,2022-2023,Engineering and Technology,1,1,1,1,Tamil Nadu,1
1-10968581815,ANNAI MADHA POLYTECHNIC COLLEGE,"EDAICHERUVAI, AKKANUR(PO), TITTAGUDI(TK)",CUDDALORE,Private-Self Financing,N,N,1-447740901,fetchdata,2022-2023,Engineering and Technology,1,1,1,1,Tamil Nadu,1
1-10968594385,A V S COLLEGE OF TECHNOLOGY,"ATTUR MAIN ROAD , NEAR AVS COLLEGE OF ARTS & SCIENCE, CHINNAGOUNDAPURAM, SALEM - 636 106.",SALEM,Private-Self Financing,N,N,1-1505869571,fetchdata,2022-2023,Engineering and Technology,1,1,1,1,Tamil Nadu,1
1-10968607337,THIRUMALAI ENGINEERING COLLEGE,KILAMBI KRISHNAPURAM POST,KANCHIPURAM,Private-Self Financing,N,N,1-6374003,fetchdata,2022-2023,Engineering and Technology,1,1,1,1,Tamil Nadu,1
1-10968619204,MODERATOR GNANADASON POLYTECHNIC COLLEGE,"DISTILLERY ROAD, NAGERCOIL - 629001. KANYAKUMARI DISTRICT.",KANYAKUMARI,Private-Self Financing,N,Y,1-412318341,fetchdata,2022-2023,Engineering and Technology,1,1,1,1,Tamil Nadu,1
1-10968620556,SRI SAI RAM INSTITUTE OF TECHNOLOGY,"SAI LEO NAGAR, DHARKAST ROAD, WEST TAMBARAM, CHENNAI.600 044",KANCHIPURAM,Private-Self Financing,N,N,1-2501960,fetchdata,2022-2023,Engineering and Technology,1,1,1,1,Tamil Nadu,1
1-10968663811,KGISL INSTITUTE OF TECHNOLOGY,"365, KGISL CAMPUS, THUDIYALUR ROAD, SARAVANAMPATTI COIMBATORE - 641 035",COIMBATORE,Private-Self Financing,N,N,1-6278271,fetchdata,2022-2023,Engineering and Technology,1,1,1,1,Tamil Nadu,1
1-10968677899,CAPE INSTITUTE OF TECHNOLOGY,"RAJAKRISHNAPURAM POST, RADHAPURAM TALUK.",TIRUNELVELI,Private-Self Financing,N,N,1-5206275,fetchdata,2022-2023,Engineering and Technology,1,1,1,1,Tamil Nadu,1
1-10968679445,SIVAKASI INSTITUTE OF PRINTING TECHNOLOGY,"32/1, A. MEENAKSHIPURAM, ANAIKUTTAM (P.O).",VIRUDHUNAGAR,Private-Self Financing,N,N,1-421207891,fetchdata,2022-2023,Engineering and Technology,1,1,1,1,Tamil Nadu,1
1-10968680680,R.M.K. COLLEGE OF ENGINEERING AND TECHNOLOGY,R.S.M. NAGAR PUDUVOYAL - 601 206 GUMMIDIPOONDI TALUK THIRUVALLUR DISTRICT TAMILNADU,THIRUVALLUR,Private-Self Financing,N,Y,1-2511917,fetchdata,2022-2023,Engineering and Technology,1,1,1,1,Tamil Nadu,1
1-10969635586,ADHIPARASAKTHI COLLEGE OF ENGINEERING,G.B. NAGAR KALAVAI  ARCOT TALUK VELLORE DISTRICT TAMILNADU PIN - 632 506.,VELLORE,Private-Self Financing,N,N,1-5138551,fetchdata,2022-2023,Engineering and Technology,1,1,1,1,Tamil Nadu,1
1-10969667927,SEIKALATHUR KAMATCHI AMMAN POLYTECHNIC COLLEGE,"G.K.COMPLEX, SEIKALATHUR MAIN ROAD, MANAMADURAI.",SIVAGANGA,Private-Self Financing,N,N,1-444176691,fetchdata,2022-2023,Engineering and Technology,1,1,1,1,Tamil Nadu,1
1-10969699698,SHRI RAMANAS ABC POLYTECHNIC COLLEGE,PALAM RAJAKKAPATTI PAPPANAMPATTI POST PALANI ROAD  DINDIGUL,DINDIGUL,Private-Self Financing,N,N,1-452838981,fetchdata,2022-2023,Engineering and Technology,1,1,1,1,Tamil Nadu,1
1-10969713807,KAMARAJ POLYTECHNIC COLLEGE,"PAZHAVILAI, PAZHAVILAI P.O.,",KANYAKUMARI,Govt aided,N,N,1-501741201,fetchdata,2022-2023,Engineering and Technology,1,1,1,1,Tamil Nadu,1
1-10969732026,K.S.M. POLYTECHNIC COLLEGE,"PAPAMADAI, RAJAGAMBEERAM POST, MANAMADURAI",SIVAGANGA,Private-Self Financing,N,N,1-461642301,fetchdata,2022-2023,Engineering and Technology,1,1,1,1,Tamil Nadu,1
1-10969784625,DR.NAVALAR NEDUNCHEZHIYAN COLLEGE OF ENGINEERING,"RAJA NAGAR,VAITHIYANATHAPURAM, THOLUDUR - 606 303, CUDDALORE DISTRICT,TAMILNADU.",CUDDALORE,Private-Self Financing,N,N,1-5767351,fetchdata,2022-2023,Engineering and Technology,1,1,1,1,Tamil Nadu,1
1-10969786073,DHANALAKSHMI SRINIVASAN COLLEGE OF ENGINEERING AND TECHNOLOGY,"ECR, POONJERI, MAMALLAPURAM, TAMIL NADU",KANCHIPURAM,Private-Self Financing,N,Y,1-2497331,fetchdata,2022-2023,Engineering and Technology,1,1,1,1,Tamil Nadu,1
1-10969814930,ARUNAI ENGINEERING COLLEGE,"CHITOOR - CUDDALORE ROAD, MATHUR, TIRUVANNAMALAI",TIRUVANNAMALAI,Private-Self Financing,N,N,1-5796751,fetchdata,2022-2023,Engineering and Technology,1,1,1,1,Tamil Nadu,1
1-10969816419,MEENAKSHI RAMASWAMY ENGINEERING COLLEGE,MR KALVI NAGAR  THATHANUR POST  UDAYARPALAYAM TK  ARIYALUR DT,ARIYALUR,Private-Self Financing,N,N,1-2894158,fetchdata,2022-2023,Engineering and Technology,1,1,1,1,Tamil Nadu,1
1-10969816837,KUMARAGURU COLLEGE OF TECHNOLOGY,CHINNAVEDAMPATTI,COIMBATORE,Private-Self Financing,N,N,1-3641071,fetchdata,2022-2023,Engineering and Technology,1,1,1,1,Tamil Nadu,1
1-10969838337,INFO INSTITUTE OF ENGINEERING,"S F NO.194-200, N.H.209, SATHY ROAD, SARAKARSAMAKULAM, KOVILPALAYAM, COIMBATORE-641107.",COIMBATORE,Private-Self Financing,N,N,1-5978774,fetchdata,2022-2023,Engineering and Technology,1,1,1,1,Tamil Nadu,1
1-10969855875,COLLEGE OF POULTRY PRODCUTION AND MANAGEMENT,"DENKANIKOTTAI ROAD, MATHIGIRI, HOSUR",KRISHNAGIRI,Government,N,N,1-3373970471,fetchdata,2022-2023,Engineering and Technology,1,1,1,1,Tamil Nadu,1
1-10969980454,GOVERNMENT POLYTECHNIC COLLEGE,"VANAVASI, METTUR TALUK, SALEM DISTRICT-636 457",SALEM,Government,N,N,1-3652420861,fetchdata,2022-2023,Engineering and Technology,1,1,1,1,Tamil Nadu,1
1-10970160982,ADHI COLLEGE OF ENGINEERING AND TECHNOLOGY,"6, MUNU ADHI NAGAR, SANKARAPURAM, PULIAMBAKKAM POST, NEAR WALLAJABAD, KANCHEEPURAM",KANCHIPURAM,Private-Self Financing,N,N,1-34863771,fetchdata,2022-2023,Engineering and Technology,1,1,1,1,Tamil Nadu,1
1-10970161363,PRIST SCHOOL OF ENGINEERING AND TECHNOLOGY CHENNAI,"MANAMAI NALLUR VILLAGE, THIRUKKALUKUNDRAM TALUK, EAST COAST ROAD, MAHABALIPURAM KANCHEEPURAM DT",KANCHIPURAM,Deemed to be University(Pvt),N,N,1-3356658351,fetchdata,2022-2023,Engineering and Technology,1,1,1,1,Tamil Nadu,1
1-10970005117,SYED AMMAL ENGINEERING COLLEGE,"DR.E.M.ABDULLAH CAMPUS LANTHAI,ACHUNTHANVAYAL POST,",RAMANATHAPURAM,Private-Self Financing,N,Y,1-5803481,fetchdata,2022-2023,Engineering and Technology,1,1,1,1,Tamil Nadu,1
1-10970076391,SHREENIVASA ENGINEERING COLLEGE,"B.PALLIPATTI, BOMMIDI, PAPPIREDDIPATTI TALUK, DHARMAPURI DISTRICT TAMILNADU.",DHARMAPURI,Private-Self Financing,N,N,1-5431161,fetchdata,2022-2023,Engineering and Technology,1,1,1,1,Tamil Nadu,1
1-10970144233,PRINCE SHRI VENKATESHWARA PADMAVATHY ENGINERING COLLEGE,"MEDAVAKKAM - MAMBAKKAM ROAD PONMAR, CHENNAI - 600 048.",KANCHIPURAM,Private-Self Financing,N,N,1-4160781,fetchdata,2022-2023,Engineering and Technology,1,1,1,1,Tamil Nadu,1
1-10969878231,GOVERNMENT POLYTECHNIC COLLEGE,"PETTAPALAYAM VILLAGE, MOHANUR (PO) NAMAKKAL(DT) TAMILNADU",NAMAKKAL,Government,N,N,1-487651221,fetchdata,2022-2023,Engineering and Technology,1,1,1,1,Tamil Nadu,1
1-10969938162,CHETTINAD COLLEGE OF ENGINEERING & TECHNOLOGY,"NH 67, KARUR TO TRICHY HIGHWAY,PULIYUR CF, KARUR -  639 114, TAMILNADU, INDIA.",KARUR,Private-Self Financing,N,N,1-14877641,fetchdata,2022-2023,Engineering and Technology,1,1,1,1,Tamil Nadu,1
1-10969939711,JNN INSTITUTE OF ENGINEERING,"USHAA GARDEN, 90, KANNIGAIPAIR VILLAGE, UTHUKOTTAI TALUK,",THIRUVALLUR,Private-Self Financing,N,Y,1-10769834,fetchdata,2022-2023,Engineering and Technology,1,1,1,1,Tamil Nadu,1
1-10970077907,"PSNA COLLEGE OF ENGINEERING AND TECHNOLOGY , DINDIGUL","KOTHANDARAMAN NAGAR, MUTHANAMPATTI ( PO), DINDIGUL.- 624 622",DINDIGUL,Private-Self Financing,N,N,1-5728161,fetchdata,2022-2023,Engineering and Technology,1,1,1,1,Tamil Nadu,1
1-10969985303,KALASALINGAM ACADEMY OF RESEARCH AND EDUCATION,ANAND NAGAR KRISHNANKOIL,VIRUDHUNAGAR,Deemed to be University(Pvt),N,N,1-3705897101,fetchdata,2022-2023,Engineering and Technology,1,1,1,1,Tamil Nadu,1
1-10969964450,J.J. COLLEGE OF ENGINEERING AND TECHNOLOGY,"AMMAPETTAI, POOLANKULATHUPATTI POST,",TIRUCHIRAPPALLI,Private-Self Financing,N,N,1-6323463,fetchdata,2022-2023,Engineering and Technology,1,1,1,1,Tamil Nadu,1
1-10969964974,AALIM MUHAMMED SALEGH COLLEGE OF ENGINEERING,"NIZARA EDUCATIONAL CAMPUS, MUTHAPUDUPET, AVADI-IAF,",THIRUVALLUR,Private-Self Financing,N,Y,1-428224561,fetchdata,2022-2023,Engineering and Technology,1,1,1,1,Tamil Nadu,1
1-10970104244,COIMBATORE INSTITUTE OF ENGINEERING AND TECHNOLOGY,"VELLIMALAIPATTINAM,  NARASIPURAM POST, THONDAMUTHUR VIA, COIMBATORE - 641 109",COIMBATORE,Private-Self Financing,N,N,1-4830453,fetchdata,2022-2023,Engineering and Technology,1,1,1,1,Tamil Nadu,1
1-10969905745,"UNIVERSITY COLLEGE OF ENGINEERING, BITCAMPUS TIRUCHIRAPPALLI",TRICHY PUTHUKKOTTAI NH47 ROAD SURIYUR VILLAGE.,TIRUCHIRAPPALLI,State Government University,N,N,1-1366332831,fetchdata,2022-2023,Engineering and Technology,1,1,1,1,Tamil Nadu,1
1-10969966530,GOVERNMENT POLYTECHNIC COLLEGE FOR WOMEN,"BHARATHIYAR ROAD, NEW SIDDHAPUDUR, COIMBATORE.",COIMBATORE,Government,Y,N,1-462386831,fetchdata,2022-2023,Engineering and Technology,1,1,1,1,Tamil Nadu,1
1-10969990281,PRIST SCHOOL OF ENGINEERING AND TECHNOLOGY THANJAVUR,"THANJAVUR -TRICHY HIGHWAYS, VALLAM, THANJAVUR-613403",THANJAVUR,Deemed to be University(Pvt),N,N,1-3746593501,fetchdata,2022-2023,Engineering and Technology,1,1,1,1,Tamil Nadu,1
1-10970016718,PAAVAI COLLEGE OF ENGINEERING,"PAAVAI NAGAR, NH-7, PACHAL NAMAKKAL-637018, TAMILNADU",NAMAKKAL,Private-Self Financing,N,N,1-6400991,fetchdata,2022-2023,Engineering and Technology,1,1,1,1,Tamil Nadu,1
1-10969907359,K.L.NAGASWAMY MEMORIAL POLYTECHNIC COLLEGE,"KOZHIMEDU, VIRAGANOOR POST, MADURAI- 625 009.",MADURAI,Private-Self Financing,N,Y,1-429932921,fetchdata,2022-2023,Engineering and Technology,1,1,1,1,Tamil Nadu,1
1-10970041714,PERUNTHALAIVAR K KAMARAJAR POLYTECHNIC COLLEGE,NEAR EB SUB STATION VENGALAPURAM VILLAGE & POST TIRUPATTUR TK,VELLORE,Private-Self Financing,N,N,1-2053503821,fetchdata,2022-2023,Engineering and Technology,1,1,1,1,Tamil Nadu,1
1-10970061785,SRI KRISHNA COLLEGE OF ENGINEERING AND TECHNOLOGY,SUGUNAPURAM KUNIAMUTHUR POST COIMBATORE - 641 008,COIMBATORE,Private-Self Financing,N,N,1-3955612,fetchdata,2022-2023,Engineering and Technology,1,1,1,1,Tamil Nadu,1
1-10969909785,MAHA BARATHI ENGINEERING COLLEGE,"A.VASUDEVANUR (P.O), CHINNASALEM",VILUPPURAM,Private-Self Financing,N,N,1-5157651,fetchdata,2022-2023,Engineering and Technology,1,1,1,1,Tamil Nadu,1
1-10969973271,BHARATH POLYTECHNIC COLLEGE,"MANICKAMPALAYAM, TIRUCHENGODE (TK)",NAMAKKAL,Private-Self Financing,N,N,1-488121675,fetchdata,2022-2023,Engineering and Technology,1,1,1,1,Tamil Nadu,1
1-10970042878,C.S.I. INSTITUTE OF TECHNOLOGY,"THOVALAI &  PO, KANYAKUMARI DISTRICT",KANYAKUMARI,Private-Self Financing,N,Y,1-4658711,fetchdata,2022-2023,Engineering and Technology,1,1,1,1,Tamil Nadu,1
1-10970043233,MOHAMED SATHAK ENGINEERING COLLEGE,"SATHAK NAGAR, EAST COAST ROAD, PUDHU MAYAKULAM, KILAKARAI, RAMANATHAPURAM DIST",RAMANATHAPURAM,Private-Self Financing,N,Y,1-4230157,fetchdata,2022-2023,Engineering and Technology,1,1,1,1,Tamil Nadu,1
1-10970111890,"NATIONAL INSTITUTE OF FOOD TECHNOLOGY, ENTREPRENEURSHIP AND MANAGEMENT -THANJAVUR","MINISTRY OF FOOD PROCESSING INDUSTRIES, GOVERNEMNT OF INDIA, PUDUKOTTAI ROAD, THANJAVUR-613005, TAMIL NADU",THANJAVUR,Government,N,N,1-2197135511,fetchdata,2022-2023,Engineering and Technology,1,1,1,1,Tamil Nadu,1
1-10970177853,JAYA INSTITUTE OF TECHNOLOGY,"KANCHIPADI, THIRUVALLUR-THIRUTHANI NH ROAD, THIRUVALLUR TK, THIRUVALLUR DT.",THIRUVALLUR,Private-Self Financing,N,Y,1-10920321,fetchdata,2022-2023,Engineering and Technology,1,1,1,1,Tamil Nadu,1
1-10970178171,CSI COLLEGE OF ENGINEERING,"CSI COLLEGE OF ENGINEERING KETTI VALLEY THE NILGIRIS-643 215. TAMILNADU,SOUTH INDIA.",NILGIRIS,Private-Self Financing,N,Y,1-36227871,fetchdata,2022-2023,Engineering and Technology,1,1,1,1,Tamil Nadu,1
1-10969975142,EINSTEIN COLLEGE OF ENGINEERING,SIR.C.V.RAMAN NAGAR SEETHAPARPANALLUR TIRUNELVELI-627012 TAMIL NADU,TIRUNELVELI,Private-Self Financing,N,N,1-1932651,fetchdata,2022-2023,Engineering and Technology,1,1,1,1,Tamil Nadu,1
1-10969995165,KONGU ENGINEERING COLLEGE,"PERUNDURAI RAILWAY STATION ROAD,  THOPPUPALAYAM PERUNDURAI, ERODE - 638 052",ERODE,Private-Self Financing,N,N,1-3589631,fetchdata,2022-2023,Engineering and Technology,1,1,1,1,Tamil Nadu,1
1-10970113471,"122,GOVERNMENT POLYTECHNIC COLLEGE,DHARMAPURI","TEMPORARY SITE: COMMUNITY HALL, KERAKODAHALLI VILLAGE,KARIMANGALM POST ,PALACODE TALUK,DHARMAPURI DISTRICT -635111. PERMANENT SITE: SURVEY NO 211/1 BOOMANDHALLI VILLAGE, PALACODE TALUK,DHARMAPURI DISTRICT.",DHARMAPURI,Government,N,N,1-478412091,fetchdata,2022-2023,Engineering and Technology,1,1,1,1,Tamil Nadu,1
1-10970186537,VEL TECH RANGARAJAN DR.SAGUNTHALA R AND D INSTITUTE OF SCIENCE AND TECHNOLOGY,"#42, AVADI -VEL TECH ROAD, AVADI, CHENNAI- 600062, TAMIL NADU.",THIRUVALLUR,Deemed to be University(Pvt),N,N,1-3863975271,fetchdata,2022-2023,Engineering and Technology,1,1,1,1,Tamil Nadu,1
1-10969999198,PERIYAR CENTENARY POLYTECHNIC COLLEGE,PERIYAR NAGAR,THANJAVUR,Govt aided,N,N,1-413825331,fetchdata,2022-2023,Engineering and Technology,1,1,1,1,Tamil Nadu,1
1-10970116993,AVS ENGINEERING COLLEGE,"MILITARY ROAD, AMMAPET, SALEM",SALEM,Private-Self Financing,N,N,1-2012681,fetchdata,2022-2023,Engineering and Technology,1,1,1,1,Tamil Nadu,1
1-10969598101,LOYOLA INSTITUTE OF TECHNOLOGY,"PALANCHUR MEVALURKUPPAM""B"" VILLAGE NAZARATHPET POST SRIPERUMPUDUR TALUK KANCHIPURAM DISTRICT PIN- 600123",KANCHIPURAM,Private-Self Financing,N,Y,1-4403224,fetchdata,2022-2023,Engineering and Technology,1,1,1,1,Tamil Nadu,1
1-10969600567,UNIVERSITY COLLEGE OF ENGINEERING ARIYALUR,"KATHANKUDIKADU, THELUR (POST), ARIYALUR-621704",ARIYALUR,State Government University,N,N,1-4729857503,fetchdata,2022-2023,Engineering and Technology,1,1,1,1,Tamil Nadu,1
1-10969638540,JAYARAM POLYTECHNIC COLLEGE,"KARATTAMPATTI, PAGAVALADI(PO), THURAIYAR(TK),",TIRUCHIRAPPALLI,Private-Self Financing,N,N,1-448359251,fetchdata,2022-2023,Engineering and Technology,1,1,1,1,Tamil Nadu,1
1-10969638787,MOOKAMBIGAI COLLEGE OF ENGINEERING,"SRINIVASA NAGAR, KALAMAVUR(PO)",PUDUKKOTTAI,Private-Self Financing,N,Y,1-5829693,fetchdata,2022-2023,Engineering and Technology,1,1,1,1,Tamil Nadu,1
1-10969600813,UNIVERSITY COLLEGE OF ENGINEERING PANRUTI,"CHENNAI KUMBAKONAM HIGHWAY, PANIKKANKUPPAM, PANRUTI -607106, CUDDALORE DISTRICT, TAMIL NADU.",CUDDALORE,State Government University,N,N,1-4758073681,fetchdata,2022-2023,Engineering and Technology,1,1,1,1,Tamil Nadu,1
1-10969621476,MAHENDRA ENGINEERING COLLEGE,"MAHENDHIRAPURI, MALLASAMUDRAM WEST, VADUGAPALAYAM POST, TRICHENGODU TK., NAMAKKAL DIST.",NAMAKKAL,Private-Self Financing,N,N,1-7412871,fetchdata,2022-2023,Engineering and Technology,1,1,1,1,Tamil Nadu,1
1-10969640611,UNIVERSITY COLLEGE OF ENGINEERING,"MANGARAI PIRIVU, REDDIYARCHATRAM(PO), DINDIGUL",DINDIGUL,Government,N,N,1-4803969801,fetchdata,2022-2023,Engineering and Technology,1,1,1,1,Tamil Nadu,1
1-10969705682,J.P. COLLEGE OF ENGINEERING,COLLEGE ROAD AYIKUDY TENKASI TIRUNELVELI DIST TAMILNADU PIN - 627852,TIRUNELVELI,Private-Self Financing,N,Y,1-2819861,fetchdata,2022-2023,Engineering and Technology,1,1,1,1,Tamil Nadu,1
1-10969718289,SRI KARPAGA POLYTECHNIC COLLEGE,"ACHUKATTU VILLAGE,  OLIMUGAMADPETTAI POST, KANCHIPURAM",KANCHIPURAM,Private-Self Financing,N,N,1-451958991,fetchdata,2022-2023,Engineering and Technology,1,1,1,1,Tamil Nadu,1
1-10969736827,MURUGESAN INSTITUTE OF TECHNOLOGY,"SALEM-ATTUR MAIN ROAD, KARUMAPURAM KARIPATTY(PO) SALEM-106",SALEM,Private-Self Financing,N,N,1-433678101,fetchdata,2022-2023,Engineering and Technology,1,1,1,1,Tamil Nadu,1
1-10969751520,UNIVERSITY VOC COLLEGE OF ENGINEERING,"ANNA UNIVERSITY: THOOTHUKUDI CAMPUS, BRYANT NAGAR 7TH STREET WEST, THOOTHUKUDI",THOOTHUKUDI,State Government University,N,N,1-4965114821,fetchdata,2022-2023,Engineering and Technology,1,1,1,1,Tamil Nadu,1
1-10969804311,S K R ENGINEERING COLLEGE,"AGARMEL, POONAMALLEE, CHENNAI - 600123",THIRUVALLUR,Private-Self Financing,N,Y,1-5681261,fetchdata,2022-2023,Engineering and Technology,1,1,1,1,Tamil Nadu,1
1-10969624233,MORNING STAR POLYTECHNIC COLLEGE,"THIRUMALAI, CHUNKANKADAI.",KANYAKUMARI,Private-Self Financing,N,Y,1-479984091,fetchdata,2022-2023,Engineering and Technology,1,1,1,1,Tamil Nadu,1
1-10969625609,BHARATH NIKETAN ENGINEERING COLLEGE,"SHRI GOWRI NAGAR, THIMMARASANAICKANOOR, AUNDIPATTI, THENI (DT). TAMILNADU.625536",THENI,Private-Self Financing,N,N,1-7787601,fetchdata,2022-2023,Engineering and Technology,1,1,1,1,Tamil Nadu,1
1-10969660224,RVS TECHNICAL CAMPUS-COIMBATORE,KUMARAN KOTTAM CAMPUS KANNAMPALAYAM SULUR COIMBATORE,COIMBATORE,Private-Self Financing,N,N,1-4154504,fetchdata,2022-2023,Engineering and Technology,1,1,1,1,Tamil Nadu,1
1-10969739845,ANNAI J.K.K.SAMPOORANI AMMAL POLYTECHNIC COLLEGE,"THOOKKANAICKENPALAYAM POST, GOBICHETTIPALAYAM TALUK.",ERODE,Private-Self Financing,N,N,1-426981261,fetchdata,2022-2023,Engineering and Technology,1,1,1,1,Tamil Nadu,1
1-10969740257,KAMARAJ COLLEGE OF ENGINEERING & TECHNOLOGY,S.P.G.C.NAGAR POST BOX 12 K. VELLAKULAM VIRUDHUNAGAR,VIRUDHUNAGAR,Private-Self Financing,N,N,1-10939912,fetchdata,2022-2023,Engineering and Technology,1,1,1,1,Tamil Nadu,1
1-10969771459,DHANALAKSHMI COLLEGE OF ENGINEERING,"MANIMANGALAM PUDUCHERI ROAD, MANIMANGALAM, MANIMANGALAM POST, SRIPERUMBUDUR TALUK, KANCHEEPURAM  DIST., CHENNAI â 601301",KANCHIPURAM,Private-Self Financing,N,N,1-4064279,fetchdata,2022-2023,Engineering and Technology,1,1,1,1,Tamil Nadu,1
1-10969773062,PANDIAN SARASWATHI YADAV ENGINEERING COLLEGE,ARASANOOR VILLAGE  THIRUMANSOLAI POST SIVAGANAGI DISTRICT,SIVAGANGA,Private-Self Financing,N,N,1-6571396,fetchdata,2022-2023,Engineering and Technology,1,1,1,1,Tamil Nadu,1
1-10969825577,MNSK COLLEGE OF ENGINEERING,DHAKSHINAPURAM VILLAGE VALLATHIRAKKOTTAI (POST) ALANGUDI TALUK PUDUKKOTTAI,PUDUKKOTTAI,Private-Self Financing,N,N,1-5424141,fetchdata,2022-2023,Engineering and Technology,1,1,1,1,Tamil Nadu,1
1-10969846002,VIDYAA VIKAS COLLEGE OF ENGINEERING AND TECHNOLOGY,"VARAHOORAMPATTI VILLAGE, TIRUCHENGODE TALUK, NAMAKKAL DISTRICT, TAMILNADU. PIN: 637214",NAMAKKAL,Private-Self Financing,N,N,1-4023089,fetchdata,2022-2023,Engineering and Technology,1,1,1,1,Tamil Nadu,1
1-10969626256,SUDHARSHANA POLYTECHNIC COLLEGE,KALIPATTI  VILLAGE AMMAPATTI POST THURAIYUR TK TRICHY DT PIN:621 014,TIRUCHIRAPPALLI,Private-Self Financing,N,N,1-413109001,fetchdata,2022-2023,Engineering and Technology,1,1,1,1,Tamil Nadu,1
1-10969627522,V.S.B. COLLEGE OF ENGINEERING TECHNICAL CAMPUS,"S.F NO.91/2A, 91/2B, 252, 253/1 SOLAVAMPALAYAM VILLAGE, KINATHUKADAVU, POLLACHI TALUK, COIMBATORE DISTRICT",COIMBATORE,Private-Self Financing,N,N,1-721886391,fetchdata,2022-2023,Engineering and Technology,1,1,1,1,Tamil Nadu,1
1-10969627874,SHRI ANGALAMMAN COLLEGE OF ENGINEERING AND TECHNOLOGY,RAMANAN NAGAR SIRUGANOOR TIRUCHIRAPPALLI TAMIL NADU - 621 105.,TIRUCHIRAPPALLI,Private-Self Financing,N,N,1-5037801,fetchdata,2022-2023,Engineering and Technology,1,1,1,1,Tamil Nadu,1
1-10969643617,BHARATHIYAR INSTITUTE OF ENGINEERING FOR WOMEN,"43/3, DEVIYAKURICHI - 636 112 ATTUR TK, SALEM DT.",SALEM,Private-Self Financing,Y,N,1-4229501,fetchdata,2022-2023,Engineering and Technology,1,1,1,1,Tamil Nadu,1
1-10969645031,CMS POLYTECHNIC COLLEGE,CMS NAGAR ERANAPURAM (POST) NAMAKKAL,NAMAKKAL,Private-Self Financing,N,N,1-473952651,fetchdata,2022-2023,Engineering and Technology,1,1,1,1,Tamil Nadu,1
1-10969661645,KIT & KIM TECHNICAL CAMPUS,"KEERANIPATTI VILLAGE, THALAKKAVUR PANCHAYAT, KARAIKUDI",SIVAGANGA,Private-Self Financing,N,N,1-477606471,fetchdata,2022-2023,Engineering and Technology,1,1,1,1,Tamil Nadu,1
1-10969674560,ANNA UNIVERSITY REGIONAL CAMPUS MADURAI,"KANIYAKUMARI NATIONAL HIGHWAYS, KEELAKUYILKUDI , MADURAI",MADURAI,Government,N,N,1-4713616181,fetchdata,2022-2023,Engineering and Technology,1,1,1,1,Tamil Nadu,1
1-10969756860,ULTRA COLLEGE OF ENGINEERING AND TECHNOLOGY,"69/1, ULTRA NAGAR, KODIKULAM I BIT, MADURAI - CHENNAI HIGHWAY, MADURAI - 625 104, TAMIL NADU",MADURAI,Private-Self Financing,N,N,1-3341573,fetchdata,2022-2023,Engineering and Technology,1,1,1,1,Tamil Nadu,1
1-10969758664,PRINCE DR. K. VASUDEVAN COLLEGE OF ENGINEERING AND TECHNOLOGY,"MEDAVAKKAM - MAMBAKKAM ROAD, PONMAR, CHENNAI - 600 048.",KANCHIPURAM,Private-Self Financing,N,N,1-4199411,fetchdata,2022-2023,Engineering and Technology,1,1,1,1,Tamil Nadu,1
1-10969773535,NARASU'S SARATHY INSTITUTE OF TECHNOLOGY,"POOSARIPATTY (PO), OMALUR TALUK, SALEM",SALEM,Private-Self Financing,N,N,1-5220438,fetchdata,2022-2023,Engineering and Technology,1,1,1,1,Tamil Nadu,1
1-10969809143,ALPHA COLLEGE OF ENGINEERING,"NO.34, UDAYAVAR KOIL STREET, THIRUMAZHISAI, CHENNAI - 600124.",THIRUVALLUR,Private-Self Financing,N,Y,1-11017229,fetchdata,2022-2023,Engineering and Technology,1,1,1,1,Tamil Nadu,1
1-10969629263,SRI SUBRAMANYA COLLEGE OF ENGG & TECH,SUKKAMANAICKENPATTI,DINDIGUL,Private-Self Financing,N,N,1-3131574,fetchdata,2022-2023,Engineering and Technology,1,1,1,1,Tamil Nadu,1
1-10969648435,GOVERNMENT POLYTECHNIC COLLEGE,"KATTUVANNAJUR COLLEGE, SANKARAPURAM TALUK,  VILLUPURAM DT 606 401",VILUPPURAM,Government,N,N,1-2080393201,fetchdata,2022-2023,Engineering and Technology,1,1,1,1,Tamil Nadu,1
1-10969665016,KAR POLYTECHNIC COLLEGE,"M.C. ROAD, SOLUR VILLAGE, AMBUR.",VELLORE,Private-Self Financing,N,N,1-448394833,fetchdata,2022-2023,Engineering and Technology,1,1,1,1,Tamil Nadu,1
1-10969746888,PONNAIYAH RAMAJAYAM POLYTECHNIC COLLEGE,"THANJAVUR - TRICHY HIGHWAYS  VALLAM,  THANJAVUR",THANJAVUR,Private-Self Financing,N,N,1-505670061,fetchdata,2022-2023,Engineering and Technology,1,1,1,1,Tamil Nadu,1
1-10969761378,THIRU SEVEN HILLS POLYTECHNIC COLLEGE,"ALAPAKKAM MAIN ROAD,MADURAVOYAL",THIRUVALLUR,Private-Self Financing,N,Y,1-455330211,fetchdata,2022-2023,Engineering and Technology,1,1,1,1,Tamil Nadu,1
1-10969611922,SRM TRP ENGINEERING COLLEGE,IRUNGALUR MANACHANALLUR TALUK,TIRUCHIRAPPALLI,Private-Self Financing,N,N,1-6860571,fetchdata,2022-2023,Engineering and Technology,1,1,1,1,Tamil Nadu,1
1-10969680020,SHANMUGHA POLYTECHNIC COLLEGE,SASTRA UNIVERSITY CAMPUS,THANJAVUR,Private-Self Financing,N,N,1-409933451,fetchdata,2022-2023,Engineering and Technology,1,1,1,1,Tamil Nadu,1
1-10969748111,SRI RAMAKRISHNA POLYTECHNIC COLLEGE,"SRI SARADHA NAGAR, NH 43",PERAMBALUR,Private-Self Financing,N,N,1-456781091,fetchdata,2022-2023,Engineering and Technology,1,1,1,1,Tamil Nadu,1
1-10969748330,SRI KRISHNA INSTITUTE OF TECHNOLOGY,NAVANEEDHAM NAGAR PANAPAKKAM NEAR PADAPPAI,KANCHIPURAM,Private-Self Financing,N,N,1-439765872,fetchdata,2022-2023,Engineering and Technology,1,1,1,1,Tamil Nadu,1
1-10969813284,ADHIPARASAKTHI ENGINEERING COLLEGE,"MELMARUVATHUR, CHEYYUR TALUK, KANCHEEPURAM DISTRICT, TAMILNADU, INDIA",KANCHIPURAM,Private-Self Financing,N,N,1-3036221,fetchdata,2022-2023,Engineering and Technology,1,1,1,1,Tamil Nadu,1
1-10969032866,DHANALAKSHMI SRINIVASAN POLYTECHNIC COLLEGE,THURAIYUR ROAD PERAMBALUR,PERAMBALUR,Private-Self Financing,N,N,1-444227391,fetchdata,2022-2023,Engineering and Technology,1,1,1,1,Tamil Nadu,1
1-10969044545,P.S.B. POLYTECHNIC COLLEGE,"RAJIV GANDHI ROAD (OMR) #46, THAIYUR, CHENNAI.",KANCHIPURAM,Private-Self Financing,N,N,1-440056061,fetchdata,2022-2023,Engineering and Technology,1,1,1,1,Tamil Nadu,1
1-10969046268,SRI VENKATESHWARAA POLYTECHNIC COLLEGE,PAPINAYAKANAHALI VILLAGE SOGATHUR POST DHARMAPURI,DHARMAPURI,Private-Self Financing,N,N,1-434093371,fetchdata,2022-2023,Engineering and Technology,1,1,1,1,Tamil Nadu,1
1-10969071508,MEENAKSHI AMMAL POLYTECHNIC COLLEGE,MALLIYANKARANAI,KANCHIPURAM,Private-Self Financing,N,Y,1-464322751,fetchdata,2022-2023,Engineering and Technology,1,1,1,1,Tamil Nadu,1
1-10969072745,JEYA POLYTECHNIC COLLEGE,"KAMARAJ NAGAR, SAKKAMALPURAM, SAWYERPURAM POST.",THOOTHUKUDI,Private-Self Financing,N,N,1-431834421,fetchdata,2022-2023,Engineering and Technology,1,1,1,1,Tamil Nadu,1
1-10969109445,VAANI POLYTECHNIC COLLEGE,BETHAKALLUPALLI VILLAGE THEKKUPATTU POST AMBALUR VIA,VELLORE,Private-Self Financing,N,N,1-455571083,fetchdata,2022-2023,Engineering and Technology,1,1,1,1,Tamil Nadu,1
1-10969110717,S.THANGAPAZHAM POLYTECHNIC COLLEGE,"CHINTHAMANIPERI PUTHUR, AUTHUVAZHI POST, SIVAGIRI TALUK.",TIRUNELVELI,Private-Self Financing,N,N,1-433797571,fetchdata,2022-2023,Engineering and Technology,1,1,1,1,Tamil Nadu,1
1-10969140169,GOVERNMENT POLYTECHNIC COLLEGE,"UTHAPPANAICKANUR USILAMPATTI TK,MADURAI",MADURAI,Government,N,N,1-2087247171,fetchdata,2022-2023,Engineering and Technology,1,1,1,1,Tamil Nadu,1
1-10969153087,E.G.S. PILLAY ENGINEERING COLLEGE,"OLD NAGORE ROAD, NAGORE POST, NAGAPATTINAM DT TAMIL NADU STATE PIN: 611 002",NAGAPATTINAM,Private-Self Financing,N,N,1-5857311,fetchdata,2022-2023,Engineering and Technology,1,1,1,1,Tamil Nadu,1
1-10969176281,RAMCO INSTITUTE OF TECHNOLOGY,"NORTH VENGANALLUR VILLAGE, KRISHNAPURAM PANCHAYAT, RAJAPALAYAM",VIRUDHUNAGAR,Private-Self Financing,N,N,1-1423258331,fetchdata,2022-2023,Engineering and Technology,1,1,1,1,Tamil Nadu,1
1-10969177947,GOVERNMENT POLYTECHNIC COLLEGE,"GOVERNMENT  POLYTECHNIC COLLEGE,THOZHUVOOR,VALANGAIMAN,THIRUVARUR.",THIRUVARUR,Government,N,N,1-2873498251,fetchdata,2022-2023,Engineering and Technology,1,1,1,1,Tamil Nadu,1
1-10969179190,RAJAS INSTITUTE OF TECHNOLOGY,"OZHUGINASERY, NAGERCOIL KANYAKUMARI DIST. TAMILNADU SOUTH INDIA",KANYAKUMARI,Private-Self Financing,N,N,1-6872191,fetchdata,2022-2023,Engineering and Technology,1,1,1,1,Tamil Nadu,1
1-10969197632,P.S.R.R COLLEGE OF ENGINEERING,APPAYANAICKENPATTI SEVALPATTI SIVAKASI,VIRUDHUNAGAR,Private-Self Financing,N,Y,1-4410911,fetchdata,2022-2023,Engineering and Technology,1,1,1,1,Tamil Nadu,1
1-10969216077,MOTHER TERASA COLLEGE OF ENGINEERING AND TECHNOLOGY,"METTUSALAI, ILLUPPUR (POST & TALUK), PUDUKKOTTAI - DIST, PIN-622102.",PUDUKKOTTAI,Private-Self Financing,N,N,1-4974801,fetchdata,2022-2023,Engineering and Technology,1,1,1,1,Tamil Nadu,1
1-10969216412,K. RAMAKRISHNAN COLLEGE OF ENGINEERING,"KARIYAMANICKAM ROAD, SAMAYAPURAM,",TIRUCHIRAPPALLI,Private-Self Financing,N,N,1-421206141,fetchdata,2022-2023,Engineering and Technology,1,1,1,1,Tamil Nadu,1
1-10969500823,S.M.S POLYTECHNIC COLLEGE,KALLAMANAICKANPATTI SIVAKASI - TALUK VIRUDHUNAGAR - DISTRICT,VIRUDHUNAGAR,Private-Self Financing,N,N,1-429391671,fetchdata,2022-2023,Engineering and Technology,1,1,1,1,Tamil Nadu,1
1-10969234140,NELLAI COLLEGE OF ENGINEERING,MARUTHAKULAM P.O NANGUNERI TALUK,TIRUNELVELI,Private-Self Financing,N,Y,1-4378723,fetchdata,2022-2023,Engineering and Technology,1,1,1,1,Tamil Nadu,1
1-10969282970,SCAD COLLEGE OF ENGINEERING AND TECHNOLOGY,SCAD COLLEGE OF ENGINEERING AND TECHNOLOGY SCAD NAGAR CHERANMAHADEVI TIRUNELVELI,TIRUNELVELI,Private-Self Financing,N,Y,1-4314861,fetchdata,2022-2023,Engineering and Technology,1,1,1,1,Tamil Nadu,1
1-10969446741,P.B.COLLEGE OF ENGINEERING,"CHENNAI - BANGALORE HIGH WAY,  IRUNGKATTUKOTTAI, SRIPERUMBUDUR TALUK,  KANCHEEPURAM DIST. CHENNAI - 602 105 TAMIL NADU",KANCHIPURAM,Private-Self Financing,N,Y,1-6275131,fetchdata,2022-2023,Engineering and Technology,1,1,1,1,Tamil Nadu,1
1-10969448161,V. RAMAKRISHNA POLYTECHNIC COLLEGE,"MANALI ROAD, THIRUVOTTIYUR",CHENNAI,Private-Self Financing,N,N,1-405639211,fetchdata,2022-2023,Engineering and Technology,1,1,1,1,Tamil Nadu,1
1-10969586413,RENGANAYAGI VARATHARAJ COLLEGE OF ENGINEERING,"SALVARPATTI VILLAGE & POST, THAYILPATTI â VIA,  SIVAKASI â TALUK.",VIRUDHUNAGAR,Private-Self Financing,N,N,1-452560021,fetchdata,2022-2023,Engineering and Technology,1,1,1,1,Tamil Nadu,1
1-10969285490,RAJALAKSHMI ENGINEERING COLLEGE (ENGINEERING & TECHNOLOGY),"RAJALAKSHMI NAGAR, THANDALAM, CHENNAI -602105 TAMIL NADU",KANCHIPURAM,Private-Self Financing,N,Y,1-5182261,fetchdata,2022-2023,Engineering and Technology,1,1,1,1,Tamil Nadu,1
1-10969288487,S.A.ENGINEERING COLLEGE,"POONAMALLEE-AVADI ROAD, THIRUVERKADU POST, CHENNAI-600077",THIRUVALLUR,Private-Self Financing,N,Y,1-15813371,fetchdata,2022-2023,Engineering and Technology,1,1,1,1,Tamil Nadu,1
1-10969352719,MAHENDRA INSTITUTE OF TECHNOLOGY,"MAHENDIRAPURI, MALLASAMUDRAM WEST, VADUGAPALAYAM POST, TIRUCHENGODE TALUK, NAMAKKAL DISTRICT",NAMAKKAL,Private-Self Financing,N,N,1-9851811,fetchdata,2022-2023,Engineering and Technology,1,1,1,1,Tamil Nadu,1
1-10969448610,GOVERNMENT POLYTECHNIC COLLEGE,"APPINAYAKANPATTI, UTHANGARAI TK, KRISHNAGIRI DT. PIN-635207",KRISHNAGIRI,Government,N,N,1-2059377951,fetchdata,2022-2023,Engineering and Technology,1,1,1,1,Tamil Nadu,1
1-10969508378,SHREE SATHYAM COLLEGE OF ENGINEERING AND TECHNOLOGY,MANJAKKALPATTI KUPPANUR. POST SANKARI.TALUK SALEM. DISTRICT,SALEM,Private-Self Financing,N,N,1-464456581,fetchdata,2022-2023,Engineering and Technology,1,1,1,1,Tamil Nadu,1
1-10969559684,SRI  SHAKTHI  INSTITUTE  OF  ENGINEERING  AND  TECHNOLOGY,"SRI  SHAKTHI  NAGAR, L & T  BY-PASS ROAD, CHINNIYAMPALAYAM  POST,",COIMBATORE,Private-Self Financing,N,N,1-3968343,fetchdata,2022-2023,Engineering and Technology,1,1,1,1,Tamil Nadu,1
1-10969561642,SURYA COLLEGE OF ENGINEERING,"SOMU NAGAR,",TIRUCHIRAPPALLI,Private-Self Financing,N,N,1-752005981,fetchdata,2022-2023,Engineering and Technology,1,1,1,1,Tamil Nadu,1
1-10969238780,MOHAMED SATHAK A.J COLLEGE OF ENGINEERING,"#34,RAJIV GANDHI ROAD (OMR), IT HIGHWAY SIRUSERI, EGATTUR, CHENNAI. PIN-603 103",KANCHIPURAM,Private-Self Financing,N,Y,1-9756351,fetchdata,2022-2023,Engineering and Technology,1,1,1,1,Tamil Nadu,1
1-10969290218,RATHINAM TECHNICAL CAMPUS,"RATHINAM TECHZONE CAMPUS, POLLACHI ROAD,EACHANARI",COIMBATORE,Private-Self Financing,N,N,1-451667801,fetchdata,2022-2023,Engineering and Technology,1,1,1,1,Tamil Nadu,1
1-10969451376,M.A.M. COLLEGE OF ENGINEERING,"TRICHY-CHENNAI TRUNK ROAD, SIRUGANUR, TIRUCHIRAPPALLI, TAMILNADU - 621105",TIRUCHIRAPPALLI,Private-Self Financing,N,Y,1-4410164,fetchdata,2022-2023,Engineering and Technology,1,1,1,1,Tamil Nadu,1
1-10969482911,UNIVERSITY COLLEGE OF ENGINEERING ARNI,THATCHUR,TIRUVANNAMALAI,State Government University,N,N,1-4647504241,fetchdata,2022-2023,Engineering and Technology,1,1,1,1,Tamil Nadu,1
1-10969511267,DHAANISH AHMED COLLEGE OF ENGINEERING,"DHAANISH NAGAR, VANCHUVANCHERRY, PADAPPAI (NEAR TAMBARAM), SRIPERUMBUDUR TALUK, KANCHEEPURAM DISTRICT",KANCHIPURAM,Private-Self Financing,N,Y,1-4636751,fetchdata,2022-2023,Engineering and Technology,1,1,1,1,Tamil Nadu,1
1-10969596408,AKSHAYA COLLEGE OF ENGINEERING AND TECHNOLOGY,"SF NO.112/1CPT,114/1,115/1,116/2C, BAGAVATHIPALAYAM ROAD, KINATHUKADAVU, COIMBATORE",COIMBATORE,Private-Self Financing,N,N,1-4157792,fetchdata,2022-2023,Engineering and Technology,1,1,1,1,Tamil Nadu,1
1-10969293468,UNIVERSITY COLLEGE OF ENGINEERING VILLUPURAM,UNIVERSITY COLLEGE OF ENGINEERING VILLUPURAM  KAKUPPAM,VILUPPURAM,State Government University,N,N,1-5055871561,fetchdata,2022-2023,Engineering and Technology,1,1,1,1,Tamil Nadu,1
1-10969513659,JAYARAM COLLEGE OF ENGINEERING AND TECHNOLOGY,"KARATTAMPATTY, PAGALAVADI, THURAIYUR TALUK,  TIRUCHIRAPPALLI - 621 014",TIRUCHIRAPPALLI,Private-Self Financing,N,N,1-16908673,fetchdata,2022-2023,Engineering and Technology,1,1,1,1,Tamil Nadu,1
1-10969514257,SUTHANTHIRA POLYTECHNIC COLLEGE,KALAKANMAI VILLAGE,SIVAGANGA,Private-Self Financing,N,N,1-423082411,fetchdata,2022-2023,Engineering and Technology,1,1,1,1,Tamil Nadu,1
1-10969538048,SASTHAA POLYTECHNIC COLLEGE,"KARAIKUDI - ARANTHANGI MAIN ROAD,",PUDUKKOTTAI,Private-Self Financing,N,N,1-421340621,fetchdata,2022-2023,Engineering and Technology,1,1,1,1,Tamil Nadu,1
1-10969588232,SALEM COLLEGE OF ENGINEERING AND TECHNOLOGY,"SALEM-ATTUR MAIN ROAD , NH-68 METTUPATTY-PERUMAPALAYAM",SALEM,Private-Self Financing,N,N,1-5167081,fetchdata,2022-2023,Engineering and Technology,1,1,1,1,Tamil Nadu,1
1-10969246674,TRICHY ENGINEERING COLLEGE,SOMU NAGAR,TIRUCHIRAPPALLI,Private-Self Financing,N,Y,1-5390541,fetchdata,2022-2023,Engineering and Technology,1,1,1,1,Tamil Nadu,1
1-10969248109,VARADHARAJAN POLYTECHNIC COLLEGE,"MUTHAL VARISAI PATTI,  KUNNAM (TK)",PERAMBALUR,Private-Self Financing,N,N,1-460411741,fetchdata,2022-2023,Engineering and Technology,1,1,1,1,Tamil Nadu,1
1-10969405758,UNIVERSITY COLLEGE OF ENGINEERING TINDIVANAM,"MELPAKKAM, TINDIVANAM",VILUPPURAM,State Government University,N,N,1-4670706161,fetchdata,2022-2023,Engineering and Technology,1,1,1,1,Tamil Nadu,1
1-10969538303,MUTHAYAMMAL POLYTECHNIC COLLEGE,"KAKKAVERI POST , RASIPURAM TALUK, NAMAKKAL DISTRICT,",NAMAKKAL,Private-Self Financing,N,N,1-451434901,fetchdata,2022-2023,Engineering and Technology,1,1,1,1,Tamil Nadu,1
1-10969316356,STAR LION COLLEGE OF ENGINEERING AND TECHNOLOGY,"MAIN ROAD, MANANKORAI",THANJAVUR,Private-Self Financing,N,N,1-6588841,fetchdata,2022-2023,Engineering and Technology,1,1,1,1,Tamil Nadu,1
1-10969407161,SRI RANGANATHAR INSTITUTE OF POLYTECHNIC COLLEGE,"D.NO 1/104A, ATHIPALAYAM VILLAGE, THUDIYALUR - KOVILPALAYAM ROAD, COIMBATORE 641110",COIMBATORE,Private-Self Financing,N,N,1-476147571,fetchdata,2022-2023,Engineering and Technology,1,1,1,1,Tamil Nadu,1
1-10969408709,KONGUNADU COLLEGE OF ENGINEERING AND TECHNOLOGY,"THOLURPATTI, THOTTIAM",TIRUCHIRAPPALLI,Private-Self Financing,N,N,1-2820021,fetchdata,2022-2023,Engineering and Technology,1,1,1,1,Tamil Nadu,1
1-10969319585,VANDAYAR POLYTECHNIC COLLEGE,"PULAVARNATHAM (PO),MARIAMMAN KOVIL (VIA) THANJAVUR - 613501.",THANJAVUR,Private-Self Financing,N,N,1-404277901,fetchdata,2022-2023,Engineering and Technology,1,1,1,1,Tamil Nadu,1
1-10969439507,UNIVERSITY COLLEGE OF ENGINEERING KANCHEEPURAM,"NH-4, CHENNAI BANGALORE HIGHWAYS, PONNERIKKARAI, KARAPETTAI VILLAGE & POST, KANCHEEPURAM - 631552",KANCHIPURAM,State Government University,N,N,1-4641291931,fetchdata,2022-2023,Engineering and Technology,1,1,1,1,Tamil Nadu,1
1-10969462683,MOUNT ZION COLLEGE OF ENGINEERING AND TECHNOLOGY,"LENA VILAKKU, PILIVALAM PO, PUDUKKOTTAI",PUDUKKOTTAI,Private-Self Financing,N,N,1-2782864,fetchdata,2022-2023,Engineering and Technology,1,1,1,1,Tamil Nadu,1
1-10969520623,JEEVAN POLYTECHNIC COLLEGE,"VINMATHEE NAGAR, NH-45, TRICHY-DINDIGUL ROAD, MUTHAPUDAIYANPATTY POST MANAPPARAI",TIRUCHIRAPPALLI,Private-Self Financing,N,N,1-474053841,fetchdata,2022-2023,Engineering and Technology,1,1,1,1,Tamil Nadu,1
1-10969390066,SRI BHARATHI ENGINEERING COLLEGE FOR WOMEN,"ARANTHANGI ROAD,KAIKURICHI ALANGUDI TALUK, PUDUKKOTTAI DT,622 303",PUDUKKOTTAI,Private-Self Financing,Y,N,1-18911704,fetchdata,2022-2023,Engineering and Technology,1,1,1,1,Tamil Nadu,1
1-10969548521,AS-SALAM COLLEGE OF ENGINEERING AND TECHNOLOGY,THIRUMANGALAKUDI - ADUTHURAI THIRUVIDAIMARUTHUR - 612 102 THANJAVUR DISTRICT,THANJAVUR,Private-Self Financing,N,N,1-3459931,fetchdata,2022-2023,Engineering and Technology,1,1,1,1,Tamil Nadu,1
1-10969256110,COLLEGE OF FISHERIES ENGINEERING,"TAMIL NADU DR.J.JAYALALITHAA FISHERIES UNIVERSITY, VETTAR RIVER VIEW CAMPUS, NAGAPATTINAM, 611002",NAGAPATTINAM,Government,N,N,1-4966783490,fetchdata,2022-2023,Engineering and Technology,1,1,1,1,Tamil Nadu,1
1-10969278593,SUDHARSAN POLYTECHNIC COLLEGE,"NH 210, SATHIYAMANGALAM, KULATHUR - TALUK, PUDUKKOTTAI - DT. 622 501.",PUDUKKOTTAI,Private-Self Financing,N,N,1-425521611,fetchdata,2022-2023,Engineering and Technology,1,1,1,1,Tamil Nadu,1
1-10969302586,SRI ANNAI POLYTECHNIC COLLEGE,"INDIRA NAGAR, EARAYANKADU (VIL.) PALLIGONDA (POST), VELLORE TALUK & DIST.",VELLORE,Private-Self Financing,N,N,1-465653091,fetchdata,2022-2023,Engineering and Technology,1,1,1,1,Tamil Nadu,1
1-10969345085,SRI RAMANA INSTITUTE OF POLYTECHNIC COLLEGE,MOOLAIKARAIPATTI,TIRUNELVELI,Private-Self Financing,N,N,1-423280381,fetchdata,2022-2023,Engineering and Technology,1,1,1,1,Tamil Nadu,1
1-9330994796,ARS COLLEGE OF ENGINEERING,"SATTTAMANGALAM, MARAIMALAI NAGAR, CHENGALPATTU TALK.",KANCHIPURAM,Private-Self Financing,N,N,1-457352971,fetchdata,2022-2023,Engineering and Technology,1,1,1,1,Tamil Nadu,1
1-9331038057,VISHNU LAKSHMI COLLEGE OF ENGINEERING & TECHNOLOGY,"10/1, KAMBAR STREET, KANJIKONAM PALAYAM, VELLALORE (PO), COIMBATORE SOUTH(TK).",COIMBATORE,Private-Self Financing,N,N,1-1538446771,fetchdata,2022-2023,Engineering and Technology,1,1,1,1,Tamil Nadu,1
1-10967865259,TAMILNADU GOVERNMENT POLYTECHNIC COLLEGE,TPK ROAD  MADURAI,MADURAI,Government,N,N,1-506518011,fetchdata,2022-2023,Engineering and Technology,1,1,1,1,Tamil Nadu,1
1-10967823671,DR.MAHALINGAM COLLEGE OF ENGINEERING AND TECHNOLOGY,"MACKKINAICKENPATTI (POST), UDUMALAI ROAD, POLLACHI 642003",COIMBATORE,Private-Self Financing,N,N,1-5756261,fetchdata,2022-2023,Engineering and Technology,1,1,1,1,Tamil Nadu,1
