institute_id,institute_name,address,district,institution_type,women_only,minority,parent_id,method,year,program,level,institutiontype,Women,Minority,state,course
1-2450943720,DR.M.V SHETTY INSTITUTE OF TECHNOLOGY,VIDYANAGAR N.H 13THODAR MIJAR POST MOODBIDRI MANGALORE TQ,DAKSHINA KANNADA,Unaided - Private,N,N,1-8842201,fetchdata,2015-2016,Engineering and Technology,1,1,1,1,Karnataka,1
1-2451001215,AMRUTA INSTITUTE OF ENGINEERING AND MANAGEMENT SCIENCES,"BIDADI INDUSTRIAL AREA, OFF MYSORE ROAD, NEAR TOYOTA KIRLOSKAR MOTORS, BMRDA REGION, BANGALORE",RAMANAGARA,Unaided - Private,N,N,1-3281811,fetchdata,2015-2016,Engineering and Technology,1,1,1,1,Karnataka,1
1-2450918421,DAYANANDA SAGAR COLLEGE OF ENGINEERING,"SHAVIGE MALLESHWARA HILLS, KUMARASWAMY LAYOUT, BANGALORE-560078",BANGALORE URBAN,Unaided - Private,N,N,1-10575091,fetchdata,2015-2016,Engineering and Technology,1,1,1,1,Karnataka,1
1-2450937557,"B.L.D.E.A'S POLYTECHNIC, BIJAPUR - 03",ASHRAM ROAD,BIJAPUR,Unaided - Private,N,N,1-411302361,fetchdata,2015-2016,Engineering and Technology,1,1,1,1,Karnataka,1
1-2450946632,ANJUMAN POLYTECHNIC,"IDGAH MAIDAN,
AYODHYA NAGAR
OLD HUBLI",DHARWAD,Unaided - Private,N,Y,1-461022893,fetchdata,2015-2016,Engineering and Technology,1,1,1,1,Karnataka,1
1-2450968424,KALPATARU INSTITUTE OF TECHNOLOGY,"KALPATARU INSTITUTE OF TECHNOLOGY,
B.H.ROAD,
HASSAN CIRCLE,
TIPTUR-572202",TUMKUR,Unaided - Private,N,N,1-13347267,fetchdata,2015-2016,Engineering and Technology,1,1,1,1,Karnataka,1
1-2451004005,THE OXFORD COLLEGE OF ENGINEERING,"HOSUR ROAD,
BOMMANAHALLI,",BANGALORE URBAN,Unaided - Private,N,Y,1-5770711,fetchdata,2015-2016,Engineering and Technology,1,1,1,1,Karnataka,1
1-2451007282,VIVEKANANDA INSTITUTE OF TECHNOLOGY,"GUDIMAVU VILLAGE 
KENGERI(HOBLI)
NEAR KUMBALAGODU
BANGALORE",BANGALORE RURAL,Unaided - Private,N,N,1-12176161,fetchdata,2015-2016,Engineering and Technology,1,1,1,1,Karnataka,1
1-2450969194,MVJ COLLEGE OF ENGINEERING,"NEAR ITPB,
CHANNASANDRA,
KADUGODI POST,
BANGALORE",BANGALORE URBAN,Unaided - Private,N,Y,1-6536096,fetchdata,2015-2016,Engineering and Technology,1,1,1,1,Karnataka,1
1-2451008871,MOTHER THERESA POLYTECHNIC,"NEAR KSRTC BUS STAND
ANTHARAGANGA ROAD, KOLAR",KOLAR,Unaided - Private,N,N,1-699990243,fetchdata,2015-2016,Engineering and Technology,1,1,1,1,Karnataka,1
1-2451009073,JSS ACADEMY OF TECHNICAL EDUCATION,"JSSATE CAMPUS
UTTARAHALLI-KENGERI ROAD 
BANGALORE 560060
KARNATAKA",BANGALORE URBAN,Unaided - Private,N,N,1-6027111,fetchdata,2015-2016,Engineering and Technology,1,1,1,1,Karnataka,1
1-2450939525,"KLE DR. M. S. SHESHGIRI COLLEGE OF ENGINEERING AND TECHNOLOGY, BELGAUM","UDYAMBAGH, BELGAUM",BELGAUM,Unaided - Private,N,N,1-8845941,fetchdata,2015-2016,Engineering and Technology,1,1,1,1,Karnataka,1
1-2450941863,"B.L.D.E.A'S V.P DR P.G.HALAKATTI COLLEGE OF ENGG. & TECH., BIJAPUR-03","ASHRAM ROAD,
BIJAPUR - 586103",BIJAPUR,Unaided - Private,N,N,1-4736974,fetchdata,2015-2016,Engineering and Technology,1,1,1,1,Karnataka,1
1-2450949991,GOVT TOOL ROOM AND TRAINING CENTRE-KOLAR,"GOVT TOOL ROOM & TRAINING CENTRE OLD DIC BUILDING PREMISES, KATTARIPALYA KAIGARIKA SANKIRNA, K G F-BANGLORE ROAD, KOLAR-563103",KOLAR,Government,N,N,1-1528580191,fetchdata,2015-2016,Engineering and Technology,1,1,1,1,Karnataka,1
1-2451013051,JSS POLYTECHNIC FOR WOMEN,"JSS TECHNICAL INSTITUTIONS CAMPUS, 
MANASAGANGOTHRI",MYSORE,Govt aided,Y,N,1-465990781,fetchdata,2015-2016,Engineering and Technology,1,1,1,1,Karnataka,1
1-2450971475,K.V.G.COLLEGE OF ENGINEERING,"KURUNJIBHAG,
SULLIA TALUK,
DAKSHINA KANNADA DISTRICT,
KARNATAKA STATE. - 574327",DAKSHINA KANNADA,Unaided - Private,N,N,1-4083884,fetchdata,2015-2016,Engineering and Technology,1,1,1,1,Karnataka,1
1-2450973273,BASAVAKALYAN ENGINEERING COLLEGE,"N.H.9 
BASAVAKALYAN-585327
DIST. BIDAR
KARNATAKA",BIDAR,Unaided - Private,N,N,1-2060831,fetchdata,2015-2016,Engineering and Technology,1,1,1,1,Karnataka,1
1-2450974878,TONTADARYA COLLEGE OF ENGINEERING,"MUNDARAGI ROAD
GADAG - 582101",GADAG,Unaided - Private,N,N,1-4298204,fetchdata,2015-2016,Engineering and Technology,1,1,1,1,Karnataka,1
1-2450951338,HYDERABAD KARNATAKA EDUCATION SOCIETY'S POLYTECHNIC,YERAMARAS CAMP,RAICHUR,Unaided - Private,N,N,1-446152821,fetchdata,2015-2016,Engineering and Technology,1,1,1,1,Karnataka,1
1-2450975429,IMPACT COLLEGE OF ENGINEERING AND APPLIED SCIENCES,"KODIGEHALLI
SAHAKARANAGAR SOUTH
BANGALORE",BANGALORE URBAN,Unaided - Private,N,N,1-4425731,fetchdata,2015-2016,Engineering and Technology,1,1,1,1,Karnataka,1
1-2450952958,KLE'S KLE COLLEGE OF ENGINEERING AND TECHNOLOGY,"KLE'S KLE COLLEGE OF ENGINEERING AND TECHNOLOGY,BANANTIKODI ROAD CHIKODI,BELGAUM DISTRICT-591 201,KARNATAKA",BELGAUM,Unaided - Private,N,N,1-3423091,fetchdata,2015-2016,Engineering and Technology,1,1,1,1,Karnataka,1
1-2450954982,R. R. INSTITUTE OF TECHNOLOGY,"NO. 67, RAJA REDDY LAYOUT,
NEAR CHIKKABANAVARA RAILWAY STATION,
CHIKKABANAVARA
BANGALORE - 560090
KARNATAKA
INDIA",BANGALORE URBAN,Unaided - Private,N,N,1-8337487,fetchdata,2015-2016,Engineering and Technology,1,1,1,1,Karnataka,1
1-2450977172,SRI VIDHYANIKETHAN POLYTECHNIC,"SGR BHAVAN
OPP:AKASHAVANI
SALAGAMAE ROAD
HASSAN-573201
KARANATAKA",HASSAN,Unaided - Private,N,N,1-506668731,fetchdata,2015-2016,Engineering and Technology,1,1,1,1,Karnataka,1
1-2450955655,HKE SOCIETY'S WOMEN'S POLYTECHNIC GULBARGA,"HKE SOCIETY'S WOMEN'S POLYTECHNIC, NEAR PWD QUARTERS AIWAN-E-SHAHI AREA. GULBARGA.",GULBARGA,Unaided - Private,Y,N,1-434288271,fetchdata,2015-2016,Engineering and Technology,1,1,1,1,Karnataka,1
1-2450978572,GOVERNMENT POLYTECHNIC GAJENDRAGAD,"SBSS GOVT. FIRST GRADE DEGREE COLLEGE CAMPUS, 
KUSHTAGI ROAD,
GAJENDRAGAD",GADAG,Government,N,N,1-451763001,fetchdata,2015-2016,Engineering and Technology,1,1,1,1,Karnataka,1
1-2450979063,NEW HORIZON COLLEGE OF ENGINEERING (E&T),"RING ROAD, NEAR MARATHALLI, BELLANDUR POST,
KADUBHISANAHALLI",BANGALORE URBAN,Unaided - Private,N,Y,1-11989651,fetchdata,2015-2016,Engineering and Technology,1,1,1,1,Karnataka,1
1-2450981167,B.T.PATIL AND SONS POLYTECHNIC,"GAVANI-STAVANIDHI, TALUKA: CHIKKODI",BELGAUM,Unaided - Private,N,N,1-454268781,fetchdata,2015-2016,Engineering and Technology,1,1,1,1,Karnataka,1
1-2450956187,A.M.C. ENGINEERING COLLEGE,"18KM,BANNERAGHATTA ROAD,KALKERE,BANGALORE-560083",BANGALORE URBAN,Unaided - Private,N,N,1-5220016,fetchdata,2015-2016,Engineering and Technology,1,1,1,1,Karnataka,1
1-2450981478,SRI REVANA SIDDESHWARA INSTITUTE OF TECHNOLOGY,"CHOKKANAHALLI, CHIKKAJALA,BANGALORE NORTH - 562157",BANGALORE URBAN,Unaided - Private,N,N,1-6204071,fetchdata,2015-2016,Engineering and Technology,1,1,1,1,Karnataka,1
1-2450986749,R R POLYTECHNIC,"67, RAJA REDDY LAYOUT, NEAR CHIKKABANAVARA RAILWAY STATION, CHIKKABANAVARA POST, BANGALORE - 90",BANGALORE URBAN,Unaided - Private,N,N,1-460632911,fetchdata,2015-2016,Engineering and Technology,1,1,1,1,Karnataka,1
1-2450987086,SJ BGS POLYTECHNIC,"NH-48, BELLUR CROSS, B.G.NAGARA",MANDYA,Unaided - Private,N,N,1-466592421,fetchdata,2015-2016,Engineering and Technology,1,1,1,1,Karnataka,1
1-2450961401,S.J. GOVT. POLYTECHNIC,"SHESHADRI ROAD
KR CIRCLE",BANGALORE URBAN,Government,N,N,1-462630131,fetchdata,2015-2016,Engineering and Technology,1,1,1,1,Karnataka,1
1-2450961991,GOVERNMENT INSTITUTE OF PRINTING TECHNOLOGY,"PALACE ROAD, OPPOSITE TO MAHARANI'S SCIENCE COLLEGE",BANGALORE URBAN,Government,N,N,1-456794323,fetchdata,2015-2016,Engineering and Technology,1,1,1,1,Karnataka,1
1-2450988422,MOTICHAND LENGADE BHARATESH POLYTECHNIC,"BHARATESHNAGAR,
SHINDOLLI CROSS,.BASAVANKUDACHI-EXTN,",BELGAUM,Govt aided,N,Y,1-419690107,fetchdata,2015-2016,Engineering and Technology,1,1,1,1,Karnataka,1
1-2450962334,P.V.P POLYTECHNIC,"DR.AIT CAMPUS,
MALLATHAHALLI,
BANGALORE-56",BANGALORE URBAN,Govt aided,N,N,1-465512581,fetchdata,2015-2016,Engineering and Technology,1,1,1,1,Karnataka,1
1-2450962733,S.E.T POLYTECHNIC,"PANDAVAPURA TALUK, MELKOTE",MANDYA,Unaided - Private,N,N,1-802455021,fetchdata,2015-2016,Engineering and Technology,1,1,1,1,Karnataka,1
1-2450962976,SAHYADRI POLYTECHNIC,"SAGAR ROAD
SEEBINAKERE POST",SHIMOGA,Govt aided,N,N,1-474763251,fetchdata,2015-2016,Engineering and Technology,1,1,1,1,Karnataka,1
1-2450963195,IMPACT POLYTECHNIC,"KODIGEHALLI, SAHAKARANAGAR PO
BANGLAORE",BANGALORE URBAN,Govt aided,N,Y,1-402924711,fetchdata,2015-2016,Engineering and Technology,1,1,1,1,Karnataka,1
1-2450964587,"R.T.E.SOCIETY'S, RURAL ENGINEERING COLLEGE, HULKOTI","R.T.E.SOCIETY'S, RURAL ENGINEERING COLLEGE, 
HULKOTI -582 205
TAQ / DIST:GADAG
STATE: KARNATAKA
COUNTRY: INDIA",GADAG,Unaided - Private,N,N,1-5445871,fetchdata,2015-2016,Engineering and Technology,1,1,1,1,Karnataka,1
1-2450994867,GOVERNMENT POLYTECHNIC FOR WOMEN,SHESHADRI ROAD K.R.CIRCLE,BANGALORE URBAN,Government,Y,N,1-477609065,fetchdata,2015-2016,Engineering and Technology,1,1,1,1,Karnataka,1
1-2451096730,B E T POLYTECHNIC,"BHARATHINAGARA
[K M DODDI]
MADDUR TALUK
MANDYA DIST 
KARNATAKA -571422",MANDYA,Unaided - Private,N,N,1-448505501,fetchdata,2015-2016,Engineering and Technology,1,1,1,1,Karnataka,1
1-2450641385,B.G.S POLYTECHNIC,BB ROAD NH-7 SJCIT(CAMPUS) CHIKKABALLAPURA,CHIKABALLAPUR,Unaided - Private,N,N,1-465904731,fetchdata,2015-2016,Engineering and Technology,1,1,1,1,Karnataka,1
1-2450642706,"S.T.S.K.K POLYTECHNIC, GADAG","MUNDARAGI ROAD, GADAG",GADAG,Unaided - Private,N,N,1-422811081,fetchdata,2015-2016,Engineering and Technology,1,1,1,1,Karnataka,1
1-2451097092,ACHARYA POLYTECHINC,"SOLDEVANAHALLI,
HESARAGHATTA MAIN ROAD BANGALORE -90
KARNATKAKA, 
INDIA",BANGALORE URBAN,Unaided - Private,N,N,1-453161421,fetchdata,2015-2016,Engineering and Technology,1,1,1,1,Karnataka,1
1-2451124525,PES POLYTECHNIC,"#206,GUDDADA ARAKERE, 
SAGAR ROAD, SHIVAMOGGA",SHIMOGA,Unaided - Private,N,N,1-462765721,fetchdata,2015-2016,Engineering and Technology,1,1,1,1,Karnataka,1
1-2451128029,"SRI RENUKA INTEGRATED POLYTECHNIC, HAGARIBOMMANAHALLI","KUDLIGI ROAD, RAMANAGARA, HAGARIBOMMANAHALLI",BELLARY,Unaided - Private,N,N,1-504837541,fetchdata,2015-2016,Engineering and Technology,1,1,1,1,Karnataka,1
1-2451130474,T.E.S. POLYTECHNIC,"SY NO 96, BOMMENAHALLI VILLAGE, OLD MADRAS ROAD
VIRGO NAGAR POST",BANGALORE URBAN,Unaided - Private,N,N,1-445139143,fetchdata,2015-2016,Engineering and Technology,1,1,1,1,Karnataka,1
1-2451080673,HMS RURAL POLYTECHNIC,"HMS RURAL POLYTECNIC
NEAR JAS TOLLGATE 
MANCHAKALAKUPPE, N H 4, TUMKUR-572104",TUMKUR,Unaided - Private,N,Y,1-440670491,fetchdata,2015-2016,Engineering and Technology,1,1,1,1,Karnataka,1
1-2451130613,B V BHOOMARADDI COLLEGE OF ENGINEERING & TECHNOLOGY,"VIDYANAGAR, HUBLI - 580031, KARNATAKA STATE",DHARWAD,Govt aided,N,N,1-4783231,fetchdata,2015-2016,Engineering and Technology,1,1,1,1,Karnataka,1
1-2451015905,BRINDAVAN COLLEGE OF ENGINEERING,"DWARAKANAGARA, BAGALUR MAIN ROAD,
YELAHANKA, BANGALORE - 560 063",BANGALORE URBAN,Unaided - Private,N,N,1-5459701,fetchdata,2015-2016,Engineering and Technology,1,1,1,1,Karnataka,1
1-2451083617,GOVERNMENT POLYTECHNIC,VIDYANAGAR,DHARWAD,Government,N,N,1-473881761,fetchdata,2015-2016,Engineering and Technology,1,1,1,1,Karnataka,1
1-2451099931,SNJPSNMS TRUST'S  POLYTECHNIC,"CHIKODI ROAD,",BELGAUM,Unaided - Private,N,N,1-431391981,fetchdata,2015-2016,Engineering and Technology,1,1,1,1,Karnataka,1
1-2450608710,NIE INSTITUTE OF TECHNOLOGY,"SURVEY NO 50(PART),KOORGALLI VILLAGE,HOOTAGALLI INDUSTRIAL AREA
KASABA HOBLI,MYSORE-570018",MYSORE,Unaided - Private,N,N,1-8228831,fetchdata,2015-2016,Engineering and Technology,1,1,1,1,Karnataka,1
1-2450666544,RAIBAG POLYTECHNIC RAIBAG,"RAIBAG POLYTECHNIC RAIBAG
SHREE RENUKA SUGAR LTD. 
UNDERTAKING
AT : BAVACHI
PO : MEKHALI
TAL : RAIBAG
DIST : BELGAUM
DIST : BELGAUM",BELGAUM,Unaided - Private,N,N,1-449289791,fetchdata,2015-2016,Engineering and Technology,1,1,1,1,Karnataka,1
1-2451069755,SMT. KAMALA AND SRI VENKAPPA M AGADI COLLEGE OF ENGINEERING & TECHNOLOGY,"SAVANUR ROAD, GULAGANJIKOPPA,
LAXMESHWAR 
DIST: GADAG",GADAG,Unaided - Private,N,N,1-5146681,fetchdata,2015-2016,Engineering and Technology,1,1,1,1,Karnataka,1
1-2451089599,"K.L.E. SOCIETY'S C.B.KOLLI POLYTECHNIC,HAVERI","P.B. ROAD 
VIDYA NAGAR,
HAVERI",HAVERI,Unaided - Private,N,N,1-466343581,fetchdata,2015-2016,Engineering and Technology,1,1,1,1,Karnataka,1
1-2451017668,SHRI MALLIKARJUNA POLYTECHNIC,"NH-13, PILLEKERENAHALLI,",CHITRADURGA,Unaided - Private,N,N,1-789816101,fetchdata,2015-2016,Engineering and Technology,1,1,1,1,Karnataka,1
1-2450574796,SDM INSTITUTE OF TECHNOLOGY UJIRE-574240,"SDM INSTITUTE OF TECHNOLOGY
 UJIRE-574240
 DAKSHINA KANNADA 
 KARNATAKA",DAKSHINA KANNADA,Unaided - Private,N,Y,1-12085801,fetchdata,2015-2016,Engineering and Technology,1,1,1,1,Karnataka,1
1-2450575396,GM INSTITUTE OF TECHNOLOGY,"POST BOX. NO. 4,    P.B.ROAD.
DAVANGERE.",DAVANAGERE,Unaided - Private,N,N,1-5359141,fetchdata,2015-2016,Engineering and Technology,1,1,1,1,Karnataka,1
1-2450609228,ALVA'S INSTITUTE OF ENGINEERING AND TECHNOLOGY,"SHOBHAVANA CAMPUS,MIJAR
MOODBIDRI - 574225
MANGALORE TALUK
DHAKSHINA KANNADA DISTRICT
KARNATAKA STATE",DAKSHINA KANNADA,Unaided - Private,N,N,1-6754801,fetchdata,2015-2016,Engineering and Technology,1,1,1,1,Karnataka,1
1-2450642984,JAIN COLLEGE OF ENGINEERING,"T.S. NAGAR,
HUNCHANHATTI ROAD,
MACCHE, BELGAUM,
KARNATAKA 590014.",BELGAUM,Unaided - Private,N,N,1-6080441,fetchdata,2015-2016,Engineering and Technology,1,1,1,1,Karnataka,1
1-2451083769,BMS INSTITUTE OF TECHNOLOGY & MANAGEMENT,"POST BOX NO.6443, AVALAHALLI,
DODDABALLAPURA MAIN ROAD,
YELAHANKA, BANGALORE - 560064.",BANGALORE URBAN,Unaided - Private,N,N,1-4152591,fetchdata,2015-2016,Engineering and Technology,1,1,1,1,Karnataka,1
1-2451022247,GOVERNMENT POLYTECHNIC GULBARGA,"AIWAN-E-SHAHI AREA, STATION ROAD,",GULBARGA,Government,N,N,1-466015261,fetchdata,2015-2016,Engineering and Technology,1,1,1,1,Karnataka,1
1-2450645905,MAHMOOD SHARIEF POLYTECHNIC,"NEAR RTO OFFICE
SC ROAD
YESHWANTHPUR
BANGALORE-22",BANGALORE URBAN,Unaided - Private,N,Y,1-504597251,fetchdata,2015-2016,Engineering and Technology,1,1,1,1,Karnataka,1
1-2451071910,SRI VINAYAK POLYTECHNIC,"BEHIND ST. JHONS CHURCH, NEAR HOLI MINES, KORAMANDAL POST KGF",KOLAR,Unaided - Private,N,N,1-820961291,fetchdata,2015-2016,Engineering and Technology,1,1,1,1,Karnataka,1
1-2451072432,KARAVALI POLYTECHNIC,"KARAVALI POLYTECHNIC
PADU POST,PEDUMALE,NEERUMARGA,MANGALORE",DAKSHINA KANNADA,Unaided - Private,N,N,1-435754281,fetchdata,2015-2016,Engineering and Technology,1,1,1,1,Karnataka,1
1-2451072768,ADICHUNCHANAGIRI INSTITUTE OF TECHNOLOGY,"ADICHUNCHANAGIRI EXTENTION,
JYOTHINAGAR,
CHIKMAGALUR - 577102
KARNATAKA
INDIA",CHIKMAGALUR,Unaided - Private,N,N,1-4215821,fetchdata,2015-2016,Engineering and Technology,1,1,1,1,Karnataka,1
1-2451023460,"GOVERNMENT POLYTECHNIC, BIDAR","UDGIR ROAD, OPP. GOVT. HOSPITAL,
BIDAR-585401",BIDAR,Government,N,N,1-465974991,fetchdata,2015-2016,Engineering and Technology,1,1,1,1,Karnataka,1
1-2450648118,PES POLYTECHNIC,"50 FEET ROAD
HANUMANTHA NAGAR
BSK I STAGE",BANGALORE URBAN,Unaided - Private,N,N,1-452071211,fetchdata,2015-2016,Engineering and Technology,1,1,1,1,Karnataka,1
1-2450650428,"SHRI SUBHAS NAGUR MEMORIAL POLYTECHNIC, BIJAPUR","SMT. SUSHILADEVI NAGUR COLONY COLLEGE ROAD
BIJAPUR",BIJAPUR,Unaided - Private,N,N,1-461073681,fetchdata,2015-2016,Engineering and Technology,1,1,1,1,Karnataka,1
1-2450659249,"NMAM INSTITUTE OF TECHNOLOGY, NITTE","NMAM INSTITUTE OF TECHNOLOGY
 NITTE,

NITTE POST & VILLAGE  - 574110

KARKALA TALUK

UDUPI DISTRICT

KARNATAKA STATE",UDUPI,Unaided - Private,N,N,1-5795381,fetchdata,2015-2016,Engineering and Technology,1,1,1,1,Karnataka,1
1-2451074756,AE & CS PAVAN POLYTECHNIC,BANGALORE CHEENAI BYE PASS ROAD HAROHALLI GARDENS .,KOLAR,Unaided - Private,N,Y,1-487762261,fetchdata,2015-2016,Engineering and Technology,1,1,1,1,Karnataka,1
1-2451113407,GOVT.POLYTECHNIC JOIDA,JOIDA         UTTARA KANNADA DISTRICT      KARNATAKA 581186,UTTARA KANNADA,Government,N,N,1-478993881,fetchdata,2015-2016,Engineering and Technology,1,1,1,1,Karnataka,1
1-2450587593,"GOVERNMENT ENGINEERING COLLEGE, CHAMARAJANAGAR","GOVERNMENT POLYTECHNIC CAMPUS,
NANJANGUD ROAD",CHAMARAJNAGAR,Government,N,N,1-38169544,fetchdata,2015-2016,Engineering and Technology,1,1,1,1,Karnataka,1
1-2450667463,SRI VENKATARAJU INSTITUTE OF TECHNOLOGY,"NO.11, KR LAYOUT,3RD CROSS, PUTTENAHALLI MAIN ROAD, 6TH PHASE J.P.NAGAR,",BANGALORE URBAN,Unaided - Private,N,N,1-460890181,fetchdata,2015-2016,Engineering and Technology,1,1,1,1,Karnataka,1
1-2451074995,BANGALORE COLLEGE OF ENGINEERING & TECHNOLOGY,"NEAR HEELALIGE RAILWAY STATION,
CHANDAPURA,
ANEKAL TALUK,
BANGALORE, 560081.",BANGALORE URBAN,Unaided - Private,N,N,1-3887416,fetchdata,2015-2016,Engineering and Technology,1,1,1,1,Karnataka,1
1-2451089852,K V POLYTECHNIC,"K V POLYTECHNIC
BEHIND TILES FACTORY
P B ROAD",HAVERI,Unaided - Private,N,N,1-477671661,fetchdata,2015-2016,Engineering and Technology,1,1,1,1,Karnataka,1
1-2451112345,"SMT. T.M. PATIL POLYTECHNIC, TALIKOTI","SMT. T.M. PATIL POLYTECHNIC, M.M PATIL LAYOUT  D.HIPPARAGI ROAD TALIKOTI",BIJAPUR,Unaided - Private,N,N,1-818873271,fetchdata,2015-2016,Engineering and Technology,1,1,1,1,Karnataka,1
1-2451113538,B.G.S INSTITUTE OF TECHNOLOGY,"B.G.NAGARA ,
NAGAMANGALA TALUK
MANDYA DISTRICT 
571448",MANDYA,Unaided - Private,N,N,1-10916654,fetchdata,2015-2016,Engineering and Technology,1,1,1,1,Karnataka,1
1-2451114237,SRIMATH POLYTECHNIC,"CH 97 6TH CROSS
K.R.VANAM
MYSORE",MYSORE,Unaided - Private,N,N,1-457328011,fetchdata,2015-2016,Engineering and Technology,1,1,1,1,Karnataka,1
1-2450613775,RAJIV GANDHI MEMORIAL POLYETCHNIC,"RAJIV GANDHI MEMORIAL POLYTECHNIC
BALAGANGADHARA NAGAR
MALLATHAHALLY
BANGALORE - 560056",BANGALORE URBAN,Unaided - Private,N,N,1-429609681,fetchdata,2015-2016,Engineering and Technology,1,1,1,1,Karnataka,1
1-2450614015,ST. JOSEPH ENGINEERING COLLEGE,MANGALORE,DAKSHINA KANNADA,Unaided - Private,N,Y,1-6021856,fetchdata,2015-2016,Engineering and Technology,1,1,1,1,Karnataka,1
1-2451075934,GOVERNMENT POLYTECHNIC FOR WOMEN,"VIDYANAGAR
HUBLI",DHARWAD,Government,Y,N,1-447742011,fetchdata,2015-2016,Engineering and Technology,1,1,1,1,Karnataka,1
1-2450650951,M.S. RAMAIAH POLYTECHNIC,"M.S. RAMAIAH POLYTECHNIC
M.S.R. NAGAR
MSRIT POST
BANGALORE",BANGALORE URBAN,Unaided - Private,N,N,1-465666171,fetchdata,2015-2016,Engineering and Technology,1,1,1,1,Karnataka,1
1-2450662808,B.M.S.COLLEGE OF ENGINEERING,"POST BOX NO 1908, BULL TEMPLE ROAD",BANGALORE URBAN,Govt aided,N,N,1-5884543,fetchdata,2015-2016,Engineering and Technology,1,1,1,1,Karnataka,1
1-2451076305,HIRASUGAR INSTIUTE OF TECHNOLOGY,"NIDAOSHI
TALUKA: HUKERI
DISTRICT: BELGAUM
STATE: KARNATAKA",BELGAUM,Unaided - Private,N,N,1-10564221,fetchdata,2015-2016,Engineering and Technology,1,1,1,1,Karnataka,1
1-2451116685,GOVT.POLYTECHNIC,B.H.ROAD,TUMKUR,Government,N,N,1-479731891,fetchdata,2015-2016,Engineering and Technology,1,1,1,1,Karnataka,1
1-2451017818,"P.E.S. COLLEGE OF ENGINEERING, MANDYA","P.E.S. COLLEGE OF ENGINEERING,
MANDYA
KARNATAKA STATE

PIN: 571 401",MANDYA,Govt aided,N,N,1-3763241,fetchdata,2015-2016,Engineering and Technology,1,1,1,1,Karnataka,1
1-2450618977,SRI GURUMALLESHWARA MAHAVIDYA SAMSTHE POLYTECHNIC,"DEVANUR,
NANJANAGUD TQ,",MYSORE,Unaided - Private,N,N,1-499204827,fetchdata,2015-2016,Engineering and Technology,1,1,1,1,Karnataka,1
1-2450667945, BNM INSTITUTE OF TECHNOLOGY,"12TH MAIN, 27TH CROSS, BSK SECOND STAGE
BANGALORE 560070",BANGALORE URBAN,Unaided - Private,N,N,1-8284991,fetchdata,2015-2016,Engineering and Technology,1,1,1,1,Karnataka,1
1-2450669659,SIDDAGANGA INSTITUTE OF TECHNOLOGY,B.H.ROAD,TUMKUR,Unaided - Private,N,N,1-6648541,fetchdata,2015-2016,Engineering and Technology,1,1,1,1,Karnataka,1
1-2451077900,SANJAY MEMORIAL POLYTECHNIC,"IKKERI ROAD
SAGARA - 577401
SHIMOGA DISTRICT, KARNATAKA",SHIMOGA,Govt aided,N,N,1-467957621,fetchdata,2015-2016,Engineering and Technology,1,1,1,1,Karnataka,1
1-2451090003,GHOUSIA POLYTECHNIC FOR WOMEN,"HOSUR ROAD, DRC POST",BANGALORE URBAN,Unaided - Private,Y,Y,1-457458521,fetchdata,2015-2016,Engineering and Technology,1,1,1,1,Karnataka,1
1-2451117097,VIDYA VIKAS INSTITUTE OF ENGINEERING & TECHNOLOGY,"#127,ALANAHALLY,ALANAHALLY  POST
MYSORE-BANNUR ROAD",MYSORE,Unaided - Private,N,N,1-3933345,fetchdata,2015-2016,Engineering and Technology,1,1,1,1,Karnataka,1
1-2450624186,JAIN POLYTECHNIC DAVANGERE,NO 323  NEAR VEERESHWARA PUNYASHRAM AVARGERE BADA CROSS DAVANGERE,DAVANAGERE,Unaided - Private,N,N,1-2061175564,fetchdata,2015-2016,Engineering and Technology,1,1,1,1,Karnataka,1
1-2450652566,"SGES'S DR. N. A. MAGADUM POLYTECHNIC, ANKALI", ANKALI,BELGAUM,Unaided - Private,N,Y,1-461010121,fetchdata,2015-2016,Engineering and Technology,1,1,1,1,Karnataka,1
1-2450671043,ANJUMAN INSTITUTE OF TECHNOLOGY AND MANAGEMENT,"ANJUMANABAD,
BHATKAL
(U K DIST), KARNATAKA
PIN 581320",UTTARA KANNADA,Unaided - Private,N,Y,1-11354561,fetchdata,2015-2016,Engineering and Technology,1,1,1,1,Karnataka,1
1-2451078443,EAST POINT COLLEGE OF ENGINEERING & TECHNOLOGY,"JNANA PRABHA, BIDARAHALLI,
VIRGONAGAR POST,
BANGALORE.",BANGALORE URBAN,Unaided - Private,N,N,1-6231206,fetchdata,2015-2016,Engineering and Technology,1,1,1,1,Karnataka,1
1-2451079349,"K.N.S. INSTITUTE OF TECHNOLOGY, BANGALORE-64","THIRUMENAHALLI, HEGGADENAGAR-KOGILU ROAD, YELAHANKA, BANGALORE-560064",BANGALORE URBAN,Unaided - Private,N,N,1-14329571,fetchdata,2015-2016,Engineering and Technology,1,1,1,1,Karnataka,1
1-2451122524,ST. MARY'S POLYTECHNIC,"K B EXTENSION,
FORT ROAD,",CHITRADURGA,Unaided - Private,N,N,1-825368541,fetchdata,2015-2016,Engineering and Technology,1,1,1,1,Karnataka,1
1-2451122693,GOVT.POLYTECHNIC KOPPAL,"GOVT.POLYTECHNIC  GADAG ROAD
DADEGAL
KOPPAL
583231",KOPPAL,Government,N,N,1-461494531,fetchdata,2015-2016,Engineering and Technology,1,1,1,1,Karnataka,1
1-2450626424,JAWAHARLAL NEHRU NATIONAL COLLEGE OF ENGINEERING,"P.B. NO. 128,
NAVULE, SHIMOGA",SHIMOGA,Unaided - Private,N,N,1-8198061,fetchdata,2015-2016,Engineering and Technology,1,1,1,1,Karnataka,1
1-2450628639,GLOBAL ACADEMY OF TECHNOLOGY,"IDEAL HOMES TOWNSHIP
RAJARAJESHWARINAGAR
BANGALORE-560098",BANGALORE URBAN,Unaided - Private,N,N,1-5916676,fetchdata,2015-2016,Engineering and Technology,1,1,1,1,Karnataka,1
1-2451065503,"GOVT.POLYTECHNIC,BAGALKOT",OLD PWD COMPOUND  BAGALKOT,BAGALKOT,Government,N,N,1-479106291,fetchdata,2015-2016,Engineering and Technology,1,1,1,1,Karnataka,1
1-2451090384,VEMANA INSTITUTE OF TECHNOLOGY,"#1, MAHAYOGI VEMANA ROAD, 3RD BLOCK, KORMANGALA, BANGALORE -560034.",BANGALORE URBAN,Unaided - Private,N,N,1-5219860,fetchdata,2015-2016,Engineering and Technology,1,1,1,1,Karnataka,1
1-2450594261,CAUVERY POLYTECHNIC GONIKOPPAL,"VIRAJPET TALUK
S.COORG
PIN 571213
KARNATAKA STATE",COORG,Unaided - Private,N,N,1-460508361,fetchdata,2015-2016,Engineering and Technology,1,1,1,1,Karnataka,1
1-2450596471,SRI DHARMASTHALA MANJUNATHESHWARA POLYTECHNIC - UJIRE,"UJIRE
BELTHANGADI TALLUK
DAKSHINA KANNADA
DISTRICT
KARNATAKA
574240",DAKSHINA KANNADA,Unaided - Private,N,Y,1-457064031,fetchdata,2015-2016,Engineering and Technology,1,1,1,1,Karnataka,1
1-2450637193,SHRIDEVI INSTITUTE OF ENGINEERING AND TECHNOLOGY,"MARELENAHALLY,
SIRA ROAD 
TUMKUR",TUMKUR,Unaided - Private,N,N,1-3401154,fetchdata,2015-2016,Engineering and Technology,1,1,1,1,Karnataka,1
1-2451123019,GOVERNMENT POLYTECHNIC,ULAVI - SAGAR ROAD,SHIMOGA,Government,N,N,1-475273387,fetchdata,2015-2016,Engineering and Technology,1,1,1,1,Karnataka,1
1-2450596879,TIPPU SHAHEED INSTITUTE OF TECHNILOGY (POLYTECHNIC),SIMLA NAGAR,DHARWAD,Govt aided,N,Y,1-458464351,fetchdata,2015-2016,Engineering and Technology,1,1,1,1,Karnataka,1
1-2450600132,SJB INSTITUTE OF TECHNOLOGY,"BGS HEALTH & EDUCATION CITY,
NO 67, UTTARAHALLI ROAD.
KENGERI, BANGALORE -60",BANGALORE URBAN,Unaided - Private,N,N,1-11652107,fetchdata,2015-2016,Engineering and Technology,1,1,1,1,Karnataka,1
1-2451065658,SAHAKARI VIDYA KENDRA POLYTECHNIC,"CA NO 3,41ST CROSS, EAST END B MAIN ROAD,JAYANAGAR 9TH BLOCK.
BANGALORE",BANGALORE URBAN,Unaided - Private,N,N,1-487502421,fetchdata,2015-2016,Engineering and Technology,1,1,1,1,Karnataka,1
1-2451066001,SRI SIDDHARTHA INSTITUTE OF TECHNOLOGY,"MARALUR 
TUMKUR",TUMKUR,Unaided - Private,N,N,1-9751201,fetchdata,2015-2016,Engineering and Technology,1,1,1,1,Karnataka,1
1-2451080108,MVJ POLYTECHNIC,"NEAR ITPB, CHANNASANDRA,
KADUGODI POST
BANGALORE-560067",BANGALORE URBAN,Unaided - Private,N,Y,1-497080871,fetchdata,2015-2016,Engineering and Technology,1,1,1,1,Karnataka,1
1-2451127913,"JNANABHARATHI POLYTECHNIC, KUDLIGI",SANDURU ROAD,BELLARY,Unaided - Private,N,N,1-802485841,fetchdata,2015-2016,Engineering and Technology,1,1,1,1,Karnataka,1
1-2451128300,SJVP POLYTECHNIC,"VAGEESH NAGARA, OLD P.B. ROAD,  HARIHAR-577601",DAVANAGERE,Unaided - Private,N,N,1-2050948641,fetchdata,2015-2016,Engineering and Technology,1,1,1,1,Karnataka,1
1-2450574634,GOVERNMENT POLYTECHNIC,"NEAR JANAPADA LOKA, B M ROAD, RAMANAGARA",RAMANAGARA,Government,N,N,1-479396381,fetchdata,2015-2016,Engineering and Technology,1,1,1,1,Karnataka,1
1-2450604175,AL-KHATEEB GOVERNMENT AIDED POLYTECHNIC,"BHOOPASANDRA
RMV II STAGE
BENGALURU",BANGALORE URBAN,Govt aided,N,N,1-456085791,fetchdata,2015-2016,Engineering and Technology,1,1,1,1,Karnataka,1
1-2450619237,168-GOVT POLYTECHNIC HOSADURGA,"GOVT POLYTECHNIC, GANDHI CIRCLE,OLD HOSPITAL BUILDING, HOSADURGA-577527, CHITRADURGA(D)",CHITRADURGA,Government,N,N,1-495127641,fetchdata,2015-2016,Engineering and Technology,1,1,1,1,Karnataka,1
1-2450656886,"SANJAY GANDHI POLYTECHNIC (FORMERLY ""SANJAY GANDHI RURAL POLYTECHNIC"")","""VIDHYA SOUDHA"", SANJAY GANDHI NAGAR, BELLARY",BELLARY,Unaided - Private,N,N,1-419800731,fetchdata,2015-2016,Engineering and Technology,1,1,1,1,Karnataka,1
1-2451069307,GOVERNMENT POLYTECHNIC,KSSIDC INDUSTRIAL LAY OUT  VANIVILASA SAGAR ROAD,CHITRADURGA,Government,N,N,1-485804111,fetchdata,2015-2016,Engineering and Technology,1,1,1,1,Karnataka,1
1-2451080399,KLS SHRI VASANTRAO POTDAR POLYTECHNIC,"KLS CAMPUS, TILAKWADI, BELGAUM",BELGAUM,Unaided - Private,N,N,1-421357494,fetchdata,2015-2016,Engineering and Technology,1,1,1,1,Karnataka,1
1-2451085775,JAIN ACHARYA GUNDHARNANDI MAHARAJ INSTITUE OF TECHNOLOGY,"C/O P N NAGESH , POTE PLOT,VIJAPUR ROAD JAMKHANDI,587301
CITY: JAMKHANDI.
DISTRICT: BAGLAKOT
STATE: KARNATAKA",BAGALKOT,Unaided - Private,N,N,1-2181933881,fetchdata,2015-2016,Engineering and Technology,1,1,1,1,Karnataka,1
1-2451085871,VIDYA PRASARAK MANDAL POLYTECHNIC,"SAKRI HIGH SCHOOL CAMPUS, BAGALKOT",BAGALKOT,Unaided - Private,N,N,1-484319121,fetchdata,2015-2016,Engineering and Technology,1,1,1,1,Karnataka,1
1-2451177813,"APPA INSTITUTE OF ENGINEERING AND TECHNOLOGY, GULBARGA","APPA INSTITUTE OF ENGINEERING AND TECHNOLOGY, 
SHARNBASVESHWAR COLLEGE CAMPUS
GULBARGA-585103
KARNATAKA STATE",GULBARGA,Unaided - Private,N,N,1-6273620,fetchdata,2015-2016,Engineering and Technology,1,1,1,1,Karnataka,1
1-2451178339,RAJEEV POLYTECHNIC,"PLOT 1-D(P-2),GROWTH CENTRE,
BANGALORE-MANGALORE BYPASS ROAD,
BOMMANAYAKANAHALLI,KASABA HOBLI,",HASSAN,Unaided - Private,N,N,1-439215151,fetchdata,2015-2016,Engineering and Technology,1,1,1,1,Karnataka,1
1-2451179750,ADARSHA POLYTECHNIC,"C.A.SITE NO 3, 12TH CROSS, 1ST BLOCK, R.T.NAGAR, BANGALORE",BANGALORE URBAN,Unaided - Private,N,N,1-462184841,fetchdata,2015-2016,Engineering and Technology,1,1,1,1,Karnataka,1
1-2451179909,SAMPOORNA GROUP OF INSTITUTIONS,"BELEKERE, MALLUR HOBLI,  CHANNAPATNA TALUK, RAMANAGAR   
                   DISTRICT
BELEKERE, MALLUR HOBLI,  CHANNAPATNA TALUK, RAMANAGAR   
     ",RAMANAGARA,Unaided - Private,N,N,1-4398111,fetchdata,2015-2016,Engineering and Technology,1,1,1,1,Karnataka,1
1-2451180392,"PES INSTITUTE OF TECHNOLOGY, BANGALORE SOUTH CAMPUS","HOSUR ROAD, NEAR ELECTRONIC CITY",BANGALORE URBAN,Unaided - Private,N,N,1-6384946,fetchdata,2015-2016,Engineering and Technology,1,1,1,1,Karnataka,1
1-2451184618,YADGIR POLYTECHNIC,OPP YADGIR RLY STATION,YADGIR,Unaided - Private,N,N,1-423141001,fetchdata,2015-2016,Engineering and Technology,1,1,1,1,Karnataka,1
1-2451166277,GULAGANNAVAR POLYTECHNIC,"NH-63, GADAG ROAD, KOPPAL [DADEGAL]",KOPPAL,Unaided - Private,N,N,1-508259583,fetchdata,2015-2016,Engineering and Technology,1,1,1,1,Karnataka,1
1-2451166412,P.A.COLLEGE OF ENGINEERING,"NADUPADAV, NEAR MANGALORE UNIVERSITY
MONTEPADAV POST, KAIRANGALA VILLAGE
BANTWAL-MANGALORE",DAKSHINA KANNADA,Unaided - Private,N,Y,1-2504761,fetchdata,2015-2016,Engineering and Technology,1,1,1,1,Karnataka,1
1-2451167110,PRASANNA COLLEGE OF ENGINEERING AND TRCHNOLOGY,"LAILA,UJIRE
BELTHANGADY
D.K.DIST
PIN 574214",DAKSHINA KANNADA,Unaided - Private,N,N,1-4488411,fetchdata,2015-2016,Engineering and Technology,1,1,1,1,Karnataka,1
1-2451182553,CITY ENGINEERING COLLEGE,"DODDAKALLASANDRA, KANAKAPURA ROAD, BANGALORE.",BANGALORE URBAN,Unaided - Private,N,N,1-5837611,fetchdata,2015-2016,Engineering and Technology,1,1,1,1,Karnataka,1
1-2451168731,"S N MUDBIDRI POLYTECHNIC, MOODBIDRI","KODANGALLU POST, MANGALORE TALUK - 574197.",DAKSHINA KANNADA,Govt aided,N,N,1-466334603,fetchdata,2015-2016,Engineering and Technology,1,1,1,1,Karnataka,1
1-2451169081,SHETTY INSTITUTE OF TECHNOLOGY,5TH KM RAJAPUR SHAHABAD ROAD GULBARGA,GULBARGA,Unaided - Private,N,N,1-459366372,fetchdata,2015-2016,Engineering and Technology,1,1,1,1,Karnataka,1
1-2451169462,GNANA VIKAS POLYTECHNIC,"CHALLAKERE ROAD,
CHITRADURGA",CHITRADURGA,Unaided - Private,N,N,1-499498571,fetchdata,2015-2016,Engineering and Technology,1,1,1,1,Karnataka,1
1-2451170079,GOVT TOOL ROOM & TRG CENTRE - MANGALORE,"B131-132, INDUSTRIAL ESTATE BAIKAMPADY",DAKSHINA KANNADA,Government,N,N,1-465574941,fetchdata,2015-2016,Engineering and Technology,1,1,1,1,Karnataka,1
1-2451170218,JSS POLYTECHNIC,"JSS TECHNICAL INSTITUTIONS' CAMPUS,MANASA
GANGOTHRI",MYSORE,Unaided - Private,N,N,1-474922151,fetchdata,2015-2016,Engineering and Technology,1,1,1,1,Karnataka,1
1-2451171628,UNIVERSITY B D T COLLEGE OF ENGINEERING,"P J EXTENSION
HADADI ROAD",DAVANAGERE,University Managed-Govt,N,N,1-447718433,fetchdata,2015-2016,Engineering and Technology,1,1,1,1,Karnataka,1
1-2451174580,JNANAVIKAS INSTITUTE OF TECHNOLOGY,"VIDYA SOUDHA, 32ND K.M.
BANGALORE - MYSORE HIGH WAY,",RAMANAGARA,Unaided - Private,N,N,1-6040783,fetchdata,2015-2016,Engineering and Technology,1,1,1,1,Karnataka,1
1-2451175586,NADGIR POLYTECHNIC,"NO 53 3A MAIN ROAD 
W C R NEAR MODI EYE HOSPITAL RAJAJINAGAR",BANGALORE URBAN,Govt aided,N,N,1-445056061,fetchdata,2015-2016,Engineering and Technology,1,1,1,1,Karnataka,1
1-2451134167,CAUVERY INSTITUTE OF TECHNOLOGY,"SUNDAHALLI, SIDDAIAHNA KOPPALU GATE, YELIHUR POST, KOTHATHI HOBLI, MANDYA",MANDYA,Unaided - Private,N,N,1-2182458537,fetchdata,2015-2016,Engineering and Technology,1,1,1,1,Karnataka,1
1-2451176434,SHRI LAXMANRAO JARKIHOLI POLYTECHNIC,"VIDYA NAGAR,
GOKAK",BELGAUM,Unaided - Private,N,N,1-458858441,fetchdata,2015-2016,Engineering and Technology,1,1,1,1,Karnataka,1
1-2451176585,N.R.A.M.POLYTECHNIC,"NET CAMPUS
NITTE
KARKALA (TQ)
UDUPI DISTRICT
KARNATAKA",UDUPI,Govt aided,N,N,1-424573311,fetchdata,2015-2016,Engineering and Technology,1,1,1,1,Karnataka,1
1-2451165477,"GOVERNMENT ENGINEERING COLLEGE, KUSHALNAGAR","MEDIKERI ROAD
MADAPATNA",KODAGU,Government,N,N,1-25811284,fetchdata,2015-2016,Engineering and Technology,1,1,1,1,Karnataka,1
1-2451165756,KALABHYRAVESWARA POLYTECHNIC,"THOTAGERE,HESARAGHATTA,RAILWAY GOLLAHALLI POST, BANGALORE NORTH-562123",BANGALORE RURAL,Unaided - Private,N,N,1-467422911,fetchdata,2015-2016,Engineering and Technology,1,1,1,1,Karnataka,1
1-2451166000,"SHREE VIDYADHIRAJ POLYTECHNIC, KUMTA","KANARA COLLEGE SOCIETY CAMPUS,
HEGDE ROAD,
KUMTA",UTTARA KANNADA,Govt aided,N,N,1-453205773,fetchdata,2015-2016,Engineering and Technology,1,1,1,1,Karnataka,1
1-2451177439,R.M POLYTECHNIC,"SY.NO.58/1, JEWARGI ROAD, SIRNOOR, GULBARGA",GULBARGA,Unaided - Private,N,N,1-429457131,fetchdata,2015-2016,Engineering and Technology,1,1,1,1,Karnataka,1
1-2451209347,ANJUMAN-E-ISLAM POLYTECHNIC GADAG,"BANGALORE ROAD,
NEAR MALLASAMUDRA",GADAG,Govt aided,N,Y,1-430194581,fetchdata,2015-2016,Engineering and Technology,1,1,1,1,Karnataka,1
1-2460104190,ELECTRONIC TRAINING INSTITUTE,"ETI,AF
AIR FORCE STATION JALAHALLI (EAST)
BANGALORE-14",BANGALORE URBAN,Government,N,N,1-1457037931,fetchdata,2015-2016,Engineering and Technology,1,1,1,1,Karnataka,1
1-2451215181,SAI KRISH POLYTECHNIC,"KRISH BHAVAN, SMITH ROAD, OORGAUM POST, K.G.F.",KOLAR,Unaided - Private,N,N,1-475232091,fetchdata,2015-2016,Engineering and Technology,1,1,1,1,Karnataka,1
1-2451216748,KHAJA BANDA NAWAZ COLLEGE OF ENGINEERING,"ROUZA BUZURG,
GULBARGA-585 104.
KARNATAKA STATE",GULBARGA,Unaided - Private,N,Y,1-18149191,fetchdata,2015-2016,Engineering and Technology,1,1,1,1,Karnataka,1
1-2451218516,NAGARJUNA COOLEGE OF ENGINEERING & TECHNOLOGY," MUDUGURKI
VENKATAGIRI KOTE
 DEVANAHALLI",BANGALORE RURAL,Unaided - Private,N,N,1-2513971,fetchdata,2015-2016,Engineering and Technology,1,1,1,1,Karnataka,1
1-2451219904,G MADEGOWDA INSTITUTE OF TECHNOLOGY (GMIT),BHARATHINAGARA (K M DODDY) MADDUR TQ,MANDYA,Unaided - Private,N,N,1-448381181,fetchdata,2015-2016,Engineering and Technology,1,1,1,1,Karnataka,1
1-2460096529,PES INSTITUTE OF TECHNOLOGY & MANAGEMENT,"GUDDADAARAKERE
 KOTEGANGOOR
SAGAR ROAD",SHIMOGA,Unaided - Private,N,N,1-37512081,fetchdata,2015-2016,Engineering and Technology,1,1,1,1,Karnataka,1
1-2451188954,BANGALORE TECHNOLOGICAL INSTITUTE,"SY NO.66/6,66/5,67/6,&67/5, KODATHI VILLAGE, VARTHOOR HOBLI,BANGALORE EAST TQ BANGALORE URBAN DISTRICT",BANGALORE URBAN,Unaided - Private,N,N,1-4077296,fetchdata,2015-2016,Engineering and Technology,1,1,1,1,Karnataka,1
1-2451190504,RAJEEV INSTITUTE OF TECHNOLOGY,"PLOT 1-D(P-1), GROWTH CENTRE, INDUSTRIAL AREA, 
BANGALORE MANGALORE BYPASS ROAD
HASSAN-573201
KARNATAKA",HASSAN,Unaided - Private,N,N,1-6521571,fetchdata,2015-2016,Engineering and Technology,1,1,1,1,Karnataka,1
1-2451220280,ELECTRICAL & INSTRUMENT TRAINING INSTITUTE,AIR FORCE STATION JALAHALLI (EAST),BANGALORE URBAN,Government,N,N,1-1445384161,fetchdata,2015-2016,Engineering and Technology,1,1,1,1,Karnataka,1
1-2451193719,GOVERNMENT POLYTECHNIC,BASAVESHWAR CIRCLE ATHANI,BELGAUM,Government,N,N,1-475427401,fetchdata,2015-2016,Engineering and Technology,1,1,1,1,Karnataka,1
1-2451302839,R.N.SHETTY RURAL POLYTECHNIC,"MAIN ROAD
MURUDESHWAR
BHATKAL TALUK
KARNATAKA UTTTARAKANNADA",UTTARA KANNADA,Unaided - Private,N,N,1-479071691,fetchdata,2015-2016,Engineering and Technology,1,1,1,1,Karnataka,1
1-2451303263,GOVT. TOOL ROOM & TRAINING CENTRE- KADUR,"NEAR VEDA PUMP HOUSE, B.H. ROAD, NH-206",CHIKMAGALUR,Government,N,N,1-477756801,fetchdata,2015-2016,Engineering and Technology,1,1,1,1,Karnataka,1
1-2451193962,NUTAN VIDYALAYA SOCIETY'S POLYTECHNIC,"S.B.TEMPLE ROAD
SANGAMESHWARA COLONY",GULBARGA,Govt aided,N,N,1-451550791,fetchdata,2015-2016,Engineering and Technology,1,1,1,1,Karnataka,1
1-2451194199,DR.T.M.A. PAI POLYTECHNIC,"MILK DAIRY ROAD;
ESHWAR NAGAR",UDUPI,Unaided - Private,N,Y,1-460505371,fetchdata,2015-2016,Engineering and Technology,1,1,1,1,Karnataka,1
1-2451196646,VIDYA VIKAS EDUCATIONAL TRUST (R) POLYTECHNIC,#127/128 ALANAHALLLY MYSORE BANNUR ROAD ALANAHALLY POST MYSORE-28,MYSORE,Unaided - Private,N,N,1-475194163,fetchdata,2015-2016,Engineering and Technology,1,1,1,1,Karnataka,1
1-2460097163,HKBK COLLEGE OF ENGINEERING,"# 22/1, NAGAWARA, BANGALORE-560045",BANGALORE URBAN,Unaided - Private,N,Y,1-21116724,fetchdata,2015-2016,Engineering and Technology,1,1,1,1,Karnataka,1
1-2451197079,"HANAGAL SRI KUMARESHWARA POLYTECHNIC, BELLARY"," RYMEC CAMPUS, CANTONMENT
BELLARY-583104",BELLARY,Unaided - Private,N,N,1-477414661,fetchdata,2015-2016,Engineering and Technology,1,1,1,1,Karnataka,1
1-2451199040,ARYABHARATHI POLYTECHNIC,"SRI H M GANGADHARAIAH ROAD, SARASWATHIPURAM,",TUMKUR,Unaided - Private,N,N,1-801015091,fetchdata,2015-2016,Engineering and Technology,1,1,1,1,Karnataka,1
1-2451309137,SRI VENKATESHWARA COLLEGE OF ENGINEERING,"VIDYANAGAR, BENGALURU INTERNATIONAL AIRPORT ROAD,
BETTAHALASUR POST, BENGALURU NORTH,
BENGALURU - 562 157",BANGALORE URBAN,Unaided - Private,N,N,1-3340841,fetchdata,2015-2016,Engineering and Technology,1,1,1,1,Karnataka,1
1-2451317105,GODUATI ENGINEERING COLLEGE FOR WOMEN,"SHARNBASVESHWAR COLLEGE CAMPUS, VIDYA NAGAR, GULBARGA,KARNATAKA",GULBARGA,Unaided - Private,Y,N,1-451387571,fetchdata,2015-2016,Engineering and Technology,1,1,1,1,Karnataka,1
1-2451320468,GOVERNMENT TOOL ROOM AND TRAINING CENTRE-HUBLI,"SHED NO: B-467 TO B-474, INUSTRIAL ESTATE , GOKUL ROAD, TALUK-HUBLI, DISTRICT-DHARWAD",DHARWAD,Government,N,N,1-465683671,fetchdata,2015-2016,Engineering and Technology,1,1,1,1,Karnataka,1
1-2460090944,BANGALORE INSTITUTE OF TECHNOLOGY,"K.R.ROAD, V.V.PURA, BANGALORE-560004",BANGALORE URBAN,Unaided - Private,N,N,1-12036461,fetchdata,2015-2016,Engineering and Technology,1,1,1,1,Karnataka,1
1-2451203119,R.V. COLLEGE OF ENGINEERING,"R.V. VIDYANIKETAN POST, MYSORE ROAD,",BANGALORE URBAN,Unaided - Private,N,N,1-10906981,fetchdata,2015-2016,Engineering and Technology,1,1,1,1,Karnataka,1
1-2460098331,K.L.E.INSTITUTE OF TECHNOLOGY,"OPP. TO AIRPORT
GOKUL",DHARWAD,Unaided - Private,N,N,1-3850571,fetchdata,2015-2016,Engineering and Technology,1,1,1,1,Karnataka,1
1-2451327653,"GURU NANAK DEV ENGINEERING COLLEGE, BIDAR","MAILOOR ROAD
BIDAR 585403
KARNATAKA",BIDAR,Unaided - Private,N,Y,1-4266791,fetchdata,2015-2016,Engineering and Technology,1,1,1,1,Karnataka,1
1-2460092868,KURUNJI VENKATRAMANA GOWDA POLYTECHNIC,KURUNJIBHAG,DAKSHINA KANNADA,Govt aided,N,N,1-444260201,fetchdata,2015-2016,Engineering and Technology,1,1,1,1,Karnataka,1
1-2451207220,IMRAN POLYTECHNIC,"SY NO: 43/C,SINOOR,
NEAR PANEGAON CROSS,
BANGALORE-
GULBARGA STATE HIGHWAY",GULBARGA,Unaided - Private,N,Y,1-490035511,fetchdata,2015-2016,Engineering and Technology,1,1,1,1,Karnataka,1
1-2451332732,"MARATHA MANDAL'S ENGINEERING COLLEGE, BELGAUM","RS. NO.104, HALBHAVI VILLAGE, POST: NEW VANTMURI, VIA KAKATI, TALUKA & DIST. BELGAUM-591113, KARNATAKA",BELGAUM,Unaided - Private,N,N,1-3673131,fetchdata,2015-2016,Engineering and Technology,1,1,1,1,Karnataka,1
1-2451335525,VIDYAVARDHAKA POLYTECHNIC - 488,"GOKULAM, 3RD STAGE, 
MYSORE - 570002",MYSORE,Unaided - Private,N,N,1-457474151,fetchdata,2015-2016,Engineering and Technology,1,1,1,1,Karnataka,1
1-2460093282,GOMATESH POLYTECHNIC,"GOMATESH NAGAR
HINDWADI",BELGAUM,Govt aided,N,Y,1-462942695,fetchdata,2015-2016,Engineering and Technology,1,1,1,1,Karnataka,1
1-2460095304,ANGADI INSTITTUTE OF TECHNOLOGY AND MANAGEMENT,SAVAGAON ROAD BELGAUM,BELGAUM,Unaided - Private,N,N,1-419868141,fetchdata,2015-2016,Engineering and Technology,1,1,1,1,Karnataka,1
1-2451208399,MAHATMA GANDHI POLYTECHNIC COLLEGE,M HOSSALI,YADGIR,Unaided - Private,N,Y,1-492927751,fetchdata,2015-2016,Engineering and Technology,1,1,1,1,Karnataka,1
1-2451208621,GOVERNEMENT TOOL ROOM & TRAINING CENTRE -GUNDLUPET,"TAPCMS OFFICE BUILDING,BEHIND THASILDAR OFFICE,",CHAMARAJNAGAR,Government,N,N,1-478323581,fetchdata,2015-2016,Engineering and Technology,1,1,1,1,Karnataka,1
1-2451385575,GOVERNMENT ENGINEERING COLLEGE,"DODDAMANNUGUDDE, 
RAMANAGAR, RAMANAGAR DISTRICT - 571 511",RAMANAGARA,Government,N,N,1-36193291,fetchdata,2015-2016,Engineering and Technology,1,1,1,1,Karnataka,1
1-2455763670,NALANDA FOUNDATIONS POLYTECHNIC,"VIDYARANYA, GADAG ROAD, BHANDIWAD, MANTUR BO,",DHARWAD,Unaided - Private,N,N,1-459478981,fetchdata,2015-2016,Engineering and Technology,1,1,1,1,Karnataka,1
1-2455763850,NANDI INSTITUTE OF TECHNOLOGY AND MANAGEMENT SCIENCES,"92,VADERAHALLI, HAROHALLI HOBLI, KANAKAPURA TALUK,BANGALORE",BANGALORE RURAL,Unaided - Private,N,N,1-4488864,fetchdata,2015-2016,Engineering and Technology,1,1,1,1,Karnataka,1
1-2455806423,SHRI PILLAPPA COLLEGE OF ENGINEERING,"# 79,KONDASETTIHALII ROAD,MAVALLIPURA HESARAGHATTA HOBLI,BANGALORE",BANGALORE URBAN,Unaided - Private,N,N,1-480928731,fetchdata,2015-2016,Engineering and Technology,1,1,1,1,Karnataka,1
1-2455806711,"GOVERNMENT POLYTECHNIC, BANTWAL","BANTWAL MAIN ROAD,NEAR MAHALINGESHWARA TEMPLE",D KANNADA(DK),Government,N,N,1-474974291,fetchdata,2015-2016,Engineering and Technology,1,1,1,1,Karnataka,1
1-2455807073,SHRI NIRANJANA SWAMY POLYTECHNIC,"SUNKADAKATTE
BAJPE",D KANNADA(DK),Private-Aided,N,N,1-462702311,fetchdata,2015-2016,Engineering and Technology,1,1,1,1,Karnataka,1
1-2455840490,GOVENMENT TOOL ROOM AND TRAINIG CENTRE- HOSPET,"KSSIDC,INDUSTRIAL ESTATE,SHED NO C-21 TO C-24,
DAM ROAD,",BELLARY,Government,N,N,1-475107481,fetchdata,2015-2016,Engineering and Technology,1,1,1,1,Karnataka,1
1-2455840652,CMR INSTITUTE OF TECHNOLOGY,"# 132, KUNDALAHALLI VILLAGE
IT PARK ROAD
BANGALORE - 560 037",BANGALORE URBAN,Unaided - Private,N,N,1-10082920,fetchdata,2015-2016,Engineering and Technology,1,1,1,1,Karnataka,1
1-2455896400,GOVERNMENT ENGINEERING COLLEGE,"HUVINAHADAGALI 583219
DIST: BELLARY",BELLARY,Government,N,N,1-462385081,fetchdata,2015-2016,Engineering and Technology,1,1,1,1,Karnataka,1
1-2455897649,KCT ENGINEERING COLLEGE GULBARGA,"KCT CAMPUS
QAMAR UL ISLAM COLONY
ROZA B
GULBARGA 585104",GULBARGA,Unaided - Private,N,Y,1-9406551,fetchdata,2015-2016,Engineering and Technology,1,1,1,1,Karnataka,1
1-2455929702,SMT.L.V.(GOVT.) POLYTECHNIC,"B.M.ROAD,
DAIRY CIRCLE",HASSAN,Government,N,N,1-460939251,fetchdata,2015-2016,Engineering and Technology,1,1,1,1,Karnataka,1
1-2451386316,"SRI CHANNAKESHAVA GOVERNMENT POLYTECHNIC COLLEGE, GUDDADA CHANNAPURA, BANKAPURA",HANAGAL ROAD,HAVERI,Government,N,N,1-463291591,fetchdata,2015-2016,Engineering and Technology,1,1,1,1,Karnataka,1
1-2451387521,B.V.V.SANGHA S S.R.VASTRAD RURAL POLYTECHNIC,"TOGUNASHI CROSS, BADAMI ROAD",BAGALKOT,Govt aided,N,N,1-464174091,fetchdata,2015-2016,Engineering and Technology,1,1,1,1,Karnataka,1
1-2455765524,PROUDHADEVARAYA INSTITUTE OF TECHNOLOGY,"SHAH BHAVARLAL BABULAL NAHAR CAMPUS
T.B.DAM ROAD, BESIDE TSP LIMITED,
HOSPET - 583225
BELLARY DISTRICT",BELLARY,Unaided - Private,N,N,1-4482921,fetchdata,2015-2016,Engineering and Technology,1,1,1,1,Karnataka,1
1-2455766283,GOVERNMENT POLYTECHNIC,MIRLE,MYSORE,Government,N,N,1-465752251,fetchdata,2015-2016,Engineering and Technology,1,1,1,1,Karnataka,1
1-2455809700,VIJAYA VITTALA INSTITUTE OF TECHNOLOGY,"#35/1, DODDA GUBBI POST, HENNUR-BAGALUR ROAD",BANGALORE URBAN,Unaided - Private,N,N,1-7969525,fetchdata,2015-2016,Engineering and Technology,1,1,1,1,Karnataka,1
1-2455810147,"NAVODAYA INSTITUTE OF TECHNOLOGY, RAICHIUR.","NAVODAYA NAGAR, MANATRALAYAM ROAD, RAICHUR",RAICHUR,Unaided - Private,N,N,1-8375251,fetchdata,2015-2016,Engineering and Technology,1,1,1,1,Karnataka,1
1-2455813576,K.L.S. GOGTE INSTITUTE OF TECHNOLOGY,"""JNANA GANGA"", UDYAMBAG,",BELGAUM,Unaided - Private,N,N,1-4254404,fetchdata,2015-2016,Engineering and Technology,1,1,1,1,Karnataka,1
1-2455844084,SHAIKH COLLEGE OF ENGINEERING AND TECHNOLOGY,"ABU CAMPUS ADJACENT TO RANI CHENNEMMA UNIVERSITY
BHOOTRAMANHATTI
RAMDURG VILLAGE
BELGAUM",BELGAUM,Unaided - Private,N,N,1-5912076,fetchdata,2015-2016,Engineering and Technology,1,1,1,1,Karnataka,1
1-2455845749,AKSHAYA INSTITUTE OF TECHNOLOGY,"LINGAPURA
OBLAPURA POST
TUMKUR KORATAGERE ROAD
TUMKUR TALUK & DISTRICT",TUMKUR,Unaided - Private,N,N,1-14774551,fetchdata,2015-2016,Engineering and Technology,1,1,1,1,Karnataka,1
1-2455898168,GOVERNMENT POLYTECHNIC,"GOVERNMENT POLYTECHNIC,
UDUPI",UDUPI,Government,N,N,1-482347071,fetchdata,2015-2016,Engineering and Technology,1,1,1,1,Karnataka,1
1-2455898319,ATME COLLEGE OF ENGINEERING,"SY.NO.1002, HAROHALLI (MELLAHALLI)",MYSORE,Unaided - Private,N,N,1-7334961,fetchdata,2015-2016,Engineering and Technology,1,1,1,1,Karnataka,1
1-2455901752,HARALAIAH POLYTECHNIC,TQ BHALKI DIST BIDAR (KARNATAKA),BIDAR,Unaided - Private,N,N,1-486302691,fetchdata,2015-2016,Engineering and Technology,1,1,1,1,Karnataka,1
1-2455930089,GOVERNMENT POLYTECHNIC RABAKAVIBANAHATTI,"GOVERNMENT POLYTECHNIC RABAKAVIBANAHATTI, NEAR OLD BUSSTAND.",BAGALKOT,Government,N,N,1-475019251,fetchdata,2015-2016,Engineering and Technology,1,1,1,1,Karnataka,1
1-2455930377,GOVT. TOOL ROOM & TRAINING CENTRE - LINGASUGUR,"SARKARI THOTA, 
KARADKAL ROAD,
LINGASUGUR",RAICHUR,Government,N,N,1-468225051,fetchdata,2015-2016,Engineering and Technology,1,1,1,1,Karnataka,1
1-2451341509,Y.K.D POLYTECHNIC,"BULAND PARWAZ COLONY, RING ROAD",GULBARGA,Unaided - Private,N,Y,1-496120431,fetchdata,2015-2016,Engineering and Technology,1,1,1,1,Karnataka,1
1-2451341632,PRASANNA POLYTECHNIC,"KAKKENA
LAILA VILLAGE
BELTHANGADY
574214",D KANNADA(DK),Unaided - Private,N,N,1-475183311,fetchdata,2015-2016,Engineering and Technology,1,1,1,1,Karnataka,1
1-2455724729,DBHP SABHA'S GANGADHAR POLYTECHNIC,"R.F. NIRALKATTI CAMPUS, GARAG ROAD, OPP. TELCO, MUMMIGATTI VILLEGE",DHARWAD,Unaided - Private,N,N,1-479716461,fetchdata,2015-2016,Engineering and Technology,1,1,1,1,Karnataka,1
1-2455767428,GOVERNMENT TOOL ROOM & TRAINING CENTRE- KUDALASANGAMA,GTTC CAMPUS,BAGALKOT,Government,N,N,1-473906061,fetchdata,2015-2016,Engineering and Technology,1,1,1,1,Karnataka,1
1-2455767567,BASAVA ACADEMY OF ENGINEERING,"NO: 161 / 64, 
GANGONDANAHALLI MAIN ROAD,
NAGASANDRA POST
NEAR PEENYA DASARAHALLI,
BANGALORE - 560 073.",BANGALORE URBAN,Unaided - Private,N,N,1-17700401,fetchdata,2015-2016,Engineering and Technology,1,1,1,1,Karnataka,1
1-2455767873,GOVERNMENT POLYTECHNIC FOR WOMEN,"AIRPORT ROAD, BONDEL",D KANNADA(DK),Government,Y,N,1-473862841,fetchdata,2015-2016,Engineering and Technology,1,1,1,1,Karnataka,1
1-2455816220,BSF INISTITUTE OF TECHNOLGY,"STC, BSF CAMUS, AFS YELAHANKA, BANGALORE-63",BANGALORE URBAN,Unaided - Private,N,N,1-474241451,fetchdata,2015-2016,Engineering and Technology,1,1,1,1,Karnataka,1
1-2455903614,"GOVT. TOOLROOM AND TRAINING CENTRE,MYSORE","93 & 94, BELAGOLA INDL. AREA K.R.S.ROAD, MYSORE-570016, KARNATAKA",MYSORE,Government,N,N,1-478111401,fetchdata,2015-2016,Engineering and Technology,1,1,1,1,Karnataka,1
1-2455904261,ACHARYA  PATASHALA POLYTECHNIC,"26 TH KM,KANAKAPURA MAIN ROAD,
SOMANAHALLI.",BANGALORE URBAN,Govt aided,N,N,1-454374661,fetchdata,2015-2016,Engineering and Technology,1,1,1,1,Karnataka,1
1-2451346625,I.R.POLYTECHNIC,"NO.195, 12TH MAIN,  III PHASE PEENYA INDUSTRIAL AREA,",BANGALORE URBAN,Unaided - Private,N,N,1-424545731,fetchdata,2015-2016,Engineering and Technology,1,1,1,1,Karnataka,1
1-2451392653,RAJARAJESWARI COLLEGE OF ENGINEERING,"#14, RAMOHOLLI CROSS, 
KUMBALGODU, 
MYSORE ROAD,BANGALORE - 560074",BANGALORE URBAN,Unaided - Private,N,N,1-4201514,fetchdata,2015-2016,Engineering and Technology,1,1,1,1,Karnataka,1
1-2455725183,GOVERNMENT ENGINEERING COLLEGE,"GOVERNMENT ENGINEERING COLLEGE, KRISHNARAJPET, MANDYA DIST. - 571 426, KARNATAKA",MANDYA,Government,N,N,1-32891881,fetchdata,2015-2016,Engineering and Technology,1,1,1,1,Karnataka,1
1-2455726407,DR.SRI SRI SRI SHIVAKUMARA MAHASWAMY POLYTECHNIC,"BYRANAYAKANAHALLI, DODDABELE POST, NELAMANGALA TALUK, BANGALORE RURAL DISTRICT.",BANGALORE RURAL,Unaided - Private,N,N,1-715329491,fetchdata,2015-2016,Engineering and Technology,1,1,1,1,Karnataka,1
1-2455769567,PNS INSTITUTE OF TECHNOLOGY,"94/1, DANOJI PALYA, ARISHNAKUNTE, TUMKUR ROAD, NELAMANGALA, BANGALORE- 562123",BANGALORE URBAN,Unaided - Private,N,N,1-2744874,fetchdata,2015-2016,Engineering and Technology,1,1,1,1,Karnataka,1
1-2455816340,ALPHA COLLEGE OF ENGINEERING,"DODDAGUBBI POST,
HENNUR-BAGALUR ROAD,
BANGALORE-560077.",BANGALORE RURAL,Unaided - Private,N,N,1-9823433,fetchdata,2015-2016,Engineering and Technology,1,1,1,1,Karnataka,1
1-2455817911,"GOVT. ENGINEERING COLLEGE, HASSAN","DAIRY CIRCLE, B M ROAD, HASSAN",HASSAN,Government,N,N,1-15932481,fetchdata,2015-2016,Engineering and Technology,1,1,1,1,Karnataka,1
1-2455849438,JAIN POLYTECHNIC BELGAUM,19/1 PEERANWADI BELGAUM 590014,BELGAUM,Unaided - Private,N,N,1-1478954311,fetchdata,2015-2016,Engineering and Technology,1,1,1,1,Karnataka,1
1-2455849576,GOVT. TOOLROOM AND TRAINING CENTRE - MADDUR,"OPP. SYNDICATE BANK , B M ROAD SOMANAHALLI, MADDUR",MANDYA,Government,N,N,1-465579911,fetchdata,2015-2016,Engineering and Technology,1,1,1,1,Karnataka,1
1-2455849737,"GOVERNMENT POLYTECHNIC, BELURU","TEMPLE ROAD, NEAR KEMPE GOWDA STATUE",HASSAN,Government,N,N,1-478132151,fetchdata,2015-2016,Engineering and Technology,1,1,1,1,Karnataka,1
1-2455849907,MOODLAKATTE INSTITUTE OF TECHNOLOGY,"MOODLAKATTE,
KUNDAPURA TALUK,
UDUPI DISTRICT,
KARNATAKA - 576 217.",UDUPI,Unaided - Private,N,N,1-5831296,fetchdata,2015-2016,Engineering and Technology,1,1,1,1,Karnataka,1
1-2455932648,TMAES SIR M VISVESVARAYA POLYTECHNIC,"SANKLAPUR
BELLARY ROAD",BELLARY,Unaided - Private,N,N,1-473837681,fetchdata,2015-2016,Engineering and Technology,1,1,1,1,Karnataka,1
1-2455933071,RAMAN POLYTECHNIC,"NO. 134, VISHWABHARATHI CAMPUS, KAMAKSHIPALYA, BANGALORE - 79.",BANGALORE URBAN,Unaided - Private,N,N,1-467853871,fetchdata,2015-2016,Engineering and Technology,1,1,1,1,Karnataka,1
1-2455933292,GOVT. TOOL ROOM AND TRAINING CENTRE - BELGAUM,"UDYAMBAGH KHANAPUR ROAD
BELGAUM",BELGAUM,Government,N,N,1-462607211,fetchdata,2015-2016,Engineering and Technology,1,1,1,1,Karnataka,1
1-2455770380,GOVT. INSTITUTE OF TEXTILE TECHNOLOGY,"SJP CAMPUS
K R CIRCLE
BANGALORE
560001",BANGALORE URBAN,Government,N,N,1-493008751,fetchdata,2015-2016,Engineering and Technology,1,1,1,1,Karnataka,1
1-2455851419,GOVERNMENT POLYTECHNIC GADAG,"SHIVA RATNA CAMPUS, PALA BADAMI ROAD,
BETAGERI",GADAG,Government,N,N,1-467914131,fetchdata,2015-2016,Engineering and Technology,1,1,1,1,Karnataka,1
1-2455851565,GOVERNMENT POLYTECHNIC CHINTAMANI,OPPOSITE TO JHANSI STADIUM,CHIKABALLAPUR,Government,N,N,1-487472383,fetchdata,2015-2016,Engineering and Technology,1,1,1,1,Karnataka,1
1-2455851777,EAST WEST POLYTECHNIC,"NO.63,OFF MAGADI ROAD,",BANGALORE URBAN,Unaided - Private,N,N,1-453744211,fetchdata,2015-2016,Engineering and Technology,1,1,1,1,Karnataka,1
1-2455906344,COMMUNICATION TRAINING INSTITUTE,AIR FORCE STATION JALAHALLI WEST,BANGALORE URBAN,Government,N,N,1-1490972671,fetchdata,2015-2016,Engineering and Technology,1,1,1,1,Karnataka,1
1-2455907890,SAMBHRAM INSTITUTE OF TECHNOLOGY,"AMBABHAVANI TEMPLE ROAD
M.S.PALYA, JALAHALLI EAST
VIDYARANYAPURA POST",BANGALORE URBAN,Unaided - Private,N,N,1-3979366,fetchdata,2015-2016,Engineering and Technology,1,1,1,1,Karnataka,1
1-2455933629,VIJAYALAKSHMI POLYTECHNIC,"PALAR NAGAR
BEML NAGAR POST",KOLAR,Unaided - Private,N,N,1-827313171,fetchdata,2015-2016,Engineering and Technology,1,1,1,1,Karnataka,1
1-2455933866,GOVERNMENT TOOL ROOM & TRAINING CENTRE - KANAKAPURA,"SURVEY NO.13,14,19,20
SANGAMA ROAD",RAMANAGARA,Government,N,N,1-481809011,fetchdata,2015-2016,Engineering and Technology,1,1,1,1,Karnataka,1
1-2455729247,A.G.M.RURAL POLYTECHNIC,"OPP VRL HEAD OFFICE, NH-4,BANGALORE ROAD NAVAGRAH TEERTH VARUR,",DHARWAD,Unaided - Private,N,N,1-461684541,fetchdata,2015-2016,Engineering and Technology,1,1,1,1,Karnataka,1
1-2455730461,SHREE DEVI INSTITUTE OF TECHNOLOGY,"AIRPORT ROAD, KENJAR VILLAGE
MALAVOOR PANCHAYAT
DAKSHINA KANNADA",DAKSHINA KANNADA,Unaided - Private,N,N,1-3640153,fetchdata,2015-2016,Engineering and Technology,1,1,1,1,Karnataka,1
1-2455772337,P.A POLYTECHNIC,"NADUPADAV, MONTEPADAV POST, KAIRANGALA, NEAR MANGALORE UNIVERSITY",DAKSHINA KANNADA,Unaided - Private,N,Y,1-444190331,fetchdata,2015-2016,Engineering and Technology,1,1,1,1,Karnataka,1
1-2455909937,GOVT POLYTECHNIC BAGEPALLI,"NH-7, GOVT POLYTECHNIC BAGEPALLI",CHIKABALLAPUR,Government,N,N,1-515192161,fetchdata,2015-2016,Engineering and Technology,1,1,1,1,Karnataka,1
1-2455910076,S J M INSTITUTE OF TECHNOLOGY,"P B NO 73, NH -4 BYE PASS, CHITRADURGA",CHITRADURGA,Unaided - Private,N,N,1-10041741,fetchdata,2015-2016,Engineering and Technology,1,1,1,1,Karnataka,1
1-2455933994,TMAES POLYTECHNIC,T M A E S POLYTECHNIC,SHIMOGA,Unaided - Private,N,N,1-487640671,fetchdata,2015-2016,Engineering and Technology,1,1,1,1,Karnataka,1
1-2455934182,"KEDARLINGAYYA HIREMATH POLYTECHNIC,JEWARGI","NEAR GANGAMAYYAI MATH, BIJAPUR ROAD JEWARGI",GULBARGA,Unaided - Private,N,N,1-494635571,fetchdata,2015-2016,Engineering and Technology,1,1,1,1,Karnataka,1
1-2455734005,K.L.E.SOCIETY'S POLYTECHNIC BAILHONGAL.,"THE PRINCIPAL K.L.E.SOCIETY'S POLYTECHNIC,NEAR ARTO OFFICE BAILHONGAL.",BELGAUM,Unaided - Private,N,N,1-460505561,fetchdata,2015-2016,Engineering and Technology,1,1,1,1,Karnataka,1
1-2455773805,RAJIV GANDHI INSTITUTE FOR STEEL TECHNOLOGY,"NEAR SANJEEVANI HOSPITAL, V V NAGAR, JSW STEEL COMPLEX",BELLARY,Unaided - Private,N,N,1-432339561,fetchdata,2015-2016,Engineering and Technology,1,1,1,1,Karnataka,1
1-2455820388,"K.L.E. SOCIETY`S CHIDANAND B. KORE POLYTECHNIC, CHIKODI","THE PRINCIPAL,
KLE SOCIETY`S CHIDANAND B. KORE POLYTECHNIC, CHIKODI DIST:BELGAUM, KARNATAKA STATE",BELGAUM,Unaided - Private,N,N,1-454487571,fetchdata,2015-2016,Engineering and Technology,1,1,1,1,Karnataka,1
1-2455823151,LINGARAJAPPA ENGINEERING COLLEGE,"SURVEY NO. 25/1, GORNALLI ,BIDAR,KARNATAKA",BIDAR,Unaided - Private,N,N,1-451358832,fetchdata,2015-2016,Engineering and Technology,1,1,1,1,Karnataka,1
1-2455854354,VEERAPPA NISTY ENGNINEERING COLLEGE,"POST:HASNAPUR, TQ:SHORAPUR, DIST: YADGIR",YADGIR,Unaided - Private,N,N,1-7638031,fetchdata,2015-2016,Engineering and Technology,1,1,1,1,Karnataka,1
1-2455857057,"D V S POLYTECHNIC , SHIMOGA`","SIR M V ROAD
BASHVESHAWARA CIRCLE ,
SHIMOGA.",SHIMOGA,Govt aided,N,N,1-487979463,fetchdata,2015-2016,Engineering and Technology,1,1,1,1,Karnataka,1
1-2455913577,EAST WEST INSTITUTE OF TECHNOLOGY,"SY. NO.63, OFF MAGADI MAIN ROAD, VISHWANEEDAM POST",BANGALORE URBAN,Unaided - Private,N,N,1-10683951,fetchdata,2015-2016,Engineering and Technology,1,1,1,1,Karnataka,1
1-2455915502,"K.L.E.SOCIETY S SMT CHANABASAMMA.ISHWARAPPA.MUNAVALLI POLYTECHNIC,","VIDYANAGAR,
HUBLI.",DHARWAD,Unaided - Private,N,N,1-451843001,fetchdata,2015-2016,Engineering and Technology,1,1,1,1,Karnataka,1
1-2455915897,B V V SANGHA'S BASAVESHWAR ENGINEERING COLLEGE BAGALKOT,"NIJALINGAPPA ROAD
BAGALKOT 587102",BAGALKOT,Govt aided,N,N,1-6375432,fetchdata,2015-2016,Engineering and Technology,1,1,1,1,Karnataka,1
1-2455935443,N.E.S.POLYTECHNIC,"N.E.S.POLYTECHNIC RAJAPUR, SHAHABAD ROAD GULBARGA",GULBARGA,Unaided - Private,N,N,1-442231701,fetchdata,2015-2016,Engineering and Technology,1,1,1,1,Karnataka,1
1-2455935596,ADARSHA INSTITUTE OF TECHNOLOGY,"SURVEY NO. 73, LINGADHEERA GOLLAHALLI, KUNDANA POST, DEVANAHALLI TALUK",BANGALORE RURAL,Unaided - Private,N,N,1-1511969101,fetchdata,2015-2016,Engineering and Technology,1,1,1,1,Karnataka,1
1-2455738424,CANARA ENGINEERING COLLEGE,"BENJANAPADAVU,
BANTWAL  
PIN 574219
DAKSHINA KANNADA DIST,
KARNATAKA STATE",DAKSHINA KANNADA,Unaided - Private,N,Y,1-3579484,fetchdata,2015-2016,Engineering and Technology,1,1,1,1,Karnataka,1
1-2455774225,"BAPUJI POLYTECHNIC,SHABANUR ( GOVT.AIDED)","VIVEKANANDA BADAVANE MAIN ROAD
DAVANGERE-577004",DAVANAGERE,Govt aided,N,N,1-434211961,fetchdata,2015-2016,Engineering and Technology,1,1,1,1,Karnataka,1
1-2455776533,GOVERNMENT TOOL ROOM AND TRAINING CENTRE,"NO.8, KIADB INDUSTRIAL AREA, B.M. ROAD, NEAR DAIRY CIRCLE,",HASSAN,Government,N,N,1-475120351,fetchdata,2015-2016,Engineering and Technology,1,1,1,1,Karnataka,1
1-2455824470,NDRK INSTITUTE OF TECHNOLOGY,"P.B.NO. 55, NH-48, KIADB INDUSTRIAL AREA, THIMMANAHALLY, HASSAN-573201",HASSAN,Unaided - Private,N,N,1-5300011,fetchdata,2015-2016,Engineering and Technology,1,1,1,1,Karnataka,1
1-2455824806,"ISLAMIAH INSTITUE OF TECHNOLOGY, BANGALORE","NATIONAL PARK ROAD, OPP MEENAKASHI TEMPLE",BANGALORE URBAN,Unaided - Private,N,Y,1-15748414,fetchdata,2015-2016,Engineering and Technology,1,1,1,1,Karnataka,1
1-2455858521,RAJIV GANDHI INSTITUTE OF TECHNOLOGY,"CHOLANGAR,
R.T.NAGAR POST, 
HEBBAL,
BANGALORE,
KARNATAKA STATE
                            PIN NO.560032",BANGALORE URBAN,Unaided - Private,N,N,1-6614146,fetchdata,2015-2016,Engineering and Technology,1,1,1,1,Karnataka,1
1-2455920465,"GOVT. TOOLROOM AND TRAINING CENTRE,MYSORE","93 & 94, BELAGOLA INDL. AREA K.R.S.ROAD, MYSORE-570016, KARNATAKA",MYSORE,Government,N,N,1-3449911,fetchdata,2015-2016,Engineering and Technology,1,1,1,1,Karnataka,1
1-2455920542,SRI VIDYA VINAYAKA INSTITUTE OF TECHNOLOGY,"NO. 11, DODDA ALADAMARA ROAD, VINAYAKA NAGAR",BANGALORE URBAN,Unaided - Private,N,N,1-1491551471,fetchdata,2015-2016,Engineering and Technology,1,1,1,1,Karnataka,1
1-2455935998,SJM POLYTECHNIC,BELLARY ROAD CHALLAKERE,CHITRADURGA,Unaided - Private,N,N,1-504495251,fetchdata,2015-2016,Engineering and Technology,1,1,1,1,Karnataka,1
1-2451363152,SREE SIDDARAMESHWARA POLYTECHNIC,HASSAN ROAD,TUMKUR,Unaided - Private,N,N,1-474759041,fetchdata,2015-2016,Engineering and Technology,1,1,1,1,Karnataka,1
1-2451366131,ST.JOHN'S POLYTECHNIC HUBLI-23,"ST.JOHN'S POLYTECHNIC
DIVINE NAGAR BEHIND GOVT. P.U.COLLEGE
GOPANAKOPPA
HUBLI-23",DHARWAD,Unaided - Private,N,Y,1-758497831,fetchdata,2015-2016,Engineering and Technology,1,1,1,1,Karnataka,1
1-2455826908,V.E.T.B.V.L. POLYTECHNIC,"# 18, 14TH MAIN,  II PHASE,  J.P.NAGAR,",BANGALORE URBAN,Unaided - Private,N,N,1-453692811,fetchdata,2015-2016,Engineering and Technology,1,1,1,1,Karnataka,1
1-2455827240,JYOTHY INSTITUTE OF TECHNOLOGY,"TATAGUNI, OFF KANAKAPURA ROAD",BANGALORE URBAN,Unaided - Private,N,N,1-401635061,fetchdata,2015-2016,Engineering and Technology,1,1,1,1,Karnataka,1
1-2455828570,UNIVERSITY VISVESVARAYA COLLEGE OF ENGINEERING,"UNIVERSITY VISVESVARAYA COLLEGE OF ENGINEERING (UVCE), KR CIRCLE, BANGALORE UNIVERSITY, BANGALORE 560001, KARNATAKA.",BANGALORE URBAN,Government,N,N,1-34822401,fetchdata,2015-2016,Engineering and Technology,1,1,1,1,Karnataka,1
1-2455859215,SRI SANJEEV POLYTECHNIC,SRI SANJEEV POLYTECHNIC SY.NO.63/1 HULIGUDDA SIVARA BANGLORE BY PASS ROAD LINGASUGUR.,RAICHUR,Unaided - Private,N,N,1-501470081,fetchdata,2015-2016,Engineering and Technology,1,1,1,1,Karnataka,1
1-2455860410,TMAES POLYTECHNIC,BELLARY ROAD,BELLARY,Govt aided,N,N,1-473855591,fetchdata,2015-2016,Engineering and Technology,1,1,1,1,Karnataka,1
1-2455860868,VASAVI JNANA PEETHA POLYTECHNIC,"CA NO.10, 2ND MAIN, VIJAYANAGAR,",BANGALORE URBAN,Unaided - Private,N,N,1-749983901,fetchdata,2015-2016,Engineering and Technology,1,1,1,1,Karnataka,1
1-2455921030,S G E S RURAL POLYTECHNIC,"POLYTECHNIC CAMPUS,
INDUSTRIAL ESTATE,
TARIHAL",DHARWAD,Govt aided,N,N,1-495291521,fetchdata,2015-2016,Engineering and Technology,1,1,1,1,Karnataka,1
1-2455921217,ASHOKA POLYTECHNIC,"SY NO.42, KAMMAGONDANAHALLI, 100FT ROAD(FOREST ROAD), JALAHALLI WEST",BANGALORE URBAN,Unaided - Private,N,N,1-814552571,fetchdata,2015-2016,Engineering and Technology,1,1,1,1,Karnataka,1
1-2455936817,GOVERNMENT POLYTECHNIC HARAPANAHALLI,"GOVERNMENT POLYTECHNIC
HOSPET ROAD
HARAPANAHALLI
DAVANAGERE (DIST)
KARNATAKA",DAVANAGERE,Government,N,N,1-492443161,fetchdata,2015-2016,Engineering and Technology,1,1,1,1,Karnataka,1
1-2451366285,SRI TARALABALU JAGADGURU INSTITUTE OF TECHNOLOGY,"P B ROAD (NH4)
RANEBENNUR-581 115
HAVERI DISTRICT
KARNATAKA STATE
INDIA",HAVERI,Unaided - Private,N,N,1-2188061,fetchdata,2015-2016,Engineering and Technology,1,1,1,1,Karnataka,1
1-2451368095,S. E. A.  COLLEGE OF ENGINEERING & TECHNOLOGY,"EKTA NAGAR, BASAVANAPURA, VIRGO NAGAR POST, BANGALORE - 560 049.",BANGALORE URBAN,Unaided - Private,N,N,1-4157231,fetchdata,2015-2016,Engineering and Technology,1,1,1,1,Karnataka,1
1-2455741613,BAHUBALI COLLEGE OF ENGINEERING,"GOMMATANAGARA
SHRAVANABELAGOLA - 573135
HASSAN DISTRICT
KARNATAKA",HASSAN,Unaided - Private,N,Y,1-6088619,fetchdata,2015-2016,Engineering and Technology,1,1,1,1,Karnataka,1
1-2455830907,SRI VENKATESHWARA POLYTECHNIC,"JANGALPALYA
BANNERUGHATTA",BANGALORE RURAL,Govt aided,N,N,1-475008881,fetchdata,2015-2016,Engineering and Technology,1,1,1,1,Karnataka,1
1-2455861117,SRI JAYACHAMARAJENDRA COLLEGE OF ENGINEERING,"JSS TECHNICAL INSTITUTIONS CAMPUS
MANASAGANGOTHRI PO",MYSORE,Govt aided,N,N,1-16481761,fetchdata,2015-2016,Engineering and Technology,1,1,1,1,Karnataka,1
1-2455866411,"GOVERNMENT POLYTECHNIC, CHANNAPATNA","BM ROAD
CHANNAPATNA
RAMANAGARA DIST
KARNATAKA STATE",RAMANAGARA,Government,N,N,1-487337191,fetchdata,2015-2016,Engineering and Technology,1,1,1,1,Karnataka,1
1-2455923629,GSS INSTITUTE OF TECHNOLOGY,"#37/2, NEW BYROHALLI ROAD, KOMMAGHATTA, KENGERI UPANAGAR, BANGLORE-560060.",BANGALORE URBAN,Unaided - Private,N,N,1-17511731,fetchdata,2015-2016,Engineering and Technology,1,1,1,1,Karnataka,1
1-2455937002,K.I.E.T.POLYTECHNIC,"510, BEHIND CORPORATION PLAY GROUND, YELCHENAHALLI, KANAKAPURA MAIN ROAD, J.P.NAGAR POST",BANGALORE URBAN,Unaided - Private,N,N,1-419844701,fetchdata,2015-2016,Engineering and Technology,1,1,1,1,Karnataka,1
1-2455937376,GOVERNMENT POLYTECHNIC AURAD(B),OLD TAHASIL OFFICE BUILDING AURAD(B),BIDAR,Government,N,N,1-483541711,fetchdata,2015-2016,Engineering and Technology,1,1,1,1,Karnataka,1
1-2455937499,GOVERNMENT POLYTECHNIC,HOLENARASIPURA,HASSAN,Government,N,N,1-461123389,fetchdata,2015-2016,Engineering and Technology,1,1,1,1,Karnataka,1
1-2451371229,HYDERABAD KARNATAKA EDUCATION SOCIETY'S POLYTECHNIC GULBARGA,"BESIDE MSI DEGREE COLLEGE, AIWAN - E SHAHI AREA, STATION BAZAR, GULBARGA 585102",GULBARGA,Unaided - Private,N,N,1-441844951,fetchdata,2015-2016,Engineering and Technology,1,1,1,1,Karnataka,1
1-2455749468,JSS POLYTECHNIC,MYSORE-OOTY ROAD,MYSORE,Govt aided,N,N,1-474956411,fetchdata,2015-2016,Engineering and Technology,1,1,1,1,Karnataka,1
1-2455785411,KLS VISHWANATHRAO DESHPANDE RURAL INSTITUTE OF TECHNOLOGY,"UDYOG VIDYA NAGAR,DANDELI ROAD, HALIYAL-581329 KA",UTTARA KANNADA,Unaided - Private,N,N,1-2390451,fetchdata,2015-2016,Engineering and Technology,1,1,1,1,Karnataka,1
1-2455786386,M. S. RAMAIAH INSTITUTE OF TECHNOLOGY,"VIDYA SOUDHA,
MSR NAGAR,
MSRIT POST,
BANGALORE - 560054.",BANGALORE URBAN,Unaided - Private,N,N,1-9522465,fetchdata,2015-2016,Engineering and Technology,1,1,1,1,Karnataka,1
1-2455831260,JAIN INSTITUTE OF TECHNOLOGY,"323, BADA CROSS NEAR BLIND SCHOOL AVARAGERE DAVANGERE",DAVANAGERE,Unaided - Private,N,N,1-524621661,fetchdata,2015-2016,Engineering and Technology,1,1,1,1,Karnataka,1
1-2455866677,KARAVALI INSTITUTE OF TECHNOLOGY,"PADU POST, VIA PEDUMALE,
NEERUMARGA,
MANGALORE -575029
KARNATAKA STATE
INDIA",DAKSHINA KANNADA,Unaided - Private,N,N,1-4225061,fetchdata,2015-2016,Engineering and Technology,1,1,1,1,Karnataka,1
1-2455924555,"GOVERNMENT POLYTECHNIC, HARIHARA","APMC YARD, SHIMOGA ROAD",DAVANAGERE,Government,N,N,1-475220781,fetchdata,2015-2016,Engineering and Technology,1,1,1,1,Karnataka,1
1-2455924802,S J M POLYTECHNIC,"P B # 52
S J M CAMPUS
NH4 BY-PASS",CHITRADURGA,Govt aided,N,N,1-453180211,fetchdata,2015-2016,Engineering and Technology,1,1,1,1,Karnataka,1
1-2455937653,GOVERNMENT POLYTECHNIC,GUDEKOTE ROAD,BELLARY,Government,N,N,1-475613261,fetchdata,2015-2016,Engineering and Technology,1,1,1,1,Karnataka,1
1-2455937768,GOVERNMENT POLYTECHNIC SURPUR,SURPUR,YADGIR,Government,N,N,1-509679253,fetchdata,2015-2016,Engineering and Technology,1,1,1,1,Karnataka,1
1-2455937841,SHA-SHIB COLLEGE OF ENGINEERING,"VARALAKONDAVILLAGE, NH-7, B.B ROAD, SOMENAHALLI HOBLI,
GUDIBANDE TALUK, CHIKKABLLAPUR DISTRICT 562104",CHIKABALLAPUR,Unaided - Private,N,N,1-13060751,fetchdata,2015-2016,Engineering and Technology,1,1,1,1,Karnataka,1
1-2451375675,ADICHUNCHANAGIRI POLYTECHNIC,"ADICHUNCHANAGIRI EXTENSION, JYOTHINAGAR POST, CHIKMAGALUR TALUK, CHIKMAGALUR DIST.",CHIKMAGALUR,Unaided - Private,N,N,1-447805311,fetchdata,2015-2016,Engineering and Technology,1,1,1,1,Karnataka,1
1-2455749823,SAI VIDYA INSTITUTE OF TECHNOLOGY,"RAJANUKUNTE 
DODDBALLAPURA ROAD 
VIA: YELAHANKA",BANGALORE RURAL,Unaided - Private,N,N,1-4740133,fetchdata,2015-2016,Engineering and Technology,1,1,1,1,Karnataka,1
1-2455751647,B E S INSTITUTE OF TECHNOLOGY,"BHARATH EDUCATION SOCIETY, 16TH MAIN, 4TH BLOCK, JAYANAGAR,",BANGALORE URBAN,Unaided - Private,N,N,1-475263761,fetchdata,2015-2016,Engineering and Technology,1,1,1,1,Karnataka,1
1-2455751902,GOVERNMENT RESIDENTIAL POLYTECHNIC FOR WOMEN,"SWAMY VIVEKANANDA EXTENSION,",SHIMOGA,Government,Y,N,1-467514391,fetchdata,2015-2016,Engineering and Technology,1,1,1,1,Karnataka,1
1-2455790626,SRI SIDDHARTHA POLYTECHNIC 546,"HANCHALA GATE,
HUDUKULA POST
BANGARPET TALUK - 563114",KOLAR,Unaided - Private,N,N,1-1252477951,fetchdata,2015-2016,Engineering and Technology,1,1,1,1,Karnataka,1
1-2455834579,"GOVT.TOOLROOM AND TRAINING CENTRE,BANGALORE","GOVT.TOOLROOM AND TRAINING CENTRE,BANGALORE
RAJAJI NAGAR INDUSTRIAL ESTATE, RAJAJI NAGAR, BANGALORE - 560010",BANGALORE URBAN,Government,N,N,1-16582091,fetchdata,2015-2016,Engineering and Technology,1,1,1,1,Karnataka,1
1-2455867273,GOVT POLYTECHNIC,"ZALAKI
TQ  INDI",BIJAPUR,Government,N,N,1-473841031,fetchdata,2015-2016,Engineering and Technology,1,1,1,1,Karnataka,1
1-2455867373,S.S.E.T'S  R.N.SHETTY POLYTECHNIC,"SHIVABASAV NAGAR,",BELGAUM,Unaided - Private,N,N,1-455744611,fetchdata,2015-2016,Engineering and Technology,1,1,1,1,Karnataka,1
1-2455790844,SCT POLYTECHNIC,"KAGGADASAPURA MAIN ROAD,
VIGNANA NAGAR,
CV RAMAN NAGAR POST",BANGALORE URBAN,Unaided - Private,N,N,1-498036141,fetchdata,2015-2016,Engineering and Technology,1,1,1,1,Karnataka,1
1-2455791339,S.J.M POLYTECHNIC,"HALEPET
BIRUR",CHIKMAGALUR,Govt aided,N,N,1-468092481,fetchdata,2015-2016,Engineering and Technology,1,1,1,1,Karnataka,1
1-2455792510,SIDDAGANGA POLYTECHNIC,"OPPOSITE TO A.P.M.C. YARD,
BATAWADI",TUMKUR,Unaided - Private,N,N,1-441462361,fetchdata,2015-2016,Engineering and Technology,1,1,1,1,Karnataka,1
1-2455834757,MALIK SANDAL POLYTECHNIC,"424, NAURASPUR, BAGALKOT ROAD, BIJAPUR-586109
KARNATAKA",BIJAPUR,Unaided - Private,N,Y,1-475935771,fetchdata,2015-2016,Engineering and Technology,1,1,1,1,Karnataka,1
1-2455867715,"GOVERNMENT POLYTECHNIC, KARATAGI","THE PRINCIPAL, GOVERNMENT POLYTECHNIC,      A P M C YARD,       R G RAOD,     KARATAGI",KOPPAL,Government,N,N,1-468163081,fetchdata,2015-2016,Engineering and Technology,1,1,1,1,Karnataka,1
1-2455867810,FAROOQIA  POLYTECHNIC FOR WOMEN,"AZEEZ SAIT ROAD,
UDAYAGIRI CIRCLE,",MYSORE,Unaided - Private,Y,Y,1-476905101,fetchdata,2015-2016,Engineering and Technology,1,1,1,1,Karnataka,1
1-2455927451,CSI GOODWILL POLYTECHNIC FOR WOMEN,"#10, PROMENADE ROAD, OPP COLES PARK, FRAZER TOWN",BANGALORE URBAN,Unaided - Private,Y,Y,1-509704291,fetchdata,2015-2016,Engineering and Technology,1,1,1,1,Karnataka,1
1-2455927524,"SHETTY POLYTECHNIC,GULBARGA",5TH KM RAJAPUR-SHAHABAD ROAD GULBARGA-585105,GULBARGA,Unaided - Private,N,N,1-431233679,fetchdata,2015-2016,Engineering and Technology,1,1,1,1,Karnataka,1
1-2455927815,SRI KRISHNA POLYTECHNIC,"26/1 CHIKKABELLANDUR VILLAGE,
CARMELRAM POST
BANGALORE 560035",BANGALORE URBAN,Unaided - Private,N,N,1-410884681,fetchdata,2015-2016,Engineering and Technology,1,1,1,1,Karnataka,1
1-2451378524,BEARYS INSTITUTE OF TECHNOLOGY,"LANDS END, INNOLI,BOLIYAR VILLAGE
NEAR MANGALORE UNIVERSITY
MANGALORE-574 153",DAKSHINA KANNADA,Unaided - Private,N,Y,1-3818113,fetchdata,2015-2016,Engineering and Technology,1,1,1,1,Karnataka,1
1-2451379022,GOVERNMENT CPC POLYTECHNIC,"ASHOKA ROAD,
N R MOHALLA 
MYSORE",MYSORE,Government,N,N,1-494511941,fetchdata,2015-2016,Engineering and Technology,1,1,1,1,Karnataka,1
1-2455756464,B.V.PEETH'S J.V.MANDAL'S POLYTECHNIC,GURUKUL CAMPUS,BAGALKOT,Unaided - Private,N,N,1-476118971,fetchdata,2015-2016,Engineering and Technology,1,1,1,1,Karnataka,1
1-2455793031,KARNATAKA (GOVT.) POLYTECHNIC,KADRI HILLS,DAKSHINA KANNADA,Government,N,N,1-462007101,fetchdata,2015-2016,Engineering and Technology,1,1,1,1,Karnataka,1
1-2455836808,HINDUSTAN ELECTRONICS ACADEMY,"PB NO 3776, CHINNAPPANAHALLI, MARATHAHALLI",BANGALORE URBAN,Unaided - Private,N,N,1-456031671,fetchdata,2015-2016,Engineering and Technology,1,1,1,1,Karnataka,1
1-2455868385,GOVERNMENT POLYTECHNIC,"APMC YARD,
HUBLI ROAD,",UTTARA KANNADA,Government,N,N,1-482152491,fetchdata,2015-2016,Engineering and Technology,1,1,1,1,Karnataka,1
1-2455890565,SRI MAHALAKSHMI INSTITUTE OF TECHNOLOGY,"GORAVANAHALLY
THEETHA POST",TUMKUR,Unaided - Private,N,N,1-485660671,fetchdata,2015-2016,Engineering and Technology,1,1,1,1,Karnataka,1
1-2455756971,DR. T.THIMMAIAH INSTITUTE OF TECHNOLOGY,"00RGAUM POST,
KOLAR GOLD FIELDS - 563 120
KARNATAKA",KOLAR,Unaided - Private,N,N,1-11477172,fetchdata,2015-2016,Engineering and Technology,1,1,1,1,Karnataka,1
1-2455758505,THE OXFORD POLYTECHNIC,"C.A SITE:NO 40,J.P NAGAR ,I ST PHASE,BANGALORE",BANGALORE URBAN,Unaided - Private,N,Y,1-428262031,fetchdata,2015-2016,Engineering and Technology,1,1,1,1,Karnataka,1
1-2455794712,SRI KRISHNA POLYTECHNIC,"NO.57, CHIMNEY HILLS, PIPELINE ROAD, CHIKKABANAVARA POST",BANGALORE RURAL,Unaided - Private,N,N,1-514335343,fetchdata,2015-2016,Engineering and Technology,1,1,1,1,Karnataka,1
1-2455794950,THE NATIONAL INSTITUTE OF ENGINEERING,"MANANDAVADI ROAD
MYSORE",MYSORE,Govt aided,N,N,1-4878661,fetchdata,2015-2016,Engineering and Technology,1,1,1,1,Karnataka,1
1-2455837355,GOVERNMENT ENGINEERING COLLEGE RAICHUR,"GOVERNMENT ENGINEERING COLLEGE  RAICHUR-HYDERABAD ROAD YERAMARUS
RAICHUR",RAICHUR,Government,N,N,1-451967501,fetchdata,2015-2016,Engineering and Technology,1,1,1,1,Karnataka,1
1-2455891383,C.BYREGOWDA INSTITUTE OF TECHNOLOGY,"SRINIVASPURA ROAD, THORADEVANDAHALLI, 
KOLAR-563101",KOLAR,Unaided - Private,N,N,1-14594878,fetchdata,2015-2016,Engineering and Technology,1,1,1,1,Karnataka,1
1-2455893168,"GOVERNMENT POLYTECHNIC,K.G.F","SY.NO.31, BALAGANAHALLI ANDERSONPET, K.G.F",KOLAR,Government,N,N,1-477848821,fetchdata,2015-2016,Engineering and Technology,1,1,1,1,Karnataka,1
1-2455893284,K.S.POLYTECHNIC,"#14, RAGHUVANAHALLI, KANAKAPURA ROAD",BANGALORE URBAN,Unaided - Private,N,N,1-479642611,fetchdata,2015-2016,Engineering and Technology,1,1,1,1,Karnataka,1
1-2455928380,GOVERNMENT POLYTECHNIC,"GOVERNMENT POLYTECHNIC, GOVT FIRST GRADE COLLEGE CAMPUS, HOSPET ROAD, KAMPLI.",BELLARY,Government,N,N,1-477730271,fetchdata,2015-2016,Engineering and Technology,1,1,1,1,Karnataka,1
1-2451382121,CAMBRIDGE INSTITUTE OF TECHNOLOGY,K R PURAM,BANGALORE URBAN,Unaided - Private,N,N,1-6142911,fetchdata,2015-2016,Engineering and Technology,1,1,1,1,Karnataka,1
1-2451383834,DR.SRI SRI SRI SHIVAKUMARA MAHASWAMY COLLEGE OF ENGINEERING,"BYARANAYAKANAHALLI,DODDABALE POST,
NELAMANGALA TALUK,BANGALORE RURAL DISTRICT",BANGALORE RURAL,Unaided - Private,N,N,1-10002971,fetchdata,2015-2016,Engineering and Technology,1,1,1,1,Karnataka,1
1-2455759354,P.D. A. COLLEGE OF ENGINEERING,"AIWAN-E-SHAHI AREA
STATION ROAD
GULBARGA-585102",GULBARGA,Govt aided,N,N,1-11759291,fetchdata,2015-2016,Engineering and Technology,1,1,1,1,Karnataka,1
1-2455805280,GOVERNMENT POLYTECHNIC,BM ROAD,KODAGU,Government,N,N,1-475194153,fetchdata,2015-2016,Engineering and Technology,1,1,1,1,Karnataka,1
1-2455838839,OXFORD POLYTECHNIC,SHEREWAD ROAD  ADJUCENT TO P.B ROAD NATIONAL HIGHWAY -04,DHARWAD,Unaided - Private,N,N,1-466441841,fetchdata,2015-2016,Engineering and Technology,1,1,1,1,Karnataka,1
1-2455839113,GOVERNMENT POLYTECHNIC BILAGI,"NEAR POLICE STATION,
OLD TAHASILDAR BUILDING,
POST:BILAGI",BAGALKOT,Government,N,N,1-485911381,fetchdata,2015-2016,Engineering and Technology,1,1,1,1,Karnataka,1
1-2455895581,VISSJ GOVERNMENT POLYTECHNIC,NEW TOWN,SHIMOGA,Government,N,N,1-480592981,fetchdata,2015-2016,Engineering and Technology,1,1,1,1,Karnataka,1
1-2455895770,"GOVERNMENT POLYTECHNIC, AFZALPUR","AFZALPUR
DIST: GULBARGA",GULBARGA,Government,N,N,1-493143771,fetchdata,2015-2016,Engineering and Technology,1,1,1,1,Karnataka,1
1-2455928953,M E S POLYTECHNIC,"G B N ROAD
MADHUGIRI
-572132
TUMKUR-DIST",TUMKUR,Unaided - Private,N,N,1-441413271,fetchdata,2015-2016,Engineering and Technology,1,1,1,1,Karnataka,1
1-2513089831,EAST WEST INSTITUTE OF POLYTECHNIC,"NO.13, SECTOR""A"" , YELAHANKA NEW TOWN, YELAHANKA, BANGALORE - 560064",BANGALORE URBAN,Unaided - Private,N,N,,fetchdata,2015-2016,Engineering and Technology,1,1,1,1,Karnataka,1
1-2476213031,MYSURU ROYAL INSTITUTE OF TECHNOLOGY,"LAKSHMIPURA ROAD, OFF MYSURU -BENGALURU HIGHWAY",MANDYA,Unaided - Private,N,N,,fetchdata,2015-2016,Engineering and Technology,1,1,1,1,Karnataka,1
1-2455659785,GOVT.TOOL ROOM & TRAINING CENTRE- GULBARGA,"PLOT NO. 122 &123, M.B.ROAD, DARSHANAPUR LAYOUT, SANGTRASWADI",GULBARGA,Government,N,N,1-476952621,fetchdata,2015-2016,Engineering and Technology,1,1,1,1,Karnataka,1
1-2455660210,KARNATAKA INSTITUTE OF LEATRHER TECHNOLOGY,"TANNERY ROAD, NEAR RAILWAY GATE, LIDKAR COMPLEX, KADUGONDANAHALLY, BANGALORE",BANGALORE URBAN,Government,N,N,1-482209715,fetchdata,2015-2016,Engineering and Technology,1,1,1,1,Karnataka,1
1-2456039382,"B. V. V. S. POLYTECHNIC,BAGALKOT.","B V V SANGHA CAMPUS, BELGAUM - RAICHUR ROAD",BAGALKOT,Govt aided,N,N,1-450864481,fetchdata,2015-2016,Engineering and Technology,1,1,1,1,Karnataka,1
1-2456039931,"SECAB INSTITUTE OF ENGINEERING & TECHNOLOGY, BIJAPUR","424, NAURASPUR, 
BAGALKOT ROAD, 
HUDCO CROSS,
BIJAPUR-586101",BIJAPUR,Unaided - Private,N,Y,1-6580491,fetchdata,2015-2016,Engineering and Technology,1,1,1,1,Karnataka,1
1-2456040742,GOVT POLYTECHNIC BIJAPUR,BAGALKOT ROAD,BIJAPUR,Government,N,N,1-475365011,fetchdata,2015-2016,Engineering and Technology,1,1,1,1,Karnataka,1
1-2456074090,GOVERNMENT WOMENS POLYTECHNIC,AIWAN-E-SHAHI ROAD GULBARGA,GULBARGA,Government,Y,N,1-486158331,fetchdata,2015-2016,Engineering and Technology,1,1,1,1,Karnataka,1
1-2456110193,A P S COLLEGE OF ENGINEERING,26 KM KANAKAPURA ROAD BANGALORE 82,BANGALORE URBAN,Unaided - Private,N,N,1-5724943,fetchdata,2015-2016,Engineering and Technology,1,1,1,1,Karnataka,1
1-2455660282,GOVERNMENT POLYTECHNIC,"MAHATMA GANDHI ROAD 
KARWAR
581301
KARNATAKA",UTTARA KANNADA,Government,N,N,1-475885601,fetchdata,2015-2016,Engineering and Technology,1,1,1,1,Karnataka,1
1-2456013678,GOVERNMENT TOOL ROOM AND TRAINING CENTRE - HUMNABAD,"SERICULTURE BUILDING, NEAR SBC ARTS COLLEGE ,BY PASS NH-9 ROAD,HUMNABAD.",BIDAR,Government,N,N,1-475198031,fetchdata,2015-2016,Engineering and Technology,1,1,1,1,Karnataka,1
1-2456013987,BCN POLYTECHNIC LAXMESHWAR,BCN VIDYA SANSTHE (R) LAXMESHWAR. SURVAY NO-51/1& 72 PETHA BANA LAXMESHWAR,GADAG,Unaided - Private,N,N,1-500307591,fetchdata,2015-2016,Engineering and Technology,1,1,1,1,Karnataka,1
1-2456040993,BAPUJI INSTITUTE OF ENGINEERING & TECHNOLOGY,"BAPUJI INSTITUTE OF ENGINEERING & TECHNOLOGY
P.B. NO.325,
SHAMANUR ROAD
DAVANGERE-577 004
KARNATAKA - INDIA",DAVANAGERE,Unaided - Private,N,N,1-4351473,fetchdata,2015-2016,Engineering and Technology,1,1,1,1,Karnataka,1
1-2456043249,"R.T.E.SOCIETY'S RURAL POLYTECHNIC, HULKOTI","R.T.E.SOCIETY'S RURAL POLYTECHNIC, HULKOTI",GADAG,Govt aided,N,N,1-477616701,fetchdata,2015-2016,Engineering and Technology,1,1,1,1,Karnataka,1
1-2456043444,GOVERNMENT TOOL ROOM & TRAINING CENTRE - HARIHAR,"KSSIDC INDUSTRIAL ESTATE, YANTRAPUR, HARIHAR",DAVANAGERE,Government,N,N,1-467540701,fetchdata,2015-2016,Engineering and Technology,1,1,1,1,Karnataka,1
1-2456043587,VGET'S DR.G S M RURAL POLYTECHNIC,"YELBURGA ROAD
KUKNOOR",KOPPAL,Govt aided,N,N,1-435922191,fetchdata,2015-2016,Engineering and Technology,1,1,1,1,Karnataka,1
1-2456113295,GIRIJABAI SAIL INSTITUTE OF TECHNOLOGY,UTKAGALI ADJACENT TO KARNATAKA GOA BORDER CHECK POST MAJALI VILLAGE KARWAR,UTTARA KANNADA,Unaided - Private,N,N,1-781430011,fetchdata,2015-2016,Engineering and Technology,1,1,1,1,Karnataka,1
1-2456014235,SHANTHINIKETAN POLYTECHNIC COLLEGE,"B M ROAD, VIVEKANANDANAGAR,",RAMANAGARA,Unaided - Private,N,N,1-458768391,fetchdata,2015-2016,Engineering and Technology,1,1,1,1,Karnataka,1
1-2456015604,EKALAVYA INSTITUTE OF TECHNOLOGY,"EKALAVYA INSTITUTE OF TECHNOLOGY
UMMATHUR, CHAMARAJANAGAR TALUK & DISTRICT",CHAMARAJNAGAR,Unaided - Private,N,N,1-25427104,fetchdata,2015-2016,Engineering and Technology,1,1,1,1,Karnataka,1
1-2456015883,GOVERNMENT POLYTECHNIC,"BIDARAHALLI HOBLI,
CHANNASANDRA
PIN- 560067",BANGALORE URBAN,Government,N,N,1-505281231,fetchdata,2015-2016,Engineering and Technology,1,1,1,1,Karnataka,1
1-2456016072,ACS COLLEGE OF ENGINEERING,"207,KAMBIPURA, MYSORE ROAD, 
KENGERI HOBLI,
BANGALORE - 560074.",BANGALORE URBAN,Unaided - Private,N,N,1-3287291,fetchdata,2015-2016,Engineering and Technology,1,1,1,1,Karnataka,1
1-2456043853,SRINIVAS INSTITUTE OF TECHNOLOGY,"SRINIVAS CAMPUS
VALACHIL, ARKULA VILLAGE
FARANGIPETE POST
MANGALORE",D KANNADA(DK),Unaided - Private,N,N,1-1710521,fetchdata,2015-2016,Engineering and Technology,1,1,1,1,Karnataka,1
1-2456044953,DON BOSCO INSTITUTE OF TECHNOLOGY,"KUMBALAGODU, MYSORE ROAD, KENGERI HOBLI ,
BANGALORE-560074",BANGALORE URBAN,Unaided - Private,N,N,1-4002206,fetchdata,2015-2016,Engineering and Technology,1,1,1,1,Karnataka,1
1-2456077681,BALLARI INSTITUTE OF TECHNOLOGY & MANAGEMENT,"FORMERLY BELLARY ENGINEERING COLLEGE,
""JNANA GANGOTRI"" CAMPUS, #873/2 OF KOLAGAL VILLAGE,
BELLARY-HOSPET ROAD, ALLIPUR",BELLARY,Unaided - Private,N,N,1-5843561,fetchdata,2015-2016,Engineering and Technology,1,1,1,1,Karnataka,1
1-2456080951,MANIPAL INSTITUTE OF TECHNOLOGY,"MANIPAL INSTITUTE OF TECHNOLOGY
MANIPAL
576104
KARNATAKA",UDUPI,Deemed University(Private),N,N,1-4187991,fetchdata,2015-2016,Engineering and Technology,1,1,1,1,Karnataka,1
1-2456113945,GOPALAN COLLEGE OF ENGINEERING AND MANAGEMENT,"SONNENAHALLI, HOODI VILLAGE, ITPL ROAD,",BANGALORE URBAN,Unaided - Private,N,N,1-4330741,fetchdata,2015-2016,Engineering and Technology,1,1,1,1,Karnataka,1
1-2456016768,GOVT POLYTECHNIC LINGASGUR,"OPP: BUS DEPOT ,MUDGAL ROAD,",RAICHUR,Government,N,N,1-479416321,fetchdata,2015-2016,Engineering and Technology,1,1,1,1,Karnataka,1
1-2456016893,GOVERNMENT S. K. S. J. T. INSTITUTE,"AMBEDKAR VEEDHI, K.R. CIRCLE, BANGALORE-01",BANGALORE URBAN,Government,N,N,1-23041601,fetchdata,2015-2016,Engineering and Technology,1,1,1,1,Karnataka,1
1-2456017144,NITTUR POLYTECHNIC,"NITTUR POLYTECHNIC ,
NEAR HABSIKOTE 
GUEST HOUSE,
BIDAR-585401
KARNATAKA",BIDAR,Unaided - Private,N,N,1-497991461,fetchdata,2015-2016,Engineering and Technology,1,1,1,1,Karnataka,1
1-2456046743,GHOUSIA COLLEGE OF ENGINEERING,BANGALORE - MYSORE ROAD,RAMANAGARA,Unaided - Private,N,Y,1-6749453,fetchdata,2015-2016,Engineering and Technology,1,1,1,1,Karnataka,1
1-2456047444,VSM'S INSTIUTE OF TECHNOLOGY,"BASAV-VIDYA NAGAR,",BELGAUM,Unaided - Private,N,N,1-5585441,fetchdata,2015-2016,Engineering and Technology,1,1,1,1,Karnataka,1
1-2456047845,GOVERNMENT WOMEN'S POLYTECHNIC,"GOVERNMENT WOMEN'S POLYTECHNIC
SORAB ROAD",SHIMOGA,Government,Y,N,1-467438493,fetchdata,2015-2016,Engineering and Technology,1,1,1,1,Karnataka,1
1-2456047983,"GOVERNMENT POLYTECHNIC,BELGAUM","KAKATIVASE ROAD,NEAR CHENNAMMA CIRCLE,BELGAUM,KARNATAKA",BELGAUM,Government,N,N,1-466232411,fetchdata,2015-2016,Engineering and Technology,1,1,1,1,Karnataka,1
1-2456083058,"M.S.M.S RURAL POLYTECHNIC, MARALI","RUDRESHWARA NAGAR, RAICHUR ROAD(SH) MARALI",KOPPAL,Unaided - Private,N,N,1-437676581,fetchdata,2015-2016,Engineering and Technology,1,1,1,1,Karnataka,1
1-2456114986,S. S. E. T'S  S. G. BALEKUNDRI INSTITUTE OF TECHNOLOGY,"S. G. BALEKUNDRI INSTITUTE OF TECHNOLOGY, 
SHIVABASAVA NAGAR, 
BELGAUM - 590010",BELGAUM,Unaided - Private,N,N,1-9015139,fetchdata,2015-2016,Engineering and Technology,1,1,1,1,Karnataka,1
1-2456115629,DAYANANDA SAGAR INSTITUTE OF TECHNOLOGY (POLYTECHNIC),"SHAVIGE MALLESHWARA HILLS, KUMARASWAMY LAYOUT,",BANGALORE URBAN,Unaided - Private,N,N,1-422760001,fetchdata,2015-2016,Engineering and Technology,1,1,1,1,Karnataka,1
1-2456115996,D.BANUMAIAH'S POLYTECHNIC,"M.G.ROAD
UDAYAGIRI",MYSORE,Govt aided,N,N,1-475319561,fetchdata,2015-2016,Engineering and Technology,1,1,1,1,Karnataka,1
1-2456048415,GOVT POLYTECHNIC MUDHOL,"MANTUR ROAD
MUDHOL",BAGALKOT,Government,N,N,1-476065901,fetchdata,2015-2016,Engineering and Technology,1,1,1,1,Karnataka,1
1-2456048546,"GOVERNMENT ENGINEERING COLLEGE,KARWAR","GOVERNMENT POLYTECHNIC CAMPUS
1ST FLOOR
M. G. ROAD
KARWAR",UTTARA KANNADA,Government,N,N,1-36456711,fetchdata,2015-2016,Engineering and Technology,1,1,1,1,Karnataka,1
1-2456086780,"GOVERNMENT POLYTECHNIC, IMMADIHALLI","SY. NO.127 & 132, IMMADIHALLI,
WHITE FIELD ROAD, BANGALORE EAST TALUK",BANGALORE URBAN,Government,N,N,1-475206661,fetchdata,2015-2016,Engineering and Technology,1,1,1,1,Karnataka,1
1-2456087020,ATRIA INSTITUTE OF TECHNOLOGY,"ASKB CAMPUS, AG'S COLONY, 1ST MAIN, ANANDNAGAR",BANGALORE URBAN,Unaided - Private,N,N,1-12266207,fetchdata,2015-2016,Engineering and Technology,1,1,1,1,Karnataka,1
1-2456017595,S.E.S.POLYTECHNIC(GOVT AIDED),"BELLARY ROAD
SIRUGUPPA-583121",BELLARY,Private-Aided,N,N,1-445548295,fetchdata,2015-2016,Engineering and Technology,1,1,1,1,Karnataka,1
1-2456017834,SAHYADRI COLLEGE OF ENGINEERING & MANAGEMENT,"'SAHYADRI CAMPUS'
N.H-48, ADYAR,
MANGALORE",DAKSHINA KANNADA,Unaided - Private,N,N,1-4184811,fetchdata,2015-2016,Engineering and Technology,1,1,1,1,Karnataka,1
1-2456048771,MAHARAJA INSTITUTE OF TECHNOLOGY MYSORE,"MAHARAJA INSTITUTE OF TECHNOLOGY MYSORE
BEHIND K R MILLS
BELAWADI VILLAGE
NAGUVANAHALLI PANCHAYAT
SRIRANGAPATNA TALUK
MANDYA DISTRICT
KARNATAKA",MANDYA,Unaided - Private,N,N,1-4391794,fetchdata,2015-2016,Engineering and Technology,1,1,1,1,Karnataka,1
1-2456049286,GOVERMENT POLYTECHNIC SIDDAPUR,"JOG ROAD, HOSUR",UTTARA KANNADA,Government,N,N,1-473885581,fetchdata,2015-2016,Engineering and Technology,1,1,1,1,Karnataka,1
1-2456050457,VIDYAVARDHAKA COLLEGE OF ENGINEERING,"P.B.NO.206,
GOKULAM 3RD STAGE",MYSORE,Unaided - Private,N,N,1-14166661,fetchdata,2015-2016,Engineering and Technology,1,1,1,1,Karnataka,1
1-2456051428,"GOVERNMENT POLYTECHNIC,TURUVEKERE","GOVERNMENT POLYTECHNIC,
SUBRAMNAYA NAGARA
SBM ROAD
TURUVEKERE",TUMKUR,Government,N,N,1-486293203,fetchdata,2015-2016,Engineering and Technology,1,1,1,1,Karnataka,1
1-2456088329,YELLAMMA DASAPPA INSTITUTE OF TECHNOLOGY,"14KM,RAGHUVANAHALLI,KANAKAPURA ROAD, 
BANGALORE-560062",BANGALORE URBAN,Unaided - Private,N,N,1-4376404,fetchdata,2015-2016,Engineering and Technology,1,1,1,1,Karnataka,1
1-2456089122,M S ENGINEERING COLLEGE,"NAVARATHNA AGRAHARA, SADAHALLIPOST, NEAR BIAL, BANGALORE",BANGALORE RURAL,Unaided - Private,N,N,1-14597691,fetchdata,2015-2016,Engineering and Technology,1,1,1,1,Karnataka,1
1-2456021600,GOVERNMENT POLYTECNIC,"ARAKERE,SRIRANGA PATNA",MANDYA,Government,N,N,1-475194211,fetchdata,2015-2016,Engineering and Technology,1,1,1,1,Karnataka,1
1-2456051628,J.R.D POLYTECHNIC VALKAMDINNI,"J.R.D POLYTECHNIC VALKAMDINNI
TQ:SINDHANUR
DT:RAICHUR.
584-143",RAICHUR,Unaided - Private,N,N,1-507334521,fetchdata,2015-2016,Engineering and Technology,1,1,1,1,Karnataka,1
1-2456051719,R J S POLYTECHNIC,"C A SITE NO. 1,
MAHAYOGI VEMANA ROAD, 16 TH MAIN, 
3RD BLOCK, KORMANGALA",BANGALORE URBAN,Unaided - Private,N,N,1-435509331,fetchdata,2015-2016,Engineering and Technology,1,1,1,1,Karnataka,1
1-2456052099,BTL INSTITUTE OF TECHNOLOGY AND MANAGEMENT,"#259/B, BOMMASANDRA INDUSTRIAL AREA, HOSUR ROAD, BANGALORE-560099.",BANGALORE URBAN,Unaided - Private,N,N,1-1374426715,fetchdata,2015-2016,Engineering and Technology,1,1,1,1,Karnataka,1
1-2506580461,SRI VINAYAKA INSTITUTE OF TECHNOLOGY, COROMANDEL POST KGF 563118,KOLAR,Unaided - Private,N,N,,fetchdata,2015-2016,Engineering and Technology,1,1,1,1,Karnataka,1
1-2493368481,MYSORE COLLEGE OF ENGINEERING AND MANAGEMENT,"CHIKAHALLI, VARUNA HOBALI, NEAR BIG BANYAN TREE, TN ROAD",MYSORE,Unaided - Private,N,N,,fetchdata,2015-2016,Engineering and Technology,1,1,1,1,Karnataka,1
1-2456021796,SHRI ULAVI CHANNABASAVESHWAR POLYTECHNIC,NIRMAL NAGAR,UTTARA KANNADA,Unaided - Private,N,N,1-493691643,fetchdata,2015-2016,Engineering and Technology,1,1,1,1,Karnataka,1
1-2456021894,GOVERNMENT POLYTECHNIC KARKALA,"GOVERNMENT WOMENS POLYTECHNIC KARKALA,NEAR POLICE STATION TALUK OFFICE ,KARKALA, UDUPI DISTRICT-574104, KARNATAKA",UDUPI,Government,Y,N,1-495403331,fetchdata,2015-2016,Engineering and Technology,1,1,1,1,Karnataka,1
1-2456022099,SRI SAIRAM COLLEGE OF ENGINEERING,"SAI LEO NAGAR
GUDDANAHALLI VILLAGE
SAMANDUR POST
ANEKAL",BANGALORE URBAN,Unaided - Private,N,N,1-4784471,fetchdata,2015-2016,Engineering and Technology,1,1,1,1,Karnataka,1
1-2456054147,GOVERNMENT POLYTECHNIC FOR WOMEN,"KANAKAPURA ROAD,NEAR KSRTC BUS STAND,B M ROAD,RAMANAGARA",RAMANAGARA,Government,Y,N,1-467680573,fetchdata,2015-2016,Engineering and Technology,1,1,1,1,Karnataka,1
1-2456093025,COORG INSTITUTE OF TECHNOLOGY,POST BOX NO.11,COORG,Unaided - Private,N,N,1-5029511,fetchdata,2015-2016,Engineering and Technology,1,1,1,1,Karnataka,1
1-2456093622,K.S. SCHOOL OF ENGINEERING AND MANAGEMENT,"#15/1, MALLASANDRA, OFF KANAKAPURA ROAD, BANGALORE - 560062",BANGALORE URBAN,Unaided - Private,N,N,1-5279601,fetchdata,2015-2016,Engineering and Technology,1,1,1,1,Karnataka,1
1-2456094264,GSSS INSTITUTE OF ENGINEERING & TECHNOLOGY FOR WOMEN,"K.R.S. ROAD, METAGALLI  INDUSTRIAL AREA, MYSORE-16",MYSORE,Unaided - Private,Y,N,1-6050376,fetchdata,2015-2016,Engineering and Technology,1,1,1,1,Karnataka,1
1-2456023234,SRI TARALABALU JAGADGURU POLYTECHNIC,"SRI TARALABALU JAGADGURU POLYTECHNIC
HOSPET ROAD
HARAPANAHALLI",DAVANAGERE,Govt aided,N,N,1-425542251,fetchdata,2015-2016,Engineering and Technology,1,1,1,1,Karnataka,1
1-2456023488,HMS INSTITUTE OF TECHNOLOGY,"NH-4, KESARAMADU POST, 
KYATHASANDRA,",TUMKUR,Unaided - Private,N,Y,1-10229711,fetchdata,2015-2016,Engineering and Technology,1,1,1,1,Karnataka,1
1-2456054253,D.S.DINAKAR NATIONAL POLYTECHNIC,"JNNCE CAMPUS
SAVALANGA ROAD
NAVULE",SHIMOGA,Unaided - Private,N,N,1-475364881,fetchdata,2015-2016,Engineering and Technology,1,1,1,1,Karnataka,1
1-2456054901,"GOVERNMENT  ENGINEERING COLLEGE, HAVERI","DEVAGIRI
HAVERI",HAVERI,Government,N,N,1-20278613,fetchdata,2015-2016,Engineering and Technology,1,1,1,1,Karnataka,1
1-2456096014,"A. SHAMA RAO FOUNDATIONS' GROUP OF INSTITUTIONS, SRINIVAS INTEGRATED CAMPUS","A. SHAMA RAO FOUNDATIONS' GROUP OF INSTITUTIONS,
SRINIVAS INTEGRATED CAMPUS,
MUKKA, SRINIVASANAGAR, MANGALORE - 575021",DAKSHINA KANNADA,Unaided - Private,N,N,1-6872884,fetchdata,2015-2016,Engineering and Technology,1,1,1,1,Karnataka,1
1-2456096760,AMRITA SCHOOL OF ENGINEERING,"AMRITA VISHWA VIDYAPEETHAM, BANGALORE CAMPUS,  KASAVANAHALLI, CARMELARAM POST,  OFF SARJAPUR ROAD",BANGALORE URBAN,Deemed University(Private),N,N,1-455893651,fetchdata,2015-2016,Engineering and Technology,1,1,1,1,Karnataka,1
1-2456097485,K.S.INSTITUTE OF TECHNOLOGY,"#14,RAGUVANAHALLI, KANAKAPURA MAIN ROAD,BANGALORE - 560 062.",BANGALORE URBAN,Unaided - Private,N,N,1-4653721,fetchdata,2015-2016,Engineering and Technology,1,1,1,1,Karnataka,1
1-2456027025,RNS INSTITUTE OF TECHNOLOGY,"CHANNASANDRA
UTTARAHALLI -KENGERI MAIN ROAD
SUBRAMANYAPURA POST",BANGALORE URBAN,Unaided - Private,N,N,1-6501238,fetchdata,2015-2016,Engineering and Technology,1,1,1,1,Karnataka,1
1-2456027630,ACHUTHA INSTITUTE OF TECHNOLOGY,"S.NO. 115, BOMMAGANAHALLI VILLAGE, GUDIBANDE POST",CHIKABALLAPUR,Unaided - Private,N,N,1-3640051,fetchdata,2015-2016,Engineering and Technology,1,1,1,1,Karnataka,1
1-2456055849,DAYANANDA SAGAR ACADEMY OF TECHNOLOGY & MANAGEMENT TECHNICAL CAMPUS,"UDAYAPURA
KANAKAPURA ROAD
BANGALORE URBAN DISTRICT, BANGALORE",BANGALORE URBAN,Unaided - Private,N,N,1-419950391,fetchdata,2015-2016,Engineering and Technology,1,1,1,1,Karnataka,1
1-2456056436,MANGALORE MARINE COLLEGE AND TECHNOLOGY,"PADIL PADAVU, KILENGAR VILLAGE, KUPPEPADAVU POST,
MANGALORE",D KANNADA(DK),Unaided - Private,N,Y,1-745879211,fetchdata,2015-2016,Engineering and Technology,1,1,1,1,Karnataka,1
1-2456098145,CHANNABASAVESHWARA INSTITUTE OF TECHNOLOGY,"NH 206 (BH ROAD), GUBBI, TUMKUR. KARNATAKA",TUMKUR,Unaided - Private,N,N,1-2623001,fetchdata,2015-2016,Engineering and Technology,1,1,1,1,Karnataka,1
1-2456027868,"MOUNT FARAN POLYTECHNIC, OLD HUBLI","HIGH LANDS, ANAND NAGAR ROAD, OLD HUBLI",DHARWAD,Unaided - Private,N,N,1-497212971,fetchdata,2015-2016,Engineering and Technology,1,1,1,1,Karnataka,1
1-2456028270,SRI KRISHNA INSTITUTE OF TECHNOLOGY,"NO. 29, HESARAGHATTA MAIN ROAD
CHIMNEY HILLS, CHIKKABANAVARA POST
BANGALORE - 560090",BANGALORE URBAN,Unaided - Private,N,N,1-11557861,fetchdata,2015-2016,Engineering and Technology,1,1,1,1,Karnataka,1
1-2456058489,SANDUR POLYTECHNIC,"SANDUR POLYTECHNIC, YESHWANTNAGAR, VIA SANDUR, BELLARY DISTRICT",BELLARY,Unaided - Private,N,N,1-424101215,fetchdata,2015-2016,Engineering and Technology,1,1,1,1,Karnataka,1
1-2456058939,HKE'S SLN COLLEGE OF ENGINEERING,"HKE'S SLN COLLEGE OF ENGINEERING
YERAMARUS CAMP,
RAICHUR-584 135,
KARNATAKA",RAICHUR,Unaided - Private,N,N,1-8331469,fetchdata,2015-2016,Engineering and Technology,1,1,1,1,Karnataka,1
1-2456101208,PANCHASHEELA POLYTECHNIC,"PANCHASHEELA POLYTECHNIC.BHEL LAYOUT,21ST CROSS,2ND STAGE,PATTANAGERERAJARAJESHWARI NAGAR",BANGALORE URBAN,Unaided - Private,N,N,1-495315041,fetchdata,2015-2016,Engineering and Technology,1,1,1,1,Karnataka,1
1-2456029833,JSS POLYTECHNIC FOR THE DIFFERENTLY ABLED,"JSS TECHNICAL INSTUTITIONS' CAMPUS, MANASAGANGOTHRI",MYSORE,Govt aided,N,N,1-444205351,fetchdata,2015-2016,Engineering and Technology,1,1,1,1,Karnataka,1
1-2456060326,ACHARYA INSTITUTE OF TECHNOLOGY,"SOLDEVANAHALLI, HESARAGHATTA MAIN ROAD, CHIKKABANAVARA POST,",BANGALORE URBAN,Unaided - Private,N,N,1-8141561,fetchdata,2015-2016,Engineering and Technology,1,1,1,1,Karnataka,1
1-2456103124,SHREE BAHUBALI POLYTECHNIC,"GOMATANAGARA
SHRAVANABELAGOLA
CHANNARAYAPATNA (TALUK)
HASSAN (DISTRICT)
KARNATAKA",HASSAN,Unaided - Private,N,Y,1-454872639,fetchdata,2015-2016,Engineering and Technology,1,1,1,1,Karnataka,1
1-2456104428,VIVEKANANDA COLLEGE OF ENGINEERING AND TECHNOLOGY,"NEHARU NAGARA
PUTTUR TALUK
DAKSHINA KANNADA
KARNATAKA
574203",DAKSHINA KANNADA,Unaided - Private,N,N,1-2145671,fetchdata,2015-2016,Engineering and Technology,1,1,1,1,Karnataka,1
1-2456031764,"HKDET'S POLYTECHNIC, HUMNABAD",VEERBHADRAGIRI SINDHANKERA CROSS,BIDAR,Unaided - Private,N,N,1-465963811,fetchdata,2015-2016,Engineering and Technology,1,1,1,1,Karnataka,1
1-2456065687,MANGALORE INSTITUTE OF TECHNOLOGY & ENGINEERING,"BADAGA MIJAR,
MOODBIDRI,
MANGALORE TQ-574225,
DK
KARNATAKA,INDIA",DAKSHINA KANNADA,Unaided - Private,N,N,1-9754810,fetchdata,2015-2016,Engineering and Technology,1,1,1,1,Karnataka,1
1-2456067486,S.D.M. COLLEGE OF ENGINEERING & TECHNOLOGY,"DHAVALAGIRI
KALGHATGI ROAD",DHARWAD,Unaided - Private,N,Y,1-9879281,fetchdata,2015-2016,Engineering and Technology,1,1,1,1,Karnataka,1
1-2456068447,SDMT POLYTECHNIC,"SDMT POLYTECHNIC,SY/NO-43,HOSALLI,PWD CAMP,RG ROAD,SINDHANUR-584128",RAICHUR,Unaided - Private,N,N,1-484161921,fetchdata,2015-2016,Engineering and Technology,1,1,1,1,Karnataka,1
1-2456105552,GOVERNMENT POLYTECHNIC,KIKKERI-CHANNARAYAPATNA ROAD,MANDYA,Government,N,N,1-487719961,fetchdata,2015-2016,Engineering and Technology,1,1,1,1,Karnataka,1
1-2456032235,JSS.K.H.KABBUR INSTITUTE OF ENGINEERING,"VIDYAGIRI, DHARWAD",DHARWAD,Govt aided,N,N,1-475384387,fetchdata,2015-2016,Engineering and Technology,1,1,1,1,Karnataka,1
1-2456034276,CENTRAL INSTITUTE OF PLASTICS ENGINEERING & TECHNOLOGY,"#437/A, HEBBAL INDL AREA, 
MYSORE - 570 016 
KARNATAKA",MYSORE,Government,N,N,1-445015014,fetchdata,2015-2016,Engineering and Technology,1,1,1,1,Karnataka,1
1-2456068795,DEPARTMENT OF STUDIES IN COMPUTER SCIENCE,"DEPARTMENT OF STUDIES IN COMPUTER SCIENCE,

MANASA GANGOTHRI, UNIVERSITY OF MYSORE, MYSORE

PIN 570006, KARANATAKA",MYSORE,Government,N,N,1-39089593,fetchdata,2015-2016,Engineering and Technology,1,1,1,1,Karnataka,1
1-2456068893,GOVERNMENT POLYTECHNIC,"NEAR MANIK PRABU TEMPLE
BIJANGERA ROAD
RAICHUR",RAICHUR,Government,N,N,1-494499738,fetchdata,2015-2016,Engineering and Technology,1,1,1,1,Karnataka,1
1-2456105777,KAMATH INSTITUTE OF TECHNOLOGY (POLYTECHNIC),"""SAPTAGIRI""
KOTESHWARA-HALADY MAIN ROAD
HOMBADY-MANDADY VILLAGE
KUNDAPURA TALUK",UDUPI,Unaided - Private,N,N,1-435592471,fetchdata,2015-2016,Engineering and Technology,1,1,1,1,Karnataka,1
1-2456106267,"GOVERNMENT POLYTECHNIC, NAGAMANGALA","GOVERNMENT POLYTECHNIC,
NAGAMANGALA,
NAGAMANGALA TALUK,
MANDYA DISTRICT,
KARNATAKA --571432",MANDYA,Government,N,N,1-501890611,fetchdata,2015-2016,Engineering and Technology,1,1,1,1,Karnataka,1
1-2456036021,S J C INSTITUTE OF TECHNOLOGY,"P B NO. 20, B B ROAD, CHICKBALLAPUR, CHICKBALLAPUR (DISTRICT)",CHIKABALLAPUR,Unaided - Private,N,N,1-10645161,fetchdata,2015-2016,Engineering and Technology,1,1,1,1,Karnataka,1
1-2456069402,"GOVERNMENT POLYTECHNIC, DEODURG","NAGARGUND ROAD,
DEODURG
DIST:RAICHUR
STATE: KARNATAKA",RAICHUR,Government,N,N,1-508415751,fetchdata,2015-2016,Engineering and Technology,1,1,1,1,Karnataka,1
1-2456106365,BALDWIN POLYTECHNIC,"#14,HOSUR ROAD",BANGALORE URBAN,Unaided - Private,N,Y,1-479984361,fetchdata,2015-2016,Engineering and Technology,1,1,1,1,Karnataka,1
1-2455659651,GOVERNMENT TOOL ROOM AND TRINING CENTRE-DANDELI,"PLOT.NO.:01 , KSSIDC INDUSTRIAL ESTATE , AMBEWADI AREA , DANDELI",UTTARA KANNADA,Government,N,N,1-482041911,fetchdata,2015-2016,Engineering and Technology,1,1,1,1,Karnataka,1
1-2456037090,"K.L.E SOCIETY'S POLYTECHNIC, MAHALINGPUR","PRINCIPAL
K.L.E POLYTECHNIC
AT: MAHALINGPUR
TQ:MUDHOL
DT:BAGALKOT
KARNATAK STATE",BAGALKOT,Unaided - Private,N,N,1-452952771,fetchdata,2015-2016,Engineering and Technology,1,1,1,1,Karnataka,1
1-2456038868,R.L.JALAPPA INSTITUTE OF TECHNOLOGY,"KODIGEHALLI, DODDABALLAPUR-561203, BANGALORE RURAL DIST, KARNATAKA STATE",BANGALORE RURAL,Unaided - Private,N,N,1-22204701,fetchdata,2015-2016,Engineering and Technology,1,1,1,1,Karnataka,1
1-2456073274,D.R.R.GOVT POLYTECHNIC,HADADI ROAD   NEAR RURAL POLICE STATION.,DAVANAGERE,Government,N,N,1-466462151,fetchdata,2015-2016,Engineering and Technology,1,1,1,1,Karnataka,1
1-2455982284,DR. AMBEDKAR INSTITUTE OF TECHNOLOGY,"OUTER RING ROAD,
NEAR JNANA BHARATHI CAMPUS,
MALLATHAHALLI,
BANGALORE-560056
KARNATAKA",BANGALORE URBAN,Govt aided,N,N,1-2739841,fetchdata,2015-2016,Engineering and Technology,1,1,1,1,Karnataka,1
1-2455984526,GOVT POLYTECHNIC FOR WOMEN HASSAN,HARSHA MAHAL ROAD  HASSAN,HASSAN,Government,Y,N,1-463685531,fetchdata,2015-2016,Engineering and Technology,1,1,1,1,Karnataka,1
1-2455984703,GOVERNMENT TOOL ROOM AND TRAINING CENTRE,RAJAJINAGAR INDUSTRIAL ESTATE,BANGALORE URBAN,Government,N,N,1-481620021,fetchdata,2015-2016,Engineering and Technology,1,1,1,1,Karnataka,1
1-2455984878,M.E.S.R.N.S.POLYTECHNIC SIRSI,"VIDYANAGAR
YELLAPUR ROAD 
SIRSI",UTTARA KANNADA,Govt aided,N,N,1-454002961,fetchdata,2015-2016,Engineering and Technology,1,1,1,1,Karnataka,1
1-2455985108,"K.C.T. POLYTECHNIC (AIDED), GULBARGA","KCT CAMPUS,
QAMARUL ISLAM COLONY,
GULBARGA
585104",GULBARGA,Govt aided,N,Y,1-449864091,fetchdata,2015-2016,Engineering and Technology,1,1,1,1,Karnataka,1
1-2455985407,GOVERNMENT FILM AND TELEVISION INSTITUTE,"HESARAGHATTA POST
BANGALORE",BANGALORE RURAL,Government,N,N,1-486107131,fetchdata,2015-2016,Engineering and Technology,1,1,1,1,Karnataka,1
1-2455985499,"GOVT. POLYTECHNIC, CHAMARAJANAGAR","GOVT. POLYTECHNIC
CHAMARAJANAGAR
CHAMARAJANAGAR DISTRICT
KARNATAKA",CHAMARAJNAGAR,Government,N,N,1-460699071,fetchdata,2015-2016,Engineering and Technology,1,1,1,1,Karnataka,1
1-2455985691,"HMS POLYTECHNIC (GOVT. AIDED),MINORITY","SHETTIHALLI MAIN ROAD,",TUMKUR,Govt aided,N,Y,1-441433571,fetchdata,2015-2016,Engineering and Technology,1,1,1,1,Karnataka,1
1-2455986001,SJM POLYTECHNIC,"GM CAMPUS,BINNAMANGALA,NELEMANGALA,NH4,BANGALORE",BANGALORE RURAL,Unaided - Private,N,N,1-820176031,fetchdata,2015-2016,Engineering and Technology,1,1,1,1,Karnataka,1
1-2455987813,K.V.T. POLYTECHNIC,"C.V.V CAMPUS,CHICKBALLAPUR.",CHIKABALLAPUR,Govt aided,N,N,1-444991431,fetchdata,2015-2016,Engineering and Technology,1,1,1,1,Karnataka,1
1-2481498001,"BASAVAKALYAN POLYTECHNIC COLLEGE, BASAVAKALYAN","N.H. 9
BASAVAKALYAN
DIST: BIDAR
STATE: KARNATAKA",BIDAR,Unaided - Private,N,N,,fetchdata,2015-2016,Engineering and Technology,1,1,1,1,Karnataka,1
1-2455988279,NIVEDITA POLYTECHNIC YADGIR,"NIVEDITA POLYTECHNIC YADGIR.
HYDERABAD ROAD
YADGIR-585202",YADGIR,Unaided - Private,N,N,1-424128281,fetchdata,2015-2016,Engineering and Technology,1,1,1,1,Karnataka,1
1-2455988414,GOVERNMENT POLYTECHNIC KUSHTAGI,"TENGUNTI ROAD,
KUSHTAGI",KOPPAL,Government,N,N,1-483073513,fetchdata,2015-2016,Engineering and Technology,1,1,1,1,Karnataka,1
1-2454572661,KEMPEGOWDA MEMORIAL POLYTECHNIC,"URDIGERE ROAD 
BELAGUMBA
TUMKUR
572104",TUMKUR,Unaided - Private,N,N,1-774444761,fetchdata,2015-2016,Engineering and Technology,1,1,1,1,Karnataka,1
1-2455989223,SRI RUDRAMUNI SWAMIJI RURAL POLYTECHNIC,"SY NO.28/1B, 28/2A, 28/3 (BOMMENAHALLI), KOTENAYAKANAHALLI",TUMKUR,Unaided - Private,N,N,1-803000081,fetchdata,2015-2016,Engineering and Technology,1,1,1,1,Karnataka,1
1-2454572930,JAWAHAR POLYTECHNIC YADGIR,"SY. NO. 383, DEGREE COLLEGE ROAD, YADGIR",YADGIR,Unaided - Private,N,N,1-814665831,fetchdata,2015-2016,Engineering and Technology,1,1,1,1,Karnataka,1
1-2454573062,BALAJI POLYTECHNIC,"BEHIND P&T QUARTERS ,OLD JEWARGI ROAD,GULBARGA.",GULBARGA,Unaided - Private,N,N,1-464900201,fetchdata,2015-2016,Engineering and Technology,1,1,1,1,Karnataka,1
1-2455989980,VIVEKANAND EDUCATION SOCIETY'S JAWAHARLAL NEHRU POLYTECHNIC (AIDED),"VILLAGE : THANAKUSHNOOR
TQ : AURAD (B)
DIST : BIDAR",BIDAR,Govt aided,N,N,1-473884201,fetchdata,2015-2016,Engineering and Technology,1,1,1,1,Karnataka,1
1-2455990194,S G REDDY POLYTECHNIC,"#111/1, SGR COLLEGE ROAD, MUNNEKOLLALA, MARATHAHALLI(PO), BANGALORE-37",BANGALORE URBAN,Unaided - Private,N,N,1-831518141,fetchdata,2015-2016,Engineering and Technology,1,1,1,1,Karnataka,1
1-2455990351,KOLAR JILLA TECHNICAL EDUCATION TRUST POLYTECHNIC(KJTET POLYTECHNIC),"NH-4 
NARASHIMHA THEERTHA
MULBAGAL",KOLAR,Unaided - Private,N,N,1-465928151,fetchdata,2015-2016,Engineering and Technology,1,1,1,1,Karnataka,1
1-2455990551,BHARATH POLYTECHNIC,"K.G.F MAIN ROAD
BANGARPET",KOLAR,Unaided - Private,N,N,1-475119771,fetchdata,2015-2016,Engineering and Technology,1,1,1,1,Karnataka,1
1-2454573362,"BILURU GURUBASAVA MAHASWAMIJI INISTITURE OF TECHNOLOGY, MUDHOL","MANTUR ROAD, MUDHOL",BAGALKOT,Unaided - Private,N,N,1-1530689271,fetchdata,2015-2016,Engineering and Technology,1,1,1,1,Karnataka,1
1-2455967818,MARGADARSHAN INSTITUTE OF ENGINEERING AND TECHNOLOGY POLYTECHNIC,ILKAL TO HERUR ROAD TONDIHAL,BAGALKOT,Unaided - Private,N,N,1-491392521,fetchdata,2015-2016,Engineering and Technology,1,1,1,1,Karnataka,1
1-2455990738,DACG GOVERNMENT POLYTECHNIC,"RATHNAGIRI ROAD,",CHIKMAGALUR,Government,N,N,1-504984543,fetchdata,2015-2016,Engineering and Technology,1,1,1,1,Karnataka,1
1-2455991116,BHUVAN POLYTECHNIC,"VENKATALA,            YELAHANKA
BANGALORE",BANGALORE URBAN,Unaided - Private,N,N,1-493932241,fetchdata,2015-2016,Engineering and Technology,1,1,1,1,Karnataka,1
1-2455991331,VIVEKANANDA POLYTECHNIC,NEHARU NAGAR,D KANNADA(DK),Unaided - Private,N,N,1-492650641,fetchdata,2015-2016,Engineering and Technology,1,1,1,1,Karnataka,1
1-2460838323,SIR M.VISVESVARAYA INSTITUTE OF TECHNOLOGY,"KRISHNADEVARAYANAGAR, 
HUNASAMARANAHALLI, 
VIA YELAHANKA
BANGALORE - 562 157",BANGALORE URBAN,Unaided - Private,N,N,1-5753860,fetchdata,2015-2016,Engineering and Technology,1,1,1,1,Karnataka,1
1-2455967967,M. N. TECHNICAL INSTITUTE,"M. N. TECHNICAL INSTITUTE, KAMMAGONDANAHALLI, ABBIGERE MAIN ROAD, BANGALORE-15.",BANGALORE URBAN,Unaided - Private,N,N,1-481405833,fetchdata,2015-2016,Engineering and Technology,1,1,1,1,Karnataka,1
1-2455991842,SMT SIDDAMMA SANGANNA METI POLYTECHNIC,"BANGALORE BYPASS ROAD,
LINGASUGUR",RAICHUR,Unaided - Private,N,N,1-506488121,fetchdata,2015-2016,Engineering and Technology,1,1,1,1,Karnataka,1
1-2455968919,GOVT TOOL ROOM & TRAINING  CENTRE- SHIVAMOGGA,"PLOT NO CA-38, NIDIGE INDUSTRIAL AREA, SHIVAMOGGA",SHIMOGA,Government,N,N,1-1524553524,fetchdata,2015-2016,Engineering and Technology,1,1,1,1,Karnataka,1
1-2455969043,RAMAKRISHNA POLYTECHNIC,"VENKATESHWARA EXTENTION, SRINIVASPUR TOWN, KOLAR(DT), KARANATAKA (STATE)",KOLAR,Unaided - Private,N,N,1-479325185,fetchdata,2015-2016,Engineering and Technology,1,1,1,1,Karnataka,1
1-2455969235,GOVT.TOOL ROOM & TRAINING CENTRE,"INDUSTRIAL AREA
HIREHALLI",TUMKUR,Government,N,N,1-487130861,fetchdata,2015-2016,Engineering and Technology,1,1,1,1,Karnataka,1
1-2455969353,GOVERNMENT POLYTECHNIC,"NH-4
KANTHARAJA CIRCLE
KOTHAMANGALA POST",KOLAR,Government,N,N,1-474934283,fetchdata,2015-2016,Engineering and Technology,1,1,1,1,Karnataka,1
1-2455971525,SHREE SHANMUKHA SHIVAYOGI RURAL POLYTECHNIC JEWARGI,"BIJAPUR ROAD, JEWARGI",GULBARGA,Unaided - Private,N,N,1-474141607,fetchdata,2015-2016,Engineering and Technology,1,1,1,1,Karnataka,1
1-2455971767,GTTC POLYTECHNIC,"GOVT.TOOL ROOM & TRAINING CENTRE
RAJAJINAGAR INDUSTRIAL ESTATE",BANGALORE URBAN,Government,Y,N,1-485591091,fetchdata,2015-2016,Engineering and Technology,1,1,1,1,Karnataka,1
1-2455971868,SHREE PADMARAJ VIDYAVARDAK SANSTHA SARANGAMATH,"AT POST: SINDAGI
TAQ : SINDAGI",BIJAPUR,Unaided - Private,N,N,1-475941291,fetchdata,2015-2016,Engineering and Technology,1,1,1,1,Karnataka,1
1-2455995436,TAGORE MEMORIAL POLYTECHNIC,"SHIVA GIRI 
BEHIND AKASHVANI 
MANTRALAYAM ROAD, 
RAICHUR",RAICHUR,Unaided - Private,N,N,1-498572993,fetchdata,2015-2016,Engineering and Technology,1,1,1,1,Karnataka,1
1-2455995554,SHRIDEVI POLYTECHNIC,"HONNENAHALLI, SIRA ROAD,
TUMKUR",TUMKUR,Unaided - Private,N,N,1-422725321,fetchdata,2015-2016,Engineering and Technology,1,1,1,1,Karnataka,1
1-2455972301,"GOVERNMENT POLYTECHNIC, KALGI","TQ: CHITTAPUR
DIST: GULBARGA",GULBARGA,Government,N,N,1-482728561,fetchdata,2015-2016,Engineering and Technology,1,1,1,1,Karnataka,1
1-2455972808,"GOVERNMENT POLYTECHNIC,HANGAL","PALA ROAD
TALUK:HANGAL
DISTRICT:HAVERI
STATE:KARNTAKA",HAVERI,Government,N,N,1-467272471,fetchdata,2015-2016,Engineering and Technology,1,1,1,1,Karnataka,1
1-2455996689,SAPTHAGIRI COLLEGE OF ENGINEERING,"#14/5, CHIKKASANDRA, 
HESARAGHATTA MAIN ROAD,
BANGALURU
KARNATAKA
PIN:560057",BANGALORE URBAN,Unaided - Private,N,N,1-3891235,fetchdata,2015-2016,Engineering and Technology,1,1,1,1,Karnataka,1
1-2455972984,M.E.I. POLYTECHNIC,"VATAL NAGARAJ ROAD, 4TH BLOCK RAJAJINAGAR, BANGALORE",BANGALORE URBAN,Govt aided,N,N,1-445024613,fetchdata,2015-2016,Engineering and Technology,1,1,1,1,Karnataka,1
1-2455973411,"S.F.S.SHIKSHAN SAMITI'S VISWESWARAIAH POLYTECHNIC,NARGUND","HUBLI-SHOLAPUR NATIONAL HIGHWAY, NARGUND",GADAG,Unaided - Private,N,N,1-1578967421,fetchdata,2015-2016,Engineering and Technology,1,1,1,1,Karnataka,1
1-2456001321,GOVERNMENT POLYTECHNIC BELLARY,"FORT, HOSPET ROAD",BELLARY,Government,N,N,1-475064381,fetchdata,2015-2016,Engineering and Technology,1,1,1,1,Karnataka,1
1-2455974693,R E S POLYTECHNIC,"#5, SUNKADAKATTE, MAGADI MAIN ROAD, HEGGENAHALLI CROSS",BANGALORE URBAN,Unaided - Private,N,N,1-464050921,fetchdata,2015-2016,Engineering and Technology,1,1,1,1,Karnataka,1
1-2455975102,INDHIRA SHIVA RAO POLYTECHNIC,KADIYALI,UDUPI,Unaided - Private,N,N,1-451863931,fetchdata,2015-2016,Engineering and Technology,1,1,1,1,Karnataka,1
1-2455977537,SHRI MADHWA VADIRAJA INSTITUTE OF TECHNOLOGY AND MANAGEMENT,"VISHWOTHAMA NAGAR,
BANTAKAL",UDUPI,Unaided - Private,N,N,1-6016011,fetchdata,2015-2016,Engineering and Technology,1,1,1,1,Karnataka,1
1-2455977988,MARATHA MANDAL POLYTECHNIC,"1007, SUBHASH NAGAR, MAL MARUTI EXTN.",BELGAUM,Govt aided,N,N,1-475123901,fetchdata,2015-2016,Engineering and Technology,1,1,1,1,Karnataka,1
1-2456001581,GOVERNMENT POLYTECHNIC,"NEAR MURUGARAJENDRA STADIUM,
BESIDES GOVT ARTS COLLEGE",CHITRADURGA,Government,N,N,1-463450161,fetchdata,2015-2016,Engineering and Technology,1,1,1,1,Karnataka,1
1-2456001703,SRI JAYACHAMARAJENDRA EDUCATIONAL  SOCIETY POLYTECHNIC,"OLD MADRAS ROAD, MEDAHALLI, VIRGONAGAR POST, BANGALORE-560049",BANGALORE URBAN,Unaided - Private,N,N,1-820395951,fetchdata,2015-2016,Engineering and Technology,1,1,1,1,Karnataka,1
1-2456001932,BTL POLYTECHNIC,"NO.259/B, BOMMASANDRA INDUSTRIAL AREA, HOSUR ROAD, BANGALORE-560099",BANGALORE URBAN,Unaided - Private,N,N,1-496387901,fetchdata,2015-2016,Engineering and Technology,1,1,1,1,Karnataka,1
1-2456002112,A.G.M RURAL COLLEGE OF ENGINEERING AND TECHNOLOGY,"NH-4, P.B. ROAD OPP VRL HEAD OFFICE VARUR.",DHARWAD,Unaided - Private,N,N,1-5209661,fetchdata,2015-2016,Engineering and Technology,1,1,1,1,Karnataka,1
1-2455978899,MALNAD COLLEGE OF ENGINEERING,"P.B. NO. 21, SALAGAME ROAD
HASSSAN",HASSAN,Govt aided,N,N,1-465501833,fetchdata,2015-2016,Engineering and Technology,1,1,1,1,Karnataka,1
1-2456003729,NITTE MEENAKSHI INSTITUTE OF TECHNOLOGY,"GOLLAHALLI, GOVINDAPURA,P.B NO 6429 
YELAHANKA, BANGALORE-560064",BANGALORE RURAL,Unaided - Private,N,Y,1-10233900,fetchdata,2015-2016,Engineering and Technology,1,1,1,1,Karnataka,1
1-2456006043,BHEEMANNA KHANDRE INSTITUTE OF TECHNOLOGY,"BHALKI-HUMNABAD ROAD,
BHALKI- 585328
DIST. BIDAR
KARNATAKA",BIDAR,Unaided - Private,N,N,1-1726621,fetchdata,2015-2016,Engineering and Technology,1,1,1,1,Karnataka,1
1-2455980857,T JOHN INSTITUTE OF TECHNOLOGY,"#86/1, KAMMANAHALLI,
GOTTIGERE,
BANNERUGATTA ROAD,
BANGALORE",BANGALORE URBAN,Unaided - Private,N,N,1-6251466,fetchdata,2015-2016,Engineering and Technology,1,1,1,1,Karnataka,1
1-2455981655,INTERNATIONAL INSTITUTE OF INFORMATION TECHNOLOGY BANGALORE,"26/C, ELECTRONICS CITY, PHASE 1, HOSUR ROAD, BANGALORE",BANGALORE URBAN,Deemed University(Government),N,N,1-1560964531,fetchdata,2015-2016,Engineering and Technology,1,1,1,1,Karnataka,1
1-2455981741,WESTHILL POLYTECHNIC,"ARALABARGURU,
BARGUR HAND POST,
DHANDIGANAHALLI HOBLI, CHANNARAYAPATNA, HASSAN",HASSAN,Unaided - Private,N,N,1-857114671,fetchdata,2015-2016,Engineering and Technology,1,1,1,1,Karnataka,1
1-2456006948,C.V.CHARANTIMATH RURAL POLYTECHNIC,"C.V.CHARANTIMATH RURAL POLYTECHNIC,        HUNGUND,
NH-13",BAGALKOT,Govt aided,N,N,1-437574571,fetchdata,2015-2016,Engineering and Technology,1,1,1,1,Karnataka,1
1-2455675151,RAO BAHADUR Y MAHABALESWARAPPA ENGINEERING COLLEGE,"FORMERLY VIJAYANAGAR ENGINEERING COLLEGE, CONTONMENT, BELLARY-583104 KARNATAKA",BELLARY,Unaided - Private,N,N,1-9605749,fetchdata,2015-2016,Engineering and Technology,1,1,1,1,Karnataka,1
1-2455981775,427-ANANDA MARGA POLYTECHNIC,"VIIRAPPA NAGAR, MYLANDAHALLI, KUDIYANUR POST, MALUR TALUK, KOLAR DISTRICT. PIN-563 130",KOLAR,Unaided - Private,N,N,1-475250471,fetchdata,2015-2016,Engineering and Technology,1,1,1,1,Karnataka,1
1-2455981950,519 HIGHTECH POLYTECHNIC,GAURIBIDANUR,CHIKABALLAPUR,Unaided - Private,N,N,1-851545034,fetchdata,2015-2016,Engineering and Technology,1,1,1,1,Karnataka,1
1-2455982135,SCHOOL OF MINES,"SCHOOL OF MINES,
COROMANDEL - POST",KOLAR,Government,N,N,1-487178951,fetchdata,2015-2016,Engineering and Technology,1,1,1,1,Karnataka,1
1-2493739771,EAST WEST COLLEGE OF ENGINEERING,"NO.13 SECTOR ""A"", YELAHANKA NEW TOWN,YELAHANKA, BANGALORE-560064",BANGALORE URBAN,Unaided - Private,N,N,,fetchdata,2015-2016,Engineering and Technology,1,1,1,1,Karnataka,1
1-2460550610,"RURAL POLYTECHNIC, HAUNSBHAVI","MAIN ROAD,
HAUNSBHAVI",HAVERI,Govt aided,N,N,1-464135081,fetchdata,2015-2016,Engineering and Technology,1,1,1,1,Karnataka,1
