institute_id,institute_name,address,district,institution_type,women_only,minority,parent_id,method,year,program,level,institutiontype,Women,Minority,state,course
1-2882331831,JANTA COLLEGE OF POLYTECHNIC,"NOORPUR, POST KHAS, TEHSIL- CHANDPUR, DISTT- BIJNOR",BIJNOR,Unaided - Private,N,Y,,fetchdata,2017-2018,Engineering and Technology,1,1,1,1,Uttar Pradesh,1
1-3371050371,VIVEKANANDA COLLEGE OF POLYTECHNIC,MATHURA BYPASS NEAR KHAIR ROAD 500 MTRS FROM NADA PUL,ALIGARH,Unaided - Private,N,N,,fetchdata,2017-2018,Engineering and Technology,1,1,1,1,Uttar Pradesh,1
1-3324356495,KASHI INSTITUTE OF TECHNOLOGY,"MS 23, VARANASI ALLAHABAD HIGHWAY, MIRZAMURAD, VARANASI",VARANASI,Unaided - Private,N,N,1-7853771,fetchdata,2017-2018,Engineering and Technology,1,1,1,1,Uttar Pradesh,1
1-3324260374,"BIRLA INSTITUTE OF TECHNOLOGY, MESRA, EXTENSION CENTER NOIDA","A-7, SECTOR-1",GAUTHAM BUDDHA NAGAR,University Managed-Private,N,N,1-757981154,fetchdata,2017-2018,Engineering and Technology,1,1,1,1,Uttar Pradesh,1
1-3324326401,MAHATMA JYOTIBA PHULE GOVERNMENT POLYTECHNIC KAUSHAMBI,"VILL-TEWAN
MANJHANPUR",KAUSHAMBI,Government,N,N,1-513929261,fetchdata,2017-2018,Engineering and Technology,1,1,1,1,Uttar Pradesh,1
1-3324381013,K.N.G.D. MODI ENGINEERING COLLEGE,"HAPUR ROAD, 
OPPOSITE MODIPON LTD.
MODINAGAR - 201 204",GHAZIABAD,Unaided - Private,N,N,1-12356524,fetchdata,2017-2018,Engineering and Technology,1,1,1,1,Uttar Pradesh,1
1-3324393073,"P.M.V. POLYTECHNIC, MATHURA","MATHURA-VRINDAVAN ROAD, NEAR BIRLA TEMPLE, MATHURA",MATHURA,Govt aided,N,N,1-536946181,fetchdata,2017-2018,Engineering and Technology,1,1,1,1,Uttar Pradesh,1
1-3324260754,"CHHATRAPATI SAHUJI MAHARAJ GOVERNMENT POYTECHNIC, BALRAMPUR (RUNNING AT GOVT POLT. GONDA)","CHHATRAPATI SAHUJI MAHARAJ GOVERNMENT POLYTECHNIC, SURAHIYA DEWER POST - MAHUWA DHANI BALRAMPUR",BALRAMPUR,Government,N,N,1-486282911,fetchdata,2017-2018,Engineering and Technology,1,1,1,1,Uttar Pradesh,1
1-3324260861,MAHAVEER INSTITUTE OF TECHNOLOGY,"VILL. SARFUDDEENPUR ABUSA, POST SARAY INYAYAT, TEHSIL FULPUR",ALLAHABAD,Unaided - Private,N,N,1-518894391,fetchdata,2017-2018,Engineering and Technology,1,1,1,1,Uttar Pradesh,1
1-3324305775,SKY INSTITUTE OF MANAGEMENT AND TECHNOLOGY,"LADAMDA, BICHPURI, AGRA",MATHURA,Unaided - Private,N,N,1-2055162081,fetchdata,2017-2018,Engineering and Technology,1,1,1,1,Uttar Pradesh,1
1-3324306947,M.S.D.POLYTECHNIC COLLEGE,"BALPUR, KHARAILA, SARAIPALTU",AZAMGARH,Unaided - Private,N,N,1-513542071,fetchdata,2017-2018,Engineering and Technology,1,1,1,1,Uttar Pradesh,1
1-3324363266,"GOVERNEMT POLYTECHNIC, FATEHPUR","NAUWA BAGH, G.T. ROAD",FATEHPUR,Government,N,N,1-462557131,fetchdata,2017-2018,Engineering and Technology,1,1,1,1,Uttar Pradesh,1
1-3324381631,TRIRUPATI COLLEGE OF ENGINEERING,"VILLAGE-BENDOWA BLOCK MOHANLALGANJ, RAEBARELI RAOD, LUCKNOW",LUCKNOW,Unaided - Private,N,N,1-798862511,fetchdata,2017-2018,Engineering and Technology,1,1,1,1,Uttar Pradesh,1
1-3324396045,DRONACHARYA GROUP OF INSTITUTIONS,"B-27, KNOWLEDGE PARK-III, GREATER NOIDA-201308",GAUTAM BUDDHA NAGAR,Unaided - Private,N,N,1-2193161,fetchdata,2017-2018,Engineering and Technology,1,1,1,1,Uttar Pradesh,1
1-3324262140,DEVO MAHESH COLLEGE OF ENGINEERING & TECHNOLOGY,"SUKRIT (VARANASI TO SHAKTINAGAR G.T. ROAD) ROBARTSGANJ, SONBHADRA, UTTAR PRADESH (INDIA)",SONBHADRA,Unaided - Private,N,N,1-2071025701,fetchdata,2017-2018,Engineering and Technology,1,1,1,1,Uttar Pradesh,1
1-3324307247,JAHANGIRABAD EDUCATIONAL TRUST GROUP OF INSTITUTIONS,"JAHANGIRABAD FORT, JAHANGIRABAD,BARABANKI,UP-225203",BARABANKI,Unaided - Private,N,Y,1-8718336,fetchdata,2017-2018,Engineering and Technology,1,1,1,1,Uttar Pradesh,1
1-3324309064,VIVEKANAND INSTITUTE OF TECHNOLOGY & SCIENCE,"33-34 KM. MILE STONE, N.H. - 24, DELHI - HAPUR BY PASS, JINDAL NAGAR, GHAZIABAD",GHAZIABAD,Unaided - Private,N,N,1-15868911,fetchdata,2017-2018,Engineering and Technology,1,1,1,1,Uttar Pradesh,1
1-3324326616,SIR CHHOTU RAM INSTITUTE OF ENGINEERING & TECHNOLOGY CCS UNIVERSITY MEERUT,CCS UNIVERSITY CAMPUS MEERUT,MEERUT,Government,N,N,1-479808442,fetchdata,2017-2018,Engineering and Technology,1,1,1,1,Uttar Pradesh,1
1-3324363653,JINDAL INSTITUTE OF POLYTECHNIC," NH 58 ,NEAR KHAR KHODA MOD MOHIUDDINPUR DELHI ROAD MEERUT",MEERUT,Unaided - Private,N,N,1-478259131,fetchdata,2017-2018,Engineering and Technology,1,1,1,1,Uttar Pradesh,1
1-3324398462,VEDANT INSTITUTE OF MANAGEMENT AND TECHNOLOGY,"SIYANA ROAD, GARHMUKTESHWAR
DISTRICT GHAZIABAD
(U.P)",GHAZIABAD,Unaided - Private,N,N,1-14290541,fetchdata,2017-2018,Engineering and Technology,1,1,1,1,Uttar Pradesh,1
1-3324262655,GOVERNMENT POLYTECHNIC BUDAUN,BISAULI ROAD,BUDAUN,Government,N,N,1-475420653,fetchdata,2017-2018,Engineering and Technology,1,1,1,1,Uttar Pradesh,1
1-3324262834,SANJAY INSTITUTE OF TECHNOLOGY &  MANAGEMENT,"21ST MILE STONE, MATHURA-DELHI ROAD, NH#2, P.O.-CHAUMUHAN, TEHSIL-CHHATA",MATHURA,Unaided - Private,N,N,1-786007711,fetchdata,2017-2018,Engineering and Technology,1,1,1,1,Uttar Pradesh,1
1-3324264130,"UNITED COLLEGE OF ENGINEERING & RESEARCH, GREATER NOIDA","50, KNOWLEDGE PARK III,
GREATER NOIDA",GAUTAM BUDDHA NAGAR,Unaided - Private,N,N,1-6286037,fetchdata,2017-2018,Engineering and Technology,1,1,1,1,Uttar Pradesh,1
1-3324329272,"GOVERNMENT POLYTECHNIC, FARRUKHABAD","BEWAR ROAD, BHOLEPUR",FARRUKHABAD,Government,N,N,1-478892761,fetchdata,2017-2018,Engineering and Technology,1,1,1,1,Uttar Pradesh,1
1-3324343007,D.E.I. TECHNICAL COLLEGE,"DAYALBAGH EDUCATIONAL INSTITUTE (DEEMED) UNIVERSITY, DAYALBAGH, AGRA 282005",AGRA,Govt aided,N,N,1-496299171,fetchdata,2017-2018,Engineering and Technology,1,1,1,1,Uttar Pradesh,1
1-3324345534,HARDAYAL TECHNICAL CAMPUS,"24 MILES STONE, AGRA DELHI NATIONAL HIGHWAY (NH2), FARAH, MATHURA",MATHURA,Unaided - Private,N,N,1-480895001,fetchdata,2017-2018,Engineering and Technology,1,1,1,1,Uttar Pradesh,1
1-3324346995,GOVT. GIRLS POLYTECHNIC,LUCKNOW,LUCKNOW,Government,Y,N,1-480272543,fetchdata,2017-2018,Engineering and Technology,1,1,1,1,Uttar Pradesh,1
1-3324367178,P.K.INSTITUTE OF TECHNOLOGY & MANAGEMENT,"ALIGARH ROAD, BIRHANA, RAYA, MATHURA (U.P)",MATHURA,Unaided - Private,N,N,1-6946521,fetchdata,2017-2018,Engineering and Technology,1,1,1,1,Uttar Pradesh,1
1-3324399930,NIKHIL INSTITUTE OF ENGINEERING & MANAGEMENT,"HATHAWALI ROAD, NH-2,  NEAR MAHAWAN TOLL POST, FARAH, MATHURA",MATHURA,Unaided - Private,N,N,1-7465441,fetchdata,2017-2018,Engineering and Technology,1,1,1,1,Uttar Pradesh,1
1-3324269421,SHRI TRIDANDIDEO HANUMAT TECHNICAL COLLEGE,"BISUPUR, KHANDWARI, CHANDAULI",CHANDAULI,Unaided - Private,N,N,1-2196718161,fetchdata,2017-2018,Engineering and Technology,1,1,1,1,Uttar Pradesh,1
1-3324312581,GOVT. GIRLS POLYTECHNIC BAREILLY,"C.B. GANJ, RAMPUR ROAD, N.H. 24, BAREILLY U.P.",BAREILLY,Government,Y,N,1-465665481,fetchdata,2017-2018,Engineering and Technology,1,1,1,1,Uttar Pradesh,1
1-3324331063,"DOON COLLEGE OF ENGINEERING AND TECHNOLOGY, SUNDERPUR, SAHARANPUR","V.P.O. SUNDERPUR
NH-72A DEHLI DEHRADUN ROAD
DISTT  SAHARANPUR (UP)",SAHARANPUR,Unaided - Private,N,N,1-22172981,fetchdata,2017-2018,Engineering and Technology,1,1,1,1,Uttar Pradesh,1
1-3324345066,JASWANT SINGH BHADAURIA INSTITUTE OF TECHNOLOGY,VILL + POST KOSI KHURD BHARATPUR ROAD MATHURA,MATHURA,Unaided - Private,N,N,1-458433155,fetchdata,2017-2018,Engineering and Technology,1,1,1,1,Uttar Pradesh,1
1-3324367801,UNITED COLLEGE OF ENGINEERING & RESEARCH,"UPSIDC INDUSTRIAL AREA, NAINI,
ALLAHABAD",ALLAHABAD,Unaided - Private,N,N,1-6281266,fetchdata,2017-2018,Engineering and Technology,1,1,1,1,Uttar Pradesh,1
1-3324384681,JP INSTITUTE OF ENGINEERING & TECHNILOGY,"SALARPUR, JALALPUR
MAWANA ROAD, MEERUT
PIN-250001",MEERUT,Unaided - Private,N,N,1-4824676,fetchdata,2017-2018,Engineering and Technology,1,1,1,1,Uttar Pradesh,1
1-3324272147,HINDUSTASN COLLEGE OF SCIENCE & TECHNOLOGY,"NH#2, AGRA DELHI HIGHWAY,  
FARAH, MATHURA",MATHURA,Unaided - Private,N,N,1-9291946,fetchdata,2017-2018,Engineering and Technology,1,1,1,1,Uttar Pradesh,1
1-3324273534,STALLION COLLEGE FOR ENGINEERING & TECHNOLOGY,"MEERPUR, POST-SHERPUR KHANAJADPUR, BLOCK-MUZAFFARABAD, TEHSIL-BEHAT",SAHARANPUR,Unaided - Private,N,N,1-479356451,fetchdata,2017-2018,Engineering and Technology,1,1,1,1,Uttar Pradesh,1
1-3324331449,MEERUT INSTITUTE OF TECHNOLOGY,"NH-58, BARAL PARTAPUR, BYPASS ROAD, MEERUT-250103 (U.P.)",MEERUT,Unaided - Private,N,N,1-6588351,fetchdata,2017-2018,Engineering and Technology,1,1,1,1,Uttar Pradesh,1
1-3324347891,GOVERNMENT POLYTECHNIC LAKHIMPUR-KHERI,AIRA ROAD,LAKHIMPUR-KHERI,Government,N,N,1-514006201,fetchdata,2017-2018,Engineering and Technology,1,1,1,1,Uttar Pradesh,1
1-3324371793,VIKAS INSTITUTE OF ENGINEERING AND TECHNOLOGY,"VIL-JUNGLE EKLA NO-2
HATHWA TOLA
PO- GULARIHA",GORAKHPUR,Unaided - Private,N,N,1-728926571,fetchdata,2017-2018,Engineering and Technology,1,1,1,1,Uttar Pradesh,1
1-3324386789,SHRI JEET RAM SMARAK INSTITUTE OF POLYTECHNIC,"VILLAGE KHATA, P.O BHANDSAR,",BAREILLY,Unaided - Private,N,N,1-720645801,fetchdata,2017-2018,Engineering and Technology,1,1,1,1,Uttar Pradesh,1
1-3324400899,"CENTRE FOR DEVELOPMENT OF ADVANCED COMPUTING, NOIDA","ANUSANDHAN BHAWAN, C-56/1 & B-30, INSTITUTIONAL AREA, SECTOR-62, NOIDA",GAUTAM BUDDHA NAGAR,Government,N,N,1-21699611,fetchdata,2017-2018,Engineering and Technology,1,1,1,1,Uttar Pradesh,1
1-3324273876,GOVERNMENT POLYTECHNIC,TIKHAMPUR BALLIA,BALLIA,Government,Y,N,1-493882871,fetchdata,2017-2018,Engineering and Technology,1,1,1,1,Uttar Pradesh,1
1-3324275007,SHRI SAHDEV PAUDHARIYA POLYTECHNIC COLLEGE,"VILLAGE MANDA BAHAR KHADSARA, POST- RASRA, TEHSIL- RASRA",BALLIA,Unaided - Private,N,N,1-2074028681,fetchdata,2017-2018,Engineering and Technology,1,1,1,1,Uttar Pradesh,1
1-3324275163,VISION INSTITUTE OF TECHNOLOGY,"SHAHPUR, MADROK
ALIGARH-AGRA HIGHWAY
ALIGARH",ALIGARH,Unaided - Private,N,N,1-2123071,fetchdata,2017-2018,Engineering and Technology,1,1,1,1,Uttar Pradesh,1
1-3324275568,RAM SINGH COLLEGE OF ENGG.&TECHNOLOGY,"NAGLA SIKANDAR
TUNDLA,ETAH ROAD 
FIROZABAD",FIROZABAD,Unaided - Private,N,N,1-476171123,fetchdata,2017-2018,Engineering and Technology,1,1,1,1,Uttar Pradesh,1
1-3324312765,GYAN BHARTI INSTITUTE OF TECHNOLOGY,"GYAN NAGAR,
OPP. ANSAL SUSHANT CITY,
NH-58, PARTAPUR BY-PASS ROAD,
MEERUT-250002",MEERUT,Unaided - Private,N,N,1-2893381,fetchdata,2017-2018,Engineering and Technology,1,1,1,1,Uttar Pradesh,1
1-3324350561,ACN COLLEGE OF POLYTECHNIC,"ACN CITY, CHHERAT,  KASIMPUR POWER HOUSE ROAD, ALIGARH",ALIGARH,Unaided - Private,N,Y,1-728998271,fetchdata,2017-2018,Engineering and Technology,1,1,1,1,Uttar Pradesh,1
1-3324372977,BHASHKAR POLYTECHNIC COLLEGE,"SHAMLI ROAD

KAIRANA

(SHAMLI)",MUZAFFARNAGAR,Unaided - Private,N,N,1-1465664891,fetchdata,2017-2018,Engineering and Technology,1,1,1,1,Uttar Pradesh,1
1-3324277962,NOIDA INSTITUTE OF ENGINEERING & TECHNOLOGY,"19, KNOWLEDGE PARK-II,
INSTITUTIONAL AREA,
GREATER NOIDA-201306",GAUTAM BUDDHA NAGAR,Unaided - Private,N,N,1-4193641,fetchdata,2017-2018,Engineering and Technology,1,1,1,1,Uttar Pradesh,1
1-3324281441,KAMAL INSTITUTE OF TECHNOLOGY,"PITAMPUR, NH-2, KANPUR DEHAT",RAMABAI NAGAR (KANPUR DEHAT),Unaided - Private,N,N,1-1475895021,fetchdata,2017-2018,Engineering and Technology,1,1,1,1,Uttar Pradesh,1
1-3324387939,LAKSHYA TECHNICAL CAMPUS,POWAYAN ROAD,SHAHJAHANPUR,Unaided - Private,N,N,1-510146471,fetchdata,2017-2018,Engineering and Technology,1,1,1,1,Uttar Pradesh,1
1-3324388202,DSR COLLEGE OF POLYTECHNIC,"233 PAPARANANAKAR PIPARA NANAKAR , BAHERI BAREILLY - 243205 UP",BAREILLY,Unaided - Private,N,N,1-478241871,fetchdata,2017-2018,Engineering and Technology,1,1,1,1,Uttar Pradesh,1
1-3324402470,UMRAO  TECHNOLOGICAL  INSTITUTE,"GRAM & POST -ALAMPUR
TEHSIL-BINDKI",FATEHPUR,Unaided - Private,N,N,1-464969221,fetchdata,2017-2018,Engineering and Technology,1,1,1,1,Uttar Pradesh,1
1-3324281603,SWAMI SAHAJANAND POLYTECHNIC,"VILLAGE & POST - PATWADH KAUTUK, BLOCK BILARIYAGANJ, TEHSIL SAGRI, AZAMGARH",AZAMGARH,Unaided - Private,N,N,1-450312581,fetchdata,2017-2018,Engineering and Technology,1,1,1,1,Uttar Pradesh,1
1-3324285051,"M.G.POLYTECHNIC, HATHRAS",AGRA ALIGARH ROAD HATHRAS,MAHAMAYA NAGAR,Govt aided,N,N,1-522663081,fetchdata,2017-2018,Engineering and Technology,1,1,1,1,Uttar Pradesh,1
1-3324318136,M.G. POLYTECHNIC,"VILL.-HABIBPUR, PARGANA-JHUNSI, TEHSIL-PHOOLPUR DISTT.-ALLAHABAD",ALLAHABAD,Unaided - Private,N,N,1-2068620641,fetchdata,2017-2018,Engineering and Technology,1,1,1,1,Uttar Pradesh,1
1-3324373455,GOEL INSTITUTE OF TECHNOLOGY & MANAGEMENT,"NEAR INDIRA CANAL, FAIZABAD ROAD, LUCKNOW-227105",LUCKNOW,Unaided - Private,N,N,1-5729824,fetchdata,2017-2018,Engineering and Technology,1,1,1,1,Uttar Pradesh,1
1-3324404907,NEELKANTH COLLEGE OF ENGINEERING,"NH-58, NEAR SVBP AGRICULTURE UNIVERSITY, MODIPURAM, MEERUT",MEERUT,Unaided - Private,N,N,1-462197695,fetchdata,2017-2018,Engineering and Technology,1,1,1,1,Uttar Pradesh,1
1-3324285763,SETH GANGA SAGAR JATIA POLYTECHNIC,G.T.ROAD,BULANDSHAHAR,Government,N,N,1-495959991,fetchdata,2017-2018,Engineering and Technology,1,1,1,1,Uttar Pradesh,1
1-3324287913,SURESH DEEP POLYTECHNIC,"NH-24 DELHI- HAPUR ROAD, GHAZIABAD",GHAZIABAD,Unaided - Private,N,N,1-2081614431,fetchdata,2017-2018,Engineering and Technology,1,1,1,1,Uttar Pradesh,1
1-3324288116,RADHA KRISHAN POLYTECHNIC COLLEGE,"SHUKLA KI PULIYA, HARIDWAR ROAD, DIST-MORADABAD",MORADABAD,Unaided - Private,N,N,1-2194221261,fetchdata,2017-2018,Engineering and Technology,1,1,1,1,Uttar Pradesh,1
1-3324318348,SAGAR INSTITUTE OF TECHNOLOGY & MANAGEMENT,"6TH KM STONE, FAIZABAD ROAD, BARABANKI.",BARABANKI,Unaided - Private,N,N,1-6264633,fetchdata,2017-2018,Engineering and Technology,1,1,1,1,Uttar Pradesh,1
1-3324375325,"SHRIRAM INSTITUTE OF TECHNOLOGY , MEERUT","NH-58 ,DELHI-ROORKEE BY PASS ROAD 
NEAR SARDHANA CROSSING,JATTOLI,MEERUT- 250001",MEERUT,Unaided - Private,N,N,1-6564101,fetchdata,2017-2018,Engineering and Technology,1,1,1,1,Uttar Pradesh,1
1-3324288237,SHIVALIK INSTITUTE OF MANAGEMENT AND TECHNOLOGY,"VILL-SARAGTHAL MUSTAKAM, P.O- SADHOLI HARIYA,",SAHARANPUR,Unaided - Private,N,N,1-2046377471,fetchdata,2017-2018,Engineering and Technology,1,1,1,1,Uttar Pradesh,1
1-3324288394,SMT.FULEHRA SMARAK COLLEGE OF POLYTECHNIC,"KAMTAILLA, RASRA, BALLIA (U.P.)",BALLIA,Unaided - Private,N,N,1-2201117141,fetchdata,2017-2018,Engineering and Technology,1,1,1,1,Uttar Pradesh,1
1-3324288575,K.L. POLYTECHNIC,"BHARAURA
MALHANI
PO:MALHANI BAZAR",JAUNPUR,Unaided - Private,N,N,1-498207103,fetchdata,2017-2018,Engineering and Technology,1,1,1,1,Uttar Pradesh,1
1-3324320541,GOVERNMENT POLYTECHNIC RAMPUR,"NEAR GOVT. PRESS  DISTT. RAMPUR  (U.P.)
244901",RAMPUR,Government,N,N,1-497457901,fetchdata,2017-2018,Engineering and Technology,1,1,1,1,Uttar Pradesh,1
1-3324337068,DEVENDER SINGH INSTITUTE OF TECHNOLOGY AND MANAGEMENT,"05 KM STONE, NH-58 OPP. ITC, DELHI-MEERUT ROAD, GHAZIABAD",GHAZIABAD,Unaided - Private,N,N,1-8172099,fetchdata,2017-2018,Engineering and Technology,1,1,1,1,Uttar Pradesh,1
1-3324405850,STALLION COLLEGE FOR ENGINEERING AND TECHNOLOGY,"RASOOLPUR-MEERPUR, TEHSIL-BEHAT",SAHARANPUR,Unaided - Private,N,N,1-5571961,fetchdata,2017-2018,Engineering and Technology,1,1,1,1,Uttar Pradesh,1
1-3324255151,LUCKNOW POLYTECHNIC LUCKNOW," KANPUR ROAD,KRISHNA NAGAR",LUCKNOW,Govt aided,N,N,1-478354121,fetchdata,2017-2018,Engineering and Technology,1,1,1,1,Uttar Pradesh,1
1-3324255389,SMT.RAM DULARI COLLEGE OF TECHNOLOGY & MANAGEMENT,"7,N.R.GARDEN ,OLE,MATHURA",MATHURA,Unaided - Private,N,N,1-502651481,fetchdata,2017-2018,Engineering and Technology,1,1,1,1,Uttar Pradesh,1
1-3324288727,"INSTITUTE OF TECHNOLOGY &MANAGEMENT,LUCKNOW","N.H.-24,MAMPUR BANA,BAKSHI KA TALAB,SITAPUR ROAD,LUCKNOW",LUCKNOW,Unaided - Private,N,N,1-4199791,fetchdata,2017-2018,Engineering and Technology,1,1,1,1,Uttar Pradesh,1
1-3324324219,GOVERNMENT POLYTECHNIC MORADABAD,"KANTH ROAD, OPPOSITE VIVEKANAND HOSPITAL , MORADABAD",MORADABAD,Government,N,N,1-479242731,fetchdata,2017-2018,Engineering and Technology,1,1,1,1,Uttar Pradesh,1
1-3324351723,MODINAGAR INSTITUTE OF TECHNOLOGY,"3RD KM. MILESTONE, NIWARI ROAD, MODINAGAR
GHAZIABAD",GHAZIABAD,Unaided - Private,N,N,1-21349201,fetchdata,2017-2018,Engineering and Technology,1,1,1,1,Uttar Pradesh,1
1-3324377231,BANSAL INSTITUTE OF ENGINEERING AND TECNOLOGY,"NH-24, BEHIND SEWA HOSPITAL,
SITAPUR ROAD,
LUCKNOW",LUCKNOW,Unaided - Private,N,N,1-6848541,fetchdata,2017-2018,Engineering and Technology,1,1,1,1,Uttar Pradesh,1
1-3324388614,DAYALBAGH EDUCATIONAL INSTITUTE,"DAYALBAGH, AGRA - 282110, UTTAR PRADESH, INDIA.",AGRA,Govt aided,N,N,1-482451854,fetchdata,2017-2018,Engineering and Technology,1,1,1,1,Uttar Pradesh,1
1-3324408414,I.T.S ENGINEERING COLLEGE,"PLOT NO 46, KNOWLEDGE PARK-III,",GAUTHAM BUDDHA NAGAR,Unaided - Private,N,N,1-3548911,fetchdata,2017-2018,Engineering and Technology,1,1,1,1,Uttar Pradesh,1
1-3324290431,MORADABAD POLYTECHNIC INSTITUTE,SAMBHAL ROAD          RUSTAM SARAI,MORADABAD,Unaided - Private,N,Y,1-479191791,fetchdata,2017-2018,Engineering and Technology,1,1,1,1,Uttar Pradesh,1
1-3324290621,GOVERNMENT POLYTECHNIC SHAHJAHANPUR,"VILL-LALPUR
BLOCK-DADROUL
JALALABAD ROAD",SHAHJAHANPUR,Government,N,N,1-475129943,fetchdata,2017-2018,Engineering and Technology,1,1,1,1,Uttar Pradesh,1
1-3324324563,GOVT. POLYTECHNIC BASTI,BANSI ROAD HATHIAGARH BASTI,BASTI,Government,N,N,1-480562801,fetchdata,2017-2018,Engineering and Technology,1,1,1,1,Uttar Pradesh,1
1-3324337723,HMFA MEMORIAL INSTITUTE OF ENGG & TECH.,"KARARI BHADAILY, HANDIA, ALLAHABAD",ALLAHABAD,Unaided - Private,N,N,1-5325021,fetchdata,2017-2018,Engineering and Technology,1,1,1,1,Uttar Pradesh,1
1-3324354363,MAHARANA PRATAP POLYTECHNIC GORAKHPUR,SUNAULI ROAD GORAKHNATH,GORAKHPUR,Govt aided,N,N,1-487322491,fetchdata,2017-2018,Engineering and Technology,1,1,1,1,Uttar Pradesh,1
1-3324255863,GOVERNMENT POLYTECHNIC BANDA,"CHILLA ROAD 
 NEAR KATAI MILL",BANDA,Government,N,N,1-524341001,fetchdata,2017-2018,Engineering and Technology,1,1,1,1,Uttar Pradesh,1
1-3324257656,GOVERNMENT GIRLS  POLYTECHNIC MEJA,"MEJA KHAS,
ALLAHABAD",ALLAHABAD,Government,Y,N,1-511759291,fetchdata,2017-2018,Engineering and Technology,1,1,1,1,Uttar Pradesh,1
1-3324293774,RAJIV MEMORIAL INSTITUTE OF EDUCATION &  TECHNOLOGY,BHARDWAJ FARM HOUSE,SAHARANPUR,Unaided - Private,N,N,1-475579843,fetchdata,2017-2018,Engineering and Technology,1,1,1,1,Uttar Pradesh,1
1-3324295213,DELHI TECHNICAL CAMPUS,"28/1, KNOWLEDGE PARK III, GREATER NOIDA, UTTAR PRADESH",GAUTAM BUDDHA NAGAR,Unaided - Private,N,N,1-2216569401,fetchdata,2017-2018,Engineering and Technology,1,1,1,1,Uttar Pradesh,1
1-3324339485,SETH JAIPRAKASH MUKANDLAL POLYTECHNIC,"SUSHILA COLLEGE CAMPUS, DAYANAND NAGAR",GHAZIABAD,Unaided - Private,Y,N,1-437195903,fetchdata,2017-2018,Engineering and Technology,1,1,1,1,Uttar Pradesh,1
1-3324354821,SWAMI VIVEKANAND POLYTECHNIC,"VILLAGE-MANDUWALA,POST-KHUJNAWAR, P.S.-FATEHPUR, TEHSIL-BEHAT, DISTT. SAHARANPUR",SAHARANPUR,Unaided - Private,N,N,1-510969201,fetchdata,2017-2018,Engineering and Technology,1,1,1,1,Uttar Pradesh,1
1-3324390527,VIDYA BHAVAN COLLEGE FOR ENGINEERING TECHNOLOGY,"RAUTAPUR, CHAUBEYPUR, KANPUR - 209203",KANPUR NAGAR,Unaided - Private,N,N,1-17481561,fetchdata,2017-2018,Engineering and Technology,1,1,1,1,Uttar Pradesh,1
1-3324257838,INSTITUTE OF ENGINEERING & TECHNOLOGY,"DR. RAM MANOHAR LOHIA AVADH UNIVERSITY,
FAIZABAD
UTTAR PRADESH 224001",FAIZABAD,University Managed-Govt,N,N,1-35241531,fetchdata,2017-2018,Engineering and Technology,1,1,1,1,Uttar Pradesh,1
1-3324260078,GOVERNMENT POLYTECHNIC BIJNOR UP,"GOVERNMENT POLYTECHNIC
MEERUT ROAD, BIJNOR, UP",BIJNOR,Government,N,N,1-457237741,fetchdata,2017-2018,Engineering and Technology,1,1,1,1,Uttar Pradesh,1
1-3324299088,KASHI NATH INSTITUTE OF TECHNOLOGY,"VILLAGE- SANAND NAGAR, POST- BANKI KHURD, GHAZIPUR",GHAZIPUR,Unaided - Private,N,N,1-450196631,fetchdata,2017-2018,Engineering and Technology,1,1,1,1,Uttar Pradesh,1
1-3324299471,G.L. BAJAJ INSTITUTE OF TECHNOLOGY AND MANAGEMENT,"PLOT NO :2,KNOWLEDGE PARK - III",GAUTAM BUDDHA NAGAR,Unaided - Private,N,N,1-4863336,fetchdata,2017-2018,Engineering and Technology,1,1,1,1,Uttar Pradesh,1
1-3324303275,"COLLEGE OF ENGG. & RURAL TECHNOLOGY ,MEERUT","BY PASS ROAD, PARTAPUR, MEERUT",MEERUT,Unaided - Private,N,N,1-2891634,fetchdata,2017-2018,Engineering and Technology,1,1,1,1,Uttar Pradesh,1
1-3324324898,SHIVAJI INSTITUTE OF TECHNOLOGY AND MANAGEMENT,ALLAHABAD - MIRZAPUR ROAD BENDO KARCHHANA,ALLAHABAD,Unaided - Private,N,N,1-466597743,fetchdata,2017-2018,Engineering and Technology,1,1,1,1,Uttar Pradesh,1
1-3324113326,"R.S.S.COLLEGE OF TECH.& MGMT. BALDEO ,MATHURA","BALDEO, MATHURA",MATHURA,Unaided - Private,N,N,1-500246291,fetchdata,2017-2018,Engineering and Technology,1,1,1,1,Uttar Pradesh,1
1-3324148309,VIDYA COLLEGE OF ENGINEERING,"VIDYA COLLEGE OF ENGINEERING 
VIDYA KNOWLEDGE PARK
BAGHPAT ROAD , MEERUT 
UTTAR PRADESH-250002",MEERUT,Unaided - Private,N,Y,1-18873461,fetchdata,2017-2018,Engineering and Technology,1,1,1,1,Uttar Pradesh,1
1-3324149098,GOVT. GOVIND BALLABH PANT POLYTECHNIC,"MOHAN ROAD, LUCKNOW",LUCKNOW,Government,N,N,1-718745651,fetchdata,2017-2018,Engineering and Technology,1,1,1,1,Uttar Pradesh,1
1-3324165792,APOLLO INSTITUTE OF TECHNOLOGY,"VILL. SUNDHELA, BLOCK SARSAUL, KANPUR",KANPUR NAGAR,Unaided - Private,N,N,1-8889121,fetchdata,2017-2018,Engineering and Technology,1,1,1,1,Uttar Pradesh,1
1-3324201803,INDRAPRASTHA INSTITUTE OF MANAGEMENT & TECHNOLOGY,"VILL: UMAHI (KOTA),SAHARANPUR MUZZAFAR NAGAR STATE HIGHWAY,SAHARANPUR",SAHARANPUR,Unaided - Private,N,N,1-18909921,fetchdata,2017-2018,Engineering and Technology,1,1,1,1,Uttar Pradesh,1
1-3324223722,GOVENMENT POLYTECHNIC GHAZIPUR,MAU ROAD,GHAZIPUR,Government,N,N,1-475289081,fetchdata,2017-2018,Engineering and Technology,1,1,1,1,Uttar Pradesh,1
1-3324114413,GOVERNMENT POLYTECHNIC SAHARANPUR,"CHUNETI GADA
DELHI ROAD
SAHARANPUR",SAHARANPUR,Government,N,N,1-492104721,fetchdata,2017-2018,Engineering and Technology,1,1,1,1,Uttar Pradesh,1
1-3324131902,MAHAKRNIK TATHAGAT GAUTAM BUDHA GOVT. POLYTECHNIC SIDDHARTH NAGAR,"VASA CHAK, DUMARIYAGANJ SIDDHATHNAGAR",SIDDHARTHNAGAR,Government,N,N,1-486681621,fetchdata,2017-2018,Engineering and Technology,1,1,1,1,Uttar Pradesh,1
1-3324131994,"CHHATRAPATI SAHUJI MAHARAJ GOVERNMENT POLYTECHNIC,AMBEDKARNAGAR","FAIZABAD ROAD
SHIVBABA,AKBARPUR,AMBEDKARNAGAR",AMBEDKAR NAGAR,Government,N,N,1-480133081,fetchdata,2017-2018,Engineering and Technology,1,1,1,1,Uttar Pradesh,1
1-3324166430,SHREE BHAGWAT INSTITUTE OF TECHNOLOGY,"N.H.-2 (MOHANSARAI BYPASS ROAD), 
VILL.-DELHNA, POST-KASHIPUR,            VARANASI (U.P.)-221011",VARANASI,Unaided - Private,N,N,1-2068837731,fetchdata,2017-2018,Engineering and Technology,1,1,1,1,Uttar Pradesh,1
1-3324166693,H R INSTITUTE OF ENGINEERING AND TECHNOLOGY,"7TH KM STONE, MEERUT ROAD, MORTA",GHAZIABAD,Unaided - Private,N,N,1-455715581,fetchdata,2017-2018,Engineering and Technology,1,1,1,1,Uttar Pradesh,1
1-3324167146,ALLENHOUSE INSTITUTE OF TECHNOLOGY,"PLOT  NO. 176, ROOMA,
KULGAON ROAD,
KANPUR",KANPUR NAGAR,Unaided - Private,N,N,1-6262181,fetchdata,2017-2018,Engineering and Technology,1,1,1,1,Uttar Pradesh,1
1-3324187626,"GOVERNMENT GIRLS POLYTECHNIC, ALLAHABAD","RASOOLABAD ROAD,
TELIYARGANJ, ALLAHABAD - 211004",ALLAHABAD,Government,Y,N,1-475922551,fetchdata,2017-2018,Engineering and Technology,1,1,1,1,Uttar Pradesh,1
1-3324187793,FEROZE GANDHI POLYTECHNIC,RATAPUR,RAE BARELI,Govt aided,N,N,1-513090141,fetchdata,2017-2018,Engineering and Technology,1,1,1,1,Uttar Pradesh,1
1-3324204642,GOVT. GIRLS POLYTECHNIC VARANASI,"SUNDERPUR, VARANASI",VARANASI,Government,Y,N,1-487990271,fetchdata,2017-2018,Engineering and Technology,1,1,1,1,Uttar Pradesh,1
1-3324247523,AERONAUTICAL TRAINING INSTITUTE UP,LUCKNOW AIRPORT LUCKNOW,LUCKNOW,Government,N,N,1-496132791,fetchdata,2017-2018,Engineering and Technology,1,1,1,1,Uttar Pradesh,1
1-3323714539,JP INSTITUTE OF HOTEL MANAGEMENT & CATERING TECHNOLOGY,"POST - RAJPURA, MAWANA ROAD",MEERUT,Unaided - Private,N,N,1-455818941,fetchdata,2017-2018,Engineering and Technology,1,1,1,1,Uttar Pradesh,1
1-3324114606,"GOVT. POLYTECHNIC TALBEHAT ,LALITPUR",GOVT. POLYTECHNIC TALBEHAT LALITPUR,LALITPUR,Government,N,N,1-1537520451,fetchdata,2017-2018,Engineering and Technology,1,1,1,1,Uttar Pradesh,1
1-3324114791,B. S. M. COLLEGE OF TECHNOLOGY AND MANAGEMENT,"VILL-BHADAR
POST-SON
DISTT-MATHURA",MATHURA,Unaided - Private,N,N,1-478117321,fetchdata,2017-2018,Engineering and Technology,1,1,1,1,Uttar Pradesh,1
1-3324132117,ADHUNIK COLLEGE OF ENGINEERING,"9TH MILE STONE, DELHI MEERUT ROAD DUHAI, GHAZIABAD",GHAZIABAD,Unaided - Private,N,N,1-510100011,fetchdata,2017-2018,Engineering and Technology,1,1,1,1,Uttar Pradesh,1
1-3324132469,UTTAR PRADESH TEXTILE TECHNOLOGY INSTITUTE KANPUR,11/208 SOUTER GANJ KANPUR,KANPUR NAGAR,Government,N,N,1-598267561,fetchdata,2017-2018,Engineering and Technology,1,1,1,1,Uttar Pradesh,1
1-3324132679,GOVT.GIRLS POLYTECHNIC JHANSI,GWALIOR ROAD JHANSI,JHANSI,Government,Y,N,1-479831861,fetchdata,2017-2018,Engineering and Technology,1,1,1,1,Uttar Pradesh,1
1-3324169302,WTM COLLEGE OF POLYTECHNIC,"VILLAGE - FATEHPUR MAFI,
POST - PALAULA,",J P NAGAR,Unaided - Private,N,Y,1-2047406451,fetchdata,2017-2018,Engineering and Technology,1,1,1,1,Uttar Pradesh,1
1-3324249416,RAJARSHI RANANJAY SINH INSTITUTE OF MANAGEMENT & TECHNOLOGY,"RAJARSHI NAGAR,
MUNSHIGANJ",SULTANPUR,Unaided - Private,N,N,1-7612991,fetchdata,2017-2018,Engineering and Technology,1,1,1,1,Uttar Pradesh,1
1-3324115076,SHRI RAMSWAROOOP MEMORIAL GROUP OF PROFESSIONAL COLLEGES,"VILLAGE - UTTARDHAUNA, PARGANA & TEHSIL - LUCKNOW",LUCKNOW,Unaided - Private,N,N,1-6383651,fetchdata,2017-2018,Engineering and Technology,1,1,1,1,Uttar Pradesh,1
1-3324132817,IMS COLLEGE OF POLYTECHNIC,"97 MILE STONE, NH-24,KAKATHER CROSSING, KHUNGAWALI, GAJRAULA, J.P. NAGAR",J P NAGAR,Unaided - Private,N,N,1-524513341,fetchdata,2017-2018,Engineering and Technology,1,1,1,1,Uttar Pradesh,1
1-3324135117,"RISHI CHADHA VISHVAS GIRLS INSTITUTE OF TECHNOLOGY,","A-6(II)SECTOR-22, MEERUT ROAD, GHAZIABAD",GHAZIABAD,Unaided - Private,Y,N,1-10970301,fetchdata,2017-2018,Engineering and Technology,1,1,1,1,Uttar Pradesh,1
1-3324135390,MAHARANA INSTITUTE OF TECHNOLOGY & SCIENCES,"GRAM-GAURA, MOHANLAL GANJ",LUCKNOW,Unaided - Private,N,N,1-10487461,fetchdata,2017-2018,Engineering and Technology,1,1,1,1,Uttar Pradesh,1
1-3324149813,JRE GROUP OF INSTITUTIONS,"PLOT NO. 5,6,7 & 8
KNOWLEDGE PARK IV",GAUTAM BUDDHA NAGAR,Unaided - Private,N,N,1-4290653,fetchdata,2017-2018,Engineering and Technology,1,1,1,1,Uttar Pradesh,1
1-3324150345,ARYAVART INSTITUTE OF TECHNOLOGY & MANAGEMENT,"ARYAVART INSTITUTE OF TECHNOLOGY & MANAGEMENT, OPPOSITE-AMBEDKAR UNIVERSITY, SHAHEED PATH, RAEBARELI ROAD, LUCKNOW",LUCKNOW,Unaided - Private,N,N,1-13456471,fetchdata,2017-2018,Engineering and Technology,1,1,1,1,Uttar Pradesh,1
1-3324169954,ACADEMY OF TECHNOLOGY MANAGEMENT AND SCIENCE,"ACCHEJA, NH-24, 49TH MILESTONE, HAPUR BYPASS,",GHAZIABAD,Private-Aided,N,N,1-1561390821,fetchdata,2017-2018,Engineering and Technology,1,1,1,1,Uttar Pradesh,1
1-3324189254,INDIAN INSTITUTE OF CARPET TECHNOLOGY,CHAURI ROAD BHADOHI,SANT RAVIDAS NAGAR,Govt aided,N,N,1-462578871,fetchdata,2017-2018,Engineering and Technology,1,1,1,1,Uttar Pradesh,1
1-3324251040,M.I.M.T POLYTECHNIC,"CHHUTMALPUR,
TEHSIL-BEHAT",SAHARANPUR,Unaided - Private,N,N,1-503506511,fetchdata,2017-2018,Engineering and Technology,1,1,1,1,Uttar Pradesh,1
1-3324251257,COLLEGE OF ENGINEERING SCIENCE & TECHNOLOGY,"GAURA, MOHANLALGANJ, LUCKNOW",LUCKNOW,Unaided - Private,N,N,1-8005616,fetchdata,2017-2018,Engineering and Technology,1,1,1,1,Uttar Pradesh,1
1-3324136119,K.S. JAIN INSTITUTE OF ENGINEERING & TECHNOLOGY,"5TH KM STONE, HAPUR ROAD, BHOJPUR, MODINAGAR.",GHAZIABAD,Unaided - Private,N,N,1-16487004,fetchdata,2017-2018,Engineering and Technology,1,1,1,1,Uttar Pradesh,1
1-3324152346,BABU BANARASI DAS ENGINEERING COLLEGE,"SECTOR-I, DR. AKHILESH DAS NAGAR, FAIZABAD ROAD",LUCKNOW,Unaided - Private,N,N,1-14932291,fetchdata,2017-2018,Engineering and Technology,1,1,1,1,Uttar Pradesh,1
1-3324153195,"SHRI RAM MURTI SMARAK COLLEGE OF ENGINEERING, TECHNOLOGY & RESEARCH","RAM MURTI PURAM, 
PRAHLADPUR,
13KM. BAREILLY NAINITAL ROAD,
BAREILLY- 243202",BAREILLY,Unaided - Private,N,N,1-4410773,fetchdata,2017-2018,Engineering and Technology,1,1,1,1,Uttar Pradesh,1
1-3324170745,DR. K.N. MODI INSTITUTE OF ENGINEERING AND TECHNOLOGY,"DELHI - MEERUT ROAD, OPPOSITE SBI MAIN BRANCH
MODINAGAR, DISTRICT - GHAZIABAD
PIN - 201201",GHAZIABAD,Unaided - Private,N,N,1-12314001,fetchdata,2017-2018,Engineering and Technology,1,1,1,1,Uttar Pradesh,1
1-3324189670,FOCUS INSTITUTE OF ENGINEERING & MANAGEMENT,"19TH KM. STONE, NH-24,RAMPUR ROAD, FATEHGANJ WEST  ,BAREILLY",BAREILLY,Unaided - Private,N,N,1-11715987,fetchdata,2017-2018,Engineering and Technology,1,1,1,1,Uttar Pradesh,1
1-3324118089,BABU BANRASI DAS NATIONAL INSTITUTE OF TECHNOLOGY AND MANAGEMENT,"SECTOR-I, DR. AKHILESH DAS NAGAR, FAIZABAD ROAD, LUCKNOW",LUCKNOW,Unaided - Private,N,N,1-412781281,fetchdata,2017-2018,Engineering and Technology,1,1,1,1,Uttar Pradesh,1
1-3324136644,JMS GROUP OF INSTITUTIONS,"HANS KNOWLEDGE PARK,34 MILES FROM DELHI, DELHI - HAPUR ROAD, GHAZIABAD",GHAZIABAD,Unaided - Private,N,N,1-3143011,fetchdata,2017-2018,Engineering and Technology,1,1,1,1,Uttar Pradesh,1
1-3324137189,TRANSLAM INSTITUTE OF TECHNOLOGY AND MANAGEMENT,"TRANSLAM INSTITUTE OF TECHNOLOGY AND MANAGEMENT , MAWANA ROAD, RAJPURA, MEERUT (U.P.)",MEERUT,Unaided - Private,N,Y,1-6020926,fetchdata,2017-2018,Engineering and Technology,1,1,1,1,Uttar Pradesh,1
1-3324172819,SARASWATI INSTITUTE OF ENGINEERING & TECHNOLOGY,"NH_24,PAWLA,PILAKHUWA,GHAZIABAD,U.P-245304",GHAZIABAD,Unaided - Private,N,N,1-7856143,fetchdata,2017-2018,Engineering and Technology,1,1,1,1,Uttar Pradesh,1
1-3324173675,MAHAMAYA POLYTECHNIC OF INFORMATION TECHNOLOGY,"BACHRAUN, J.P.NAGAR",J P NAGAR,Government,N,N,1-508444131,fetchdata,2017-2018,Engineering and Technology,1,1,1,1,Uttar Pradesh,1
1-3324173773,LANDMARK TECHNICAL CAMPUS,VILLAGE DIDAULI DELHI MORADABAD ROAD,JYOTIBA PHULE NAGAR,Unaided - Private,N,Y,1-414245441,fetchdata,2017-2018,Engineering and Technology,1,1,1,1,Uttar Pradesh,1
1-3324192265,FUTURE INSTITUTE OF ENGINEEING & TECHNOLOGY,"NH-24, BAREILLY LUCKNOW ROAD,  NEAR FARIDPUR, BAREILLY",BAREILLY,Unaided - Private,N,N,1-8841171,fetchdata,2017-2018,Engineering and Technology,1,1,1,1,Uttar Pradesh,1
1-3324209869,R D ENGINEERING COLLEGE & RESEARCH CENTRE,"9 TH KM MILE STONE ON NH 58 DELHI MEERUT ROAD, DUHAI GHAZIABAD",GHAZIABAD,Unaided - Private,N,N,1-421190141,fetchdata,2017-2018,Engineering and Technology,1,1,1,1,Uttar Pradesh,1
1-3324226654,GOVERNMENT POLYTECHNIC MAHOBA,GOVT. POLY. STATION ROAD MAHOBA,MAHOBA,Government,N,N,1-530694751,fetchdata,2017-2018,Engineering and Technology,1,1,1,1,Uttar Pradesh,1
1-3324138031,HARIRAM SATYANARAIAN INSTITUTE OF HIGHER AND TECHNICAL EDUCATION,"PLOT NO.-666, RAJTHAL  ROAD",BUDAUN,Unaided - Private,N,N,1-785972071,fetchdata,2017-2018,Engineering and Technology,1,1,1,1,Uttar Pradesh,1
1-3324138230,"MANYAVAR KASHI RAM GOVERNMENT POLYTECHNIC, KANNAUJ","DURGA NAGAR, TIRWA KAHS, KANNAUJ",KANNAUJ,Government,N,N,1-479023391,fetchdata,2017-2018,Engineering and Technology,1,1,1,1,Uttar Pradesh,1
1-3324138358,MP SCHOOL OF ENGINEERING,"BHAGATUA,VARANASI",VARANASI,Unaided - Private,N,N,1-15260084,fetchdata,2017-2018,Engineering and Technology,1,1,1,1,Uttar Pradesh,1
1-3324174218,INTERNATIONAL COLLEGE OF ENGINEERING,"VILL. : DIDOLI, MURADNAGAR, GHAZIABAD",GHAZIABAD,Unaided - Private,N,N,1-14490169,fetchdata,2017-2018,Engineering and Technology,1,1,1,1,Uttar Pradesh,1
1-3324192899,GOVERNMENT GIRL'S POLYTECHNIC SHAMLI,G.G.P SHAMLI MUNDATE ROAD SHAMLI,SHAMLI,Government,Y,N,1-475207671,fetchdata,2017-2018,Engineering and Technology,1,1,1,1,Uttar Pradesh,1
1-3324226785,GOVERNMENT POLYTECHNIC,"G. T. ROAD, CHHACHHA,
BHOGAON
DISTT-MAINPURI",MAINPURI,Government,N,N,1-1504882511,fetchdata,2017-2018,Engineering and Technology,1,1,1,1,Uttar Pradesh,1
1-3324226866,"GOVT. POLYTECHNIC SIKANDRA,KANPUR DEHAT","VILLAGE- SIKANDRA, KANPUR DEHAT",RAMABAI NAGAR (KANPUR DEHAT),Government,N,N,1-1532423211,fetchdata,2017-2018,Engineering and Technology,1,1,1,1,Uttar Pradesh,1
1-3324228954,GOVERNMENT GIRLS POLYTECHNIC CHARKHARI MAHOBA,"GOVERNMENT GIRLS POLYTECHNIC , STATION ROAD CHARKHARI MAHOBA",MAHOBA,Government,Y,N,1-530749861,fetchdata,2017-2018,Engineering and Technology,1,1,1,1,Uttar Pradesh,1
1-3323210911,GOVERNMENT POLYTECHNIC CHOPAN SONEBHADRA,SENDURIA CHOPAN SONEBHADRA,SONBHADRA,Government,N,N,1-2861233511,fetchdata,2017-2018,Engineering and Technology,1,1,1,1,Uttar Pradesh,1
1-3323210945,VISHVESHWARYA INSTITUTE OF POLYTECHNIC,"VILLAGE BEEL AKBARPUR, & TEHSIL DADRI, DISTT. GAUTAM BUDH NAGAR",GAUTAM BUDDHA NAGAR,Unaided - Private,N,N,1-2857413111,fetchdata,2017-2018,Engineering and Technology,1,1,1,1,Uttar Pradesh,1
1-3324121020,KRISHNA INSTITUTE OF TECHNOLOGY(351),"GRAM AMILIHA,POST TATIYAGANJ",KANPUR NAGAR,Unaided - Private,N,N,1-23064741,fetchdata,2017-2018,Engineering and Technology,1,1,1,1,Uttar Pradesh,1
1-3324174965,"GOVERNMENT LEATHER INSTITUTE, AGRA","INDUSTRIAL ESTATE, NUNHAI AGRA-06",AGRA,Government,N,N,1-475498331,fetchdata,2017-2018,Engineering and Technology,1,1,1,1,Uttar Pradesh,1
1-3324175250,MGM'S COLLEGE OF ENGINEERING AND TECHNOLOGY,"A-9, SECTOR-62, NOIDA",GAUTAM BUDDHA NAGAR,Unaided - Private,N,N,1-5693791,fetchdata,2017-2018,Engineering and Technology,1,1,1,1,Uttar Pradesh,1
1-3324175656,MILLENNIUM INSTITUTE OF TECHNOLOGY,"35 K.M. STONE ON ROORKEE-DEHRADUN NATIONAL HIGHWAY,NH-72 A ,VILLAGE âTHAPAL ISMAILPUR, PARGANA-MUZAFFARABAD, TEHSIL-BEHAT, DISTT -SAHARANPUR (U. P.)",SAHARANPUR,Unaided - Private,N,N,1-12134923,fetchdata,2017-2018,Engineering and Technology,1,1,1,1,Uttar Pradesh,1
1-3324239948,BHABHA COLLEGE OF ENGINEERING,"AONHAN ,MAITHA ,RASOOLABAD ,KANPUR DEHAT",RAMABAI NAGAR (KANPUR DEHAT),Unaided - Private,N,N,1-12056881,fetchdata,2017-2018,Engineering and Technology,1,1,1,1,Uttar Pradesh,1
1-3324240364,G L BAJAJ GROUP OF INSTITUTIONS,"23 KM MILESTONE, NATIONAL HIGHWAY # 2",MATHURA,Unaided - Private,N,N,1-3925751,fetchdata,2017-2018,Engineering and Technology,1,1,1,1,Uttar Pradesh,1
1-3324069479,BRAHMANAND INSTITUTE OF RESEARCH TECHNOLOGY AND MANAGEMENT," MOHHMAD KARIMPUR(DHANKAR-KHABRA ROAD ) VILLAGE- MOHHMAD KARIMPUR(DHANKAR)
TEHSIL-KHURJA",BULANDSHAHAR,Unaided - Private,N,N,1-446229391,fetchdata,2017-2018,Engineering and Technology,1,1,1,1,Uttar Pradesh,1
1-3324121677,IDEAL INSTITUTE OF MANAGEMENT AND TECHNOLOGY,"IDEAL NAGAR SECTOR-II,DASNA",GHAZIABAD,Unaided - Private,N,N,1-4470141,fetchdata,2017-2018,Engineering and Technology,1,1,1,1,Uttar Pradesh,1
1-3324122288,MAHAMAYA POLYTECHNIC OF INFORMATION TECHNOLOGY,"DHANAPUR CHANDAULI
(PRESENTLY RUNNING AT GOVT. POLYTECHNIC, JAUNPUR)",CHANDAULI,Government,N,N,1-499373221,fetchdata,2017-2018,Engineering and Technology,1,1,1,1,Uttar Pradesh,1
1-3324139342,SURYA POLITECHNIC FOR ENGINEERING & TECHNOLOGY,VILL. DHARMPUR 5 BISWA (BHATIYANA) PO. BHATIYANA,GHAZIABAD,Unaided - Private,N,N,1-722650141,fetchdata,2017-2018,Engineering and Technology,1,1,1,1,Uttar Pradesh,1
1-3324176410,GOVERNMENT POLYTECHNIC FAIZABAD,"LUCKNOW ROAD
MUMTAJ NAGAR",FAIZABAD,Government,N,N,1-511484751,fetchdata,2017-2018,Engineering and Technology,1,1,1,1,Uttar Pradesh,1
1-3324176772,MAA BUDDHA NATIONAL INSTITUTE OF ENGG. & TECHNOLOGY,MAA BUDDHA NATIONAL INSTITUTE OF ENGG. & TECHNOLOGY,AZAMGARH,Unaided - Private,N,N,1-511605991,fetchdata,2017-2018,Engineering and Technology,1,1,1,1,Uttar Pradesh,1
1-3324211760,INSTITUTE OF TECHNOLOGY AND MANAGEMENT,"AL-1 SECTOR-7,  GIDA
GORAKHPUR",GORAKHPUR,Unaided - Private,N,N,1-4056851,fetchdata,2017-2018,Engineering and Technology,1,1,1,1,Uttar Pradesh,1
1-3324229193,INSTITUTE OF ENGINEERING AND RURAL TECHNOLOGY,"26- CHATHAM LINES 
(NEAR PRAYAG RAILWAY STATION)",ALLAHABAD,Unaided - Private,N,N,1-4432041,fetchdata,2017-2018,Engineering and Technology,1,1,1,1,Uttar Pradesh,1
1-3324229829,ACE COLLEGE OF ENGINEERING AND MANAGEMENT,"17 KM MILE STONE, AGRA KANPUR ROAD, NH-2, PLOT NO-455, 456, 457
VILLEGE-SUREHRA,",AGRA,Unaided - Private,N,N,1-424583401,fetchdata,2017-2018,Engineering and Technology,1,1,1,1,Uttar Pradesh,1
1-3324231249,VIIT POLYTECHNIC COLLEGE,"VIIT CAMPUS, G.T. ROAD, SUNHERA, BULANDSHAHR U.P.",BULANDSHAHAR,Unaided - Private,N,N,1-510933341,fetchdata,2017-2018,Engineering and Technology,1,1,1,1,Uttar Pradesh,1
1-3324242057,BABU SUNDER SINGH INSTITUTE OF TECHNOLOGY & MANAGEMENT,"VILL. SHERPUR LAWAL 
NH-24B,RAEBARELLY ROAD,
NIGOHAN
LUCKNOW",LUCKNOW,Unaided - Private,N,N,1-8093711,fetchdata,2017-2018,Engineering and Technology,1,1,1,1,Uttar Pradesh,1
1-3324242480,HIMALYAN INSTITUTE OF TECHNOLOGY AND MANAGEMENT,"MOHAMMADPUR SARAIYA, POST- PAHARPUR, BKT, LUCKNOW, U.P.",LUCKNOW,Unaided - Private,N,N,1-11292931,fetchdata,2017-2018,Engineering and Technology,1,1,1,1,Uttar Pradesh,1
1-3324244976,GCRG COLLEGE OF  POLYTECHNIC,"PARVATPUR, CHANDRIKA DEVI ROAD, BAKSHI KA TALAB, LUCKNOW",LUCKNOW,Unaided - Private,N,N,1-739347891,fetchdata,2017-2018,Engineering and Technology,1,1,1,1,Uttar Pradesh,1
1-3324069680,SARVOTTAM INSTITUTE OF TECHNOLOGY & MANAGEMENT,"PLOT NO. 6,TECH ZONE IV NOIDA EXT.",GAUTAM BUDDHA NAGAR,Unaided - Private,N,N,1-5418431,fetchdata,2017-2018,Engineering and Technology,1,1,1,1,Uttar Pradesh,1
1-3324071238,NORTHERN REGIONAL INSTITUTE OF PRINTING TECHNOLOGY,TELIARGANJ,ALLAHABAD,Government,N,N,1-510129781,fetchdata,2017-2018,Engineering and Technology,1,1,1,1,Uttar Pradesh,1
1-3324122555,HERITAGE TECHNICAL COLLEGE,"13,KM. MILE STONE HERITAGE KNOWLEDGE CITY,FATEHABAD ROAD BAMRAULI KATARA, AGRA",AGRA,Unaided - Private,N,N,1-2187948381,fetchdata,2017-2018,Engineering and Technology,1,1,1,1,Uttar Pradesh,1
1-3324122690,SUBHARTI POLYTECHNIC COLLEGE,"SUBHARTIPURAM, NH-58, DELHI-HARDWAR-MEERUT BYPASS ROAD",MEERUT,Unaided - Private,N,N,1-478381221,fetchdata,2017-2018,Engineering and Technology,1,1,1,1,Uttar Pradesh,1
1-3324123994,R V INSTITUTE OF TECHNOLOGY,"VILLAGE ALHEDADPUR, 9TH KM MILESTONE, BIJNOR MORADABAD ROAD, BIJNOR, UTTAR PRADESH-246701",BIJNOR,Unaided - Private,N,N,1-11338124,fetchdata,2017-2018,Engineering and Technology,1,1,1,1,Uttar Pradesh,1
1-3324158049,PREM PRAKASH GUPTA INSTITUTE OF ENGINEERING,"16.1 KM.STONE, BAREILLY LUCKNOW ROAD",BAREILLY,Unaided - Private,N,N,1-7689101,fetchdata,2017-2018,Engineering and Technology,1,1,1,1,Uttar Pradesh,1
1-3324158414,KITE GROUP OF INSTITUTIONS,"NH58, OPPOSITE ANSAL TOWNSHIP MAIN GATE, BYE-PASS MEERUT",MEERUT,Unaided - Private,N,N,1-7511871,fetchdata,2017-2018,Engineering and Technology,1,1,1,1,Uttar Pradesh,1
1-3324179003,IIMT COLLEGE OF TECHNOLOGY,"""O"" POCKET, GANGA NAGAR, MAWANA ROAD, MEERUT",MEERUT,Unaided - Private,N,N,1-2047242121,fetchdata,2017-2018,Engineering and Technology,1,1,1,1,Uttar Pradesh,1
1-3324071836,VIJAY PRATAP INSTITUTE OF TECHNOLOGY,NEAR ZAFRABAD POLICE STATION VARANASI ROAD JAUNPUR-222180,JAUNPUR,Unaided - Private,N,N,1-2195402841,fetchdata,2017-2018,Engineering and Technology,1,1,1,1,Uttar Pradesh,1
1-3324140779,PRABHAT ENGINEERING COLLEGE,"NATIONAL HIGHWAY-II,
RANIA,BARA,
KANPUR DEHAT-209304",RAMABAI NAGAR (KANPUR DEHAT),Unaided - Private,N,N,1-8098211,fetchdata,2017-2018,Engineering and Technology,1,1,1,1,Uttar Pradesh,1
1-3324141464,GAYATRI DEVI INSTITUTE OF MANAGMENT & TECHNOLOGY,MALAKPUR ROAD BARAUT,BAGPAT,Unaided - Private,N,N,1-462199661,fetchdata,2017-2018,Engineering and Technology,1,1,1,1,Uttar Pradesh,1
1-3324179582,"VIVEKANANDA COLLEGE OF TECHNOLOGY & MANAGEMENT, ALIGARH","MATHURA BYE PASS, NEAR KHAIR ROAD, 500 MTRS FROM NADA PUL, ALIGARH",ALIGARH,Unaided - Private,N,N,1-5884509,fetchdata,2017-2018,Engineering and Technology,1,1,1,1,Uttar Pradesh,1
1-3324180261,SSLD VARSHNEY ENGINEERING COLLEGE ALIGARH,13 K.M STONE ON ALIGARH-KANPUR GT ROAD NH 91,ALIGARH,Unaided - Private,N,N,1-40578521,fetchdata,2017-2018,Engineering and Technology,1,1,1,1,Uttar Pradesh,1
1-3324197081,DR. VIRENDRA SWARUP MEMORIAL TRUST GROUP OF INSTITUTION,"RAGENDRA SWARUP KNOWLEDGE CITY, LUCKNOW KANPUR NATIONAL HIGHWAY 25, POLE NO. 70-71, KADER PATARI, UNNAO",UNNAO,Unaided - Private,N,N,1-11878126,fetchdata,2017-2018,Engineering and Technology,1,1,1,1,Uttar Pradesh,1
1-3324197686,KALKA ENGINEERING COLLEGE,"PARTA PUR 
BYEPASS ROAD
MEERUT",MEERUT,Unaided - Private,N,N,1-22275071,fetchdata,2017-2018,Engineering and Technology,1,1,1,1,Uttar Pradesh,1
1-3324213747,MANGALMAY INSTITUTE OF ENGINEERING & TECHNOLOGY,"PLOT NO. 8, KNOWLEDGE PARK-II",GAUTAM BUDDHA NAGAR,Unaided - Private,N,N,1-413241491,fetchdata,2017-2018,Engineering and Technology,1,1,1,1,Uttar Pradesh,1
1-3324245691,SUBHARTI INSTITUTE OF TECHNOLOGY AND ENGINEERING,"NH-58
SUBHARTIPURAM 
DELHI-MEERUT-HARDIWAR BY PASS ROAD",MEERUT,Unaided - Private,N,N,1-458360541,fetchdata,2017-2018,Engineering and Technology,1,1,1,1,Uttar Pradesh,1
1-3324247267,SHREE KRISHNA COLLEGE OF ENGINEERING,"SINGHWALI AHIR, MEERUT BAGHPAT ROAD,",BAGPAT,Unaided - Private,N,N,1-505728861,fetchdata,2017-2018,Engineering and Technology,1,1,1,1,Uttar Pradesh,1
1-3323122971,"GOVERNMENT POLYTECHNIC, AADAMPUR, TARABGANJ, GONDA","GOVERNMENT POLYTECHNIC, AADAMPUR,BLOCK- BELSAR, TEHSIL- TARABGANJ, GONDA",GONDA,Government,N,N,1-1552167861,fetchdata,2017-2018,Engineering and Technology,1,1,1,1,Uttar Pradesh,1
1-3324073009,"AZAD POLYTECHNIC, BHARTHIPUR","BHARTHIPUR, PALHNA, LALGANJ, AZAMGARH",AZAMGARH,Unaided - Private,N,N,1-461664851,fetchdata,2017-2018,Engineering and Technology,1,1,1,1,Uttar Pradesh,1
1-3324124609,LORD KRISHNA COLLEGE OF ENGINEERING,"16KM STONE, GHAZIABAD-HAPUR ROAD, MAIN NATIONAL HIGHWAY-24, VILLAGE-CHIJARSI KULICH NAGAR, GHAZIABAD, U.P.",GHAZIABAD,Unaided - Private,N,N,1-22268581,fetchdata,2017-2018,Engineering and Technology,1,1,1,1,Uttar Pradesh,1
1-3324125239,NATIONAL SUGAR INSTITUTE,KALYANPUR,KANPUR NAGAR,Government,N,N,1-2480100091,fetchdata,2017-2018,Engineering and Technology,1,1,1,1,Uttar Pradesh,1
1-3324125414,"GOVERNMENT POLYTECHNIC, FIROZABAD","NEAR STADIUM, JALESAR ROAD , FIROZABAD",FIROZABAD,Government,N,N,1-492934291,fetchdata,2017-2018,Engineering and Technology,1,1,1,1,Uttar Pradesh,1
1-3324159575,BABA VISHWANATH INSTITUTE OF TECHNOLOGY,"AMNAVE, POST- MAHUJA, BLOCK MARTIN GANJ, TEHSIL- PHOOLPUR,",AZAMGARH,Unaided - Private,N,N,1-455978431,fetchdata,2017-2018,Engineering and Technology,1,1,1,1,Uttar Pradesh,1
1-3324160214,INDUS INSTITUTE OF TECHNOLOGY & MANAGEMENT,"KAKWAN ROAD, VILL : BARAULI, TEHSIL : BILHAUR
DISTT: KANPUR NAGAR (U.P.)",KANPUR NAGAR,Unaided - Private,N,N,1-3954924,fetchdata,2017-2018,Engineering and Technology,1,1,1,1,Uttar Pradesh,1
1-3324180939,GOVT.POLYTECHNIC ETAH,"SIKANDRARAO-ETAH ROAD,NAGARIA ETAH",ETAH,Government,N,N,1-1561615141,fetchdata,2017-2018,Engineering and Technology,1,1,1,1,Uttar Pradesh,1
1-3324181100,GOVERNMENT POLYTECHNIC LUCKNOW,FAIZABAD ROAD,LUCKNOW,Government,N,N,1-473905341,fetchdata,2017-2018,Engineering and Technology,1,1,1,1,Uttar Pradesh,1
1-3324199255,"GOVERNMENT POLYTECHNIC,LALITPUR","MEHRONI ROAD,
LALITPUR",LALITPUR,Government,N,N,1-497355503,fetchdata,2017-2018,Engineering and Technology,1,1,1,1,Uttar Pradesh,1
1-3324199388,K L S POLYTECHNIC COLLEGE,"20TH MILESTONE BIJNOR-HARIDWAR ROAD, NEAR CHANDOK , VILL-KHUDAHERI",BIJNOR,Unaided - Private,N,N,1-484950331,fetchdata,2017-2018,Engineering and Technology,1,1,1,1,Uttar Pradesh,1
1-3324215215,KALI CHARAN NIGAM INSTITUTE OF TECHNOLOGY,"NARAINI ROAD, BANDA",BANDA,Unaided - Private,N,N,1-20221111,fetchdata,2017-2018,Engineering and Technology,1,1,1,1,Uttar Pradesh,1
1-3324125575,SVS GROUP OF INSTITIONS,"SVS EDUCATIONAL VILLAGE,GANGA NAHAR",MEERUT,Unaided - Private,N,N,1-8549271,fetchdata,2017-2018,Engineering and Technology,1,1,1,1,Uttar Pradesh,1
1-3324142072,INSTITUTE OF ENGINEERING & TECHNOLOGY,"BUNDELKHAND UNIVERSITY CAMPUS, KANPUR ROAD, JHANSI",JHANSI,Government,N,N,1-491997703,fetchdata,2017-2018,Engineering and Technology,1,1,1,1,Uttar Pradesh,1
1-3324142511,SATYADEV INSTITUTE OF TECHNOLOGY,"GADHIPURAM (BORSIYA), POST- FADANPUR, GHAZIPUR UP",GHAZIPUR,Unaided - Private,N,N,1-450160753,fetchdata,2017-2018,Engineering and Technology,1,1,1,1,Uttar Pradesh,1
1-3324160748,SHRI RAM GROUP OF COLLEGES,"OPP. ALMASPUR TELEPHONE EXCHANGE, PARIKRAMA MARG, MUZAFFARNAGAR",MUZAFFARNAGAR,Unaided - Private,N,N,1-1237131,fetchdata,2017-2018,Engineering and Technology,1,1,1,1,Uttar Pradesh,1
1-3324161576,ABHAY MEMORIAL TRUST GROUP OF INSTITUTIONS,"366 AKBARPUR, SALLAPUR",ALLAHABAD,Unaided - Private,N,N,1-5325231,fetchdata,2017-2018,Engineering and Technology,1,1,1,1,Uttar Pradesh,1
1-3324182969,GOVT POLYTECHNIC GHAZIABAD,"D BLOCK
SHASTRI NAGAR
HAPUR ROAD",GHAZIABAD,Government,N,N,1-508787873,fetchdata,2017-2018,Engineering and Technology,1,1,1,1,Uttar Pradesh,1
1-3324217104,SAVITRIBAI PHULE GOVERNMENT POLYTECHNIC,HARRA KI CHUNGI,AZAMGARH,Government,N,N,1-500004921,fetchdata,2017-2018,Engineering and Technology,1,1,1,1,Uttar Pradesh,1
1-3324234265,KCC INSTITUTE OF TECHNOLOGY AND MANAGEMENT,"2B & 2C, KNOWLEDGE PARK III,
GREATER NOIDA
GAUTAMBUDH NAGAR",GAUTAM BUDDHA NAGAR,Unaided - Private,N,N,1-13393212,fetchdata,2017-2018,Engineering and Technology,1,1,1,1,Uttar Pradesh,1
1-3324064786,GANDHI POLYTECHNIC,MUZAFFARNAGAR,MUZAFFARNAGAR,Govt aided,N,N,1-508649771,fetchdata,2017-2018,Engineering and Technology,1,1,1,1,Uttar Pradesh,1
1-3323123294,"GOVERNMENT POLYTECHNIC ,NARAINI (BANDA) U.P.",BADOKHAR,BANDA,Government,N,N,1-481883371,fetchdata,2017-2018,Engineering and Technology,1,1,1,1,Uttar Pradesh,1
1-3324073839,DEV BHOOMI GROUP OF INSTITUTIONS,"VILL.JAMAPUR BERI
DABKI ROAD,
NEAR BALIA KHERI RAILWAY STATION
SAHARANPUR",SAHARANPUR,Unaided - Private,N,N,1-9218101,fetchdata,2017-2018,Engineering and Technology,1,1,1,1,Uttar Pradesh,1
1-3324128458,"GOVT. GIRLAS POLYTECHNIC, AMETHI",DHMAUR ROAD,AMETHI,Government,Y,N,1-505375991,fetchdata,2017-2018,Engineering and Technology,1,1,1,1,Uttar Pradesh,1
1-3324142943,"GOVT.GIRLS POLYTECHNIC,MORADABAD","KANTH ROAD
NEAR HARTHALA
MORADABD",MORADABAD,Government,Y,N,1-511310971,fetchdata,2017-2018,Engineering and Technology,1,1,1,1,Uttar Pradesh,1
1-3324143043,SAROJ INSTITUTE OF MANAGEMENT AND TECHNOLOGY,"CHAND SARAI, NEAR GOSAIGANJ,
SULTANPUR RAOD,
LUCKNOW",LUCKNOW,Unaided - Private,N,N,1-5295661,fetchdata,2017-2018,Engineering and Technology,1,1,1,1,Uttar Pradesh,1
1-3324162102,IMS COLLEGE OF ENGINEERING,"94, MILE STONE
VILLAGE - BHAGWANPUR KHADAR, TEHSIL - HASANPUR, 
NEAR BRAJGHAT, GAJRAULA, J.P. NAGAR",J P NAGAR,Unaided - Private,N,N,1-807370181,fetchdata,2017-2018,Engineering and Technology,1,1,1,1,Uttar Pradesh,1
1-3324162363,IMS ENGINEERING COLLEGE,"NH-24, ADHYATMIK NAGAR, 
GHAZIABAD, UTTAR PRADESH
PIN CODE 201009",GHAZIABAD,Unaided - Private,N,N,1-4903321,fetchdata,2017-2018,Engineering and Technology,1,1,1,1,Uttar Pradesh,1
1-3324183701,SR GROUP OF INSTITUTIONS," 16 KM. GWALIOR ROAD, AMBABAI, JHANSI",JHANSI,Unaided - Private,N,N,1-9870715,fetchdata,2017-2018,Engineering and Technology,1,1,1,1,Uttar Pradesh,1
1-3324184778,BUNDELKHAND INSTITUTE OF ENGINEERING & TECHNOLOGY JHANSI,KANPUR ROAD JHANSI,JHANSI,Government,N,N,1-449514562,fetchdata,2017-2018,Engineering and Technology,1,1,1,1,Uttar Pradesh,1
1-3324217476,RAJ KUMAR GOEL ENGINEERING COLLEGE,"40 KM STONE NH-24 DELHI HAPUR ROAD, PILKHUWA, GHAZIABAD",GHAZIABAD,Unaided - Private,N,N,1-6618871,fetchdata,2017-2018,Engineering and Technology,1,1,1,1,Uttar Pradesh,1
1-3324065996,PT. RAM ADHAR J. TIWARI COLLEGE OF POLYTECHNIC,"MAHUAR KALAN, NEAR BALUWA GHAT CHANDAULI, U.P.",CHANDAULI,Unaided - Private,N,N,1-493189491,fetchdata,2017-2018,Engineering and Technology,1,1,1,1,Uttar Pradesh,1
1-3324066276,DOON COLLEGE TECHNICAL CAMPUS,"V.P.O.- SUNDERPUR TANKO
DISTT- SAHARANPUR (UP)",SAHARANPUR,Unaided - Private,N,N,1-744338841,fetchdata,2017-2018,Engineering and Technology,1,1,1,1,Uttar Pradesh,1
1-3324111503,TATHAGAT GAUTAM BUDH GOVERNMENT POLYTECHNIC SHRAVASTI,"SIRSIA, SHRAVASTI",SHRAVASTI,Government,N,N,1-507648541,fetchdata,2017-2018,Engineering and Technology,1,1,1,1,Uttar Pradesh,1
1-3324128827,MAHAMAYA POLYTECHNIC OF INFORMATION TECHNOLOGY,"PILIBHIT BHARATPUR ROAD,15 KM FROM SIKNDRA RAO TO HATHRAS",MAHAMAYA NAGAR,Government,N,N,1-495770371,fetchdata,2017-2018,Engineering and Technology,1,1,1,1,Uttar Pradesh,1
1-3324186118,B.B.S. COLLEGE OF ENGINEERING & TECHNOLOGY,"GADDOPUR
PHAPHAMAU
ALLAHABAD",ALLAHABAD,Unaided - Private,N,N,1-8955671,fetchdata,2017-2018,Engineering and Technology,1,1,1,1,Uttar Pradesh,1
1-3324201023,VEER KUNWAR INSTITUTE OF TECHNOLOGY BIJNOR,V.K. PURAM NAGINA ROAD BIJNOR (U.P.) 246701,BIJNOR,Unaided - Private,N,N,1-6161461,fetchdata,2017-2018,Engineering and Technology,1,1,1,1,Uttar Pradesh,1
1-3324201476,VENKATESHWARA COLLEGE OF ENGINEERING,"NH-58, DELHI ROORKEE BY PASS ROAD, JATOLI, MEERUT",MEERUT,Unaided - Private,N,N,1-498003581,fetchdata,2017-2018,Engineering and Technology,1,1,1,1,Uttar Pradesh,1
1-3324221446,MAHARAJA AGRASEN COLLEGE OF ENGG. &  TECHNOLOGY,"10 TH KM. BAGARPUR MAFEE,
 GAJRAULA, DHANAURA,
J.P NAGAR-244236 (UP)",JYOTIBA PHULE NAGAR,Unaided - Private,N,N,1-6084002,fetchdata,2017-2018,Engineering and Technology,1,1,1,1,Uttar Pradesh,1
1-3324112922,"MAHALWAR INSTITUTE OF TECHNOLOGY,","VILL. JAKHAIRA, STATION ROAD, ATRAULI",ALIGARH,Unaided - Private,N,N,1-500888221,fetchdata,2017-2018,Engineering and Technology,1,1,1,1,Uttar Pradesh,1
1-3324113156,KESHAV POLYTECHNIC,"NH-58, VILL. TEJALHERA BARLA-BASERA ROAD, MUZAFFRANAGAR",MUZAFFARNAGAR,Unaided - Private,N,N,1-493088031,fetchdata,2017-2018,Engineering and Technology,1,1,1,1,Uttar Pradesh,1
1-3324145227,SHRI RAM POLYTECHNIC,"4TH KM. MILE STONE, ROORKEE ROAD, MUZAFFARNAGAR-251001 (U.P.)",MUZAFFARNAGAR,Unaided - Private,N,N,1-514002281,fetchdata,2017-2018,Engineering and Technology,1,1,1,1,Uttar Pradesh,1
1-3324145673,PANCHWATI INSTITUTE OF POLYTECHNIC,"NH-58, GHAT INSTITUTIONAL AREA, DELHI-HARIDWAR BY-PASS ROAD, MEERUT",MEERUT,Unaided - Private,N,N,1-447854701,fetchdata,2017-2018,Engineering and Technology,1,1,1,1,Uttar Pradesh,1
1-3324145987,JANTA POLYTECHNIC JAHANGIRABAD,"JAHANGIRABAD, BHAIPUR (BULANDSHAHR) U.P. - 202391",BULANDSHAHAR,Govt aided,N,N,1-465940751,fetchdata,2017-2018,Engineering and Technology,1,1,1,1,Uttar Pradesh,1
1-3324146258,"SAROJ INSTITUTE OF TECHNOLOGY & MANAGEMENT, LUCKNOW","AHIMAMAU, 
P.O. ARJUNGANJ,
SULTANPUR RAOD,
LUCKNOW.",LUCKNOW,Unaided - Private,N,N,1-7995104,fetchdata,2017-2018,Engineering and Technology,1,1,1,1,Uttar Pradesh,1
1-3324164725,"BHAGWANT INSTITUTE OF TECHNOLOGY, GHAZIABAD","VILLAGE - PARSOON-GALAND PARGANA-DASNA
NH-24, HAPUR ROAD,
JINDAL NAGAR 
DISTT.- GHAZIABAD (U.P.) 201302",GHAZIABAD,Unaided - Private,N,N,1-16903964,fetchdata,2017-2018,Engineering and Technology,1,1,1,1,Uttar Pradesh,1
1-3324186855,RAJ KUMAR GOEL INSTITUTE OF TECHNOLOGY & MANAGEMENT,"5 KM STONE, DELHI-MEERUT ROAD, NH-58, GHAZIABAD",GHAZIABAD,Unaided - Private,N,N,1-7317231,fetchdata,2017-2018,Engineering and Technology,1,1,1,1,Uttar Pradesh,1
1-3324223111,"CHAUDHARY BEERI SINGH COLLEGE OF ENGINEERING & MANAGEMENT, AGRA","CH. BEERI SINGH COLLEGE OF ENGINEERING & MANAGEMENT,
POIYA, NEAR 400 KV SUB STATION, PILI POKHAR, ALIGARH ROAD, AGRA-282006",AGRA,Unaided - Private,N,N,1-3476931,fetchdata,2017-2018,Engineering and Technology,1,1,1,1,Uttar Pradesh,1
1-3323707053,GCRG MEMORIAL TRUST'S GROUP OF INSTITUTIONS,"VILLAGE-PARVATPUR,
CHANDRIKA DEVI ROAD,
POST-KATHWARA
BAKSHI KA TALAB
DISTT.-LUCKNOW
UTTAR PRADESH",LUCKNOW,Unaided - Private,N,N,1-10294391,fetchdata,2017-2018,Engineering and Technology,1,1,1,1,Uttar Pradesh,1
1-3376392381,NARAINA POLYTECHNIC INSTITUTE,"GANGAGANJ, PANKI, KANPUR",KANPUR NAGAR,Unaided - Private,N,N,,fetchdata,2017-2018,Engineering and Technology,1,1,1,1,Uttar Pradesh,1
1-3324806984,"GOVERNEMENT POLYTECHNIC, MANIKPUR",MANIKPUR,CHITRAKOOT,Government,N,N,1-493511761,fetchdata,2017-2018,Engineering and Technology,1,1,1,1,Uttar Pradesh,1
1-3324850836,DELHI INSTITUTE OF ENGINEERING & TECHNOLOGY,"5TH KM, STONE, PARTAPUR BY PASS ROAD, GHAT INSTITUTIONAL AREA, NH-58, MEERUT, (U.P.)",MEERUT,Unaided - Private,N,N,1-4267091,fetchdata,2017-2018,Engineering and Technology,1,1,1,1,Uttar Pradesh,1
1-3324852573,GOVT. POLYTECHNIC CHHABILHAKHOR SADAR BASTI,GOVT. POLYTECHNIC CHHABILHAKHOR BASTI,BASTI,Government,N,N,1-2102064451,fetchdata,2017-2018,Engineering and Technology,1,1,1,1,Uttar Pradesh,1
1-3324895932,"GOVERNMENT POLYTECHNIC, ALAPUR, BUDAUN","VILL- NANDU PATTI, ALAPUR, TEHSIL - DATAGANJ, FARRUKHABAD ROAD, BUDAUN",BUDAUN,Government,N,N,1-2097242801,fetchdata,2017-2018,Engineering and Technology,1,1,1,1,Uttar Pradesh,1
1-3324932685,"MMIT, KANPUR DEHAT","MATI,
AKBARPUR",RAMABAI NAGAR (KANPUR DEHAT),Government,N,N,1-2856836681,fetchdata,2017-2018,Engineering and Technology,1,1,1,1,Uttar Pradesh,1
1-3324932842,SVS POLYTECHNIC,"HASTINAPUR ROAD,",MEERUT,Unaided - Private,N,N,1-458571121,fetchdata,2017-2018,Engineering and Technology,1,1,1,1,Uttar Pradesh,1
1-3324975787,CHANDAULI POLYTECHNIC CHANDAULI,CHANDAULI POLYTECHNIC CHANDAULI,CHANDAULI,Govt aided,N,N,1-489218631,fetchdata,2017-2018,Engineering and Technology,1,1,1,1,Uttar Pradesh,1
1-3324979168,INSTITUTE OF TECHNOLOGY & MANAGEMENT,"12TH KM  STONE , MEERUT-BAGHPAT ROAD ,PANCHLI KHURD",MEERUT,Unaided - Private,N,N,1-5320601,fetchdata,2017-2018,Engineering and Technology,1,1,1,1,Uttar Pradesh,1
1-3325036086,MAHAMAYA IT POLYTECHNIC KANNAUJ,"MMIT ANAUGI, KANNAUJ",KANNAUJ,Government,N,N,1-2848003131,fetchdata,2017-2018,Engineering and Technology,1,1,1,1,Uttar Pradesh,1
1-3325036164,J. R. POLYTECHNIC,"VILL-MITTHAULI
POST-BAJNA
DISTT-MATHURA",MATHURA,Unaided - Private,N,N,1-485220721,fetchdata,2017-2018,Engineering and Technology,1,1,1,1,Uttar Pradesh,1
1-3325036322,GOVERNMENT POLYTECHNIC KIRTHAL CHAPRAULI BAGPHAT,"GOVERNMENT POLYTECHNIC,KIRTHAL,CHAPRAULI,TEHSIL- BARAUT, DISTRICT-BAGHPAT UP 250617",BAGPAT,Government,N,N,1-2842045301,fetchdata,2017-2018,Engineering and Technology,1,1,1,1,Uttar Pradesh,1
1-3325036414,GOVERNMENT POLYTECHNIC,"KENAURA,
LAMBHUA
SULTANPUR
UTTAR PRADESH",SULTANPUR,Government,N,N,1-2858236601,fetchdata,2017-2018,Engineering and Technology,1,1,1,1,Uttar Pradesh,1
1-3325057343,BABA SAHEB AMBEDKAR POLYTECHNIC,VILL- NAGLA JHINGA POST- MAGORRA MATHURA,MATHURA,Unaided - Private,N,N,1-2872710151,fetchdata,2017-2018,Engineering and Technology,1,1,1,1,Uttar Pradesh,1
1-3324586134,R. D. FOUNDATION GROUP OF INSTITUTIONS,"NH-58, KADRABAD, MODINAGAR,",GHAZIABAD,Unaided - Private,N,N,1-6252241,fetchdata,2017-2018,Engineering and Technology,1,1,1,1,Uttar Pradesh,1
1-3324586781,ANAND ENGINEERING COLLEGE,"N. H. 2, AGRA - MATHURA HIGHWAY, KEETHAM",AGRA,Unaided - Private,N,N,1-9292671,fetchdata,2017-2018,Engineering and Technology,1,1,1,1,Uttar Pradesh,1
1-3324631644,DNM INSTITUTE OF ENGINEERING & TECHNOLOGY," VILLAGE-  SARAI SHEHZADI,
PARGANA- BIJNAUR,
P.O. BANTHARA
LUCKNOW
PIN- 227101",LUCKNOW,Unaided - Private,N,N,1-474054481,fetchdata,2017-2018,Engineering and Technology,1,1,1,1,Uttar Pradesh,1
1-3324634427,BHAGWANT INSTITUTE OF TECHNOLOGY,"BHAGWANTPURAM, 17TH MILE STONE
BIJNOR-DELHI HIGHWAY
DISTT.- MUZAFFARNAGAR 
(U.P.)-251315",MUZAFFARNAGAR,Unaided - Private,N,N,1-16872534,fetchdata,2017-2018,Engineering and Technology,1,1,1,1,Uttar Pradesh,1
1-3324636233,"TOWN POLYTECHNIC,BALLIA","TIKHAM PUR
BALLIA",BALLIA,Govt aided,N,N,1-492974821,fetchdata,2017-2018,Engineering and Technology,1,1,1,1,Uttar Pradesh,1
1-3324672834,SHIVAM TECHNICAL CAMPUS,JUNCTION ROAD,BULANDSHAHAR,Unaided - Private,N,N,1-481174431,fetchdata,2017-2018,Engineering and Technology,1,1,1,1,Uttar Pradesh,1
1-3324713366,GOVERNMENT POLYTECHNIC MADHOGARH,PRINCIPAL GOVERNMENT POLYTECHNIC MADHOGARH (JALAUN)UP,JALAUN,Government,N,N,1-514159911,fetchdata,2017-2018,Engineering and Technology,1,1,1,1,Uttar Pradesh,1
1-3324715054,AXIS INSTITUTE OF TECHNOLOGY AND MANAGEMENT,"VILL-HATHIPUR,
KANPUR SADAR",KANPUR NAGAR,Unaided - Private,N,N,1-5977441,fetchdata,2017-2018,Engineering and Technology,1,1,1,1,Uttar Pradesh,1
1-3324763627,DR. K.N. MODI  ENGINEERING COLLEGE,"HAPUR ROAD,
NEAR EYE HOSPITAL
MODINAGAR-201204
DISTT. GHAZIABAD.",GHAZIABAD,Unaided - Private,N,N,1-14677794,fetchdata,2017-2018,Engineering and Technology,1,1,1,1,Uttar Pradesh,1
1-3324807103,"GOVERNMENT POLYTECHNIC, DEORIA","PO- G.I.ESTATE
GORAKHPUR-DEORIA ROAD
DISTT- DEORIA (U.P)",DEORIA,Government,N,N,1-480403641,fetchdata,2017-2018,Engineering and Technology,1,1,1,1,Uttar Pradesh,1
1-3324810919,BABU BANARSI DAS INSTITUTE OF TECHNOLOGY,"7TH K.M. FROM GHAZIABAD ON N.H. 58, DELHI-MEERUT ROAD, DUHAI, GHAZIABAD (U.P.)",GHAZIABAD,Unaided - Private,N,N,1-5551151,fetchdata,2017-2018,Engineering and Technology,1,1,1,1,Uttar Pradesh,1
1-3324852706,GOVERNMENT POLYTECHNIC SARSAI RATH HAMIRPUR,GOVERNMENT POLYTECHNIC SARSAI RATH HAMIRPUR,HAMIRPUR,Government,N,N,1-2103006811,fetchdata,2017-2018,Engineering and Technology,1,1,1,1,Uttar Pradesh,1
1-3324852770,"GOVERNMENT POLYTECHNIC, KURU, PINDRA, VARANASI","KURU, PINDRA, VARANASI",VARANASI,Government,N,N,1-2100025201,fetchdata,2017-2018,Engineering and Technology,1,1,1,1,Uttar Pradesh,1
1-3324896511,MAA BHAGWATI EDUCATIONAL INSTITUTE,"SATRIKH ROAD, NEAR INDIRA CANAL,
VILLAGE -JUGGAUR,
CHINHAT,
LUCKNOW.",LUCKNOW,Unaided - Private,N,N,1-451018511,fetchdata,2017-2018,Engineering and Technology,1,1,1,1,Uttar Pradesh,1
1-3324935414,KUNWAR SATYAVIRA COLLEGE OF ENGINEERING AND MANAGEMENT,"VIRA COLLEGE OF ENGINEERING
BARRAGE ROAD
OPP. NEW TELEPHONE EXCHANGE
BIJNOR-246701",BIJNOR,Unaided - Private,N,N,1-9757731,fetchdata,2017-2018,Engineering and Technology,1,1,1,1,Uttar Pradesh,1
1-3400443061,RADHA VALLABH INSTITUTE OF TECHNOLOGY,EMAMPUR KUTHAN,JAUNPUR,Unaided - Private,N,N,,fetchdata,2017-2018,Engineering and Technology,1,1,1,1,Uttar Pradesh,1
1-3325036509,ITM POLYTECHNIC,"AL-1, SECTOR-7, GIDA, GORAKHPUR,",GORAKHPUR,Unaided - Private,N,N,1-2846165611,fetchdata,2017-2018,Engineering and Technology,1,1,1,1,Uttar Pradesh,1
1-3325057433,MAHAMAYA POLYTECHNIC OF INFORMATION  TECHNOLOGY,"KATHARA 
CHAIL 
KAUSHAMBI",KAUSHAMBI,Government,N,N,1-2869437751,fetchdata,2017-2018,Engineering and Technology,1,1,1,1,Uttar Pradesh,1
1-3325057464,"MAHAMAYA POLYTECHNIC OF INFORMATION TECHNOLOGY,  LENGADI GOOLAR, SRAVASTI","VILL  LENGADI GOOLAR 
POST VIJAYPUR SISAWAAN
TESHIL IKAUNA
DISTT SHRAVASTI
STATE UTTAR PRADESH
PIN 271835",SHRAVASTI,Government,N,N,1-2871779871,fetchdata,2017-2018,Engineering and Technology,1,1,1,1,Uttar Pradesh,1
1-3324551810,U.P COLLEGE OF POLYTECHNIC FOR RESEARCH,"VPO-KAMALPUR, TEHSIL-BEHAT, DISTT. SAHARANPUR",SAHARANPUR,Unaided - Private,N,N,1-463246411,fetchdata,2017-2018,Engineering and Technology,1,1,1,1,Uttar Pradesh,1
1-3324552157,MUKDAM BIHARI LAL COLLEGE OF TECHNOLOGY AND MANAGEMENT,"NH-2,
MAHUAN,
FARAH,
MATHURA,",MATHURA,Unaided - Private,N,N,1-442049281,fetchdata,2017-2018,Engineering and Technology,1,1,1,1,Uttar Pradesh,1
1-3324552409,"GOVERNMENT POLYTECHNIC,KURSI ROAD,BARABANKI","KURSI ROAD
FATEHPUR
BARABANKI",BARABANKI,Government,N,N,1-1555647901,fetchdata,2017-2018,Engineering and Technology,1,1,1,1,Uttar Pradesh,1
1-3324552505,GOVT. POLYTECHNIC CHANGIPUR (CHANDPUR) BIJNOR,"VILL. CHANGIPUR
NOORPUR -MORADABAD ROAD, NEAR GOHAVAR, TEHSIL- CHANDPUR DIST. BIJNOR (UP)",BIJNOR,Government,N,N,1-1555320081,fetchdata,2017-2018,Engineering and Technology,1,1,1,1,Uttar Pradesh,1
1-3324675585,DR VIJAY INSTITUTE OF EDUCATION AND TECHNOLOGY,"VILLAGE- BHANDAHA KALA, POST- KAITHI, NH-29, VARANASI",VARANASI,Unaided - Private,N,Y,1-2510067141,fetchdata,2017-2018,Engineering and Technology,1,1,1,1,Uttar Pradesh,1
1-3324715467,LUCKNOW MODEL INSTITUTE OF TECHNOLOGY & MANAGEMENT,"LUCKNOW MODEL INSTITUTE OF TECHNOLOGY & MANAGEMENT
4.0 K.M. STONE MOHANLALGANJ - KANPUR ROAD BYPASS
VILLAGE: BHASANDA, PARGANA - NIGOHA
TEHSIL: MOHANLALGANJ
JANPAD LUCKNOW, U.P.",LUCKNOW,Unaided - Private,N,N,1-8909931,fetchdata,2017-2018,Engineering and Technology,1,1,1,1,Uttar Pradesh,1
1-3324854928,INDRAPRASTHA INSTITUTE OF TECHNOLOGY,"NH 24, VILLAGE SHAHWAJPUR KALAN, POST - RAJABPUR, DISTT.
JYOTIBA PHULLEY NAGAR -UP",JYOTIBA PHULE NAGAR,Unaided - Private,N,N,1-6419651,fetchdata,2017-2018,Engineering and Technology,1,1,1,1,Uttar Pradesh,1
1-3324855414,MAHAVEER INSTITUTE OF  TECHNOLOGY,"VILL-POHALLI,POST-DABATHUWA,TEHSIL-SARDHANA",MEERUT,Unaided - Private,N,N,1-449917701,fetchdata,2017-2018,Engineering and Technology,1,1,1,1,Uttar Pradesh,1
1-3324855787,GOVERNMENT LEATHER INSTITUTE KANPUR,"11/208 A SOUTERGANJ PARWATI BAGLA ROAD,
KANPUR 208001",KANPUR NAGAR,Government,N,N,1-474135851,fetchdata,2017-2018,Engineering and Technology,1,1,1,1,Uttar Pradesh,1
1-3324900960,DR. M.C. SAXENA COLLEGE OF ENGINEERING & TECHNOLOGY,"171, BARAWANKALA, MALL ROAD,
IIM-DUBAGGA BYPASS, LUCKNOW",LUCKNOW,Unaided - Private,N,N,1-39287261,fetchdata,2017-2018,Engineering and Technology,1,1,1,1,Uttar Pradesh,1
1-3324937295,"SHANTI POLYTECHNIC [CE, CE(E&PC), ME(A), ME(P), EE","KURALI BAGHPAT ROAD,MEERUT",MEERUT,Unaided - Private,N,N,1-455197861,fetchdata,2017-2018,Engineering and Technology,1,1,1,1,Uttar Pradesh,1
1-3324937528,MAHA MANAV GAUTAM BUDDHA POLYTECHNIC," BANKATI KHURD, AHIRAULI",GORAKHPUR,Unaided - Private,N,N,1-492831601,fetchdata,2017-2018,Engineering and Technology,1,1,1,1,Uttar Pradesh,1
1-3324981667,RADHA GOVIND INSTITUTE OF TECHNOLOGY & MANAGEMENT,7TH KM KUNDERKI ROAD NEAR RTO OFFICE 2 KM AHEAD MORADABAD U.P PIN 244001,MORADABAD,Unaided - Private,N,N,1-2494430421,fetchdata,2017-2018,Engineering and Technology,1,1,1,1,Uttar Pradesh,1
1-3325036776,UNIVERSITY POLYTECHNIC,"ZAKAULLAH ROAD 
ALIGARH MUSLIM UNIVERSITY
ALIGARH",ALIGARH,Central University,N,N,,fetchdata,2017-2018,Engineering and Technology,1,1,1,1,Uttar Pradesh,1
1-3325039177,GOVERNMENT POLYTECHNIC NIKARIKA RAJGARH MIRZAPUR,"VILLAGE: NIKARIKA,POST:RAJGARH,TEHSIL:MADIHAN, MIRZAPUR",MIRZAPUR,Government,N,N,1-2853619771,fetchdata,2017-2018,Engineering and Technology,1,1,1,1,Uttar Pradesh,1
1-3324552688,"GOVT GIRLS POLYTECHNIC, GORAKHPUR","ASURAN CHOWK, MEDICAL ROAD",GORAKHPUR,Government,Y,N,1-475533653,fetchdata,2017-2018,Engineering and Technology,1,1,1,1,Uttar Pradesh,1
1-3324554103,SHIVDAN SINGH INSTITUTE OF TECHNOLOGY & MANAGEMENT,"10TH KM STONE ALIGARH MATHURA ROAD, ALIGARH",ALIGARH,Unaided - Private,N,N,1-5368091,fetchdata,2017-2018,Engineering and Technology,1,1,1,1,Uttar Pradesh,1
1-3324597073,APEX INSTITUTE OF TECHNOLOGY,"VILL. & PO KAUSHALGANJ, DISTT.- RAMPUR (U.P.),6 KM AWAY FROM RUDRAPUR, PIN CODE -244923",RAMPUR,Unaided - Private,N,N,1-10083071,fetchdata,2017-2018,Engineering and Technology,1,1,1,1,Uttar Pradesh,1
1-3324640997,MAHARAJA AGRASEN POLYTECHNIC COLLEGE,VILLAGE & POST : DAYANATPUR DISTRICT : GAUTAM BUDH NAGAR (U.P.),G B NAGAR,Unaided - Private,N,N,1-482629801,fetchdata,2017-2018,Engineering and Technology,1,1,1,1,Uttar Pradesh,1
1-3324679961,SWAMI KALYAN DEV POLYTECHNIC INSTITUITE,VILL-BEHRA SADAT.POST-KAKRAULI.,MUZAFFARNAGAR,Unaided - Private,N,N,1-503599301,fetchdata,2017-2018,Engineering and Technology,1,1,1,1,Uttar Pradesh,1
1-3324718649,UNIVERSITY INSTITUTE OF ENGINEERING AND TECHNOLOGY,"CSJM UNIVERSITY
KALYANPUR
KANPUR",KANPUR NAGAR,University Managed-Govt,N,N,1-34374804,fetchdata,2017-2018,Engineering and Technology,1,1,1,1,Uttar Pradesh,1
1-3324769029,SHREE SAI COLLEGE OF EDUCATION OF TECHNOLOGY,VILLAGE & POST-JANGETHI (NEAR P.H.C. GHASOLI) SARDHANA ROAD,MEERUT,Unaided - Private,N,N,1-833085941,fetchdata,2017-2018,Engineering and Technology,1,1,1,1,Uttar Pradesh,1
1-3324769276,UNITECH INSTITUTE OF ENGINEERING AND TECHNOLOGY,"VILL-KAILAHAT, PO-PACHEWARA
DISTT-MIRZAPUR, UP
PIN-231305",MIRZAPUR,Unaided - Private,N,N,1-2494796871,fetchdata,2017-2018,Engineering and Technology,1,1,1,1,Uttar Pradesh,1
1-3324769352,NEELKANTH INSTITUTE OF TECHNOLOGY,"NH-58, NEAR SVBP AGRICULTURE UNIVERISTY,MEERUT",MEERUT,Unaided - Private,N,N,1-13635421,fetchdata,2017-2018,Engineering and Technology,1,1,1,1,Uttar Pradesh,1
1-3324813405,R.N. POLYTECHNIC COLLEGE,"OPP. PANDVESHWAR MAHADEV MANDIR, HASTINAPUR",MEERUT,Unaided - Private,N,N,1-806968231,fetchdata,2017-2018,Engineering and Technology,1,1,1,1,Uttar Pradesh,1
1-3324813658,R. R. INSTITUTE OF MODERN TECHNOLOGY,"VILL.- BHAISAMAU, NH-24, BAKSHI KA TALAB,
SITAPUR ROAD, LUCKNOW-227202",LUCKNOW,Unaided - Private,N,N,1-5511961,fetchdata,2017-2018,Engineering and Technology,1,1,1,1,Uttar Pradesh,1
1-3324819077,"GOVERNMENT POLYTECHNIC, BHILIHILI, AZAMGARH(CENTRALLY ASSISTED)","VILL- BHILIHILI, P.O.- TARWA",AZAMGARH,Government,N,N,1-515044431,fetchdata,2017-2018,Engineering and Technology,1,1,1,1,Uttar Pradesh,1
1-3324819153,RAMESHWARAM INSTITUTE OF TECHNOLOGY & MANAGEMENT,"GOVIND PURAM, 
NEAR SEWA HOSPITAL, 
SITAPUR ROAD, 
LUCKNOW",LUCKNOW,Unaided - Private,N,N,1-5796654,fetchdata,2017-2018,Engineering and Technology,1,1,1,1,Uttar Pradesh,1
1-3324857129,SHREE  BALAJI POLYTECHNIC COLLEGE,BAGHPAT ROAD KURALI,MEERUT,Unaided - Private,N,N,1-477750473,fetchdata,2017-2018,Engineering and Technology,1,1,1,1,Uttar Pradesh,1
1-3324857409,DR. DASHRATH CHAUDHARY NATIONAL POLYTECHNIC,BANSI (SIDDHARTH NAGAR),SIDDHARTHNAGAR,Unaided - Private,N,N,1-479595311,fetchdata,2017-2018,Engineering and Technology,1,1,1,1,Uttar Pradesh,1
1-3324903425,MAHATMA GANDHI UNIVERSE INSTITUTE (MGUI),"MILE STONE -46, NH#25
LUCKNOW- KANPUR HIGHWAY JAGDISHPUR
NAWABGANJ AJGAIN, UNNAO",UNNAO,Unaided - Private,N,Y,1-28640291,fetchdata,2017-2018,Engineering and Technology,1,1,1,1,Uttar Pradesh,1
1-3324937727,ANSAL TECHNICAL CAMPUS,"SECTOR-C, POCKET-9, SUSHANT GOLF CITY, LUCKNOW",LUCKNOW,Unaided - Private,N,N,1-426785831,fetchdata,2017-2018,Engineering and Technology,1,1,1,1,Uttar Pradesh,1
1-3324939258,P.C.P.S. COLLEGE OF TECHNOLOGY & MANAGEMENT,"P.C.P.S. COLLEGE OF TECHNOLOGY & MANAGEMENT
VILL+POST:- USPHAR SONKH ROAD,
MATHURA.",MATHURA,Unaided - Private,N,N,1-416775421,fetchdata,2017-2018,Engineering and Technology,1,1,1,1,Uttar Pradesh,1
1-3324981816,"MAHAMAYA GOVERNMENT POLYTECHNIC OF INFORMATION TECHNOLOGY,  GORAKHPUR","HARIHARPUR,
TAHSEEL- KHAJANI,
DISTT.- GORAKHPUR
U.P.",GORAKHPUR,Government,N,N,1-492711691,fetchdata,2017-2018,Engineering and Technology,1,1,1,1,Uttar Pradesh,1
1-3324981882,INFINITY INSTITUTE OF TECHNOLOGY,"VILL.TIKARI PARGANA-ARAIL, TEHSIL-BARA",ALLAHABAD,Unaided - Private,N,N,1-454008531,fetchdata,2017-2018,Engineering and Technology,1,1,1,1,Uttar Pradesh,1
1-3325039401,GOVERNMENT POLYTECHNIC DEBAI BULANDSHAHR,DORAYA CHORAYA BEHIND DEBAI TEHSIL DEBAI,BULANDSHAHAR,Government,N,N,1-2852110421,fetchdata,2017-2018,Engineering and Technology,1,1,1,1,Uttar Pradesh,1
1-3325061127,MAHAMAYA POLYTECHNIC FOR INFORMATION TECHNOLOGY,ALIGARH,ALIGARH,Government,N,N,1-2872744181,fetchdata,2017-2018,Engineering and Technology,1,1,1,1,Uttar Pradesh,1
1-3324555666,KM. MAYAWATI GOVERMENT GIRLS POLYTECHNIC,SADOPUR KI JHAL BADALPUR,GAUTAM BUDDHA NAGAR,Government,Y,N,1-460908921,fetchdata,2017-2018,Engineering and Technology,1,1,1,1,Uttar Pradesh,1
1-3324555813,HINDUSTAN INSTITUTE OF TECHNOLOGY AND MANAGEMENT,"AGRA-DELHI HIGHWAY (NH-2), P.O. KEETHAM, AGRA â 282007 
CHAUMA-FARAH
KEETHAM 
AGRA
282007
UTTAR PRADESH",AGRA,Unaided - Private,N,N,1-4594595,fetchdata,2017-2018,Engineering and Technology,1,1,1,1,Uttar Pradesh,1
1-3324597607,S.D.POLYTECHNIC,"S.D.POLYTECHNIC,  MUZAFFARNAGAR",MUZAFFARNAGAR,Unaided - Private,N,N,1-427088941,fetchdata,2017-2018,Engineering and Technology,1,1,1,1,Uttar Pradesh,1
1-3384352531,NIRMALA DEVI POLYTECHNIC COLLEGE,NAYANSAND NEAR GAURABASHAHAPUR THANA,JAUNPUR,Unaided - Private,N,N,,fetchdata,2017-2018,Engineering and Technology,1,1,1,1,Uttar Pradesh,1
1-3324641424,SHANTI NIKETAN GROUP OF INSTITUTIONS,"VILLAGE-IKLA, GOON-GEJHA ROAD, MOHIUDDINPUR-250 205, MEERUT (U.P.)",MEERUT,Unaided - Private,N,N,1-4866573,fetchdata,2017-2018,Engineering and Technology,1,1,1,1,Uttar Pradesh,1
1-3324771188,SHRI JEET RAM SMARAK INSTITUTE OF ENGINEERING & TECHNOLOGY,"VILL. KHATA BHANDSAR ROAD
PO-BHANDSAR RITHORA",BAREILLY,Unaided - Private,N,N,1-14776451,fetchdata,2017-2018,Engineering and Technology,1,1,1,1,Uttar Pradesh,1
1-3324819688,"SOCIETY OF ADVANCED MANAGEMENT STUDIES, INSTITUTE OF TECHNOLOGY","BHELKHAN (NEAR VYAS BAGH HANUMAN MANDIR) SHIVPUR - AIRPORT ROAD, VARANASI",VARANASI,Unaided - Private,N,N,1-561580431,fetchdata,2017-2018,Engineering and Technology,1,1,1,1,Uttar Pradesh,1
1-3324857648,K L S INSTITUTE OF ENGINEERING & TECHNOLOGY,20TH MILESTONE BIJNOR- HARIDWAR ROAD VILL - KUDAHERI NEAR CHANDOK DISTT. BIJNOR (U.P),BIJNOR,Unaided - Private,N,N,1-5523291,fetchdata,2017-2018,Engineering and Technology,1,1,1,1,Uttar Pradesh,1
1-3324861225,BHONWAL  SCHOOL OF ENGINEERING,"NATKUR, BIJNAUR-
BANTHRA ROAD, LUCKNOW",LUCKNOW,Unaided - Private,N,N,1-796189501,fetchdata,2017-2018,Engineering and Technology,1,1,1,1,Uttar Pradesh,1
1-3324939648,NANDINI NAGAR TECHNICAL CAMPUS,"NANDINI NAGAR MAHAVIDYALAYA SAMITI ,
VILLAGE- TURKAULI
POST- NAWABGANJ
DISTRICT- GONDA
UTTAR PRADESH",GONDA,Unaided - Private,N,N,1-746040221,fetchdata,2017-2018,Engineering and Technology,1,1,1,1,Uttar Pradesh,1
1-3324942094,"GOVERNMENT POLYTECHNIC , MAINPURI",AGRA ROAD MAINPURI,MAINPURI,Government,N,N,1-518660891,fetchdata,2017-2018,Engineering and Technology,1,1,1,1,Uttar Pradesh,1
1-3324942217,IDEAL INSTITUTE OF TECHNOLOGY,"SADARPUR- SIKROAD,BEHIND GOVINDPURAM,POST BOX NO. 62,GHAZIABAD 201003 UP",GHAZIABAD,Unaided - Private,N,N,1-3680181,fetchdata,2017-2018,Engineering and Technology,1,1,1,1,Uttar Pradesh,1
1-3324984520,TRIDENT ET GROUP OF INSTITUTIONS,"N.H-58, MORTA, DELHI-MEERUT ROAD, GHAZIABAD-201003",GHAZIABAD,Unaided - Private,N,N,1-7811791,fetchdata,2017-2018,Engineering and Technology,1,1,1,1,Uttar Pradesh,1
1-3325039893,GOVERNMENT POLYTECHNIC  BHAURAHI CHUNAR MIRZAPUR,"VILLAGE: BHAURAHI
TEHSIL: CHUNAR
DIST: MIRZAPUR
PIN: 231304",MIRZAPUR,Government,N,N,1-2863306591,fetchdata,2017-2018,Engineering and Technology,1,1,1,1,Uttar Pradesh,1
1-3325042927,"GOVERNMENT POLYTECHNIC, PURANPUR (PILIBHIT)","GOVERNMENT POLYTECHNIC,VILL-TANDA GULABRAI, MADHOTANDA ROAD, PURANPUR DISTT-PILIBHIT (U.P.)",PILIBHIT,Government,N,N,1-2848956891,fetchdata,2017-2018,Engineering and Technology,1,1,1,1,Uttar Pradesh,1
1-3325061342,GOVERNMENT POLYTECHNIC SENDURIA  SONEBHADRA (CENTRAL GOVERNMENT),SENDURIA CHOPAN SONEBHADRA,SONBHADRA,Government,N,N,1-2880028531,fetchdata,2017-2018,Engineering and Technology,1,1,1,1,Uttar Pradesh,1
1-3325061429,RAJKIYA ENGINEERING COLLEGE,"JALILPUR BLOCK ROAD NEAR IDGAH
CHANDPUR BIJNOR",BIJNOR,Govt aided,N,N,1-2878935254,fetchdata,2017-2018,Engineering and Technology,1,1,1,1,Uttar Pradesh,1
1-3324557863,SUNDER DEEP GROUP OF INSTITUTIONS,NH-24 DELHI- HAPUR ROAD,GHAZIABAD,Unaided - Private,N,N,1-3199093,fetchdata,2017-2018,Engineering and Technology,1,1,1,1,Uttar Pradesh,1
1-3324600564,MADHU VACHASPATI INSTITUTE OF ENGIENEERING & TECHNOLOGY,"VILL: RASOOLABAD, KOILAHA, G.T.ROAD,
KAUSHAMBI",KAUSHAMBI,Unaided - Private,N,N,1-8469061,fetchdata,2017-2018,Engineering and Technology,1,1,1,1,Uttar Pradesh,1
1-3324602949,AMANI GROUP OF INSTITUTIONS,BIJNOR ROAD AMROHA,J P NAGAR,Unaided - Private,N,N,1-1451378891,fetchdata,2017-2018,Engineering and Technology,1,1,1,1,Uttar Pradesh,1
1-3324603236,PRINCE INSTITUTE OF INNOVATIVE TECHNOLOGY GR. NOIDA,"PLOT NO.- 9, KNOWLEDGE PARK-III, GREATER NOIDA",GAUTAM BUDDHA NAGAR,Unaided - Private,N,N,1-15151891,fetchdata,2017-2018,Engineering and Technology,1,1,1,1,Uttar Pradesh,1
1-3324641860,GOVERNMENT POLYTECHNIC  KALCHINHA CHITRAKOOT,GOVERNMENT POLYTECHNIC KALCHINHA     VIL - KALCHINHA  POST BARGARH DIST - CHITRAKOOT,CHITRAKOOT,Government,N,N,1-1538603311,fetchdata,2017-2018,Engineering and Technology,1,1,1,1,Uttar Pradesh,1
1-3324644065,"GOVT. POLYTECHNIC,PILIBHIT(U.P)","GOVT. POLYTECHNIC,BILGAUN ROAD",PILIBHIT,Government,N,N,1-486883911,fetchdata,2017-2018,Engineering and Technology,1,1,1,1,Uttar Pradesh,1
1-3324721543,URMILA COLLEGE OF TECHNOLOGY @ MANAGEMENT,"VILLAGE- POST- KOTSARAI, TAHSIL- SOHAWAL, FAIZABAD",FAIZABAD,Unaided - Private,N,N,1-463799471,fetchdata,2017-2018,Engineering and Technology,1,1,1,1,Uttar Pradesh,1
1-3324722986,SETH SRINIWAS AGARWAL INSTITUTE OF ENGINEERING & TECHNOLOGY,"S.S.A KNOWLEDGE PARK, G.T. ROAD (2 KM.FROM I.I.T), NARAMAU, KANPUR",KANPUR NAGAR,Unaided - Private,N,N,1-5772171,fetchdata,2017-2018,Engineering and Technology,1,1,1,1,Uttar Pradesh,1
1-3324771870,SEVDIE INSTITUTE OF MANAGEMENT & TECHNOLOGY,"CHINHAT-DEVA ROAD, NEAR TELCO INDUSTRIAL AREA, LUCKNOW",LUCKNOW,Unaided - Private,N,N,1-476291461,fetchdata,2017-2018,Engineering and Technology,1,1,1,1,Uttar Pradesh,1
1-3324862926,MAHAVEER INSTITUTE OF ENGINEERING AND TECHNOLOGY,"VILLAGE-POHALLI,POST OFFICE-DABATHUWA,TEHSIL-SARDHANA,MEERUT",MEERUT,Unaided - Private,N,N,1-3874391,fetchdata,2017-2018,Engineering and Technology,1,1,1,1,Uttar Pradesh,1
1-3324909058,GREATER NOIDA COLLEGE OF TECHNOLOGY,"PLOT NO. 6-B, KNOWLEDGE PARK - II,",GAUTHAM BUDDHA NAGAR,Unaided - Private,N,N,1-819657251,fetchdata,2017-2018,Engineering and Technology,1,1,1,1,Uttar Pradesh,1
1-3324944672,"INSTITUTE OF TOOL ROOM TRAINING U.P.,LUCKNOW","A/1 AMAUSI INDUSTRIAL AREA,NADARGANJ,KANPUR ROAD,LUCKNOW-226008",LUCKNOW,Govt aided,N,N,1-510006321,fetchdata,2017-2018,Engineering and Technology,1,1,1,1,Uttar Pradesh,1
1-3324944783,GOVT.POLYTECHNIC GHATAMPUR,"RAMSARI ROAD
GHATAMPUR
KANPUR",KANPUR NAGAR,Government,N,N,1-506477541,fetchdata,2017-2018,Engineering and Technology,1,1,1,1,Uttar Pradesh,1
1-3324944893,SITAPUR SHIKSHA SANSTHAN GROUP OF INSTITUTIONS,"RESORA ,SITAPUR",SITAPUR,Unaided - Private,N,N,1-11478661,fetchdata,2017-2018,Engineering and Technology,1,1,1,1,Uttar Pradesh,1
1-3325042995,ASIAN INSTITUTE OF RURAL TECHNOLOGY,"VILLAGE-SEKHUPUR,POST-BAGHPUR,KANPUR DEHAT",RAMABAI NAGAR (KANPUR DEHAT),Unaided - Private,N,N,1-2845390761,fetchdata,2017-2018,Engineering and Technology,1,1,1,1,Uttar Pradesh,1
1-3325043084,FACULTY OF ENGINEERING,"DELHI ROAD NH-24
MORADABAD PIN NO-
244001",MORADABAD,University Managed-Private,N,Y,1-2867621131,fetchdata,2017-2018,Engineering and Technology,1,1,1,1,Uttar Pradesh,1
1-3325061719,MAA BHAGAUTA KUNWAR INSTITUTE OF POLYTECHNIC,"VILL- BASTI, TEHSIL- MOHAMMADABAD GOHNA, POST- KHIRIYAN, DISTT- MAU",MAU,Unaided - Private,N,N,1-2882361701,fetchdata,2017-2018,Engineering and Technology,1,1,1,1,Uttar Pradesh,1
1-3325061791,BAIJNATH RAMNARESH COLLEGE OF TECHNOLOGY,"VILL- TELHUA CHAKWALLI KAZIPUR, POST- CHIRRIAYAKOT",AZAMGARH,Unaided - Private,N,N,1-2879705251,fetchdata,2017-2018,Engineering and Technology,1,1,1,1,Uttar Pradesh,1
1-3325064058,AMARDEEP POLYTECHNIC COLLEGE,"VILL-KAKRAU, JALESAR ROAD, POST- FIROZABAD",FIROZABAD,Unaided - Private,N,N,1-2883352741,fetchdata,2017-2018,Engineering and Technology,1,1,1,1,Uttar Pradesh,1
1-3324603569,KANPUR INSTITUTE OF TECHNOLOGY,"A-1 UPSIDC INDUSTRIAL AREA
ROOMA",KANPUR NAGAR,Unaided - Private,N,N,1-8069644,fetchdata,2017-2018,Engineering and Technology,1,1,1,1,Uttar Pradesh,1
1-3324644653,RISHI INSTITUTE OF ENGINNERING AND TECHNOLOGY,"DELHI-DEHRADUN BYPASS ROAD, PARTAPUR, MEERUT-250103",MEERUT,Private-Aided,N,N,1-9408471,fetchdata,2017-2018,Engineering and Technology,1,1,1,1,Uttar Pradesh,1
1-3324687958,SARASWATI HIGHER EDUCATION AND TECHNICAL COLLEGE OF ENGINEERING,"NH-56 AIRPORT ROAD NR GAS PLANT 
BABATPUR VARANASI",VARANASI,Unaided - Private,N,N,1-14863571,fetchdata,2017-2018,Engineering and Technology,1,1,1,1,Uttar Pradesh,1
1-3324723297,RAJ KUMAR GOEL INSTITUE OF TECHNOLOGY,"5 KM. STONE DELHI-MEERUT ROAD, GHAZIABAD (U.P.)",GHAZIABAD,Unaided - Private,N,N,1-24371465,fetchdata,2017-2018,Engineering and Technology,1,1,1,1,Uttar Pradesh,1
1-3324773504,KRISHNA ENGINEERING COLLEGE,"95, LONI ROAD NEAR HINDON AIR FORCE STATION, MOHAN NAGAR",GHAZIABAD,Unaided - Private,N,N,1-2825941,fetchdata,2017-2018,Engineering and Technology,1,1,1,1,Uttar Pradesh,1
1-3324775355,DEV INSTITUTE OF TECHNICAL EDUCATION,"BARHAN ETMADPUR
AGRA",AGRA,Unaided - Private,N,N,1-475295651,fetchdata,2017-2018,Engineering and Technology,1,1,1,1,Uttar Pradesh,1
1-3324863198,RAJSHREE INSTITUTE OF MANAGEMENT & TECHNOLOGY,"VILLAGE-LABHERA TEHSIL-NAWABGANJ,BAREILLY",BAREILLY,Unaided - Private,N,N,1-21575861,fetchdata,2017-2018,Engineering and Technology,1,1,1,1,Uttar Pradesh,1
1-3324865069,MAHARANA PRATAP ENGINEERING COLLEGE,"430, INDRAPURI, SHARDA NAGAR, KANPUR U.P.",KANPUR NAGAR,Unaided - Private,N,N,1-21127301,fetchdata,2017-2018,Engineering and Technology,1,1,1,1,Uttar Pradesh,1
1-3324866940,SHAHEED VIRENDRA SINGH SIROHI INSTITUTE OF TECHNOLOGY,"VILLAGE-SUJGAWAN,
POST-RURGAON,",RAMABAI NAGAR (KANPUR DEHAT),Unaided - Private,N,N,1-509207631,fetchdata,2017-2018,Engineering and Technology,1,1,1,1,Uttar Pradesh,1
1-3324909829,GOVERNMENT POLYTECHNIC AURAI (SANT RAVIDAS NAGAR BHADOHI),KATEHARA,SANT RAVIDAS NAGAR,Government,N,N,1-513988191,fetchdata,2017-2018,Engineering and Technology,1,1,1,1,Uttar Pradesh,1
1-3324912196,ISHWARCHAND VIDYA SAGAR INSTITUTE OF TECHNOLOGY,NH-2 DELHI MATHURA HIGHWAY AKBARPUR MATHURA-281405 UP,MATHURA,Unaided - Private,N,N,1-21298561,fetchdata,2017-2018,Engineering and Technology,1,1,1,1,Uttar Pradesh,1
1-3324948178,KIET GROUP OF INSTITUTIONS,"13 KM STONE GHAZIABAD- MEERUT ROAD,",GHAZIABAD,Unaided - Private,N,N,1-13439501,fetchdata,2017-2018,Engineering and Technology,1,1,1,1,Uttar Pradesh,1
1-3324950508,DEVPRAYAG INSTITUTE OF TECHNICAL STUDIES,"PHAPHAMAU, ALLAHABAD-211013 (U.P.)",ALLAHABAD,Unaided - Private,N,N,1-13514891,fetchdata,2017-2018,Engineering and Technology,1,1,1,1,Uttar Pradesh,1
1-3324950816,CENTRAL INSTITUTE OF PLASTICS ENGINEERING & TECHNOLOGY,"B-27 AMAUSI INDUSTRIAL AREA, NADARGANJ, LUCKNOW",LUCKNOW,Government,N,N,1-492922931,fetchdata,2017-2018,Engineering and Technology,1,1,1,1,Uttar Pradesh,1
1-3324953055,DR. RAJENDRA PRASAD POLYTECHNIC,"V.P.O.- SUNDERPUR 
TEHSIL - BEHAT
DISTT- SAHARANPUR",SAHARANPUR,Unaided - Private,N,N,1-465872931,fetchdata,2017-2018,Engineering and Technology,1,1,1,1,Uttar Pradesh,1
1-3325043387,AMBALIKA INSTITUTE OF PROFESSIONAL STUDIES,"GRAM TIKRA, MAURAWAN ROAD, MOHANLALGANJ,LUCKNOW",LUCKNOW,Private-Aided,N,N,1-2883472321,fetchdata,2017-2018,Engineering and Technology,1,1,1,1,Uttar Pradesh,1
1-3325043475,MMIT SANT KABIR NAGAR,"MMIT BALUSHASHAN 
SANT KABIR NAGAR",SANT KABIR NAGAR,Government,N,N,1-2863269691,fetchdata,2017-2018,Engineering and Technology,1,1,1,1,Uttar Pradesh,1
1-3325064184,ITM COLLEGE OF POLYTECHNIC,"VILL-JUNGAL DUDHAI URF CHEHRI TAPPA KATHRA, POST- CHEHRI, TEHSIL- PHARENDA",MAHARAJGANJ,Unaided - Private,N,N,1-2883509771,fetchdata,2017-2018,Engineering and Technology,1,1,1,1,Uttar Pradesh,1
1-3325064322,MAHAMAYA IT POLYTECHNIC MAHARAJGANJ,DHANEVA DHANEYEE MAHARAJGANJ,MAHARAJGANJ,Government,N,N,1-2879995474,fetchdata,2017-2018,Engineering and Technology,1,1,1,1,Uttar Pradesh,1
1-3324561402,KOTHIWAL INSTITUTE OF TECHNOLOGY & PROFESSIONAL STUDIES,"PACHOKRA, HARIDWAR ROAD, MORADABAD 
UTTAR PRADESH",MORADABAD,Unaided - Private,N,N,1-5353321,fetchdata,2017-2018,Engineering and Technology,1,1,1,1,Uttar Pradesh,1
1-3324562025,MEERUT INSTITUTE OF ENGINEERING & TECHNOLOGY,"NH-58, BYPASS ROAD,BAGHPAT CROSSING,MEERUT",MEERUT,Unaided - Private,N,N,1-3962501,fetchdata,2017-2018,Engineering and Technology,1,1,1,1,Uttar Pradesh,1
1-3324612408,INDO-UNIVERSAL COLLEGE OF MANAGEMENT & TECHNOLOGY,INDO-UNIVERSAL COLLEGE OF MANAGEMENT & TECHNOLOGY,BAGPAT,Unaided - Private,N,N,1-511915001,fetchdata,2017-2018,Engineering and Technology,1,1,1,1,Uttar Pradesh,1
1-3324647310,BHAAVYA TECHNICAL INSTITUTE,"KHASRA NO.829, VILL.-TEHRA, TEHSIL-KHERAGARH, DISTT.-AGRA",AGRA,Unaided - Private,N,N,1-2064658621,fetchdata,2017-2018,Engineering and Technology,1,1,1,1,Uttar Pradesh,1
1-3324647595,UNNATI MANAGEMENT COLLEGE AND TECHNOLOGY,"DEEN DAYAL DHAM ROAD, DAULATPUR FARAH, MATHURA",MATHURA,Unaided - Private,N,N,1-2091200011,fetchdata,2017-2018,Engineering and Technology,1,1,1,1,Uttar Pradesh,1
1-3324647742,"ARYIKA GYANMATI GOVERNMENT GIRLS POLYTECHNIC, FAIZABAD","BANBEERPUR ROAD, POST - MUMTAZNAGAR,
DISTT.- FAIZABAD",FAIZABAD,Government,Y,N,1-485792811,fetchdata,2017-2018,Engineering and Technology,1,1,1,1,Uttar Pradesh,1
1-3324688847,D.J. COLLEGE OF ENGINEERING & TECHNOLOGY,"YAKUTPUR MAVI, NIWARI ROAD",GHAZIABAD,Unaided - Private,N,N,1-6899059,fetchdata,2017-2018,Engineering and Technology,1,1,1,1,Uttar Pradesh,1
1-3324728935,NORTH INDIA INSTITUTE OF TECHNOLOGY,"7 KM BUNDKI ROAD, VILLAGE NEKPUR, NAJIBABAD-246763, DISTT. BIJNOR, UTTAR PRADESH.",BIJNOR,Unaided - Private,N,N,1-6150741,fetchdata,2017-2018,Engineering and Technology,1,1,1,1,Uttar Pradesh,1
1-3324729386,DR. M.C. SAXEAN INSTITUTE OF ENGINEERING & MANAGEMENT,"171, BARAWANKALA MALL ROAD, IIM DUBGGA BY-PASS LUCKNOW",LUCKNOW,Unaided - Private,N,N,1-38372931,fetchdata,2017-2018,Engineering and Technology,1,1,1,1,Uttar Pradesh,1
1-3324729840,INGRAHAM POLYTECHNIC,HAPUR ROAD,GHAZIABAD,Unaided - Private,N,Y,1-495353761,fetchdata,2017-2018,Engineering and Technology,1,1,1,1,Uttar Pradesh,1
1-3324778570,SHRI SIDDHI VINAYAK  POLYTECHNIC,"10 K.M STONE OPP. RELIANCE PETROL PUMP ,  NAINITAL ROAD , BAREILLY",BAREILLY,Unaided - Private,N,N,1-501848271,fetchdata,2017-2018,Engineering and Technology,1,1,1,1,Uttar Pradesh,1
1-3324779963,L.T.R. INSTITUTE OF TECHNOLOGY,"KURALI, BAGHPAT ROAD, MEERUT",MEERUT,Unaided - Private,N,N,1-475564615,fetchdata,2017-2018,Engineering and Technology,1,1,1,1,Uttar Pradesh,1
1-3324824707,D.N.POLYTECHNIC MEERUT,"PARTAPUR
DELHI ROAD",MEERUT,Govt aided,N,N,1-514619561,fetchdata,2017-2018,Engineering and Technology,1,1,1,1,Uttar Pradesh,1
1-3324825942,IIMT ENGINEERING COLLEGE,"""O"", POCKET, GANGA NAGAR, MAWANA ROAD, MEERUT",MEERUT,Unaided - Private,N,N,1-5316519,fetchdata,2017-2018,Engineering and Technology,1,1,1,1,Uttar Pradesh,1
1-3324827954,"GOVERNMENT POLYTECHNIC, GONDA","UTRAULA ROAD, BABHANI KANOONGO, GONDA",GONDA,Government,N,N,1-460503211,fetchdata,2017-2018,Engineering and Technology,1,1,1,1,Uttar Pradesh,1
1-3324912650,MAHARANA INSTITUTE OF PROFESSIONAL STUDIES,"KALYANPUR- BITHOOR ROAD, BAIKUNTHPUR, KANPUR",KANPUR NAGAR,Unaided - Private,N,N,1-7203021,fetchdata,2017-2018,Engineering and Technology,1,1,1,1,Uttar Pradesh,1
1-3324914094,GOVERNMENT POLYTECHNIC PRATAPGARH CENTRAL ASSISTANCE,"PREMDHAR PATTI
RANIGANJ
PRATAPGARH",PRATAPGARH,Government,N,N,1-2102786821,fetchdata,2017-2018,Engineering and Technology,1,1,1,1,Uttar Pradesh,1
1-3324914181,SKYLINE INSTITUTE OF ENGINEERING & TECHNOLOGY,"PLOT NO-3, 
KNOWLEDGE PARK-II, 
GREATER NOIDA, 
DIST. GAUTAM BUDH NAGAR, 
U.P. 201306",GAUTAM BUDDHA NAGAR,Unaided - Private,N,N,1-7212911,fetchdata,2017-2018,Engineering and Technology,1,1,1,1,Uttar Pradesh,1
1-3324992007,R R POLYTECHNIC,VILL-HINDUWARI,SONBHADRA,Unaided - Private,N,N,1-2852831361,fetchdata,2017-2018,Engineering and Technology,1,1,1,1,Uttar Pradesh,1
1-3324992145,R B GAUTAM POLYTECHNIC,"HATHRAS AGRA ROAD, SADABAD",HATHRAS,Unaided - Private,N,N,1-2846327701,fetchdata,2017-2018,Engineering and Technology,1,1,1,1,Uttar Pradesh,1
1-3324992208,KIPM-COLLEGE OF ENGINEERING & TECHNOLOGY,"PLOT NO. BL-1 & 2, 
SECTOR-9, GIDA",GORAKHPUR,Unaided - Private,N,N,1-782665331,fetchdata,2017-2018,Engineering and Technology,1,1,1,1,Uttar Pradesh,1
1-3325043821,LAKHMIRI INSTITUTE OF ENGINEERING & TECHNOLOGY,"GOPI NAGAR, AHERA POST - BAGHPAT, DISTT. - BAGHPAT (U.P) 250609",BAGPAT,Unaided - Private,N,N,1-2878170781,fetchdata,2017-2018,Engineering and Technology,1,1,1,1,Uttar Pradesh,1
1-3325064485,GOVERNMENT POLYTECHNIC,MAANPUR BLOCK BEEGHAUR,UNNAO,Government,N,N,1-2878183051,fetchdata,2017-2018,Engineering and Technology,1,1,1,1,Uttar Pradesh,1
1-3324613926,MANYAWAR KANSHIRAM DASAIRAM POLYTECHNIC MAHUAT BARONDHA MIRZAPUR,"MAHUAT
BARONDHA",MIRZAPUR,Unaided - Private,N,N,1-518253041,fetchdata,2017-2018,Engineering and Technology,1,1,1,1,Uttar Pradesh,1
1-3324649368,GOVERNMENT POLYTECHNIC,VILL SUTAVALI TEH- HASANPUR DIST J P NAGAR,J P NAGAR,Government,N,N,1-1513701431,fetchdata,2017-2018,Engineering and Technology,1,1,1,1,Uttar Pradesh,1
1-3324731453,"GOVT. POLYTECHNIC, JAUNPUR","JAGDISHPUR
VARANASI ROAD",JAUNPUR,Government,N,N,1-486143161,fetchdata,2017-2018,Engineering and Technology,1,1,1,1,Uttar Pradesh,1
1-3324731701,SURYA SCHOOL OF PLANNING & ENGINEERING MANAGEMENT,"RAIBAREILLY ROAD, GAURA, MOHANLALGANJ, LUCKNOW-227305",LUCKNOW,Unaided - Private,N,N,1-5099544,fetchdata,2017-2018,Engineering and Technology,1,1,1,1,Uttar Pradesh,1
1-3324780545,LAL BAHADUR SHASTRI POLYTECHNIC,"VILLAGE MANDA
MAUJA GIRDHARPUR
DISTRICT ALLAHABAD",ALLAHABAD,Govt aided,N,N,1-2056843331,fetchdata,2017-2018,Engineering and Technology,1,1,1,1,Uttar Pradesh,1
1-3324780803,PRASAD INSTITUTE OF TECHNOLOGY,"VILLAGE: PUNCH-HATIA
TALUK: SADAR
DISTRICT:JAUNPUR
STATE: UTTER-PRADESH",JAUNPUR,Unaided - Private,N,N,1-16962461,fetchdata,2017-2018,Engineering and Technology,1,1,1,1,Uttar Pradesh,1
1-3324828400,SHRI GOPICHAND INSTITUTE OF TECHNOLOGY & MANAGEMENT,"VILLAGE & P.O.-AHERA, DISTT.-BAGHPAT, UP-250609",BAGPAT,Unaided - Private,N,N,1-11510036,fetchdata,2017-2018,Engineering and Technology,1,1,1,1,Uttar Pradesh,1
1-3324870011,"SHRI RAM MURTI SMARAK COLLEGE OF ENGINEERING & TECHNOLOGY, BAREILLY","RAM MURTI PURAM
VILL: GHANGHORA GHANGHORI
13 KM, BAREILLY-NAINITAL ROAD
BAREILLY (U.P.)",BAREILLY,Unaided - Private,N,N,1-4412641,fetchdata,2017-2018,Engineering and Technology,1,1,1,1,Uttar Pradesh,1
1-3324872224,GOVERNMENT POLYTECHNIC DEEH,"DEEH, SADAR UNNAO",UNNAO,Government,N,N,1-2100812461,fetchdata,2017-2018,Engineering and Technology,1,1,1,1,Uttar Pradesh,1
1-3324916531,SAI MEER COLLEGE OF POLYTECHNIC,"FARRUKHABAD ROAD, CHHIBRAMAU, DISTT.- KANNAUJ (U.P.)",KANNAUJ,Unaided - Private,N,N,1-2495846061,fetchdata,2017-2018,Engineering and Technology,1,1,1,1,Uttar Pradesh,1
1-3324957329,LDC INSTITUTE OF TECNICAL STUDIES,"ALLAHABAD PRATAPGARH ROAD 
VILL: ABDALPUR
TEH: SORAON",ALLAHABAD,Unaided - Private,N,N,1-3810251,fetchdata,2017-2018,Engineering and Technology,1,1,1,1,Uttar Pradesh,1
1-3325008262,GREATER NOIDA INSTITUTE OF TECHNOLOGY (ENGINEERING INSTITUTE),"7, KNOWLEDGE PARK - II,",GAUTAM BUDDHA NAGAR,Unaided - Private,N,N,1-10626904,fetchdata,2017-2018,Engineering and Technology,1,1,1,1,Uttar Pradesh,1
1-3325048132,"GOVERNMENT POLYTECHNIC, BINDKI, FATEHPUR","52 IMLI, NANDAPUR, BINDKI",FATEHPUR,Government,N,N,1-2873426841,fetchdata,2017-2018,Engineering and Technology,1,1,1,1,Uttar Pradesh,1
1-3324566295,GOVERNMENT POLYTECHNIC BAREILLY,C. B. GANJ,BAREILLY,Government,N,N,1-494408131,fetchdata,2017-2018,Engineering and Technology,1,1,1,1,Uttar Pradesh,1
1-3324614084,GOVERNMENT POLYTECHNIC UNNAO,DAHI CHOWKI,UNNAO,Government,N,N,1-518179761,fetchdata,2017-2018,Engineering and Technology,1,1,1,1,Uttar Pradesh,1
1-3324614218,PANCHWATI INSTITUTE OF ENGINEERING & TECHNOLOGY,"N. H. -58, GHAT INSTITUTIONAL AREA, DELHI- HARIDWAR BY PASS ROAD, MEERUT, PIN 250103",MEERUT,Unaided - Private,N,N,1-10107051,fetchdata,2017-2018,Engineering and Technology,1,1,1,1,Uttar Pradesh,1
1-3324614645,KAMAL INSTITUTE OF TECHNOLOGY,"PITAMPUR DERAPUR,NH-2 KANPUR DEHAT",RAMABAI NAGAR (KANPUR DEHAT),Unaided - Private,N,N,1-463478151,fetchdata,2017-2018,Engineering and Technology,1,1,1,1,Uttar Pradesh,1
1-3324649439,"GOVERNMENT POLYTECHNIC,ORAI(JALAUN)","PRINCIPAL GOVERNMENT POLYTECHNIC,ORAI (JALAUN)",JALAUN,Government,N,N,1-512077921,fetchdata,2017-2018,Engineering and Technology,1,1,1,1,Uttar Pradesh,1
1-3324692972,"DR. AMBEDKAR INSTITUTE OF TECHNOLOGY FOR HANDICAPPED, U.P.","AWADHPURI, KANPUR",KANPUR NAGAR,Govt aided,N,N,1-11565519,fetchdata,2017-2018,Engineering and Technology,1,1,1,1,Uttar Pradesh,1
1-3324693458,IMS POLYTECHNIC,"NH-24,KAKATHER CROSSING,NEAR BRAJGHAT,GAJRAULA, J.P. NAGAR",J P NAGAR,Unaided - Private,N,N,1-510108341,fetchdata,2017-2018,Engineering and Technology,1,1,1,1,Uttar Pradesh,1
1-3324735656,MARATHWADA INSTITUTE OF TECHNOLOGY (MIT),"VILLAGE: DHAMERA-CHOLA
TALUKA: SIKANDARABAD
DISTRICT: BULANDSHAHR
UTTAR PRADESH
PIN:203001",BULANDSHAHAR,Unaided - Private,N,N,1-16692924,fetchdata,2017-2018,Engineering and Technology,1,1,1,1,Uttar Pradesh,1
1-3324782498,GOKARAN NARVADESHWAR INSTITUTE OF TECHNOLOGY AND MANAGEMENT,"VILLAGE-TINDOLA
12 KM STONE,LUCKNOW-DEWA ROAD
BARABANKI",BARABANKI,Unaided - Private,N,N,1-21643361,fetchdata,2017-2018,Engineering and Technology,1,1,1,1,Uttar Pradesh,1
1-3324784920,"NATIONAL INSTITUTE OF ELECTRONICS AND INFORMATION TECHNOLOGY, GORAKHPUR CENTRE","M.M.M. ENGINEERING COLLEGE CAMPUS,
GORAKHPUR - 273010",GORAKHPUR,Government,N,N,1-27916062,fetchdata,2017-2018,Engineering and Technology,1,1,1,1,Uttar Pradesh,1
1-3324834281,NITRA TECHNICAL CAMPUS,"SECTOR-23
RAJ NAGAR",GHAZIABAD,Govt aided,N,N,1-760017261,fetchdata,2017-2018,Engineering and Technology,1,1,1,1,Uttar Pradesh,1
1-3324919537,"GOVERNMENT POLYTECHNIC MAWANA KHURD ,MEERUT","BAHSUMA ROAD , NEAR DIET CAMPUS, 
MAWANA KHURD , MAWANA MEERUT",MEERUT,Government,N,N,1-2859350991,fetchdata,2017-2018,Engineering and Technology,1,1,1,1,Uttar Pradesh,1
1-3324919628,B K POLYTECHNIC,"NEEMGAON ROAD, BADHON RAYA, MATHURA",MATHURA,Unaided - Private,N,N,1-2879941501,fetchdata,2017-2018,Engineering and Technology,1,1,1,1,Uttar Pradesh,1
1-3324959629,BUDDHA INSTITUTE OF TECHNOLOGY,"CL-1, SECTOR-7
VILL-BADGAHAN
GIDA
GORAKHPUR
PIN-273209",GORAKHPUR,Unaided - Private,N,N,1-11680601,fetchdata,2017-2018,Engineering and Technology,1,1,1,1,Uttar Pradesh,1
1-3325012299,GOVERNMENT POLYTECHNIC CHANDAUSI,"ITI CAMPUS, CHANDAUSI",BHIMNAGAR (SAMBHAL),Government,N,N,1-2479451651,fetchdata,2017-2018,Engineering and Technology,1,1,1,1,Uttar Pradesh,1
1-3325012514,"INSTITUTE OF ENGINEERING & TECHNOLOGY, MJP ROHILKHAND UNIVERSITY",PILIBHIT BY PASS ROAD,BAREILLY,University Managed-Govt,N,N,1-18440821,fetchdata,2017-2018,Engineering and Technology,1,1,1,1,Uttar Pradesh,1
1-3324570976,HI-TECH INSTITUTE OF ENGINEERING & TECHNOLOGY,"766, 26TH KM, DELHI-HAPUR BYPASS, NH-24",GHAZIABAD,Unaided - Private,N,N,1-4167997,fetchdata,2017-2018,Engineering and Technology,1,1,1,1,Uttar Pradesh,1
1-3324617235,JAWAHAR LAL NEHRU POLYTECHNIC,LAKHPERABAG,SITAPUR,Govt aided,N,N,1-492934391,fetchdata,2017-2018,Engineering and Technology,1,1,1,1,Uttar Pradesh,1
1-3324652333,C M S GOVERNMENT GIRLS POLYTECHNIC,SARADHANA ROAD,MEERUT,Government,Y,N,1-499735681,fetchdata,2017-2018,Engineering and Technology,1,1,1,1,Uttar Pradesh,1
1-3324652478,BHARAT INSTITUTE OF TECHNOLOGY (SCHOOL OF ENGINEERING),"BY PASS ROAD, PARTAPUR, MEERUT",MEERUT,Unaided - Private,N,N,1-6050863,fetchdata,2017-2018,Engineering and Technology,1,1,1,1,Uttar Pradesh,1
1-3324696176,SHRI SIDDHI VINAYAK INSTITUTE OF TECHNOLOGY,DOHNA PITAMRAI NEAR DHONA RAILWAY STATION  P.O BHOJIPURA DISTT BAREILLY 243002,BAREILLY,Unaided - Private,N,N,1-8021301,fetchdata,2017-2018,Engineering and Technology,1,1,1,1,Uttar Pradesh,1
1-3324741253,GOVERNMENT POLYTECHNIC HAMIRPUR,"SUMERPUR,HAMIRPUR",HAMIRPUR,Government,N,N,1-498871051,fetchdata,2017-2018,Engineering and Technology,1,1,1,1,Uttar Pradesh,1
1-3324741404,"GOVERNMENT POLYTECHNIC, MANKEDA, AGRA","MANKEDA
AGRA",AGRA,Government,N,N,1-1603766537,fetchdata,2017-2018,Engineering and Technology,1,1,1,1,Uttar Pradesh,1
1-3324785102,DEV TECHNICAL CAMPUS,"AGRA-FIROZABAD NATIONAL HIGHWAY NO.-2, NEAR KUBERPUR, REHANKHURD, AGRA",AGRA,Unaided - Private,N,N,1-478643081,fetchdata,2017-2018,Engineering and Technology,1,1,1,1,Uttar Pradesh,1
1-3324785677,R D ENGINEERING COLLEGE,"9TH KM MILE STONE ON NH-58 
DELHI MEERUT ROAD
DUHAI, GHAZIABAD",GHAZIABAD,Unaided - Private,N,N,1-3548321,fetchdata,2017-2018,Engineering and Technology,1,1,1,1,Uttar Pradesh,1
1-3324787552,PRASAD POLYTECHNIC,"SARAI SAHJADI 
KANPUR ROAD
BANTHRA
LUCKNOW",LUCKNOW,Unaided - Private,N,N,1-479769481,fetchdata,2017-2018,Engineering and Technology,1,1,1,1,Uttar Pradesh,1
1-3324837144,MAHARAJA AGARSAIN INSTITUTE OF TECHNOLOGY,"HAPUR ROAD, NH- 24,  HAPUR ROAD ,PILKHUWA
GHAZIABAD",GHAZIABAD,Unaided - Private,N,N,1-4026664,fetchdata,2017-2018,Engineering and Technology,1,1,1,1,Uttar Pradesh,1
1-3324837751,CH.CHARAN SINGH COLLEGE OF ENGINEERING,"JAUNCHANA,POT-MAHAMADPUR JADON,TEHSIL-JEWAR,DISTT-GAUTAM BUDDH NAGAR",GAUTAM BUDDHA NAGAR,Unaided - Private,N,N,1-2499864601,fetchdata,2017-2018,Engineering and Technology,1,1,1,1,Uttar Pradesh,1
1-3324877522,"RAJA BALWANT SINGH POLYTECHNIC, BICHPURI, AGRA","BICHPURI, AGRA",AGRA,Govt aided,N,N,1-492742791,fetchdata,2017-2018,Engineering and Technology,1,1,1,1,Uttar Pradesh,1
1-3324964959,KET POLYTECHNIC INSTITUTE,"NH-2,FARAH, MATHURA.",MATHURA,Unaided - Private,N,N,1-480049681,fetchdata,2017-2018,Engineering and Technology,1,1,1,1,Uttar Pradesh,1
1-3324965252,APOORVA INSTITUTE OF TECHNOLOGY,"VILLAGE AND POST MIRZAPUR POLE,THASIL BEHAT",SAHARANPUR,Unaided - Private,N,N,1-485089711,fetchdata,2017-2018,Engineering and Technology,1,1,1,1,Uttar Pradesh,1
1-3325014389,SUYASH INSTITUTE OF INFORMATION TECHNOLOGY,"HAKKABAD, GORAKHPUR",GORAKHPUR,Unaided - Private,N,N,1-18724756,fetchdata,2017-2018,Engineering and Technology,1,1,1,1,Uttar Pradesh,1
1-3325016154,A.P.S.COLLEGE OF EDUCATION & TECHNOLOGY,"ROHTA ROAD, VILL-KHIWAI NEAR-HARRA MORE,
SARDHANA (MEERUT)",MEERUT,Unaided - Private,N,Y,1-476053711,fetchdata,2017-2018,Engineering and Technology,1,1,1,1,Uttar Pradesh,1
1-3325016470,"RAKSHPAL BAHADUR COLLEGE OF ENGINEERING & TECHNOLOGY, BAREILLY","NEAR ITBP, BUKHARA TURN, BADAUN ROAD, BAREILLY - 243001 (U.P.)",BAREILLY,Unaided - Private,N,N,1-5115146,fetchdata,2017-2018,Engineering and Technology,1,1,1,1,Uttar Pradesh,1
1-3324573237,INSTITUTE OF ENGINEERING AND TECHNOLOGY,"SITAPUR ROAD,
LUCKNOW",LUCKNOW,Govt aided,N,N,1-505421321,fetchdata,2017-2018,Engineering and Technology,1,1,1,1,Uttar Pradesh,1
1-3324617656,MAA VAISHNO MAA SHARDA POLYTECHNIC,"VILLAGE- KHORRAMPUR, POST- BELAOUN, TAHSIL- NIGAMABAD",AZAMGARH,Unaided - Private,N,N,1-481762581,fetchdata,2017-2018,Engineering and Technology,1,1,1,1,Uttar Pradesh,1
1-3324700598,CENTRAL INSTITUTE OF PLASTICS ENGINEERING & TECHNOLOGY LUCKNOW,"B-27 AMAUSI INDUSTRIAL AREA, NADARGANJ, LUCKNOW",LUCKNOW,Government,N,N,1-15843806,fetchdata,2017-2018,Engineering and Technology,1,1,1,1,Uttar Pradesh,1
1-3324838942,"GOVERNMENT POLYTECHNIC BAIJPUR BHITI,AMBEDKARNAGAR","BAIJPUR NEAR SHRVAN CHHETRA,BHITI,AMBEDKARNAGAR",AMBEDKAR NAGAR,Government,N,N,1-2487426341,fetchdata,2017-2018,Engineering and Technology,1,1,1,1,Uttar Pradesh,1
1-3324838993,"REMOTE SENSING APPLICATIONS CENTRE ,U.P.","SECTOR-G ,JANKIPURAM, KURSI ROAD ,LUCKNOW",LUCKNOW,Government,N,N,1-515102021,fetchdata,2017-2018,Engineering and Technology,1,1,1,1,Uttar Pradesh,1
1-3324880414,GOVERNMENT POLYTECHNIC BARABANKI,"JAHANGIRABAD RD.
SOMMIYANAGAR
BARABANKI",BARABANKI,Government,N,N,1-474661871,fetchdata,2017-2018,Engineering and Technology,1,1,1,1,Uttar Pradesh,1
1-3324965463,"DR. AMBEDKAR INSTITUTE OF TECHNOLOGY FOR HANDICAPPED, U.P., KANPUR",AWADHPURI KANPUR,KANPUR NAGAR,Govt aided,N,N,1-488288631,fetchdata,2017-2018,Engineering and Technology,1,1,1,1,Uttar Pradesh,1
1-3325019545,VISHVESHWARYA GROUP OF INSTITUTIONS,20KMS. FROM GHAZIABAD ON GHAZIABAD - BULANDSHAHR MAIN G.T.ROAD,GAUTAM BUDDHA NAGAR,Unaided - Private,N,N,1-5978601,fetchdata,2017-2018,Engineering and Technology,1,1,1,1,Uttar Pradesh,1
1-3325022692,BON MAHARAJ ENGINEERING COLLEGE,"RAMAN RETI, VRINDAVAN",MATHURA,Unaided - Private,N,N,1-10177351,fetchdata,2017-2018,Engineering and Technology,1,1,1,1,Uttar Pradesh,1
1-3325048838,THAKUR TEJ BAHADUR SINGH INSTITUTE OF TECHNOLOGY,"VILLAGE- KARAMPUR, POST- KARAMPUR, TEHSIL- SAIDPUR, GHAZIPUR(UP)",GHAZIPUR,Unaided - Private,N,N,1-2880777101,fetchdata,2017-2018,Engineering and Technology,1,1,1,1,Uttar Pradesh,1
1-3325052931,"INSTITUTE OF ENGINEERING & TECHNOLOGY,AGRA","KHANDARI CAMPUS 
AGRA",AGRA,University Managed-Govt,N,N,1-2880994101,fetchdata,2017-2018,Engineering and Technology,1,1,1,1,Uttar Pradesh,1
1-3324409866,M.G. INSTITUTE OF MANAGEMENT & TECHNOLOGY,GRAM KHANDEDEV,LUCKNOW,Unaided - Private,N,N,1-3105801,fetchdata,2017-2018,Engineering and Technology,1,1,1,1,Uttar Pradesh,1
1-3324576170,EMERALD-9 INSTITUTE OF MANAGEMENT AND TECHNOLOGY,"11TH KM STONE, LUCKNOW-DEVA ROAD",BARABANKI,Unaided - Private,N,N,1-477119421,fetchdata,2017-2018,Engineering and Technology,1,1,1,1,Uttar Pradesh,1
1-3324576802,VENKATESHWARA INSTITUTE OF TECHNOLOGY,"NH-58, DELHI-ROORKEE BYPASS, JATAULI, MEERUT (U.P.)",MEERUT,Unaided - Private,N,N,1-11863731,fetchdata,2017-2018,Engineering and Technology,1,1,1,1,Uttar Pradesh,1
1-3324660536,INTERNATIONAL MARITIEME INSTITUTE,"13, KNOWLEDGE PARK 1, 
SURAJPUR KASNA ROAD,",GAUTAM BUDDHA NAGAR,Unaided - Private,N,N,1-6072006,fetchdata,2017-2018,Engineering and Technology,1,1,1,1,Uttar Pradesh,1
1-3324660740,JSS ACADEMY OF TECHNICAL EDUCATION,"C 20/1, SECTOR 62, NOIDA-201301",GAUTAM BUDDHA NAGAR,Unaided - Private,N,N,1-3675821,fetchdata,2017-2018,Engineering and Technology,1,1,1,1,Uttar Pradesh,1
1-3324663990,GOVERNMENT POLYTECHNIC ETAWAH,AGRA BY PASS ROAD NH-2 ETAWAH,ETAWAH,Government,N,N,1-500940531,fetchdata,2017-2018,Engineering and Technology,1,1,1,1,Uttar Pradesh,1
1-3324702053,SHRI MOTI SMRITI INSTITUTE OF TECHNOLOGY,"KHASRA / GATA NO. 4/2, 17, 18, 23, 55, 56, AND 57 AT VILLAGE ADALPUR TAJ, KAILSA ROAD, AMROHA",J P NAGAR,Unaided - Private,N,N,1-2519447601,fetchdata,2017-2018,Engineering and Technology,1,1,1,1,Uttar Pradesh,1
1-3324745159,EDIFY INSTITUTE OF POLYTECHNIC,"VILLAGE- SHAHZADPUR PAURI, FARAH",MATHURA,Unaided - Private,N,N,1-455563181,fetchdata,2017-2018,Engineering and Technology,1,1,1,1,Uttar Pradesh,1
1-3324745708,SAVITRI BAI PHULE GOVERMENT GIRLS POLYTECHNIC,DEHRADUN ROAD KHUMARHERA SAHARANPUR,SAHARANPUR,Government,Y,N,1-486488521,fetchdata,2017-2018,Engineering and Technology,1,1,1,1,Uttar Pradesh,1
1-3324745876,GOVERNMENT POLYTECHNIC SORON,"KASGANJ - BAREILY ROAD, SORON",KANSHI RAM NAGAR,Government,N,N,1-506738931,fetchdata,2017-2018,Engineering and Technology,1,1,1,1,Uttar Pradesh,1
1-3324790387,"INDIAN INSTITUTE OF HANDLOOM TECHNOLOGY, VARANASI","CHOWKAGHAT 
VARANASI - 221002
(UP)",VARANASI,Government,N,N,1-581901631,fetchdata,2017-2018,Engineering and Technology,1,1,1,1,Uttar Pradesh,1
1-3324790567,YADUVANSH PRASAD MISHRA INSTITUTE OF PROFESSIONAL STUDIES,"RANIPUR  POST -PURANDERPUR
TEHSHIL-PHARENDA,DIST-MAHARAJGANJ(UP)",MAHARAJGANJ,Unaided - Private,N,N,1-480601301,fetchdata,2017-2018,Engineering and Technology,1,1,1,1,Uttar Pradesh,1
1-3324793392,SAVITA DEVI INSTITUTE OF TECHNOLOGY,"DELHI MEERUT ROAD, MOHIUDDINPUR",MEERUT,Unaided - Private,N,N,1-494458211,fetchdata,2017-2018,Engineering and Technology,1,1,1,1,Uttar Pradesh,1
1-3324841225,"KAMLA NEHRU INSTITUTE OF PHYSICAL & SOCIAL SCIENCES,FARIDIPUR CAMPUS SULTANPUR","KAMLA NEHRU INSTITUTE OF PHYSICAL & SOCIAL SCIENCES,FARIDIPUR CAMPUS SULTANPUR",SULTANPUR,Unaided - Private,N,N,1-13734711,fetchdata,2017-2018,Engineering and Technology,1,1,1,1,Uttar Pradesh,1
1-3324884476,"HARCOURT BUTLER TECHNICAL UNIVERSITY, KANPUR",NAWABGANJ,KANPUR NAGAR,Govt aided,N,N,1-38136961,fetchdata,2017-2018,Engineering and Technology,1,1,1,1,Uttar Pradesh,1
1-3325024407,SANSKRITI INSTITUTE OF MANAGEMENT & TECHNOLOGY (SIMT),"28, K.M. STONE, CHATTA, DISTRICT MATHURA (U.P.)",MATHURA,Unaided - Private,N,N,1-5984601,fetchdata,2017-2018,Engineering and Technology,1,1,1,1,Uttar Pradesh,1
1-3325025940,BHABHA INSTITUTEOFTECHNOLOGY,"AUNAHAN ,NEAR SHEOLI,RASOOLABADROAD,RAMABAI NAGAR (KANPUR DEHAT)",RAMABAI NAGAR (KANPUR DEHAT),Unaided - Private,N,N,1-415278771,fetchdata,2017-2018,Engineering and Technology,1,1,1,1,Uttar Pradesh,1
1-3325026600,ACN COLLEGE OF ENGG. & MANAGMENT STUDIES,"CHHERUT
KASHIMPUR ROAD",ALIGARH,Unaided - Private,N,Y,1-24885461,fetchdata,2017-2018,Engineering and Technology,1,1,1,1,Uttar Pradesh,1
1-3325053132,"RAJKIYA ENGINEERING COLLEGE, AMBEDKAR NAGAR","KATARIYA YAKOOBPUR
NEAR HAWAI PATTI
AKBARPUR,
DIST. - AMBEDKAR NAGAR
(U.P.) - 224122",AMBEDKAR NAGAR,Govt aided,N,N,1-2850886071,fetchdata,2017-2018,Engineering and Technology,1,1,1,1,Uttar Pradesh,1
1-3325053286,INDU PRAKASH POLYTECHNIC COLLEGE,"VILL+POST-HALDHARPUR, DISTT- MAU",MAU,Unaided - Private,N,N,1-2890153004,fetchdata,2017-2018,Engineering and Technology,1,1,1,1,Uttar Pradesh,1
1-3325053390,"RAJKIYA ENGINEERING COLLEGE, BANDA","RAJKIYA ENGINEERING COLLEGE, ATARRA,BANDA 210201",BANDA,Government,N,N,1-2881079901,fetchdata,2017-2018,Engineering and Technology,1,1,1,1,Uttar Pradesh,1
1-3324546643,SHRINATHJI INSTITUTE FOR TECHNICAL EDUCATION,"GHAT ROAD,DELHI-ROORKEE BYPASS NH-58
MEERUT UP 250103",MEERUT,Unaided - Private,N,N,1-5150926,fetchdata,2017-2018,Engineering and Technology,1,1,1,1,Uttar Pradesh,1
1-3324547275,GOVERNMENT POLYTECHNIC KANPUR,"GT ROAD, VIKAS NAGAR, NEAR GURUDEV PALACE",KANPUR NAGAR,Government,N,N,1-499378841,fetchdata,2017-2018,Engineering and Technology,1,1,1,1,Uttar Pradesh,1
1-3324547744,HANDIA POLYTECHNIC HANDIA ALLAHABAD," HANDIA
ALLAHABAD
221504",ALLAHABAD,Govt aided,N,N,1-510782393,fetchdata,2017-2018,Engineering and Technology,1,1,1,1,Uttar Pradesh,1
1-3324621077,"LUCKNOW INSTITUTE OF TECHNOLOGY, LUCKNOW","AZADPURAM, ADJACENT CRPF GROUP CENTRE, POST- CHANDRAWAL, BIJNOUR-BANTHARA ROAD",LUCKNOW,Unaided - Private,N,Y,1-3992601,fetchdata,2017-2018,Engineering and Technology,1,1,1,1,Uttar Pradesh,1
1-3324623452,ALLAHABAD COLLEGE OF ENGINEERING AND MANAGEMENT,G.T ROAD (123 K.M FROM KANPUR/77 K.M FROM ALLAHABAD) PURIEN MOD. KHAGA,FATEHPUR,Unaided - Private,N,N,1-493887551,fetchdata,2017-2018,Engineering and Technology,1,1,1,1,Uttar Pradesh,1
1-3324664627,GAYATRI COLLEGE OF ENGG.&TECHNOLOGY,MURHI JAHANGIRPUR,AGRA,Unaided - Private,N,N,1-476366521,fetchdata,2017-2018,Engineering and Technology,1,1,1,1,Uttar Pradesh,1
1-3324702446,KANCHAN POLYTECHNIC,"VILLAGE- MANHERU, POST- BELA KHARA, RAE BARELI",RAE BARELI,Unaided - Private,N,N,1-462629961,fetchdata,2017-2018,Engineering and Technology,1,1,1,1,Uttar Pradesh,1
1-3324702855,JIMS ENGINEERING MANAGEMENT TECHNICAL CAMPUS,"48/4,KNOWLEDGE PARK-III,
GREATER NOIDA
PIN-201306",GAUTAM BUDDHA NAGAR,Unaided - Private,N,N,1-6898451,fetchdata,2017-2018,Engineering and Technology,1,1,1,1,Uttar Pradesh,1
1-3324747673,DR GOVIND PRASAD RANI DEVI PATEL INSTITUTE OF TECHNOLOGY AND MANAGEMENT,"G.T.ROAD , ARAUL ,TEHSIL BILHAUR ,DISTRICT KANPUR NAGAR",KANPUR NAGAR,Unaided - Private,N,N,1-419984144,fetchdata,2017-2018,Engineering and Technology,1,1,1,1,Uttar Pradesh,1
1-3324793630,SHIVA POLITECHNIC INST.&MANAGEMENT COLLEGE,JAULI ROAD BILASPUR,MUZAFFARNAGAR,Unaided - Private,N,N,1-475972421,fetchdata,2017-2018,Engineering and Technology,1,1,1,1,Uttar Pradesh,1
1-3324795335,"GOVERNMENT POLYTECHNIC,HARDOI(U.P.)","GOVERNMENT POLYTECHNIC, BAWAN ROAD, HARDOI(U.P.)",HARDOI,Government,N,N,1-477946931,fetchdata,2017-2018,Engineering and Technology,1,1,1,1,Uttar Pradesh,1
1-3324886060,ACCURATE INSTITUTE OF MANAGEMENT & TECHNOLOGY,"PLOT NO. 49, KNOWLEDGE PARK-III",GAUTAM BUDDHA NAGAR,Unaided - Private,N,N,1-6060126,fetchdata,2017-2018,Engineering and Technology,1,1,1,1,Uttar Pradesh,1
1-3324928099,NARAINA COLLEGE OF ENGINEERRING & TECHNOLOGY,"1423/1, RATANPUR, PANKI, KANPUR-208020 (UP) INDIA",KANPUR NAGAR,Unaided - Private,N,N,1-6414801,fetchdata,2017-2018,Engineering and Technology,1,1,1,1,Uttar Pradesh,1
1-3324931914,"GOVERNMENT POLYTECHNIC, CHARIYAON BUJURG,DEORIA","CHARIYAON BUJURG,GAURIBAZAR,DEORIA-274202 (U.P.)",DEORIA,Government,N,N,1-2862853561,fetchdata,2017-2018,Engineering and Technology,1,1,1,1,Uttar Pradesh,1
1-3325028159,VISHVESHWARYA INSTITUTE OF  TECHNOLOGY,"20 KM FROM GHAZIABAD ON GHAZIABAD-BULANDSHAR ROAD, NEAR DADRI",GAUTAM BUDDHA NAGAR,Unaided - Private,N,N,1-6234091,fetchdata,2017-2018,Engineering and Technology,1,1,1,1,Uttar Pradesh,1
1-3325029903,"J.S. INSTITUTE OF MANAGEMENT AND TECHNOLOGY, SHIKOHABAD","5 KM, MAINPURI ROAD, SHIKOHABAD, DISTT.- FIROZABAD, UP",FIROZABAD,Unaided - Private,N,N,1-4429201,fetchdata,2017-2018,Engineering and Technology,1,1,1,1,Uttar Pradesh,1
1-3325053480,SACHDEVA POLYTECHNIC,"AGRA DELHI N H 2, 
FARAH",MATHURA,Unaided - Private,N,N,1-2864843741,fetchdata,2017-2018,Engineering and Technology,1,1,1,1,Uttar Pradesh,1
1-3325053630,MAHAMAYA IT POLYTECHNIC KUSHINAGAR,KHESIA MANSA CHHAPAR PADRAUNA,KUSHINAGAR,Government,N,N,1-2879655341,fetchdata,2017-2018,Engineering and Technology,1,1,1,1,Uttar Pradesh,1
1-3324548276,HEWETT POLYTECHNIC,MAHANAGAR,LUCKNOW,Govt aided,N,N,1-475501231,fetchdata,2017-2018,Engineering and Technology,1,1,1,1,Uttar Pradesh,1
1-3324548481,"SRI ANAR DEVI KHANDELWAL MAHILA POLYTECHNIC, MATHURA","VRINDAVAN ROAD, MATHURA (U.P.)",MATHURA,Govt aided,Y,N,1-497484511,fetchdata,2017-2018,Engineering and Technology,1,1,1,1,Uttar Pradesh,1
1-3324579622,VINDHYA POLYTECHNIC COLLEGE OF ENGINEERING & TECHNOLOGY,"VILL- DEVARI KALA, POST- MARIHAN, DIST- MIRZAPUR, STATE- UTTER PRADESH, PIN CO- 231310",MIRZAPUR,Unaided - Private,N,N,1-2495503371,fetchdata,2017-2018,Engineering and Technology,1,1,1,1,Uttar Pradesh,1
1-3324579798,RADHA GOVIND POLYTECHNIC COLLEGE,"7TH KM. MORADABAD ROAD, NEAR AKROLI CHORAHA, CHANDAUSI, DISTT. MORADABAD (UP)",MORADABAD,Unaided - Private,N,N,1-433679961,fetchdata,2017-2018,Engineering and Technology,1,1,1,1,Uttar Pradesh,1
1-3324581121,JHUNJHUNWALA P.G. COLLEGE FACULTY OF ENGINEERING AND TECHNOLOGY,"HANSAPUR,DWARIKA PURI, DABHA SEMAR , FAIZABAD",FAIZABAD,Unaided - Private,N,N,1-1540123764,fetchdata,2017-2018,Engineering and Technology,1,1,1,1,Uttar Pradesh,1
1-3324625944,DEV BHOOMI INSTITUTE OF POLYTECHNIC,"VILL. JAMAPUR BERI,NEAR BALIA KHERI RAILWAY STATION,DABKI ROAD,",SAHARANPUR,Unaided - Private,N,N,1-452087811,fetchdata,2017-2018,Engineering and Technology,1,1,1,1,Uttar Pradesh,1
1-3324665933,GOVERNMENT POLYTECHNIC JEGIRSAND,"GOVERNMENT POLYTECHNIC JEGIRSAND, SIKANDERPUR,BALLIA",BALLIA,Government,N,N,1-2101200721,fetchdata,2017-2018,Engineering and Technology,1,1,1,1,Uttar Pradesh,1
1-3324666352,IVS POLYTECHNIC,"123 MILESTONE, MATHURA-DELHI HIGHWAY (NH-2) AKBARPUR, MATHURA - 281406",MATHURA,Unaided - Private,N,N,1-773259041,fetchdata,2017-2018,Engineering and Technology,1,1,1,1,Uttar Pradesh,1
1-3324750184,SHERWOOD COLLEGE OF ENGINEERING RESEARCH & TECHNOLOGY,"LUCKNOW FAIZABAD ROAD,
VILL. - DHARSANIYA",BARABANKI,Unaided - Private,N,N,1-7597681,fetchdata,2017-2018,Engineering and Technology,1,1,1,1,Uttar Pradesh,1
1-3324752064,GOVERNMENT POLYTECHNIC SONEBHADRA,ROBERTSGANJ,SONBHADRA,Government,N,N,1-513990011,fetchdata,2017-2018,Engineering and Technology,1,1,1,1,Uttar Pradesh,1
1-3324752264,SAMS INSTITUTE OF HOTEL MANAGEMENT,"BHELKHAN (NEAR VYAS BAGH HANUMAN MANDIR), SHIVPUR - AIRPORT ROAD, VARANASI 221003",VARANASI,Unaided - Private,N,N,1-23602414,fetchdata,2017-2018,Engineering and Technology,1,1,1,1,Uttar Pradesh,1
1-3324795735,GOVERNMENT POLYTECHNIC PRATAPGARH,SULTANPUR ROAD,PRATAPGARH,Government,N,N,1-501163661,fetchdata,2017-2018,Engineering and Technology,1,1,1,1,Uttar Pradesh,1
1-3324797901,"FACULTY OF ENGINEERING & TECHNOLOGY,AGRA COLLEGE,AGRA","FET,AGRA COLLEGE,AGRA
MOTI KATRA ROAD,
M.G ROAD AGRA.",AGRA,Unaided - Private,N,N,1-2647213,fetchdata,2017-2018,Engineering and Technology,1,1,1,1,Uttar Pradesh,1
1-3324798346,"ARYAN INSTITUTE OF TECHNOLOGY, GHAZIABAD","13 KM STONE, NH-24, JINDAL NAGAR, GHAZIABAD",GHAZIABAD,Unaided - Private,N,N,1-20121091,fetchdata,2017-2018,Engineering and Technology,1,1,1,1,Uttar Pradesh,1
1-3324891051,K.P. ENGINEERING COLLEGE,"ETMADPUR
NH-2, AGRA - FIROZABAD ROAD
AGRA -283202",AGRA,Unaided - Private,N,N,1-4518381,fetchdata,2017-2018,Engineering and Technology,1,1,1,1,Uttar Pradesh,1
1-3324932143,"GOVERNMENT POLYTECHNIC , KOTVAN , MATHURA","KOTVAN , KOSI , MATHURA",MATHURA,Government,N,N,1-2852857111,fetchdata,2017-2018,Engineering and Technology,1,1,1,1,Uttar Pradesh,1
1-3324971877,INSTITUTE OF ENGG. & RURAL TECHNOLOGY,"26, CHATHAM LINE",ALLAHABAD,Govt aided,N,N,1-495597721,fetchdata,2017-2018,Engineering and Technology,1,1,1,1,Uttar Pradesh,1
1-3324974977,SAROJ COLLEGE OF ENGINEERING AND POLYTECHNIC,"CHAND SARAI, 
NEAR
GOSAINGANJ
SULTANPUR ROAD
LUCKNOW",LUCKNOW,Unaided - Private,N,N,1-2105664791,fetchdata,2017-2018,Engineering and Technology,1,1,1,1,Uttar Pradesh,1
1-3325030318,SANSKAR COLLEGE OF ENGINEERING AND TECHNOLOGY,"SHREE GANPATI KNOWLEDGE PARK, OPP. JINDAL PIPES LTD., NH-24, JINDAL NAGAR, GHAZIABAD",GHAZIABAD,Unaided - Private,N,N,1-10573051,fetchdata,2017-2018,Engineering and Technology,1,1,1,1,Uttar Pradesh,1
1-3325030820,P.K.POLYTECHNIC,"HATHRAS ROAD, MISHRI, SONAI , MATHURA",MATHURA,Unaided - Private,N,N,1-404574931,fetchdata,2017-2018,Engineering and Technology,1,1,1,1,Uttar Pradesh,1
1-3325032207,HASTINAPUR INSTITUTE OF TECHNOLOGY & MANAGEMENT,"HASTINAPUR ROAD 

VILAGE GANESHPUR
TEHSIL MAWANA",MEERUT,Unaided - Private,N,N,1-831614121,fetchdata,2017-2018,Engineering and Technology,1,1,1,1,Uttar Pradesh,1
1-3325053757,ACCURATE INSTITUTE OF POLYTECHNIC,"PLOT NO 49
KNOWLEDGE PARK-III
GREATER NOIDA",GAUTAM BUDDHA NAGAR,Unaided - Private,N,N,1-2888693061,fetchdata,2017-2018,Engineering and Technology,1,1,1,1,Uttar Pradesh,1
1-3324548703,PRASAD POLYTECHNIC,"PUNCH-HATTIA 
SADAR",JAUNPUR,Unaided - Private,N,N,1-479655381,fetchdata,2017-2018,Engineering and Technology,1,1,1,1,Uttar Pradesh,1
1-3324581490,K.S. INSTITUTE OF MANAGEMENT & TECHNOLOGY,KARODI ROAD,MUZAFFARNAGAR,Unaided - Private,N,N,1-747960624,fetchdata,2017-2018,Engineering and Technology,1,1,1,1,Uttar Pradesh,1
1-3324629161,VISION INSTITUTE OF TECHNOLOGY,"HATHIPUR, MAHRAJPUR
NH-2
KNAPUR",KANPUR NAGAR,Unaided - Private,N,N,1-7309818,fetchdata,2017-2018,Engineering and Technology,1,1,1,1,Uttar Pradesh,1
1-3324666770,SP MEMORIAL INSTITUTE TECHNOLOGY,"G.T.KANPUR ROAD, KAUSHAMBI, ALLAHABAD",ALLAHABAD,Unaided - Private,N,N,1-12974226,fetchdata,2017-2018,Engineering and Technology,1,1,1,1,Uttar Pradesh,1
1-3324710347,JANHIT INSTITUTE OF TECHONOLY,"GANGALI, ROORKEE - CHUTMALPUR ROAD, SAHARANPR",SAHARANPUR,Unaided - Private,N,N,1-1556632501,fetchdata,2017-2018,Engineering and Technology,1,1,1,1,Uttar Pradesh,1
1-3324755211,KUNAL PROFESSIONAL EDUCATION ACADEMY,"TEHRA,GWALIOR ROAD,TEHSIL KHERAGARH AGRA",AGRA,Unaided - Private,N,N,1-496788751,fetchdata,2017-2018,Engineering and Technology,1,1,1,1,Uttar Pradesh,1
1-3324755493,S.V.M. TECHNICAL INSTITUTE,"LALGANJ, PRATAPGARH",PRATAPGARH,Unaided - Private,N,N,1-2507214871,fetchdata,2017-2018,Engineering and Technology,1,1,1,1,Uttar Pradesh,1
1-3324799951,SCHOOL OF MANAGEMENT SCIENCES,"KASIMPUR BIRUHA,
POST - KASIMPUR,
GOSAINGANJ, LUCKNOW SULTANPUR ROAD,
TEHSIL - MOHANLAL GANJ, LUCKNOW 227125",LUCKNOW,Unaided - Private,N,N,1-6147591,fetchdata,2017-2018,Engineering and Technology,1,1,1,1,Uttar Pradesh,1
1-3324800659,INSTITUTE OF TECHNOLOGY & MANAGEMENT(341),"ALIGARH PALAWAL DELHI ROAD 
KARSUA ALIGARH",ALIGARH,Unaided - Private,N,N,1-5715647,fetchdata,2017-2018,Engineering and Technology,1,1,1,1,Uttar Pradesh,1
1-3324848557,B.N. COLLEGE OF ENGINEERING & TECHNOLOGY(BNCET),"N.H. - 24
SITAPUR ROAD, BAKSHI KA TALAAB
LUCKNOW
226021",LUCKNOW,Unaided - Private,N,N,1-6174053,fetchdata,2017-2018,Engineering and Technology,1,1,1,1,Uttar Pradesh,1
1-3324894859,GOVERNMENT POLYTECHNIC PUWAYAN,NEAR GANNA KISAAN DEGREE COLLEGE JEWA ROAD,SHAHJAHANPUR,Government,N,N,1-2102055171,fetchdata,2017-2018,Engineering and Technology,1,1,1,1,Uttar Pradesh,1
1-3325032681,"M. M. I. T., AURAIYA","SEHUD, AURAIYA",AURAIYA,Government,N,N,1-2855559131,fetchdata,2017-2018,Engineering and Technology,1,1,1,1,Uttar Pradesh,1
1-3325032737,MGA INSTITUTE OF POLYTECHNIC,"ARAZI NO- 945
PURWAMEER,
BLOCK SARSAUL,
KANPUR-209402",KANPUR NAGAR,Unaided - Private,N,N,1-2849220101,fetchdata,2017-2018,Engineering and Technology,1,1,1,1,Uttar Pradesh,1
1-3325035961,R. R. INSTITUTE OF MODERN POLYTECHNIC,"VILL-BHAISAMAU, NH-24, BAKSHI KA TALAB, SITAPUR ROAD, LUCKNOW-226201",LUCKNOW,Unaided - Private,N,N,1-2849240381,fetchdata,2017-2018,Engineering and Technology,1,1,1,1,Uttar Pradesh,1
1-3325056949,GOVT. POLYTECHNIC  SANTKABIR NAGAR (CENTRAL AIDED),"GOVT. POLYTECHNIC SIRSI, DHANGHATA    SANT KABIR NAGAR",SANT KABIR NAGAR,Government,N,N,1-2863779331,fetchdata,2017-2018,Engineering and Technology,1,1,1,1,Uttar Pradesh,1
1-3325057053,MMIT SIDDHARATHNAGAR,MMIT BANSI SIDDHARATHNAGAR,SIDDHARTHNAGAR,Government,N,N,1-2861912261,fetchdata,2017-2018,Engineering and Technology,1,1,1,1,Uttar Pradesh,1
1-3324549421,ESHAN COLLEGE OF ENGINEERING,"SAHZADPUR PAURI, NH-2, AGRA-MATHURA HIGHWAY, MATHURA (U.P.)",MATHURA,Unaided - Private,N,N,1-5354601,fetchdata,2017-2018,Engineering and Technology,1,1,1,1,Uttar Pradesh,1
1-3324549903,"GOVERNMENT POLYTECHNIC, GORAKHPUR","OPPOSITE- N.E.RAILWAY MECHANICAL WORKSHOP, NEAR- ASURAN CHOWK, GORAKHPUR",GORAKHPUR,Government,N,N,1-496078411,fetchdata,2017-2018,Engineering and Technology,1,1,1,1,Uttar Pradesh,1
1-3324550177,INFINITY INSTITUTE OF MANAGEMENT & TECHNOLOGY,"OPP- RADHA SWAMI SATSUNG BHAWAN, MUZAFFARNAGAR ROAD",SAHARANPUR,Unaided - Private,N,N,1-525400571,fetchdata,2017-2018,Engineering and Technology,1,1,1,1,Uttar Pradesh,1
1-3324550431,SHAMBHUNATH INSTITUTE OF ENGINEERING & TECHNOLOGY,"JHALWA, NEAR IIIT, ALLAHABAD",ALLAHABAD,Unaided - Private,N,N,1-10813514,fetchdata,2017-2018,Engineering and Technology,1,1,1,1,Uttar Pradesh,1
1-3324583224,D.N.S. COLLEGE OF ENGINEERING & TECHNOLOGY,"NH-24
DIDAULI,
AMROHA",J P NAGAR,Unaided - Private,N,N,1-7750107,fetchdata,2017-2018,Engineering and Technology,1,1,1,1,Uttar Pradesh,1
1-3324583827,SAMBHAL COLLEGE OF ENGINEERING & MANAGEMENT,"BILALPATH, SAMBHAL, DISTT.-SAMBHAL",MORADABAD,Unaided - Private,N,Y,1-2499361731,fetchdata,2017-2018,Engineering and Technology,1,1,1,1,Uttar Pradesh,1
1-3324629640,NEELKANTH INSTITUTE OF ENGINEERING & TECHNOLOGY,"NH-58, NEAR SVBP AGRICULTURE UNIVERSITY, MODIPURAM, MEERUT",MEERUT,Unaided - Private,N,N,1-462354711,fetchdata,2017-2018,Engineering and Technology,1,1,1,1,Uttar Pradesh,1
1-3324672310,DR. B.R. AMBEDKAR POLYTECHNIC,"PREMBAGH, SHYAMLAL KI BAGIYA, GWALIOR ROAD",AGRA,Unaided - Private,N,N,1-475734621,fetchdata,2017-2018,Engineering and Technology,1,1,1,1,Uttar Pradesh,1
1-3324710519,R K POLYTECHNIC,"GARH ROAD,
KITHORE,
DISTT-MEERUT",MEERUT,Unaided - Private,N,Y,1-512619431,fetchdata,2017-2018,Engineering and Technology,1,1,1,1,Uttar Pradesh,1
1-3324710855,GOVT POLYTECHNIC  TUNDLA,"PAHARIPUR BHONDELA,TUNDLA",FIROZABAD,Government,N,N,1-1605311911,fetchdata,2017-2018,Engineering and Technology,1,1,1,1,Uttar Pradesh,1
1-3324755659,BABU BANARASI DAS NORTHERN INDIA INSTITUTE OF TECHNOLOGY,"SECTOR-II, DR. AKHILESH DAS NAGAR, FAIZABAD ROAD,CHINHAT",LUCKNOW,Unaided - Private,N,N,1-12993504,fetchdata,2017-2018,Engineering and Technology,1,1,1,1,Uttar Pradesh,1
1-3324763080,GOVERNMENT POLYTECHNIC BAHRAICH,"ASSAM CHAURAHA,
BHINGA ROAD,
KALPIPARA",BAHRAICH,Government,N,N,1-486305231,fetchdata,2017-2018,Engineering and Technology,1,1,1,1,Uttar Pradesh,1
1-3400514101,KASHINATH INSTITUTE OF POLYTECHNIC,"VILLAGE- NARAYANPUR KAKARAHI, POST- DAULATPUR, GHAZIPUR",GHAZIPUR,Unaided - Private,N,N,,fetchdata,2017-2018,Engineering and Technology,1,1,1,1,Uttar Pradesh,1
1-3333440825,BABA BINDESHWARI SINGH INSTITUTE OF TECHNOLOGY AND MANAGEMENT,"MURDAHA, SINDHORA ROAD",VARANASI,Unaided - Private,N,N,1-450600351,fetchdata,2017-2018,Engineering and Technology,1,1,1,1,Uttar Pradesh,1
1-3333441041,UNITED INSTITUTE OF TECHNOLOGY,"D-3 UPSIDC INDUSTRIAL AREA, NAINI",ALLAHABAD,Unaided - Private,N,N,1-5284031,fetchdata,2017-2018,Engineering and Technology,1,1,1,1,Uttar Pradesh,1
1-3328073035,"KAMLA NEHRU INSTITUTE OF TECHNOLOGY , SULTANPUR","KAMLA NEHRU INSTITUTE OF TECHNOLOGY, SULTANPUR
228118 (U.P)",SULTANPUR,Govt aided,N,N,1-9932280,fetchdata,2017-2018,Engineering and Technology,1,1,1,1,Uttar Pradesh,1
1-3328073899,IEC GROUP OF INSTITUTIONS,"PLOT NO.-4&11, K.P.-1&3, GREATER NOIDA",GAUTHAM BUDDHA NAGAR,Unaided - Private,N,N,1-6641291,fetchdata,2017-2018,Engineering and Technology,1,1,1,1,Uttar Pradesh,1
1-3333441994,NARAINA VIDYA PEETH ENGINEERING & MANAGEMENT INSTITUTE,"GANGAGANJ, PANKI, KANPUR-208020 (UP) INDIA",KANPUR NAGAR,Unaided - Private,N,N,1-7058815,fetchdata,2017-2018,Engineering and Technology,1,1,1,1,Uttar Pradesh,1
1-3328079018,A.D.R.S. INSTITUTE OF TECHNOLOGY & MANAGEMENT,"G.T. ROAD, TEH.-GABHANA,
ALIGARH",ALIGARH,Unaided - Private,N,N,1-506058351,fetchdata,2017-2018,Engineering and Technology,1,1,1,1,Uttar Pradesh,1
1-3333442943,BABU BANARSI DAS INSTITUTE OF ENGINEERING TECHNOLOGY & RESEARCH CENTRE,"25TH KM, ON BULANDSHAHR ANOOPSHAHR ROAD, NEAR JAHANGIRABAD, BULANDSHAHR, (NATIONAL CAPITAL REGION) 202391",BULANDSHAHAR,Unaided - Private,N,N,1-8654601,fetchdata,2017-2018,Engineering and Technology,1,1,1,1,Uttar Pradesh,1
1-3333443628,SR INSTITUTE OF MANAGEMENT& TECHNOLOGY,"BHAISAMAU, BAKSHI KA TALAB, LUCKNOW",LUCKNOW,Unaided - Private,N,N,1-21788371,fetchdata,2017-2018,Engineering and Technology,1,1,1,1,Uttar Pradesh,1
1-3328079731,RAM-EESH INSTITUTE OF ENGINEERING AND TECHNOLOGY,"PLOT NO.3,KNOWLEDGE PARK-I,KASNA ROAD,GREATER NOIDA (U.P-201310)",GAUTHAM BUDDHA NAGAR,Unaided - Private,N,N,1-3931981,fetchdata,2017-2018,Engineering and Technology,1,1,1,1,Uttar Pradesh,1
1-3328081055,"GOVERNMENT POLYTECHNIC, MAU","VILLAGE- KANDHERI  NEAR DOORDASHERSN KENDRA , MAU",MAU,Government,N,N,1-482121751,fetchdata,2017-2018,Engineering and Technology,1,1,1,1,Uttar Pradesh,1
1-3333444590,PRAYAG INSTITUTE OF TECHNOLOGY AND MANAGEMENT,"ALLAHABAD - MIRZAPUR ROAD
BENDO, KARCHHANA",ALLAHABAD,Unaided - Private,N,N,1-8548971,fetchdata,2017-2018,Engineering and Technology,1,1,1,1,Uttar Pradesh,1
1-3333445036,BEACON INSTITUTE OF TECHNOLOGY,"BY PASS ROAD PARTAPUR, MEERUT",MEERUT,Unaided - Private,N,N,1-483969241,fetchdata,2017-2018,Engineering and Technology,1,1,1,1,Uttar Pradesh,1
1-3328081375,"FACULTY OF ENGINEERING & TECHNOLOGY, R.B.S.COLLEGE, BICHPURI CAMPUS, AGRA.","BICHPURI CAMPUS, BICHPURI, AGRA.",AGRA,Unaided - Private,N,N,1-5933071,fetchdata,2017-2018,Engineering and Technology,1,1,1,1,Uttar Pradesh,1
1-3333445442,SHRI GIRRAJ MAHARAJ POLYTECHNIC COLLEGE,"7KM, MATHURA-BHRATPUR STATE HIGHWAY, VIILL.-MUNDESI,P.O.-DHANGAON. MATHURA",MATHURA,Unaided - Private,N,N,1-474806531,fetchdata,2017-2018,Engineering and Technology,1,1,1,1,Uttar Pradesh,1
1-3333445755,HEERA LAL YADAV INSTITUTE OF TECHNOLOGY AND MANAGEMENT,"VILLAGE AHMEDPUR (KAMLAPUR),",LUCKNOW,Unaided - Private,N,N,1-7695191,fetchdata,2017-2018,Engineering and Technology,1,1,1,1,Uttar Pradesh,1
1-3333446008,NEW ERA COLLEGE OF SC. & TECH. GHAZIABAD,"616,BHIKANPUR,
MEERUT ROAD, GHAZIABAD",GHAZIABAD,Unaided - Private,N,N,1-419864321,fetchdata,2017-2018,Engineering and Technology,1,1,1,1,Uttar Pradesh,1
1-3328085182,RADHA GOVIND GROUP OF INSTITUTIONS,"ANUYOGIPURAM,
GARH ROAD",MEERUT,Unaided - Private,N,N,1-3799173,fetchdata,2017-2018,Engineering and Technology,1,1,1,1,Uttar Pradesh,1
1-3328087162,ROORKEE ENGINEERING & MANAGEMENT TECHNOLOGY INSTITUTE,"8-K.M., SHAMLI-PANIPAT ROAD, STATE HIGHWAY-12,
(NEAR MANNA MAZRA), SHAMLI-247774.
DISTRICT MUZAFFARNAGAR. (U.P.).",MUZAFFARNAGAR,Unaided - Private,N,N,1-3328804,fetchdata,2017-2018,Engineering and Technology,1,1,1,1,Uttar Pradesh,1
1-3333447684,DR. RIZVI COLLEGE OF ENGINEERING,"DR. RIZVI EDUCATIONAL COMPLEX, KARARI, KAUSHAMBI",KAUSHAMBI,Unaided - Private,N,Y,1-460509291,fetchdata,2017-2018,Engineering and Technology,1,1,1,1,Uttar Pradesh,1
1-3333448121,INSTITUTE OF TECHNOLOGY AND MANAGEMENT,"VILL CHEHARI
MAHARJGANJ",MAHARAJGANJ,Unaided - Private,N,N,1-10176721,fetchdata,2017-2018,Engineering and Technology,1,1,1,1,Uttar Pradesh,1
1-3328089713,MADAN MOHAN MALAVIYA UNIVERSITY OF TECHNOLOGY,"MADAN MOHAN MALAVIYA ENGINEERING COLLEGE
DEORIA ROAD 
GORAKHPUR-273010",GORAKHPUR,Govt aided,N,N,1-5435425,fetchdata,2017-2018,Engineering and Technology,1,1,1,1,Uttar Pradesh,1
1-3333448697,"CHHATRAPATI SHAHUJI MAHARAJ COLLEGE OF ENGINEERING & TECHNOLOGY,","8TH MILE STONE, REWA ROAD
IRADATGANJ, GHOORPUR
ALLAHABAD",ALLAHABAD,Unaided - Private,N,N,1-8693693,fetchdata,2017-2018,Engineering and Technology,1,1,1,1,Uttar Pradesh,1
1-3328094581,BSA COLLEGE OF ENGINEERING & TECHNOLOGY,"NEAR NEW BUS STAND
BHUTESHWAR ROAD
MATHURA (UP)",MATHURA,Unaided - Private,N,N,1-6777301,fetchdata,2017-2018,Engineering and Technology,1,1,1,1,Uttar Pradesh,1
1-3328095497,SRI SRI INSTITUTE OF TECHNOLOGY & MANAGEMENT,"SALAI ROAD , VILL. FATEHPUR .KASGANJ,KANSHIRAMNAGAR U.P.",KANSHI RAM NAGAR,Unaided - Private,N,N,1-20428711,fetchdata,2017-2018,Engineering and Technology,1,1,1,1,Uttar Pradesh,1
1-3333427491,INSTITUTE OF ADVANCED MANAGEMENT & TECHNOLOGY,"MOHAN NAGAR, KILA PARIKSHITGARH ROAD, ABDULLAPUR",MEERUT,Unaided - Private,N,N,1-10509624,fetchdata,2017-2018,Engineering and Technology,1,1,1,1,Uttar Pradesh,1
1-3333427674,ANJANA INSTITUTE OF TECHNICAL EDUCATION,"VILL-SANKROULI,
MADUPUR POST-AJGARA,PRATAPGARH",PRATAPGARH,Unaided - Private,N,N,1-493198401,fetchdata,2017-2018,Engineering and Technology,1,1,1,1,Uttar Pradesh,1
1-3333428002,ALIGARH COLLEGE OF ENGINEERING AND TECHNOLOGY,"3 KM FROM SASNI GATE,
AT ALIGARH-MATHURA ROAD,
ALIGARH.",ALIGARH,Unaided - Private,N,N,1-9275577,fetchdata,2017-2018,Engineering and Technology,1,1,1,1,Uttar Pradesh,1
1-3333450757,MAHARANA PRATAAP COLLEGE OF ENGINEERING,"KALYANPUR-BITHOOR ROAD, BAIKUNTHPUR, KANPUR",KANPUR NAGAR,Unaided - Private,N,N,1-8860461,fetchdata,2017-2018,Engineering and Technology,1,1,1,1,Uttar Pradesh,1
1-3323072431,"GOVERNMENT POLYTECHNIC, ALIYA, SITAPUR","VILL- SARAIJEET, PARGANA AND TAHSIL- SITAPUR",SITAPUR,Government,N,N,1-2875892471,fetchdata,2017-2018,Engineering and Technology,1,1,1,1,Uttar Pradesh,1
1-3333429191,ABSS INSTITUTE OF TECHNOLOGY,"SALARPUR, MAWANA ROAD, MEERUT,U.P",MEERUT,Unaided - Private,N,N,1-5924881,fetchdata,2017-2018,Engineering and Technology,1,1,1,1,Uttar Pradesh,1
1-3333451289,RISHI RAMNARESH TECHNICAL INSTITUTE,"VILL+ PO - MOLANAPUR (DUBARI)
TEHSHIL MADHUBAN",MAU,Unaided - Private,N,N,1-460724781,fetchdata,2017-2018,Engineering and Technology,1,1,1,1,Uttar Pradesh,1
1-3328101885,ABES ENGINEERING COLLEGE,"CAMPUS -1,             19TH KM STONE DELHI HAPUR BY PASS ROAD
N.H.-24                 VIJAY NAGAR",GHAZIABAD,Unaided - Private,N,N,1-6248771,fetchdata,2017-2018,Engineering and Technology,1,1,1,1,Uttar Pradesh,1
1-3328103548,DEV RISHI INSTITUTE OF POLYTECHNIC & TECHNOLOGY,"# 223,KHAND 2, VILLAGE-SALHAPUR, NAKUR",SAHARANPUR,Unaided - Private,N,N,1-809075111,fetchdata,2017-2018,Engineering and Technology,1,1,1,1,Uttar Pradesh,1
1-3329004979,GOVERNMENT POLYTECHNIC MIRZAPUR,"REEWA ROAD
BATHUA
MIRZAPUR",MIRZAPUR,Government,N,N,1-495532861,fetchdata,2017-2018,Engineering and Technology,1,1,1,1,Uttar Pradesh,1
1-3333430202,HANSWAHINI INSTITUTE OF SCIENCE & TECHNOLOGY,"MAHUARI CHAKIA
POST:NIBI
NAINI",ALLAHABAD,Unaided - Private,N,N,1-477826721,fetchdata,2017-2018,Engineering and Technology,1,1,1,1,Uttar Pradesh,1
1-3333430794,BAKHSHI POLYTECHNIC,"MUJAR MACHHLI SHAHAR JAUNPUR, U.P.",JAUNPUR,Unaided - Private,N,N,1-453167813,fetchdata,2017-2018,Engineering and Technology,1,1,1,1,Uttar Pradesh,1
1-3333451857,SHANTI INSTITUTE OF TECHNOLOGY (DIPLOMA IN ENGINEERING),"VILL+POST- KURALI, BAGHPAT ROAD, MEERUT",MEERUT,Unaided - Private,N,N,1-460238021,fetchdata,2017-2018,Engineering and Technology,1,1,1,1,Uttar Pradesh,1
1-3328054896,ZAKIR HUSAIN COLLEGE OF ENGINEERING & TECHNOLOGY,ZAKIR HUSAIN COLLEGE OF ENGINEERIING & TECHNOLOGY ALIGARH MUSLIM UNIVERSITY ALIGARH - 202002,ALIGARH,Central University,N,N,1-2519321631,fetchdata,2017-2018,Engineering and Technology,1,1,1,1,Uttar Pradesh,1
1-3375683031,GOVERNMENT POLYTECHNIC HINDALPUR,"GOVERNMENT POLYTECHNIC, HINDALPUR, DHOLANA, (HAPUR)",GHAZIABAD,Government,N,N,,fetchdata,2017-2018,Engineering and Technology,1,1,1,1,Uttar Pradesh,1
1-3328103839,DEWAN V.S. INSTITUTE OF ENGINEERING & TECHNOLOGY,"BY- PASS ROAD, PARTAPUR",MEERUT,Unaided - Private,N,N,1-7459631,fetchdata,2017-2018,Engineering and Technology,1,1,1,1,Uttar Pradesh,1
1-3329005874,IIMT COLLEGE OF ENGINEERING,"PLOT NO A-20, KP-III, GREATER NOIDA",GAUTAM BUDDHA NAGAR,Unaided - Private,N,N,1-7435011,fetchdata,2017-2018,Engineering and Technology,1,1,1,1,Uttar Pradesh,1
1-3329006876,AMARDEEP COLLEGE OF ENGINEERING & MANAGEMENT,7TH KM. STONE JALESAR ROAD,FIROZABAD,Unaided - Private,N,N,1-10088401,fetchdata,2017-2018,Engineering and Technology,1,1,1,1,Uttar Pradesh,1
1-3333432661,BHABHA INSTITUTE OF SCIENCE AND TECHNOLOGY,ONAHA RASULABAD ROAD KANPUR DEHAT-209204,RAMABAI NAGAR (KANPUR DEHAT),Unaided - Private,N,N,1-39607283,fetchdata,2017-2018,Engineering and Technology,1,1,1,1,Uttar Pradesh,1
1-3333452940,CBS COLLEGE OF POLYTECHNIC,"C.B.S COLLEGE OF POLYTECHIC, VILLEGE-POIYA,PILI POKHAR, ALIGARH ROAD, AGRA-282006",AGRA,Unaided - Private,N,N,1-751030791,fetchdata,2017-2018,Engineering and Technology,1,1,1,1,Uttar Pradesh,1
1-3333453236,"SHANTI INSTITUTE OF TECHNOLOGY (B.TECH,CS, IT, EC, ME, CE, EE) & MBA","SHANTI PURAM, KURALI BAGHPAT ROAD, MEERUT- 250501",MEERUT,Unaided - Private,N,N,1-5285551,fetchdata,2017-2018,Engineering and Technology,1,1,1,1,Uttar Pradesh,1
1-3328055646,H.R.C.T. GROUP OF INSTITUTIONS,"7TH KM STONE, DELHI-MEERUT ROAD, MORTA, GHAZIABAD",GHAZIABAD,Unaided - Private,N,N,1-460901471,fetchdata,2017-2018,Engineering and Technology,1,1,1,1,Uttar Pradesh,1
1-3329007667,AMBITION INSTITUTE OF TECHNOLOGY,"G.T. ROAD, PARAO,NEAR PUNEET AUTOMOBILES",VARANASI,Unaided - Private,N,N,1-450289281,fetchdata,2017-2018,Engineering and Technology,1,1,1,1,Uttar Pradesh,1
1-3329010490,"GOVERNMENT POLYTECHNIC , JHANSI","GWALIOR ROAD
JHANSI",JHANSI,Government,N,N,1-491388531,fetchdata,2017-2018,Engineering and Technology,1,1,1,1,Uttar Pradesh,1
1-3333433986,BANARAS INSTITUTEOF POLYTECHNIC & ENGINEERING,VILLAGE GAJOKHAR POST PARSARA PHOOLPUR,VARANASI,Unaided - Private,N,N,1-488233171,fetchdata,2017-2018,Engineering and Technology,1,1,1,1,Uttar Pradesh,1
1-3328058137,BABA SAHEB  DR. BHIMRAO AMBEDKAR GOVERNMENT POLYTECHNIC HAIDARPUR AURAIYA,HAIDARPUR AURAIYA,AURAIYA,Government,N,N,1-506782631,fetchdata,2017-2018,Engineering and Technology,1,1,1,1,Uttar Pradesh,1
1-3329010829,SAI NATH COLLEGE,"NEAR BHOLE BABA DAIRY, SHAMSHABAD ROAD, BAROLI AHEER, AGRA",AGRA,Unaided - Private,N,N,1-450941581,fetchdata,2017-2018,Engineering and Technology,1,1,1,1,Uttar Pradesh,1
1-3333434309,DREAMS COLLEGE OF POLYTECHNIQUE,5TH KM MILESTONE JANTA ROAD SAHARANPUR,SAHARANPUR,Unaided - Private,N,N,1-784811821,fetchdata,2017-2018,Engineering and Technology,1,1,1,1,Uttar Pradesh,1
1-3333435463,GLOBAL GROUP OF INSTITUTIONS,"VILLAGE PURSENI, TEHSIL-MOHANLALGANJ, DISTT. LUCKNOW-227305",LUCKNOW,Unaided - Private,N,N,1-3260061,fetchdata,2017-2018,Engineering and Technology,1,1,1,1,Uttar Pradesh,1
1-3328058420,"S.D.COLLEGE OF ENGG. & TECH.,","JANSATH ROAD,",MUZAFFARNAGAR,Unaided - Private,N,N,1-5880891,fetchdata,2017-2018,Engineering and Technology,1,1,1,1,Uttar Pradesh,1
1-3328058890,SANJAY GANDHI POLYTECHNIC,"ROAD NO.- 4
INDUSTRIAL AREA JAGDISHPUR",AMETHI,Government,N,N,1-475212911,fetchdata,2017-2018,Engineering and Technology,1,1,1,1,Uttar Pradesh,1
1-3333436014,FIT ENGINEERING COLLEGE,"KASERU BUXAR, GREEN PARK, MAWANA ROAD, MEERUT",MEERUT,Unaided - Private,N,N,1-16992934,fetchdata,2017-2018,Engineering and Technology,1,1,1,1,Uttar Pradesh,1
1-3333436481,UNITED COLLEGE OF ENGINEERING & MANAGEMENT,"D-2 UPSIDC INDUSTRIAL AREA, NAINI,
ALLAHABAD",ALLAHABAD,Unaided - Private,N,N,1-6249736,fetchdata,2017-2018,Engineering and Technology,1,1,1,1,Uttar Pradesh,1
1-3333437063,"SRMS COLLEGE OF ENGINEERING & TECHNOLOGY, UNNAO","35 KM. STONE 
LUCKNOW-KANPUR HIGHWAY",UNNAO,Unaided - Private,N,N,1-425510491,fetchdata,2017-2018,Engineering and Technology,1,1,1,1,Uttar Pradesh,1
1-3333437792,MASS COLLEGE OF ENGINEERING & MANAGEMENT,"VILLAGE & POST SUSYANT KALA, ALIGARH-AGRA ROAD,
NEAR MANGALATAYAN, SASNI, HATHRAS",HATHRAS,Unaided - Private,N,N,1-7852236,fetchdata,2017-2018,Engineering and Technology,1,1,1,1,Uttar Pradesh,1
1-3333439143,SHRI KASHI CHANDRA DEV YADAV PRAVIDHIK SHIKSHAN SANSTHAN,"VILLAGE- HAZIPUR POST- BAMHAUR, SADAR, AZAMGARH",AZAMGARH,Unaided - Private,N,N,1-465683701,fetchdata,2017-2018,Engineering and Technology,1,1,1,1,Uttar Pradesh,1
1-3328069287,SHRI RAMDEVI RAMDAYAL TRIPATHI MAHILAPOLYTECHNIC SAKET NAGAR KANPUR,781 W-1 SAKET NAGAR,KANPUR NAGAR,Govt aided,Y,N,1-513224101,fetchdata,2017-2018,Engineering and Technology,1,1,1,1,Uttar Pradesh,1
1-3330273236,DIGAMBER JAIN POLYTECHNIC BARAUT,"BARKA ROAD,  BARAUT
BAGHPAT",BAGPAT,Govt aided,N,N,1-512597581,fetchdata,2017-2018,Engineering and Technology,1,1,1,1,Uttar Pradesh,1
1-3333439891,DR. BHEEM RAO AMBEDKAR POLYTECHNIC COLLEGE,VILL.- MARDAPUR POST SADAT,GHAZIPUR,Unaided - Private,N,N,1-514424411,fetchdata,2017-2018,Engineering and Technology,1,1,1,1,Uttar Pradesh,1
1-3333440221,ASHOKA INSTITUTE OF TECHNOLOGY AND MANAGEMENT,"AKTHA,SARNATH,VARANASI.",VARANASI,Unaided - Private,N,N,1-5716861,fetchdata,2017-2018,Engineering and Technology,1,1,1,1,Uttar Pradesh,1
1-3328071000,BABU SANT BUX SHIVMURTI SINGH ENGINEERING AND MEDICO INSTITUTE,"VILL. SANDAWA DUBAN
POST. SAHABGANJ
DISTT. PRATAPGARH
U.P.
230137
PIN 230137",PRATAPGARH,Unaided - Private,N,N,1-455224771,fetchdata,2017-2018,Engineering and Technology,1,1,1,1,Uttar Pradesh,1
1-3328071757,AMBALIKA INSTITUTE OF MANAGEMENT AND TECHNOLOGY,"GRAM TIKRA, MAURAWAN ROAD,MOHANLALGANJ . LUCKNOW",LUCKNOW,Unaided - Private,N,N,1-5498631,fetchdata,2017-2018,Engineering and Technology,1,1,1,1,Uttar Pradesh,1
1-3373244321,SANT RAVIDAS GOVT POLYTECHNIC CHAKIYA CHANDAULI,RAMPUR DHUNNOO KERAM GARAUR,CHANDAULI,Government,N,N,,fetchdata,2017-2018,Engineering and Technology,1,1,1,1,Uttar Pradesh,1
1-3382118561,"GOVERNMENT GIRLS POLYTECHNIC, RISIA, NANPARA, BAHRAICH","GOVERNMENT GIRLS POLYTECHNIC, RISIA, NANPARA, BAHRAICH",BAHRAICH,Government,Y,N,,fetchdata,2017-2018,Engineering and Technology,1,1,1,1,Uttar Pradesh,1
1-3330524419,AZAD INSTITUTE OF ENGINEERING & TECHNOLOGY,"AZADPURAM, ADJACENT CRPF CAMP, POST CHANDRAWAL, BIJNAUR",LUCKNOW,Unaided - Private,N,Y,1-10094951,fetchdata,2017-2018,Engineering and Technology,1,1,1,1,Uttar Pradesh,1
1-3329360510,SHRI KRISHNA COLLEGE OF ENGINEERING,"SINGHAWALI AHIR, BAGHPAT",BAGPAT,Unaided - Private,N,N,1-20200194,fetchdata,2017-2018,Engineering and Technology,1,1,1,1,Uttar Pradesh,1
1-3329384287,"COLLEGE OF ENGINEERING & TECHNOLOGY, IILM ACADEMY OF HIGHER LEARNING","PLOT NO. 17-18, KNOWLEDGE PARK-II
GREATER NOIDA-201306",GAUTAM BUDDHA NAGAR,Unaided - Private,N,N,1-6545116,fetchdata,2017-2018,Engineering and Technology,1,1,1,1,Uttar Pradesh,1
1-3329385196," GOVERNMENT POLYTECHNIC SHAHBAD, RAMPUR","NEAR DEPTY COLLECTOR BUNGLOW, SHAHBAD, RAMPUR, DISTRICT-RAMPUR, U.P.",RAMPUR,Government,N,N,1-1576339441,fetchdata,2017-2018,Engineering and Technology,1,1,1,1,Uttar Pradesh,1
1-3333460701,LITTLE FLOWER POLYTECHNIC,"POST BAG NO. 1
M M M ENGINEERING COLLEGE P.O.
GORAKHPUR",GORAKHPUR,Unaided - Private,N,Y,1-485055081,fetchdata,2017-2018,Engineering and Technology,1,1,1,1,Uttar Pradesh,1
1-3330353806,GALGOTIAS COLLEGE OF ENGINEERING & TECHNOLOGY,"PLOT NO 1, KNOWLEDGE PARK, PHASE II, INSTITUTIONAL AREA,
GREATER NOIDA, UP.",GAUTAM BUDDHA NAGAR,Unaided - Private,N,N,1-21805422,fetchdata,2017-2018,Engineering and Technology,1,1,1,1,Uttar Pradesh,1
1-3330355562,IIMT COLLEGE OF POLYTECHNIC,"PLOT NO- A-20, KNOWLEDGE PARK-III, GREATER NOIDA",GAUTHAM BUDDHA NAGAR,Unaided - Private,N,N,1-773602371,fetchdata,2017-2018,Engineering and Technology,1,1,1,1,Uttar Pradesh,1
1-3330355912,FEROZE GANDHI INSTITUTE OF ENGG. & TECHNOLOGY,"RATAPUR CHURAHA,
RAEBARELI",RAE BARELI,Govt aided,N,N,1-12748731,fetchdata,2017-2018,Engineering and Technology,1,1,1,1,Uttar Pradesh,1
1-3330356530,NEELAM COLLEGE OF ENGINEERING & TECHNOLOGY,"NEELAM COLLEGE OF ENGINEERING & TECHNOLOG,AGRA ,VILL. KORAI,TEHSI L KIROALI,AGRA-JAIPUR NH-11 ,AGRA (U.P)",AGRA,Unaided - Private,N,N,1-6844921,fetchdata,2017-2018,Engineering and Technology,1,1,1,1,Uttar Pradesh,1
1-3330357177,SHIVAM INSTITUTE OF SCIENCE AND TECHNOLOGY,"MAHAWAN ROAD 
MATHURA(NEAR GOPALPUR)",MATHURA,Unaided - Private,N,N,1-429435541,fetchdata,2017-2018,Engineering and Technology,1,1,1,1,Uttar Pradesh,1
1-3330357548,INDERPRASTHA ENGINEERING COLLEGE,"63, SITE-4,SURYA NAGAR, FLYOVER ROAD, SAHIBABAD GHAZIABAD",GHAZIABAD,Unaided - Private,N,N,1-5276325,fetchdata,2017-2018,Engineering and Technology,1,1,1,1,Uttar Pradesh,1
1-3330359007,SETH VISHAMBHAR NATH INSTITUTE OF ENGINEERING & TECHNOLOGY,"19TH KM MILE STONE
DANIYAL PUR, SAFEDABAD.
BARABANKI-225003",BARABANKI,Unaided - Private,N,N,1-13965411,fetchdata,2017-2018,Engineering and Technology,1,1,1,1,Uttar Pradesh,1
1-3330360093,PSIT COLLEGE OF ENGINEERING,"NH-2 KANPUR AGRA NATIONAL HIGHWAY, BHAUTI , KANPUR",KANPUR NAGAR,Unaided - Private,N,N,1-15232571,fetchdata,2017-2018,Engineering and Technology,1,1,1,1,Uttar Pradesh,1
1-3330360828,PSIT-PRANVEER SINGH INSTITUTE OF TECHNOLOGY,"NH-2 KANPUR AGRA NATIONAL HIGHWAY,BHAUTI, KANPUR",KANPUR NAGAR,Unaided - Private,N,N,1-15116411,fetchdata,2017-2018,Engineering and Technology,1,1,1,1,Uttar Pradesh,1
1-3330344524,A.N.A COLLEGE OF ENGINEERING AND MANAGEMENT STUDIES,"VILLAGE KURTARA , AGRAS ROAD, BEHIND RUBBER FACTORY
P.O. BHITAURA BAREILLY - 243501
U.P.",BAREILLY,Unaided - Private,N,N,1-7162981,fetchdata,2017-2018,Engineering and Technology,1,1,1,1,Uttar Pradesh,1
1-3330345477,SACHDEVA INSTITUTE OF TECHNOLOGY,"DELHI- AGRA NATIONALHIGHWAY NO. 2,
VILL. CHAWKIPUR, POST RAIPURA JAT, FARAH,MATHURA",MATHURA,Unaided - Private,N,N,1-9713621,fetchdata,2017-2018,Engineering and Technology,1,1,1,1,Uttar Pradesh,1
1-3330347389,BANSAL INSTITUTE OF ENGINEERING & TECHNOLOGY,"NEAR PAWLI KHAS RAILWAY STATION, MODIPURAM, MEERUT",MEERUT,Unaided - Private,N,N,1-9086181,fetchdata,2017-2018,Engineering and Technology,1,1,1,1,Uttar Pradesh,1
1-3330347904,ABES INSTITUTE OF TECHNOLOGY,"CAMPUS - 2, 
19TH KM STONE, 
NATIONAL HIGHWAY - 24,
 VIJAY NAGAR, 
GHAZIABAD (UP)",GHAZIABAD,Unaided - Private,N,N,1-6708331,fetchdata,2017-2018,Engineering and Technology,1,1,1,1,Uttar Pradesh,1
1-3330363073,SUNRISE INSTITUTE OF ENGINEERING TECHNOLOGY & MANAGEMENT,"KORARI KALA, ACHALGANJ-ROAD, UNNAO",UNNAO,Unaided - Private,N,N,1-22939033,fetchdata,2017-2018,Engineering and Technology,1,1,1,1,Uttar Pradesh,1
1-3330349285,MORADABAD INSTITUTE OF TECHNOLOGY,"RAM GANGA VIHAR PHASE - 2
MORADABAD",MORADABAD,Unaided - Private,N,N,1-6029336,fetchdata,2017-2018,Engineering and Technology,1,1,1,1,Uttar Pradesh,1
1-3381212461,GOVERNMENT POLYTECHNIC MOHAMMADI KHERI,GOLA ROAD MOHAMMADI KHERI,LAKHIMPUR-KHERI,Government,N,N,,fetchdata,2017-2018,Engineering and Technology,1,1,1,1,Uttar Pradesh,1
1-3349902361,"RAJKIYA ENGINEERING COLLEGE,AZAMGARH (FORMERLY MANYAWAR KANSHIRAM ENGINEERING COLLEGE OF INFORMATION TECHNOLOGY,AZAMGARH)","RAJKIYA ENGINEERING COLLEGE, AZAMGARH",AZAMGARH,Government,N,N,,fetchdata,2017-2018,Engineering and Technology,1,1,1,1,Uttar Pradesh,1
1-3401431571,GREATER NOIDA POLYTECHNIC COLLEGE,"PLOT NO. 6-B, KNOWLEDGE PARK - II,",GAUTAM BUDDHA NAGAR,Unaided - Private,N,N,,fetchdata,2017-2018,Engineering and Technology,1,1,1,1,Uttar Pradesh,1
1-3352807771,"MAHAMAYA POLYTECHNIC OF INFORMATION TECHNOLOGY, SHAMLI","MAHAMAYA POLYTECHNIC OF INFORMATION TECHNOLOGY, SHAMLI
GRAM FAZAILPUR, JASALA, BLOCK - KANDHLA, TEHSIL SHAMLI, DISTRICT SHAMLI, UTTAR PRADESH
PIN CODE 247775",SHAMLI,Government,N,N,,fetchdata,2017-2018,Engineering and Technology,1,1,1,1,Uttar Pradesh,1
1-3355729851,"GOVERNMENT POLYTECHNIC,MUJAHANA,HATA,KUSHINAGAR","MUJAHANA,HATA
KUSHINAGAR-274203",KUSHINAGAR,Government,N,N,,fetchdata,2017-2018,Engineering and Technology,1,1,1,1,Uttar Pradesh,1
1-3348013468,J.P. INSTITUTE OF TECHNOLOGY & MANAGEMENT,"4.0 K.M. STONE MOHANLALGANJ KANPUR BYPASS ROAD, VILLAGE- BHASANDA PARGANA- NIGOHA TEHSIL - MOHANLALGANJ, LUCKNOW",LUCKNOW,Unaided - Private,N,N,,fetchdata,2017-2018,Engineering and Technology,1,1,1,1,Uttar Pradesh,1
1-3348014011,GREATER NOIDA INSTITUTE OF TECHNOLOGY,"PLOT NO. 6-C, KNOWLEDGE PARK - II,",GAUTAM BUDDHA NAGAR,Unaided - Private,N,N,,fetchdata,2017-2018,Engineering and Technology,1,1,1,1,Uttar Pradesh,1
1-3348014191,LALSA INSTITUTE OF ENGINEERING & RURAL TECHNOLOGY,"VILLAGE & POST- RAIPUR, TEHSIL- JAKHANIYA, GHAZIPUR(UP)",GHAZIPUR,Unaided - Private,N,N,,fetchdata,2017-2018,Engineering and Technology,1,1,1,1,Uttar Pradesh,1
1-3379553261,JAHANGIRABAD INSTITUTE OF TECHNOLOGY FOR  POLYTECHNIC,"JAHANGIRABAD FORT,JAHANGIRABARABANKI",BARABANKI,Unaided - Private,N,Y,,fetchdata,2017-2018,Engineering and Technology,1,1,1,1,Uttar Pradesh,1
1-3372287821,KRISHNA INSTITUTE OF POLYTECHNIC,"6 MILESTONE, BIJNOR NOORPUR ROAD, BIJNOR",BIJNOR,Unaided - Private,N,N,,fetchdata,2017-2018,Engineering and Technology,1,1,1,1,Uttar Pradesh,1
1-3348018558,A.S.M.POLYTECHNIC,"BSA ENGINEERING COLLEGE ROAD
MATHURA (UP)",MATHURA,Unaided - Private,N,N,,fetchdata,2017-2018,Engineering and Technology,1,1,1,1,Uttar Pradesh,1
1-3348019071,MAHAMAYA POLYTECHNIC FOR INFORMATION TECHNOLOGY,KASGANJ,KASHIRAMNAGAR (KASHGANJ),Government,N,N,,fetchdata,2017-2018,Engineering and Technology,1,1,1,1,Uttar Pradesh,1
1-3348012821,INDRA MOHAN CHAUHAN MEMORIAL POLYTECHNIC,"VILLAGE- TADWA CHAUBEPUR
POST- KARHA
THANA/TEHSIL- MOHAMMADABAD GOHANA",MAU,Unaided - Private,N,N,,fetchdata,2017-2018,Engineering and Technology,1,1,1,1,Uttar Pradesh,1
1-3344998070,RAMA INSTITUTE OF ENGINEERING & TECHNOLOGY,"G.T. ROAD, MANDHANA,
KANPUR",KANPUR NAGAR,Unaided - Private,N,N,1-20654821,fetchdata,2017-2018,Engineering and Technology,1,1,1,1,Uttar Pradesh,1
1-3333840592,AJAY KUMAR GARG ENGINEERING COLLEGE,"27 KM STONE, DELHI-HAPUR BYPASS ROAD,
ADHYATMIK NAGAR,
GHAZIABAD, U.P",GHAZIABAD,Unaided - Private,N,N,1-2893141,fetchdata,2017-2018,Engineering and Technology,1,1,1,1,Uttar Pradesh,1
1-3357858051,ACHARY BALDEV POLYTECHNIC COLLEGE,"VILLAGE- KOPA, POST- PATARAHI, GHAZIPUR",JAUNPUR,Unaided - Private,N,N,,fetchdata,2017-2018,Engineering and Technology,1,1,1,1,Uttar Pradesh,1
1-3357883991,BHAGWATI INSTITUTE OF TECHNOLOGY & SCIENCE,"BHAGWATI KNOWLEDGE PARK, NH 24, DELHI-HAPUR ROAD, NEAR MASAURI CANAL, MASAURI, GHAZIABAD",GHAZIABAD,Unaided - Private,N,N,1-2889771,fetchdata,2017-2018,Engineering and Technology,1,1,1,1,Uttar Pradesh,1
1-3356005921,GOVERNMENT GIRLS POLYTECHNIC,"VILL. JAHANPUR, TEHSIL- TILHAR, POST- NIGOHI",SHAHJAHANPUR,Government,Y,N,,fetchdata,2017-2018,Engineering and Technology,1,1,1,1,Uttar Pradesh,1
1-3359245281,"GOVERNMENT POLYTECHNIC, PURAINA SADAR, MAHARAJGANJ","VILL+PO- PURAINA KHANDI,
TEHSIL- SADAR,  MAHARAJGANJ, U.P. 273302",MAHARAJGANJ,Government,N,N,,fetchdata,2017-2018,Engineering and Technology,1,1,1,1,Uttar Pradesh,1
1-3381574901,GOVERNMENT POLYTECHNIC JAMUNIA DEEH HARAKH (BARABANKI),GOVERNMENT POLYTECHNIC JAMUNIA DEEH HARAKH BARABANKI,BARABANKI,Government,N,N,,fetchdata,2017-2018,Engineering and Technology,1,1,1,1,Uttar Pradesh,1
1-3365419001,AZAD LUCKNOW POLYTECHNIC,"AZADPURAM, ADJACENT CRPF CAMP, PO: CHANDRAWAL, BIJNOUR, LUCKNOW",LUCKNOW,Unaided - Private,N,N,,fetchdata,2017-2018,Engineering and Technology,1,1,1,1,Uttar Pradesh,1
